"Date","Price","Open","High","Low","Vol.","Change %"
"08/17/2026","118.95","119.14","119.25","118.93","16.66K","-0.52%"
"08/14/2026","119.57","119.16","119.75","119.44","33.04K","-0.08%"
"08/13/2026","119.67","119.12","119.74","119.00","79.21K","0.81%"
"08/12/2026","118.70","118.96","118.96","118.26","66.01K","0.28%"
"08/11/2026","118.37","118.14","118.64","118.14","24.63K","0.31%"
"08/10/2026","118.00","117.88","118.18","117.83","55.15K","0.01%"
"08/07/2026","117.99","117.34","118.03","117.34","48.04K","1.05%"
"08/06/2026","116.76","117.25","117.25","116.56","31.96K","-0.45%"
"08/05/2026","117.29","118.11","118.11","117.12","35.73K","-0.33%"
"08/04/2026","117.68","116.17","117.76","115.95","82.79K","1.60%"
"08/03/2026","115.83","115.06","115.83","114.88","81.71K","1.19%"
"07/31/2026","114.47","114.94","114.94","113.90","258.60K","-0.18%"
"07/30/2026","114.68","114.95","114.96","113.39","92.75K","0.06%"
"07/29/2026","114.61","115.44","116.00","114.60","74.67K","-1.08%"
"07/28/2026","115.86","115.08","116.11","115.08","42.53K","0.92%"
"07/27/2026","114.80","114.70","114.83","114.29","31.52K","0.79%"
"07/24/2026","113.90","113.39","114.37","113.39","61.53K","0.78%"
"07/23/2026","113.02","113.00","113.60","112.86","278.80K","-0.41%"
"07/22/2026","113.48","113.74","114.19","113.35","77.17K","-0.13%"
"07/21/2026","113.63","113.52","113.84","113.16","37.71K","0.25%"
"07/20/2026","113.35","114.06","114.09","113.35","18.02K","-0.52%"
"07/17/2026","113.94","114.31","115.17","113.83","37.05K","-0.74%"
"07/16/2026","114.79","114.14","114.85","114.14","349.39K","0.68%"
"07/15/2026","114.01","114.73","114.78","113.78","41.45K","-0.38%"
"07/14/2026","114.45","114.86","115.29","114.35","274.28K","-0.15%"
"07/13/2026","114.62","114.95","115.39","114.42","29.22K","-0.16%"
"07/10/2026","114.81","114.96","115.08","114.57","36.70K","0.15%"
"07/09/2026","114.64","114.31","115.00","114.25","26.12K","0.77%"
"07/08/2026","113.76","114.37","114.37","113.26","16.20K","-1.07%"
"07/07/2026","114.99","115.77","115.97","114.93","47.52K","-0.39%"
"07/06/2026","115.44","115.38","115.61","115.07","48.13K","0.26%"
"07/02/2026","115.14","115.11","115.57","114.24","482.83K","0.54%"
"07/01/2026","114.52","114.19","115.32","114.03","29.51K","0.29%"
"06/30/2026","114.19","113.88","114.49","113.78","79.97K","0.06%"
"06/29/2026","114.12","113.80","114.16","113.34","33.33K","0.56%"
"06/26/2026","113.49","113.05","113.72","112.78","23.79K","0.37%"
"06/25/2026","113.07","113.26","114.21","112.94","18.02K","0.43%"
"06/24/2026","112.59","111.93","113.21","111.93","18.74K","0.54%"
"06/23/2026","111.98","111.50","112.28","111.50","23.87K","-0.47%"
"06/22/2026","112.51","112.42","112.96","112.20","20.94K","0.12%"
"06/18/2026","112.38","112.79","112.93","112.12","26.88K","0.47%"
"06/17/2026","111.85","113.46","114.07","111.71","27.30K","-1.46%"
"06/16/2026","113.51","114.06","114.55","113.50","18.11K","-0.24%"
"06/15/2026","113.78","114.09","114.35","113.71","31.14K","0.42%"
"06/12/2026","113.30","113.18","113.50","112.46","35.03K","0.67%"
"06/11/2026","112.55","111.17","112.87","111.13","27.98K","1.58%"
"06/10/2026","110.80","112.00","112.68","110.79","120.09K","-1.28%"
"06/09/2026","112.24","111.98","113.00","110.39","32.08K","0.72%"
"06/08/2026","111.44","112.30","112.30","111.44","23.69K","-0.13%"
"06/05/2026","111.59","112.75","113.09","111.49","168.68K","-1.56%"
"06/04/2026","113.36","112.87","113.46","112.87","31.54K","0.81%"
"06/03/2026","112.45","112.95","112.95","112.40","298.41K","-0.65%"
"06/02/2026","113.19","112.59","113.24","112.51","22.07K","0.29%"
"06/01/2026","112.86","112.37","113.16","112.24","31.23K","0.19%"
"05/29/2026","112.65","112.40","112.76","112.33","11.36K","0.55%"
"05/28/2026","112.03","111.58","112.39","111.19","23.21K","0.48%"
"05/27/2026","111.50","111.73","111.90","111.47","19.58K","-0.15%"
"05/26/2026","111.67","111.55","111.91","111.40","23.06K","0.59%"
"05/22/2026","111.01","110.55","111.20","110.55","22.72K","1.00%"
"05/21/2026","109.91","108.94","110.00","108.50","33.47K","0.35%"
"05/20/2026","109.53","108.36","109.53","107.95","48.29K","1.32%"
"05/19/2026","108.10","108.40","108.64","107.88","30.64K","-0.55%"
"05/18/2026","108.70","108.38","109.00","108.04","19.02K","0.42%"
"05/15/2026","108.25","108.71","108.82","108.24","25.81K","-1.12%"
"05/14/2026","109.47","109.12","109.80","109.00","43.01K","0.52%"
"05/13/2026","108.91","109.08","109.29","108.56","23.65K","-0.27%"
"05/12/2026","109.21","109.28","109.37","108.46","67.19K","-0.27%"
"05/11/2026","109.51","109.21","109.73","109.21","44.04K","0.18%"
"05/08/2026","109.32","109.56","109.56","108.87","33.37K","0.04%"
"05/07/2026","109.27","110.02","110.02","109.03","26.86K","-0.87%"
"05/06/2026","110.22","109.99","110.34","109.69","24.53K","1.01%"
"05/05/2026","109.12","108.83","109.37","108.61","12.73K","0.78%"
"05/04/2026","108.28","108.66","109.31","108.25","27.53K","-0.50%"
"05/01/2026","108.83","109.24","109.24","108.83","13.99K","0.01%"
"04/30/2026","108.81","107.59","108.85","107.56","25.05K","1.45%"
"04/29/2026","107.26","107.48","107.48","106.90","20.56K","-0.10%"
"04/28/2026","107.37","107.97","108.06","107.21","50.69K","-0.64%"
"04/27/2026","108.06","108.21","108.32","107.99","65.30K","-0.12%"
"04/24/2026","108.19","108.64","108.64","107.87","24.85K","-0.09%"
"04/23/2026","108.28","108.50","108.54","107.18","34.64K","-0.28%"
"04/22/2026","108.59","109.19","109.24","108.25","20.08K","0.15%"
"04/21/2026","108.43","109.47","109.75","108.24","19.43K","-0.58%"
"04/20/2026","109.06","108.44","109.06","108.44","38.69K","0.47%"
"04/17/2026","108.55","108.17","108.98","108.15","47.18K","1.19%"
"04/16/2026","107.27","107.19","107.43","106.85","39.03K","0.49%"
"04/15/2026","106.75","106.85","106.95","106.37","48.91K","0.32%"
"04/14/2026","106.41","106.06","106.53","105.93","23.60K","0.60%"
"04/13/2026","105.78","104.07","105.80","104.06","37.78K","1.55%"
"04/10/2026","104.17","105.00","105.04","104.11","30.04K","-0.68%"
"04/09/2026","104.88","104.69","105.17","104.41","24.70K","-0.18%"
"04/08/2026","105.07","104.97","105.35","104.64","261.69K","2.30%"
"04/07/2026","102.71","102.53","102.92","102.17","26.85K","-0.20%"
"04/06/2026","102.92","102.45","102.95","102.45","36.85K","0.36%"
"04/02/2026","102.55","100.96","102.83","100.78","44.86K","0.43%"
"04/01/2026","102.11","102.15","102.63","102.00","34.66K","0.33%"
"03/31/2026","101.77","100.52","101.79","100.26","38.38K","2.30%"
"03/30/2026","99.48","100.63","100.67","99.08","87.57K","-0.31%"
"03/27/2026","99.79","100.83","100.85","99.53","57.03K","-1.46%"
"03/26/2026","101.26","101.63","102.77","101.19","25.02K","-1.11%"
"03/25/2026","102.40","102.82","103.10","101.72","31.11K","0.48%"
"03/24/2026","101.91","101.34","102.36","101.13","25.59K","-0.12%"
"03/23/2026","102.03","102.34","103.23","101.90","47.82K","1.13%"
"03/20/2026","100.89","102.33","102.33","100.41","28.76K","-1.51%"
"03/19/2026","102.44","101.64","102.94","101.60","60.45K","-0.01%"
"03/18/2026","102.45","103.33","103.65","102.41","34.51K","-1.31%"
"03/17/2026","103.81","103.88","104.58","103.81","19.39K","0.17%"
"03/16/2026","103.63","103.65","104.21","103.47","38.58K","0.91%"
"03/13/2026","102.70","103.46","103.90","102.57","20.59K","-0.01%"
"03/12/2026","102.71","103.60","104.14","102.71","61.77K","-1.71%"
"03/11/2026","104.50","104.83","104.83","104.00","41.42K","-0.29%"
"03/10/2026","104.81","105.77","105.96","104.74","17.62K","-0.95%"
"03/09/2026","105.81","104.41","105.96","103.34","37.52K","0.31%"
"03/06/2026","105.48","105.80","105.82","104.70","39.40K","-1.22%"
"03/05/2026","106.78","107.07","107.54","106.22","52.51K","-0.73%"
"03/04/2026","107.57","107.57","107.86","106.95","73.04K","0.49%"
"03/03/2026","107.05","106.20","107.57","104.95","30.64K","-1.05%"
"03/02/2026","108.19","107.02","108.50","107.02","49.09K","0.07%"
"02/27/2026","108.11","107.50","108.11","107.25","22.48K","-0.17%"
"02/26/2026","108.29","107.98","108.33","107.43","30.61K","0.61%"
"02/25/2026","107.63","107.62","107.74","106.94","43.02K","0.18%"
"02/24/2026","107.44","106.53","107.52","106.46","31.88K","0.87%"
"02/23/2026","106.51","107.52","107.68","106.17","22.53K","-1.32%"
"02/20/2026","107.94","107.34","108.13","107.22","29.39K","0.30%"
"02/19/2026","107.62","107.52","107.80","107.03","22.33K","-0.19%"
"02/18/2026","107.83","107.29","108.12","107.29","53.52K","0.60%"
"02/17/2026","107.19","107.37","107.37","106.35","34.39K","-0.16%"
"02/13/2026","107.36","106.41","107.82","106.33","36.99K","1.04%"
"02/12/2026","106.26","108.27","108.54","106.11","56.56K","-1.50%"
"02/11/2026","107.88","108.52","108.52","107.40","55.86K","-0.08%"
"02/10/2026","107.97","107.83","108.37","107.72","34.27K","0.33%"
"02/09/2026","107.62","107.21","107.74","106.86","58.16K","0.28%"
"02/06/2026","107.32","106.10","107.35","105.94","36.29K","2.18%"
"02/05/2026","105.03","105.78","105.78","104.90","68.00K","-1.02%"
"02/04/2026","106.11","105.78","106.52","105.57","44.02K","0.61%"
"02/03/2026","105.47","105.87","106.39","104.85","19.80K","-0.44%"
"02/02/2026","105.94","105.31","106.16","105.31","24.04K","0.42%"
"01/30/2026","105.50","105.69","106.04","104.85","27.26K","-0.59%"
"01/29/2026","106.13","106.80","106.97","105.48","70.67K","-0.23%"
"01/28/2026","106.37","106.78","106.99","106.23","53.42K","-0.24%"
"01/27/2026","106.63","106.80","106.80","106.45","35.71K","-0.10%"
"01/26/2026","106.74","106.83","107.11","106.65","31.34K","0.21%"
"01/23/2026","106.52","106.90","106.90","106.23","29.11K","-0.47%"
"01/22/2026","107.02","107.34","107.53","106.89","27.29K","0.18%"
"01/21/2026","106.83","105.93","107.08","105.87","59.31K","1.42%"
"01/20/2026","105.33","105.65","106.29","105.24","61.59K","-1.65%"
"01/16/2026","107.10","107.35","107.40","106.92","38.58K","-0.16%"
"01/15/2026","107.27","107.34","107.68","107.24","40.92K","0.44%"
"01/14/2026","106.80","106.48","106.82","106.23","48.94K","0.22%"
"01/13/2026","106.57","106.92","107.00","106.29","23.26K","-0.14%"
"01/12/2026","106.72","106.29","106.74","106.29","41.82K","0.13%"
"01/09/2026","106.58","106.53","106.88","106.25","164.54K","0.46%"
"01/08/2026","106.09","105.15","106.27","105.15","35.01K","0.67%"
"01/07/2026","105.39","106.54","106.70","105.35","36.92K","-1.00%"
"01/06/2026","106.45","105.15","106.52","105.04","233.08K","1.21%"
"01/05/2026","105.17","104.53","105.43","104.33","24.72K","1.06%"
"01/02/2026","104.07","103.76","104.30","103.17","35.20K","0.68%"
"12/31/2025","103.37","104.33","104.33","103.35","60.13K","-0.88%"
"12/30/2025","104.29","104.65","104.65","104.28","226.25K","-0.18%"
"12/29/2025","104.48","104.47","104.72","104.29","27.83K","-0.23%"
"12/26/2025","104.72","104.78","104.80","104.44","29.64K","-0.02%"
"12/25/2025","104.74","104.48","104.74","104.74","17.86K","0.00%"
"12/24/2025","104.74","104.48","104.87","104.39","17.86K","0.34%"
"12/23/2025","104.38","104.61","104.61","104.19","25.54K","-0.31%"
"12/22/2025","104.71","104.21","104.78","104.21","50.36K","0.85%"
"12/19/2025","103.83","103.48","104.19","103.48","41.82K","0.46%"
"12/18/2025","103.35","103.73","104.13","103.26","33.64K","0.33%"
"12/17/2025","103.01","103.51","104.04","102.96","35.65K","-0.39%"
"12/16/2025","103.41","103.97","104.10","102.96","30.76K","-1.13%"
"12/15/2025","104.59","105.23","105.23","104.29","27.84K","-0.10%"
"12/12/2025","104.69","105.68","105.80","104.53","20.72K","-0.79%"
"12/11/2025","105.52","104.61","105.57","104.61","36.76K","0.84%"
"12/10/2025","104.64","103.39","104.93","103.39","39.76K","1.23%"
"12/09/2025","103.37","103.47","103.93","103.35","36.33K","-0.20%"
"12/08/2025","103.58","104.33","104.33","103.46","29.76K","-0.59%"
"12/05/2025","104.19","104.05","104.56","104.03","81.27K","0.22%"
"12/04/2025","103.96","103.80","104.18","103.71","41.51K","0.16%"
"12/03/2025","103.79","103.19","103.82","103.19","24.80K","0.84%"
"12/02/2025","102.92","103.45","103.45","102.82","27.88K","-0.01%"
"12/01/2025","102.93","102.83","103.68","102.83","28.46K","-0.59%"
"11/28/2025","103.54","102.96","103.75","102.96","10.77K","0.69%"
"11/26/2025","102.83","102.30","103.29","102.30","125.33K","0.61%"
"11/25/2025","102.21","101.07","102.47","101.00","86.24K","1.31%"
"11/24/2025","100.89","100.56","101.16","100.34","34.12K","0.59%"
"11/21/2025","100.29","99.04","100.84","98.87","67.48K","1.74%"
"11/20/2025","98.57","100.92","101.15","98.54","27.41K","-1.32%"
"11/19/2025","99.89","100.22","100.28","99.52","36.19K","-0.31%"
"11/18/2025","100.20","99.93","100.71","99.66","41.34K","-0.07%"
"11/17/2025","100.27","101.54","101.59","99.92","37.47K","-1.36%"
"11/14/2025","101.65","101.26","102.24","101.26","26.34K","-0.25%"
"11/13/2025","101.90","103.23","103.25","101.83","146.41K","-1.41%"
"11/12/2025","103.35","103.42","103.89","103.35","31.65K","0.22%"
"11/11/2025","103.13","102.75","103.43","102.72","72.53K","0.41%"
"11/10/2025","102.71","102.70","102.96","101.92","36.92K","0.65%"
"11/07/2025","102.05","100.77","102.06","100.72","74.82K","0.90%"
"11/06/2025","101.14","102.00","102.11","101.07","49.18K","-0.81%"
"11/05/2025","101.97","101.42","102.39","101.42","49.22K","0.52%"
"11/04/2025","101.44","101.34","101.83","101.25","82.16K","-0.76%"
"11/03/2025","102.22","102.65","102.65","101.50","28.19K","-0.35%"
"10/31/2025","102.58","102.03","102.71","101.84","32.99K","0.65%"
"10/30/2025","101.92","101.91","102.98","101.89","45.90K","-0.55%"
"10/29/2025","102.48","103.20","103.41","102.25","40.81K","-0.96%"
"10/28/2025","103.47","104.32","104.32","103.44","29.98K","-0.85%"
"10/27/2025","104.36","104.41","104.41","104.07","109.98K","0.48%"
"10/24/2025","103.86","104.38","104.38","103.82","59.89K","0.28%"
"10/23/2025","103.57","103.09","103.68","102.95","92.59K","0.54%"
"10/22/2025","103.01","103.70","103.70","102.62","114.29K","-0.60%"
"10/21/2025","103.63","103.15","103.88","102.95","39.99K","0.51%"
"10/20/2025","103.10","102.58","103.20","102.58","24.85K","1.08%"
"10/17/2025","102.00","101.74","102.14","101.50","55.62K","0.43%"
"10/16/2025","101.56","102.72","102.79","101.32","27.99K","-1.02%"
"10/15/2025","102.61","102.97","103.36","102.00","21.05K","0.19%"
"10/14/2025","102.42","100.69","102.83","100.69","38.02K","0.76%"
"10/13/2025","101.64","101.43","101.90","101.28","50.11K","1.06%"
"10/10/2025","100.57","103.25","103.33","100.56","23.13K","-2.32%"
"10/09/2025","102.96","103.73","103.74","102.76","30.46K","-0.70%"
"10/08/2025","103.69","103.57","103.75","103.40","13.25K","0.45%"
"10/07/2025","103.23","103.80","103.89","103.04","31.16K","-0.58%"
"10/06/2025","103.83","104.36","104.36","103.72","20.55K","0.03%"
"10/03/2025","103.80","103.56","104.33","103.50","28.88K","0.38%"
"10/02/2025","103.41","103.20","103.48","102.95","519.67K","0.28%"
"10/01/2025","103.12","102.76","103.20","102.76","46.64K","0.15%"
"09/30/2025","102.97","102.73","103.06","102.34","71.69K","0.05%"
"09/29/2025","102.92","103.19","103.19","102.60","36.16K","0.27%"
"09/26/2025","102.64","101.89","102.68","101.89","37.38K","0.92%"
"09/25/2025","101.70","101.98","101.99","101.47","798.75K","-0.75%"
"09/24/2025","102.47","102.90","103.13","102.40","24.20K","-0.28%"
"09/23/2025","102.75","102.85","103.41","102.67","19.63K","-0.07%"
"09/22/2025","102.82","102.33","102.88","102.18","112.27K","0.05%"
"09/19/2025","102.77","103.24","103.24","102.43","17.79K","-0.17%"
"09/18/2025","102.94","102.57","103.22","102.48","25.73K","0.76%"
"09/17/2025","102.16","102.28","103.28","101.99","50.44K","0.09%"
"09/16/2025","102.07","102.47","102.58","101.87","37.43K","-0.57%"
"09/15/2025","102.66","103.11","103.30","102.66","90.70K","-0.26%"
"09/12/2025","102.93","103.62","103.62","102.90","17.74K","-0.62%"
"09/11/2025","103.57","102.49","103.76","102.45","172.28K","1.33%"
"09/10/2025","102.21","102.67","102.85","101.89","428.16K","-0.28%"
"09/09/2025","102.50","102.45","102.56","102.18","63.15K","-0.11%"
"09/08/2025","102.61","102.67","102.67","102.02","108.91K","-0.03%"
"09/05/2025","102.64","102.78","103.08","102.04","180.85K","0.23%"
"09/04/2025","102.40","101.82","102.48","101.66","138.94K","0.70%"
"09/03/2025","101.69","101.91","102.00","101.32","41.48K","-0.26%"
"09/02/2025","101.95","101.75","102.06","101.35","33.13K","-0.68%"
"08/29/2025","102.65","102.79","102.88","102.36","25.55K","-0.15%"
"08/28/2025","102.80","102.64","102.80","102.42","20.32K","0.09%"
"08/27/2025","102.71","102.26","102.75","102.21","25.47K","0.52%"
"08/26/2025","102.17","101.94","102.22","101.86","49.52K","0.08%"
"08/25/2025","102.09","102.68","102.68","102.05","14.93K","-0.71%"
"08/22/2025","102.82","101.24","103.07","101.24","40.20K","1.89%"
"08/21/2025","100.91","100.85","101.14","100.81","19.23K","-0.31%"
"08/20/2025","101.22","101.27","101.45","100.75","127.25K","-0.10%"
"08/19/2025","101.32","101.05","101.68","101.05","35.58K","0.24%"
"08/18/2025","101.08","101.10","101.33","101.08","25.24K","-0.03%"
"08/15/2025","101.11","101.55","101.55","101.10","53.81K","-0.21%"
"08/14/2025","101.32","101.25","101.39","100.93","21.31K","-0.66%"
"08/13/2025","102.00","101.10","102.00","100.97","58.57K","1.18%"
"08/12/2025","100.81","100.02","100.81","99.94","228.37K","1.36%"
"08/11/2025","99.46","99.99","100.14","99.34","28.64K","-0.46%"
"08/08/2025","99.92","100.05","100.16","99.73","111.43K","0.03%"
"08/07/2025","99.89","100.57","100.57","99.47","13.78K","-0.14%"
"08/06/2025","100.03","100.10","100.24","99.59","17.55K","-0.06%"
"08/05/2025","100.09","100.48","100.48","99.80","20.88K","-0.31%"
"08/04/2025","100.40","99.48","100.40","99.48","30.25K","1.33%"
"08/01/2025","99.08","99.44","99.44","98.24","18.92K","-1.11%"
"07/31/2025","100.19","100.90","101.47","100.18","18.27K","-0.80%"
"07/30/2025","101.00","101.72","101.91","100.60","141.31K","-0.71%"
"07/29/2025","101.72","102.03","102.03","101.48","22.51K","-0.08%"
"07/28/2025","101.80","102.29","102.30","101.76","35.72K","-0.45%"
"07/25/2025","102.26","102.02","102.29","101.65","18.82K","0.48%"
"07/24/2025","101.77","101.79","102.07","101.59","60.69K","-0.26%"
"07/23/2025","102.04","101.52","102.04","101.47","41.67K","0.78%"
"07/22/2025","101.25","100.40","101.29","100.40","28.88K","1.16%"
"07/21/2025","100.09","100.76","100.85","100.09","34.90K","-0.39%"
"07/18/2025","100.48","100.86","100.86","100.17","21.72K","0.16%"
"07/17/2025","100.32","99.85","100.43","99.70","27.01K","0.80%"
"07/16/2025","99.52","99.54","99.64","98.62","134.45K","0.41%"
"07/15/2025","99.11","100.66","100.66","99.11","38.91K","-1.28%"
"07/14/2025","100.39","99.96","100.50","99.96","19.01K","0.24%"
"07/11/2025","100.15","100.39","100.39","100.06","24.40K","-0.77%"
"07/10/2025","100.93","100.59","101.28","100.40","21.47K","0.38%"
"07/09/2025","100.55","100.44","100.55","99.93","39.18K","0.29%"
"07/08/2025","100.26","100.14","100.42","99.97","18.49K","0.19%"
"07/07/2025","100.07","100.50","100.71","99.50","121.93K","-0.76%"
"07/03/2025","100.84","100.51","100.97","100.51","19.13K","0.56%"
"07/02/2025","100.28","99.85","100.29","99.71","58.60K","0.33%"
"07/01/2025","99.95","98.96","100.21","98.96","21.12K","0.84%"
"06/30/2025","99.12","98.75","99.19","98.55","38.16K","0.58%"
"06/27/2025","98.55","98.34","99.04","98.07","23.15K","0.37%"
"06/26/2025","98.19","97.90","98.22","97.58","33.49K","0.76%"
"06/25/2025","97.45","98.12","98.12","97.34","23.09K","-0.74%"
"06/24/2025","98.18","97.75","98.30","97.46","63.05K","1.06%"
"06/23/2025","97.15","96.31","97.15","95.82","47.00K","0.83%"
"06/20/2025","96.35","96.83","96.90","96.11","61.69K","0.11%"
"06/18/2025","96.24","96.24","96.72","96.04","21.97K","0.06%"
"06/17/2025","96.18","96.52","96.81","95.97","200.96K","-0.75%"
"06/16/2025","96.91","96.74","97.32","96.72","27.90K","0.55%"
"06/13/2025","96.38","96.83","97.15","96.13","230.51K","-1.20%"
"06/12/2025","97.55","96.98","97.55","96.89","28.95K","0.22%"
"06/11/2025","97.34","97.91","97.91","97.13","25.35K","-0.28%"
"06/10/2025","97.61","97.42","97.75","97.32","88.42K","0.32%"
"06/09/2025","97.30","97.58","97.74","97.08","14.22K","-0.04%"
"06/06/2025","97.34","97.29","97.39","97.00","24.01K","0.82%"
"06/05/2025","96.55","96.91","97.14","96.33","15.92K","-0.20%"
"06/04/2025","96.74","97.05","97.17","96.74","13.46K","-0.13%"
"06/03/2025","96.87","96.11","96.92","95.74","19.21K","0.85%"
"06/02/2025","96.05","95.89","96.12","95.00","30.02K","0.09%"
"05/30/2025","95.96","95.50","96.09","95.20","15.50K","0.06%"
"05/29/2025","95.90","96.22","96.22","95.56","42.03K","0.26%"
"05/28/2025","95.65","96.40","96.52","95.61","24.80K","-0.80%"
"05/27/2025","96.42","95.81","96.48","95.66","18.70K","1.78%"
"05/23/2025","94.73","94.12","94.97","94.12","13.36K","-0.42%"
"05/22/2025","95.13","95.41","95.63","94.69","21.06K","-0.25%"
"05/21/2025","95.37","96.75","96.89","95.31","21.29K","-2.14%"
"05/20/2025","97.46","97.62","97.78","97.15","25.77K","-0.36%"
"05/19/2025","97.81","96.84","97.83","96.72","86.92K","0.04%"
"05/16/2025","97.77","96.90","97.78","96.53","34.94K","1.00%"
"05/15/2025","96.80","95.85","96.81","95.69","51.05K","0.86%"
"05/14/2025","95.97","96.51","96.51","95.83","481.03K","-0.54%"
"05/13/2025","96.49","96.51","96.85","96.33","30.92K","0.23%"
"05/12/2025","96.27","96.23","96.30","95.54","170.80K","2.79%"
"05/09/2025","93.65","94.04","94.05","93.44","100.31K","-0.01%"
"05/08/2025","93.67","93.57","94.56","93.26","67.22K","0.84%"
"05/07/2025","92.89","92.72","93.19","92.25","28.61K","0.53%"
"05/06/2025","92.40","92.34","93.08","92.01","35.47K","-0.67%"
"05/05/2025","93.02","92.71","93.57","92.71","334.18K","-0.30%"
"05/02/2025","93.30","92.91","93.49","92.79","27.28K","1.63%"
"05/01/2025","91.80","92.08","92.68","91.67","30.27K","-0.15%"
"04/30/2025","91.93","90.69","91.93","89.97","41.88K","0.23%"
"04/29/2025","91.72","90.88","91.90","90.75","27.67K","0.65%"
"04/28/2025","91.13","91.02","91.53","90.39","35.95K","0.19%"
"04/25/2025","90.96","90.73","90.96","90.25","29.45K","-0.20%"
"04/24/2025","91.14","89.71","91.21","89.62","61.76K","1.90%"
"04/23/2025","89.44","90.45","91.38","89.24","43.15K","0.98%"
"04/22/2025","88.57","87.42","88.81","87.29","60.30K","2.48%"
"04/21/2025","86.43","87.51","87.51","85.60","240.79K","-2.10%"
"04/17/2025","88.28","87.97","88.85","87.92","49.93K","0.67%"
"04/16/2025","87.69","88.50","88.97","86.97","47.84K","-1.29%"
"04/15/2025","88.84","89.14","89.66","88.65","49.31K","-0.10%"
"04/14/2025","88.93","89.18","89.45","88.30","84.47K","1.06%"
"04/11/2025","88.00","86.35","88.15","85.56","237.10K","1.51%"
"04/10/2025","86.69","87.79","87.89","84.70","134.51K","-3.29%"
"04/09/2025","89.64","82.08","89.86","81.86","1.08M","8.09%"
"04/08/2025","82.93","87.09","87.09","81.84","707.89K","-1.90%"
"04/07/2025","84.54","83.00","87.52","81.38","679.11K","-0.77%"
"04/04/2025","85.20","88.19","88.56","85.00","607.01K","-5.61%"
"04/03/2025","90.26","92.05","92.40","90.21","89.38K","-4.63%"
"04/02/2025","94.64","93.12","94.93","93.12","19.75K","0.95%"
"04/01/2025","93.75","93.62","94.02","92.64","35.47K","0.17%"
"03/31/2025","93.59","92.34","94.00","92.01","54.44K","0.52%"
"03/28/2025","93.11","94.41","94.46","92.92","61.86K","-1.50%"
"03/27/2025","94.53","94.59","95.09","94.08","16.88K","-0.33%"
"03/26/2025","94.84","95.17","95.62","94.55","26.12K","-0.35%"
"03/25/2025","95.17","95.50","95.65","94.72","28.27K","-0.14%"
"03/24/2025","95.30","94.72","95.43","94.50","88.83K","1.63%"
"03/21/2025","93.77","93.51","93.85","92.94","27.73K","-0.34%"
"03/20/2025","94.09","94.00","94.73","93.96","39.40K","-0.41%"
"03/19/2025","94.48","93.83","94.92","93.68","33.84K","0.87%"
"03/18/2025","93.67","93.97","93.97","93.42","50.56K","-1.02%"
"03/17/2025","94.63","93.29","94.99","93.26","54.87K","1.41%"
"03/14/2025","93.31","92.34","93.40","92.31","45.72K","2.03%"
"03/13/2025","91.45","92.52","92.69","91.20","68.28K","-1.24%"
"03/12/2025","92.60","93.59","93.59","92.07","81.22K","-0.25%"
"03/11/2025","92.83","93.95","94.07","92.42","216.74K","-1.19%"
"03/10/2025","93.95","94.64","95.26","93.36","80.70K","-1.78%"
"03/07/2025","95.65","94.77","95.88","94.06","67.95K","0.83%"
"03/06/2025","94.86","95.32","95.86","94.57","49.06K","-1.45%"
"03/05/2025","96.26","95.35","96.45","94.80","130.47K","1.06%"
"03/04/2025","95.25","96.20","96.68","94.74","358.42K","-1.47%"
"03/03/2025","96.67","98.25","98.54","96.24","69.04K","-1.26%"
"02/28/2025","97.90","96.89","97.90","96.37","48.90K","1.24%"
"02/27/2025","96.70","97.88","98.16","96.69","260.38K","-0.99%"
"02/26/2025","97.67","98.15","98.53","97.53","28.70K","-0.10%"
"02/25/2025","97.77","97.78","98.13","97.06","34.18K","-0.12%"
"02/24/2025","97.89","98.28","98.34","97.45","128.65K","-0.09%"
"02/21/2025","97.98","99.70","99.70","97.81","58.59K","-1.68%"
"02/20/2025","99.65","99.73","99.73","99.00","40.20K","-0.46%"
"02/19/2025","100.11","99.85","100.12","99.69","24.59K","0.03%"
"02/18/2025","100.08","99.54","100.08","99.36","127.28K","0.78%"
"02/14/2025","99.31","99.60","99.71","99.31","24.52K","-0.02%"
"02/13/2025","99.33","98.85","99.34","98.60","50.89K","0.84%"
"02/12/2025","98.50","98.10","98.56","97.89","106.05K","-0.53%"
"02/11/2025","99.02","98.95","99.03","98.65","44.93K","-0.21%"
"02/10/2025","99.23","99.43","99.43","98.76","49.78K","0.38%"
"02/07/2025","98.85","99.56","99.56","98.69","42.67K","-0.43%"
"02/06/2025","99.28","99.73","99.73","98.71","42.46K","-0.13%"
"02/05/2025","99.40","99.11","99.46","98.56","80.77K","0.54%"
"02/04/2025","98.87","98.59","99.04","98.52","50.76K","0.19%"
"02/03/2025","98.68","97.79","99.04","97.44","49.72K","-0.62%"
"01/31/2025","99.30","100.10","100.42","99.20","47.24K","-0.70%"
"01/30/2025","100.00","99.74","100.25","99.43","264.83K","1.01%"
"01/29/2025","99.00","99.44","99.53","98.76","100.26K","-0.34%"
"01/28/2025","99.34","99.66","99.77","99.05","52.64K","-0.15%"
"01/27/2025","99.49","98.73","99.57","98.73","35.37K","-0.24%"
"01/24/2025","99.73","99.85","100.06","99.59","48.48K","-0.06%"
"01/23/2025","99.79","99.15","99.79","98.94","59.26K","0.48%"
"01/22/2025","99.31","99.79","99.79","99.26","38.07K","-0.26%"
"01/21/2025","99.57","98.99","99.57","98.99","115.12K","1.23%"
"01/17/2025","98.36","98.59","98.70","98.29","38.67K","0.59%"
"01/16/2025","97.78","97.04","97.97","96.86","36.96K","0.84%"
"01/15/2025","96.97","97.57","97.61","96.81","39.67K","1.01%"
"01/14/2025","96.00","95.76","96.15","95.32","109.87K","0.75%"
"01/13/2025","95.29","94.10","95.29","94.10","80.48K","0.72%"
"01/10/2025","94.61","95.34","95.34","94.46","66.23K","-1.42%"
"01/08/2025","95.97","95.68","95.98","95.00","39.51K","0.16%"
"01/07/2025","95.82","96.66","96.86","95.46","66.94K","-0.47%"
"01/06/2025","96.27","96.86","97.20","96.22","463.06K","0.03%"
"01/03/2025","96.24","95.48","96.35","95.30","99.06K","1.17%"
"01/02/2025","95.13","96.08","96.15","94.78","65.91K","-0.24%"
"12/31/2024","95.36","95.73","95.87","95.00","100.88K","0.06%"
"12/30/2024","95.30","95.59","95.69","94.53","71.82K","-0.97%"
"12/27/2024","96.23","96.61","97.00","95.80","54.90K","-0.80%"
"12/26/2024","97.01","96.45","97.08","96.45","14.34K","0.08%"
"12/24/2024","96.93","96.33","96.93","96.10","65.92K","0.78%"
"12/23/2024","96.18","95.96","96.18","95.31","39.83K","0.11%"
"12/20/2024","96.07","94.29","96.55","94.25","28.00K","1.49%"
"12/19/2024","94.66","95.66","96.06","94.66","75.09K","-0.49%"
"12/18/2024","95.13","98.29","98.41","95.10","200.90K","-3.12%"
"12/17/2024","98.19","98.63","98.86","98.04","271.09K","-1.14%"
"12/16/2024","99.32","99.45","99.83","99.24","115.43K","-0.18%"
"12/13/2024","99.50","100.01","100.01","99.32","26.36K","-0.41%"
"12/12/2024","99.91","100.27","100.28","99.91","58.39K","-0.36%"
"12/11/2024","100.27","100.56","100.56","100.10","30.20K","0.19%"
"12/10/2024","100.08","100.85","100.85","99.96","408.37K","-0.81%"
"12/09/2024","100.90","101.64","101.71","100.90","158.32K","-0.42%"
"12/06/2024","101.33","101.71","101.84","101.23","22.01K","0.05%"
"12/05/2024","101.28","101.95","101.95","101.25","27.18K","-0.60%"
"12/04/2024","101.89","101.89","101.89","101.43","91.71K","0.31%"
"12/03/2024","101.58","101.92","101.93","101.46","23.20K","-0.34%"
"12/02/2024","101.93","102.14","102.14","101.62","24.86K","-0.21%"
"11/29/2024","102.14","102.06","102.37","102.06","30.19K","0.32%"
"11/27/2024","101.81","102.17","102.33","101.79","67.74K","-0.12%"
"11/26/2024","101.93","102.07","102.07","101.47","42.35K","-0.09%"
"11/25/2024","102.02","102.10","102.53","101.83","41.20K","0.77%"
"11/22/2024","101.24","100.47","101.30","100.47","57.01K","0.99%"
"11/21/2024","100.25","99.56","100.43","99.03","29.38K","1.35%"
"11/20/2024","98.91","98.56","98.98","98.17","26.05K","0.36%"
"11/19/2024","98.56","97.91","98.71","97.75","28.01K","0.05%"
"11/18/2024","98.51","98.16","98.65","98.02","30.79K","0.56%"
"11/15/2024","97.96","98.57","98.57","97.79","22.04K","-0.79%"
"11/14/2024","98.74","99.77","99.82","98.70","19.35K","-0.84%"
"11/13/2024","99.58","99.81","100.13","99.43","23.84K","0.02%"
"11/12/2024","99.56","100.01","100.21","99.24","18.41K","-0.68%"
"11/11/2024","100.24","100.01","100.56","99.93","29.58K","0.76%"
"11/08/2024","99.48","98.95","99.62","98.79","43.86K","0.60%"
"11/07/2024","98.89","98.84","99.08","98.63","24.71K","0.33%"
"11/06/2024","98.56","98.27","98.62","97.70","36.38K","2.53%"
"11/05/2024","96.13","95.09","96.13","95.09","12.29K","1.29%"
"11/04/2024","94.91","94.78","95.43","94.70","17.37K","0.07%"
"11/01/2024","94.84","95.14","95.60","94.75","17.75K","0.18%"
"10/31/2024","94.67","95.57","95.57","94.67","19.13K","-1.14%"
"10/30/2024","95.76","95.71","96.26","95.71","20.53K","-0.14%"
"10/29/2024","95.89","95.77","96.17","95.67","20.07K","-0.24%"
"10/28/2024","96.12","95.97","96.31","95.97","20.27K","0.56%"
"10/25/2024","95.58","96.44","96.56","95.49","36.60K","-0.49%"
"10/24/2024","96.05","96.34","96.34","95.75","34.25K","0.15%"
"10/23/2024","95.91","96.11","96.22","95.36","26.04K","-0.42%"
"10/22/2024","96.31","96.48","96.48","95.94","180.74K","-0.51%"
"10/21/2024","96.80","97.50","97.51","96.56","27.49K","-0.81%"
"10/18/2024","97.59","97.28","97.62","97.06","22.80K","0.40%"
"10/17/2024","97.20","97.55","97.55","97.10","12.36K","-0.09%"
"10/16/2024","97.29","96.99","97.38","96.86","15.08K","0.55%"
"10/15/2024","96.75","97.04","97.52","96.64","176.55K","-0.34%"
"10/14/2024","97.08","96.61","97.18","96.38","27.60K","0.62%"
"10/11/2024","96.48","95.62","96.58","95.62","23.12K","1.10%"
"10/10/2024","95.43","95.50","95.73","95.32","21.32K","-0.37%"
"10/09/2024","95.78","95.11","95.81","95.00","43.75K","0.77%"
"10/08/2024","95.05","94.76","95.14","94.71","29.72K","0.25%"
"10/07/2024","94.81","95.37","95.37","94.44","92.66K","-0.73%"
"10/04/2024","95.51","95.38","95.55","94.99","56.70K","0.77%"
"10/03/2024","94.78","94.89","94.89","94.42","340.95K","-0.32%"
"10/02/2024","95.08","94.97","95.30","94.56","22.64K","-0.08%"
"10/01/2024","95.16","95.75","95.75","94.70","19.90K","-0.61%"
"09/30/2024","95.74","95.53","95.77","94.90","221.00K","0.09%"
"09/27/2024","95.65","95.67","96.01","95.52","21.51K","0.41%"
"09/26/2024","95.26","95.34","95.42","95.10","111.62K","0.75%"
"09/25/2024","94.55","95.34","95.34","94.50","15.72K","-1.11%"
"09/24/2024","95.61","95.58","95.72","95.46","15.20K","0.16%"
"09/23/2024","95.46","95.39","95.49","95.20","12.98K","0.52%"
"09/20/2024","94.97","95.25","95.25","94.62","17.02K","-0.47%"
"09/19/2024","95.42","95.72","95.72","95.11","28.00K","1.30%"
"09/18/2024","94.20","94.37","95.31","94.10","12.72K","-0.14%"
"09/17/2024","94.33","94.49","94.82","94.07","21.88K","0.18%"
"09/16/2024","94.16","93.70","94.16","93.69","47.55K","0.71%"
"09/13/2024","93.50","92.95","93.63","92.95","44.68K","1.06%"
"09/12/2024","92.52","92.12","92.64","91.60","97.45K","0.54%"
"09/11/2024","92.02","91.46","92.03","90.04","18.60K","0.34%"
"09/10/2024","91.71","91.76","91.76","90.96","77.25K","0.13%"
"09/09/2024","91.59","91.22","92.04","91.22","40.65K","0.98%"
"09/06/2024","90.70","91.96","92.27","90.61","60.61K","-1.23%"
"09/05/2024","91.83","92.47","92.48","91.44","37.20K","-0.52%"
"09/04/2024","92.31","92.38","92.93","92.10","21.42K","-0.25%"
"09/03/2024","92.54","93.61","93.63","92.25","20.85K","-1.68%"
"08/30/2024","94.12","93.84","94.12","93.09","20.03K","0.80%"
"08/29/2024","93.37","93.09","93.96","93.09","11.54K","0.39%"
"08/28/2024","93.01","93.35","93.43","92.60","22.55K","-0.38%"
"08/27/2024","93.36","93.10","93.36","93.06","65.97K","-0.01%"
"08/26/2024","93.37","93.74","93.94","93.29","133.74K","-0.03%"
"08/23/2024","93.40","92.78","93.46","92.57","17.97K","1.40%"
"08/22/2024","92.11","92.70","92.79","92.00","13.61K","-0.45%"
"08/21/2024","92.53","92.29","92.56","92.07","15.20K","0.80%"
"08/20/2024","91.79","92.31","92.31","91.69","71.05K","-0.52%"
"08/19/2024","92.27","91.61","92.27","91.61","83.17K","0.89%"
"08/16/2024","91.46","91.15","91.50","91.11","14.97K","0.27%"
"08/15/2024","91.21","90.96","91.38","90.78","87.99K","1.32%"
"08/14/2024","90.02","90.03","90.19","89.74","24.63K","0.23%"
"08/13/2024","89.81","89.10","89.88","89.00","20.63K","1.33%"
"08/12/2024","88.63","89.24","89.24","88.54","17.90K","-0.53%"
"08/09/2024","89.10","88.89","89.22","88.68","21.96K","0.21%"
"08/08/2024","88.91","87.74","88.91","87.66","25.39K","2.04%"
"08/07/2024","87.13","88.64","89.03","87.04","47.92K","-0.60%"
"08/06/2024","87.66","87.23","88.78","87.13","67.33K","0.93%"
"08/05/2024","86.85","86.42","87.46","86.17","72.69K","-2.36%"
"08/02/2024","88.95","89.80","89.80","88.02","125.80K","-1.89%"
"08/01/2024","90.66","91.96","92.26","90.11","17.15K","-1.29%"
"07/31/2024","91.84","92.10","92.25","91.60","16.73K","0.62%"
"07/30/2024","91.28","91.40","91.66","90.86","30.00K","0.31%"
"07/29/2024","91.00","91.28","91.28","90.67","29.37K","0.07%"
"07/26/2024","90.94","90.42","91.17","90.30","24.33K","1.39%"
"07/25/2024","89.69","89.48","90.90","89.42","31.37K","0.26%"
"07/24/2024","89.46","90.62","90.73","89.43","141.15K","-1.48%"
"07/23/2024","90.80","90.98","91.15","90.80","34.22K","-0.30%"
"07/22/2024","91.07","90.74","91.07","90.06","38.03K","0.95%"
"07/19/2024","90.21","90.70","90.72","90.12","111.11K","-0.68%"
"07/18/2024","90.83","91.65","92.37","90.66","19.19K","-0.95%"
"07/17/2024","91.71","91.76","92.39","91.69","57.77K","-0.68%"
"07/16/2024","92.33","91.16","92.34","91.10","26.68K","1.72%"
"07/15/2024","90.77","90.79","91.28","90.54","45.00K","0.18%"
"07/12/2024","90.61","90.12","90.96","90.12","57.01K","0.96%"
"07/11/2024","89.75","89.27","89.93","89.24","36.92K","1.13%"
"07/10/2024","88.74","88.15","88.75","88.04","539.77K","0.80%"
"07/09/2024","88.04","88.16","88.40","87.92","34.16K","-0.27%"
"07/08/2024","88.28","88.40","88.46","88.01","27.76K","0.17%"
"07/05/2024","88.13","88.20","88.20","87.63","20.41K","-0.06%"
"07/03/2024","88.18","88.06","88.46","88.05","10.58K","0.16%"
"07/02/2024","88.04","87.77","88.04","87.62","20.13K","0.43%"
"07/01/2024","87.66","88.34","88.48","87.51","52.90K","-0.67%"
"06/28/2024","88.25","88.52","88.78","88.00","21.74K","0.06%"
"06/27/2024","88.20","88.00","88.20","87.97","26.63K","0.18%"
"06/26/2024","88.04","87.88","88.04","87.77","10.60K","-0.23%"
"06/25/2024","88.24","88.74","88.74","88.00","15.08K","-0.50%"
"06/24/2024","88.69","88.66","89.19","88.42","48.37K","0.31%"
"06/21/2024","88.42","88.19","88.42","88.05","14.81K","0.18%"
"06/20/2024","88.26","88.37","88.37","88.07","36.18K","0.06%"
"06/18/2024","88.21","87.82","88.25","87.82","11.97K","0.27%"
"06/17/2024","87.97","87.45","88.06","87.10","21.10K","0.72%"
"06/14/2024","87.34","87.48","87.51","86.83","8.37K","-0.65%"
"06/13/2024","87.91","88.11","88.11","87.46","30.72K","-0.43%"
"06/12/2024","88.29","88.70","88.79","88.02","11.97K","0.72%"
"06/11/2024","87.66","87.74","87.74","87.14","12.23K","-0.67%"
"06/10/2024","88.25","87.70","88.36","87.70","23.55K","0.30%"
"06/07/2024","87.99","87.84","88.39","87.84","10.10K","-0.38%"
"06/06/2024","88.33","88.34","88.51","88.24","9.89K","-0.17%"
"06/05/2024","88.48","88.25","88.48","87.82","16.21K","0.73%"
"06/04/2024","87.84","87.82","88.03","87.55","16.64K","-0.26%"
"06/03/2024","88.07","88.77","88.77","87.56","15.43K","-0.65%"
"05/31/2024","88.65","87.89","88.65","87.32","37.39K","1.04%"
"05/30/2024","87.74","87.50","87.84","87.37","16.90K","0.26%"
"05/29/2024","87.51","87.95","87.95","87.44","157.28K","-1.03%"
"05/28/2024","88.42","89.17","89.17","88.23","37.91K","-0.81%"
"05/24/2024","89.14","88.89","89.25","88.76","8.05K","0.70%"
"05/23/2024","88.52","89.99","89.99","88.40","17.99K","-1.38%"
"05/22/2024","89.76","90.16","90.16","89.61","5.57K","-0.44%"
"05/21/2024","90.16","90.27","90.27","89.99","13.42K","-0.14%"
"05/20/2024","90.29","90.49","90.51","90.11","50.53K","-0.04%"
"05/17/2024","90.33","90.07","90.33","90.04","45.20K","0.17%"
"05/16/2024","90.18","90.34","90.49","90.16","10.56K","-0.25%"
"05/15/2024","90.41","90.35","90.41","90.00","29.30K","0.92%"
"05/14/2024","89.59","89.48","89.63","89.19","13.53K","0.50%"
"05/13/2024","89.14","89.61","89.61","89.07","36.41K","-0.04%"
"05/10/2024","89.18","89.48","89.48","89.02","69.82K","0.10%"
"05/09/2024","89.09","88.26","89.09","88.26","32.85K","0.85%"
"05/08/2024","88.34","88.11","88.40","88.11","15.70K","-0.11%"
"05/07/2024","88.44","88.47","88.70","88.36","26.27K","0.23%"
"05/06/2024","88.24","87.96","88.25","87.91","25.31K","0.90%"
"05/03/2024","87.45","87.76","87.85","87.27","68.13K","0.77%"
"05/02/2024","86.78","86.71","87.01","86.10","14.04K","0.70%"
"05/01/2024","86.18","86.03","87.25","85.91","20.07K","-0.21%"
"04/30/2024","86.36","87.29","87.41","86.33","12.55K","-1.55%"
"04/29/2024","87.72","87.29","87.78","87.29","63.83K","0.61%"
"04/26/2024","87.19","87.06","87.39","86.90","12.28K","0.35%"
"04/25/2024","86.89","86.47","87.03","86.05","14.85K","-0.30%"
"04/24/2024","87.15","87.02","87.22","86.70","23.81K","0.16%"
"04/23/2024","87.01","86.38","87.24","86.38","12.79K","1.06%"
"04/22/2024","86.10","85.80","86.57","85.40","13.42K","0.77%"
"04/19/2024","85.44","85.40","85.80","85.27","51.64K","0.12%"
"04/18/2024","85.34","85.58","86.08","85.17","14.68K","-0.11%"
"04/17/2024","85.43","86.03","86.10","85.28","29.50K","-0.33%"
"04/16/2024","85.71","86.23","86.23","85.54","96.88K","-0.53%"
"04/15/2024","86.17","87.78","88.02","85.94","45.51K","-1.18%"
"04/12/2024","87.20","88.11","88.11","86.96","20.58K","-1.66%"
"04/11/2024","88.67","88.85","88.93","88.13","75.54K","0.05%"
"04/10/2024","88.63","89.15","89.16","88.30","18.44K","-1.62%"
"04/09/2024","90.09","90.23","90.23","89.31","24.24K","0.32%"
"04/08/2024","89.80","89.86","89.98","89.50","16.03K","0.29%"
"04/05/2024","89.54","89.05","89.64","88.88","13.02K","0.74%"
"04/04/2024","88.88","90.53","90.53","88.78","15.27K","-0.96%"
"04/03/2024","89.74","89.38","89.96","89.38","19.34K","0.09%"
"04/02/2024","89.66","89.81","89.81","89.38","15.16K","-0.82%"
"04/01/2024","90.40","91.14","91.14","90.38","20.53K","-0.65%"
"03/28/2024","90.99","90.84","91.12","90.84","24.53K","0.39%"
"03/27/2024","90.64","90.04","90.64","89.96","13.70K","1.29%"
"03/26/2024","89.49","89.87","89.89","89.49","16.25K","-0.11%"
"03/25/2024","89.59","89.69","89.80","89.56","22.64K","-0.14%"
"03/22/2024","89.72","90.43","90.43","89.67","15.19K","-0.63%"
"03/21/2024","90.29","90.16","90.47","90.01","20.78K","0.53%"
"03/20/2024","89.81","88.83","89.94","88.83","30.71K","0.92%"
"03/19/2024","88.99","88.49","88.99","88.41","16.63K","0.47%"
"03/18/2024","88.57","88.59","88.79","88.49","13.61K","0.34%"
"03/15/2024","88.27","88.10","88.54","88.10","31.35K","-0.25%"
"03/14/2024","88.49","89.54","89.54","88.00","31.00K","-0.96%"
"03/13/2024","89.35","89.17","89.65","89.13","26.76K","0.07%"
"03/12/2024","89.29","89.19","89.33","88.73","72.97K","0.40%"
"03/11/2024","88.94","88.77","89.00","88.45","22.15K","0.05%"
"03/08/2024","88.89","89.24","89.58","88.75","25.23K","-0.12%"
"03/07/2024","89.00","88.78","89.10","88.78","15.31K","0.84%"
"03/06/2024","88.26","88.29","88.50","88.00","109.59K","0.68%"
"03/05/2024","87.66","88.00","88.11","87.35","38.59K","-0.74%"
"03/04/2024","88.31","88.21","88.48","88.01","91.76K","0.27%"
"03/01/2024","88.07","87.69","88.08","87.23","31.96K","0.62%"
"02/29/2024","87.53","87.54","87.58","87.15","24.16K","0.68%"
"02/28/2024","86.94","86.62","87.17","86.62","15.68K","-0.06%"
"02/27/2024","86.99","86.83","87.05","86.74","39.33K","0.47%"
"02/26/2024","86.58","86.83","87.06","86.57","19.16K","-0.26%"
"02/23/2024","86.81","86.72","87.02","86.65","17.27K","0.22%"
"02/22/2024","86.62","85.99","86.73","85.99","26.79K","1.27%"
"02/21/2024","85.53","85.22","85.60","85.08","24.81K","0.02%"
"02/20/2024","85.51","85.50","85.63","85.35","37.30K","-0.54%"
"02/16/2024","85.97","86.33","86.58","85.91","36.83K","-0.56%"
"02/15/2024","86.45","85.89","86.52","85.89","590.93K","1.17%"
"02/14/2024","85.45","85.02","85.55","84.77","32.01K","1.24%"
"02/13/2024","84.40","84.51","84.78","83.82","78.62K","-1.80%"
"02/12/2024","85.95","85.49","86.27","85.49","89.95K","0.57%"
"02/09/2024","85.46","85.38","85.54","85.01","24.62K","0.27%"
"02/08/2024","85.23","84.97","85.26","84.81","45.77K","0.39%"
"02/07/2024","84.90","84.89","85.09","84.66","51.19K","0.44%"
"02/06/2024","84.53","84.19","84.53","84.14","82.62K","0.62%"
"02/05/2024","84.01","84.38","84.38","83.66","50.09K","-0.92%"
"02/02/2024","84.79","84.31","85.02","83.98","30.08K","0.05%"
"02/01/2024","84.75","84.16","84.75","83.44","40.35K","1.23%"
"01/31/2024","83.72","84.66","84.86","83.68","53.61K","-1.40%"
"01/30/2024","84.91","84.63","85.05","84.63","109.47K","-0.02%"
"01/29/2024","84.93","84.20","84.93","84.13","22.61K","0.88%"
"01/26/2024","84.19","84.31","84.47","84.07","29.66K","0.06%"
"01/25/2024","84.14","84.07","84.15","83.62","75.75K","0.84%"
"01/24/2024","83.44","84.49","84.49","83.39","53.03K","-0.57%"
"01/23/2024","83.92","84.11","84.11","83.58","21.23K","0.05%"
"01/22/2024","83.88","83.62","84.05","83.62","25.31K","0.67%"
"01/19/2024","83.32","82.73","83.39","82.44","43.05K","0.94%"
"01/18/2024","82.54","82.40","82.56","81.77","12.54K","0.49%"
"01/17/2024","82.14","82.04","82.39","81.71","28.96K","-0.67%"
"01/16/2024","82.69","82.97","82.97","82.45","284.64K","-0.73%"
"01/12/2024","83.30","83.76","84.00","83.08","10.98K","-0.14%"
"01/11/2024","83.42","83.68","83.68","82.72","18.08K","-0.30%"
"01/10/2024","83.67","83.50","83.82","83.23","25.69K","0.24%"
"01/09/2024","83.47","83.31","83.70","83.24","20.02K","-0.52%"
"01/08/2024","83.91","82.87","83.91","82.67","70.72K","1.23%"
"01/05/2024","82.89","82.59","83.34","82.50","22.18K","0.24%"
"01/04/2024","82.69","82.63","83.23","82.62","33.48K","-0.11%"
"01/03/2024","82.78","83.64","83.64","82.72","87.52K","-1.58%"
"01/02/2024","84.11","83.95","84.35","83.72","29.91K","-0.39%"
"12/29/2023","84.44","84.77","84.89","84.25","20.66K","-0.49%"
"12/28/2023","84.86","84.76","84.95","84.70","26.39K","0.17%"
"12/27/2023","84.72","84.70","84.81","84.45","51.56K","0.14%"
"12/26/2023","84.60","84.21","84.76","84.15","33.16K","0.64%"
"12/22/2023","84.06","84.07","84.35","83.67","36.57K","0.31%"
"12/21/2023","83.80","83.47","83.81","83.08","53.77K","1.28%"
"12/20/2023","82.74","84.07","84.32","82.73","38.31K","-2.16%"
"12/19/2023","84.57","83.96","84.61","83.96","50.09K","0.91%"
"12/18/2023","83.81","83.79","83.94","83.58","31.18K","0.18%"
"12/15/2023","83.66","84.17","84.17","83.42","31.04K","-0.65%"
"12/14/2023","84.21","83.82","84.52","83.77","60.98K","1.48%"
"12/13/2023","82.98","81.31","82.98","81.14","66.28K","2.26%"
"12/12/2023","81.15","81.05","81.31","80.63","36.08K","0.15%"
"12/11/2023","81.03","80.33","81.03","80.33","24.26K","0.87%"
"12/08/2023","80.33","79.86","80.52","79.86","25.81K","0.43%"
"12/07/2023","79.99","79.89","80.02","79.64","31.52K","0.48%"
"12/06/2023","79.61","79.97","80.32","79.51","117.43K","0.01%"
"12/05/2023","79.60","79.96","79.96","79.43","56.55K","-0.90%"
"12/04/2023","80.32","79.78","80.52","79.78","74.44K","0.11%"
"12/01/2023","80.23","78.88","80.29","78.84","86.20K","1.61%"
"11/30/2023","78.96","78.51","78.96","78.28","59.65K","0.84%"
"11/29/2023","78.30","78.46","78.88","78.25","58.69K","0.42%"
"11/28/2023","77.97","77.82","78.26","77.72","39.19K","0.01%"
"11/27/2023","77.96","77.92","78.08","77.67","10.15K","-0.12%"
"11/24/2023","78.05","77.84","78.11","77.84","6.38K","0.28%"
"11/22/2023","77.83","77.65","78.00","77.59","470.87K","0.49%"
"11/21/2023","77.45","77.42","77.52","77.28","16.01K","-0.17%"
"11/20/2023","77.58","77.17","77.77","76.95","24.42K","0.54%"
"11/17/2023","77.17","77.08","77.22","76.95","26.83K","0.46%"
"11/16/2023","76.82","76.97","77.12","76.59","33.54K","-0.34%"
"11/15/2023","77.08","77.00","77.68","77.00","55.47K","0.38%"
"11/14/2023","76.79","75.75","76.97","75.75","136.82K","3.00%"
"11/13/2023","74.55","74.34","74.70","74.27","67.32K","-0.08%"
"11/10/2023","74.61","73.90","74.69","73.68","35.65K","1.17%"
"11/09/2023","73.75","74.63","74.63","73.69","26.95K","-0.99%"
"11/08/2023","74.49","74.82","74.82","74.19","108.17K","-0.17%"
"11/07/2023","74.62","74.51","74.83","74.40","26.86K","0.05%"
"11/06/2023","74.58","75.25","75.25","74.34","54.67K","-0.65%"
"11/03/2023","75.07","74.37","75.40","74.37","55.08K","1.78%"
"11/02/2023","73.76","72.72","73.82","72.72","42.09K","2.19%"
"11/01/2023","72.18","71.98","72.25","71.51","100.68K","0.39%"
"10/31/2023","71.90","71.41","71.97","71.40","51.41K","0.93%"
"10/30/2023","71.24","71.22","71.42","70.65","238.77K","0.79%"
"10/27/2023","70.68","71.68","71.68","70.53","92.92K","-1.08%"
"10/26/2023","71.45","71.62","72.01","71.33","75.97K","-0.24%"
"10/25/2023","71.62","72.34","72.42","71.60","29.80K","-1.40%"
"10/24/2023","72.64","72.60","73.02","72.32","39.10K","0.69%"
"10/23/2023","72.14","72.31","72.87","71.96","39.10K","-0.65%"
"10/20/2023","72.61","73.48","73.51","72.61","43.38K","-1.32%"
"10/19/2023","73.58","74.55","74.80","73.44","42.26K","-1.27%"
"10/18/2023","74.53","75.47","75.47","74.42","29.04K","-1.69%"
"10/17/2023","75.81","74.96","76.19","74.96","52.84K","0.48%"
"10/16/2023","75.45","74.83","75.59","74.71","26.33K","1.30%"
"10/13/2023","74.48","75.00","75.03","74.29","35.77K","-0.37%"
"10/12/2023","74.76","75.46","75.46","74.43","121.16K","-1.40%"
"10/11/2023","75.82","75.75","75.94","75.31","12.64K","0.28%"
"10/10/2023","75.61","75.17","76.01","75.17","23.98K","0.92%"
"10/09/2023","74.92","74.16","75.04","74.10","57.61K","0.71%"
"10/06/2023","74.39","73.27","74.78","73.00","36.82K","1.01%"
"10/05/2023","73.64","73.76","73.80","73.18","49.97K","-0.32%"
"10/04/2023","73.88","73.66","73.95","72.95","63.50K","0.78%"
"10/03/2023","73.31","73.97","74.11","73.10","41.96K","-1.47%"
"10/02/2023","74.40","75.07","75.07","74.07","41.44K","-1.08%"
"09/29/2023","75.21","75.96","76.00","75.09","29.17K","-0.23%"
"09/28/2023","75.38","74.75","75.66","74.75","44.34K","0.80%"
"09/27/2023","74.78","75.01","75.02","74.25","25.79K","0.24%"
"09/26/2023","74.60","75.25","75.25","74.51","133.58K","-1.75%"
"09/25/2023","75.93","75.66","75.97","75.38","37.51K","0.25%"
"09/22/2023","75.74","76.13","76.23","75.69","23.72K","-0.32%"
"09/21/2023","75.98","76.98","77.03","75.97","26.42K","-1.80%"
"09/20/2023","77.37","78.08","78.30","77.33","16.52K","-0.42%"
"09/19/2023","77.70","77.92","77.92","77.46","17.54K","-0.23%"
"09/18/2023","77.88","78.09","78.16","77.83","19.48K","-0.23%"
"09/15/2023","78.06","78.60","78.60","78.00","273.95K","-1.00%"
"09/14/2023","78.85","78.61","78.89","78.38","49.80K","1.02%"
"09/13/2023","78.05","78.42","78.42","77.86","10.96K","-0.37%"
"09/12/2023","78.34","78.57","78.74","78.31","17.83K","-0.22%"
"09/11/2023","78.51","78.78","78.82","78.37","26.72K","0.27%"
"09/08/2023","78.30","78.35","78.50","78.19","23.26K","0.04%"
"09/07/2023","78.27","78.34","78.40","77.95","57.04K","-0.42%"
"09/06/2023","78.60","78.82","78.92","78.27","45.13K","-0.37%"
"09/05/2023","78.89","79.65","79.65","78.89","19.58K","-1.13%"
"09/01/2023","79.79","79.86","80.09","79.61","42.38K","0.46%"
"08/31/2023","79.42","79.78","79.78","79.39","38.22K","-0.05%"
"08/30/2023","79.46","79.13","79.59","79.13","208.11K","0.37%"
"08/29/2023","79.17","78.09","79.19","78.09","31.89K","1.33%"
"08/28/2023","78.13","77.93","78.36","77.90","25.65K","0.75%"
"08/25/2023","77.55","77.55","77.84","76.94","50.10K","0.45%"
"08/24/2023","77.20","78.03","78.42","77.18","50.35K","-1.01%"
"08/23/2023","77.99","77.39","78.10","77.37","53.64K","0.84%"
"08/22/2023","77.34","77.77","77.78","77.29","19.74K","-0.36%"
"08/21/2023","77.62","77.74","77.84","77.15","20.43K","0.06%"
"08/18/2023","77.57","76.98","77.64","76.98","39.44K","0.17%"
"08/17/2023","77.44","78.39","78.39","77.42","30.43K","-0.92%"
"08/16/2023","78.16","78.79","78.79","78.16","32.76K","-0.71%"
"08/15/2023","78.71","79.30","79.30","78.65","24.04K","-1.30%"
"08/14/2023","79.75","79.48","79.79","79.39","34.67K","0.06%"
"08/11/2023","79.70","79.60","79.86","79.45","50.12K","-0.10%"
"08/10/2023","79.78","80.35","80.77","79.60","107.77K","-0.08%"
"08/09/2023","79.84","80.25","80.39","79.72","12.06K","-0.39%"
"08/08/2023","80.15","79.87","80.18","79.41","32.95K","-0.61%"
"08/07/2023","80.64","80.26","80.64","80.24","11.79K","0.79%"
"08/04/2023","80.01","80.67","80.98","79.95","15.15K","-0.44%"
"08/03/2023","80.36","80.36","80.47","80.04","14.62K","-0.42%"
"08/02/2023","80.70","81.03","81.14","80.57","14.96K","-1.25%"
"08/01/2023","81.72","81.60","81.83","81.48","28.73K","-0.38%"
"07/31/2023","82.03","81.85","82.14","81.81","21.13K","0.43%"
"07/28/2023","81.68","81.76","81.76","81.33","172.79K","0.78%"
"07/27/2023","81.05","82.31","82.37","80.93","17.21K","-0.90%"
"07/26/2023","81.79","81.44","81.79","81.44","55.99K","0.18%"
"07/25/2023","81.64","81.39","81.88","81.39","30.32K","0.13%"
"07/24/2023","81.53","81.44","81.67","81.37","39.05K","0.11%"
"07/21/2023","81.44","81.74","81.74","81.33","52.65K","0.09%"
"07/20/2023","81.37","81.53","81.53","81.17","59.40K","-0.40%"
"07/19/2023","81.70","81.53","81.79","81.50","46.41K","0.47%"
"07/18/2023","81.32","80.76","81.35","80.76","78.42K","0.68%"
"07/17/2023","80.77","80.39","80.92","80.17","92.73K","0.54%"
"07/14/2023","80.34","80.98","80.98","80.34","64.23K","-0.79%"
"07/13/2023","80.98","80.61","81.02","80.54","85.92K","0.82%"
"07/12/2023","80.32","80.61","80.61","80.24","38.91K","0.47%"
"07/11/2023","79.95","79.22","80.03","79.22","12.08K","1.29%"
"07/10/2023","78.93","78.02","78.93","78.02","28.66K","1.03%"
"07/07/2023","78.12","78.22","78.80","78.12","19.99K","0.31%"
"07/06/2023","77.88","77.85","77.90","77.27","36.66K","-0.98%"
"07/05/2023","78.65","78.80","78.82","78.46","42.24K","-0.48%"
"07/03/2023","79.03","78.70","79.04","78.58","20.82K","0.29%"
"06/30/2023","78.80","78.65","78.92","78.41","351.70K","1.01%"
"06/29/2023","78.01","77.67","78.03","77.67","30.93K","0.70%"
"06/28/2023","77.47","77.42","77.53","77.15","49.66K","0.01%"
"06/27/2023","77.46","76.66","77.55","76.55","38.47K","1.33%"
"06/26/2023","76.44","76.12","76.65","76.12","14.86K","0.54%"
"06/23/2023","76.03","76.24","76.35","75.96","225.31K","-0.90%"
"06/22/2023","76.72","76.91","76.91","76.47","22.63K","-0.35%"
"06/21/2023","76.99","77.14","77.28","76.81","33.28K","-0.39%"
"06/20/2023","77.29","77.68","77.68","77.00","43.43K","-0.82%"
"06/16/2023","77.93","78.52","78.52","77.84","27.96K","-0.23%"
"06/15/2023","78.11","77.13","78.24","77.13","12.12K","1.18%"
"06/14/2023","77.20","77.61","77.78","76.71","22.46K","-0.26%"
"06/13/2023","77.40","76.95","77.48","76.95","43.51K","1.16%"
"06/12/2023","76.51","76.14","76.55","76.07","49.15K","0.66%"
"06/09/2023","76.01","76.40","76.40","75.85","61.48K","-0.22%"
"06/08/2023","76.18","76.22","76.22","75.65","26.42K","0.07%"
"06/07/2023","76.13","76.07","76.29","75.80","34.03K","0.14%"
"06/06/2023","76.03","75.46","76.14","75.35","23.48K","0.76%"
"06/05/2023","75.45","75.77","75.77","75.27","31.33K","-0.29%"
"06/02/2023","75.67","75.03","75.78","74.92","12.09K","2.26%"
"06/01/2023","74.00","73.45","74.11","73.15","10.72K","0.82%"
"05/31/2023","73.40","73.53","73.53","73.03","16.75K","-0.80%"
"05/30/2023","73.99","74.55","74.55","73.79","7.30K","-0.08%"
"05/26/2023","74.05","73.54","74.12","73.54","7.13K","1.01%"
"05/25/2023","73.31","73.45","73.45","72.93","24.86K","-0.07%"
"05/24/2023","73.36","73.77","73.77","73.27","12.51K","-1.00%"
"05/23/2023","74.10","74.60","74.94","74.09","14.93K","-1.09%"
"05/22/2023","74.92","74.76","75.14","74.74","7.26K","0.30%"
"05/19/2023","74.69","75.14","75.17","74.49","12.50K","-0.32%"
"05/18/2023","74.93","74.08","74.93","74.08","67.93K","1.04%"
"05/17/2023","74.16","73.60","74.30","73.26","11.69K","1.21%"
"05/16/2023","73.27","74.00","74.00","73.27","25.64K","-1.44%"
"05/15/2023","74.34","74.05","74.42","73.98","10.57K","0.75%"
"05/12/2023","73.79","73.88","73.91","73.37","9.82K","-0.18%"
"05/11/2023","73.92","73.82","73.92","73.55","25.03K","-0.35%"
"05/10/2023","74.18","74.67","74.67","73.57","7.18K","0.14%"
"05/09/2023","74.07","73.89","74.22","73.88","6.23K","-0.34%"
"05/08/2023","74.33","74.21","74.41","74.10","4.69K","0.11%"
"05/05/2023","74.25","73.69","74.43","73.69","10.10K","1.68%"
"05/04/2023","73.02","73.42","73.42","72.84","10.45K","-0.87%"
"05/03/2023","73.66","74.05","74.55","73.63","9.96K","-0.51%"
"05/02/2023","74.04","74.57","74.57","73.46","11.34K","-1.50%"
"05/01/2023","75.17","75.43","75.51","75.13","7.47K","-0.01%"
"04/28/2023","75.18","74.27","75.19","74.27","10.25K","0.91%"
"04/27/2023","74.50","73.75","74.52","73.68","18.94K","1.55%"
"04/26/2023","73.36","73.86","74.03","73.26","14.35K","-0.93%"
"04/25/2023","74.05","74.93","74.93","74.05","14.96K","-1.86%"
"04/24/2023","75.45","75.43","75.54","75.15","19.37K","0.07%"
"04/21/2023","75.40","75.27","75.41","74.99","10.86K","0.04%"
"04/20/2023","75.37","75.49","75.65","75.34","10.34K","-0.53%"
"04/19/2023","75.77","75.53","75.92","75.48","23.66K","-0.13%"
"04/18/2023","75.87","75.98","76.12","75.61","23.89K","0.10%"
"04/17/2023","75.79","75.28","75.79","75.24","222.79K","0.62%"
"04/14/2023","75.32","75.54","76.03","74.96","20.09K","-0.46%"
"04/13/2023","75.67","75.21","75.79","75.04","26.31K","0.85%"
"04/12/2023","75.03","75.92","75.92","74.98","23.22K","-0.48%"
"04/11/2023","75.39","75.22","75.69","75.15","30.17K","0.57%"
"04/10/2023","74.96","74.05","74.96","74.05","103.52K","0.67%"
"04/06/2023","74.46","74.12","74.56","74.04","32.54K","0.11%"
"04/05/2023","74.38","74.45","74.60","74.08","24.73K","-0.51%"
"04/04/2023","74.76","75.50","75.50","74.45","49.47K","-1.03%"
"04/03/2023","75.54","75.64","75.78","75.11","9.24K","-0.01%"
"03/31/2023","75.55","74.82","75.55","74.82","65.36K","1.61%"
"03/30/2023","74.35","74.39","74.68","74.03","16.56K","0.58%"
"03/29/2023","73.92","73.60","73.97","73.46","37.85K","1.50%"
"03/28/2023","72.83","72.64","73.08","72.61","78.38K","0.08%"
"03/27/2023","72.77","73.05","73.08","72.49","225.40K","0.68%"
"03/24/2023","72.28","71.38","72.28","71.09","49.79K","0.68%"
"03/23/2023","71.79","72.18","73.10","71.27","16.15K","-0.60%"
"03/22/2023","72.22","73.77","73.77","72.22","9.05K","-2.31%"
"03/21/2023","73.93","73.45","74.06","73.45","14.49K","1.54%"
"03/20/2023","72.81","72.30","72.98","72.25","19.78K","1.10%"
"03/17/2023","72.02","72.78","72.83","71.78","18.42K","-1.67%"
"03/16/2023","73.24","71.67","73.31","71.67","18.96K","1.43%"
"03/15/2023","72.21","71.81","72.21","71.27","31.90K","-1.43%"
"03/14/2023","73.26","73.43","73.83","72.52","36.88K","1.36%"
"03/13/2023","72.28","72.08","72.79","71.26","19.63K","-0.76%"
"03/10/2023","72.83","74.60","74.60","72.47","26.22K","-2.40%"
"03/09/2023","74.62","76.31","76.52","74.54","24.14K","-2.20%"
"03/08/2023","76.30","76.24","76.43","75.91","14.14K","0.12%"
"03/07/2023","76.21","77.52","77.52","76.15","14.16K","-1.58%"
"03/06/2023","77.43","77.81","78.16","77.39","95.25K","-0.51%"
"03/03/2023","77.83","77.04","77.92","76.92","8.27K","1.44%"
"03/02/2023","76.72","75.54","76.82","75.54","48.31K","0.79%"
"03/01/2023","76.12","76.43","76.43","75.93","32.87K","-0.33%"
"02/28/2023","76.37","76.31","76.81","76.31","25.16K","-0.10%"
"02/27/2023","76.45","76.89","77.25","76.36","11.64K","0.18%"
"02/24/2023","76.31","76.11","76.44","75.79","29.61K","-1.07%"
"02/23/2023","77.14","77.49","77.49","76.36","17.40K","0.31%"
"02/22/2023","76.90","77.19","77.25","76.63","20.01K","0.08%"
"02/21/2023","76.84","77.77","77.91","76.84","137.47K","-2.30%"
"02/17/2023","78.65","78.33","78.71","78.14","7.96K","-0.52%"
"02/16/2023","79.06","79.28","79.84","78.87","34.37K","-1.18%"
"02/15/2023","80.00","78.87","80.00","78.87","25.62K","0.84%"
"02/14/2023","79.33","79.18","79.86","78.49","37.98K","0.14%"
"02/13/2023","79.22","78.66","79.26","78.66","64.42K","1.07%"
"02/10/2023","78.38","78.23","78.38","77.85","12.13K","0.04%"
"02/09/2023","78.35","79.94","79.94","78.12","16.89K","-1.04%"
"02/08/2023","79.17","79.88","79.88","79.13","24.65K","-1.04%"
"02/07/2023","80.00","79.09","80.21","78.57","20.41K","1.00%"
"02/06/2023","79.21","79.26","79.50","78.96","257.79K","-0.87%"
"02/03/2023","79.90","80.44","80.70","79.67","120.46K","-1.41%"
"02/02/2023","81.04","80.57","81.43","80.54","52.86K","1.46%"
"02/01/2023","79.87","78.76","80.38","78.41","13.31K","1.20%"
"01/31/2023","78.92","77.66","78.92","77.61","64.71K","1.79%"
"01/30/2023","77.53","77.84","78.43","77.53","13.24K","-1.29%"
"01/27/2023","78.54","78.12","78.89","78.09","17.73K","0.55%"
"01/26/2023","78.11","77.78","78.11","77.40","8.96K","0.91%"
"01/25/2023","77.41","76.33","77.41","76.07","19.71K","0.12%"
"01/24/2023","77.32","77.14","77.50","77.14","26.37K","-0.31%"
"01/23/2023","77.57","76.82","77.78","76.80","15.66K","1.42%"
"01/20/2023","76.48","75.48","76.48","75.31","15.09K","1.97%"
"01/19/2023","75.00","75.22","75.42","74.73","104.94K","-1.20%"
"01/18/2023","75.91","77.23","77.57","75.90","14.23K","-1.51%"
"01/17/2023","77.07","77.40","77.40","76.96","18.56K","-0.03%"
"01/13/2023","77.09","76.28","77.12","76.28","9.10K","0.30%"
"01/12/2023","76.86","76.87","77.08","76.06","21.87K","0.42%"
"01/11/2023","76.54","75.94","76.55","75.87","20.84K","1.38%"
"01/10/2023","75.50","74.64","75.53","74.64","32.44K","0.73%"
"01/09/2023","74.95","75.30","75.78","74.93","940.96K","0.25%"
"01/06/2023","74.76","73.43","74.91","73.43","6.57K","2.28%"
"01/05/2023","73.09","73.00","73.25","72.98","4.42K","-1.21%"
"01/04/2023","73.99","73.42","74.26","73.42","45.39K","1.65%"
"01/03/2023","72.79","73.51","73.51","72.28","13.92K","-0.21%"
"12/30/2022","72.94","72.65","73.00","72.30","60.92K","-0.50%"
"12/29/2022","73.31","73.12","73.46","73.04","48.25K","2.02%"
"12/28/2022","71.86","72.76","73.14","71.86","9.88K","-1.39%"
"12/27/2022","72.87","72.88","73.00","72.68","6.80K","-0.10%"
"12/23/2022","72.94","72.37","72.94","72.37","11.89K","0.54%"
"12/22/2022","72.55","72.60","72.60","71.41","12.50K","-1.20%"
"12/21/2022","73.43","72.83","73.60","72.83","20.64K","1.55%"
"12/20/2022","72.31","71.88","72.59","71.81","25.96K","0.22%"
"12/19/2022","72.15","73.12","73.12","71.88","34.97K","-1.21%"
"12/16/2022","73.03","73.14","73.30","72.44","56.78K","-1.05%"
"12/15/2022","73.81","75.00","75.00","73.61","24.64K","-2.50%"
"12/14/2022","75.70","76.43","76.67","75.15","93.72K","-0.57%"
"12/13/2022","76.13","77.76","77.76","75.67","7.70K","0.55%"
"12/12/2022","75.72","74.83","75.72","74.61","34.37K","1.46%"
"12/09/2022","74.63","75.03","75.30","74.63","7.84K","-0.61%"
"12/08/2022","75.09","74.82","75.50","74.82","11.26K","0.75%"
"12/07/2022","74.53","74.76","75.00","74.46","9.28K","-0.13%"
"12/06/2022","74.63","75.71","75.71","74.12","11.15K","-1.32%"
"12/05/2022","75.63","76.32","76.41","75.43","9.78K","-2.23%"
"12/02/2022","77.35","76.42","77.54","76.42","18.47K","-0.13%"
"12/01/2022","77.45","77.66","77.78","77.12","13.50K","0.38%"
"11/30/2022","77.15","75.24","77.15","74.77","22.90K","2.60%"
"11/29/2022","75.20","75.16","75.39","75.00","9.50K","0.26%"
"11/28/2022","75.01","75.71","75.74","74.90","5.00K","-1.61%"
"11/25/2022","76.24","76.13","76.35","76.13","23.38K","0.14%"
"11/23/2022","76.13","75.72","76.25","75.66","25.69K","0.63%"
"11/22/2022","75.66","75.01","75.72","75.01","39.35K","1.25%"
"11/21/2022","74.72","74.52","74.75","74.27","14.58K","-0.19%"
"11/18/2022","74.86","74.57","74.86","74.28","78.26K","0.75%"
"11/17/2022","74.30","73.79","74.35","73.70","5.59K","-0.93%"
"11/16/2022","75.00","75.29","75.29","74.91","8.95K","-1.33%"
"11/15/2022","76.01","76.47","76.53","75.61","13.26K","1.08%"
"11/14/2022","75.20","75.67","76.22","75.20","10.16K","-1.15%"
"11/11/2022","76.07","75.40","76.31","75.40","18.46K","1.31%"
"11/10/2022","75.09","73.67","75.10","73.67","29.19K","5.98%"
"11/09/2022","70.85","71.91","72.13","70.85","27.86K","-2.16%"
"11/08/2022","72.41","71.83","73.12","71.83","15.83K","0.56%"
"11/07/2022","72.01","71.66","72.07","71.32","14.91K","0.76%"
"11/04/2022","71.47","71.68","71.79","70.38","52.96K","1.26%"
"11/03/2022","70.58","70.08","71.07","70.00","25.57K","-0.48%"
"11/02/2022","70.92","72.84","73.24","70.92","12.73K","-2.76%"
"11/01/2022","72.94","73.49","73.49","72.67","13.28K","0.33%"
"10/31/2022","72.70","72.78","73.19","72.46","62.57K","-0.47%"
"10/28/2022","73.04","71.81","73.04","71.81","15.40K","1.88%"
"10/27/2022","71.69","71.85","72.60","71.56","25.14K","0.13%"
"10/26/2022","71.60","71.41","72.49","71.41","4.04K","0.10%"
"10/25/2022","71.53","70.97","71.56","70.97","18.24K","2.26%"
"10/24/2022","69.95","69.61","70.15","69.26","14.39K","0.88%"
"10/21/2022","69.34","67.93","69.36","67.79","7.01K","2.00%"
"10/20/2022","67.98","68.68","69.17","67.76","14.53K","-0.86%"
"10/19/2022","68.57","69.06","69.06","68.19","45.30K","-1.28%"
"10/18/2022","69.46","70.22","70.22","69.14","7.75K","1.48%"
"10/17/2022","68.45","68.37","68.67","68.28","9.87K","2.47%"
"10/14/2022","66.80","68.91","69.08","66.66","32.91K","-2.40%"
"10/13/2022","68.44","65.87","68.67","65.35","36.75K","2.04%"
"10/12/2022","67.07","67.16","67.43","67.06","57.44K","-0.44%"
"10/11/2022","67.37","67.39","68.26","66.93","16.02K","-0.58%"
"10/10/2022","67.76","68.35","68.37","67.34","8.29K","-0.77%"
"10/07/2022","68.28","69.63","69.63","67.96","11.28K","-2.81%"
"10/06/2022","70.26","70.79","71.00","70.12","10.76K","-0.97%"
"10/05/2022","70.95","70.37","71.22","69.94","19.41K","-0.30%"
"10/04/2022","71.16","69.81","71.16","69.81","15.03K","3.64%"
"10/03/2022","68.67","67.62","69.05","67.60","12.71K","2.81%"
"09/30/2022","66.79","67.54","68.26","66.79","24.07K","-1.08%"
"09/29/2022","67.52","68.22","68.22","67.04","11.84K","-1.97%"
"09/28/2022","68.88","67.63","69.16","67.59","51.24K","2.50%"
"09/27/2022","67.20","68.15","68.46","66.83","55.01K","-0.28%"
"09/26/2022","67.39","68.13","68.52","67.24","89.16K","-1.96%"
"09/23/2022","68.74","69.37","69.37","67.96","19.72K","-1.79%"
"09/22/2022","69.99","71.08","71.19","69.96","53.76K","-1.88%"
"09/21/2022","71.33","72.75","72.98","71.33","5.27K","-1.45%"
"09/20/2022","72.38","73.25","73.25","72.05","9.75K","-1.71%"
"09/19/2022","73.64","72.77","73.66","72.77","21.36K","0.66%"
"09/16/2022","73.16","73.37","73.37","72.61","18.38K","-1.35%"
"09/15/2022","74.16","74.44","75.17","74.02","11.71K","-0.82%"
"09/14/2022","74.77","74.92","74.92","74.19","12.14K","0.08%"
"09/13/2022","74.71","76.11","76.11","74.49","11.69K","-4.00%"
"09/12/2022","77.82","77.47","77.92","77.39","15.80K","0.92%"
"09/09/2022","77.11","76.31","77.19","76.31","20.63K","1.78%"
"09/08/2022","75.76","74.38","75.76","74.38","13.51K","1.08%"
"09/07/2022","74.95","73.37","75.05","73.37","18.30K","2.18%"
"09/06/2022","73.35","73.71","73.83","72.88","16.61K","-0.39%"
"09/02/2022","73.64","74.93","75.18","73.45","16.45K","-0.73%"
"09/01/2022","74.18","73.79","74.18","72.97","15.22K","-0.26%"
"08/31/2022","74.37","75.07","75.45","74.34","13.35K","-0.67%"
"08/30/2022","74.87","75.91","75.97","74.52","13.50K","-0.98%"
"08/29/2022","75.61","75.61","76.20","75.45","12.30K","-0.75%"
"08/26/2022","76.18","78.59","78.67","76.17","14.09K","-3.24%"
"08/25/2022","78.73","78.02","78.73","77.83","11.16K","1.60%"
"08/24/2022","77.49","76.98","77.81","76.97","12.16K","0.60%"
"08/23/2022","77.03","77.29","77.77","77.02","10.34K","-0.20%"
"08/22/2022","77.18","77.96","77.96","77.10","111.56K","-2.28%"
"08/19/2022","78.98","79.28","79.28","78.75","9.74K","-1.66%"
"08/18/2022","80.31","80.44","80.45","79.96","10.20K","0.16%"
"08/17/2022","80.18","80.26","80.63","79.73","16.15K","-1.23%"
"08/16/2022","81.18","80.86","81.60","80.57","187.50K","0.27%"
"08/15/2022","80.96","80.34","81.08","80.34","19.85K","0.17%"
"08/12/2022","80.82","80.01","80.82","79.73","9.79K","1.62%"
"08/11/2022","79.53","80.03","80.29","79.39","25.77K","0.19%"
"08/10/2022","79.38","78.87","79.39","78.87","198.19K","2.61%"
"08/09/2022","77.36","77.81","77.82","77.20","11.17K","-0.90%"
"08/08/2022","78.06","78.06","78.88","77.90","8.13K","0.44%"
"08/05/2022","77.72","76.91","77.74","76.91","9.32K","0.32%"
"08/04/2022","77.47","77.57","77.59","77.35","24.97K","-0.10%"
"08/03/2022","77.55","77.08","77.67","76.86","13.35K","1.37%"
"08/02/2022","76.50","76.16","77.30","76.16","19.19K","-0.33%"
"08/01/2022","76.75","76.82","76.82","76.39","15.66K","-0.13%"
"07/29/2022","76.85","76.18","76.88","76.04","17.33K","1.07%"
"07/28/2022","76.04","74.99","76.10","74.58","6.21K","1.51%"
"07/27/2022","74.91","74.01","75.21","73.67","28.07K","2.14%"
"07/26/2022","73.34","73.85","73.85","73.19","13.36K","-1.13%"
"07/25/2022","74.18","73.87","74.29","73.78","11.75K","0.09%"
"07/22/2022","74.11","75.10","75.32","73.69","9.03K","-1.00%"
"07/21/2022","74.86","74.00","74.91","74.00","104.64K","0.86%"
"07/20/2022","74.22","73.60","74.33","73.60","5.71K","1.13%"
"07/19/2022","73.39","72.27","73.48","72.21","9.64K","2.86%"
"07/18/2022","71.35","72.26","72.47","71.13","8.50K","-0.32%"
"07/15/2022","71.58","71.17","71.58","70.85","12.68K","2.01%"
"07/14/2022","70.17","69.87","70.23","69.28","14.70K","-1.06%"
"07/13/2022","70.92","70.11","71.36","70.10","16.71K","-0.51%"
"07/12/2022","71.28","71.71","72.15","71.02","13.75K","-0.64%"
"07/11/2022","71.74","71.99","72.11","71.67","93.33K","-1.32%"
"07/08/2022","72.70","72.90","73.18","72.36","20.33K","-0.34%"
"07/07/2022","72.95","72.06","73.01","72.06","19.80K","1.86%"
"07/06/2022","71.61","71.92","71.97","71.25","18.87K","-0.11%"
"07/05/2022","71.70","70.33","71.70","69.87","15.43K","0.27%"
"07/01/2022","71.50","71.35","71.66","70.19","33.12K","1.22%"
"06/30/2022","70.64","70.04","71.07","69.84","21.89K","-0.76%"
"06/29/2022","71.18","71.55","71.55","70.81","11.55K","-0.60%"
"06/28/2022","71.61","73.76","73.76","71.61","12.02K","-1.82%"
"06/27/2022","72.94","73.56","73.56","72.62","25.43K","-0.32%"
"06/24/2022","73.17","71.92","73.17","71.92","120.78K","3.32%"
"06/23/2022","70.82","70.15","70.86","69.72","20.97K","1.32%"
"06/22/2022","69.90","69.38","70.50","69.24","23.39K","0.13%"
"06/21/2022","69.81","69.44","70.28","69.44","41.59K","1.74%"
"06/17/2022","68.62","68.14","69.09","67.76","135.28K","0.77%"
"06/16/2022","68.09","68.86","68.97","67.62","41.37K","-3.91%"
"06/15/2022","70.86","70.49","71.76","69.59","25.67K","1.46%"
"06/14/2022","69.84","70.78","70.78","69.49","25.64K","-0.46%"
"06/13/2022","70.16","71.77","71.77","69.85","49.17K","-4.64%"
"06/10/2022","73.57","74.60","74.60","73.49","16.93K","-2.79%"
"06/09/2022","75.68","77.04","77.33","75.68","22.59K","-2.82%"
"06/08/2022","77.88","78.67","78.70","77.77","9.73K","-1.37%"
"06/07/2022","78.96","77.47","79.01","77.47","46.65K","1.14%"
"06/06/2022","78.07","78.75","78.77","77.97","6.28K","0.32%"
"06/03/2022","77.82","78.17","78.34","77.75","11.72K","-1.42%"
"06/02/2022","78.94","77.16","78.96","77.16","16.75K","2.22%"
"06/01/2022","77.22","78.40","78.40","76.69","4.57K","-1.03%"
"05/31/2022","78.03","78.39","78.56","77.72","43.64K","-1.00%"
"05/27/2022","78.82","78.12","78.82","78.08","8.47K","2.37%"
"05/26/2022","77.00","75.86","77.25","75.76","17.37K","2.11%"
"05/25/2022","75.41","74.55","75.61","74.55","55.14K","1.25%"
"05/24/2022","74.48","74.59","74.59","73.27","18.77K","-0.97%"
"05/23/2022","75.21","74.75","75.26","74.43","17.39K","1.33%"
"05/20/2022","74.22","73.54","74.22","72.75","25.00K","-0.02%"
"05/19/2022","74.24","73.68","74.82","73.39","23.19K","0.05%"
"05/18/2022","74.20","75.93","75.98","73.93","18.27K","-3.64%"
"05/17/2022","77.00","76.59","77.00","75.87","13.89K","2.12%"
"05/16/2022","75.40","75.62","75.92","75.30","17.42K","-0.59%"
"05/13/2022","75.85","74.57","76.09","74.57","30.28K","2.81%"
"05/12/2022","73.78","72.94","74.35","72.59","49.05K","0.65%"
"05/11/2022","73.30","75.11","75.50","73.26","25.01K","-1.62%"
"05/10/2022","74.51","75.86","75.86","73.43","25.10K","-0.25%"
"05/09/2022","74.70","76.33","76.40","74.42","67.54K","-3.53%"
"05/06/2022","77.43","78.04","78.04","76.38","33.73K","-1.17%"
"05/05/2022","78.35","79.81","79.81","77.67","40.71K","-3.37%"
"05/04/2022","81.08","78.78","81.10","78.23","32.46K","2.79%"
"05/03/2022","78.88","78.83","79.23","78.54","28.32K","0.68%"
"05/02/2022","78.35","78.22","78.42","76.75","234.68K","0.56%"
"04/29/2022","77.91","80.25","80.32","77.91","27.22K","-3.23%"
"04/28/2022","80.51","79.59","80.84","78.75","12.56K","1.71%"
"04/27/2022","79.16","80.05","80.10","78.79","24.35K","0.03%"
"04/26/2022","79.14","80.86","80.86","79.14","34.58K","-2.46%"
"04/25/2022","81.14","79.99","81.18","79.42","23.87K","0.51%"
"04/22/2022","80.73","82.63","82.63","80.72","57.89K","-2.69%"
"04/21/2022","82.96","85.05","85.11","82.82","44.93K","-1.81%"
"04/20/2022","84.49","84.81","84.97","84.36","14.75K","0.23%"
"04/19/2022","84.30","82.63","84.42","82.63","15.64K","2.00%"
"04/18/2022","82.65","83.08","83.08","82.41","21.29K","-0.61%"
"04/14/2022","83.16","84.06","84.26","83.16","14.53K","-0.87%"
"04/13/2022","83.89","83.02","83.95","83.02","12.91K","1.33%"
"04/12/2022","82.79","83.52","84.17","82.63","15.69K","-0.41%"
"04/11/2022","83.13","83.37","84.00","83.13","20.81K","-1.01%"
"04/08/2022","83.98","83.78","84.50","83.60","9.96K","-0.01%"
"04/07/2022","83.99","83.61","84.33","83.04","12.92K","0.26%"
"04/06/2022","83.77","83.92","83.99","83.21","27.72K","-0.75%"
"04/05/2022","84.40","85.29","85.75","84.28","9.55K","-1.36%"
"04/04/2022","85.56","85.16","85.64","85.07","10.60K","0.46%"
"04/01/2022","85.17","85.01","85.22","84.57","6.68K","0.40%"
"03/31/2022","84.83","86.10","86.10","84.80","77.95K","-1.31%"
"03/30/2022","85.96","86.68","86.68","85.60","16.24K","-0.92%"
"03/29/2022","86.76","85.77","86.87","85.77","26.30K","1.85%"
"03/28/2022","85.18","84.79","85.18","84.16","10.06K","0.51%"
"03/25/2022","84.75","84.50","84.75","84.23","17.61K","0.30%"
"03/24/2022","84.50","83.74","84.51","83.54","41.82K","0.81%"
"03/23/2022","83.82","84.73","84.73","83.78","28.89K","-1.31%"
"03/22/2022","84.93","84.47","85.06","84.47","116.08K","1.08%"
"03/21/2022","84.02","84.35","84.62","83.63","11.82K","-0.36%"
"03/18/2022","84.32","83.09","84.32","83.09","30.74K","1.16%"
"03/17/2022","83.35","81.68","83.35","81.68","25.33K","1.45%"
"03/16/2022","82.16","80.85","82.16","80.19","29.13K","2.43%"
"03/15/2022","80.21","79.01","80.21","79.01","21.93K","1.84%"
"03/14/2022","78.76","79.87","80.08","78.46","43.39K","-0.76%"
"03/11/2022","79.36","81.15","81.17","79.36","31.26K","-1.56%"
"03/10/2022","80.62","80.16","80.71","79.70","30.06K","-0.49%"
"03/09/2022","81.02","80.49","81.42","80.49","28.43K","2.40%"
"03/08/2022","79.12","79.42","80.94","78.98","20.54K","-0.48%"
"03/07/2022","79.50","80.92","80.94","79.50","23.60K","-3.00%"
"03/04/2022","81.96","81.68","81.99","81.26","18.14K","-0.87%"
"03/03/2022","82.68","83.52","83.52","82.48","10.48K","-0.84%"
"03/02/2022","83.38","82.41","83.60","82.41","8.85K","1.87%"
"03/01/2022","81.85","83.19","83.19","81.42","16.51K","-1.58%"
"02/28/2022","83.17","82.63","83.43","82.18","33.21K","-0.21%"
"02/25/2022","83.34","81.89","83.36","81.89","47.84K","2.48%"
"02/24/2022","81.32","78.55","81.39","78.05","178.26K","1.46%"
"02/23/2022","80.15","82.20","82.20","80.10","41.46K","-1.66%"
"02/22/2022","81.50","82.16","82.51","81.20","89.14K","-1.18%"
"02/18/2022","82.47","82.79","83.42","82.23","38.68K","-0.74%"
"02/17/2022","83.09","84.28","84.28","82.97","18.67K","-1.96%"
"02/16/2022","84.75","84.38","84.86","83.97","16.55K","0.13%"
"02/15/2022","84.64","84.22","84.65","84.20","18.57K","1.66%"
"02/14/2022","83.26","83.97","83.97","82.75","41.22K","-0.83%"
"02/11/2022","83.96","85.50","85.58","83.74","8.57K","-1.30%"
"02/10/2022","85.06","86.13","86.71","84.64","23.18K","-1.46%"
"02/09/2022","86.32","85.91","86.38","85.88","116.59K","1.82%"
"02/08/2022","84.78","84.17","84.90","83.75","17.93K","0.84%"
"02/07/2022","84.07","84.30","84.72","83.92","12.08K","-0.01%"
"02/04/2022","84.08","83.75","84.64","83.21","21.69K","0.38%"
"02/03/2022","83.76","84.23","84.67","83.73","32.45K","-1.77%"
"02/02/2022","85.27","84.77","85.29","84.67","24.21K","0.37%"
"02/01/2022","84.96","84.56","84.96","84.18","15.33K","0.93%"
"01/31/2022","84.18","82.41","84.19","82.41","8.58K","2.07%"
"01/28/2022","82.47","80.92","82.47","80.24","13.06K","1.95%"
"01/27/2022","80.89","82.54","82.93","80.73","14.89K","-0.66%"
"01/26/2022","81.43","83.28","83.64","80.80","36.11K","-0.95%"
"01/25/2022","82.21","82.05","83.07","81.27","24.58K","-1.33%"
"01/24/2022","83.32","81.74","83.37","79.77","103.22K","0.80%"
"01/21/2022","82.66","84.01","84.33","82.60","27.94K","-1.63%"
"01/20/2022","84.03","85.48","86.44","83.97","22.37K","-1.11%"
"01/19/2022","84.97","86.43","86.43","84.97","12.36K","-1.02%"
"01/18/2022","85.85","86.97","86.97","85.76","25.29K","-1.76%"
"01/14/2022","87.39","86.91","87.41","86.40","10.51K","-0.23%"
"01/13/2022","87.59","88.49","88.77","87.47","10.20K","-0.89%"
"01/12/2022","88.38","88.95","88.95","87.97","23.26K","0.04%"
"01/11/2022","88.35","87.28","88.42","87.06","32.65K","1.10%"
"01/10/2022","87.38","87.12","87.38","86.08","40.40K","-0.49%"
"01/07/2022","87.81","88.10","88.37","87.56","16.76K","-0.29%"
"01/06/2022","88.06","88.33","88.49","87.70","18.17K","0.17%"
"01/05/2022","87.91","89.91","89.91","87.91","18.39K","-2.04%"
"01/04/2022","89.74","89.48","90.04","89.47","10.53K","0.41%"
"01/03/2022","89.37","89.69","89.69","88.96","74.20K","-0.15%"
"12/31/2021","89.50","89.70","89.82","89.46","12.29K","-0.12%"
"12/30/2021","89.61","89.95","90.07","89.61","98.80K","0.04%"
"12/29/2021","89.57","89.57","89.73","89.32","19.72K","0.23%"
"12/28/2021","89.37","89.39","89.81","89.26","19.99K","-0.07%"
"12/27/2021","89.43","88.70","89.43","88.50","36.62K","1.02%"
"12/23/2021","88.52","88.37","88.63","88.33","23.01K","0.78%"
"12/22/2021","87.84","86.95","87.84","86.95","83.02K","0.70%"
"12/21/2021","87.23","86.40","87.23","86.29","8.51K","2.07%"
"12/20/2021","85.46","85.52","85.52","84.69","29.78K","-1.40%"
"12/17/2021","86.67","86.82","87.45","86.17","12.13K","-0.46%"
"12/16/2021","87.07","87.80","88.00","86.73","9.25K","-0.50%"
"12/15/2021","87.51","86.72","87.58","85.95","15.59K","1.17%"
"12/14/2021","86.50","86.66","86.85","86.18","41.63K","-0.71%"
"12/13/2021","87.12","87.68","87.68","86.88","11.97K","-0.89%"
"12/10/2021","87.91","87.97","88.20","87.62","38.27K","0.22%"
"12/09/2021","87.71","88.63","88.63","87.71","17.53K","-1.11%"
"12/08/2021","88.70","88.52","88.81","88.21","14.79K","0.64%"
"12/07/2021","88.14","87.78","88.49","87.67","20.14K","1.86%"
"12/06/2021","86.53","85.81","87.01","85.53","116.17K","1.19%"
"12/03/2021","85.51","86.82","86.82","84.80","57.62K","-0.80%"
"12/02/2021","86.20","85.43","86.49","84.99","18.85K","2.23%"
"12/01/2021","84.32","87.18","87.25","84.32","18.71K","-1.78%"
"11/30/2021","85.85","87.67","87.67","85.79","27.03K","-2.52%"
"11/29/2021","88.07","87.84","88.40","87.44","26.24K","0.67%"
"11/26/2021","87.48","88.35","88.35","87.14","14.03K","-2.16%"
"11/24/2021","89.41","89.02","89.43","88.76","29.97K","0.22%"
"11/23/2021","89.22","88.98","89.45","88.44","25.30K","0.09%"
"11/22/2021","89.14","89.66","89.88","89.14","8.46K","-0.26%"
"11/19/2021","89.37","89.93","89.93","89.35","10.69K","-0.59%"
"11/18/2021","89.90","90.39","90.39","89.54","16.39K","-0.47%"
"11/17/2021","90.32","90.84","90.84","90.19","8.21K","-0.57%"
"11/16/2021","90.84","90.50","91.12","90.50","12.05K","0.26%"
"11/15/2021","90.60","90.62","90.69","90.45","13.98K","0.13%"
"11/12/2021","90.48","90.19","90.53","89.97","11.48K","0.69%"
"11/11/2021","89.87","89.86","89.96","89.77","16.99K","0.24%"
"11/10/2021","89.65","90.23","90.47","89.45","17.79K","-0.81%"
"11/09/2021","90.38","90.37","90.64","90.11","11.62K","-0.07%"
"11/08/2021","90.44","90.48","90.51","90.25","14.58K","0.37%"
"11/05/2021","90.11","90.20","90.54","89.93","25.02K","0.52%"
"11/04/2021","89.64","89.85","90.06","89.43","14.61K","-0.13%"
"11/03/2021","89.76","89.08","89.79","89.08","11.11K","0.54%"
"11/02/2021","89.28","88.98","89.28","88.94","28.72K","0.20%"
"11/01/2021","89.10","88.92","89.10","88.59","23.78K","0.79%"
"10/29/2021","88.40","88.14","88.60","88.14","40.79K","-0.12%"
"10/28/2021","88.51","87.92","88.51","87.92","6.87K","1.05%"
"10/27/2021","87.59","88.90","88.90","87.59","10.23K","-1.36%"
"10/26/2021","88.80","89.05","89.32","88.79","18.32K","-0.22%"
"10/25/2021","89.00","89.32","89.32","88.69","15.55K","0.24%"
"10/22/2021","88.78","88.80","89.07","88.50","16.06K","0.13%"
"10/21/2021","88.67","88.45","88.68","88.22","116.59K","0.31%"
"10/20/2021","88.40","88.25","88.41","88.25","25.63K","0.71%"
"10/19/2021","87.78","87.79","87.87","87.49","7.55K","0.57%"
"10/18/2021","87.28","87.01","87.34","87.01","6.83K","0.18%"
"10/15/2021","87.12","87.29","87.56","87.12","10.99K","0.34%"
"10/14/2021","86.83","86.11","86.83","86.11","8.36K","1.63%"
"10/13/2021","85.44","84.75","85.52","84.75","13.72K","0.48%"
"10/12/2021","85.03","85.18","85.35","85.03","4.00K","0.19%"
"10/11/2021","84.87","85.37","85.87","84.87","7.66K","-0.53%"
"10/08/2021","85.32","85.81","85.81","85.25","16.60K","-0.28%"
"10/07/2021","85.56","85.58","86.11","85.56","7.16K","0.97%"
"10/06/2021","84.74","83.93","84.74","83.42","11.40K","0.26%"
"10/05/2021","84.52","84.40","84.93","84.40","12.22K","0.91%"
"10/04/2021","83.75","84.61","84.61","83.60","13.18K","-1.02%"
"10/01/2021","84.61","83.96","84.96","83.43","13.37K","1.10%"
"09/30/2021","83.69","85.03","85.03","83.69","18.88K","-1.10%"
"09/29/2021","84.62","85.04","85.14","84.62","14.28K","-0.02%"
"09/28/2021","84.64","85.78","85.78","84.55","25.91K","-1.72%"
"09/27/2021","86.12","86.18","86.56","86.11","47.39K","-0.06%"
"09/24/2021","86.18","86.17","86.23","86.04","8.79K","-0.34%"
"09/23/2021","86.47","85.98","86.82","85.98","10.02K","1.31%"
"09/22/2021","85.35","84.94","85.71","84.94","16.92K","1.10%"
"09/21/2021","84.42","85.39","85.39","84.34","11.87K","-0.24%"
"09/20/2021","84.62","84.79","84.82","83.61","20.81K","-1.57%"
"09/17/2021","85.97","86.18","86.20","85.88","19.09K","-0.74%"
"09/16/2021","86.61","86.55","86.84","86.31","6.51K","-0.03%"
"09/15/2021","86.64","86.11","86.75","85.81","6.69K","0.86%"
"09/14/2021","85.90","86.71","86.78","85.81","9.83K","-0.76%"
"09/13/2021","86.56","86.87","86.91","86.30","9.12K","0.22%"
"09/10/2021","86.37","87.34","87.34","86.34","43.20K","-0.68%"
"09/09/2021","86.96","87.01","87.61","86.96","114.88K","-0.28%"
"09/08/2021","87.20","87.44","87.44","87.09","6.04K","-0.15%"
"09/07/2021","87.33","88.21","88.21","87.33","6.99K","-0.83%"
"09/03/2021","88.06","88.22","88.22","88.01","13.96K","-0.20%"
"09/02/2021","88.24","87.94","88.28","87.94","7.41K","0.59%"
"09/01/2021","87.72","87.61","87.93","87.47","31.20K","0.13%"
"08/31/2021","87.61","87.52","87.71","87.52","9.52K","-0.10%"
"08/30/2021","87.70","87.77","87.92","87.66","7.00K","0.05%"
"08/27/2021","87.66","87.18","87.79","87.18","9.46K","0.96%"
"08/26/2021","86.83","87.39","87.39","86.81","14.62K","-0.69%"
"08/25/2021","87.43","86.96","87.52","86.96","8.81K","0.56%"
"08/24/2021","86.94","86.83","87.05","86.78","12.03K","0.50%"
"08/23/2021","86.51","86.34","86.63","86.34","32.31K","0.82%"
"08/20/2021","85.80","85.14","85.82","85.14","28.82K","0.85%"
"08/19/2021","85.08","85.36","85.37","84.88","8.53K","-0.26%"
"08/18/2021","85.30","85.83","86.13","85.29","6.86K","-0.98%"
"08/17/2021","86.14","86.23","86.23","85.70","10.16K","-0.63%"
"08/16/2021","86.69","86.40","86.70","86.22","43.00K","-0.23%"
"08/13/2021","86.89","87.00","87.00","86.77","5.95K","0.05%"
"08/12/2021","86.85","86.67","86.85","86.55","6.85K","0.15%"
"08/11/2021","86.72","86.47","86.72","86.35","10.47K","0.35%"
"08/10/2021","86.42","86.40","86.69","86.39","15.92K","0.12%"
"08/09/2021","86.32","86.22","86.49","86.08","5.31K","-0.05%"
"08/08/2021","86.36","86.36","86.36","86.36","","0.00%"
"08/07/2021","86.36","86.36","86.36","86.36","","0.00%"
"08/06/2021","86.36","86.63","86.63","86.28","6.58K","0.09%"
"08/05/2021","86.28","86.00","86.28","86.00","11.53K","0.68%"
"08/04/2021","85.70","85.77","85.85","85.64","60.93K","-0.42%"
"08/03/2021","86.06","85.42","86.07","85.24","18.45K","0.67%"
"08/02/2021","85.49","86.03","86.13","85.49","15.36K","-0.16%"
"07/30/2021","85.63","85.69","86.11","85.63","4.66K","-0.36%"
"07/29/2021","85.94","85.75","86.21","85.75","26.63K","0.57%"
"07/28/2021","85.45","85.40","85.73","85.14","12.15K","0.32%"
"07/27/2021","85.18","85.35","85.35","84.64","6.52K","-0.22%"
"07/26/2021","85.37","85.06","85.37","85.06","5.82K","0.04%"
"07/23/2021","85.34","85.15","85.42","85.07","7.39K","0.90%"
"07/22/2021","84.58","84.51","84.66","84.36","12.54K","-0.17%"
"07/21/2021","84.72","84.37","84.74","84.37","4.67K","0.93%"
"07/20/2021","83.94","82.48","84.16","82.48","27.89K","1.91%"
"07/19/2021","82.37","82.55","82.55","81.92","23.92K","-1.35%"
"07/16/2021","83.50","84.11","84.11","83.50","33.60K","-0.55%"
"07/15/2021","83.96","84.00","84.18","83.59","23.09K","-0.23%"
"07/14/2021","84.15","84.91","84.91","84.15","10.93K","-0.47%"
"07/13/2021","84.55","85.33","85.33","84.53","16.38K","-0.86%"
"07/12/2021","85.28","85.09","85.34","85.09","16.70K","0.08%"
"07/09/2021","85.21","84.34","85.25","84.34","7.48K","1.49%"
"07/08/2021","83.96","84.00","84.34","83.45","20.08K","-1.11%"
"07/07/2021","84.90","85.08","85.08","84.81","5.36K","0.11%"
"07/06/2021","84.81","85.40","85.40","84.39","33.21K","-0.52%"
"07/05/2021","85.25","85.25","85.25","85.25","","0.00%"
"07/04/2021","85.25","85.25","85.25","85.25","","0.00%"
"07/03/2021","85.25","85.25","85.25","85.25","","0.00%"
"07/02/2021","85.25","85.33","85.33","84.98","4.87K","0.34%"
"07/01/2021","84.96","84.87","85.01","84.72","22.97K","0.52%"
"06/30/2021","84.52","84.49","84.58","84.42","3.24K","-0.06%"
"06/29/2021","84.57","84.91","84.91","84.57","8.99K","0.00%"
"06/28/2021","84.57","84.50","84.57","84.38","9.46K","-0.08%"
"06/25/2021","84.64","84.22","84.67","84.22","13.77K","0.62%"
"06/24/2021","84.12","84.01","84.20","83.96","26.80K","0.59%"
"06/23/2021","83.63","83.65","83.81","83.62","8.52K","-0.02%"
"06/22/2021","83.65","83.51","83.77","83.17","11.42K","0.44%"
"06/21/2021","83.28","82.21","83.28","82.21","9.20K","1.66%"
"06/18/2021","81.92","82.51","82.57","81.92","26.10K","-1.37%"
"06/17/2021","83.06","83.54","83.56","82.54","19.09K","-0.41%"
"06/16/2021","83.40","83.99","83.99","83.03","9.31K","-0.54%"
"06/15/2021","83.85","84.02","84.03","83.69","11.11K","-0.19%"
"06/14/2021","84.01","84.16","84.19","83.81","12.12K","-0.18%"
"06/11/2021","84.16","84.03","84.16","83.85","12.01K","0.31%"
"06/10/2021","83.90","83.99","84.00","83.67","14.14K","0.08%"
"06/09/2021","83.83","84.36","84.36","83.81","27.14K","-0.38%"
"06/08/2021","84.15","84.07","84.20","83.87","5.81K","0.26%"
"06/07/2021","83.93","83.97","83.97","83.82","15.39K","0.06%"
"06/04/2021","83.88","83.72","83.88","83.60","5.29K","0.73%"
"06/03/2021","83.27","83.05","83.44","82.78","19.85K","-0.37%"
"06/02/2021","83.58","83.77","83.77","83.39","13.49K","0.07%"
"06/01/2021","83.52","84.07","84.07","83.33","14.90K","0.14%"
"05/28/2021","83.40","83.50","83.52","83.37","9.11K","0.17%"
"05/27/2021","83.26","83.17","83.26","83.10","7.81K","0.58%"
"05/26/2021","82.78","82.84","82.84","82.51","30.62K","0.36%"
"05/25/2021","82.48","83.29","83.29","82.40","28.56K","-0.45%"
"05/24/2021","82.85","82.59","83.11","82.59","13.80K","0.67%"
"05/21/2021","82.30","82.73","82.86","82.29","16.13K","0.09%"
"05/20/2021","82.23","81.76","82.42","81.60","70.45K","1.07%"
"05/19/2021","81.36","81.15","81.36","80.44","11.20K","-0.67%"
"05/18/2021","81.91","82.68","82.68","81.91","8.81K","-0.59%"
"05/17/2021","82.40","82.64","82.64","81.98","10.72K","-0.24%"
"05/14/2021","82.60","81.96","82.71","81.83","24.21K","1.69%"
"05/13/2021","81.23","80.46","81.62","80.46","53.39K","1.23%"
"05/12/2021","80.24","81.50","81.72","80.20","35.32K","-2.33%"
"05/11/2021","82.15","82.17","82.38","81.55","17.55K","-0.94%"
"05/10/2021","82.93","83.70","83.80","82.93","12.27K","-0.53%"
"05/07/2021","83.37","82.77","83.37","82.77","46.25K","1.02%"
"05/06/2021","82.53","81.72","82.53","81.65","30.90K","0.39%"
"05/05/2021","82.21","82.40","82.40","82.08","18.62K","0.02%"
"05/04/2021","82.19","82.34","82.34","81.65","12.41K","-0.41%"
"05/03/2021","82.53","82.74","82.86","82.48","10.15K","0.38%"
"04/30/2021","82.22","82.56","82.56","82.05","36.84K","-0.74%"
"04/29/2021","82.83","82.80","82.85","82.31","15.82K","0.55%"
"04/28/2021","82.38","82.56","82.59","82.35","24.35K","-0.15%"
"04/27/2021","82.50","82.54","82.54","82.26","32.43K","0.06%"
"04/26/2021","82.45","82.55","82.57","82.36","11.26K","0.37%"
"04/23/2021","82.15","81.64","82.39","81.64","14.82K","1.06%"
"04/22/2021","81.29","81.81","82.08","81.08","34.59K","-0.43%"
"04/21/2021","81.64","80.78","81.72","80.65","14.66K","1.13%"
"04/20/2021","80.73","81.25","81.25","80.43","112.86K","-0.64%"
"04/19/2021","81.25","81.93","81.93","81.05","16.78K","-0.55%"
"04/16/2021","81.70","82.00","82.00","81.50","23.32K","0.34%"
"04/15/2021","81.42","81.41","81.44","81.00","31.10K","0.98%"
"04/14/2021","80.63","80.80","81.07","80.60","14.59K","0.02%"
"04/13/2021","80.61","80.67","80.67","80.30","4.61K","0.11%"
"04/12/2021","80.52","80.32","80.54","80.23","13.45K","0.19%"
"04/09/2021","80.37","80.33","80.37","79.89","8.10K","0.50%"
"04/08/2021","79.97","80.28","80.28","79.56","12.92K","0.29%"
"04/07/2021","79.74","80.05","80.05","79.59","15.15K","-0.40%"
"04/06/2021","80.06","80.16","80.21","79.91","15.98K","0.25%"
"04/05/2021","79.86","80.19","80.19","79.60","11.02K","0.80%"
"04/01/2021","79.23","78.84","79.23","78.63","10.31K","1.11%"
"03/31/2021","78.36","78.74","78.74","78.27","19.45K","0.24%"
"03/30/2021","78.17","78.18","78.33","77.96","32.56K","0.09%"
"03/29/2021","78.10","78.61","78.61","77.72","18.31K","-0.55%"
"03/26/2021","78.53","77.90","78.55","77.36","23.70K","1.67%"
"03/25/2021","77.24","76.53","77.24","75.66","27.90K","0.68%"
"03/24/2021","76.72","77.50","77.77","76.70","82.17K","-0.44%"
"03/23/2021","77.06","77.93","77.93","76.87","21.28K","-1.43%"
"03/22/2021","78.18","78.54","78.54","77.83","13.35K","0.21%"
"03/19/2021","78.02","78.36","78.36","77.50","9.84K","0.09%"
"03/18/2021","77.95","78.53","79.00","77.80","178.96K","-1.15%"
"03/17/2021","78.86","78.03","79.03","78.03","16.14K","0.32%"
"03/16/2021","78.61","79.18","79.18","78.60","13.90K","-0.76%"
"03/15/2021","79.21","78.93","79.21","78.36","10.83K","0.90%"
"03/12/2021","78.50","78.08","78.50","77.95","14.99K","0.54%"
"03/11/2021","78.08","78.22","78.35","77.74","27.83K","1.05%"
"03/10/2021","77.27","77.58","77.58","77.14","14.10K","0.87%"
"03/09/2021","76.60","76.48","77.14","76.48","25.74K","0.80%"
"03/08/2021","75.99","76.56","77.03","75.99","26.56K","0.18%"
"03/05/2021","75.85","74.99","75.85","73.87","6.13K","2.03%"
"03/04/2021","74.34","75.17","75.75","73.31","29.24K","-1.56%"
"03/03/2021","75.52","76.38","76.44","75.52","7.71K","-1.35%"
"03/02/2021","76.55","76.68","76.95","76.41","18.03K","-0.43%"
"03/01/2021","76.88","76.53","77.26","76.40","41.26K","1.99%"
"02/26/2021","75.38","75.42","75.98","74.56","9.83K","-0.11%"
"02/25/2021","75.46","77.19","77.19","75.21","14.76K","-2.58%"
"02/24/2021","77.46","76.36","77.58","76.36","12.99K","1.22%"
"02/23/2021","76.53","75.42","76.66","75.42","9.31K","0.08%"
"02/22/2021","76.47","76.80","76.93","76.47","11.53K","-0.71%"
"02/19/2021","77.02","76.94","77.21","76.90","44.08K","0.86%"
"02/18/2021","76.36","76.60","76.60","75.92","13.59K","-0.46%"
"02/17/2021","76.71","76.34","76.79","76.17","12.32K","-0.39%"
"02/16/2021","77.01","77.42","77.42","76.94","16.84K","0.00%"
"02/12/2021","77.01","76.57","77.04","76.57","12.68K","0.55%"
"02/11/2021","76.59","76.88","76.88","75.96","67.98K","0.37%"
"02/10/2021","76.31","76.33","76.74","76.10","235.33K","0.10%"
"02/09/2021","76.23","76.40","76.40","75.95","33.80K","0.12%"
"02/08/2021","76.14","75.82","76.14","75.79","10.73K","1.05%"
"02/05/2021","75.35","75.28","75.38","75.12","15.61K","0.79%"
"02/04/2021","74.76","74.18","74.76","74.18","17.32K","1.36%"
"02/03/2021","73.76","73.74","74.02","73.65","25.59K","-0.03%"
"02/02/2021","73.78","73.37","73.98","73.30","40.63K","1.75%"
"02/01/2021","72.51","72.04","72.74","71.92","21.96K","1.00%"
"01/29/2021","71.79","72.63","72.63","71.23","16.71K","-1.46%"
"01/28/2021","72.85","72.05","73.37","72.05","43.39K","1.45%"
"01/27/2021","71.81","72.84","72.91","71.75","46.81K","-2.56%"
"01/26/2021","73.70","74.77","74.77","73.70","31.32K","-0.73%"
"01/25/2021","74.24","74.32","74.55","73.67","12.96K","-0.30%"
"01/22/2021","74.46","74.41","74.47","74.02","7.46K","-0.28%"
"01/21/2021","74.67","75.28","75.28","74.56","11.64K","-0.51%"
"01/20/2021","75.05","75.15","75.15","74.67","8.88K","0.81%"
"01/19/2021","74.45","74.31","74.49","74.19","20.41K","0.66%"
"01/15/2021","73.96","74.00","74.24","73.48","22.14K","-0.87%"
"01/14/2021","74.61","75.27","75.27","74.56","9.10K","0.16%"
"01/13/2021","74.49","75.08","75.08","74.44","5.90K","-0.35%"
"01/12/2021","74.75","74.61","74.75","74.33","33.10K","0.85%"
"01/11/2021","74.12","73.70","74.40","73.70","12.59K","-0.08%"
"01/08/2021","74.18","74.07","74.37","73.71","10.14K","0.16%"
"01/07/2021","74.06","73.36","74.08","73.36","88.44K","1.47%"
"01/06/2021","72.99","71.57","73.52","71.57","9.38K","1.86%"
"01/05/2021","71.66","71.15","71.83","71.11","8.53K","0.89%"
"01/04/2021","71.03","72.56","72.56","70.54","24.33K","-1.62%"
"12/31/2020","72.20","72.19","72.25","71.67","5.54K","0.53%"
"12/30/2020","71.82","71.50","71.99","71.50","6.68K","0.64%"
"12/29/2020","71.36","71.97","71.97","71.19","11.56K","-0.49%"
"12/28/2020","71.71","72.55","72.55","71.71","4.71K","-0.14%"
"12/24/2020","71.81","71.72","71.81","71.52","8.69K","0.01%"
"12/23/2020","71.80","71.99","72.05","71.79","7.52K","0.41%"
"12/22/2020","71.51","71.50","71.71","71.41","97.34K","0.11%"
"12/21/2020","71.43","70.67","71.59","70.50","12.82K","-0.61%"
"12/18/2020","71.87","72.26","72.26","71.49","6.68K","-0.21%"
"12/17/2020","72.02","72.20","72.20","71.67","14.04K","0.84%"
"12/16/2020","71.42","71.81","71.81","71.28","93.78K","0.13%"
"12/15/2020","71.33","70.90","71.39","70.90","6.11K","1.23%"
"12/14/2020","70.46","71.24","71.45","70.38","5.29K","-0.61%"
"12/11/2020","70.89","70.81","70.97","70.33","7.94K","-0.31%"
"12/10/2020","71.11","70.57","71.16","70.57","30.46K","0.20%"
"12/09/2020","70.97","71.27","71.50","70.65","14.86K","-0.60%"
"12/08/2020","71.40","71.01","71.54","71.01","5.67K","0.46%"
"12/07/2020","71.07","71.62","71.62","70.92","6.88K","-0.28%"
"12/04/2020","71.27","70.87","71.27","70.84","5.07K","1.41%"
"12/03/2020","70.28","70.18","70.62","70.17","7.07K","0.53%"
"12/02/2020","69.91","69.82","70.04","69.53","80.28K","-0.11%"
"12/01/2020","69.99","69.92","70.30","69.92","4.34K","0.91%"
"11/30/2020","69.36","69.58","69.96","69.28","6.76K","-0.86%"
"11/27/2020","69.96","69.95","70.06","69.94","4.11K","0.09%"
"11/25/2020","69.90","69.76","69.99","69.60","42.68K","-0.48%"
"11/24/2020","70.24","70.27","70.38","69.57","19.01K","1.74%"
"11/23/2020","69.04","69.01","69.24","68.66","14.95K","1.31%"
"11/20/2020","68.15","68.59","68.59","68.15","10.82K","-0.44%"
"11/19/2020","68.45","67.96","68.46","67.92","5.00K","0.56%"
"11/18/2020","68.07","69.19","69.19","68.06","139.38K","-0.95%"
"11/17/2020","68.72","68.30","68.94","68.30","7.16K","-0.03%"
"11/16/2020","68.74","69.22","69.22","68.29","12.10K","1.61%"
"11/13/2020","67.65","67.17","67.75","67.17","17.41K","1.99%"
"11/12/2020","66.33","66.76","66.94","65.95","4.84K","-1.28%"
"11/11/2020","67.19","67.15","67.30","66.91","61.25K","0.13%"
"11/10/2020","67.10","67.18","67.18","66.48","16.72K","0.31%"
"11/09/2020","66.89","68.53","68.53","66.89","96.64K","2.96%"
"11/06/2020","64.97","65.50","65.50","64.83","8.63K","-0.11%"
"11/05/2020","65.04","64.79","65.23","64.79","5.27K","2.06%"
"11/04/2020","63.73","63.26","64.53","63.26","5.79K","0.60%"
"11/03/2020","63.35","63.16","63.40","63.11","5.94K","2.28%"
"11/02/2020","61.94","61.46","61.98","61.46","3.49K","2.09%"
"10/30/2020","60.67","61.03","61.14","60.28","7.56K","-1.21%"
"10/29/2020","61.41","60.96","61.67","60.59","13.48K","1.17%"
"10/28/2020","60.70","61.67","61.67","60.70","15.26K","-3.02%"
"10/27/2020","62.59","63.25","63.25","62.59","5.27K","-0.82%"
"10/26/2020","63.11","63.69","63.74","62.81","11.33K","-2.25%"
"10/23/2020","64.56","64.41","64.56","64.18","6.86K","0.48%"
"10/22/2020","64.25","63.77","64.28","63.59","10.72K","0.94%"
"10/21/2020","63.65","63.72","63.90","63.59","20.19K","-0.38%"
"10/20/2020","63.89","64.06","64.34","63.81","5.27K","0.65%"
"10/19/2020","63.48","64.51","64.59","63.48","2.32K","-1.28%"
"10/16/2020","64.30","64.45","64.64","64.30","10.40K","-0.05%"
"10/15/2020","64.33","63.97","64.33","63.97","2.07K","0.23%"
"10/14/2020","64.18","64.48","64.59","64.07","5.36K","-0.37%"
"10/13/2020","64.42","64.75","64.75","64.42","1.04K","-0.60%"
"10/12/2020","64.81","64.54","64.90","64.54","3.85K","0.67%"
"10/09/2020","64.38","64.30","64.59","64.24","8.68K","0.44%"
"10/08/2020","64.10","63.60","64.10","63.60","3.81K","1.06%"
"10/07/2020","63.43","63.34","63.47","63.11","19.86K","1.78%"
"10/06/2020","62.32","62.87","63.58","62.32","6.01K","-0.73%"
"10/05/2020","62.78","62.41","62.83","62.41","4.40K","1.73%"
"10/04/2020","61.71","61.71","61.71","61.71","","0.00%"
"10/03/2020","61.71","61.71","61.71","61.71","","0.00%"
"10/02/2020","61.71","60.73","61.93","60.73","7.23K","0.39%"
"10/01/2020","61.47","61.56","61.57","61.15","12.72K","0.65%"
"09/30/2020","61.07","61.34","61.60","60.73","10.53K","0.38%"
"09/29/2020","60.84","61.28","61.28","60.70","5.54K","-0.52%"
"09/28/2020","61.16","61.26","61.26","61.16","2.50K","1.75%"
"09/27/2020","60.11","60.11","60.11","60.11","","0.00%"
"09/26/2020","60.11","60.11","60.11","60.11","","0.00%"
"09/25/2020","60.11","59.06","60.11","59.06","2.48K","1.55%"
"09/24/2020","59.19","58.78","59.51","58.78","2.78K","0.08%"
"09/23/2020","59.14","60.14","60.19","59.14","4.52K","-2.55%"
"09/22/2020","60.69","60.56","60.69","60.20","13.58K","0.55%"
"09/21/2020","60.36","60.27","60.36","59.67","26.65K","-2.06%"
"09/18/2020","61.63","62.07","62.25","61.25","3.62K","-0.87%"
"09/17/2020","62.17","61.47","62.22","61.47","5.42K","-0.64%"
"09/16/2020","62.57","62.53","63.17","62.50","6.78K","0.48%"
"09/15/2020","62.27","62.42","62.61","62.21","6.53K","0.16%"
"09/14/2020","62.17","62.00","62.22","62.00","2.55K","1.83%"
"09/13/2020","61.05","61.05","61.05","61.05","","0.00%"
"09/11/2020","61.05","61.07","61.27","60.59","4.51K","0.16%"
"09/10/2020","60.95","62.06","62.06","60.94","10.55K","-1.39%"
"09/09/2020","61.81","61.69","62.14","61.48","13.64K","1.43%"
"09/08/2020","60.94","61.29","61.59","60.92","8.59K","-2.14%"
"09/04/2020","62.27","62.99","62.99","61.48","7.67K","-0.45%"
"09/03/2020","62.55","64.17","64.18","62.27","5.02K","-2.71%"
"09/02/2020","64.29","63.67","64.30","63.35","5.04K","1.85%"
"09/01/2020","63.12","62.87","63.12","62.87","14.55K","0.41%"
"08/31/2020","62.86","62.98","62.98","62.80","11.45K","-0.54%"
"08/30/2020","63.20","63.20","63.20","63.20","","0.00%"
"08/28/2020","63.20","62.86","63.20","62.77","9.22K","0.81%"
"08/27/2020","62.69","62.72","62.86","62.42","3.39K","0.53%"
"08/26/2020","62.36","62.22","62.41","62.22","3.68K","0.18%"
"08/25/2020","62.25","62.63","62.63","62.06","2.91K","0.14%"
"08/24/2020","62.16","61.70","62.16","61.70","2.53K","1.19%"
"08/23/2020","61.43","61.43","61.43","61.43","","0.00%"
"08/22/2020","61.43","61.43","61.43","61.43","","0.00%"
"08/21/2020","61.43","61.24","61.44","61.24","0.78K","-0.11%"
"08/20/2020","61.50","61.14","61.56","61.14","2.61K","-0.32%"
"08/19/2020","61.70","62.08","62.12","61.70","12.65K","-0.44%"
"08/18/2020","61.97","61.99","62.16","61.89","42.73K","-0.34%"
"08/17/2020","62.18","62.07","62.24","62.07","7.28K","0.16%"
"08/14/2020","62.08","62.00","62.23","61.86","15.84K","0.13%"
"08/13/2020","62.00","62.20","62.20","61.87","13.88K","-0.31%"
"08/12/2020","62.19","62.16","62.29","62.15","11.99K","0.76%"
"08/11/2020","61.72","62.24","62.50","61.65","10.01K","-0.24%"
"08/10/2020","61.87","61.58","61.91","61.57","9.38K","0.73%"
"08/09/2020","61.42","61.42","61.42","61.42","","0.00%"
"08/08/2020","61.42","61.42","61.42","61.42","","0.00%"
"08/07/2020","61.42","60.77","61.42","60.77","3.47K","0.64%"
"08/06/2020","61.03","60.86","61.08","60.73","5.89K","-0.20%"
"08/05/2020","61.15","60.99","61.18","60.99","6.43K","0.86%"
"08/04/2020","60.63","60.38","60.63","60.38","2.94K","0.26%"
"08/03/2020","60.47","60.17","60.54","60.02","9.60K","0.78%"
"08/02/2020","60.00","60.00","60.00","60.00","","0.00%"
"07/31/2020","60.00","59.93","60.00","59.29","5.04K","-0.13%"
"07/30/2020","60.08","59.37","60.14","59.37","5.38K","-0.53%"
"07/29/2020","60.40","59.57","60.46","59.57","6.77K","1.58%"
"07/28/2020","59.46","59.78","59.90","59.46","4.22K","-0.68%"
"07/27/2020","59.87","59.53","59.87","59.28","3.29K","0.64%"
"07/26/2020","59.49","59.49","59.49","59.49","","0.00%"
"07/25/2020","59.49","59.49","59.49","59.49","","0.00%"
"07/24/2020","59.49","59.61","59.80","59.39","10.32K","-0.80%"
"07/23/2020","59.97","60.11","60.55","59.83","5.18K","-0.42%"
"07/22/2020","60.22","59.79","60.22","59.79","5.50K","0.70%"
"07/21/2020","59.80","60.03","60.05","59.80","2.60K","0.64%"
"07/20/2020","59.42","59.30","59.42","59.19","17.75K","-0.08%"
"07/17/2020","59.47","59.26","59.52","59.07","5.64K","0.47%"
"07/16/2020","59.19","59.09","59.19","58.81","3.88K","-0.13%"
"07/15/2020","59.27","58.85","59.30","58.84","25.65K","2.10%"
"07/14/2020","58.05","57.16","58.05","57.16","4.18K","1.45%"
"07/13/2020","57.22","58.05","58.51","57.13","35.99K","-0.76%"
"07/12/2020","57.66","57.66","57.66","57.66","","0.00%"
"07/11/2020","57.66","57.66","57.66","57.66","","0.00%"
"07/10/2020","57.66","57.05","57.67","56.91","7.83K","1.30%"
"07/09/2020","56.92","57.77","57.77","56.45","11.71K","-1.15%"
"07/08/2020","57.58","57.55","57.58","57.24","4.05K","0.30%"
"07/07/2020","57.41","57.73","57.87","57.22","38.47K","-1.10%"
"07/06/2020","58.05","58.25","58.38","57.87","4.82K","1.24%"
"07/05/2020","57.34","57.34","57.34","57.34","","0.00%"
"07/04/2020","57.34","57.34","57.34","57.34","","0.00%"
"07/02/2020","57.34","57.85","57.85","57.34","6.52K","0.47%"
"07/01/2020","57.07","57.51","57.51","56.90","3.73K","-0.28%"
"06/30/2020","57.23","56.49","57.23","56.47","8.56K","1.89%"
"06/29/2020","56.17","55.45","56.24","55.45","2.11K","1.46%"
"06/26/2020","55.36","55.90","55.90","55.36","1.34K","-2.05%"
"06/25/2020","56.52","55.56","56.52","55.56","13.15K","1.05%"
"06/24/2020","55.93","56.85","56.85","55.51","23.91K","-3.17%"
"06/23/2020","57.76","57.78","58.14","57.76","10.30K","0.19%"
"06/22/2020","57.65","57.10","57.77","56.99","3.51K","0.03%"
"06/19/2020","57.63","59.02","59.02","57.35","3.69K","-0.59%"
"06/18/2020","57.97","57.90","58.25","57.80","6.82K","0.05%"
"06/17/2020","57.94","58.33","58.50","57.94","7.58K","-0.50%"
"06/16/2020","58.23","58.94","58.94","57.48","3.32K","1.77%"
"06/15/2020","57.22","54.92","57.48","54.92","4.33K","0.72%"
"06/12/2020","56.81","57.40","57.45","55.75","3.04K","1.83%"
"06/11/2020","55.79","57.39","57.73","55.79","6.02K","-6.55%"
"06/10/2020","59.70","60.61","60.61","59.50","17.45K","-1.73%"
"06/09/2020","60.75","61.13","61.13","60.55","23.00K","-1.95%"
"06/08/2020","61.96","61.80","61.96","61.38","12.29K","1.84%"
"06/07/2020","60.84","60.84","60.84","60.84","","0.00%"
"06/05/2020","60.84","61.36","61.39","60.68","23.35K","3.08%"
"06/04/2020","59.02","58.84","59.23","58.60","23.64K","-0.03%"
"06/03/2020","59.04","58.35","59.11","58.35","3.14K","2.54%"
"06/02/2020","57.58","57.42","57.58","57.35","0.99K","0.96%"
"06/01/2020","57.03","56.50","57.17","56.50","2.79K","0.94%"
"05/29/2020","56.50","55.88","56.50","55.78","11.01K","0.27%"
"05/28/2020","56.35","56.72","57.04","56.24","15.57K","-0.35%"
"05/27/2020","56.55","56.15","56.55","55.21","36.65K","2.06%"
"05/26/2020","55.41","55.47","55.82","55.41","8.19K","2.46%"
"05/22/2020","54.08","54.21","54.21","53.68","13.18K","0.30%"
"05/21/2020","53.92","54.41","54.41","53.83","6.33K","-0.57%"
"05/20/2020","54.23","53.87","54.48","53.87","14.67K","1.54%"
"05/19/2020","53.41","53.50","54.18","53.41","6.84K","-1.04%"
"05/18/2020","53.97","53.35","54.15","53.35","7.48K","4.63%"
"05/15/2020","51.58","51.26","51.59","51.16","27.54K","0.55%"
"05/14/2020","51.30","49.85","51.30","49.43","390.22K","0.96%"
"05/13/2020","50.81","52.04","52.04","50.48","11.58K","-2.59%"
"05/12/2020","52.16","53.56","53.56","52.16","5.84K","-2.32%"
"05/11/2020","53.40","52.94","53.69","52.94","25.54K","-0.56%"
"05/10/2020","53.70","53.70","53.70","53.70","","0.00%"
"05/09/2020","53.70","53.70","53.70","53.70","","0.00%"
"05/08/2020","53.70","53.25","53.70","53.20","9.50K","2.40%"
"05/07/2020","52.44","52.55","53.00","52.42","7.38K","1.69%"
"05/06/2020","51.57","52.23","52.23","51.57","6.20K","-0.98%"
"05/05/2020","52.08","52.59","52.67","52.08","2.75K","1.05%"
"05/04/2020","51.54","50.80","51.55","50.70","23.90K","0.31%"
"05/03/2020","51.38","51.38","51.38","51.38","","0.00%"
"05/02/2020","51.38","51.38","51.38","51.38","","0.00%"
"05/01/2020","51.38","51.78","52.11","51.19","9.82K","-3.31%"
"04/30/2020","53.14","53.41","53.72","53.04","34.38K","-2.05%"
"04/29/2020","54.25","53.92","54.56","53.75","8.79K","2.96%"
"04/28/2020","52.69","53.43","53.65","52.69","25.75K","0.55%"
"04/27/2020","52.40","51.75","52.56","51.75","80.52K","2.58%"
"04/24/2020","51.08","50.45","51.24","50.36","21.80K","1.51%"
"04/23/2020","50.32","50.80","51.03","50.32","12.84K","0.26%"
"04/22/2020","50.19","50.29","50.45","49.79","12.15K","1.89%"
"04/21/2020","49.26","49.41","49.86","49.09","11.31K","-2.76%"
"04/20/2020","50.66","50.63","51.57","50.59","14.92K","-1.94%"
"04/17/2020","51.66","51.33","51.80","50.96","70.57K","3.78%"
"04/16/2020","49.78","49.70","49.89","49.23","24.69K","-0.06%"
"04/15/2020","49.81","49.81","50.07","49.43","14.70K","-3.02%"
"04/14/2020","51.36","51.19","51.66","50.84","70.33K","2.47%"
"04/13/2020","50.12","50.92","50.92","49.43","2.22M","-2.13%"
"04/09/2020","51.21","51.00","51.95","50.65","87.15K","2.52%"
"04/08/2020","49.95","48.48","50.09","48.20","30.37K","4.04%"
"04/07/2020","48.01","49.49","49.72","48.00","56.67K","1.01%"
"04/06/2020","47.53","46.50","47.66","46.50","21.42K","7.68%"
"04/03/2020","44.14","45.06","45.06","43.75","39.67K","-1.80%"
"04/02/2020","44.95","44.39","45.50","43.94","35.40K","1.35%"
"04/01/2020","44.35","45.10","45.16","43.82","31.26K","-4.89%"
"03/31/2020","46.63","47.69","47.73","46.46","29.91K","-1.96%"
"03/30/2020","47.56","46.51","47.56","46.27","50.47K","2.43%"
"03/28/2020","46.43","46.43","46.43","46.43","","0.00%"
"03/27/2020","46.43","46.67","47.44","45.85","115.19K","-3.07%"
"03/26/2020","47.90","46.02","47.90","45.75","177.48K","5.97%"
"03/25/2020","45.20","44.34","47.12","43.98","263.81K","2.40%"
"03/24/2020","44.14","42.21","44.14","42.21","109.35K","9.45%"
"03/23/2020","40.33","41.44","41.44","39.38","103.15K","-2.84%"
"03/21/2020","41.51","41.51","41.51","41.51","","0.00%"
"03/20/2020","41.51","43.75","43.98","41.45","327.74K","-4.16%"
"03/19/2020","43.31","42.18","44.01","41.16","158.06K","1.55%"
"03/18/2020","42.65","42.72","43.99","40.51","48.16K","-7.14%"
"03/17/2020","45.93","44.39","46.19","43.22","38.88K","5.05%"
"03/16/2020","43.72","43.85","46.83","43.71","44.04K","-12.35%"
"03/14/2020","49.88","49.88","49.88","49.88","","0.00%"
"03/13/2020","49.88","48.82","49.88","46.17","90.65K","7.90%"
"03/12/2020","46.23","47.46","49.26","46.19","201.78K","-10.25%"
"03/11/2020","51.51","53.30","53.30","50.95","27.80K","-5.36%"
"03/10/2020","54.43","54.25","54.43","51.84","38.47K","4.05%"
"03/09/2020","52.31","54.92","54.93","51.61","104.09K","-8.47%"
"03/06/2020","57.15","56.68","57.44","55.89","34.43K","-1.91%"
"03/05/2020","58.26","58.64","59.28","57.98","95.00K","-3.56%"
"03/04/2020","60.41","59.13","60.41","58.88","112.68K","3.49%"
"03/03/2020","58.37","59.60","60.23","57.88","89.29K","-2.33%"
"03/02/2020","59.76","57.90","59.76","57.25","64.03K","3.66%"
"02/28/2020","57.65","57.00","57.71","56.03","71.22K","-1.28%"
"02/27/2020","58.40","59.73","60.63","58.40","58.51K","-4.04%"
"02/26/2020","60.86","62.02","62.24","60.78","36.07K","-1.01%"
"02/25/2020","61.48","63.83","63.83","61.34","18.53K","-3.38%"
"02/24/2020","63.63","63.60","64.05","63.31","12.26K","-3.03%"
"02/21/2020","65.62","65.92","65.92","65.50","14.34K","-1.01%"
"02/20/2020","66.29","66.29","66.41","65.67","21.95K","0.12%"
"02/19/2020","66.21","66.10","66.36","66.10","11.13K","0.36%"
"02/18/2020","65.97","66.09","66.09","65.66","8.84K","-0.20%"
"02/17/2020","66.10","66.10","66.10","66.10","","0.00%"
"02/14/2020","66.10","66.18","66.18","65.91","11.92K","0.11%"
"02/13/2020","66.03","65.69","66.10","65.69","16.89K","-0.03%"
"02/12/2020","66.05","65.95","66.07","65.94","11.49K","0.66%"
"02/11/2020","65.62","65.30","65.75","65.30","11.09K","0.75%"
"02/10/2020","65.13","64.82","65.13","64.82","17.99K","0.45%"
"02/07/2020","64.84","65.04","65.04","64.81","24.55K","-0.67%"
"02/06/2020","65.28","65.48","65.50","65.27","60.04K","0.05%"
"02/05/2020","65.25","65.11","65.34","65.03","17.31K","1.01%"
"02/04/2020","64.60","64.41","64.81","64.41","15.25K","1.57%"
"02/03/2020","63.60","63.36","63.96","63.36","16.17K","0.62%"
"01/31/2020","63.21","64.01","64.01","63.01","114.11K","-1.77%"
"01/30/2020","64.35","63.69","64.35","63.58","40.96K","0.31%"
"01/29/2020","64.15","64.47","64.49","64.15","8.06K","-0.39%"
"01/28/2020","64.40","64.15","64.53","64.00","10.60K","1.02%"
"01/27/2020","63.75","63.64","64.02","63.62","10.63K","-1.56%"
"01/24/2020","64.76","65.40","65.40","64.48","37.74K","-1.11%"
"01/23/2020","65.49","65.15","65.50","65.04","10.60K","0.23%"
"01/22/2020","65.34","65.65","65.66","65.29","7.98K","0.05%"
"01/21/2020","65.31","65.31","65.51","65.31","13.22K","-0.41%"
"01/17/2020","65.58","65.57","65.65","65.51","56.93K","0.18%"
"01/16/2020","65.46","65.36","65.46","65.31","11.03K","0.94%"
"01/15/2020","64.85","64.79","65.13","64.75","13.90K","0.17%"
"01/14/2020","64.74","64.61","64.94","64.57","20.97K","0.17%"
"01/13/2020","64.63","64.61","64.63","64.26","6.96K","0.59%"
"01/10/2020","64.25","64.50","64.50","64.22","8.81K","-0.23%"
"01/09/2020","64.40","64.52","64.52","64.24","11.89K","0.42%"
"01/08/2020","64.13","63.80","64.31","63.80","14.06K","0.34%"
"01/07/2020","63.91","63.96","64.01","63.77","10.58K","0.00%"
"01/06/2020","63.91","63.44","63.91","63.44","18.99K","0.09%"
"01/03/2020","63.85","63.52","63.93","63.52","11.27K","-0.41%"
"01/02/2020","64.11","64.09","64.11","63.81","13.73K","0.22%"
"12/31/2019","63.97","63.46","63.97","63.46","23.04K","0.52%"
"12/30/2019","63.64","64.03","64.03","63.61","25.51K","-0.45%"
"12/27/2019","63.93","64.24","64.24","63.88","18.28K","-0.05%"
"12/26/2019","63.96","63.96","64.03","63.85","46.43K","0.24%"
"12/24/2019","63.81","63.80","63.87","63.78","28.14K","0.05%"
"12/23/2019","63.78","64.04","64.04","63.77","17.58K","-0.05%"
"12/20/2019","63.81","63.80","63.83","63.70","34.90K","0.63%"
"12/19/2019","63.41","63.40","63.47","63.22","9.55K","0.32%"
"12/18/2019","63.21","63.22","63.26","63.10","11.26K","0.14%"
"12/17/2019","63.12","63.16","63.19","63.08","15.84K","-0.02%"
"12/16/2019","63.13","63.10","63.29","63.10","14.47K","0.19%"
"12/13/2019","63.01","63.19","63.19","62.88","13.25K","-0.11%"
"12/12/2019","63.08","62.94","63.18","62.77","19.31K","0.90%"
"12/11/2019","62.52","62.67","62.67","62.38","11.80K","0.22%"
"12/10/2019","62.38","62.53","62.57","62.31","7.47K","-0.24%"
"12/09/2019","62.53","62.73","62.74","62.53","4.71K","-0.24%"
"12/06/2019","62.68","62.25","62.81","62.25","12.13K","0.87%"
"12/05/2019","62.14","62.12","62.20","62.04","19.00K","0.15%"
"12/04/2019","62.05","61.93","62.29","61.93","18.69K","0.55%"
"12/03/2019","61.71","61.43","61.73","61.38","42.51K","-0.69%"
"12/02/2019","62.14","62.54","62.55","62.14","20.46K","-0.94%"
"11/29/2019","62.73","63.01","63.01","62.73","6.17K","-0.46%"
"11/27/2019","63.02","62.89","63.02","62.80","6.68K","0.35%"
"11/26/2019","62.80","62.57","62.80","62.57","14.12K","0.16%"
"11/25/2019","62.70","62.17","62.70","62.17","7.49K","0.97%"
"11/22/2019","62.10","62.01","62.13","61.90","27.94K","0.42%"
"11/21/2019","61.84","61.79","61.93","61.76","12.16K","-0.24%"
"11/20/2019","61.99","62.04","62.18","61.87","7.62K","-0.24%"
"11/19/2019","62.14","62.18","62.25","61.91","14.34K","0.02%"
"11/18/2019","62.13","62.17","62.18","62.00","16.00K","-0.14%"
"11/15/2019","62.22","61.97","62.22","61.97","10.60K","0.76%"
"11/14/2019","61.75","61.75","61.77","61.60","11.38K","0.16%"
"11/13/2019","61.65","61.53","61.75","61.45","22.85K","-0.10%"
"11/12/2019","61.71","61.75","62.01","61.61","13.85K","0.05%"
"11/11/2019","61.68","61.50","61.73","61.45","6.65K","-0.11%"
"11/08/2019","61.75","61.61","61.75","61.57","16.02K","0.19%"
"11/07/2019","61.63","61.96","61.96","61.59","19.24K","0.33%"
"11/06/2019","61.43","61.47","61.49","61.28","13.48K","-0.23%"
"11/05/2019","61.57","61.64","61.81","61.57","19.78K","0.03%"
"11/04/2019","61.55","61.41","61.57","61.41","12.17K","0.67%"
"11/01/2019","61.14","60.72","61.15","60.72","30.47K","1.28%"
"10/31/2019","60.37","60.71","60.71","60.03","12.29K","-0.59%"
"10/30/2019","60.73","60.93","60.93","60.42","25.15K","-0.03%"
"10/29/2019","60.75","60.61","60.91","60.60","14.11K","0.05%"
"10/28/2019","60.72","60.71","60.86","60.71","9.11K","0.43%"
"10/25/2019","60.46","60.00","60.52","60.00","12.56K","0.48%"
"10/24/2019","60.17","60.06","60.17","59.91","11.23K","0.23%"
"10/23/2019","60.03","60.11","60.11","59.82","31.69K","0.20%"
"10/22/2019","59.91","60.13","60.18","59.86","19.89K","0.02%"
"10/21/2019","59.90","59.84","59.96","59.84","7.17K","0.76%"
"10/18/2019","59.45","59.77","59.77","59.27","19.35K","-0.17%"
"10/17/2019","59.55","59.69","59.69","59.45","15.03K","0.39%"
"10/16/2019","59.32","59.48","59.50","59.29","7.90K","-0.32%"
"10/15/2019","59.51","59.18","59.61","59.18","22.49K","0.95%"
"10/14/2019","58.95","58.89","59.00","58.79","24.58K","-0.15%"
"10/11/2019","59.04","58.79","59.50","58.79","17.92K","1.46%"
"10/10/2019","58.19","58.31","58.32","58.10","10.21K","0.74%"
"10/09/2019","57.76","57.69","57.96","57.62","36.31K","0.77%"
"10/08/2019","57.32","57.93","57.93","57.32","10.44K","-1.93%"
"10/07/2019","58.45","58.58","58.78","58.45","16.77K","-0.36%"
"10/04/2019","58.66","58.08","58.66","58.08","16.78K","1.12%"
"10/03/2019","58.01","57.52","58.01","57.22","181.15K","0.76%"
"10/02/2019","57.57","58.41","58.41","57.33","12.11K","-1.89%"
"10/01/2019","58.68","59.81","59.87","58.68","20.35K","-1.61%"
"09/30/2019","59.64","59.50","59.74","59.48","13.64K","0.62%"
"09/27/2019","59.27","59.87","59.87","59.11","21.86K","-0.59%"
"09/26/2019","59.62","59.70","59.76","59.34","37.80K","-0.30%"
"09/25/2019","59.80","59.49","59.86","59.18","24.83K","0.69%"
"09/24/2019","59.39","60.13","60.19","59.25","23.47K","-1.30%"
"09/23/2019","60.17","59.85","60.31","59.85","16.32K","-0.07%"
"09/20/2019","60.21","60.62","60.62","60.13","16.98K","-0.35%"
"09/19/2019","60.42","60.59","60.75","60.42","13.80K","-0.28%"
"09/18/2019","60.59","60.48","60.59","60.09","23.18K","-0.18%"
"09/17/2019","60.70","60.57","60.70","60.44","23.11K","-0.07%"
"09/16/2019","60.74","60.46","60.74","60.46","16.51K","0.23%"
"09/13/2019","60.60","60.64","60.82","60.59","31.20K","0.00%"
"09/12/2019","60.60","60.82","60.82","60.48","18.50K","0.18%"
"09/11/2019","60.49","60.24","60.49","60.22","20.21K","0.82%"
"09/10/2019","60.00","59.67","60.00","59.48","9.77K","0.52%"
"09/09/2019","59.69","59.62","59.69","59.50","9.47K","0.62%"
"09/06/2019","59.32","59.27","59.49","59.26","10.19K","0.19%"
"09/05/2019","59.21","59.00","59.40","59.00","15.33K","1.46%"
"09/04/2019","58.36","58.08","58.36","58.03","14.35K","1.20%"
"09/03/2019","57.67","57.63","57.80","57.35","13.47K","-0.83%"
"08/30/2019","58.15","58.44","58.44","57.96","14.24K","0.19%"
"08/29/2019","58.04","57.72","58.07","57.72","23.61K","1.43%"
"08/28/2019","57.22","56.56","57.22","56.52","19.70K","0.85%"
"08/27/2019","56.74","57.44","57.44","56.65","32.56K","-0.54%"
"08/26/2019","57.05","57.05","57.05","56.84","34.39K","1.04%"
"08/23/2019","56.46","58.02","58.11","56.46","14.54K","-2.87%"
"08/22/2019","58.13","58.25","58.31","57.83","23.45K","-0.03%"
"08/21/2019","58.15","58.13","58.17","58.00","13.22K","0.90%"
"08/20/2019","57.63","57.89","57.99","57.63","15.12K","-0.72%"
"08/19/2019","58.05","58.34","58.34","58.00","28.52K","1.08%"
"08/16/2019","57.43","57.12","57.50","57.04","8.52K","1.48%"
"08/15/2019","56.59","56.53","56.73","56.18","70.18K","0.07%"
"08/14/2019","56.55","57.41","57.41","56.55","8.73K","-2.95%"
"08/13/2019","58.27","57.47","58.68","57.47","176.38K","1.23%"
"08/12/2019","57.56","58.10","58.10","57.38","85.84K","-1.42%"
"08/09/2019","58.39","58.61","58.64","58.12","10.63K","-0.85%"
"08/08/2019","58.89","58.05","58.89","58.05","19.56K","1.78%"
"08/07/2019","57.86","57.05","57.95","56.85","21.77K","0.29%"
"08/06/2019","57.69","57.48","57.69","57.01","15.27K","1.23%"
"08/05/2019","56.99","58.00","58.00","56.60","49.82K","-2.98%"
"08/02/2019","58.74","59.00","59.07","58.47","21.08K","-0.91%"
"08/01/2019","59.28","60.06","60.45","59.28","27.07K","-1.38%"
"07/31/2019","60.11","60.54","60.70","59.89","24.29K","-0.71%"
"07/30/2019","60.54","60.33","60.55","60.20","10.08K","-0.12%"
"07/29/2019","60.61","60.82","60.82","60.52","24.01K","-0.36%"
"07/26/2019","60.83","60.67","60.83","60.57","28.18K","0.63%"
"07/25/2019","60.45","60.78","60.78","60.38","26.32K","-0.71%"
"07/24/2019","60.88","60.35","60.89","60.35","29.02K","0.79%"
"07/23/2019","60.40","60.10","60.41","60.01","11.05K","0.85%"
"07/22/2019","59.89","59.86","60.03","59.83","20.00K","0.00%"
"07/19/2019","59.89","60.38","60.41","59.88","19.43K","-0.48%"
"07/18/2019","60.18","59.83","60.24","59.81","38.50K","0.40%"
"07/17/2019","59.94","60.47","60.47","59.94","14.74K","-0.71%"
"07/16/2019","60.37","60.59","60.59","60.34","25.77K","-0.12%"
"07/15/2019","60.44","60.51","60.51","60.38","24.02K","-0.13%"
"07/12/2019","60.52","60.10","60.53","60.10","23.45K","0.72%"
"07/11/2019","60.09","60.10","60.11","59.84","15.08K","0.10%"
"07/10/2019","60.03","60.05","60.27","59.93","32.16K","0.17%"
"07/09/2019","59.93","59.53","59.96","59.53","14.87K","0.12%"
"07/08/2019","59.86","60.10","60.11","59.79","11.63K","-0.60%"
"07/05/2019","60.22","60.03","60.22","59.74","37.26K","-0.12%"
"07/03/2019","60.29","59.82","60.29","59.82","21.41K","0.97%"
"07/02/2019","59.71","59.62","59.71","59.57","12.60K","-0.03%"
"07/01/2019","59.73","60.00","60.12","59.50","12.20K","0.69%"
"06/28/2019","59.32","58.94","59.40","58.94","24.60K","0.80%"
"06/27/2019","58.85","58.67","58.85","58.67","10.61K","0.72%"
"06/26/2019","58.43","58.53","58.68","58.42","30.03K","-0.17%"
"06/25/2019","58.53","58.91","58.93","58.51","16.23K","-0.73%"
"06/24/2019","58.96","59.18","59.25","58.96","13.51K","-0.47%"
"06/21/2019","59.24","59.44","59.44","59.15","33.04K","-0.35%"
"06/20/2019","59.45","59.42","59.49","59.02","29.09K","0.88%"
"06/19/2019","58.93","58.84","58.93","58.63","43.32K","0.44%"
"06/18/2019","58.67","58.49","58.90","58.46","30.18K","1.07%"
"06/17/2019","58.05","58.08","58.25","58.03","22.50K","-0.53%"
"06/14/2019","58.36","58.40","58.45","58.23","17.09K","-0.15%"
"06/13/2019","58.45","58.54","58.57","58.30","17.21K","0.50%"
"06/12/2019","58.16","58.29","58.29","58.11","8.31K","-0.22%"
"06/11/2019","58.29","58.70","58.73","58.13","10.62K","-0.17%"
"06/10/2019","58.39","58.46","58.72","58.32","8.85K","0.52%"
"06/07/2019","58.09","57.77","58.24","57.77","18.39K","0.73%"
"06/06/2019","57.67","57.64","57.70","57.27","17.97K","0.38%"
"06/05/2019","57.45","57.28","57.45","56.87","32.38K","0.79%"
"06/04/2019","57.00","56.57","57.01","56.30","10.87K","2.32%"
"06/03/2019","55.71","55.48","55.89","55.48","15.08K","0.34%"
"05/31/2019","55.52","55.47","55.65","55.35","16.56K","-0.98%"
"05/30/2019","56.07","56.43","56.43","56.00","11.87K","0.02%"
"05/29/2019","56.06","55.91","56.10","55.67","163.81K","-0.71%"
"05/28/2019","56.46","56.95","57.18","56.40","53.42K","-0.91%"
"05/24/2019","56.98","57.16","57.16","56.84","25.93K","0.28%"
"05/23/2019","56.82","57.20","57.20","56.55","24.08K","-1.34%"
"05/22/2019","57.59","57.76","57.80","57.52","45.42K","-0.52%"
"05/21/2019","57.89","57.75","57.95","57.75","10.09K","1.01%"
"05/20/2019","57.31","57.39","57.52","57.17","49.65K","-0.66%"
"05/17/2019","57.69","57.65","58.04","57.59","15.88K","-0.60%"
"05/16/2019","58.04","58.05","58.26","57.97","22.31K","0.76%"
"05/15/2019","57.60","57.19","57.72","57.08","22.08K","0.30%"
"05/14/2019","57.43","57.14","57.71","57.11","5.45K","1.00%"
"05/13/2019","56.86","57.30","57.30","56.61","21.53K","-2.44%"
"05/10/2019","58.28","57.95","58.28","57.25","10.17K","0.38%"
"05/09/2019","58.06","57.65","58.11","57.44","16.06K","-0.17%"
"05/08/2019","58.16","58.27","58.42","58.15","9.42K","-0.10%"
"05/07/2019","58.22","58.57","58.61","57.87","74.48K","-1.66%"
"05/06/2019","59.20","58.46","59.25","58.46","31.95K","-0.50%"
"05/03/2019","59.50","59.10","59.50","59.10","9.86K","1.02%"
"05/02/2019","58.90","59.18","59.18","58.72","13.95K","-0.17%"
"05/01/2019","59.00","59.47","59.59","59.00","8.15K","-0.97%"
"04/30/2019","59.58","59.45","59.58","59.07","7.06K","0.34%"
"04/29/2019","59.38","59.41","59.50","59.38","6.56K","0.10%"
"04/26/2019","59.32","59.19","59.33","58.95","24.55K","0.49%"
"04/25/2019","59.03","59.27","59.27","58.84","19.31K","-0.62%"
"04/24/2019","59.40","59.34","59.52","59.34","22.79K","0.00%"
"04/23/2019","59.40","59.09","59.45","59.04","10.29K","0.93%"
"04/22/2019","58.85","58.78","58.88","58.76","19.84K","-0.15%"
"04/18/2019","58.94","59.00","59.00","58.70","10.49K","0.19%"
"04/17/2019","58.83","59.19","59.19","58.83","9.42K","-0.57%"
"04/16/2019","59.17","59.25","59.26","59.10","12.82K","0.00%"
"04/15/2019","59.17","59.57","59.57","59.10","17.09K","-0.22%"
"04/12/2019","59.30","59.14","59.30","59.08","6.54K","0.80%"
"04/11/2019","58.83","58.99","58.99","58.71","19.20K","0.26%"
"04/10/2019","58.68","58.52","58.72","58.40","14.33K","0.65%"
"04/09/2019","58.30","58.57","58.57","58.30","9.23K","-0.90%"
"04/08/2019","58.83","58.65","58.83","58.59","12.90K","0.09%"
"04/05/2019","58.78","58.66","58.81","58.66","8.84K","0.65%"
"04/04/2019","58.40","58.35","58.41","58.19","11.72K","0.29%"
"04/03/2019","58.23","58.28","58.46","58.18","6.98K","0.24%"
"04/02/2019","58.09","58.33","58.33","57.94","109.41K","-0.05%"
"04/01/2019","58.12","57.83","58.12","57.81","16.95K","1.32%"
"03/29/2019","57.36","57.33","57.39","57.19","36.14K","0.60%"
"03/28/2019","57.02","56.78","57.08","56.73","6.34K","0.60%"
"03/27/2019","56.68","56.84","56.85","56.40","12.18K","-0.40%"
"03/26/2019","56.91","56.83","57.05","56.58","57.97K","0.83%"
"03/25/2019","56.44","56.31","56.69","56.14","20.83K","-0.07%"
"03/22/2019","56.48","57.42","57.42","56.45","10.85K","-2.05%"
"03/21/2019","57.66","57.00","57.78","57.00","11.36K","1.26%"
"03/20/2019","56.94","57.11","57.27","56.72","11.20K","-0.99%"
"03/19/2019","57.51","57.79","57.84","57.43","5.77K","-0.19%"
"03/18/2019","57.62","57.73","57.73","57.44","22.13K","0.37%"
"03/15/2019","57.41","57.38","57.56","57.30","4.71K","0.44%"
"03/14/2019","57.16","57.22","57.22","57.11","4.09K","-0.19%"
"03/13/2019","57.27","57.16","57.46","57.12","15.35K","0.63%"
"03/12/2019","56.91","56.91","57.01","56.80","8.98K","0.33%"
"03/11/2019","56.72","56.16","56.72","56.16","19.38K","1.36%"
"03/08/2019","55.96","55.63","55.96","55.63","5.89K","-0.34%"
"03/07/2019","56.15","56.24","56.34","55.94","8.88K","-0.80%"
"03/06/2019","56.60","56.95","57.00","56.60","12.11K","-0.88%"
"03/05/2019","57.10","57.21","57.27","57.06","42.49K","-0.33%"
"03/04/2019","57.29","57.98","57.98","56.94","8.48K","-0.47%"
"03/01/2019","57.56","57.52","57.71","57.27","22.37K","0.59%"
"02/28/2019","57.22","57.23","57.37","57.15","31.39K","-0.16%"
"02/27/2019","57.31","57.10","57.39","57.04","34.60K","0.09%"
"02/26/2019","57.26","57.33","57.47","57.25","11.81K","-0.19%"
"02/25/2019","57.37","57.65","57.75","57.37","5.98K","0.02%"
"02/22/2019","57.36","57.14","57.38","57.14","11.80K","0.68%"
"02/21/2019","56.97","57.37","57.37","56.80","20.31K","-0.35%"
"02/20/2019","57.17","57.08","57.25","57.08","6.85K","0.18%"
"02/19/2019","57.07","56.79","57.20","56.79","22.72K","0.19%"
"02/15/2019","56.96","56.72","56.97","56.72","11.21K","1.03%"
"02/14/2019","56.38","56.56","56.56","56.19","8.27K","-0.16%"
"02/13/2019","56.47","56.40","56.58","56.31","44.99K","0.34%"
"02/12/2019","56.28","56.10","56.37","56.00","16.79K","1.30%"
"02/11/2019","55.56","55.49","55.61","55.48","13.16K","0.43%"
"02/08/2019","55.32","54.97","55.32","54.95","11.18K","0.09%"
"02/07/2019","55.27","55.64","55.64","54.93","11.19K","-0.72%"
"02/06/2019","55.67","55.82","55.82","55.63","15.08K","-0.14%"
"02/05/2019","55.75","55.69","55.80","55.56","19.79K","0.47%"
"02/04/2019","55.49","55.43","55.49","55.07","128.69K","0.47%"
"02/01/2019","55.23","55.22","55.31","54.95","17.12K","0.29%"
"01/31/2019","55.07","54.55","55.07","54.55","13.52K","0.75%"
"01/30/2019","54.66","54.22","54.76","54.03","22.65K","1.18%"
"01/29/2019","54.02","53.96","54.09","53.88","13.54K","0.20%"
"01/28/2019","53.91","53.63","53.96","53.59","11.46K","-0.52%"
"01/25/2019","54.19","54.07","54.28","53.99","6.93K","1.10%"
"01/24/2019","53.60","53.43","53.63","53.43","7.36K","0.43%"
"01/23/2019","53.37","53.47","53.70","52.86","39.85K","0.04%"
"01/22/2019","53.35","53.77","53.77","53.12","17.25K","-1.33%"
"01/18/2019","54.07","53.85","54.22","53.75","28.70K","1.44%"
"01/17/2019","53.30","52.98","53.51","52.84","59.64K","0.74%"
"01/16/2019","52.91","52.75","53.00","52.75","13.38K","0.42%"
"01/15/2019","52.69","52.40","52.70","52.40","11.46K","0.76%"
"01/14/2019","52.29","52.45","52.45","52.14","18.61K","-0.57%"
"01/11/2019","52.59","52.23","52.63","52.23","7.91K","0.10%"
"01/10/2019","52.54","52.25","52.56","51.82","15.15K","0.63%"
"01/09/2019","52.21","52.06","52.39","52.06","9.58K","0.77%"
"01/08/2019","51.81","51.85","51.88","51.26","16.06K","1.07%"
"01/07/2019","51.26","50.86","51.65","50.77","16.02K","1.08%"
"01/04/2019","50.71","49.79","50.88","49.79","27.70K","3.55%"
"01/03/2019","48.97","49.72","49.72","48.93","23.70K","-1.94%"
"01/02/2019","49.94","49.26","50.07","49.26","23.43K","0.30%"
"12/31/2018","49.79","49.93","49.98","49.51","32.95K","0.16%"
"12/28/2018","49.71","49.97","50.23","49.33","47.14K","-0.16%"
"12/27/2018","49.79","48.88","49.79","47.95","82.38K","1.20%"
"12/26/2018","49.20","47.30","49.20","47.08","107.17K","4.64%"
"12/24/2018","47.02","48.12","48.18","47.02","21.72K","-2.97%"
"12/21/2018","48.46","49.47","50.03","48.24","195.91K","-1.38%"
"12/20/2018","49.14","50.01","50.17","48.88","81.69K","-2.07%"
"12/19/2018","50.18","50.90","51.47","49.96","20.63K","-1.57%"
"12/18/2018","50.98","51.46","51.48","50.74","28.08K","0.10%"
"12/17/2018","50.93","51.88","52.07","50.84","26.92K","-2.73%"
"12/14/2018","52.36","52.67","52.93","52.25","19.35K","-1.41%"
"12/13/2018","53.11","53.53","53.53","52.93","22.89K","-0.64%"
"12/12/2018","53.45","53.83","54.01","53.45","65.61K","0.66%"
"12/11/2018","53.10","53.78","53.98","52.85","20.12K","-0.26%"
"12/10/2018","53.24","53.31","53.32","52.48","26.66K","0.09%"
"12/07/2018","53.19","54.32","54.36","53.12","12.53K","-1.63%"
"12/06/2018","54.07","54.02","54.09","53.31","14.35K","-1.06%"
"12/04/2018","54.65","56.28","56.28","54.56","12.29K","-3.22%"
"12/03/2018","56.47","56.47","56.55","56.13","20.14K","1.13%"
"11/30/2018","55.84","55.37","55.84","55.37","27.66K","0.56%"
"11/29/2018","55.53","55.37","55.88","55.10","46.10K","-0.18%"
"11/28/2018","55.63","54.71","55.63","54.61","21.53K","1.91%"
"11/27/2018","54.59","54.54","54.67","54.30","71.57K","-0.11%"
"11/26/2018","54.65","54.35","54.65","54.31","31.74K","1.32%"
"11/23/2018","53.94","53.75","54.25","53.75","18.11K","-0.19%"
"11/21/2018","54.04","53.86","54.32","53.86","15.25K","0.60%"
"11/20/2018","53.72","54.00","54.11","53.60","13.39K","-1.58%"
"11/19/2018","54.58","55.01","55.05","54.35","34.80K","-1.30%"
"11/16/2018","55.30","55.07","55.39","55.07","4.63K","0.49%"
"11/15/2018","55.03","54.25","55.12","54.22","56.01K","0.68%"
"11/14/2018","54.66","55.48","55.48","54.40","8.88K","-0.51%"
"11/13/2018","54.94","55.31","55.50","54.94","7.41K","-0.43%"
"11/12/2018","55.18","55.71","55.75","55.18","32.54K","-1.15%"
"11/09/2018","55.82","56.03","56.03","55.68","35.75K","-0.87%"
"11/08/2018","56.31","56.54","56.60","56.27","12.86K","-0.51%"
"11/07/2018","56.60","56.00","56.60","56.00","25.61K","1.80%"
"11/06/2018","55.60","55.46","55.82","55.46","10.97K","0.22%"
"11/05/2018","55.48","55.38","55.52","54.93","12.62K","0.43%"
"11/02/2018","55.24","55.64","55.64","54.71","18.84K","-0.16%"
"11/01/2018","55.33","54.58","55.33","54.58","10.06K","1.62%"
"10/31/2018","54.45","54.74","54.91","54.42","52.44K","0.76%"
"10/30/2018","54.04","53.05","54.04","53.05","27.53K","1.87%"
"10/29/2018","53.05","53.80","54.15","52.43","27.29K","-0.06%"
"10/26/2018","53.08","53.09","53.68","52.50","23.89K","-1.50%"
"10/25/2018","53.89","53.53","54.22","53.53","16.14K","0.86%"
"10/24/2018","53.43","54.63","54.63","53.43","21.20K","-2.32%"
"10/23/2018","54.70","53.79","54.89","53.79","23.38K","-0.78%"
"10/22/2018","55.13","55.48","55.78","55.00","68.13K","-0.68%"
"10/19/2018","55.51","56.03","56.03","55.38","18.91K","-0.13%"
"10/18/2018","55.58","56.07","56.29","55.44","10.81K","-1.24%"
"10/17/2018","56.28","56.35","56.48","55.85","19.03K","-0.27%"
"10/16/2018","56.43","55.66","56.43","55.66","17.79K","1.58%"
"10/15/2018","55.55","55.21","55.76","55.21","16.86K","0.36%"
"10/12/2018","55.35","55.68","55.70","54.85","54.78K","0.82%"
"10/11/2018","54.90","55.90","55.94","54.64","44.99K","-2.23%"
"10/10/2018","56.15","57.62","57.62","56.15","31.76K","-2.87%"
"10/09/2018","57.81","58.00","58.07","57.80","13.94K","-0.55%"
"10/08/2018","58.13","57.89","58.14","57.77","9.59K","0.41%"
"10/05/2018","57.89","58.51","58.52","57.88","10.78K","-0.75%"
"10/04/2018","58.33","58.62","58.63","58.15","11.95K","-0.95%"
"10/03/2018","58.89","58.96","59.11","58.83","49.32K","0.10%"
"10/02/2018","58.83","59.16","59.16","58.83","58.32K","-0.07%"
"10/01/2018","58.87","59.23","59.28","58.81","26.89K","-0.17%"
"09/28/2018","58.97","58.90","59.07","58.86","11.38K","0.17%"
"09/27/2018","58.87","58.93","59.09","58.87","10.69K","0.12%"
"09/26/2018","58.80","59.15","59.20","58.80","9.29K","-1.06%"
"09/25/2018","59.43","59.59","59.59","59.37","21.47K","-0.24%"
"09/24/2018","59.57","59.50","59.59","59.44","9.41K","-0.57%"
"09/21/2018","59.91","60.35","60.35","59.91","11.16K","0.00%"
"09/20/2018","59.91","59.76","59.96","59.71","20.17K","0.60%"
"09/19/2018","59.55","59.74","59.74","59.50","17.22K","-0.17%"
"09/18/2018","59.65","59.37","59.65","59.30","22.88K","0.66%"
"09/17/2018","59.26","59.47","59.51","59.24","14.05K","-0.32%"
"09/14/2018","59.45","59.52","59.57","59.36","7.84K","0.08%"
"09/13/2018","59.40","59.35","59.51","59.34","13.32K","0.47%"
"09/12/2018","59.12","59.01","59.16","58.92","9.88K","-0.02%"
"09/11/2018","59.13","58.95","59.17","58.85","6.94K","0.08%"
"09/10/2018","59.08","58.97","59.11","58.97","14.63K","0.46%"
"09/07/2018","58.81","58.94","59.02","58.74","12.33K","-0.41%"
"09/06/2018","59.05","59.27","59.31","58.98","111.30K","-0.22%"
"09/05/2018","59.18","59.18","59.22","59.01","6.97K","-0.03%"
"09/04/2018","59.20","59.41","59.41","59.02","19.74K","-0.22%"
"08/31/2018","59.33","59.22","59.36","59.18","12.64K","0.10%"
"08/30/2018","59.27","59.46","59.53","59.22","89.81K","-0.57%"
"08/29/2018","59.61","59.78","59.78","59.37","33.16K","0.32%"
"08/28/2018","59.42","60.07","60.07","59.27","18.01K","0.10%"
"08/27/2018","59.36","59.27","59.44","59.27","14.78K","0.51%"
"08/24/2018","59.06","58.91","59.06","58.82","16.50K","0.70%"
"08/23/2018","58.65","58.72","58.82","58.65","11.37K","-0.32%"
"08/22/2018","58.84","58.77","58.94","58.77","11.85K","-0.17%"
"08/21/2018","58.94","58.94","59.09","58.88","15.49K","0.36%"
"08/20/2018","58.73","58.67","58.76","58.60","10.41K","0.44%"
"08/17/2018","58.47","58.16","58.54","58.16","14.41K","0.39%"
"08/16/2018","58.24","57.88","58.24","57.88","4.63K","0.92%"
"08/15/2018","57.71","57.90","57.90","57.40","10.77K","-0.82%"
"08/14/2018","58.19","57.94","58.24","57.94","14.08K","0.83%"
"08/13/2018","57.71","57.96","58.07","57.65","9.83K","-0.57%"
"08/10/2018","58.04","57.98","58.17","57.91","14.62K","-0.63%"
"08/09/2018","58.41","58.48","58.56","58.41","7.26K","-0.09%"
"08/08/2018","58.46","58.39","58.47","58.37","15.27K","-0.07%"
"08/07/2018","58.50","58.48","58.58","58.45","9.80K","0.29%"
"08/06/2018","58.33","58.16","58.38","58.14","10.40K","0.31%"
"08/03/2018","58.15","58.27","58.27","57.97","8.51K","0.47%"
"08/02/2018","57.88","57.25","57.93","57.25","16.22K","0.35%"
"08/01/2018","57.68","57.83","57.89","57.54","9.90K","-0.43%"
"07/31/2018","57.93","57.77","58.05","57.73","20.37K","0.71%"
"07/30/2018","57.52","57.95","57.97","57.52","29.80K","-0.60%"
"07/27/2018","57.87","58.33","58.34","57.74","11.76K","-0.74%"
"07/26/2018","58.30","57.91","58.35","57.91","10.37K","0.80%"
"07/25/2018","57.84","57.59","57.87","57.59","16.14K","0.59%"
"07/24/2018","57.50","57.88","57.88","57.50","9.88K","-0.42%"
"07/23/2018","57.74","57.65","57.77","57.57","16.66K","0.00%"
"07/20/2018","57.74","58.21","58.21","57.72","19.63K","-0.35%"
"07/19/2018","57.94","57.84","58.02","57.77","13.98K","0.02%"
"07/18/2018","57.93","58.20","58.20","57.74","20.71K","0.28%"
"07/17/2018","57.77","57.48","57.81","57.46","13.12K","0.38%"
"07/16/2018","57.55","57.55","57.58","57.46","32.01K","-0.33%"
"07/13/2018","57.74","57.70","57.84","57.69","12.93K","0.12%"
"07/12/2018","57.67","57.87","57.87","57.45","11.68K","0.49%"
"07/11/2018","57.39","57.57","57.63","57.30","46.28K","-0.86%"
"07/10/2018","57.89","58.10","58.10","57.75","10.26K","0.38%"
"07/09/2018","57.67","57.76","57.76","57.50","40.11K","0.73%"
"07/06/2018","57.25","56.93","57.30","56.83","10.05K","0.90%"
"07/05/2018","56.74","56.82","56.82","56.41","15.99K","0.67%"
"07/03/2018","56.36","56.65","56.69","56.36","12.41K","0.11%"
"07/02/2018","56.30","56.13","56.33","55.94","43.08K","-0.20%"
"06/29/2018","56.41","56.51","56.79","56.41","12.14K","0.34%"
"06/28/2018","56.22","56.08","56.38","55.86","30.96K","0.00%"
"06/27/2018","56.22","56.80","56.87","56.06","6.63K","-0.69%"
"06/26/2018","56.61","56.90","56.90","56.48","17.23K","-0.26%"
"06/25/2018","56.76","56.72","56.90","56.57","22.99K","-1.22%"
"06/22/2018","57.46","57.98","57.98","57.43","12.82K","0.33%"
"06/21/2018","57.27","57.82","57.82","57.21","13.09K","-0.71%"
"06/20/2018","57.68","57.66","57.73","57.53","26.19K","0.47%"
"06/19/2018","57.41","57.46","57.47","57.14","11.95K","-0.52%"
"06/18/2018","57.71","57.61","57.76","57.61","12.14K","-0.09%"
"06/15/2018","57.76","57.51","57.76","57.36","21.01K","0.02%"
"06/14/2018","57.75","57.85","57.85","57.68","10.28K","0.35%"
"06/13/2018","57.55","58.20","58.20","57.55","19.78K","-0.50%"
"06/12/2018","57.84","57.64","57.91","57.64","12.04K","0.33%"
"06/11/2018","57.65","57.71","57.77","57.64","23.90K","0.17%"
"06/08/2018","57.55","57.28","57.55","57.25","21.07K","0.38%"
"06/07/2018","57.33","57.39","57.42","57.13","23.90K","0.17%"
"06/06/2018","57.23","56.94","57.23","56.85","10.16K","0.72%"
"06/05/2018","56.82","56.82","56.83","56.63","26.86K","0.25%"
"06/04/2018","56.68","56.62","56.70","56.55","12.81K","0.37%"
"06/01/2018","56.47","56.25","56.50","56.25","7.33K","0.80%"
"05/31/2018","56.02","56.31","56.33","55.93","40.58K","-0.78%"
"05/30/2018","56.46","56.07","56.58","56.07","16.60K","1.24%"
"05/29/2018","55.77","55.92","56.10","55.54","20.82K","-0.99%"
"05/25/2018","56.33","56.19","56.39","56.19","26.10K","-0.19%"
"05/24/2018","56.44","56.49","56.49","56.20","23.63K","-0.05%"
"05/23/2018","56.47","56.36","56.47","56.20","22.19K","-0.18%"
"05/22/2018","56.57","56.94","56.94","56.55","9.27K","0.00%"
"05/21/2018","56.57","56.60","56.69","56.50","22.82K","0.59%"
"05/18/2018","56.24","56.32","56.32","56.23","2.33K","-0.12%"
"05/17/2018","56.31","56.26","56.41","56.26","6.68K","0.11%"
"05/16/2018","56.25","55.84","56.33","55.84","4.59K","0.61%"
"05/15/2018","55.91","56.07","56.07","55.81","7.34K","-0.46%"
"05/14/2018","56.17","56.40","56.48","56.17","31.63K","-0.18%"
"05/11/2018","56.27","56.32","56.32","56.15","4.22K","0.14%"
"05/10/2018","56.19","55.90","56.25","55.90","5.84K","0.88%"
"05/09/2018","55.70","55.34","55.79","55.34","11.84K","0.71%"
"05/08/2018","55.31","55.33","55.36","55.09","16.47K","-0.04%"
"05/07/2018","55.33","55.23","55.51","55.23","25.97K","0.40%"
"05/04/2018","55.11","54.55","55.37","54.55","8.84K","1.06%"
"05/03/2018","54.53","54.47","54.65","54.02","10.29K","-0.57%"
"05/02/2018","54.84","54.99","55.16","54.82","13.17K","-0.45%"
"05/01/2018","55.09","55.17","55.17","54.64","14.92K","-0.29%"
"04/30/2018","55.25","55.69","55.72","55.18","223.47K","-0.59%"
"04/27/2018","55.58","55.51","55.62","55.45","4.49K","0.16%"
"04/26/2018","55.49","55.15","55.58","55.15","21.52K","0.80%"
"04/25/2018","55.05","54.77","55.18","54.73","31.75K","0.24%"
"04/24/2018","54.92","55.72","55.77","54.74","30.60K","-1.13%"
"04/23/2018","55.55","55.61","55.70","55.53","25.20K","0.14%"
"04/20/2018","55.47","55.96","55.96","55.36","10.81K","-0.63%"
"04/19/2018","55.82","56.09","56.11","55.71","9.03K","-0.92%"
"04/18/2018","56.34","56.20","56.45","56.20","7.99K","0.48%"
"04/17/2018","56.07","55.97","56.15","55.95","16.12K","0.86%"
"04/16/2018","55.59","55.29","55.69","55.29","22.96K","0.98%"
"04/13/2018","55.05","55.05","55.17","54.89","22.81K","-0.34%"
"04/12/2018","55.24","55.13","55.38","55.13","8.16K","0.64%"
"04/11/2018","54.89","54.76","55.18","54.76","11.04K","-0.63%"
"04/10/2018","55.24","54.87","55.24","54.87","10.29K","1.19%"
"04/09/2018","54.59","54.41","55.00","54.41","12.10K","0.76%"
"04/06/2018","54.18","54.65","54.76","54.00","2.54K","-2.24%"
"04/05/2018","55.42","55.27","55.47","55.22","7.85K","0.75%"
"04/04/2018","55.01","53.60","55.02","53.60","10.53K","1.25%"
"04/03/2018","54.33","54.06","54.48","53.96","9.11K","0.91%"
"04/02/2018","53.84","55.30","55.30","53.41","60.56K","-2.27%"
"03/29/2018","55.09","54.49","55.29","54.49","49.33K","1.49%"
"03/28/2018","54.28","54.50","54.55","54.28","4.66K","-0.24%"
"03/27/2018","54.41","55.11","55.38","54.41","5.57K","-1.25%"
"03/26/2018","55.10","54.53","55.12","54.28","16.72K","2.04%"
"03/23/2018","54.00","54.97","55.07","53.98","37.59K","-1.73%"
"03/22/2018","54.95","55.96","55.97","54.95","22.23K","-2.59%"
"03/21/2018","56.41","56.38","56.77","56.38","10.59K","0.12%"
"03/20/2018","56.34","56.31","56.45","56.31","6.17K","0.09%"
"03/19/2018","56.29","56.74","56.76","56.08","7.81K","-1.25%"
"03/16/2018","57.00","57.05","57.05","56.94","1.52K","0.44%"
"03/15/2018","56.75","56.87","56.87","56.63","5.86K","-0.09%"
"03/14/2018","56.80","57.19","57.24","56.75","10.51K","-0.40%"
"03/13/2018","57.03","57.49","57.65","57.03","5.55K","-0.61%"
"03/12/2018","57.38","57.58","57.72","57.30","19.60K","-0.02%"
"03/09/2018","57.39","56.80","57.39","56.73","4.24K","1.83%"
"03/08/2018","56.36","56.32","56.55","56.25","8.09K","-0.09%"
"03/07/2018","56.41","56.34","56.44","56.08","4.87K","0.11%"
"03/06/2018","56.35","56.15","56.35","55.97","12.82K","0.43%"
"03/05/2018","56.11","55.29","56.12","55.25","8.47K","1.34%"
"03/02/2018","55.37","54.54","55.40","54.54","5.52K","0.62%"
"03/01/2018","55.03","55.42","55.66","54.75","9.58K","-0.65%"
"02/28/2018","55.39","56.36","56.36","55.39","26.23K","-1.41%"
"02/27/2018","56.18","56.99","57.03","56.18","5.13K","-1.09%"
"02/26/2018","56.80","56.62","56.84","56.37","28.85K","0.69%"
"02/23/2018","56.41","55.82","56.41","55.75","25.67K","0.53%"
"02/22/2018","56.11","55.95","56.11","55.89","2.64K","0.18%"
"02/21/2018","56.01","56.00","56.52","55.96","132.92K","0.02%"
"02/20/2018","56.00","56.09","56.44","55.89","78.83K","-0.69%"
"02/16/2018","56.39","56.19","56.64","56.18","6.76K","0.46%"
"02/15/2018","56.13","55.96","56.17","55.86","5.16K","0.66%"
"02/14/2018","55.76","54.78","55.76","54.78","26.66K","1.66%"
"02/13/2018","54.85","54.45","54.92","54.45","7.24K","0.29%"
"02/12/2018","54.69","54.46","54.97","54.12","12.56K","1.07%"
"02/09/2018","54.11","53.82","54.31","52.48","37.51K","0.99%"
"02/08/2018","53.58","55.36","55.36","53.58","13.18K","-3.08%"
"02/07/2018","55.28","55.17","56.00","55.17","34.15K","-0.16%"
"02/06/2018","55.37","53.93","55.41","53.40","61.59K","0.80%"
"02/05/2018","54.93","56.21","56.76","54.82","35.76K","-3.24%"
"02/02/2018","56.77","57.54","57.54","56.77","6.90K","-1.99%"
"02/01/2018","57.92","57.61","58.06","57.61","9.37K","-0.05%"
"01/31/2018","57.95","58.12","58.18","57.74","8.19K","-0.16%"
"01/30/2018","58.04","58.15","58.21","57.88","12.13K","-1.07%"
"01/29/2018","58.67","58.82","59.06","58.64","48.85K","-0.54%"
"01/26/2018","58.99","58.72","58.99","58.67","11.27K","0.96%"
"01/25/2018","58.43","58.60","58.95","58.42","5.96K","-0.20%"
"01/24/2018","58.55","58.79","58.81","58.41","11.96K","-0.02%"
"01/23/2018","58.56","58.38","58.57","58.38","3.02K","0.36%"
"01/22/2018","58.35","58.13","58.36","58.06","75.71K","0.66%"
"01/19/2018","57.97","57.76","57.97","57.68","15.77K","0.71%"
"01/18/2018","57.56","57.71","57.73","57.50","31.42K","-0.14%"
"01/17/2018","57.64","57.48","57.79","57.32","35.21K","0.79%"
"01/16/2018","57.19","58.11","58.11","57.19","37.57K","-0.69%"
"01/12/2018","57.59","57.40","57.61","57.36","42.83K","0.56%"
"01/11/2018","57.27","56.95","57.27","56.91","6.46K","0.90%"
"01/10/2018","56.76","56.66","56.81","56.58","41.57K","-0.23%"
"01/09/2018","56.89","56.91","57.07","56.83","8.00K","0.09%"
"01/08/2018","56.84","56.80","56.85","56.59","11.32K","0.48%"
"01/05/2018","56.57","56.68","56.68","56.45","7.40K","0.28%"
"01/04/2018","56.41","56.33","56.44","56.30","6.67K","0.36%"
"01/03/2018","56.21","55.87","56.23","55.87","13.57K","0.68%"
"01/02/2018","55.83","55.69","55.83","55.69","13.88K","0.70%"
"12/29/2017","55.44","55.78","55.83","55.44","12.30K","-0.65%"
"12/28/2017","55.80","55.71","55.80","55.54","63.67K","0.38%"
"12/27/2017","55.59","55.61","55.66","55.55","6.97K","0.02%"
"12/26/2017","55.58","55.49","55.64","55.49","25.42K","0.09%"
"12/22/2017","55.53","55.47","55.53","55.39","3.47K","0.05%"
"12/21/2017","55.50","55.38","55.57","55.38","5.09K","-0.22%"
"12/20/2017","55.62","55.91","55.91","55.58","10.05K","-0.09%"
"12/19/2017","55.67","55.75","55.75","55.62","3.10K","-0.14%"
"12/18/2017","55.75","55.56","55.80","55.56","8.08K","0.56%"
"12/15/2017","55.44","55.30","55.47","55.30","2.69K","1.00%"
"12/14/2017","54.89","55.14","55.33","54.87","198.21K","-0.49%"
"12/13/2017","55.16","55.11","55.37","55.11","32.49K","-0.14%"
"12/12/2017","55.24","55.34","55.34","55.21","4.71K","0.20%"
"12/11/2017","55.13","55.55","55.55","55.13","21.01K","0.07%"
"12/08/2017","55.09","54.98","55.10","54.98","5.24K","0.60%"
"12/07/2017","54.76","54.44","54.81","54.44","3.55K","0.42%"
"12/06/2017","54.53","54.59","54.63","54.52","15.08K","-0.27%"
"12/05/2017","54.68","54.89","54.99","54.68","21.93K","-0.96%"
"12/04/2017","55.21","55.27","55.45","55.21","6.37K","0.42%"
"12/01/2017","54.98","54.97","55.10","54.57","5.10K","-0.09%"
"11/30/2017","55.03","54.97","55.23","54.97","3.01K","0.60%"
"11/29/2017","54.70","54.46","54.79","54.46","4.60K","0.37%"
"11/28/2017","54.50","53.93","54.50","53.93","6.59K","1.04%"
"11/27/2017","53.94","54.12","54.12","53.92","15.85K","-0.11%"
"11/24/2017","54.00","54.17","54.17","53.97","1.97K","0.11%"
"11/22/2017","53.94","54.00","54.00","53.91","5.92K","0.04%"
"11/21/2017","53.92","53.93","53.93","53.88","1.12K","0.48%"
"11/20/2017","53.66","53.69","53.73","53.58","16.79K","0.11%"
"11/17/2017","53.60","53.55","53.61","53.55","1.75K","0.22%"
"11/16/2017","53.48","53.45","53.55","53.45","4.52K","0.89%"
"11/15/2017","53.01","52.89","53.12","52.88","8.48K","-0.45%"
"11/14/2017","53.25","52.98","53.26","52.98","7.04K","0.00%"
"11/13/2017","53.25","52.92","53.30","52.92","7.91K","0.00%"
"11/10/2017","53.25","53.12","53.26","53.12","3.21K","0.09%"
"11/09/2017","53.20","53.13","53.20","52.90","1.45K","-0.28%"
"11/08/2017","53.35","53.23","53.39","53.23","2.53K","0.21%"
"11/07/2017","53.24","53.37","53.37","53.21","4.94K","-0.37%"
"11/06/2017","53.44","53.28","53.46","53.28","19.11K","0.45%"
"11/03/2017","53.20","52.95","53.20","52.95","4.41K","0.19%"
"11/02/2017","53.10","53.14","53.14","52.91","1.85K","-0.04%"
"11/01/2017","53.12","53.40","53.40","53.02","6.23K","0.13%"
"10/31/2017","53.05","52.88","53.12","52.88","6.49K","0.25%"
"10/30/2017","52.92","53.04","53.12","52.89","6.71K","-0.45%"
"10/27/2017","53.16","52.91","53.20","52.91","1.73K","0.08%"
"10/26/2017","53.12","53.06","53.16","52.97","2.32K","0.38%"
"10/25/2017","52.92","53.16","53.16","52.71","12.94K","-0.68%"
"10/24/2017","53.28","53.27","53.36","53.27","1.63K","0.11%"
"10/23/2017","53.22","53.46","53.46","53.22","6.14K","-0.36%"
"10/20/2017","53.41","53.32","53.42","53.30","3.47K","0.68%"
"10/19/2017","53.05","52.85","53.06","52.72","3.09K","0.00%"
"10/18/2017","53.05","53.02","53.06","53.01","4.38K","0.23%"
"10/17/2017","52.93","53.10","53.10","52.88","4.63K","-0.08%"
"10/16/2017","52.97","52.94","53.03","52.90","7.78K","0.02%"
"10/13/2017","52.96","52.98","53.10","52.96","2.29K","0.11%"
"10/12/2017","52.90","52.98","52.98","52.85","10.58K","-0.04%"
"10/11/2017","52.92","52.86","52.92","52.86","0.86K","0.02%"
"10/10/2017","52.91","52.97","52.97","52.91","1.12K","0.25%"
"10/09/2017","52.78","52.86","52.90","52.78","3.90K","-0.36%"
"10/06/2017","52.97","52.87","53.02","52.87","7.89K","-0.23%"
"10/05/2017","53.09","52.87","53.11","52.87","4.00K","0.34%"
"10/04/2017","52.91","52.81","52.91","52.81","1.13K","0.23%"
"10/03/2017","52.79","52.71","52.80","52.65","6.34K","0.21%"
"10/02/2017","52.68","52.46","52.68","52.46","6.98K","0.40%"
"09/29/2017","52.47","52.36","52.47","52.30","10.75K","0.42%"
"09/28/2017","52.25","52.19","52.25","52.12","53.95K","-0.04%"
"09/27/2017","52.27","52.14","52.31","52.06","81.79K","0.42%"
"09/26/2017","52.05","51.84","52.12","51.84","28.13K","-0.31%"
"09/25/2017","52.21","52.30","52.30","52.05","110.42K","-0.06%"
"09/22/2017","52.24","52.11","52.24","52.10","33.58K","0.27%"
"09/21/2017","52.10","52.22","52.22","52.06","184.41K","-0.17%"
"09/20/2017","52.19","52.17","52.21","52.08","46.32K","0.08%"
"09/19/2017","52.15","52.11","52.20","52.09","3.37K","-0.08%"
"09/18/2017","52.19","52.21","52.26","52.13","8.45K","0.21%"
"09/15/2017","52.08","51.93","52.08","51.93","3.76K","0.15%"
"09/14/2017","52.00","51.92","52.01","51.92","11.34K","0.00%"
"09/13/2017","52.00","51.78","52.02","51.78","3.31K","0.17%"
"09/12/2017","51.91","51.95","51.95","51.91","0.66K","0.35%"
"09/11/2017","51.73","51.54","51.78","51.54","4.77K","1.05%"
"09/08/2017","51.19","51.15","51.26","51.13","9.55K","0.06%"
"09/07/2017","51.16","51.21","51.21","51.07","12.61K","-0.14%"
"09/06/2017","51.23","51.27","51.31","51.16","29.30K","0.45%"
"09/05/2017","51.00","51.42","51.42","50.94","14.47K","-1.05%"
"09/01/2017","51.54","51.52","51.57","51.45","130.33K","0.49%"
"08/31/2017","51.29","51.20","51.38","51.10","49.35K","0.61%"
"08/30/2017","50.98","50.86","50.98","50.86","2.61K","0.53%"
"08/29/2017","50.71","50.67","50.78","50.50","10.82K","-0.08%"
"08/28/2017","50.75","51.12","51.12","50.66","12.92K","-0.16%"
"08/25/2017","50.83","50.82","50.96","50.80","13.63K","0.38%"
"08/24/2017","50.64","50.67","50.78","50.62","5.85K","-0.06%"
"08/23/2017","50.67","50.70","50.72","50.67","11.89K","-0.20%"
"08/22/2017","50.77","50.34","50.77","50.33","7.76K","0.95%"
"08/21/2017","50.29","50.21","50.30","50.11","10.82K","0.08%"
"08/18/2017","50.25","50.22","50.40","50.16","13.06K","-0.63%"
"08/17/2017","50.57","51.05","51.05","50.57","5.85K","-1.00%"
"08/16/2017","51.08","51.11","51.21","51.08","2.54K","0.20%"
"08/15/2017","50.98","50.98","51.00","50.92","4.48K","-0.27%"
"08/14/2017","51.12","51.20","51.20","51.05","3.25K","0.83%"
"08/11/2017","50.70","50.50","50.75","50.50","5.69K","0.28%"
"08/10/2017","50.56","50.91","50.99","50.55","3.15K","-1.44%"
"08/09/2017","51.30","51.24","51.32","51.16","6.73K","-0.35%"
"08/08/2017","51.48","51.65","51.79","51.48","1.78K","-0.27%"
"08/07/2017","51.62","51.60","51.68","51.53","20.87K","0.10%"
"08/04/2017","51.57","51.48","51.64","51.48","12.96K","0.17%"
"08/03/2017","51.48","51.50","51.52","51.47","1.25K","-0.12%"
"08/02/2017","51.54","51.49","51.58","51.45","4.10K","-0.39%"
"08/01/2017","51.74","51.71","51.77","51.63","4.67K","0.06%"
"07/31/2017","51.71","52.08","52.08","51.61","10.07K","-0.12%"
"07/28/2017","51.77","51.69","51.77","51.66","17.44K","0.06%"
"07/27/2017","51.74","52.13","52.13","51.50","15.86K","-0.25%"
"07/26/2017","51.87","51.95","51.98","51.85","23.23K","-0.27%"
"07/25/2017","52.01","52.26","52.26","51.88","11.93K","0.41%"
"07/24/2017","51.80","51.72","51.82","51.72","55.19K","0.00%"
"07/21/2017","51.80","51.90","51.90","51.74","8.22K","-0.06%"
"07/20/2017","51.83","51.84","51.90","51.80","4.68K","0.00%"
"07/19/2017","51.83","51.66","51.83","51.62","60.64K","0.60%"
"07/18/2017","51.52","51.47","51.52","51.42","7.47K","-0.17%"
"07/17/2017","51.61","51.50","51.66","51.47","4.94K","0.14%"
"07/14/2017","51.54","51.45","51.59","51.42","6.85K","0.41%"
"07/13/2017","51.33","51.43","51.43","51.26","1.31K","0.23%"
"07/12/2017","51.21","51.01","51.29","51.01","6.00K","0.69%"
"07/11/2017","50.86","50.87","50.87","50.74","4.95K","-0.10%"
"07/10/2017","50.91","50.81","50.94","50.81","10.03K","0.06%"
"07/07/2017","50.88","50.51","50.89","50.51","4.64K","0.73%"
"07/06/2017","50.51","50.80","50.91","50.51","5.90K","-1.15%"
"07/05/2017","51.10","51.24","51.24","50.97","4.66K","-0.29%"
"07/03/2017","51.25","51.44","51.44","51.25","4.14K","0.55%"
"06/30/2017","50.97","51.17","51.17","50.86","6.02K","0.24%"
"06/29/2017","50.85","51.12","51.12","50.59","7.71K","-0.74%"
"06/28/2017","51.23","50.92","51.29","50.92","13.95K","0.63%"
"06/27/2017","50.91","51.15","51.22","50.91","7.42K","-0.95%"
"06/26/2017","51.40","51.30","51.46","51.30","11.87K","0.31%"
"06/23/2017","51.24","51.22","51.27","51.16","3.86K","0.20%"
"06/22/2017","51.14","51.26","51.26","51.02","8.16K","0.25%"
"06/21/2017","51.01","51.16","51.16","50.97","1.83K","-0.23%"
"06/20/2017","51.13","51.34","51.38","51.11","8.75K","-0.78%"
"06/19/2017","51.53","51.41","51.54","51.33","5.58K","0.82%"
"06/16/2017","51.11","51.16","51.16","51.03","3.41K","-0.18%"
"06/15/2017","51.20","51.16","51.24","51.13","2.56K","0.02%"
"06/14/2017","51.19","51.34","51.35","51.19","3.81K","-0.47%"
"06/13/2017","51.43","51.20","51.43","51.20","3.10K","0.61%"
"06/12/2017","51.12","50.93","51.12","50.93","4.76K","0.06%"
"06/09/2017","51.09","51.08","51.31","50.88","64.90K","0.22%"
"06/08/2017","50.98","50.85","51.02","50.81","19.52K","0.20%"
"06/07/2017","50.88","50.98","50.98","50.76","27.72K","0.04%"
"06/06/2017","50.86","50.83","50.99","50.83","6.09K","-0.51%"
"06/05/2017","51.12","51.18","51.20","51.03","6.68K","-0.21%"
"06/02/2017","51.23","51.21","51.27","51.08","6.81K","0.33%"
"06/01/2017","51.06","50.77","51.13","50.67","6.16K","1.15%"
"05/31/2017","50.48","50.43","50.48","50.36","2.46K","-0.08%"
"05/30/2017","50.52","50.72","50.72","50.47","8.08K","-0.14%"
"05/26/2017","50.59","50.60","50.64","50.52","23.13K","-0.14%"
"05/25/2017","50.66","50.65","50.72","50.58","5.69K","0.46%"
"05/24/2017","50.43","50.34","50.43","50.29","8.38K","0.30%"
"05/23/2017","50.28","50.29","50.34","50.19","55.70K","0.12%"
"05/22/2017","50.22","49.97","50.25","49.97","7.57K","0.58%"
"05/19/2017","49.93","49.71","50.09","49.71","7.53K","0.67%"
"05/18/2017","49.60","49.32","49.72","49.32","10.54K","0.24%"
"05/17/2017","49.48","50.13","50.13","49.44","11.08K","-1.55%"
"05/16/2017","50.26","50.56","50.56","50.19","6.58K","-0.28%"
"05/15/2017","50.40","50.40","50.44","50.35","8.43K","0.78%"
"05/12/2017","50.01","50.11","50.12","49.99","5.19K","-0.50%"
"05/11/2017","50.26","50.45","50.45","49.98","22.46K","-0.34%"
"05/10/2017","50.43","50.33","50.47","50.33","5.97K","0.24%"
"05/09/2017","50.31","50.35","50.35","50.29","0.95K","0.02%"
"05/08/2017","50.30","50.39","50.39","50.22","3.64K","-0.20%"
"05/05/2017","50.40","50.17","50.40","50.16","4.44K","0.70%"
"05/04/2017","50.05","50.30","50.30","49.85","7.51K","-0.04%"
"05/03/2017","50.07","50.16","50.16","49.95","9.53K","-0.30%"
"05/02/2017","50.22","50.18","50.25","50.16","4.80K","-0.12%"
"05/01/2017","50.28","50.19","50.35","50.19","32.98K","0.10%"
"04/28/2017","50.23","50.34","50.34","50.13","18.85K","-0.40%"
"04/27/2017","50.43","50.42","50.50","50.29","2.95K","0.04%"
"04/26/2017","50.41","50.39","50.63","50.39","7.50K","0.00%"
"04/25/2017","50.41","50.34","50.43","50.30","220.92K","0.56%"
"04/24/2017","50.13","50.08","50.14","50.01","4.59K","0.95%"
"04/21/2017","49.66","49.76","49.76","49.53","4.12K","-0.20%"
"04/20/2017","49.76","49.69","49.83","49.69","2.61K","0.77%"
"04/19/2017","49.38","49.66","49.66","49.32","8.71K","-0.02%"
"04/18/2017","49.39","49.44","49.44","49.25","12.57K","0.16%"
"04/17/2017","49.31","49.05","49.37","49.05","6.33K","0.37%"
"04/13/2017","49.13","49.22","49.47","49.11","5.67K","-0.61%"
"04/12/2017","49.43","49.58","49.63","49.41","2.93K","-0.60%"
"04/11/2017","49.73","49.41","49.73","49.31","6.09K","0.04%"
"04/10/2017","49.71","49.59","49.85","49.59","7.51K","0.24%"
"04/07/2017","49.59","49.74","49.74","49.54","8.32K","-0.06%"
"04/06/2017","49.62","49.25","49.73","49.25","4.38K","0.45%"
"04/05/2017","49.40","49.55","49.93","49.40","5.21K","-0.34%"
"04/04/2017","49.57","49.50","49.61","49.46","41.72K","-0.16%"
"04/03/2017","49.65","49.92","49.92","49.32","7.95K","-0.38%"
"03/31/2017","49.84","49.84","49.91","49.83","6.89K","-0.14%"
"03/30/2017","49.91","49.64","49.93","49.64","33.70K","0.20%"
"03/29/2017","49.81","49.40","49.81","49.40","5.67K","0.38%"
"03/28/2017","49.62","49.00","49.65","49.00","10.33K","0.71%"
"03/27/2017","49.27","48.89","49.27","48.72","7.15K","0.06%"
"03/24/2017","49.24","49.24","49.50","49.10","6.19K","-0.53%"
"03/23/2017","49.50","49.31","49.72","49.31","20.50K","0.22%"
"03/22/2017","49.39","49.23","49.40","49.14","8.03K","-0.08%"
"03/21/2017","49.43","50.02","50.02","49.38","7.29K","-1.24%"
"03/20/2017","50.05","50.06","50.12","49.95","11.05K","-0.30%"
"03/17/2017","50.20","50.28","50.40","50.15","6.22K","0.06%"
"03/16/2017","50.17","50.20","50.34","50.11","153.69K","-0.40%"
"03/15/2017","50.37","49.90","50.45","49.90","11.44K","1.14%"
"03/14/2017","49.80","49.75","49.80","49.54","5.71K","-0.28%"
"03/13/2017","49.94","50.11","50.11","49.85","2.60K","0.71%"
"03/10/2017","49.59","49.93","50.00","49.59","3.08K","0.06%"
"03/09/2017","49.56","49.83","49.83","49.48","2.17K","-0.14%"
"03/08/2017","49.63","49.97","49.97","49.62","6.42K","-0.26%"
"03/07/2017","49.76","50.29","50.29","49.76","50.44K","-0.72%"
"03/06/2017","50.12","50.18","50.18","49.91","11.16K","-0.16%"
"03/03/2017","50.20","50.45","50.45","50.14","3.99K","-0.30%"
"03/02/2017","50.35","50.66","50.66","50.35","4.17K","-0.75%"
"03/01/2017","50.73","50.50","50.75","50.40","4.48K","1.32%"
"02/28/2017","50.07","50.09","50.19","49.93","7.63K","-0.34%"
"02/27/2017","50.24","50.28","50.35","50.14","5.89K","0.12%"
"02/24/2017","50.18","49.90","50.18","49.90","23.86K","0.24%"
"02/23/2017","50.06","50.30","50.30","49.93","15.35K","-0.30%"
"02/22/2017","50.21","50.22","50.25","50.13","11.34K","-0.18%"
"02/21/2017","50.30","50.22","50.36","50.02","14.78K","0.74%"
"02/17/2017","49.93","49.75","49.93","49.71","6.28K","0.32%"
"02/16/2017","49.77","50.08","50.09","49.71","12.69K","-0.44%"
"02/15/2017","49.99","49.74","50.03","49.68","8.28K","0.52%"
"02/14/2017","49.73","49.60","49.75","49.46","50.36K","0.40%"
"02/13/2017","49.53","49.52","49.64","49.50","20.73K","0.36%"
"02/10/2017","49.35","49.35","49.42","49.22","60.66K","0.33%"
"02/09/2017","49.19","48.95","49.22","48.86","294.25K","0.92%"
"02/08/2017","48.74","48.74","48.86","48.59","81.77K","0.10%"
"02/07/2017","48.69","49.05","49.05","48.66","16.47K","-0.27%"
"02/06/2017","48.82","49.00","49.00","48.70","6.54K","-0.22%"
"02/03/2017","48.93","48.88","48.95","48.74","15.66K","0.74%"
"02/02/2017","48.57","48.65","48.65","48.40","8.30K","0.23%"
"02/01/2017","48.46","48.71","48.71","48.22","46.93K","-0.19%"
"01/31/2017","48.55","48.18","48.55","48.14","8.30K","0.21%"
"01/30/2017","48.45","48.69","48.69","48.09","7.24K","-0.31%"
"01/27/2017","48.60","48.67","48.86","48.60","11.66K","-0.45%"
"01/26/2017","48.82","48.93","48.93","48.76","26.52K","-0.33%"
"01/25/2017","48.98","48.93","48.98","48.79","12.49K","0.91%"
"01/24/2017","48.54","48.38","48.63","48.24","14.73K","0.83%"
"01/23/2017","48.14","48.21","48.23","47.90","15.76K","0.04%"
"01/20/2017","48.12","48.41","48.41","48.06","45.89K","0.12%"
"01/19/2017","48.06","48.45","48.45","48.00","4.87K","-0.60%"
"01/18/2017","48.35","48.20","48.35","48.12","5.42K","0.48%"
"01/17/2017","48.12","48.03","48.34","48.03","12.42K","-0.27%"
"01/13/2017","48.25","48.23","48.37","48.22","11.01K","0.15%"
"01/12/2017","48.18","48.17","48.20","47.76","12.98K","-0.06%"
"01/11/2017","48.21","48.13","48.24","47.97","10.40K","0.25%"
"01/10/2017","48.09","48.28","48.28","48.04","15.98K","0.17%"
"01/09/2017","48.01","48.38","48.38","48.01","10.45K","-0.66%"
"01/06/2017","48.33","48.18","48.40","48.10","20.15K","0.21%"
"01/05/2017","48.23","48.33","48.33","47.94","15.17K","-0.12%"
"01/04/2017","48.29","47.96","48.31","47.96","9.65K","1.19%"
"01/03/2017","47.72","47.82","47.92","47.45","12.49K","0.82%"
"12/30/2016","47.33","47.71","47.71","47.23","8.55K","-0.46%"
"12/29/2016","47.55","47.70","47.70","47.35","7.35K","0.04%"
"12/28/2016","47.53","48.17","48.17","47.46","16.79K","-0.88%"
"12/27/2016","47.95","48.04","48.04","47.85","6.27K","0.21%"
"12/23/2016","47.85","47.90","47.90","47.73","14.95K","0.23%"
"12/22/2016","47.74","47.96","47.96","47.55","12.87K","-0.85%"
"12/21/2016","48.15","48.34","48.34","48.15","11.81K","-0.08%"
"12/20/2016","48.19","48.28","48.32","48.14","8.65K","0.35%"
"12/19/2016","48.02","48.27","48.27","47.98","5.54K","0.17%"
"12/16/2016","47.94","48.29","48.29","47.94","12.26K","-0.39%"
"12/15/2016","48.13","47.77","48.32","47.77","16.57K","0.33%"
"12/14/2016","47.97","48.45","48.46","47.93","6.77K","-0.95%"
"12/13/2016","48.43","48.41","48.54","48.29","15.93K","0.41%"
"12/12/2016","48.23","48.45","48.51","48.16","16.26K","-0.45%"
"12/09/2016","48.45","48.64","48.64","48.26","24.97K","0.29%"
"12/08/2016","48.31","48.25","48.51","48.17","17.77K","0.25%"
"12/07/2016","48.19","47.59","48.22","47.54","13.00K","1.30%"
"12/06/2016","47.57","47.16","47.57","47.16","10.06K","0.53%"
"12/05/2016","47.32","47.28","47.34","47.21","4.64K","1.02%"
"12/02/2016","46.84","47.15","47.15","46.84","4.88K","-0.11%"
"12/01/2016","46.89","47.19","47.32","46.76","31.16K","-0.59%"
"11/30/2016","47.17","47.67","47.67","47.16","52.05K","-0.02%"
"11/29/2016","47.18","47.09","47.31","46.97","28.98K","0.15%"
"11/28/2016","47.11","47.66","47.66","47.11","4.99K","-0.78%"
"11/25/2016","47.48","47.45","47.48","47.39","1.58K","0.55%"
"11/23/2016","47.22","47.10","47.23","47.10","10.31K","0.06%"
"11/22/2016","47.19","47.14","47.24","46.97","9.63K","0.51%"
"11/21/2016","46.95","46.74","47.06","46.74","22.01K","0.47%"
"11/18/2016","46.73","46.79","46.79","46.68","3.30K","0.06%"
"11/17/2016","46.70","46.68","46.80","46.62","6.37K","0.45%"
"11/16/2016","46.49","46.70","46.70","46.40","18.87K","-0.30%"
"11/15/2016","46.63","46.45","46.67","46.39","27.73K","0.82%"
"11/14/2016","46.25","46.21","46.32","46.14","5.51K","0.65%"
"11/11/2016","45.95","45.69","45.95","45.66","12.83K","0.17%"
"11/10/2016","45.87","45.92","46.10","45.82","3.78K","0.28%"
"11/09/2016","45.74","44.73","45.74","44.73","5.84K","1.35%"
"11/08/2016","45.13","44.80","45.28","44.80","6.16K","0.76%"
"11/07/2016","44.79","44.75","44.94","44.72","12.80K","1.96%"
"11/04/2016","43.93","43.89","44.34","43.88","31.96K","0.05%"
"11/03/2016","43.91","44.30","44.32","43.91","7.73K","-0.75%"
"11/02/2016","44.24","44.46","44.47","44.10","138.41K","-0.29%"
"11/01/2016","44.37","44.72","44.83","44.18","7.07K","-1.03%"
"10/31/2016","44.83","45.05","45.05","44.76","2.69K","0.04%"
"10/28/2016","44.81","44.89","45.02","44.63","3.50K","0.25%"
"10/27/2016","44.70","44.85","44.85","44.69","5.24K","-0.51%"
"10/26/2016","44.93","45.10","45.10","44.88","11.03K","-0.33%"
"10/25/2016","45.08","45.55","45.55","45.07","4.40K","-0.81%"
"10/24/2016","45.45","45.55","45.55","45.34","6.31K","0.69%"
"10/21/2016","45.14","45.00","45.19","44.96","3.17K","-0.24%"
"10/20/2016","45.25","45.29","45.37","45.04","7.47K","-0.13%"
"10/19/2016","45.31","45.09","45.31","45.08","0.96K","0.49%"
"10/18/2016","45.09","45.10","45.18","44.97","5.00K","0.71%"
"10/17/2016","44.77","44.96","45.02","44.77","2.85K","-0.40%"
"10/14/2016","44.95","45.27","45.27","44.95","6.17K","0.07%"
"10/13/2016","44.92","44.70","45.02","44.57","2.66K","-0.58%"
"10/12/2016","45.18","44.95","45.26","44.95","6.09K","0.53%"
"10/11/2016","44.94","45.81","45.81","44.94","9.78K","-1.68%"
"10/10/2016","45.71","45.86","45.94","45.71","5.81K","0.29%"
"10/07/2016","45.58","45.79","45.79","45.36","3.87K","-0.42%"
"10/06/2016","45.77","45.61","45.78","45.54","4.12K","-0.09%"
"10/05/2016","45.81","45.84","45.88","45.75","4.32K","0.46%"
"10/04/2016","45.60","45.97","45.97","45.47","4.39K","-0.52%"
"10/03/2016","45.84","45.78","45.84","45.78","0.80K","-0.56%"
"09/30/2016","46.10","45.84","46.10","45.84","2.61K","0.90%"
"09/29/2016","45.69","46.03","46.09","45.69","2.07K","-0.57%"
"09/28/2016","45.95","45.91","45.97","45.53","3.35K","0.53%"
"09/27/2016","45.71","45.64","45.76","45.55","3.66K","0.44%"
"09/26/2016","45.51","45.67","45.70","45.51","2.92K","-1.43%"
"09/23/2016","46.17","46.23","46.23","46.11","1.62K","-0.28%"
"09/22/2016","46.30","46.07","46.31","46.07","1.45K","1.09%"
"09/21/2016","45.80","45.59","45.82","45.39","5.16K","0.73%"
"09/20/2016","45.47","45.54","45.67","45.32","7.28K","-0.07%"
"09/19/2016","45.50","45.60","45.60","45.43","1.26K","0.46%"
"09/16/2016","45.29","45.32","45.32","45.22","3.12K","0.71%"
"09/15/2016","44.97","44.97","44.97","44.97","0.43K","-0.62%"
"09/14/2016","45.25","45.11","45.46","45.11","1.00K","0.33%"
"09/13/2016","45.10","45.39","45.39","44.95","13.80K","-1.16%"
"09/12/2016","45.63","45.25","45.63","45.24","1.90K","0.51%"
"09/09/2016","45.40","45.98","45.98","45.40","3.35K","-2.20%"
"09/08/2016","46.42","46.49","46.49","46.38","1.28K","-0.36%"
"09/07/2016","46.59","46.23","46.59","46.23","3.18K","0.52%"
"09/06/2016","46.35","46.42","46.42","46.18","3.21K","0.32%"
"09/02/2016","46.20","46.35","46.35","46.20","2.49K","0.41%"
"09/01/2016","46.01","45.94","46.01","45.94","0.97K","-0.26%"
"08/31/2016","46.13","46.11","46.13","45.90","1.70K","-0.13%"
"08/30/2016","46.19","46.22","46.34","46.14","2.39K","-0.09%"
"08/29/2016","46.23","46.37","46.40","46.23","9.28K","0.24%"
"08/26/2016","46.12","46.30","46.40","45.90","5.61K","0.00%"
"08/25/2016","46.12","46.17","46.24","46.10","1.12K","-0.17%"
"08/24/2016","46.20","46.50","46.51","46.20","1.91K","-0.71%"
"08/23/2016","46.53","46.59","46.62","46.53","1.98K","0.41%"
"08/22/2016","46.34","46.50","46.50","46.16","5.18K","0.30%"
"08/19/2016","46.20","46.20","46.20","46.20","0.21K","-0.19%"
"08/18/2016","46.29","46.15","46.29","46.15","0.89K","0.35%"
"08/17/2016","46.13","46.26","46.26","45.83","2.46K","0.07%"
"08/16/2016","46.10","46.27","46.27","46.10","3.02K","-0.65%"
"08/15/2016","46.40","46.14","46.46","46.14","4.59K","0.61%"
"08/12/2016","46.12","46.21","46.21","46.04","2.48K","-0.13%"
"08/11/2016","46.18","46.09","46.18","46.09","1.85K","0.65%"
"08/10/2016","45.88","45.83","45.88","45.83","0.78K","-0.30%"
"08/09/2016","46.02","46.11","46.11","45.99","5.20K","-0.09%"
"08/08/2016","46.06","46.16","46.18","46.05","4.04K","0.96%"
"08/04/2016","45.62","45.90","45.90","45.58","7.02K","0.00%"
"08/03/2016","45.62","45.43","45.66","45.43","26.69K","0.64%"
"08/02/2016","45.33","45.50","45.50","45.19","7.39K","-1.20%"
"08/01/2016","45.88","45.85","45.88","45.83","1.14K","-0.26%"
"07/29/2016","46.00","45.72","46.00","45.72","2.06K","0.17%"
"07/28/2016","45.92","45.76","45.92","45.70","2.55K","0.53%"
"07/27/2016","45.68","45.80","45.80","45.68","332.82K","-0.20%"
"07/26/2016","45.77","45.86","45.94","45.77","1.83K","0.00%"
"07/25/2016","45.77","45.70","45.77","45.70","32.75K","-0.28%"
"07/22/2016","45.90","45.75","45.90","45.74","1.43K","0.72%"
"07/21/2016","45.57","45.76","45.87","45.51","2.19K","-0.28%"
"07/20/2016","45.70","45.76","45.76","45.70","0.51K","0.57%"
"07/19/2016","45.44","45.44","45.44","45.44","0.23K","0.22%"
"07/18/2016","45.34","45.34","45.34","45.34","1.32K","-0.46%"
"07/15/2016","45.55","45.53","45.55","45.51","0.87K","0.20%"
"07/14/2016","45.46","45.48","45.63","45.38","3.37K","0.31%"
"07/13/2016","45.32","45.30","45.32","45.22","3.44K","-0.31%"
"07/12/2016","45.46","45.05","45.46","45.05","1.45K","1.20%"
"07/11/2016","44.92","44.94","44.96","44.75","4.95K","0.47%"
"07/08/2016","44.71","44.35","44.71","44.35","7.23K","1.20%"
"07/07/2016","44.18","44.18","44.18","44.18","0.13K","1.03%"
"07/06/2016","43.73","43.34","43.73","43.34","0.80K","0.67%"
"07/05/2016","43.44","43.48","43.52","43.44","2.24K","-1.27%"
"07/01/2016","44.00","44.28","44.28","44.00","2.16K","0.32%"
"06/30/2016","43.86","43.32","43.86","43.32","1.04K","1.25%"
"06/29/2016","43.32","42.97","43.36","42.91","2.39K","1.95%"
"06/28/2016","42.49","42.30","42.49","42.17","4.31K","1.77%"
"06/27/2016","41.75","41.97","41.97","41.61","5.08K","-2.52%"
"06/24/2016","42.83","43.25","43.52","42.83","3.67K","-3.77%"
"06/23/2016","44.51","44.32","44.51","44.32","0.91K","1.04%"
"06/22/2016","44.05","44.20","44.29","44.03","2.48K","0.05%"
"06/21/2016","44.03","43.98","44.05","43.93","4.42K","-0.72%"
"06/20/2016","44.35","44.47","44.47","44.35","1.30K","1.21%"
"06/17/2016","43.82","43.65","43.82","43.62","2.78K","0.00%"
"06/16/2016","43.82","43.40","43.82","43.31","2.43K","-0.27%"
"06/15/2016","43.94","43.88","43.96","43.87","7.90K","0.62%"
"06/14/2016","43.67","43.81","43.84","43.53","1.37K","-0.32%"
"06/13/2016","43.81","43.93","44.35","43.81","3.92K","-0.88%"
"06/10/2016","44.20","44.23","44.33","44.20","2.98K","-1.25%"
"06/09/2016","44.76","44.72","44.76","44.72","0.76K","-0.20%"
"06/08/2016","44.85","44.98","44.99","44.85","4.03K","0.40%"
"06/06/2016","44.67","44.50","44.74","44.50","40.62K","0.77%"
"06/03/2016","44.33","44.31","44.34","44.21","7.95K","-0.11%"
"06/02/2016","44.38","44.10","44.44","44.10","1.32K","0.25%"
"06/01/2016","44.27","44.15","44.27","44.13","1.15K","0.25%"
"05/31/2016","44.16","44.22","44.22","44.16","0.90K","0.50%"
"05/27/2016","43.94","44.00","44.00","43.94","3.15K","0.11%"
"05/26/2016","43.89","43.98","43.98","43.77","3.16K","0.07%"
"05/25/2016","43.86","43.92","43.92","43.86","0.55K","0.69%"
"05/24/2016","43.56","43.51","43.63","43.50","3.15K","1.21%"
"05/23/2016","43.04","43.04","43.04","43.04","0.68K","0.16%"
"05/20/2016","42.97","42.90","43.09","42.90","7.37K","0.80%"
"05/19/2016","42.63","42.46","42.63","42.46","1.13K","-0.40%"
"05/17/2016","42.80","43.14","43.14","42.80","1.66K","-0.79%"
"05/16/2016","43.14","43.07","43.19","43.07","0.84K","0.94%"
"05/13/2016","42.74","43.04","43.04","42.74","0.49K","-1.00%"
"05/12/2016","43.17","42.90","43.17","42.90","2.87K","-0.55%"
"05/11/2016","43.41","43.50","43.50","43.39","1.76K","0.35%"
"05/10/2016","43.26","43.04","43.26","43.04","1.58K","0.63%"
"05/09/2016","42.99","42.95","42.99","42.95","0.60K","-0.12%"
"05/05/2016","43.04","43.12","43.15","43.04","2.72K","0.16%"
"05/04/2016","42.97","43.16","43.22","42.97","3.62K","-0.56%"
"05/03/2016","43.21","43.18","43.21","43.18","0.47K","-1.21%"
"05/02/2016","43.74","43.72","43.76","43.72","3.44K","0.97%"
"04/29/2016","43.32","43.29","43.32","43.14","1.75K","-0.85%"
"04/28/2016","43.69","44.05","44.05","43.69","0.98K","-0.82%"
"04/27/2016","44.05","44.05","44.05","44.05","1.44K","0.89%"
"04/25/2016","43.66","43.61","43.78","43.53","3.23K","-0.46%"
"04/22/2016","43.86","43.74","43.86","43.74","1.02K","0.53%"
"04/21/2016","43.63","43.63","43.63","43.63","0.40K","-0.91%"
"04/20/2016","44.03","43.53","44.03","43.53","2.79K","0.78%"
"04/19/2016","43.69","43.65","43.70","43.65","1.08K","1.04%"
"04/15/2016","43.24","43.22","43.24","43.22","0.25K","-0.14%"
"04/14/2016","43.30","43.37","43.37","43.16","1.05K","-0.05%"
"04/13/2016","43.32","42.87","43.32","42.87","2.44K","1.29%"
"04/12/2016","42.77","42.31","42.77","42.31","0.65K","0.64%"
"04/11/2016","42.50","42.39","42.70","42.39","7.30K","0.71%"
"04/07/2016","42.20","42.35","42.56","42.20","7.60K","-1.10%"
"04/06/2016","42.67","42.25","42.67","42.25","2.48K","0.95%"
"04/05/2016","42.27","42.49","42.49","42.27","1.08K","-0.98%"
"04/04/2016","42.69","42.72","42.80","42.69","3.16K","-0.70%"
"04/01/2016","42.99","42.66","42.99","42.64","5.09K","0.75%"
"03/31/2016","42.67","42.69","42.69","42.67","0.50K","-0.07%"
"03/30/2016","42.70","42.88","42.88","42.70","0.43K","0.28%"
"03/29/2016","42.58","41.95","42.60","41.90","3.87K","1.02%"
"03/28/2016","42.15","42.05","42.15","42.05","0.80K","0.12%"
"03/24/2016","42.10","41.94","42.10","41.77","1.32K","-0.36%"
"03/23/2016","42.25","42.35","42.35","42.22","0.49K","-1.10%"
"03/22/2016","42.72","42.62","42.87","42.62","1.75K","0.07%"
"03/21/2016","42.69","42.45","42.69","42.45","1.01K","0.07%"
"03/18/2016","42.66","42.72","42.72","42.66","1.30K","-0.07%"
"03/17/2016","42.69","41.93","42.69","41.93","309.28K","1.69%"
"03/16/2016","41.98","41.39","41.98","41.39","3.30K","0.55%"
"03/15/2016","41.75","41.75","41.75","41.75","0.46K","-0.45%"
"03/14/2016","41.94","41.98","41.98","41.94","0.40K","0.00%"
"03/11/2016","41.94","41.44","42.06","41.44","2.04K","2.07%"
"03/10/2016","41.09","41.34","41.34","40.79","1.18K","-0.17%"
"03/09/2016","41.16","41.07","41.35","41.07","2.08K","0.17%"
"03/08/2016","41.09","41.36","41.42","41.07","3.40K","-1.53%"
"03/07/2016","41.73","41.19","41.80","41.19","3.60K","0.53%"
"03/04/2016","41.51","41.36","41.73","41.36","1.29K","0.65%"
"03/03/2016","41.24","41.04","41.24","40.99","1.04K","1.20%"
"03/02/2016","40.75","40.59","40.84","40.53","3.36K","0.64%"
"03/01/2016","40.49","40.49","40.49","40.49","0.18K","1.73%"
"02/29/2016","39.80","39.87","40.02","39.76","4.06K","0.13%"
"02/25/2016","39.75","39.75","39.75","39.75","0.37K","0.84%"
"02/24/2016","39.42","38.63","39.42","38.63","4.55K","0.41%"
"02/23/2016","39.26","39.29","39.29","39.26","1.26K","-0.78%"
"02/22/2016","39.57","39.32","39.74","39.32","1.47K","1.54%"
"02/19/2016","38.97","38.96","38.97","38.96","0.64K","-0.33%"
"02/18/2016","39.10","39.18","39.18","39.10","8.01K","1.82%"
"02/16/2016","38.40","38.02","38.40","38.02","1.99K","1.96%"
"02/12/2016","37.66","37.35","37.66","37.11","1.63K","2.56%"
"02/11/2016","36.72","36.85","36.87","36.65","2.63K","-2.05%"
"02/10/2016","37.49","37.72","37.86","37.44","5.09K","1.35%"
"02/08/2016","36.99","37.69","37.69","36.99","0.67K","-3.52%"
"02/05/2016","38.34","38.32","38.34","38.31","2.14K","-2.09%"
"02/04/2016","39.16","38.68","39.16","38.68","2.54K","1.45%"
"02/03/2016","38.60","38.74","38.74","38.45","2.63K","-0.16%"
"02/02/2016","38.66","38.84","38.84","38.64","3.90K","-2.25%"
"02/01/2016","39.55","39.17","39.60","39.09","1.81K","0.84%"
"01/29/2016","39.22","38.40","39.22","38.40","37.96K","2.27%"
"01/28/2016","38.35","38.66","38.66","38.10","1.16K","-0.65%"
"01/27/2016","38.60","38.68","39.08","38.60","5.96K","-0.31%"
"01/26/2016","38.72","38.72","38.72","38.72","0.19K","1.73%"
"01/25/2016","38.06","38.60","38.60","38.06","0.90K","-2.03%"
"01/22/2016","38.85","38.61","38.85","38.52","1.38K","2.80%"
"01/20/2016","37.79","37.65","37.99","37.04","5.84K","-0.76%"
"01/19/2016","38.08","38.60","38.60","38.08","463.23K","-0.86%"
"01/15/2016","38.41","38.23","38.41","37.97","0.63K","-0.54%"
"01/14/2016","38.62","38.65","38.66","38.62","1.15K","0.05%"
"01/13/2016","38.60","39.79","39.81","38.60","3.72K","-1.51%"
"01/12/2016","39.19","39.82","39.82","39.19","1.81K","-0.56%"
"01/11/2016","39.41","39.40","39.42","39.40","5.27K","-1.48%"
"01/08/2016","40.00","40.00","40.00","40.00","0.28K","-0.17%"
"01/07/2016","40.07","40.30","40.39","40.07","0.98K","-2.32%"
"01/06/2016","41.02","41.08","41.23","41.02","3.40K","-1.54%"
"01/05/2016","41.66","41.68","41.81","41.52","2.10K","0.70%"
"01/04/2016","41.37","41.52","41.52","41.35","1.64K","-1.97%"
"12/31/2015","42.20","42.37","42.40","42.20","2.84K","-0.96%"
"12/30/2015","42.61","42.69","42.69","42.60","0.54K","-0.16%"
"12/29/2015","42.68","42.69","42.70","42.68","1.13K","0.52%"
"12/28/2015","42.46","42.26","42.46","42.26","2.39K","-0.42%"
"12/24/2015","42.64","42.65","42.67","42.59","1.22K","-0.56%"
"12/23/2015","42.88","42.74","42.89","42.74","1.06K","1.78%"
"12/22/2015","42.13","41.92","42.13","41.81","1.88K","1.49%"
"12/21/2015","41.51","41.71","41.87","41.51","14.95K","-0.60%"
"12/18/2015","41.76","42.00","42.00","41.76","2.68K","-0.69%"
"12/17/2015","42.05","42.82","42.87","42.05","8.37K","-0.73%"
"12/16/2015","42.36","42.36","42.57","42.36","4.34K","1.70%"
"12/14/2015","41.65","41.74","41.88","41.33","7.92K","-0.67%"
"12/11/2015","41.93","41.95","41.95","41.93","0.50K","-1.36%"
"12/09/2015","42.51","43.07","43.12","42.51","8.05K","-0.93%"
"12/08/2015","42.91","42.93","42.93","42.91","0.49K","-0.09%"
"12/07/2015","42.95","43.25","43.27","42.95","12.82K","-0.92%"
"12/04/2015","43.35","43.35","43.35","43.35","4.42K","1.33%"
"12/03/2015","42.78","43.56","43.56","42.78","4.51K","-2.40%"
"12/02/2015","43.83","43.83","43.83","43.83","0.10K","-0.02%"
"12/01/2015","43.84","43.80","43.88","43.80","5.08K","0.44%"
"11/30/2015","43.65","43.93","43.93","43.65","1.98K","-0.14%"
"11/27/2015","43.71","43.71","43.79","43.71","1.89K","-0.21%"
"11/25/2015","43.80","43.75","43.87","43.75","2.47K","-0.02%"
"11/24/2015","43.81","43.67","43.81","43.67","0.39K","0.48%"
"11/23/2015","43.60","43.62","43.80","43.59","6.22K","0.21%"
"11/20/2015","43.51","43.62","43.68","43.51","1.93K","0.25%"
"11/19/2015","43.40","43.55","43.55","43.38","1.77K","0.58%"
"11/18/2015","43.15","42.90","43.15","42.90","2.31K","0.49%"
"11/17/2015","42.94","43.04","43.17","42.94","1.96K","0.66%"
"11/16/2015","42.66","42.21","42.66","42.21","1.89K","1.02%"
"11/13/2015","42.23","42.59","42.59","42.23","6.26K","-1.31%"
"11/12/2015","42.79","43.11","43.11","42.76","2.34K","-1.81%"
"11/11/2015","43.58","43.67","43.67","43.38","17.86K","-0.11%"
"11/10/2015","43.63","43.46","43.63","43.42","112.40K","0.18%"
"11/09/2015","43.55","43.89","43.89","43.50","2.59K","-0.84%"
"11/06/2015","43.92","43.82","43.92","43.82","0.51K","-0.20%"
"11/05/2015","44.01","44.08","44.08","44.01","0.77K","-0.16%"
"11/04/2015","44.08","44.06","44.16","44.00","3.03K","-0.29%"
"11/03/2015","44.21","44.21","44.21","44.21","1.92K","0.29%"
"11/02/2015","44.08","43.76","44.08","43.76","1.71K","0.94%"
"10/30/2015","43.67","43.59","43.80","43.49","1.77K","0.18%"
"10/29/2015","43.59","43.47","43.60","43.45","3.14K","0.21%"
"10/28/2015","43.50","43.09","43.58","43.09","17.95K","1.05%"
"10/27/2015","43.05","43.05","43.05","42.88","1.70K","-0.55%"
"10/26/2015","43.29","43.32","43.32","43.24","1.45K","-0.35%"
"10/23/2015","43.44","43.31","43.44","43.31","1.70K","0.49%"
"10/22/2015","43.23","43.11","43.28","43.08","28.34K","1.62%"
"10/21/2015","42.54","43.05","43.05","42.54","2.24K","-1.07%"
"10/20/2015","43.00","43.03","43.03","42.94","1.89K","0.12%"
"10/19/2015","42.95","42.86","42.95","42.86","79.24K","0.09%"
"10/15/2015","42.91","42.44","42.91","42.32","22.64K","0.87%"
"10/14/2015","42.54","42.65","42.65","42.54","2.62K","-0.12%"
"10/13/2015","42.59","42.86","42.86","42.59","6.01K","-0.68%"
"10/12/2015","42.88","42.96","42.96","42.82","7.37K","-0.21%"
"10/09/2015","42.97","42.97","42.97","42.97","0.20K","0.28%"
"10/08/2015","42.85","42.79","42.85","42.79","1.00K","1.13%"
"10/07/2015","42.37","42.10","42.37","42.10","0.41K","0.74%"
"10/06/2015","42.06","42.18","42.19","41.96","8.73K","-0.36%"
"10/05/2015","42.21","41.74","42.21","41.74","2.51K","2.28%"
"10/02/2015","41.27","40.23","41.27","40.23","8.21K","1.95%"
"10/01/2015","40.48","40.78","40.78","40.25","1.90K","-0.05%"
"09/30/2015","40.50","40.18","40.50","40.18","0.31K","1.38%"
"09/29/2015","39.95","40.01","40.06","39.85","2.87K","-0.20%"
"09/28/2015","40.03","40.77","40.77","40.00","4.10K","-3.40%"
"09/25/2015","41.44","41.38","41.44","41.38","1.49K","0.31%"
"09/24/2015","41.31","41.23","41.37","40.80","1.50K","-0.58%"
"09/23/2015","41.55","41.83","41.83","41.43","3.12K","-0.31%"
"09/22/2015","41.68","42.06","42.06","41.52","10.02K","-1.77%"
"09/21/2015","42.43","42.49","42.71","42.34","2.80K","0.35%"
"09/18/2015","42.28","42.70","42.70","42.26","1.35K","-1.49%"
"09/17/2015","42.92","43.10","43.33","42.92","2.81K","-0.19%"
"09/16/2015","43.00","42.57","43.00","42.57","6.80K","1.01%"
"09/15/2015","42.57","42.37","42.60","42.37","3.16K","1.19%"
"09/14/2015","42.07","42.03","42.07","41.95","2.25K","-0.24%"
"09/11/2015","42.17","41.84","42.17","41.81","2.79K","0.07%"
"09/10/2015","42.14","42.14","42.14","42.14","0.14K","-0.12%"
"09/09/2015","42.19","42.96","43.00","42.19","1.35K","-0.78%"
"09/08/2015","42.52","42.16","42.52","41.99","22.37K","2.16%"
"09/04/2015","41.62","41.65","41.65","41.40","4.53K","-1.37%"
"09/03/2015","42.20","42.06","42.35","42.00","70.49K","1.22%"
"09/02/2015","41.69","41.79","41.79","41.31","6.85K","0.82%"
"09/01/2015","41.35","41.55","41.73","41.21","11.54K","-2.93%"
"08/31/2015","42.60","42.61","42.81","42.52","8.01K","-0.68%"
"08/28/2015","42.89","42.60","42.96","42.60","4.42K","0.33%"
"08/27/2015","42.75","42.47","42.86","42.26","7.71K","2.57%"
"08/26/2015","41.68","41.51","41.68","40.60","10.09K","2.31%"
"08/25/2015","40.74","42.89","42.89","40.74","227.32K","0.22%"
"08/24/2015","40.65","38.99","42.00","37.58","13.92K","-4.60%"
"08/21/2015","42.61","43.50","43.50","42.56","7.97K","-2.89%"
"08/20/2015","43.88","44.51","44.51","43.81","14.02K","-2.01%"
"08/19/2015","44.78","44.72","44.78","44.72","2.30K","-0.84%"
"08/18/2015","45.16","45.19","45.22","45.09","2.46K","-0.24%"
"08/17/2015","45.27","44.94","45.27","44.94","5.07K","0.64%"
"08/14/2015","44.98","44.89","44.98","44.89","0.77K","0.31%"
"08/12/2015","44.84","44.21","44.84","44.21","8.56K","0.27%"
"08/11/2015","44.72","44.91","44.91","44.72","1.32K","-1.26%"
"08/10/2015","45.29","44.97","45.31","44.97","5.83K","1.41%"
"08/07/2015","44.66","44.69","44.69","44.66","1.55K","-0.71%"
"08/06/2015","44.98","44.98","44.98","44.98","0.45K","-0.49%"
"08/05/2015","45.20","45.19","45.20","45.19","0.98K","0.42%"
"08/04/2015","45.01","45.13","45.14","44.93","2.37K","0.04%"
"08/03/2015","44.99","45.32","45.32","44.98","3.98K","-0.46%"
"07/31/2015","45.20","45.39","45.39","45.20","1.05K","-0.22%"
"07/30/2015","45.30","45.31","45.31","45.26","3.06K","0.24%"
"07/29/2015","45.19","45.22","45.22","45.19","2.54K","0.47%"
"07/28/2015","44.98","44.48","44.98","44.48","6.15K","1.15%"
"07/27/2015","44.47","44.47","44.47","44.47","1.04K","-1.51%"
"07/24/2015","45.15","45.15","45.15","45.15","0.71K","0.07%"
"07/23/2015","45.12","45.43","45.43","45.12","3.94K","-0.57%"
"07/22/2015","45.38","45.32","45.47","45.32","4.36K","-0.31%"
"07/21/2015","45.52","45.79","45.79","45.49","6.61K","-0.33%"
"07/20/2015","45.67","45.83","45.83","45.62","3.51K","-0.07%"
"07/17/2015","45.70","45.62","45.70","45.58","4.84K","0.20%"
"07/16/2015","45.61","45.55","45.65","45.55","2.38K","0.77%"
"07/15/2015","45.26","45.41","45.47","45.24","2.34K","-0.29%"
"07/14/2015","45.39","45.23","45.39","45.23","1.94K","0.71%"
"07/13/2015","45.07","45.09","45.09","44.99","10.08K","0.81%"
"07/10/2015","44.71","44.64","44.71","44.57","25.90K","1.27%"
"07/09/2015","44.15","44.55","44.55","44.15","9.85K","0.14%"
"07/08/2015","44.09","44.25","44.25","44.06","68.72K","-1.39%"
"07/07/2015","44.71","44.19","44.72","44.07","11.94K","0.83%"
"07/06/2015","44.34","44.23","44.51","44.23","1.29K","-0.47%"
"07/02/2015","44.55","44.55","44.55","44.55","0.40K","0.04%"
"07/01/2015","44.53","44.68","44.71","44.53","1.46K","0.07%"
"06/30/2015","44.50","44.60","44.69","44.32","1.38K","0.56%"
"06/29/2015","44.25","44.75","44.76","44.25","2.21K","-1.91%"
"06/26/2015","45.11","45.11","45.11","45.11","1.80K","-0.31%"
"06/25/2015","45.25","45.47","45.47","45.25","1.67K","-1.37%"
"06/23/2015","45.88","45.94","45.94","45.88","1.85K","0.09%"
"06/22/2015","45.84","45.75","45.93","45.75","11.96K","0.53%"
"06/19/2015","45.60","45.80","45.80","45.60","2.68K","-0.33%"
"06/18/2015","45.75","45.55","45.86","45.52","12.86K","0.82%"
"06/17/2015","45.38","45.24","45.38","45.20","1.43K","0.40%"
"06/16/2015","45.20","45.07","45.20","45.00","3.21K","0.40%"
"06/15/2015","45.02","44.98","45.02","44.98","0.92K","-0.40%"
"06/12/2015","45.20","45.20","45.22","45.20","0.96K","-0.68%"
"06/11/2015","45.51","45.49","45.51","45.49","0.49K","0.22%"
"06/10/2015","45.41","45.24","45.45","45.24","7.70K","1.27%"
"06/09/2015","44.84","44.81","44.88","44.72","1.47K","-0.11%"
"06/08/2015","44.89","44.89","44.89","44.89","0.21K","-0.62%"
"06/05/2015","45.17","45.27","45.27","45.10","1.87K","0.02%"
"06/04/2015","45.16","45.55","45.55","45.16","3.23K","-0.94%"
"06/03/2015","45.59","45.70","45.70","45.59","0.81K","0.15%"
"06/02/2015","45.52","45.48","45.52","45.40","0.31K","0.15%"
"06/01/2015","45.45","45.45","45.45","45.45","0.89K","0.00%"
"05/29/2015","45.45","45.43","45.56","45.43","1.92K","-0.63%"
"05/28/2015","45.74","45.75","45.75","45.74","61.69K","-0.17%"
"05/27/2015","45.82","45.69","45.82","45.69","1.65K","1.24%"
"05/26/2015","45.26","45.46","45.46","45.17","0.95K","-1.35%"
"05/22/2015","45.88","45.97","45.97","45.86","0.97K","-0.07%"
"05/21/2015","45.91","45.84","45.91","45.84","0.40K","0.33%"
"05/20/2015","45.76","45.76","45.76","45.76","0.36K","-0.20%"
"05/19/2015","45.85","45.80","45.85","45.75","18.60K","0.09%"
"05/18/2015","45.81","45.67","45.81","45.67","0.56K","0.33%"
"05/15/2015","45.66","45.62","45.66","45.58","3.31K","0.18%"
"05/14/2015","45.58","45.35","45.58","45.35","1.62K","0.95%"
"05/13/2015","45.15","45.34","45.34","45.15","0.99K","-0.04%"
"05/12/2015","45.17","45.01","45.19","45.01","0.63K","-0.18%"
"05/11/2015","45.25","45.40","45.53","45.25","3.22K","-0.44%"
"05/08/2015","45.45","45.36","45.45","45.36","0.59K","1.02%"
"05/07/2015","44.99","44.58","44.99","44.58","4.24K","0.56%"
"05/06/2015","44.74","45.00","45.00","44.74","4.07K","-0.13%"
"05/05/2015","44.80","45.40","45.40","44.80","3.17K","-1.41%"
"05/04/2015","45.44","45.32","45.60","45.32","4.55K","0.29%"
"05/01/2015","45.31","45.12","45.31","45.12","1.15K","1.41%"
"04/30/2015","44.68","45.00","45.03","44.68","3.51K","-1.35%"
"04/29/2015","45.29","45.16","45.29","45.09","0.86K","-0.37%"
"04/28/2015","45.46","45.46","45.46","45.46","0.11K","0.42%"
"04/27/2015","45.27","45.77","45.77","45.27","2.53K","-0.66%"
"04/24/2015","45.57","45.45","45.57","45.41","4.92K","0.20%"
"04/23/2015","45.48","45.28","45.48","45.26","8.91K","0.26%"
"04/22/2015","45.36","45.22","45.37","45.22","5.47K","0.55%"
"04/21/2015","45.11","45.32","45.32","45.11","1.17K","-0.18%"
"04/20/2015","45.19","45.05","45.19","45.05","1.92K","1.16%"
"04/17/2015","44.67","44.89","44.89","44.65","3.93K","-1.24%"
"04/16/2015","45.23","45.31","45.31","45.19","8.13K","-0.04%"
"04/15/2015","45.25","45.20","45.39","45.20","5.53K","0.47%"
"04/14/2015","45.04","44.90","45.12","44.81","14.04K","-0.02%"
"04/13/2015","45.05","45.23","45.25","45.05","2.52K","-0.40%"
"04/10/2015","45.23","45.14","45.23","45.13","2.18K","0.56%"
"04/09/2015","44.98","44.84","44.98","44.73","2.94K","0.58%"
"04/08/2015","44.72","44.84","44.84","44.67","8.83K","-0.22%"
"04/07/2015","44.82","44.75","44.92","44.75","1.10K","0.07%"
"04/06/2015","44.79","44.19","44.79","44.19","1.25K","0.72%"
"04/02/2015","44.47","44.22","44.47","44.22","1.10K","0.61%"
"04/01/2015","44.20","44.38","44.38","44.02","5.76K","-0.74%"
"03/31/2015","44.53","44.70","44.72","44.52","2.42K","-0.60%"
"03/30/2015","44.80","44.65","44.82","44.53","97.01K","1.15%"
"03/27/2015","44.29","44.24","44.29","44.19","2.45K","0.20%"
"03/26/2015","44.20","44.15","44.20","44.05","2.90K","-0.47%"
"03/25/2015","44.41","45.11","45.11","44.38","2.05K","-1.90%"
"03/24/2015","45.27","45.43","45.43","45.27","1.20K","-0.77%"
"03/23/2015","45.62","45.62","45.62","45.62","0.85K","0.24%"
"03/20/2015","45.51","45.44","45.51","45.44","0.74K","1.00%"
"03/19/2015","45.06","45.12","45.12","45.03","1.24K","-0.16%"
"03/18/2015","45.13","44.54","45.13","44.50","1.90K","0.80%"
"03/17/2015","44.77","44.76","44.80","44.56","3.80K","-0.16%"
"03/16/2015","44.84","44.47","44.84","44.47","38.74K","1.75%"
"03/13/2015","44.07","44.51","44.51","44.07","1.78K","-0.85%"
"03/12/2015","44.45","44.35","44.45","44.34","1.76K","0.98%"
"03/11/2015","44.02","44.13","44.13","44.00","6.63K","-0.36%"
"03/10/2015","44.18","44.54","44.54","44.17","2.36K","-1.38%"
"03/09/2015","44.80","44.74","44.82","44.70","13.26K","0.49%"
"03/06/2015","44.58","44.80","44.80","44.57","1.18K","-1.46%"
"03/05/2015","45.24","45.24","45.24","45.24","0.24K","0.27%"
"03/04/2015","45.12","45.17","45.33","45.08","2.73K","-0.53%"
"03/03/2015","45.36","45.35","45.37","45.35","3.53K","-0.31%"
"03/02/2015","45.50","45.35","45.50","45.35","2.02K","0.31%"
"02/27/2015","45.36","45.43","45.43","45.36","0.22K","-0.09%"
"02/26/2015","45.40","45.52","45.52","45.40","0.38K","-0.20%"
"02/25/2015","45.49","45.39","45.55","45.39","3.95K","-0.09%"
"02/24/2015","45.53","45.39","45.53","45.39","2.00K","0.57%"
"02/23/2015","45.27","45.33","45.33","45.27","0.51K","-0.15%"
"02/20/2015","45.34","45.09","45.34","44.84","1.44K","0.49%"
"02/19/2015","45.12","45.06","45.12","45.02","1.14K","0.02%"
"02/18/2015","45.11","45.04","45.11","45.04","1.51K","-0.04%"
"02/17/2015","45.13","45.08","45.13","45.08","1.07K","0.33%"
"02/13/2015","44.98","44.96","45.02","44.93","5.36K","0.45%"
"02/12/2015","44.78","44.79","44.92","44.78","2.45K","0.90%"
"02/11/2015","44.38","44.35","44.46","44.28","2.72K","-0.18%"
"02/10/2015","44.46","44.13","44.46","44.05","3.46K","1.21%"
"02/09/2015","43.93","44.06","44.09","43.93","2.26K","-0.52%"
"02/06/2015","44.16","44.45","44.45","44.16","2.24K","-0.23%"
"02/05/2015","44.26","43.94","44.26","43.94","5.40K","0.82%"
"02/04/2015","43.90","43.90","43.90","43.90","0.13K","0.00%"
"02/03/2015","43.90","43.76","43.90","43.59","8.19K","2.09%"
"02/02/2015","43.00","43.01","43.01","42.81","1.83K","-0.35%"
"01/30/2015","43.15","43.07","43.15","43.00","0.78K","-0.35%"
"01/29/2015","43.30","43.10","43.41","42.81","1.27K","-0.23%"
"01/28/2015","43.40","43.68","43.68","43.26","3.81K","-0.37%"
"01/27/2015","43.56","43.70","43.70","43.56","1.21K","-1.02%"
"01/26/2015","44.01","43.87","44.01","43.87","0.89K","-0.07%"
"01/23/2015","44.04","44.20","44.20","44.03","3.87K","-0.18%"
"01/22/2015","44.12","43.84","44.15","43.46","21.11K","1.29%"
"01/21/2015","43.56","43.47","43.62","43.44","1.22K","1.09%"
"01/20/2015","43.09","43.44","43.44","43.01","6.44K","0.12%"
"01/16/2015","43.04","42.86","43.04","42.86","8.66K","0.63%"
"01/15/2015","42.77","42.80","42.80","42.73","0.55K","-0.72%"
"01/14/2015","43.08","42.87","43.08","42.61","66.50K","-0.05%"
"01/13/2015","43.10","44.00","44.01","43.04","2.05K","-0.62%"
"01/12/2015","43.37","43.39","43.57","43.37","1.04K","-1.12%"
"01/09/2015","43.86","44.02","44.02","43.80","3.30K","-0.57%"
"01/08/2015","44.11","43.79","44.11","43.79","2.77K","1.75%"
"01/07/2015","43.35","43.13","43.35","43.10","1.38K","0.81%"
"01/06/2015","43.00","43.26","43.42","42.85","8.41K","-0.72%"
"01/05/2015","43.31","43.53","43.53","43.24","11.47K","-1.66%"
"01/02/2015","44.04","44.27","44.27","43.80","3.45K","-0.68%"