"Date","Price","Open","High","Low","Vol.","Change %"
"08/17/2026","62.32","62.21","62.49","62.16","4.86M","0.14%"
"08/14/2026","62.23","62.28","62.47","62.06","522.81K","0.21%"
"08/13/2026","62.10","61.90","62.10","61.65","1.21M","0.53%"
"08/12/2026","61.77","61.83","61.83","61.60","754.12K","0.42%"
"08/11/2026","61.51","61.61","61.85","61.48","2.29M","0.02%"
"08/10/2026","61.50","61.20","61.61","61.10","1.01M","0.33%"
"08/07/2026","61.30","61.16","61.32","61.03","744.57K","0.99%"
"08/06/2026","60.70","60.70","60.94","60.42","1.53M","-0.13%"
"08/05/2026","60.78","60.96","61.20","60.74","1.78M","1.30%"
"08/04/2026","60.00","59.88","60.07","59.55","3.58M","0.59%"
"08/03/2026","59.65","59.49","59.71","59.28","3.05M","0.44%"
"07/31/2026","59.39","59.63","59.75","59.12","1.34M","-0.67%"
"07/30/2026","59.79","59.67","59.82","59.26","1.21M","0.84%"
"07/29/2026","59.29","59.86","60.07","59.12","1.61M","-0.92%"
"07/28/2026","59.84","59.43","59.94","59.19","715.16K","0.76%"
"07/27/2026","59.39","59.33","59.47","59.01","844.40K","0.54%"
"07/24/2026","59.07","58.90","59.28","58.81","1.27M","0.43%"
"07/23/2026","58.82","58.88","59.01","58.60","1.12M","-0.78%"
"07/22/2026","59.28","59.25","59.69","59.17","4.28M","0.39%"
"07/21/2026","59.05","58.62","59.05","58.52","1.00M","0.73%"
"07/20/2026","58.62","59.36","59.55","58.61","2.01M","-1.40%"
"07/17/2026","59.45","59.22","59.57","58.97","2.15M","0.10%"
"07/16/2026","59.39","59.37","59.60","59.17","1.54M","-0.17%"
"07/15/2026","59.49","59.26","59.61","59.13","693.48K","0.52%"
"07/14/2026","59.18","59.00","59.48","59.00","1.08M","0.77%"
"07/13/2026","58.73","58.74","58.99","58.53","960.53K","0.14%"
"07/10/2026","58.65","58.47","58.81","58.28","631.59K","0.46%"
"07/09/2026","58.38","58.07","58.49","58.04","746.79K","0.71%"
"07/08/2026","57.97","58.11","58.18","57.38","1.06M","-0.67%"
"07/07/2026","58.36","58.24","58.54","58.03","1.02M","0.52%"
"07/06/2026","58.06","58.05","58.22","57.69","1.71M","0.50%"
"07/02/2026","57.77","57.86","58.09","57.37","2.04M","0.17%"
"07/01/2026","57.67","57.44","58.19","57.42","2.52M","0.05%"
"06/30/2026","57.64","57.49","57.71","57.29","2.36M","0.26%"
"06/29/2026","57.49","57.81","57.89","57.39","1.36M","-0.54%"
"06/26/2026","57.80","57.59","58.05","57.52","863.25K","0.31%"
"06/25/2026","57.62","57.68","58.02","57.48","2.09M","0.58%"
"06/24/2026","57.29","57.23","57.47","57.01","1.54M","-0.66%"
"06/23/2026","57.67","57.27","57.87","57.03","1.47M","-0.38%"
"06/22/2026","57.89","57.50","58.01","57.50","869.08K","0.03%"
"06/18/2026","57.87","58.39","58.39","57.77","1.54M","-0.55%"
"06/17/2026","58.19","59.08","59.31","58.08","2.48M","-1.56%"
"06/16/2026","59.11","59.06","59.21","58.88","1.22M","0.31%"
"06/15/2026","58.93","59.10","59.20","58.78","1.53M","0.29%"
"06/12/2026","58.76","58.60","59.09","58.44","2.18M","0.46%"
"06/11/2026","58.49","57.91","58.60","57.69","3.63M","1.35%"
"06/10/2026","57.71","57.75","58.19","57.67","2.24M","-0.55%"
"06/09/2026","58.03","58.49","58.59","57.26","2.15M","-0.05%"
"06/08/2026","58.06","58.41","58.65","57.94","1.02M","0.05%"
"06/05/2026","58.03","59.03","59.10","57.90","1.62M","-2.34%"
"06/04/2026","59.42","58.75","59.52","58.75","1.27M","1.33%"
"06/03/2026","58.64","59.36","59.38","58.61","2.44M","-1.38%"
"06/02/2026","59.46","58.76","59.48","58.76","1.31M","1.28%"
"06/01/2026","58.71","58.63","58.88","58.31","2.16M","-0.17%"
"05/29/2026","58.81","58.62","58.90","58.37","2.36M","0.39%"
"05/28/2026","58.58","58.16","58.65","57.90","3.42M","0.55%"
"05/27/2026","58.26","58.39","58.56","58.20","1.53M","-0.75%"
"05/26/2026","58.70","58.87","58.97","58.49","1.59M","0.32%"
"05/22/2026","58.51","58.73","58.81","58.41","1.15M","-0.12%"
"05/21/2026","58.58","57.87","58.78","57.84","1.85M","0.51%"
"05/20/2026","58.28","57.49","58.41","57.49","1.90M","1.37%"
"05/19/2026","57.49","57.46","57.95","57.37","1.70M","-0.12%"
"05/18/2026","57.56","57.43","57.78","57.31","4.46M","0.21%"
"05/15/2026","57.44","57.49","57.54","57.09","1.23M","-1.25%"
"05/14/2026","58.17","57.87","58.23","57.68","1.81M","0.74%"
"05/13/2026","57.74","58.09","58.22","57.56","3.44M","-0.91%"
"05/12/2026","58.27","57.95","58.31","57.61","885.59K","0.22%"
"05/11/2026","58.14","58.19","58.55","58.10","991.13K","0.09%"
"05/08/2026","58.09","57.99","58.15","57.79","1.24M","0.47%"
"05/07/2026","57.82","58.45","58.47","57.72","1.16M","-0.67%"
"05/06/2026","58.21","58.35","58.38","58.09","2.46M","0.88%"
"05/05/2026","57.70","58.06","58.15","57.66","1.86M","-0.33%"
"05/04/2026","57.89","58.16","58.44","57.86","1.71M","-0.87%"
"05/01/2026","58.40","58.77","58.79","58.38","2.30M","-0.34%"
"04/30/2026","58.60","57.25","58.64","57.25","11.70M","2.84%"
"04/29/2026","56.98","57.33","57.33","56.81","1.72M","-0.84%"
"04/28/2026","57.46","57.68","57.91","57.37","2.46M","-0.90%"
"04/27/2026","57.98","58.02","58.21","57.89","1.16M","0.07%"
"04/24/2026","57.94","57.86","58.03","57.59","1.63M","0.17%"
"04/23/2026","57.84","57.80","58.06","57.28","1.77M","-0.26%"
"04/22/2026","57.99","58.21","58.35","57.90","1.23M","0.29%"
"04/21/2026","57.82","58.79","58.89","57.80","1.15M","-1.62%"
"04/20/2026","58.77","58.41","58.80","58.37","1.08M","0.43%"
"04/17/2026","58.52","58.44","58.72","58.19","1.65M","0.91%"
"04/16/2026","57.99","58.21","58.39","57.88","1.40M","-0.09%"
"04/15/2026","58.04","57.75","58.15","57.63","1.16M","0.59%"
"04/14/2026","57.70","57.56","57.73","57.34","1.44M","0.77%"
"04/13/2026","57.26","56.64","57.31","56.54","945.35K","0.88%"
"04/10/2026","56.76","56.77","57.00","56.65","1.64M","0.57%"
"04/09/2026","56.44","56.59","56.88","56.36","1.16M","-0.35%"
"04/08/2026","56.64","56.98","56.98","56.29","1.97M","1.65%"
"04/07/2026","55.72","55.30","55.74","55.11","1.75M","0.41%"
"04/06/2026","55.49","55.34","55.62","55.26","736.49K","0.31%"
"04/02/2026","55.32","54.39","55.41","54.32","1.71M","0.25%"
"04/01/2026","55.18","55.14","55.42","54.95","3.66M","0.71%"
"03/31/2026","54.79","53.95","54.85","53.87","4.50M","2.56%"
"03/30/2026","53.42","53.99","54.24","53.17","2.77M","-0.39%"
"03/27/2026","53.63","53.49","53.96","53.38","2.35M","-0.15%"
"03/26/2026","53.71","54.06","54.79","53.67","2.29M","-1.68%"
"03/25/2026","54.63","54.71","54.87","54.18","2.62M","1.02%"
"03/24/2026","54.08","53.68","54.46","53.51","2.63M","-0.26%"
"03/23/2026","54.22","53.70","54.58","53.51","4.46M","1.90%"
"03/20/2026","53.21","54.05","54.09","52.97","3.00M","-1.65%"
"03/19/2026","54.10","53.91","54.35","53.70","4.82M","-1.30%"
"03/18/2026","54.81","55.44","55.50","54.78","1.99M","-1.95%"
"03/17/2026","55.90","56.10","56.48","55.82","2.92M","0.09%"
"03/16/2026","55.85","55.40","55.97","55.40","4.00M","1.49%"
"03/13/2026","55.03","55.90","56.02","54.92","4.38M","-1.47%"
"03/12/2026","55.85","56.24","56.41","55.80","4.45M","-1.12%"
"03/11/2026","56.48","56.40","56.79","56.19","2.24M","-0.39%"
"03/10/2026","56.70","56.63","57.19","56.53","3.78M","0.16%"
"03/09/2026","56.61","55.91","56.72","55.22","5.19M","0.46%"
"03/06/2026","56.35","56.23","56.63","55.76","3.69M","-0.98%"
"03/05/2026","56.91","57.00","57.40","56.30","6.37M","-0.97%"
"03/04/2026","57.47","57.22","57.59","56.96","4.31M","0.70%"
"03/03/2026","57.07","57.01","57.24","55.67","5.33M","-1.87%"
"03/02/2026","58.16","57.55","58.17","57.38","2.89M","0.31%"
"02/27/2026","57.98","57.95","58.78","57.80","3.08M","-0.29%"
"02/26/2026","58.15","57.46","58.15","57.29","2.41M","0.97%"
"02/25/2026","57.59","57.45","57.76","57.21","1.61M","0.77%"
"02/24/2026","57.15","56.72","57.22","56.56","1.89M","0.35%"
"02/23/2026","56.95","57.15","57.52","56.60","2.43M","-0.37%"
"02/20/2026","57.16","56.76","57.17","56.65","2.26M","0.72%"
"02/19/2026","56.75","56.29","56.76","56.13","1.63M","0.51%"
"02/18/2026","56.46","55.95","56.69","55.95","2.19M","1.07%"
"02/17/2026","55.86","55.66","55.99","55.08","2.35M","-0.55%"
"02/13/2026","56.17","55.45","56.22","55.12","2.93M","1.65%"
"02/12/2026","55.26","56.67","56.76","55.17","2.43M","-2.33%"
"02/11/2026","56.58","57.34","57.40","56.07","3.19M","-0.25%"
"02/10/2026","56.72","56.48","56.87","56.40","3.40M","0.80%"
"02/09/2026","56.27","55.37","56.30","55.37","3.24M","2.29%"
"02/06/2026","55.01","54.65","55.14","54.65","2.32M","1.61%"
"02/05/2026","54.14","54.48","54.94","54.03","2.21M","-1.58%"
"02/04/2026","55.01","55.04","55.10","54.47","4.93M","0.31%"
"02/03/2026","54.84","54.84","55.08","54.29","2.20M","0.53%"
"02/02/2026","54.55","54.03","54.74","53.96","5.71M","0.53%"
"01/30/2026","54.26","55.64","56.42","53.96","8.03M","-4.02%"
"01/29/2026","56.53","56.95","57.04","55.70","4.19M","0.32%"
"01/28/2026","56.35","56.45","56.63","55.88","3.77M","0.30%"
"01/27/2026","56.18","55.93","56.19","55.80","3.80M","0.88%"
"01/26/2026","55.69","56.19","56.26","55.62","2.81M","-0.14%"
"01/23/2026","55.77","55.41","55.82","55.23","2.17M","1.03%"
"01/22/2026","55.20","55.24","55.51","54.96","2.26M","0.33%"
"01/21/2026","55.02","55.20","55.37","54.72","3.26M","0.49%"
"01/20/2026","54.75","55.16","55.36","54.68","3.15M","-0.69%"
"01/16/2026","55.13","55.27","55.29","54.92","1.35M","-0.16%"
"01/15/2026","55.22","55.04","55.38","54.99","1.41M","0.07%"
"01/14/2026","55.18","55.20","55.20","54.81","1.58M","0.11%"
"01/13/2026","55.12","55.29","55.29","54.98","1.23M","0.05%"
"01/12/2026","55.09","54.88","55.16","54.73","1.59M","0.84%"
"01/09/2026","54.63","54.44","54.83","54.43","1.65M","0.31%"
"01/08/2026","54.46","53.91","54.47","53.82","2.65M","0.83%"
"01/07/2026","54.01","54.47","54.47","53.93","2.83M","-1.17%"
"01/06/2026","54.65","54.64","54.78","54.34","3.36M","0.11%"
"01/05/2026","54.59","54.27","54.77","54.21","2.63M","0.74%"
"01/02/2026","54.19","54.09","54.20","53.80","4.38M","0.48%"
"12/31/2025","53.93","54.26","54.30","53.90","2.22M","-0.68%"
"12/30/2025","54.30","54.48","54.58","54.27","1.07M","-0.06%"
"12/29/2025","54.33","54.41","54.66","54.24","3.77M","-0.86%"
"12/26/2025","54.80","54.64","54.80","54.58","972.28K","0.37%"
"12/25/2025","54.60","54.62","54.60","54.60","706.94K","0.00%"
"12/24/2025","54.60","54.62","54.70","54.40","706.94K","0.11%"
"12/23/2025","54.54","54.42","54.56","54.28","1.53M","0.68%"
"12/22/2025","54.17","54.06","54.34","53.83","1.66M","0.91%"
"12/19/2025","53.68","53.43","53.92","53.37","2.60M","0.86%"
"12/18/2025","53.22","53.11","53.58","53.05","1.60M","0.78%"
"12/17/2025","52.81","53.12","53.18","52.67","2.05M","-0.32%"
"12/16/2025","52.98","53.21","53.44","52.90","1.11M","-1.52%"
"12/15/2025","53.80","54.18","54.20","53.65","1.28M","-0.17%"
"12/12/2025","53.89","54.21","54.32","53.43","2.73M","-0.35%"
"12/11/2025","54.08","53.79","54.16","53.72","4.69M","0.67%"
"12/10/2025","53.72","52.92","53.85","52.92","1.55M","1.22%"
"12/09/2025","53.07","52.86","53.38","52.86","1.21M","0.23%"
"12/08/2025","52.95","53.33","53.36","52.92","962.56K","-0.64%"
"12/05/2025","53.29","53.25","53.47","53.15","2.12M","0.41%"
"12/04/2025","53.07","52.58","53.15","52.56","3.09M","1.14%"
"12/03/2025","52.47","52.34","52.55","52.21","1.11M","0.63%"
"12/02/2025","52.14","52.30","52.30","51.89","2.42M","-0.08%"
"12/01/2025","52.18","52.52","52.67","52.15","1.41M","-0.99%"
"11/28/2025","52.70","52.45","52.76","52.34","910.37K","0.86%"
"11/26/2025","52.25","51.69","52.32","51.69","1.65M","1.34%"
"11/25/2025","51.56","51.10","51.61","50.95","2.36M","1.00%"
"11/24/2025","51.05","50.47","51.11","50.30","1.90M","1.23%"
"11/21/2025","50.43","50.05","50.54","49.74","2.06M","1.04%"
"11/20/2025","49.91","51.00","51.24","49.89","2.79M","-1.40%"
"11/19/2025","50.62","50.49","50.82","50.28","884.17K","0.18%"
"11/18/2025","50.53","50.08","50.72","50.06","1.61M","0.38%"
"11/17/2025","50.34","50.74","50.93","50.12","1.28M","-1.08%"
"11/14/2025","50.89","50.10","50.93","50.01","1.21M","0.49%"
"11/13/2025","50.64","51.71","51.71","50.49","1.99M","-2.14%"
"11/12/2025","51.75","51.13","51.81","51.12","1.62M","1.39%"
"11/11/2025","51.04","50.86","51.10","50.75","1.66M","0.29%"
"11/10/2025","50.89","50.59","50.91","50.51","1.83M","1.58%"
"11/07/2025","50.10","49.67","50.12","49.31","2.53M","0.70%"
"11/06/2025","49.75","50.12","50.26","49.65","1.66M","-1.01%"
"11/05/2025","50.26","49.83","50.36","49.81","1.66M","1.09%"
"11/04/2025","49.72","49.97","50.15","49.66","2.94M","-1.87%"
"11/03/2025","50.67","50.64","50.70","50.16","969.21K","-0.14%"
"10/31/2025","50.74","50.62","50.84","50.49","1.70M","0.14%"
"10/30/2025","50.67","50.52","50.90","50.44","1.13M","-0.16%"
"10/29/2025","50.75","51.49","51.49","50.58","1.88M","-1.28%"
"10/28/2025","51.41","50.85","51.41","50.85","3.63M","1.22%"
"10/27/2025","50.79","50.88","50.99","50.47","1.64M","-0.10%"
"10/24/2025","50.84","50.58","50.87","50.57","2.07M","0.51%"
"10/23/2025","50.58","50.37","50.69","50.37","816.21K","0.76%"
"10/22/2025","50.20","49.85","50.31","49.85","1.53M","0.42%"
"10/21/2025","49.99","50.29","50.29","49.87","1.08M","-1.44%"
"10/20/2025","50.72","50.55","50.77","50.55","2.12M","0.88%"
"10/17/2025","50.28","50.33","50.52","50.01","1.44M","-0.67%"
"10/16/2025","50.62","51.13","51.23","50.46","1.05M","-0.67%"
"10/15/2025","50.96","50.80","51.25","50.63","1.14M","0.85%"
"10/14/2025","50.53","49.81","50.75","49.74","2.09M","-0.12%"
"10/13/2025","50.59","50.29","50.63","50.23","1.04M","1.46%"
"10/10/2025","49.86","50.59","50.83","49.85","1.85M","-1.33%"
"10/09/2025","50.53","51.24","51.28","50.40","1.17M","-1.19%"
"10/08/2025","51.14","51.16","51.21","50.94","822.25K","0.39%"
"10/07/2025","50.94","51.27","51.40","50.87","1.04M","-0.70%"
"10/06/2025","51.30","51.48","51.49","51.14","943.55K","0.12%"
"10/03/2025","51.24","50.69","51.26","50.69","2.84M","1.28%"
"10/02/2025","50.59","50.70","50.72","50.13","1.11M","0.04%"
"10/01/2025","50.57","50.49","50.79","50.49","2.12M","0.04%"
"09/30/2025","50.55","50.39","50.63","50.18","1.20M","0.18%"
"09/29/2025","50.46","50.27","50.49","50.27","1.89M","0.88%"
"09/26/2025","50.02","50.08","50.26","49.97","1.11M","-0.06%"
"09/25/2025","50.05","49.98","50.11","49.76","1.66M","-0.38%"
"09/24/2025","50.24","50.53","50.74","50.23","1.32M","-0.57%"
"09/23/2025","50.53","51.10","51.10","50.52","3.46M","-0.69%"
"09/22/2025","50.88","50.70","50.95","50.62","1.98M","0.30%"
"09/19/2025","50.73","50.23","50.83","50.13","2.62M","1.10%"
"09/18/2025","50.18","50.09","50.24","49.86","1.95M","0.40%"
"09/17/2025","49.98","49.97","50.36","49.72","1.27M","-0.20%"
"09/16/2025","50.08","50.18","50.30","49.88","1.38M","-0.10%"
"09/15/2025","50.13","49.81","50.14","49.60","1.55M","1.07%"
"09/12/2025","49.60","49.78","49.85","49.54","1.43M","-0.64%"
"09/11/2025","49.92","49.44","49.92","49.39","1.45M","1.01%"
"09/10/2025","49.42","49.33","49.57","49.29","1.38M","0.30%"
"09/09/2025","49.27","49.40","49.49","49.22","1.61M","-0.06%"
"09/08/2025","49.30","49.51","49.51","49.03","1.27M","0.26%"
"09/05/2025","49.17","49.34","49.50","48.94","1.37M","0.10%"
"09/04/2025","49.12","48.91","49.12","48.74","1.52M","0.51%"
"09/03/2025","48.87","48.62","48.92","48.62","3.17M","0.58%"
"09/02/2025","48.59","48.45","48.65","48.14","2.83M","-0.41%"
"08/29/2025","48.79","48.40","48.83","48.39","2.34M","0.68%"
"08/28/2025","48.46","48.59","48.59","48.26","3.05M","0.19%"
"08/27/2025","48.37","47.97","48.40","47.97","1.10M","0.73%"
"08/26/2025","48.02","47.55","48.04","47.55","2.75M","0.99%"
"08/25/2025","47.55","47.89","47.99","47.55","1.19M","-1.00%"
"08/22/2025","48.03","47.25","48.10","47.25","2.99M","1.59%"
"08/21/2025","47.28","46.98","47.28","46.91","1.23M","0.36%"
"08/20/2025","47.11","47.02","47.18","46.96","1.67M","0.23%"
"08/19/2025","47.00","47.24","47.37","46.98","3.61M","-0.74%"
"08/18/2025","47.35","47.28","47.35","47.17","1.51M","0.17%"
"08/15/2025","47.27","47.38","47.44","47.19","1.91M","-0.13%"
"08/14/2025","47.33","47.48","47.48","47.19","1.16M","-0.65%"
"08/13/2025","47.64","47.68","47.79","47.54","2.81M","0.27%"
"08/12/2025","47.51","47.34","47.62","47.34","3.03M","0.49%"
"08/11/2025","47.28","47.33","47.43","47.22","1.10M","-0.13%"
"08/08/2025","47.34","47.41","47.56","47.31","922.47K","0.00%"
"08/07/2025","47.34","47.87","47.87","47.19","1.55M","-0.82%"
"08/06/2025","47.73","47.47","47.78","47.38","3.45M","1.70%"
"08/05/2025","46.93","46.63","46.96","46.60","2.98M","0.75%"
"08/04/2025","46.58","46.18","46.61","46.15","4.71M","1.57%"
"08/01/2025","45.86","45.98","46.03","45.66","5.10M","-0.69%"
"07/31/2025","46.18","46.28","46.58","46.06","4.08M","-0.43%"
"07/30/2025","46.38","46.72","46.80","46.22","3.04M","-0.88%"
"07/29/2025","46.79","46.77","46.91","46.65","1.89M","0.15%"
"07/28/2025","46.72","46.88","46.95","46.67","1.63M","-0.62%"
"07/25/2025","47.01","46.76","47.03","46.75","1.83M","0.09%"
"07/24/2025","46.97","47.01","47.19","46.93","1.46M","-0.42%"
"07/23/2025","47.17","47.17","47.23","47.05","1.65M","0.17%"
"07/22/2025","47.09","46.73","47.09","46.68","1.53M","0.81%"
"07/21/2025","46.71","46.75","46.95","46.69","1.17M","0.26%"
"07/18/2025","46.59","46.88","46.97","46.53","1.83M","-0.26%"
"07/17/2025","46.71","46.13","46.73","46.13","2.32M","0.52%"
"07/16/2025","46.47","46.12","46.47","45.89","3.26M","0.93%"
"07/15/2025","46.04","46.61","46.63","46.01","2.26M","-0.86%"
"07/14/2025","46.44","46.13","46.48","46.07","1.22M","0.67%"
"07/11/2025","46.13","46.16","46.28","46.02","2.60M","-0.60%"
"07/10/2025","46.41","46.20","46.43","45.99","1.73M","0.61%"
"07/09/2025","46.13","46.09","46.19","45.98","1.06M","0.28%"
"07/08/2025","46.00","46.24","46.35","45.90","2.10M","-0.39%"
"07/07/2025","46.18","46.47","46.57","46.10","3.48M","-1.05%"
"07/03/2025","46.67","46.44","46.69","46.35","1.76M","0.73%"
"07/02/2025","46.33","46.16","46.35","45.92","2.99M","0.30%"
"07/01/2025","46.19","46.17","46.29","45.99","3.43M","-0.02%"
"06/30/2025","46.20","45.77","46.21","45.67","2.93M","1.36%"
"06/27/2025","45.58","45.87","45.97","45.33","8.00M","-0.74%"
"06/26/2025","45.92","45.65","45.92","45.51","1.70M","1.32%"
"06/25/2025","45.32","45.49","45.51","45.22","1.88M","-0.66%"
"06/24/2025","45.62","45.47","45.72","45.33","3.20M","0.64%"
"06/23/2025","45.33","44.95","45.42","44.95","1.98M","0.51%"
"06/20/2025","45.10","45.49","45.49","45.06","1.97M","-0.49%"
"06/18/2025","45.32","45.63","45.63","45.29","1.47M","-0.29%"
"06/17/2025","45.45","45.74","45.80","45.36","1.64M","-0.68%"
"06/16/2025","45.76","45.91","46.08","45.74","2.15M","-0.26%"
"06/13/2025","45.88","45.88","46.11","45.71","3.50M","-0.26%"
"06/12/2025","46.00","45.81","46.02","45.72","2.11M","0.74%"
"06/11/2025","45.66","45.57","45.81","45.50","2.01M","0.51%"
"06/10/2025","45.43","45.38","45.51","45.28","1.03M","0.29%"
"06/09/2025","45.30","45.45","45.50","45.18","1.65M","-0.20%"
"06/06/2025","45.39","45.41","45.62","45.33","2.07M","0.15%"
"06/05/2025","45.32","45.45","45.52","45.25","2.07M","0.15%"
"06/04/2025","45.25","45.43","45.49","45.22","1.63M","-0.20%"
"06/03/2025","45.34","45.33","45.40","45.12","2.55M","-0.11%"
"06/02/2025","45.39","45.03","45.42","44.96","2.74M","0.96%"
"05/30/2025","44.96","44.77","45.02","44.60","1.72M","0.40%"
"05/29/2025","44.78","45.16","45.19","44.62","1.91M","0.04%"
"05/28/2025","44.76","44.64","44.94","44.64","1.16M","-0.13%"
"05/27/2025","44.82","44.68","45.04","44.68","4.60M","0.86%"
"05/23/2025","44.44","43.96","44.59","43.90","1.70M","1.00%"
"05/22/2025","44.00","43.90","44.19","43.79","1.28M","0.14%"
"05/21/2025","43.94","44.00","44.30","43.92","3.30M","-0.57%"
"05/20/2025","44.19","44.01","44.26","44.01","2.25M","0.32%"
"05/19/2025","44.05","43.65","44.17","43.65","2.53M","0.36%"
"05/16/2025","43.89","43.78","43.94","43.72","983.16K","0.14%"
"05/15/2025","43.83","43.48","43.87","43.44","1.06M","0.90%"
"05/14/2025","43.44","43.42","43.48","43.22","3.66M","0.09%"
"05/13/2025","43.40","43.14","43.49","43.13","1.56M","0.74%"
"05/12/2025","43.08","43.33","43.39","42.92","1.60M","0.54%"
"05/09/2025","42.85","43.01","43.06","42.67","1.04M","0.09%"
"05/08/2025","42.81","42.89","43.00","42.69","1.10M","-0.19%"
"05/07/2025","42.89","42.78","43.08","42.70","1.94M","0.28%"
"05/06/2025","42.77","42.67","42.86","42.57","1.51M","0.26%"
"05/05/2025","42.66","42.71","42.90","42.60","2.30M","-0.42%"
"05/02/2025","42.84","42.71","42.88","42.61","2.22M","1.25%"
"05/01/2025","42.31","42.32","42.66","42.30","773.82K","-0.33%"
"04/30/2025","42.45","42.15","42.56","41.77","2.18M","0.00%"
"04/29/2025","42.45","42.31","42.50","42.15","1.21M","0.19%"
"04/28/2025","42.37","42.05","42.42","42.05","1.89M","0.78%"
"04/25/2025","42.04","41.92","42.11","41.82","1.52M","-0.05%"
"04/24/2025","42.06","41.71","42.09","41.59","1.41M","1.30%"
"04/23/2025","41.52","41.77","42.02","41.42","2.72M","0.31%"
"04/22/2025","41.39","41.15","41.59","41.09","1.70M","1.52%"
"04/21/2025","40.77","41.09","41.18","40.43","1.35M","-0.80%"
"04/17/2025","41.10","40.94","41.29","40.74","2.47M","0.66%"
"04/16/2025","40.83","40.56","41.03","40.44","2.48M","0.74%"
"04/15/2025","40.53","40.46","40.83","40.35","1.97M","0.22%"
"04/14/2025","40.44","40.33","40.63","40.03","2.88M","1.43%"
"04/11/2025","39.87","39.10","40.09","38.98","6.27M","2.92%"
"04/10/2025","38.74","38.98","39.12","38.05","6.52M","-2.02%"
"04/09/2025","39.54","37.12","39.75","36.81","6.51M","6.38%"
"04/08/2025","37.17","38.93","38.95","36.85","6.47M","-1.64%"
"04/07/2025","37.79","37.01","38.99","36.70","6.07M","-1.61%"
"04/04/2025","38.41","39.36","39.54","37.99","5.39M","-5.44%"
"04/03/2025","40.62","40.83","41.43","40.54","5.67M","-2.33%"
"04/02/2025","41.59","40.71","41.62","40.67","2.88M","1.12%"
"04/01/2025","41.13","40.69","41.21","40.33","2.34M","0.93%"
"03/31/2025","40.75","40.17","40.85","40.01","3.28M","0.44%"
"03/28/2025","40.57","41.14","41.20","40.53","2.34M","-1.65%"
"03/27/2025","41.25","41.25","41.38","41.02","2.47M","-0.31%"
"03/26/2025","41.38","41.71","41.92","41.25","3.07M","-0.79%"
"03/25/2025","41.71","41.71","41.92","41.62","2.46M","0.48%"
"03/24/2025","41.51","41.11","41.69","41.11","3.02M","1.54%"
"03/21/2025","40.88","40.71","40.91","40.51","2.99M","-0.37%"
"03/20/2025","41.03","40.59","41.16","40.59","4.76M","-0.02%"
"03/19/2025","41.04","40.64","41.13","40.59","2.44M","1.28%"
"03/18/2025","40.52","40.67","40.67","40.19","2.76M","-0.42%"
"03/17/2025","40.69","40.19","40.74","40.19","1.62M","1.45%"
"03/14/2025","40.11","39.65","40.14","39.53","2.15M","2.06%"
"03/13/2025","39.30","39.75","39.88","39.15","2.16M","-1.36%"
"03/12/2025","39.84","39.70","40.08","39.45","4.38M","0.91%"
"03/11/2025","39.48","39.72","39.92","39.08","9.55M","-0.50%"
"03/10/2025","39.68","39.96","40.01","39.35","3.77M","-1.95%"
"03/07/2025","40.47","40.14","40.62","39.79","4.96M","0.25%"
"03/06/2025","40.37","40.23","40.92","40.13","5.17M","-0.88%"
"03/05/2025","40.73","40.04","40.76","40.04","5.99M","2.41%"
"03/04/2025","39.77","40.10","40.31","39.39","8.46M","-1.68%"
"03/03/2025","40.45","41.60","41.74","40.22","4.16M","-1.89%"
"02/28/2025","41.23","40.72","41.29","40.67","2.56M","1.05%"
"02/27/2025","40.80","41.31","41.35","40.80","3.84M","-1.52%"
"02/26/2025","41.43","41.33","41.65","41.23","2.50M","0.19%"
"02/25/2025","41.35","41.52","41.60","40.93","1.78M","-0.07%"
"02/24/2025","41.38","41.60","41.70","41.24","2.27M","-0.41%"
"02/21/2025","41.55","42.22","42.22","41.42","2.19M","-1.59%"
"02/20/2025","42.22","42.30","42.39","42.04","619.66K","-0.02%"
"02/19/2025","42.23","42.18","42.28","42.03","1.82M","-0.49%"
"02/18/2025","42.44","42.08","42.48","41.98","1.20M","0.64%"
"02/14/2025","42.17","42.58","42.60","42.17","994.63K","-0.82%"
"02/13/2025","42.52","41.98","42.52","41.98","1.96M","1.33%"
"02/12/2025","41.96","41.72","42.10","41.66","1.20M","-0.26%"
"02/11/2025","42.07","41.91","42.17","41.71","1.43M","0.12%"
"02/10/2025","42.02","41.99","42.09","41.88","1.31M","0.89%"
"02/07/2025","41.65","41.90","41.93","41.56","2.06M","-0.36%"
"02/06/2025","41.80","41.84","41.95","41.54","2.15M","0.14%"
"02/05/2025","41.74","41.55","41.77","41.39","1.75M","1.02%"
"02/04/2025","41.32","40.93","41.56","40.93","2.52M","1.82%"
"02/03/2025","40.58","40.16","40.83","39.82","10.94M","-1.55%"
"01/31/2025","41.22","41.79","42.10","41.19","7.13M","-1.34%"
"01/30/2025","41.78","41.77","42.15","41.50","3.06M","0.70%"
"01/29/2025","41.49","41.37","41.56","41.26","1.89M","0.31%"
"01/28/2025","41.36","41.38","41.48","41.23","2.08M","0.12%"
"01/27/2025","41.31","41.12","41.34","41.06","1.97M","-0.82%"
"01/24/2025","41.65","41.58","41.65","41.46","1.41M","0.48%"
"01/23/2025","41.45","41.09","41.47","41.09","2.12M","0.95%"
"01/22/2025","41.06","41.37","41.37","41.06","1.08M","-0.41%"
"01/21/2025","41.23","40.78","41.28","40.75","3.40M","1.68%"
"01/17/2025","40.55","40.48","40.73","40.41","1.31M","0.35%"
"01/16/2025","40.41","40.47","40.49","40.26","2.75M","-0.22%"
"01/15/2025","40.50","40.57","40.68","40.31","2.44M","1.07%"
"01/14/2025","40.07","39.93","40.10","39.78","1.52M","0.58%"
"01/13/2025","39.84","39.80","40.03","39.78","2.77M","-0.45%"
"01/10/2025","40.02","40.61","40.63","39.95","2.56M","-1.91%"
"01/08/2025","40.80","40.50","40.80","40.35","3.08M","0.54%"
"01/07/2025","40.58","41.06","41.14","40.47","3.59M","-0.59%"
"01/06/2025","40.82","41.16","41.17","40.72","3.11M","0.57%"
"01/03/2025","40.59","40.58","40.67","40.38","1.38M","0.59%"
"01/02/2025","40.35","40.41","40.57","40.18","2.28M","0.12%"
"12/31/2024","40.30","40.10","40.32","40.06","3.15M","0.52%"
"12/30/2024","40.09","40.11","40.26","39.74","1.13M","-0.32%"
"12/27/2024","40.22","40.24","40.44","40.01","2.96M","-0.49%"
"12/26/2024","40.42","40.26","40.51","40.26","912.80K","-0.10%"
"12/24/2024","40.46","40.36","40.46","40.11","639.40K","0.77%"
"12/23/2024","40.15","39.86","40.29","39.73","1.53M","0.55%"
"12/20/2024","39.93","39.47","40.28","39.39","3.84M","0.73%"
"12/19/2024","39.64","40.04","40.21","39.64","5.62M","-0.53%"
"12/18/2024","39.85","41.08","41.08","39.69","5.41M","-2.80%"
"12/17/2024","41.00","41.09","41.13","40.93","2.65M","-1.91%"
"12/16/2024","41.80","42.01","42.03","41.80","3.02M","-0.50%"
"12/13/2024","42.01","42.31","42.31","41.95","2.29M","-0.33%"
"12/12/2024","42.15","42.58","42.69","42.15","2.23M","-1.43%"
"12/11/2024","42.76","42.68","42.92","42.57","1.73M","0.54%"
"12/10/2024","42.53","42.70","42.74","42.52","1.15M","-0.40%"
"12/09/2024","42.70","43.11","43.26","42.69","2.01M","-0.42%"
"12/06/2024","42.88","43.20","43.27","42.85","1.52M","-0.92%"
"12/05/2024","43.28","43.05","43.33","43.05","1.50M","0.74%"
"12/04/2024","42.96","43.17","43.26","42.91","1.06M","-0.09%"
"12/03/2024","43.00","43.23","43.28","42.92","2.07M","-0.23%"
"12/02/2024","43.10","43.27","43.28","42.77","2.40M","-0.35%"
"11/29/2024","43.25","42.98","43.26","42.93","1.59M","0.98%"
"11/27/2024","42.83","42.75","42.97","42.63","1.78M","0.54%"
"11/26/2024","42.60","42.35","42.68","42.24","2.82M","-0.68%"
"11/25/2024","42.89","43.04","43.16","42.82","1.62M","-0.19%"
"11/22/2024","42.97","43.02","43.07","42.80","1.20M","0.07%"
"11/21/2024","42.94","42.44","42.94","42.27","5.09M","1.73%"
"11/20/2024","42.21","42.17","42.24","41.94","1.37M","-0.17%"
"11/19/2024","42.28","41.84","42.28","41.75","1.54M","0.59%"
"11/18/2024","42.03","41.83","42.13","41.81","1.62M","0.74%"
"11/15/2024","41.72","41.95","41.96","41.58","1.82M","-0.86%"
"11/14/2024","42.08","42.38","42.45","42.03","1.25M","-0.14%"
"11/13/2024","42.14","42.05","42.19","41.92","1.73M","-0.26%"
"11/12/2024","42.25","42.16","42.33","41.99","2.80M","0.91%"
"11/11/2024","41.87","42.00","42.13","41.87","1.17M","0.43%"
"11/08/2024","41.69","41.91","41.91","41.65","1.82M","-1.11%"
"11/07/2024","42.16","41.84","42.25","41.79","3.05M","1.39%"
"11/06/2024","41.58","41.28","41.60","40.97","1.52M","0.53%"
"11/05/2024","41.36","41.09","41.38","40.98","1.71M","1.12%"
"11/04/2024","40.90","40.97","41.15","40.76","1.62M","0.57%"
"11/01/2024","40.67","40.83","40.99","40.63","1.64M","0.10%"
"10/31/2024","40.63","41.11","41.19","40.50","2.07M","-1.46%"
"10/30/2024","41.23","41.10","41.37","41.03","1.91M","-0.10%"
"10/29/2024","41.27","41.33","41.47","41.12","2.36M","-0.39%"
"10/28/2024","41.43","41.09","41.47","41.06","979.54K","0.66%"
"10/25/2024","41.16","41.57","41.61","41.15","1.77M","-0.68%"
"10/24/2024","41.44","41.69","41.74","41.13","2.10M","-0.19%"
"10/23/2024","41.52","41.66","41.78","41.31","2.36M","-0.72%"
"10/22/2024","41.82","41.75","41.85","41.53","1.31M","0.12%"
"10/21/2024","41.77","41.94","42.17","41.73","1.39M","-0.64%"
"10/18/2024","42.04","41.98","42.12","41.83","1.07M","0.38%"
"10/17/2024","41.88","41.89","41.95","41.75","1.43M","0.02%"
"10/16/2024","41.87","41.53","41.87","41.53","1.64M","0.94%"
"10/15/2024","41.48","41.45","41.53","41.27","1.33M","-0.31%"
"10/14/2024","41.61","41.54","41.72","41.49","1.21M","0.02%"
"10/11/2024","41.60","41.40","41.75","41.40","1.58M","0.48%"
"10/10/2024","41.40","41.11","41.43","41.04","839.36K","0.10%"
"10/09/2024","41.36","41.09","41.38","41.06","1.71M","0.53%"
"10/08/2024","41.14","41.38","41.38","41.06","2.76M","-0.70%"
"10/07/2024","41.43","41.62","41.62","41.19","1.37M","-0.58%"
"10/04/2024","41.67","41.36","41.69","41.36","2.29M","0.60%"
"10/03/2024","41.42","41.38","41.49","41.13","3.42M","-0.43%"
"10/02/2024","41.60","41.71","41.87","41.49","1.56M","-0.10%"
"10/01/2024","41.64","41.56","41.72","41.32","3.59M","0.29%"
"09/30/2024","41.52","41.45","41.56","41.17","2.47M","0.17%"
"09/27/2024","41.45","41.77","41.78","41.42","2.19M","-0.50%"
"09/26/2024","41.66","41.55","41.81","41.54","1.04M","0.58%"
"09/25/2024","41.42","41.71","41.71","41.38","2.06M","-0.58%"
"09/24/2024","41.66","41.57","41.71","41.44","1.96M","0.75%"
"09/23/2024","41.35","41.28","41.44","41.17","1.55M","0.58%"
"09/20/2024","41.11","40.99","41.16","40.82","887.54K","-0.10%"
"09/19/2024","41.15","41.26","41.26","40.78","2.24M","1.63%"
"09/18/2024","40.49","40.78","41.01","40.46","1.54M","-0.47%"
"09/17/2024","40.68","40.91","40.96","40.57","1.54M","-0.29%"
"09/16/2024","40.80","40.76","40.83","40.48","1.50M","0.64%"
"09/13/2024","40.54","40.56","40.72","40.44","848.64K","0.35%"
"09/12/2024","40.40","40.15","40.44","39.97","1.38M","0.87%"
"09/11/2024","40.05","39.61","40.05","39.22","3.08M","1.26%"
"09/10/2024","39.55","39.66","39.66","39.20","1.50M","-0.50%"
"09/09/2024","39.75","39.60","39.85","39.60","1.72M","1.12%"
"09/06/2024","39.31","39.83","40.04","39.08","2.42M","-1.18%"
"09/05/2024","39.78","40.03","40.15","39.74","1.69M","-0.28%"
"09/04/2024","39.89","39.67","40.09","39.65","3.69M","0.25%"
"09/03/2024","39.79","40.09","40.09","39.65","3.12M","-1.73%"
"08/30/2024","40.49","40.18","40.51","40.06","1.73M","0.65%"
"08/29/2024","40.23","40.24","40.48","40.13","1.60M","0.45%"
"08/28/2024","40.05","40.29","40.29","39.93","1.34M","-0.74%"
"08/27/2024","40.35","40.17","40.43","40.13","829.50K","-0.05%"
"08/26/2024","40.37","40.33","40.51","40.32","1.20M","0.40%"
"08/23/2024","40.21","39.81","40.31","39.75","3.14M","1.90%"
"08/22/2024","39.46","39.64","39.65","39.37","1.09M","-0.45%"
"08/21/2024","39.64","39.65","39.72","39.51","1.48M","0.48%"
"08/20/2024","39.45","39.65","39.65","39.32","1.34M","-0.25%"
"08/19/2024","39.55","39.29","39.66","39.29","1.56M","0.71%"
"08/16/2024","39.27","39.13","39.30","39.06","1.51M","0.43%"
"08/15/2024","39.10","38.89","39.23","38.89","3.39M","1.14%"
"08/14/2024","38.66","38.41","38.69","38.41","1.92M","0.60%"
"08/13/2024","38.43","37.96","38.44","37.96","2.05M","1.40%"
"08/12/2024","37.90","37.89","38.04","37.80","1.66M","0.19%"
"08/09/2024","37.83","37.74","37.87","37.51","1.37M","0.45%"
"08/08/2024","37.66","37.26","37.77","37.10","1.86M","1.73%"
"08/07/2024","37.02","37.66","37.69","36.93","2.20M","-0.05%"
"08/06/2024","37.04","36.49","37.23","36.36","4.04M","1.42%"
"08/05/2024","36.52","35.84","36.72","35.74","6.61M","-1.83%"
"08/02/2024","37.20","37.55","37.68","36.88","4.66M","-2.23%"
"08/01/2024","38.05","38.70","38.95","37.84","3.62M","-2.24%"
"07/31/2024","38.92","38.72","39.13","38.62","2.69M","1.49%"
"07/30/2024","38.35","38.27","38.47","38.22","1.62M","0.34%"
"07/29/2024","38.22","38.41","38.41","38.07","1.52M","-0.29%"
"07/26/2024","38.33","38.27","38.42","38.15","1.42M","0.87%"
"07/25/2024","38.00","37.71","38.28","37.71","3.12M","-0.13%"
"07/24/2024","38.05","38.30","38.44","38.03","1.63M","-0.89%"
"07/23/2024","38.39","38.43","38.57","38.39","837.71K","-0.67%"
"07/22/2024","38.65","38.48","38.65","38.27","1.14M","0.70%"
"07/19/2024","38.38","38.17","38.55","38.17","1.28M","-0.18%"
"07/18/2024","38.45","38.84","38.84","38.35","1.58M","-0.77%"
"07/17/2024","38.75","38.82","38.97","38.63","1.47M","-0.72%"
"07/16/2024","39.03","38.59","39.03","38.53","957.74K","1.11%"
"07/15/2024","38.60","38.61","38.74","38.46","1.77M","-0.03%"
"07/12/2024","38.61","38.59","38.75","38.44","2.91M","0.60%"
"07/11/2024","38.38","38.21","38.45","38.21","2.21M","0.68%"
"07/10/2024","38.12","37.77","38.15","37.67","2.39M","1.55%"
"07/09/2024","37.54","37.60","37.69","37.47","2.05M","-0.32%"
"07/08/2024","37.66","37.62","37.67","37.45","1.22M","0.11%"
"07/05/2024","37.62","38.06","38.06","37.60","992.39K","-0.56%"
"07/03/2024","37.83","37.65","38.01","37.60","2.29M","1.37%"
"07/02/2024","37.32","36.92","37.33","36.92","1.54M","1.06%"
"07/01/2024","36.93","37.11","37.31","36.92","1.45M","-0.43%"
"06/28/2024","37.09","37.33","37.44","36.94","1.93M","-0.35%"
"06/27/2024","37.22","37.00","37.24","36.93","1.19M","0.79%"
"06/26/2024","36.93","36.74","36.94","36.66","1.06M","-0.24%"
"06/25/2024","37.02","36.88","37.07","36.83","1.07M","-0.16%"
"06/24/2024","37.08","36.66","37.14","36.66","2.15M","1.62%"
"06/21/2024","36.49","36.40","36.53","36.31","1.38M","-0.14%"
"06/20/2024","36.54","36.52","36.67","36.38","1.24M","0.05%"
"06/18/2024","36.52","36.48","36.69","36.43","1.07M","0.11%"
"06/17/2024","36.48","36.43","36.51","36.19","1.09M","-0.16%"
"06/14/2024","36.54","36.40","36.54","36.15","1.74M","-0.16%"
"06/13/2024","36.60","36.95","37.02","36.53","2.42M","-1.37%"
"06/12/2024","37.11","37.59","37.59","37.02","2.57M","0.60%"
"06/11/2024","36.89","36.94","36.97","36.72","1.48M","-1.71%"
"06/10/2024","37.53","37.36","37.62","37.32","1.20M","0.19%"
"06/07/2024","37.46","37.70","37.77","37.44","1.37M","-1.40%"
"06/06/2024","37.99","37.75","38.03","37.75","1.22M","0.40%"
"06/05/2024","37.84","37.72","37.86","37.63","1.80M","0.61%"
"06/04/2024","37.61","37.66","37.71","37.32","3.48M","-0.87%"
"06/03/2024","37.94","38.23","38.35","37.74","2.24M","-0.84%"
"05/31/2024","38.26","37.96","38.28","37.65","2.31M","1.49%"
"05/30/2024","37.70","37.32","37.85","37.32","2.47M","1.05%"
"05/29/2024","37.31","37.75","37.82","37.30","4.02M","-2.18%"
"05/28/2024","38.14","38.23","38.37","38.04","1.36M","-0.24%"
"05/24/2024","38.23","38.00","38.32","38.00","958.60K","1.06%"
"05/23/2024","37.83","38.36","38.55","37.70","4.34M","-0.92%"
"05/22/2024","38.18","38.24","38.44","38.07","1.36M","-0.88%"
"05/21/2024","38.52","38.58","38.66","38.36","1.22M","-0.26%"
"05/20/2024","38.62","38.52","38.76","38.52","615.58K","0.08%"
"05/17/2024","38.59","38.28","38.60","38.26","857.94K","0.76%"
"05/16/2024","38.30","38.28","38.37","38.17","1.71M","0.00%"
"05/15/2024","38.30","38.30","38.41","38.06","2.86M","0.42%"
"05/14/2024","38.14","38.25","38.28","38.01","1.16M","0.08%"
"05/13/2024","38.11","38.30","38.32","38.06","879.22K","-0.21%"
"05/10/2024","38.19","38.47","38.56","38.17","1.24M","-0.24%"
"05/09/2024","38.28","37.94","38.34","37.94","1.69M","1.00%"
"05/08/2024","37.90","37.57","37.92","37.49","1.33M","-0.29%"
"05/07/2024","38.01","38.19","38.24","37.94","1.50M","-0.29%"
"05/06/2024","38.12","37.89","38.13","37.80","953.93K","1.46%"
"05/03/2024","37.57","37.76","37.76","37.35","1.97M","0.62%"
"05/02/2024","37.34","37.18","37.48","36.97","1.86M","1.08%"
"05/01/2024","36.94","36.83","37.41","36.74","2.73M","0.05%"
"04/30/2024","36.92","37.37","37.44","36.90","3.44M","-2.02%"
"04/29/2024","37.68","37.71","37.78","37.51","1.39M","0.13%"
"04/26/2024","37.63","37.55","37.71","37.47","1.52M","0.35%"
"04/25/2024","37.50","37.00","37.58","36.88","1.84M","0.37%"
"04/24/2024","37.36","37.54","37.67","37.17","2.82M","-0.90%"
"04/23/2024","37.70","37.33","37.78","37.30","1.29M","0.91%"
"04/22/2024","37.36","37.25","37.53","37.00","1.49M","0.67%"
"04/19/2024","37.11","36.92","37.27","36.86","1.40M","0.71%"
"04/18/2024","36.85","36.86","37.08","36.66","3.20M","0.22%"
"04/17/2024","36.77","36.83","37.04","36.51","3.01M","0.41%"
"04/16/2024","36.62","36.64","36.82","36.41","2.45M","-0.70%"
"04/15/2024","36.88","37.42","37.53","36.76","2.56M","-0.73%"
"04/12/2024","37.15","37.63","37.76","37.01","1.66M","-1.62%"
"04/11/2024","37.76","37.94","38.00","37.47","2.03M","-0.53%"
"04/10/2024","37.96","38.05","38.16","37.76","2.66M","-1.45%"
"04/09/2024","38.52","38.41","38.62","38.13","1.38M","0.47%"
"04/08/2024","38.34","38.44","38.48","38.17","1.36M","0.13%"
"04/05/2024","38.29","37.95","38.43","37.84","2.18M","0.68%"
"04/04/2024","38.03","38.45","38.59","37.93","1.81M","-0.45%"
"04/03/2024","38.20","37.94","38.36","37.91","2.25M","0.42%"
"04/02/2024","38.04","38.17","38.17","37.90","1.87M","-0.47%"
"04/01/2024","38.22","38.34","38.35","38.07","1.97M","-0.16%"
"03/28/2024","38.28","38.14","38.38","38.14","1.27M","0.55%"
"03/27/2024","38.07","37.78","38.10","37.77","1.49M","0.93%"
"03/26/2024","37.72","37.92","37.97","37.72","1.04M","-0.21%"
"03/25/2024","37.80","37.81","38.02","37.78","994.70K","-0.03%"
"03/22/2024","37.81","38.14","38.20","37.76","1.27M","-1.02%"
"03/21/2024","38.20","38.41","38.46","38.18","1.12M","-0.16%"
"03/20/2024","38.26","37.65","38.28","37.58","3.62M","1.43%"
"03/19/2024","37.72","37.60","37.86","37.56","1.46M","0.00%"
"03/18/2024","37.72","37.83","37.83","37.65","2.40M","-0.03%"
"03/15/2024","37.73","37.70","37.90","37.65","1.50M","-0.11%"
"03/14/2024","37.77","38.10","38.10","37.60","1.59M","-1.00%"
"03/13/2024","38.15","37.92","38.24","37.92","1.31M","0.87%"
"03/12/2024","37.82","37.73","37.85","37.52","2.64M","0.27%"
"03/11/2024","37.72","37.42","37.73","37.39","1.20M","0.29%"
"03/08/2024","37.61","37.93","38.03","37.53","1.53M","-0.48%"
"03/07/2024","37.79","37.57","37.83","37.51","2.72M","1.40%"
"03/06/2024","37.27","37.36","37.46","37.19","2.50M","0.78%"
"03/05/2024","36.98","37.01","37.23","36.90","1.73M","-0.11%"
"03/04/2024","37.02","36.98","37.15","36.95","1.70M","-0.24%"
"03/01/2024","37.11","36.84","37.26","36.78","1.98M","0.92%"
"02/29/2024","36.77","36.72","36.87","36.63","3.02M","0.63%"
"02/28/2024","36.54","36.46","36.69","36.46","1.90M","-0.60%"
"02/27/2024","36.76","36.87","36.92","36.65","1.50M","-0.24%"
"02/26/2024","36.85","36.92","37.06","36.77","3.13M","-0.38%"
"02/23/2024","36.99","36.88","37.06","36.82","1.40M","0.41%"
"02/22/2024","36.84","36.78","36.91","36.68","1.54M","0.96%"
"02/21/2024","36.49","36.50","36.52","36.33","1.90M","-0.14%"
"02/20/2024","36.54","36.65","36.72","36.47","1.96M","-0.38%"
"02/16/2024","36.68","36.62","36.87","36.57","1.93M","-0.05%"
"02/15/2024","36.70","36.12","36.74","36.11","2.31M","2.17%"
"02/14/2024","35.92","35.66","35.93","35.56","2.92M","1.79%"
"02/13/2024","35.29","35.87","35.90","35.05","2.57M","-3.18%"
"02/12/2024","36.45","36.31","36.64","36.31","4.37M","0.30%"
"02/09/2024","36.34","36.25","36.40","36.11","1.48M","0.39%"
"02/08/2024","36.20","36.17","36.29","35.92","1.49M","-0.03%"
"02/07/2024","36.21","36.17","36.26","36.04","1.27M","0.28%"
"02/06/2024","36.11","35.89","36.16","35.82","1.83M","0.81%"
"02/05/2024","35.82","36.16","36.21","35.72","4.12M","-1.57%"
"02/02/2024","36.39","36.51","36.51","36.13","2.75M","-0.57%"
"02/01/2024","36.60","36.39","36.67","36.31","2.34M","0.69%"
"01/31/2024","36.35","36.83","36.92","36.33","3.09M","-1.25%"
"01/30/2024","36.81","36.60","36.85","36.44","2.47M","0.30%"
"01/29/2024","36.70","36.43","36.72","36.24","3.19M","0.63%"
"01/26/2024","36.47","36.47","36.54","36.32","1.24M","0.30%"
"01/25/2024","36.36","36.28","36.36","36.13","1.26M","0.75%"
"01/24/2024","36.09","36.55","36.55","36.06","2.35M","-0.28%"
"01/23/2024","36.19","36.02","36.22","36.01","7.11M","0.53%"
"01/22/2024","36.00","36.15","36.24","35.89","2.41M","-0.25%"
"01/19/2024","36.09","35.70","36.10","35.52","4.03M","1.18%"
"01/18/2024","35.67","35.62","35.72","35.44","2.35M","0.48%"
"01/17/2024","35.50","35.51","35.59","35.28","2.54M","-1.31%"
"01/16/2024","35.97","36.01","36.14","35.83","1.88M","-0.94%"
"01/12/2024","36.31","36.65","36.75","36.25","1.27M","0.14%"
"01/11/2024","36.26","36.47","36.53","35.90","1.65M","-0.47%"
"01/10/2024","36.43","36.43","36.53","36.39","876.63K","0.22%"
"01/09/2024","36.35","36.45","36.48","36.15","1.73M","-0.82%"
"01/08/2024","36.65","36.20","36.67","36.17","1.10M","0.77%"
"01/05/2024","36.37","36.28","36.74","36.20","5.76M","0.36%"
"01/04/2024","36.24","36.12","36.44","36.12","4.04M","0.17%"
"01/03/2024","36.18","36.06","36.33","35.94","9.58M","-0.33%"
"01/02/2024","36.30","36.51","36.51","36.22","2.25M","-1.04%"
"12/29/2023","36.68","36.78","36.81","36.55","1.61M","-0.05%"
"12/28/2023","36.70","36.89","36.96","36.66","1.69M","-0.46%"
"12/27/2023","36.87","36.89","36.99","36.73","3.11M","0.11%"
"12/26/2023","36.83","36.53","36.85","36.53","1.61M","1.10%"
"12/22/2023","36.43","36.33","36.62","36.32","1.63M","0.75%"
"12/21/2023","36.16","35.93","36.18","35.88","2.94M","1.40%"
"12/20/2023","35.66","36.22","36.30","35.63","2.59M","-2.59%"
"12/19/2023","36.61","36.22","36.67","36.22","1.40M","1.41%"
"12/18/2023","36.10","36.13","36.26","36.02","1.49M","0.42%"
"12/15/2023","35.95","36.28","36.32","35.94","2.25M","-0.91%"
"12/14/2023","36.28","36.10","36.34","36.10","2.88M","1.37%"
"12/13/2023","35.79","34.97","35.80","34.80","3.48M","2.49%"
"12/12/2023","34.92","35.04","35.06","34.74","2.17M","-0.60%"
"12/11/2023","35.13","34.98","35.13","34.88","1.54M","0.20%"
"12/08/2023","35.06","34.90","35.20","34.89","922.15K","0.40%"
"12/07/2023","34.92","35.08","35.08","34.80","1.02M","-0.06%"
"12/06/2023","34.94","35.21","35.43","34.92","2.28M","-0.54%"
"12/05/2023","35.13","35.18","35.30","35.10","1.28M","-0.51%"
"12/04/2023","35.31","35.05","35.44","35.05","1.38M","-0.51%"
"12/01/2023","35.49","34.91","35.51","34.91","1.98M","1.46%"
"11/30/2023","34.98","34.74","34.99","34.67","1.81M","0.92%"
"11/29/2023","34.66","34.58","34.79","34.48","1.36M","0.29%"
"11/28/2023","34.56","34.45","34.65","34.24","4.03M","0.35%"
"11/27/2023","34.44","34.49","34.52","34.37","1.19M","-0.55%"
"11/24/2023","34.63","34.46","34.72","34.46","836.97K","0.61%"
"11/22/2023","34.42","34.21","34.45","34.12","1.53M","0.06%"
"11/21/2023","34.40","34.56","34.66","34.38","1.96M","-0.38%"
"11/20/2023","34.53","34.41","34.59","34.29","1.55M","0.17%"
"11/17/2023","34.47","34.25","34.53","34.25","1.04M","1.11%"
"11/16/2023","34.09","34.12","34.26","33.94","1.25M","-0.58%"
"11/15/2023","34.29","34.27","34.49","34.24","2.08M","0.26%"
"11/14/2023","34.20","33.96","34.28","33.89","3.13M","2.21%"
"11/13/2023","33.46","33.21","33.58","33.15","1.60M","0.51%"
"11/10/2023","33.29","33.16","33.31","32.90","1.02M","0.33%"
"11/09/2023","33.18","33.23","33.63","33.15","2.20M","0.27%"
"11/08/2023","33.09","33.19","33.29","32.94","3.53M","-0.33%"
"11/07/2023","33.20","33.35","33.36","33.13","2.08M","-1.28%"
"11/06/2023","33.63","33.93","33.99","33.57","1.09M","-0.50%"
"11/03/2023","33.80","33.57","33.93","33.54","2.48M","1.41%"
"11/02/2023","33.33","32.71","33.36","32.66","5.49M","3.93%"
"11/01/2023","32.07","31.84","32.10","31.73","1.91M","1.04%"
"10/31/2023","31.74","31.81","31.83","31.60","1.30M","-0.25%"
"10/30/2023","31.82","31.76","32.01","31.59","1.54M","1.08%"
"10/27/2023","31.48","31.96","31.97","31.41","1.61M","-1.07%"
"10/26/2023","31.82","31.88","32.07","31.72","2.08M","-0.53%"
"10/25/2023","31.99","31.97","32.30","31.91","2.60M","-0.62%"
"10/24/2023","32.19","32.46","32.54","32.07","1.49M","-0.68%"
"10/23/2023","32.41","32.35","32.71","32.14","1.40M","-0.22%"
"10/20/2023","32.48","32.84","32.90","32.47","1.60M","-1.19%"
"10/19/2023","32.87","32.96","33.21","32.81","1.40M","-0.39%"
"10/18/2023","33.00","33.53","33.54","33.00","1.95M","-1.84%"
"10/17/2023","33.62","33.29","33.82","33.29","1.42M","0.06%"
"10/16/2023","33.60","33.36","33.64","33.19","1.08M","1.27%"
"10/13/2023","33.18","33.50","33.56","33.12","1.65M","-0.09%"
"10/12/2023","33.21","33.74","33.74","33.03","1.15M","-1.34%"
"10/11/2023","33.66","33.48","33.68","33.42","1.08M","0.75%"
"10/10/2023","33.41","33.23","33.55","33.19","1.26M","0.81%"
"10/09/2023","33.14","32.69","33.21","32.64","1.62M","1.13%"
"10/06/2023","32.77","32.45","32.89","32.06","1.74M","0.89%"
"10/05/2023","32.48","32.21","32.52","32.14","1.30M","0.84%"
"10/04/2023","32.21","32.30","32.31","31.82","3.20M","-0.28%"
"10/03/2023","32.30","32.47","32.55","32.13","2.09M","-1.19%"
"10/02/2023","32.69","33.33","33.34","32.60","2.61M","-2.30%"
"09/29/2023","33.46","34.00","34.14","33.44","1.80M","-0.80%"
"09/28/2023","33.73","33.39","33.85","33.39","1.74M","1.02%"
"09/27/2023","33.39","33.68","33.74","33.15","1.31M","-0.51%"
"09/26/2023","33.56","33.79","33.98","33.56","1.61M","-1.58%"
"09/25/2023","34.10","33.85","34.16","33.78","1.23M","0.44%"
"09/22/2023","33.95","34.24","34.33","33.94","1.28M","-0.18%"
"09/21/2023","34.01","34.42","34.56","34.00","1.20M","-2.16%"
"09/20/2023","34.76","34.93","35.19","34.74","1.50M","-0.26%"
"09/19/2023","34.85","35.31","35.38","34.81","2.13M","-0.91%"
"09/18/2023","35.17","35.36","35.40","35.09","873.76K","-0.28%"
"09/15/2023","35.27","35.18","35.36","35.17","1.22M","0.09%"
"09/14/2023","35.24","34.90","35.29","34.86","2.09M","1.85%"
"09/13/2023","34.60","34.51","34.72","34.44","1.74M","0.35%"
"09/12/2023","34.48","34.33","34.59","34.30","613.38K","0.32%"
"09/11/2023","34.37","34.31","34.46","34.15","538.75K","1.06%"
"09/08/2023","34.01","34.08","34.23","33.99","880.53K","0.00%"
"09/07/2023","34.01","34.13","34.27","34.00","685.27K","-0.79%"
"09/06/2023","34.28","34.43","34.57","34.12","805.46K","-0.92%"
"09/05/2023","34.60","34.86","34.90","34.59","855.36K","-0.94%"
"09/01/2023","34.93","34.88","34.99","34.76","733.45K","0.69%"
"08/31/2023","34.69","34.82","34.91","34.56","1.15M","0.12%"
"08/30/2023","34.65","34.69","34.79","34.56","795.91K","0.49%"
"08/29/2023","34.48","33.87","34.49","33.79","1.42M","1.65%"
"08/28/2023","33.92","33.70","33.99","33.69","619.07K","0.92%"
"08/25/2023","33.61","33.71","33.77","33.26","902.83K","0.03%"
"08/24/2023","33.60","33.74","33.86","33.56","738.74K","-0.74%"
"08/23/2023","33.85","33.44","33.95","33.42","914.30K","1.11%"
"08/22/2023","33.48","33.81","33.81","33.45","1.19M","-0.59%"
"08/21/2023","33.68","33.85","33.92","33.54","777.85K","-0.15%"
"08/18/2023","33.73","33.46","33.81","33.46","1.36M","0.00%"
"08/17/2023","33.73","34.10","34.20","33.68","815.39K","-0.47%"
"08/16/2023","33.89","33.93","34.08","33.83","1.08M","-0.32%"
"08/15/2023","34.00","34.55","34.57","33.96","2.06M","-2.16%"
"08/14/2023","34.75","34.87","34.87","34.62","734.77K","-0.60%"
"08/11/2023","34.96","34.73","35.09","34.70","1.04M","0.23%"
"08/10/2023","34.88","35.03","35.26","34.80","1.05M","0.20%"
"08/09/2023","34.81","34.70","34.89","34.63","1.15M","0.23%"
"08/08/2023","34.73","34.52","34.74","34.32","1.39M","-0.63%"
"08/07/2023","34.95","34.89","35.02","34.83","2.18M","0.37%"
"08/04/2023","34.82","34.77","35.20","34.60","1.20M","0.26%"
"08/03/2023","34.73","34.70","34.86","34.62","1.26M","-0.52%"
"08/02/2023","34.91","35.30","35.33","34.79","1.59M","-1.99%"
"08/01/2023","35.62","35.70","35.77","35.51","1.46M","-1.27%"
"07/31/2023","36.08","35.86","36.24","35.86","1.08M","0.84%"
"07/28/2023","35.78","35.78","35.94","35.67","1.89M","0.65%"
"07/27/2023","35.55","36.03","36.06","35.49","1.68M","-0.92%"
"07/26/2023","35.88","35.82","35.97","35.71","894.63K","-0.06%"
"07/25/2023","35.90","35.93","36.06","35.88","678.89K","-0.31%"
"07/24/2023","36.01","35.80","36.13","35.80","1.31M","0.59%"
"07/21/2023","35.80","35.75","35.86","35.65","910.52K","0.34%"
"07/20/2023","35.68","35.90","35.91","35.62","1.02M","-0.36%"
"07/19/2023","35.81","35.69","35.85","35.67","1.09M","0.65%"
"07/18/2023","35.58","35.19","35.61","35.17","656.84K","0.82%"
"07/17/2023","35.29","35.16","35.38","35.15","571.90K","0.14%"
"07/14/2023","35.24","35.65","35.65","35.23","2.71M","-0.82%"
"07/13/2023","35.53","35.11","35.59","35.11","1.06M","1.69%"
"07/12/2023","34.94","34.78","34.99","34.74","1.07M","1.42%"
"07/11/2023","34.45","34.35","34.51","34.31","795.03K","0.50%"
"07/10/2023","34.28","34.26","34.41","34.21","1.04M","-0.15%"
"07/07/2023","34.33","34.00","34.51","34.00","1.27M","0.73%"
"07/06/2023","34.08","34.43","34.46","34.00","1.94M","-2.07%"
"07/05/2023","34.80","35.03","35.03","34.77","2.60M","-1.14%"
"07/03/2023","35.20","34.96","35.25","34.93","1.14M","0.60%"
"06/30/2023","34.99","34.75","35.07","34.75","1.90M","1.16%"
"06/29/2023","34.59","34.25","34.59","34.25","1.08M","0.64%"
"06/28/2023","34.37","34.27","34.42","34.17","1.21M","-0.26%"
"06/27/2023","34.46","34.22","34.49","34.16","950.56K","0.67%"
"06/26/2023","34.23","33.81","34.33","33.81","1.10M","1.24%"
"06/23/2023","33.81","33.83","33.94","33.72","1.15M","-1.11%"
"06/22/2023","34.19","34.25","34.25","34.09","1.08M","-0.47%"
"06/21/2023","34.35","34.17","34.48","34.12","1.01M","0.26%"
"06/20/2023","34.26","34.51","34.56","34.15","1.09M","-1.35%"
"06/16/2023","34.73","34.87","34.98","34.72","1.36M","-0.12%"
"06/15/2023","34.77","34.27","34.86","34.27","1.61M","1.08%"
"06/14/2023","34.40","34.58","34.69","34.23","1.51M","0.09%"
"06/13/2023","34.37","34.35","34.56","34.33","1.02M","0.73%"
"06/12/2023","34.12","34.07","34.14","33.90","2.13M","0.06%"
"06/09/2023","34.10","34.19","34.31","34.02","1.43M","-0.12%"
"06/08/2023","34.14","34.20","34.26","33.97","1.07M","-0.03%"
"06/07/2023","34.15","34.18","34.49","34.06","2.46M","-1.10%"
"06/06/2023","34.53","34.23","34.56","34.12","673.99K","0.91%"
"06/05/2023","34.22","34.47","34.48","34.18","1.24M","-0.64%"
"06/02/2023","34.44","34.09","34.46","34.02","1.69M","2.10%"
"06/01/2023","33.73","33.33","33.87","33.27","2.20M","1.41%"
"05/31/2023","33.26","33.25","33.34","33.13","2.43M","-0.78%"
"05/30/2023","33.52","33.87","33.90","33.43","1.13M","-0.77%"
"05/26/2023","33.78","33.66","33.83","33.61","1.18M","0.87%"
"05/25/2023","33.49","33.94","33.94","33.35","1.78M","-0.95%"
"05/24/2023","33.81","34.20","34.20","33.79","1.61M","-1.80%"
"05/23/2023","34.43","34.73","34.79","34.40","998.98K","-1.15%"
"05/22/2023","34.83","34.75","34.93","34.73","1.77M","0.14%"
"05/19/2023","34.78","34.93","34.93","34.67","946.30K","0.17%"
"05/18/2023","34.72","34.71","34.74","34.46","1.10M","-0.34%"
"05/17/2023","34.84","34.86","34.91","34.49","1.80M","0.49%"
"05/16/2023","34.67","35.18","35.22","34.66","914.52K","-1.62%"
"05/15/2023","35.24","34.91","35.26","34.91","1.10M","1.26%"
"05/12/2023","34.80","35.07","35.14","34.65","1.17M","-0.40%"
"05/11/2023","34.94","35.03","35.03","34.76","3.65M","-1.19%"
"05/10/2023","35.36","35.65","35.74","35.09","2.26M","-0.42%"
"05/09/2023","35.51","35.33","35.54","35.24","1.19M","-0.08%"
"05/08/2023","35.54","35.69","35.78","35.47","897.27K","0.25%"
"05/05/2023","35.45","34.96","35.53","34.89","1.47M","2.75%"
"05/04/2023","34.50","34.53","34.74","34.46","1.66M","0.17%"
"05/03/2023","34.44","34.52","34.82","34.43","2.75M","-0.40%"
"05/02/2023","34.58","34.90","34.91","34.32","1.30M","-1.59%"
"05/01/2023","35.14","35.16","35.42","35.14","1.41M","-0.17%"
"04/28/2023","35.20","34.70","35.22","34.70","1.87M","1.00%"
"04/27/2023","34.85","34.55","34.90","34.55","1.59M","1.19%"
"04/26/2023","34.44","34.55","34.77","34.35","1.39M","-0.29%"
"04/25/2023","34.54","34.89","34.99","34.53","1.27M","-1.96%"
"04/24/2023","35.23","35.22","35.29","35.14","805.87K","0.03%"
"04/21/2023","35.22","35.17","35.26","35.03","1.13M","-0.11%"
"04/20/2023","35.26","35.26","35.48","35.21","3.98M","-0.45%"
"04/19/2023","35.42","35.37","35.51","35.35","2.66M","-0.51%"
"04/18/2023","35.60","35.65","35.70","35.53","2.01M","0.25%"
"04/17/2023","35.51","35.36","35.53","35.28","1.15M","0.17%"
"04/14/2023","35.45","35.56","35.63","35.27","2.00M","-0.11%"
"04/13/2023","35.49","35.13","35.52","35.13","1.68M","1.31%"
"04/12/2023","35.03","35.14","35.27","34.96","1.00M","0.40%"
"04/11/2023","34.89","34.62","34.99","34.62","1.35M","0.93%"
"04/10/2023","34.57","34.24","34.57","34.23","752.12K","0.20%"
"04/06/2023","34.50","34.40","34.56","34.29","2.07M","-0.03%"
"04/05/2023","34.51","34.66","34.69","34.37","2.06M","-0.60%"
"04/04/2023","34.72","34.84","34.92","34.53","4.12M","-0.23%"
"04/03/2023","34.80","34.46","34.81","34.46","3.04M","1.81%"
"03/31/2023","34.18","33.90","34.20","33.90","1.57M","0.89%"
"03/30/2023","33.88","33.89","33.92","33.72","1.55M","0.83%"
"03/29/2023","33.60","33.46","33.61","33.43","12.23M","1.24%"
"03/28/2023","33.19","32.97","33.24","32.96","2.00M","0.61%"
"03/27/2023","32.99","32.81","33.04","32.69","1.48M","1.13%"
"03/24/2023","32.62","32.39","32.62","32.04","1.76M","0.15%"
"03/23/2023","32.57","32.97","33.17","32.42","4.63M","-0.46%"
"03/22/2023","32.72","32.93","33.34","32.69","2.13M","-0.64%"
"03/21/2023","32.93","33.10","33.18","32.86","2.42M","0.37%"
"03/20/2023","32.81","32.57","32.84","32.53","1.59M","1.39%"
"03/17/2023","32.36","32.54","32.56","32.15","2.90M","-1.04%"
"03/16/2023","32.70","32.11","32.79","31.93","2.58M","1.18%"
"03/15/2023","32.32","32.23","32.38","31.88","4.32M","-2.21%"
"03/14/2023","33.05","33.09","33.37","32.79","3.01M","0.95%"
"03/13/2023","32.74","32.55","33.08","32.33","6.02M","-0.40%"
"03/10/2023","32.87","33.39","33.51","32.80","4.23M","-1.53%"
"03/09/2023","33.38","34.01","34.20","33.34","1.75M","-1.56%"
"03/08/2023","33.91","33.72","34.14","33.72","2.25M","0.03%"
"03/07/2023","33.90","34.56","34.56","33.81","2.30M","-2.19%"
"03/06/2023","34.66","34.75","34.83","34.59","2.28M","-0.52%"
"03/03/2023","34.84","34.41","34.88","34.35","2.29M","1.34%"
"03/02/2023","34.38","34.00","34.41","33.95","1.14M","0.41%"
"03/01/2023","34.24","34.12","34.29","33.98","1.83M","0.56%"
"02/28/2023","34.05","34.24","34.24","33.99","3.19M","-0.67%"
"02/27/2023","34.28","34.35","34.55","34.22","1.99M","0.53%"
"02/24/2023","34.10","33.84","34.13","33.60","2.48M","-0.38%"
"02/23/2023","34.23","34.35","34.47","33.96","2.05M","0.09%"
"02/22/2023","34.20","34.30","34.46","34.13","3.01M","-0.47%"
"02/21/2023","34.36","34.79","34.80","34.34","2.37M","-1.80%"
"02/17/2023","34.99","34.92","35.08","34.76","1.26M","-0.51%"
"02/16/2023","35.17","35.14","35.44","35.01","2.01M","-1.12%"
"02/15/2023","35.57","35.42","35.58","35.21","2.17M","-0.28%"
"02/14/2023","35.67","35.45","35.90","35.30","1.86M","-0.17%"
"02/13/2023","35.73","35.52","35.76","35.42","1.98M","0.68%"
"02/10/2023","35.49","35.26","35.54","35.20","947.43K","1.17%"
"02/09/2023","35.08","35.68","35.69","35.03","3.76M","-0.60%"
"02/08/2023","35.29","35.41","35.54","35.19","1.60M","-0.65%"
"02/07/2023","35.52","35.08","35.65","34.99","2.23M","1.11%"
"02/06/2023","35.13","35.32","35.35","35.01","1.30M","-1.10%"
"02/03/2023","35.52","35.36","35.80","35.36","1.77M","-0.59%"
"02/02/2023","35.73","35.98","35.98","35.56","2.09M","-0.28%"
"02/01/2023","35.83","35.74","35.97","35.25","3.17M","0.00%"
"01/31/2023","35.83","35.20","35.87","35.15","2.24M","1.79%"
"01/30/2023","35.20","35.44","35.64","35.20","1.09M","-1.32%"
"01/27/2023","35.67","35.51","35.79","35.46","2.71M","0.14%"
"01/26/2023","35.62","35.54","35.62","35.23","1.84M","1.11%"
"01/25/2023","35.23","35.27","35.31","34.88","4.16M","-0.28%"
"01/24/2023","35.33","35.16","35.40","35.00","1.22M","0.00%"
"01/23/2023","35.33","35.07","35.36","34.99","3.08M","0.66%"
"01/20/2023","35.10","34.63","35.11","34.42","2.44M","1.39%"
"01/19/2023","34.62","34.51","34.72","34.37","1.84M","0.17%"
"01/18/2023","34.56","35.16","35.31","34.56","2.96M","-1.12%"
"01/17/2023","34.95","34.92","35.04","34.83","1.96M","0.40%"
"01/13/2023","34.81","34.36","34.85","34.31","9.08M","0.32%"
"01/12/2023","34.70","34.37","34.70","34.04","1.21M","1.31%"
"01/11/2023","34.25","34.12","34.25","33.90","1.50M","1.06%"
"01/10/2023","33.89","33.97","34.02","33.63","2.53M","-0.18%"
"01/09/2023","33.95","33.98","34.26","33.92","1.52M","0.62%"
"01/06/2023","33.74","33.12","33.79","33.01","3.06M","2.55%"
"01/05/2023","32.90","33.03","33.06","32.72","2.26M","-0.96%"
"01/04/2023","33.22","32.96","33.35","32.77","3.56M","2.09%"
"01/03/2023","32.54","32.69","33.06","32.44","3.60M","-0.58%"
"12/30/2022","32.73","32.72","33.02","32.61","2.55M","-0.76%"
"12/29/2022","32.98","32.74","33.01","32.61","1.49M","1.79%"
"12/28/2022","32.40","32.92","33.10","32.40","2.39M","-1.91%"
"12/27/2022","33.03","32.98","33.16","32.77","2.97M","0.55%"
"12/23/2022","32.85","32.44","32.85","32.39","2.26M","1.26%"
"12/22/2022","32.44","32.68","32.68","32.04","1.95M","-1.37%"
"12/21/2022","32.89","32.63","32.97","32.63","4.32M","1.39%"
"12/20/2022","32.44","32.14","32.58","32.14","3.40M","0.90%"
"12/19/2022","32.15","32.57","32.64","32.05","3.23M","-0.83%"
"12/16/2022","32.42","32.44","32.62","32.28","2.88M","-1.10%"
"12/15/2022","32.78","33.09","33.16","32.60","4.97M","-2.32%"
"12/14/2022","33.56","33.69","33.83","33.31","5.07M","-0.50%"
"12/13/2022","33.73","34.10","34.32","33.60","6.23M","-0.82%"
"12/12/2022","34.01","33.62","34.05","33.62","4.41M","0.47%"
"12/09/2022","33.85","33.96","34.22","33.85","2.59M","-0.70%"
"12/08/2022","34.09","34.12","34.29","34.01","2.39M","0.68%"
"12/07/2022","33.86","33.83","34.23","33.83","6.24M","-0.09%"
"12/06/2022","33.89","34.38","34.51","33.81","3.34M","-1.57%"
"12/05/2022","34.43","35.19","35.28","34.38","4.06M","-2.19%"
"12/02/2022","35.20","35.05","35.40","35.03","2.47M","-0.59%"
"12/01/2022","35.41","35.45","35.61","35.21","4.40M","0.63%"
"11/30/2022","35.19","34.84","35.26","34.38","6.57M","1.76%"
"11/29/2022","34.58","34.68","34.76","34.43","2.46M","-0.32%"
"11/28/2022","34.69","35.01","35.21","34.67","2.93M","-1.81%"
"11/25/2022","35.33","35.20","35.44","35.20","1.13M","0.45%"
"11/23/2022","35.17","34.88","35.21","34.83","2.17M","0.34%"
"11/22/2022","35.05","34.63","35.05","34.59","3.19M","2.01%"
"11/21/2022","34.36","34.28","34.41","33.93","1.88M","-0.52%"
"11/18/2022","34.54","34.55","34.62","34.35","5.48M","-0.03%"
"11/17/2022","34.55","34.23","34.56","34.19","2.09M","-0.32%"
"11/16/2022","34.66","34.69","34.79","34.54","2.19M","-0.43%"
"11/15/2022","34.81","34.99","35.06","34.58","3.60M","0.69%"
"11/14/2022","34.57","34.90","35.01","34.56","2.78M","-1.34%"
"11/11/2022","35.04","34.96","35.17","34.76","3.36M","1.01%"
"11/10/2022","34.69","34.12","34.69","34.10","6.18M","5.06%"
"11/09/2022","33.02","33.56","33.71","32.99","9.19M","-2.34%"
"11/08/2022","33.81","33.56","34.03","33.40","2.84M","1.02%"
"11/07/2022","33.47","33.41","33.51","33.18","1.52M","0.36%"
"11/04/2022","33.35","33.29","33.59","32.92","3.57M","3.12%"
"11/03/2022","32.34","32.14","32.54","31.98","1.97M","-0.65%"
"11/02/2022","32.55","33.17","33.62","32.54","3.39M","-1.84%"
"11/01/2022","33.16","33.42","33.65","33.01","4.05M","0.39%"
"10/31/2022","33.03","32.91","33.13","32.85","3.18M","-0.27%"
"10/28/2022","33.12","32.85","33.12","32.71","1.82M","0.39%"
"10/27/2022","32.99","32.93","33.41","32.90","3.38M","0.43%"
"10/26/2022","32.85","32.41","33.15","32.41","3.58M","1.30%"
"10/25/2022","32.43","31.92","32.45","31.88","1.93M","1.69%"
"10/24/2022","31.89","31.94","32.01","31.52","2.42M","-0.22%"
"10/21/2022","31.96","31.08","32.02","31.01","2.59M","2.53%"
"10/20/2022","31.17","31.41","31.86","31.03","1.77M","-0.51%"
"10/19/2022","31.33","31.41","31.50","31.08","3.03M","-0.76%"
"10/18/2022","31.57","31.82","31.89","31.22","2.56M","0.89%"
"10/17/2022","31.29","31.19","31.56","31.17","2.23M","2.69%"
"10/14/2022","30.47","31.33","31.47","30.45","3.10M","-2.37%"
"10/13/2022","31.21","29.60","31.37","29.55","6.09M","2.83%"
"10/12/2022","30.35","30.40","30.58","30.19","2.01M","-0.30%"
"10/11/2022","30.44","30.71","30.98","30.28","2.56M","-1.36%"
"10/10/2022","30.86","31.24","31.40","30.80","3.67M","-0.99%"
"10/07/2022","31.17","31.62","31.70","31.05","2.36M","-1.92%"
"10/06/2022","31.78","32.17","32.34","31.66","2.92M","-2.34%"
"10/05/2022","32.54","32.51","32.72","32.17","2.16M","-1.51%"
"10/04/2022","33.04","32.44","33.06","32.41","3.61M","3.51%"
"10/03/2022","31.92","31.32","32.07","31.26","5.78M","3.77%"
"09/30/2022","30.76","30.93","31.42","30.73","3.95M","-1.03%"
"09/29/2022","31.08","31.23","31.25","30.62","2.99M","-1.46%"
"09/28/2022","31.54","30.75","31.65","30.66","3.99M","2.67%"
"09/27/2022","30.72","31.00","31.22","30.58","5.02M","-0.03%"
"09/26/2022","30.73","31.14","31.39","30.55","3.46M","-1.82%"
"09/23/2022","31.30","31.88","31.88","31.06","5.34M","-3.34%"
"09/22/2022","32.38","32.82","32.94","32.36","2.10M","-1.16%"
"09/21/2022","32.76","33.42","33.58","32.75","3.97M","-1.71%"
"09/20/2022","33.33","33.58","33.64","33.12","2.63M","-1.88%"
"09/19/2022","33.97","33.10","33.97","33.07","1.32M","1.22%"
"09/16/2022","33.56","33.64","33.67","33.34","3.54M","-1.24%"
"09/15/2022","33.98","34.20","34.55","33.92","2.78M","-1.34%"
"09/14/2022","34.44","34.28","34.67","34.25","2.96M","0.53%"
"09/13/2022","34.26","34.68","34.90","34.18","4.71M","-3.17%"
"09/12/2022","35.38","35.31","35.50","35.15","2.45M","1.40%"
"09/09/2022","34.89","34.42","34.92","34.42","3.55M","2.50%"
"09/08/2022","34.04","33.41","34.04","33.39","2.50M","1.10%"
"09/07/2022","33.67","33.05","33.69","32.97","4.53M","1.17%"
"09/06/2022","33.28","33.75","33.87","33.24","4.02M","-1.13%"
"09/02/2022","33.66","33.84","34.14","33.45","3.65M","0.90%"
"09/01/2022","33.36","33.41","33.44","33.00","4.93M","-0.98%"
"08/31/2022","33.69","34.04","34.13","33.67","4.98M","-1.29%"
"08/30/2022","34.13","34.91","34.95","34.08","3.43M","-2.43%"
"08/29/2022","34.98","34.82","35.10","34.68","2.54M","0.06%"
"08/26/2022","34.96","35.85","35.90","34.95","3.30M","-2.40%"
"08/25/2022","35.82","35.56","35.85","35.54","2.05M","1.16%"
"08/24/2022","35.41","35.23","35.51","35.20","1.79M","-0.08%"
"08/23/2022","35.44","35.33","35.61","35.16","3.16M","0.80%"
"08/22/2022","35.16","35.20","35.20","34.94","2.23M","-1.04%"
"08/19/2022","35.53","35.67","35.74","35.44","2.20M","-1.25%"
"08/18/2022","35.98","36.00","36.10","35.89","1.35M","0.28%"
"08/17/2022","35.88","35.90","36.12","35.73","2.25M","-1.05%"
"08/16/2022","36.26","35.97","36.28","35.83","2.66M","1.14%"
"08/15/2022","35.85","35.69","35.94","35.55","3.51M","-1.08%"
"08/12/2022","36.24","35.97","36.25","35.89","890.71K","0.98%"
"08/11/2022","35.89","35.96","36.20","35.82","2.23M","0.56%"
"08/10/2022","35.69","35.20","35.76","35.19","3.23M","2.50%"
"08/09/2022","34.82","35.00","35.08","34.71","1.55M","-0.68%"
"08/08/2022","35.06","35.05","35.26","35.01","2.21M","0.86%"
"08/05/2022","34.76","34.47","34.79","34.41","2.40M","-0.52%"
"08/04/2022","34.94","34.92","35.05","34.85","1.32M","-0.09%"
"08/03/2022","34.97","34.96","35.04","34.74","1.60M","0.60%"
"08/02/2022","34.76","34.85","35.19","34.67","2.58M","-0.57%"
"08/01/2022","34.96","35.06","35.21","34.80","4.16M","-0.99%"
"07/29/2022","35.31","34.88","35.36","34.88","3.52M","1.29%"
"07/28/2022","34.86","34.63","34.89","34.22","2.50M","0.90%"
"07/27/2022","34.55","34.08","34.66","33.97","4.74M","2.31%"
"07/26/2022","33.77","34.04","34.12","33.68","1.99M","-1.23%"
"07/25/2022","34.19","33.94","34.19","33.85","3.23M","1.36%"
"07/22/2022","33.73","34.06","34.24","33.58","1.94M","-0.68%"
"07/21/2022","33.96","33.75","33.98","33.47","2.41M","0.21%"
"07/20/2022","33.89","33.66","33.96","33.52","3.78M","0.39%"
"07/19/2022","33.76","33.26","33.77","33.18","3.34M","2.65%"
"07/18/2022","32.89","32.78","33.26","32.78","3.19M","1.54%"
"07/15/2022","32.39","32.41","32.54","32.14","3.98M","1.06%"
"07/14/2022","32.05","32.19","32.27","31.66","5.55M","-2.91%"
"07/13/2022","33.01","32.70","33.14","32.49","7.78M","0.03%"
"07/12/2022","33.00","33.01","33.29","32.84","5.55M","-0.81%"
"07/11/2022","33.27","33.43","33.48","33.20","3.87M","-1.42%"
"07/08/2022","33.75","33.70","33.93","33.45","2.50M","-0.03%"
"07/07/2022","33.76","33.34","33.81","33.33","8.05M","2.24%"
"07/06/2022","33.02","33.26","33.34","32.62","5.77M","-0.54%"
"07/05/2022","33.20","33.32","33.41","32.56","10.92M","-2.47%"
"07/01/2022","34.04","33.63","34.12","33.30","6.85M","1.07%"
"06/30/2022","33.68","33.61","33.76","33.20","5.82M","-0.91%"
"06/29/2022","33.99","34.55","34.55","33.93","3.86M","-0.87%"
"06/28/2022","34.29","34.55","34.88","34.19","4.52M","-0.15%"
"06/27/2022","34.34","33.95","34.42","33.89","4.91M","1.21%"
"06/24/2022","33.93","33.35","33.94","33.31","7.08M","2.63%"
"06/23/2022","33.06","33.82","33.84","32.94","9.46M","-1.93%"
"06/22/2022","33.71","33.71","34.05","33.44","5.59M","-1.52%"
"06/21/2022","34.23","34.09","34.46","34.09","4.84M","2.76%"
"06/17/2022","33.31","33.57","33.76","32.96","5.51M","-1.13%"
"06/16/2022","33.69","34.14","34.26","33.58","7.37M","-3.44%"
"06/15/2022","34.89","34.93","35.19","34.17","7.74M","0.90%"
"06/14/2022","34.58","35.06","35.19","34.35","5.97M","-1.20%"
"06/13/2022","35.00","35.41","35.47","34.81","11.79M","-3.39%"
"06/10/2022","36.23","36.52","36.62","36.04","10.59M","-2.13%"
"06/09/2022","37.02","37.60","37.70","37.02","5.20M","-2.89%"
"06/08/2022","38.12","38.31","38.46","37.94","9.59M","-0.94%"
"06/07/2022","38.48","37.85","38.48","37.84","2.63M","0.84%"
"06/06/2022","38.16","38.40","38.46","38.09","2.23M","0.37%"
"06/03/2022","38.02","38.31","38.40","37.96","3.65M","-1.45%"
"06/02/2022","38.58","37.68","38.60","37.68","5.07M","2.20%"
"06/01/2022","37.75","38.06","38.17","37.51","3.35M","-0.21%"
"05/31/2022","37.83","37.93","38.15","37.73","6.42M","0.56%"
"05/27/2022","37.62","37.29","37.67","37.22","6.02M","1.59%"
"05/26/2022","37.03","36.65","37.18","36.64","3.99M","1.04%"
"05/25/2022","36.65","36.27","36.78","36.27","6.47M","0.49%"
"05/24/2022","36.47","36.52","36.59","36.07","8.77M","-1.00%"
"05/23/2022","36.84","36.59","37.03","36.35","6.88M","1.74%"
"05/20/2022","36.21","36.63","36.69","35.70","7.64M","-0.30%"
"05/19/2022","36.32","35.77","36.63","35.74","8.27M","1.14%"
"05/18/2022","35.91","36.62","36.65","35.81","9.28M","-2.52%"
"05/17/2022","36.84","36.58","36.85","36.42","6.77M","1.66%"
"05/16/2022","36.24","35.81","36.41","35.74","6.73M","0.95%"
"05/13/2022","35.90","35.03","36.04","35.03","8.58M","2.92%"
"05/12/2022","34.88","34.81","35.14","34.40","17.43M","-0.88%"
"05/11/2022","35.19","35.35","35.98","35.07","13.17M","0.09%"
"05/10/2022","35.16","35.89","36.00","34.86","14.86M","-0.65%"
"05/09/2022","35.39","36.32","36.37","35.33","12.64M","-3.88%"
"05/06/2022","36.82","36.97","37.06","36.43","11.72M","-0.67%"
"05/05/2022","37.07","38.05","38.05","36.79","14.83M","-3.19%"
"05/04/2022","38.29","37.57","38.30","37.25","13.72M","2.22%"
"05/03/2022","37.46","37.05","37.69","37.05","9.33M","1.35%"
"05/02/2022","36.96","36.85","37.02","36.41","11.17M","-0.24%"
"04/29/2022","37.05","37.88","38.13","37.02","10.97M","-2.19%"
"04/28/2022","37.88","37.25","38.02","37.14","7.91M","2.13%"
"04/27/2022","37.09","37.00","37.35","36.77","6.89M","0.22%"
"04/26/2022","37.01","37.54","37.63","37.01","9.28M","-2.19%"
"04/25/2022","37.84","37.65","38.00","37.10","9.94M","-0.89%"
"04/22/2022","38.18","39.06","39.09","38.15","9.33M","-3.22%"
"04/21/2022","39.45","40.55","40.58","39.37","7.03M","-2.21%"
"04/20/2022","40.34","40.33","40.48","40.17","4.99M","0.80%"
"04/19/2022","40.02","39.61","40.05","39.57","4.30M","0.78%"
"04/18/2022","39.71","39.67","39.92","39.62","4.31M","0.08%"
"04/14/2022","39.68","39.81","39.92","39.62","2.88M","-0.33%"
"04/13/2022","39.81","39.38","39.90","39.37","5.92M","1.04%"
"04/12/2022","39.40","39.75","39.92","39.34","4.80M","-0.43%"
"04/11/2022","39.57","39.80","39.80","39.47","3.12M","-0.80%"
"04/08/2022","39.89","39.76","40.01","39.66","3.95M","0.25%"
"04/07/2022","39.79","39.82","39.90","39.36","4.31M","-0.28%"
"04/06/2022","39.90","40.26","40.31","39.72","5.46M","-1.07%"
"04/05/2022","40.33","40.74","41.12","40.26","8.78M","-0.71%"
"04/04/2022","40.62","40.46","40.63","40.28","6.00M","0.99%"
"04/01/2022","40.22","40.40","40.47","39.95","4.93M","0.02%"
"03/31/2022","40.21","40.47","40.78","40.21","7.41M","-1.11%"
"03/30/2022","40.66","40.72","40.85","40.53","14.44M","0.17%"
"03/29/2022","40.59","40.49","40.68","40.25","9.83M","0.54%"
"03/28/2022","40.37","40.46","40.46","40.03","4.14M","-0.54%"
"03/25/2022","40.59","40.24","40.59","40.20","5.83M","1.00%"
"03/24/2022","40.19","40.21","40.35","40.02","7.30M","0.32%"
"03/23/2022","40.06","40.28","40.45","40.06","6.91M","-0.79%"
"03/22/2022","40.38","40.31","40.51","40.21","7.38M","0.42%"
"03/21/2022","40.21","39.95","40.23","39.88","5.06M","1.08%"
"03/18/2022","39.78","39.39","39.87","39.37","5.87M","0.38%"
"03/17/2022","39.63","38.96","39.64","38.90","8.64M","2.01%"
"03/16/2022","38.85","38.38","38.92","38.07","6.82M","1.97%"
"03/15/2022","38.10","37.72","38.11","37.51","6.70M","0.47%"
"03/14/2022","37.92","38.42","38.51","37.79","11.53M","-1.56%"
"03/11/2022","38.52","38.82","39.00","38.51","5.30M","-0.52%"
"03/10/2022","38.72","38.20","38.76","38.20","6.66M","0.70%"
"03/09/2022","38.45","38.12","38.52","37.92","7.57M","2.02%"
"03/08/2022","37.69","38.17","38.28","37.67","12.68M","-0.97%"
"03/07/2022","38.06","38.62","38.76","38.06","9.72M","-1.25%"
"03/04/2022","38.54","37.70","38.56","37.70","11.26M","0.26%"
"03/03/2022","38.44","38.56","38.78","38.32","6.59M","-0.36%"
"03/02/2022","38.58","38.11","38.62","38.04","11.70M","2.33%"
"03/01/2022","37.70","38.24","38.41","37.59","9.77M","-1.36%"
"02/28/2022","38.22","37.67","38.29","37.67","10.05M","0.18%"
"02/25/2022","38.15","37.35","38.15","37.27","12.13M","2.83%"
"02/24/2022","37.10","36.35","37.21","36.32","14.66M","-0.48%"
"02/23/2022","37.28","37.88","37.93","37.25","6.67M","-0.69%"
"02/22/2022","37.54","37.67","37.94","37.19","10.22M","-0.56%"
"02/18/2022","37.75","38.26","38.29","37.74","7.13M","-1.20%"
"02/17/2022","38.21","38.55","38.67","38.19","5.10M","-1.32%"
"02/16/2022","38.72","38.70","38.86","38.58","5.02M","-0.33%"
"02/15/2022","38.85","38.68","38.85","38.47","4.38M","0.88%"
"02/14/2022","38.51","38.70","38.75","38.35","6.86M","-0.85%"
"02/11/2022","38.84","38.94","39.29","38.63","11.87M","-0.21%"
"02/10/2022","38.92","38.89","39.62","38.83","6.29M","-0.92%"
"02/09/2022","39.28","39.07","39.31","39.06","6.25M","1.34%"
"02/08/2022","38.76","38.44","38.78","38.37","4.28M","0.52%"
"02/07/2022","38.56","38.43","38.71","38.33","4.33M","0.44%"
"02/04/2022","38.39","38.11","38.52","38.05","4.43M","0.55%"
"02/03/2022","38.18","38.33","38.53","38.18","6.30M","-1.70%"
"02/02/2022","38.84","38.79","38.91","38.56","6.25M","0.41%"
"02/01/2022","38.68","38.20","38.68","38.06","7.89M","1.28%"
"01/31/2022","38.19","37.26","38.19","37.26","8.77M","2.33%"
"01/28/2022","37.32","36.97","37.33","36.69","7.06M","0.76%"
"01/27/2022","37.04","37.76","37.90","37.00","7.45M","-0.78%"
"01/26/2022","37.33","37.93","38.17","37.13","10.68M","-0.64%"
"01/25/2022","37.57","37.03","37.85","36.51","11.80M","0.54%"
"01/24/2022","37.37","36.96","37.46","36.03","14.89M","-0.61%"
"01/21/2022","37.60","38.54","38.56","37.49","14.19M","-2.62%"
"01/20/2022","38.61","39.11","39.40","38.61","5.62M","-0.87%"
"01/19/2022","38.95","39.19","39.33","38.86","7.07M","-0.26%"
"01/18/2022","39.05","39.21","39.29","38.80","18.75M","-0.20%"
"01/14/2022","39.13","38.90","39.16","38.69","4.16M","0.26%"
"01/13/2022","39.03","39.47","39.60","39.02","5.98M","-0.84%"
"01/12/2022","39.36","39.13","39.36","39.06","7.92M","1.29%"
"01/11/2022","38.86","38.24","38.88","38.10","5.26M","1.81%"
"01/10/2022","38.17","38.03","38.22","37.63","7.12M","-0.37%"
"01/07/2022","38.31","38.00","38.34","37.89","4.37M","0.79%"
"01/06/2022","38.01","37.67","38.14","37.55","11.41M","0.77%"
"01/05/2022","37.72","38.28","38.42","37.71","8.08M","-1.23%"
"01/04/2022","38.19","38.75","38.75","38.19","6.49M","-0.99%"
"01/03/2022","38.57","38.50","38.65","38.31","5.07M","0.36%"
"12/31/2021","38.43","38.27","38.49","38.25","2.31M","0.47%"
"12/30/2021","38.25","38.19","38.40","38.19","4.07M","0.31%"
"12/29/2021","38.13","38.18","38.33","38.05","4.39M","-0.29%"
"12/28/2021","38.24","38.33","38.48","38.17","4.23M","-0.18%"
"12/27/2021","38.31","37.99","38.31","37.92","3.33M","0.95%"
"12/23/2021","37.95","37.61","37.97","37.61","2.32M","0.96%"
"12/22/2021","37.59","37.05","37.59","37.03","3.29M","1.32%"
"12/21/2021","37.10","36.62","37.10","36.55","5.48M","2.29%"
"12/20/2021","36.27","36.46","36.46","36.01","8.23M","-1.41%"
"12/17/2021","36.79","36.94","37.24","36.72","3.67M","-1.08%"
"12/16/2021","37.19","37.35","37.58","37.04","3.79M","0.32%"
"12/15/2021","37.07","36.71","37.12","36.41","4.91M","0.90%"
"12/14/2021","36.74","36.73","37.09","36.69","3.86M","-0.51%"
"12/13/2021","36.93","37.34","37.39","36.92","5.21M","-2.89%"
"12/10/2021","38.03","38.25","38.34","37.91","2.32M","-0.11%"
"12/09/2021","38.07","38.33","38.37","38.07","3.33M","-1.09%"
"12/08/2021","38.49","38.76","38.76","38.47","3.91M","-0.67%"
"12/07/2021","38.75","38.39","38.83","38.39","4.21M","2.35%"
"12/06/2021","37.86","37.52","37.91","37.23","5.78M","1.88%"
"12/03/2021","37.16","37.85","37.85","36.94","4.69M","-0.96%"
"12/02/2021","37.52","37.02","37.65","36.98","7.53M","1.79%"
"12/01/2021","36.86","37.99","38.06","36.86","14.50M","-1.39%"
"11/30/2021","37.38","38.08","38.19","37.29","8.00M","-2.33%"
"11/29/2021","38.27","38.55","38.57","37.99","3.35M","0.21%"
"11/26/2021","38.19","38.56","38.56","38.09","5.37M","-2.85%"
"11/24/2021","39.31","38.84","39.32","38.79","1.99M","0.51%"
"11/23/2021","39.11","38.75","39.11","38.75","1.82M","0.67%"
"11/22/2021","38.85","39.23","39.29","38.85","2.25M","-1.02%"
"11/19/2021","39.25","39.45","39.52","39.24","1.85M","-0.96%"
"11/18/2021","39.63","39.60","39.65","39.33","3.23M","0.25%"
"11/17/2021","39.53","39.81","39.86","39.50","3.41M","-0.73%"
"11/16/2021","39.82","39.90","40.04","39.81","1.13M","-0.20%"
"11/15/2021","39.90","40.02","40.07","39.85","2.43M","-0.25%"
"11/12/2021","40.00","39.53","40.00","39.45","3.14M","1.37%"
"11/11/2021","39.46","39.51","39.55","39.41","2.87M","-0.05%"
"11/10/2021","39.48","39.94","40.04","39.42","6.07M","-0.95%"
"11/09/2021","39.86","39.85","39.91","39.53","4.34M","0.00%"
"11/08/2021","39.86","39.84","39.89","39.77","2.76M","0.50%"
"11/05/2021","39.66","39.66","39.72","39.56","1.83M","0.53%"
"11/04/2021","39.45","39.58","39.59","39.27","3.29M","-0.40%"
"11/03/2021","39.61","39.24","39.62","39.18","1.93M","0.71%"
"11/02/2021","39.33","39.56","39.57","39.31","3.60M","-0.78%"
"11/01/2021","39.64","39.27","39.65","39.27","3.48M","1.17%"
"10/29/2021","39.18","39.34","39.37","39.17","3.43M","-1.06%"
"10/28/2021","39.60","39.12","39.60","39.10","3.15M","1.54%"
"10/27/2021","39.00","39.25","39.37","39.00","4.23M","-0.81%"
"10/26/2021","39.32","39.71","39.71","39.32","2.84M","-0.76%"
"10/25/2021","39.62","39.55","39.67","39.45","4.15M","0.15%"
"10/22/2021","39.56","39.59","39.74","39.31","2.96M","0.15%"
"10/21/2021","39.50","39.54","39.69","39.45","3.43M","-0.38%"
"10/20/2021","39.65","39.36","39.69","39.36","3.49M","0.81%"
"10/19/2021","39.33","39.22","39.34","39.16","2.05M","0.72%"
"10/18/2021","39.05","38.82","39.08","38.80","3.16M","0.15%"
"10/15/2021","38.99","38.86","39.00","38.78","3.19M","0.72%"
"10/14/2021","38.71","38.55","38.76","38.52","4.97M","1.44%"
"10/13/2021","38.16","37.77","38.16","37.68","3.76M","1.09%"
"10/12/2021","37.75","37.65","37.85","37.56","5.98M","0.37%"
"10/11/2021","37.61","37.70","38.05","37.61","2.90M","-0.27%"
"10/08/2021","37.71","37.58","37.80","37.54","4.82M","0.69%"
"10/07/2021","37.45","37.10","37.50","37.10","3.68M","1.57%"
"10/06/2021","36.87","36.55","36.89","36.40","3.91M","-0.08%"
"10/05/2021","36.90","36.77","37.03","36.64","2.52M","0.68%"
"10/04/2021","36.65","36.64","36.87","36.46","2.85M","0.05%"
"10/01/2021","36.63","36.35","36.72","36.15","3.36M","0.91%"
"09/30/2021","36.30","36.46","36.67","36.24","4.71M","-0.03%"
"09/29/2021","36.31","36.55","36.61","36.27","2.41M","-0.52%"
"09/28/2021","36.50","36.90","36.90","36.37","4.73M","-1.88%"
"09/27/2021","37.20","36.98","37.25","36.96","2.05M","0.81%"
"09/24/2021","36.90","36.82","36.95","36.76","1.67M","-0.46%"
"09/23/2021","37.07","36.87","37.16","36.87","1.65M","1.26%"
"09/22/2021","36.61","36.45","36.91","36.43","5.07M","1.24%"
"09/21/2021","36.16","36.29","36.42","36.01","2.92M","0.42%"
"09/20/2021","36.01","36.16","36.19","35.62","4.48M","-2.04%"
"09/17/2021","36.76","37.19","37.19","36.72","3.95M","-1.29%"
"09/16/2021","37.24","37.39","37.41","37.09","9.17M","-0.88%"
"09/15/2021","37.57","37.18","37.57","37.17","2.64M","1.35%"
"09/14/2021","37.07","37.51","37.53","37.03","1.79M","-0.78%"
"09/13/2021","37.36","37.61","37.61","37.25","3.04M","0.32%"
"09/10/2021","37.24","37.69","37.77","37.24","1.40M","-0.69%"
"09/09/2021","37.50","37.40","37.65","37.40","1.62M","0.21%"
"09/08/2021","37.42","37.65","37.77","37.40","1.71M","-0.64%"
"09/07/2021","37.66","38.01","38.07","37.66","1.37M","-1.15%"
"09/03/2021","38.10","37.97","38.19","37.91","1.40M","0.21%"
"09/02/2021","38.02","37.68","38.02","37.68","1.58M","1.17%"
"09/01/2021","37.58","37.51","37.69","37.51","1.95M","0.64%"
"08/31/2021","37.34","37.45","37.60","37.34","2.84M","-0.43%"
"08/30/2021","37.50","37.60","37.61","37.45","1.23M","-0.16%"
"08/27/2021","37.56","37.11","37.58","37.11","1.83M","1.32%"
"08/26/2021","37.07","37.49","37.49","37.07","2.90M","-1.25%"
"08/25/2021","37.54","37.43","37.59","37.38","2.29M","0.13%"
"08/24/2021","37.49","37.26","37.55","37.26","1.75M","0.73%"
"08/23/2021","37.22","36.82","37.22","36.82","1.67M","2.03%"
"08/20/2021","36.48","36.07","36.50","36.01","1.41M","0.75%"
"08/19/2021","36.21","36.36","36.43","36.09","3.19M","-1.84%"
"08/18/2021","36.89","37.02","37.16","36.88","1.34M","-0.57%"
"08/17/2021","37.10","37.17","37.23","36.85","2.31M","-1.04%"
"08/16/2021","37.49","37.43","37.49","37.33","2.22M","-0.58%"
"08/13/2021","37.71","37.76","37.79","37.63","998.74K","-0.05%"
"08/12/2021","37.73","37.77","37.77","37.52","1.77M","-0.21%"
"08/11/2021","37.81","37.74","37.84","37.68","3.20M","0.51%"
"08/10/2021","37.62","37.42","37.66","37.39","12.69M","0.67%"
"08/09/2021","37.37","37.49","37.49","37.24","1.47M","-0.32%"
"08/08/2021","37.49","37.49","37.49","37.49","","0.00%"
"08/07/2021","37.49","37.49","37.49","37.49","","0.00%"
"08/06/2021","37.49","37.42","37.53","37.35","1.31M","0.16%"
"08/05/2021","37.43","37.37","37.55","37.34","1.30M","0.65%"
"08/04/2021","37.19","37.24","37.37","37.17","1.37M","-0.21%"
"08/03/2021","37.27","37.23","37.30","36.96","2.57M","0.05%"
"08/02/2021","37.25","37.48","37.58","37.18","3.70M","-0.21%"
"07/30/2021","37.33","37.27","37.48","37.10","2.29M","-0.29%"
"07/29/2021","37.44","37.29","37.56","37.27","1.60M","1.03%"
"07/28/2021","37.06","36.85","37.07","36.68","1.95M","0.71%"
"07/27/2021","36.80","36.77","36.84","36.61","2.65M","-0.33%"
"07/26/2021","36.92","36.90","36.99","36.82","2.17M","-0.03%"
"07/23/2021","36.93","36.88","36.93","36.72","1.70M","0.60%"
"07/22/2021","36.71","36.79","36.79","36.55","1.53M","-0.11%"
"07/21/2021","36.75","36.30","36.75","36.29","2.49M","1.89%"
"07/20/2021","36.07","35.52","36.14","35.39","5.11M","1.61%"
"07/19/2021","35.50","35.77","35.80","35.22","5.45M","-2.28%"
"07/16/2021","36.33","36.83","36.84","36.31","1.63M","-1.17%"
"07/15/2021","36.76","36.68","36.92","36.61","2.08M","-0.43%"
"07/14/2021","36.92","37.36","37.39","36.87","2.25M","-0.57%"
"07/13/2021","37.13","37.14","37.24","37.04","2.41M","-0.32%"
"07/12/2021","37.25","37.13","37.33","37.10","1.71M","-0.03%"
"07/09/2021","37.26","36.93","37.31","36.91","4.15M","1.58%"
"07/08/2021","36.68","36.63","36.78","36.49","2.89M","-1.42%"
"07/07/2021","37.21","37.43","37.58","37.16","16.81M","-0.35%"
"07/06/2021","37.34","37.63","37.63","37.05","3.51M","-0.77%"
"07/05/2021","37.63","37.63","37.63","37.63","","0.00%"
"07/04/2021","37.63","37.63","37.63","37.63","","0.00%"
"07/03/2021","37.63","37.63","37.63","37.63","","0.00%"
"07/02/2021","37.63","37.65","37.71","37.39","2.35M","0.00%"
"07/01/2021","37.63","37.41","37.63","37.37","3.75M","0.97%"
"06/30/2021","37.27","37.23","37.40","37.17","2.75M","-0.13%"
"06/29/2021","37.32","37.44","37.47","37.27","1.68M","-0.27%"
"06/28/2021","37.42","37.59","37.62","37.33","2.14M","-0.74%"
"06/25/2021","37.70","37.70","37.72","37.58","895.54K","0.32%"
"06/24/2021","37.58","37.73","37.73","37.52","1.21M","0.16%"
"06/23/2021","37.52","37.64","37.76","37.51","1.51M","-0.19%"
"06/22/2021","37.59","37.34","37.68","37.23","2.47M","0.56%"
"06/21/2021","37.38","37.10","37.51","37.00","1.97M","1.38%"
"06/18/2021","36.87","36.96","37.13","36.83","7.73M","-1.29%"
"06/17/2021","37.35","37.62","37.73","37.20","5.92M","-1.09%"
"06/16/2021","37.76","37.99","38.13","37.69","2.88M","-0.68%"
"06/15/2021","38.02","37.91","38.05","37.90","3.44M","0.08%"
"06/14/2021","37.99","37.85","37.99","37.80","1.43M","0.45%"
"06/11/2021","37.82","37.91","37.97","37.77","1.61M","-0.13%"
"06/10/2021","37.87","37.86","37.97","37.70","1.69M","-0.34%"
"06/09/2021","38.00","38.18","38.21","37.97","1.34M","-0.45%"
"06/08/2021","38.17","38.20","38.25","38.06","2.07M","-0.13%"
"06/07/2021","38.22","38.21","38.27","38.10","1.49M","0.03%"
"06/04/2021","38.21","38.20","38.23","38.05","1.09M","0.66%"
"06/03/2021","37.96","37.92","38.09","37.85","1.75M","-0.68%"
"06/02/2021","38.22","38.24","38.24","38.09","3.24M","0.24%"
"06/01/2021","38.13","38.22","38.34","38.09","2.69M","0.69%"
"05/28/2021","37.87","37.81","37.98","37.80","1.87M","0.16%"
"05/27/2021","37.81","37.69","37.90","37.69","3.29M","0.75%"
"05/26/2021","37.53","37.33","37.59","37.32","2.27M","0.54%"
"05/25/2021","37.33","37.58","37.64","37.30","1.89M","-0.67%"
"05/24/2021","37.58","37.52","37.66","37.34","2.15M","0.78%"
"05/21/2021","37.29","37.50","37.52","37.16","2.58M","-0.13%"
"05/20/2021","37.34","36.99","37.42","36.97","4.46M","1.19%"
"05/19/2021","36.90","36.79","37.06","36.50","5.01M","-0.94%"
"05/18/2021","37.25","37.22","37.37","37.05","2.49M","0.16%"
"05/17/2021","37.19","36.73","37.21","36.73","1.98M","0.95%"
"05/14/2021","36.84","36.58","36.91","36.58","3.77M","1.52%"
"05/13/2021","36.29","36.18","36.50","36.03","4.01M","0.19%"
"05/12/2021","36.22","36.50","36.70","36.19","2.80M","-1.01%"
"05/11/2021","36.59","36.32","36.67","36.18","6.20M","-0.60%"
"05/10/2021","36.81","36.99","37.09","36.78","4.24M","0.00%"
"05/07/2021","36.81","36.44","36.82","36.33","1.33M","1.15%"
"05/06/2021","36.39","36.17","36.39","35.97","1.78M","0.86%"
"05/05/2021","36.08","35.98","36.15","35.87","1.72M","0.92%"
"05/04/2021","35.75","35.63","35.81","35.40","1.78M","-0.17%"
"05/03/2021","35.81","35.84","35.97","35.80","1.37M","0.56%"
"04/30/2021","35.61","35.77","35.87","35.57","2.09M","-1.08%"
"04/29/2021","36.00","36.21","36.26","35.79","5.04M","-0.08%"
"04/28/2021","36.03","35.51","36.10","35.51","3.64M","1.69%"
"04/27/2021","35.43","35.34","35.53","35.27","1.59M","0.11%"
"04/26/2021","35.39","35.12","35.42","35.12","1.65M","1.03%"
"04/23/2021","35.03","34.90","35.10","34.84","8.50M","0.60%"
"04/22/2021","34.82","34.97","35.01","34.72","2.99M","-0.66%"
"04/21/2021","35.05","34.44","35.07","34.42","3.71M","1.65%"
"04/20/2021","34.48","34.90","34.95","34.38","2.27M","-1.82%"
"04/19/2021","35.12","35.42","35.48","35.01","2.81M","-0.73%"
"04/16/2021","35.38","35.43","35.48","35.29","1.99M","0.23%"
"04/15/2021","35.30","35.29","35.32","35.16","7.38M","0.63%"
"04/14/2021","35.08","35.03","35.26","35.01","2.58M","0.00%"
"04/13/2021","35.08","35.10","35.10","34.96","2.43M","0.37%"
"04/12/2021","34.95","34.96","35.11","34.91","1.82M","-0.34%"
"04/09/2021","35.07","34.95","35.09","34.85","2.75M","0.31%"
"04/08/2021","34.96","34.79","34.96","34.63","3.19M","0.75%"
"04/07/2021","34.70","34.70","34.76","34.61","2.98M","0.00%"
"04/06/2021","34.70","34.76","34.90","34.68","1.87M","-0.20%"
"04/05/2021","34.77","34.78","34.87","34.72","2.66M","0.38%"
"04/01/2021","34.64","34.30","34.64","34.20","3.27M","1.73%"
"03/31/2021","34.05","33.99","34.20","33.96","5.49M","0.38%"
"03/30/2021","33.92","33.88","34.00","33.75","3.15M","-0.41%"
"03/29/2021","34.06","34.00","34.13","33.76","2.92M","-0.18%"
"03/26/2021","34.12","34.01","34.14","33.73","3.88M","0.98%"
"03/25/2021","33.79","33.69","33.86","33.45","3.64M","-0.21%"
"03/24/2021","33.86","34.01","34.24","33.85","3.95M","0.00%"
"03/23/2021","33.86","34.07","34.20","33.83","7.02M","-1.11%"
"03/22/2021","34.24","34.44","34.50","34.20","5.20M","-0.47%"
"03/19/2021","34.40","34.35","34.53","34.12","4.36M","0.03%"
"03/18/2021","34.39","34.75","34.91","34.34","5.79M","-1.57%"
"03/17/2021","34.94","34.47","35.03","34.42","3.72M","0.84%"
"03/16/2021","34.65","34.70","34.76","34.51","2.77M","-0.14%"
"03/15/2021","34.70","34.53","34.71","34.28","3.71M","0.64%"
"03/12/2021","34.48","34.10","34.49","34.09","1.89M","0.55%"
"03/11/2021","34.29","33.96","34.33","33.96","3.36M","1.63%"
"03/10/2021","33.74","33.72","33.88","33.50","3.51M","0.72%"
"03/09/2021","33.50","33.60","33.75","33.49","3.78M","0.87%"
"03/08/2021","33.21","33.12","33.53","33.04","4.77M","0.33%"
"03/05/2021","33.10","32.92","33.18","32.38","10.59M","1.44%"
"03/04/2021","32.63","33.00","33.16","32.24","8.17M","-1.06%"
"03/03/2021","32.98","33.18","33.24","32.85","8.01M","-0.78%"
"03/02/2021","33.24","32.95","33.32","32.93","3.38M","1.06%"
"03/01/2021","32.89","32.68","33.01","32.65","3.83M","2.24%"
"02/26/2021","32.17","32.82","32.82","32.14","5.12M","-2.10%"
"02/25/2021","32.86","33.61","33.74","32.77","3.04M","-2.11%"
"02/24/2021","33.57","33.00","33.67","32.91","12.41M","1.54%"
"02/23/2021","33.06","32.97","33.20","32.36","3.85M","-0.18%"
"02/22/2021","33.12","32.94","33.25","32.85","2.09M","0.24%"
"02/19/2021","33.04","32.84","33.07","32.80","1.87M","1.04%"
"02/18/2021","32.70","32.63","32.76","32.44","2.23M","-0.27%"
"02/17/2021","32.79","32.76","32.82","32.47","2.87M","-0.73%"
"02/16/2021","33.03","33.01","33.20","32.91","1.92M","0.46%"
"02/12/2021","32.88","32.64","32.91","32.59","1.79M","0.27%"
"02/11/2021","32.79","32.98","32.99","32.62","2.42M","0.09%"
"02/10/2021","32.76","32.82","32.94","32.50","1.68M","0.24%"
"02/09/2021","32.68","32.46","32.70","32.37","1.67M","0.68%"
"02/08/2021","32.46","32.20","32.46","32.20","1.49M","1.31%"
"02/05/2021","32.04","31.91","32.07","31.87","1.22M","1.01%"
"02/04/2021","31.72","31.67","31.79","31.53","1.49M","0.38%"
"02/03/2021","31.60","31.58","31.71","31.36","1.91M","0.35%"
"02/02/2021","31.49","31.20","31.55","31.10","1.69M","1.78%"
"02/01/2021","30.94","30.92","31.06","30.72","3.28M","1.11%"
"01/29/2021","30.60","30.92","31.12","30.45","4.55M","-1.73%"
"01/28/2021","31.14","30.82","31.28","30.77","3.41M","1.17%"
"01/27/2021","30.78","31.22","31.24","30.70","3.34M","-2.66%"
"01/26/2021","31.62","31.97","31.97","31.56","2.97M","-0.35%"
"01/25/2021","31.73","31.65","31.81","31.33","2.24M","0.28%"
"01/22/2021","31.64","31.74","31.81","31.56","5.03M","-1.31%"
"01/21/2021","32.06","32.26","32.32","31.94","1.30M","-0.40%"
"01/20/2021","32.19","32.05","32.20","31.98","1.49M","0.91%"
"01/19/2021","31.90","31.94","32.05","31.77","1.52M","0.22%"
"01/15/2021","31.83","31.94","31.99","31.60","1.40M","-1.06%"
"01/14/2021","32.17","32.06","32.30","32.01","2.44M","0.69%"
"01/13/2021","31.95","31.92","32.06","31.78","2.85M","-0.16%"
"01/12/2021","32.00","31.78","32.04","31.70","1.92M","0.69%"
"01/11/2021","31.78","31.68","31.89","31.61","1.56M","-1.03%"
"01/08/2021","32.11","32.24","32.26","31.83","2.26M","-0.12%"
"01/07/2021","32.15","31.76","32.19","31.76","2.57M","1.07%"
"01/06/2021","31.81","31.41","31.95","31.41","9.40M","0.92%"
"01/05/2021","31.52","31.00","31.52","30.99","5.86M","1.87%"
"01/04/2021","30.94","31.27","31.31","30.68","3.93M","0.32%"
"12/31/2020","30.84","31.07","31.12","30.84","2.61M","-0.68%"
"12/30/2020","31.05","31.00","31.17","30.97","1.26M","0.39%"
"12/29/2020","30.93","31.11","31.24","30.84","1.66M","0.26%"
"12/28/2020","30.85","31.24","31.41","30.82","1.47M","-0.68%"
"12/24/2020","31.06","30.94","31.07","30.91","556.03K","0.45%"
"12/23/2020","30.92","30.91","31.02","30.86","1.79M","0.68%"
"12/22/2020","30.71","30.65","30.73","30.54","1.75M","-0.13%"
"12/21/2020","30.75","30.42","30.81","30.33","6.80M","-0.74%"
"12/18/2020","30.98","31.29","31.29","30.94","1.99M","-1.12%"
"12/17/2020","31.33","31.34","31.43","31.24","2.99M","0.67%"
"12/16/2020","31.12","31.11","31.17","30.92","4.43M","-0.06%"
"12/15/2020","31.14","30.97","31.17","30.90","1.46M","1.14%"
"12/14/2020","30.79","31.28","31.31","30.75","1.51M","-2.04%"
"12/11/2020","31.43","31.35","31.47","31.25","2.20M","-0.51%"
"12/10/2020","31.59","31.26","31.63","31.26","2.13M","0.77%"
"12/09/2020","31.35","31.53","31.55","31.14","2.02M","-0.25%"
"12/08/2020","31.43","31.24","31.48","31.24","1.37M","0.22%"
"12/07/2020","31.36","31.24","31.42","31.11","1.95M","0.06%"
"12/04/2020","31.34","30.96","31.34","30.96","1.28M","1.52%"
"12/03/2020","30.87","30.68","30.97","30.68","2.01M","0.68%"
"12/02/2020","30.66","30.41","30.66","30.32","2.93M","0.69%"
"12/01/2020","30.45","30.64","30.73","30.43","3.31M","0.56%"
"11/30/2020","30.28","30.52","30.55","30.12","3.23M","-0.72%"
"11/27/2020","30.50","30.47","30.52","30.44","881.83K","0.33%"
"11/25/2020","30.40","30.26","30.42","30.14","1.67M","0.23%"
"11/24/2020","30.33","29.96","30.39","29.96","1.75M","1.74%"
"11/23/2020","29.81","29.72","29.88","29.64","1.57M","0.64%"
"11/20/2020","29.62","29.49","29.67","29.46","1.38M","0.44%"
"11/19/2020","29.49","29.31","29.50","29.18","1.49M","0.41%"
"11/18/2020","29.37","29.44","29.62","29.37","1.81M","-0.27%"
"11/17/2020","29.45","29.14","29.47","29.08","1.26M","0.48%"
"11/16/2020","29.31","29.10","29.35","29.02","1.86M","1.81%"
"11/13/2020","28.79","28.82","28.92","28.76","2.03M","0.49%"
"11/12/2020","28.65","29.03","29.10","28.54","2.59M","-1.61%"
"11/11/2020","29.12","29.10","29.20","29.02","1.69M","0.69%"
"11/10/2020","28.92","28.70","29.07","28.69","3.15M","0.94%"
"11/09/2020","28.65","29.21","29.36","28.64","4.70M","1.56%"
"11/06/2020","28.21","28.30","28.34","28.14","2.21M","-0.04%"
"11/05/2020","28.22","28.15","28.33","28.09","2.45M","2.43%"
"11/04/2020","27.55","27.52","27.82","27.23","3.79M","0.51%"
"11/03/2020","27.41","27.17","27.51","27.11","2.24M","2.24%"
"11/02/2020","26.81","26.75","26.84","26.56","3.97M","1.28%"
"10/30/2020","26.47","26.53","26.59","26.17","3.74M","-0.56%"
"10/29/2020","26.62","26.44","26.75","26.23","2.99M","0.45%"
"10/28/2020","26.50","26.93","26.99","26.48","4.61M","-3.67%"
"10/27/2020","27.51","27.60","27.66","27.46","1.49M","-0.29%"
"10/26/2020","27.59","27.79","27.84","27.36","2.38M","-1.85%"
"10/23/2020","28.11","28.18","28.18","27.93","1.29M","0.32%"
"10/22/2020","28.02","27.95","28.07","27.76","2.74M","0.36%"
"10/21/2020","27.92","27.97","28.14","27.88","3.72M","-0.43%"
"10/20/2020","28.04","28.05","28.23","27.96","2.02M","0.36%"
"10/19/2020","27.94","28.32","28.36","27.89","2.14M","-0.92%"
"10/16/2020","28.20","28.34","28.40","28.19","1.40M","-0.25%"
"10/15/2020","28.27","27.81","28.30","27.81","2.15M","-0.28%"
"10/14/2020","28.35","28.51","28.61","28.30","1.81M","-0.28%"
"10/13/2020","28.43","28.56","28.59","28.35","2.17M","-0.87%"
"10/12/2020","28.68","28.78","28.80","28.62","2.42M","0.28%"
"10/09/2020","28.60","28.63","28.71","28.48","2.08M","0.49%"
"10/08/2020","28.46","28.27","28.47","28.25","5.52M","1.46%"
"10/07/2020","28.05","27.93","28.13","27.88","2.07M","1.48%"
"10/06/2020","27.64","28.08","28.13","27.58","3.12M","-1.53%"
"10/05/2020","28.07","27.79","28.07","27.71","1.89M","1.92%"
"10/04/2020","27.54","27.54","27.54","27.54","","0.00%"
"10/03/2020","27.54","27.54","27.54","27.54","","0.00%"
"10/02/2020","27.54","27.21","27.63","27.18","3.06M","-0.11%"
"10/01/2020","27.57","27.51","27.66","27.39","2.31M","0.58%"
"09/30/2020","27.41","27.49","27.66","27.36","4.39M","-0.07%"
"09/29/2020","27.43","27.52","27.52","27.25","3.15M","-0.51%"
"09/28/2020","27.57","27.58","27.65","27.46","2.00M","1.32%"
"09/27/2020","27.21","27.21","27.21","27.21","","0.00%"
"09/26/2020","27.21","27.21","27.21","27.21","","0.00%"
"09/25/2020","27.21","26.85","27.26","26.79","2.68M","0.52%"
"09/24/2020","27.07","26.75","27.23","26.62","5.65M","0.67%"
"09/23/2020","26.89","27.53","27.56","26.82","4.34M","-2.29%"
"09/22/2020","27.52","27.36","27.56","27.16","2.47M","1.14%"
"09/21/2020","27.21","27.32","27.32","26.77","2.46M","-1.80%"
"09/18/2020","27.71","27.89","27.98","27.67","1.71M","-0.82%"
"09/17/2020","27.94","27.58","27.94","27.55","2.27M","0.00%"
"09/16/2020","27.94","28.35","28.36","27.94","2.16M","-0.85%"
"09/15/2020","28.18","28.42","28.44","28.15","1.56M","0.14%"
"09/14/2020","28.14","28.11","28.20","28.05","1.27M","0.93%"
"09/13/2020","27.88","27.88","27.88","27.88","","0.00%"
"09/11/2020","27.88","27.99","28.09","27.73","3.26M","0.29%"
"09/10/2020","27.80","28.40","28.40","27.74","3.42M","-1.59%"
"09/09/2020","28.25","27.97","28.36","27.92","2.79M","2.39%"
"09/08/2020","27.59","27.74","27.87","27.42","5.49M","-2.20%"
"09/04/2020","28.21","28.51","28.61","27.80","4.35M","-0.77%"
"09/03/2020","28.43","28.89","28.99","28.29","5.48M","-1.97%"
"09/02/2020","29.00","29.09","29.11","28.87","5.49M","0.35%"
"09/01/2020","28.90","28.77","28.90","28.60","1.87M","0.66%"
"08/31/2020","28.71","28.97","28.97","28.69","2.10M","-0.76%"
"08/30/2020","28.93","28.93","28.93","28.93","","0.00%"
"08/28/2020","28.93","29.17","29.22","28.89","987.15K","-0.07%"
"08/27/2020","28.95","29.16","29.16","28.77","1.97M","-0.17%"
"08/26/2020","29.00","28.61","29.01","28.60","1.82M","1.36%"
"08/25/2020","28.61","28.61","28.65","28.41","987.38K","0.39%"
"08/24/2020","28.50","28.68","28.70","28.44","1.48M","0.28%"
"08/23/2020","28.42","28.42","28.42","28.42","","0.00%"
"08/22/2020","28.42","28.42","28.42","28.42","","0.00%"
"08/21/2020","28.42","28.41","28.43","28.23","5.73M","-0.39%"
"08/20/2020","28.53","28.22","28.60","28.22","1.40M","0.28%"
"08/19/2020","28.45","28.67","28.73","28.41","1.03M","-0.52%"
"08/18/2020","28.60","28.72","28.78","28.47","1.25M","-0.10%"
"08/17/2020","28.63","28.55","28.63","28.50","992.74K","1.31%"
"08/14/2020","28.26","28.18","28.30","28.08","1.12M","-0.21%"
"08/13/2020","28.32","28.32","28.46","28.20","1.61M","-0.25%"
"08/12/2020","28.39","28.48","28.59","28.34","3.05M","0.92%"
"08/11/2020","28.13","28.31","28.39","28.09","1.53M","-0.04%"
"08/10/2020","28.14","28.08","28.23","28.01","1.49M","0.68%"
"08/09/2020","27.95","27.95","27.95","27.95","","0.00%"
"08/08/2020","27.95","27.95","27.95","27.95","","0.00%"
"08/07/2020","27.95","28.00","28.04","27.83","1.97M","-0.89%"
"08/06/2020","28.20","28.13","28.34","28.00","1.41M","0.39%"
"08/05/2020","28.09","28.03","28.19","28.02","1.82M","1.15%"
"08/04/2020","27.77","27.44","27.79","27.36","2.53M","1.42%"
"08/03/2020","27.38","27.47","27.49","27.29","2.81M","0.26%"
"08/02/2020","27.31","27.31","27.31","27.31","","0.00%"
"07/31/2020","27.31","27.46","27.46","27.07","4.48M","-0.47%"
"07/30/2020","27.44","27.15","27.45","26.91","2.58M","-0.65%"
"07/29/2020","27.62","27.52","27.67","27.40","2.01M","1.36%"
"07/28/2020","27.25","27.27","27.36","27.16","1.78M","-0.40%"
"07/27/2020","27.36","27.16","27.38","27.03","1.57M","1.48%"
"07/26/2020","26.96","26.96","26.96","26.96","","0.00%"
"07/25/2020","26.96","26.96","26.96","26.96","","0.00%"
"07/24/2020","26.96","26.88","27.00","26.83","1.29M","-0.26%"
"07/23/2020","27.03","27.25","27.35","26.95","1.83M","-1.03%"
"07/22/2020","27.31","27.21","27.31","27.14","1.35M","0.48%"
"07/21/2020","27.18","27.37","27.47","27.16","2.15M","0.48%"
"07/20/2020","27.05","26.89","27.08","26.86","1.33M","0.63%"
"07/17/2020","26.88","26.81","26.91","26.69","1.51M","0.49%"
"07/16/2020","26.75","26.72","26.92","26.68","2.07M","-0.56%"
"07/15/2020","26.90","26.76","27.00","26.71","3.38M","1.43%"
"07/14/2020","26.52","25.94","26.52","25.91","4.06M","1.92%"
"07/13/2020","26.02","26.39","26.54","26.00","4.90M","-0.61%"
"07/12/2020","26.18","26.18","26.18","26.18","","0.00%"
"07/11/2020","26.18","26.18","26.18","26.18","","0.00%"
"07/10/2020","26.18","25.96","26.19","25.86","3.00M","1.08%"
"07/09/2020","25.90","26.24","26.25","25.64","3.37M","-1.03%"
"07/08/2020","26.17","26.00","26.25","25.93","2.00M","0.81%"
"07/07/2020","25.96","26.00","26.20","25.91","1.55M","-0.95%"
"07/06/2020","26.21","26.33","26.44","26.14","2.52M","0.61%"
"07/05/2020","26.05","26.05","26.05","26.05","","0.00%"
"07/04/2020","26.05","26.05","26.05","26.05","","0.00%"
"07/02/2020","26.05","26.25","26.45","26.04","3.25M","0.50%"
"07/01/2020","25.92","25.86","26.07","25.71","3.38M","0.15%"
"06/30/2020","25.88","25.41","25.98","25.36","3.65M","1.49%"
"06/29/2020","25.50","25.34","25.57","25.15","3.02M","1.43%"
"06/26/2020","25.14","25.52","25.61","25.09","3.58M","-2.03%"
"06/25/2020","25.66","25.32","25.66","25.19","3.45M","1.02%"
"06/24/2020","25.40","25.75","25.81","25.20","4.28M","-2.38%"
"06/23/2020","26.02","26.23","26.30","25.98","2.11M","0.23%"
"06/22/2020","25.96","25.82","26.00","25.74","2.59M","1.05%"
"06/19/2020","25.69","26.18","26.22","25.68","3.22M","-0.50%"
"06/18/2020","25.82","25.67","25.91","25.59","2.38M","0.19%"
"06/17/2020","25.77","26.11","26.11","25.72","1.70M","-0.73%"
"06/16/2020","25.96","26.33","26.33","25.68","4.45M","1.21%"
"06/15/2020","25.65","24.94","25.82","24.80","3.39M","-0.12%"
"06/12/2020","25.68","25.97","26.07","25.34","4.40M","1.74%"
"06/11/2020","25.24","26.07","26.11","25.18","5.13M","-5.75%"
"06/10/2020","26.78","27.08","27.14","26.64","2.53M","-0.85%"
"06/09/2020","27.01","26.80","27.14","26.77","2.09M","-0.99%"
"06/08/2020","27.28","27.21","27.30","26.99","1.81M","1.26%"
"06/07/2020","26.94","26.94","26.94","26.94","","0.00%"
"06/05/2020","26.94","26.83","27.09","26.80","3.47M","2.43%"
"06/04/2020","26.30","26.32","26.51","26.22","1.66M","-0.49%"
"06/03/2020","26.43","26.30","26.55","26.23","1.71M","1.23%"
"06/02/2020","26.11","25.86","26.11","25.81","4.46M","1.79%"
"06/01/2020","25.65","25.29","25.73","25.25","2.04M","2.03%"
"05/29/2020","25.14","25.36","25.36","24.92","3.30M","-0.95%"
"05/28/2020","25.38","25.65","25.66","25.33","2.36M","-0.20%"
"05/27/2020","25.43","25.31","25.45","24.80","2.92M","0.99%"
"05/26/2020","25.18","25.04","25.23","24.98","3.07M","3.24%"
"05/22/2020","24.39","24.33","24.41","24.13","1.87M","0.00%"
"05/21/2020","24.39","24.68","24.70","24.20","1.68M","-1.18%"
"05/20/2020","24.68","24.72","24.81","24.59","2.18M","1.15%"
"05/19/2020","24.40","24.66","24.67","24.34","3.53M","-0.85%"
"05/18/2020","24.61","24.30","24.70","24.30","3.52M","3.71%"
"05/15/2020","23.73","23.57","23.84","23.46","2.39M","0.34%"
"05/14/2020","23.65","23.29","23.69","22.97","4.84M","0.51%"
"05/13/2020","23.53","24.23","24.30","23.37","3.24M","-2.57%"
"05/12/2020","24.15","24.68","24.82","24.15","2.90M","-1.99%"
"05/11/2020","24.64","24.30","24.68","24.22","1.95M","0.33%"
"05/10/2020","24.56","24.56","24.56","24.56","","0.00%"
"05/09/2020","24.56","24.56","24.56","24.56","","0.00%"
"05/08/2020","24.56","24.48","24.64","24.34","1.60M","1.74%"
"05/07/2020","24.14","24.34","24.47","24.14","1.72M","0.84%"
"05/06/2020","23.94","24.21","24.21","23.87","2.05M","-0.79%"
"05/05/2020","24.13","24.24","24.41","24.03","1.60M","0.71%"
"05/04/2020","23.96","23.71","23.98","23.53","2.34M","0.93%"
"05/03/2020","23.74","23.74","23.74","23.74","","0.00%"
"05/02/2020","23.74","23.74","23.74","23.74","","0.00%"
"05/01/2020","23.74","23.73","23.82","23.57","2.58M","-2.22%"
"04/30/2020","24.28","24.86","24.91","24.23","2.46M","-3.31%"
"04/29/2020","25.11","24.73","25.17","24.64","2.31M","4.10%"
"04/28/2020","24.12","24.17","24.29","23.92","2.36M","1.34%"
"04/27/2020","23.80","23.58","23.84","23.39","2.74M","1.67%"
"04/24/2020","23.41","23.30","23.43","23.08","1.37M","1.30%"
"04/23/2020","23.11","23.24","23.49","23.10","1.73M","0.39%"
"04/22/2020","23.02","22.94","23.09","22.55","2.01M","2.36%"
"04/21/2020","22.49","22.68","23.08","22.39","2.61M","-3.23%"
"04/20/2020","23.24","22.88","23.61","22.81","3.01M","-0.60%"
"04/17/2020","23.38","22.85","23.44","22.85","2.14M","4.19%"
"04/16/2020","22.44","22.79","22.82","22.36","2.32M","-0.71%"
"04/15/2020","22.60","22.71","22.85","22.49","2.94M","-3.50%"
"04/14/2020","23.42","23.49","23.73","23.16","3.66M","0.95%"
"04/13/2020","23.20","23.24","23.29","22.74","2.25M","0.26%"
"04/09/2020","23.14","23.10","23.47","22.81","2.14M","1.76%"
"04/08/2020","22.74","22.53","22.82","22.18","2.09M","2.16%"
"04/07/2020","22.26","23.04","23.16","22.22","4.79M","0.72%"
"04/06/2020","22.10","21.60","22.18","21.53","3.59M","5.19%"
"04/03/2020","21.01","21.27","21.39","20.77","2.84M","-0.76%"
"04/02/2020","21.17","20.92","21.67","20.77","2.64M","1.83%"
"04/01/2020","20.79","21.08","21.28","20.68","3.96M","-4.85%"
"03/31/2020","21.85","21.17","22.06","21.05","2.98M","3.02%"
"03/30/2020","21.21","20.55","21.21","20.23","3.68M","2.66%"
"03/28/2020","20.66","20.66","20.66","20.66","","0.00%"
"03/27/2020","20.66","21.05","21.30","20.53","2.91M","-5.14%"
"03/26/2020","21.78","21.28","22.20","21.21","4.39M","3.32%"
"03/25/2020","21.08","20.16","22.13","19.98","6.55M","5.82%"
"03/24/2020","19.92","18.86","20.00","18.66","5.41M","12.86%"
"03/23/2020","17.65","18.72","18.83","17.59","4.39M","-5.92%"
"03/21/2020","18.76","18.76","18.76","18.76","","0.00%"
"03/20/2020","18.76","19.58","20.28","18.65","4.14M","-1.32%"
"03/19/2020","19.01","18.44","19.26","17.90","6.18M","2.09%"
"03/18/2020","18.62","18.62","19.64","17.69","8.39M","-4.81%"
"03/17/2020","19.56","20.15","21.03","19.56","6.73M","-1.91%"
"03/16/2020","19.94","19.87","20.98","19.21","3.28M","-11.38%"
"03/14/2020","22.50","22.50","22.50","22.50","","0.00%"
"03/13/2020","22.50","21.52","22.52","20.51","6.03M","10.84%"
"03/12/2020","20.30","21.97","21.97","20.23","7.01M","-13.32%"
"03/11/2020","23.42","23.99","24.13","23.25","5.61M","-4.41%"
"03/10/2020","24.50","24.68","24.83","23.62","5.22M","2.47%"
"03/09/2020","23.91","24.82","25.42","23.86","4.10M","-12.42%"
"03/06/2020","27.30","27.41","27.42","26.99","4.70M","-2.15%"
"03/05/2020","27.90","27.88","28.19","27.75","3.51M","-1.55%"
"03/04/2020","28.34","28.27","28.38","27.97","5.20M","1.83%"
"03/03/2020","27.83","28.29","28.56","27.76","10.89M","-1.21%"
"03/02/2020","28.17","27.56","28.21","27.42","9.83M","2.10%"
"02/28/2020","27.59","27.26","27.68","26.84","9.64M","-1.32%"
"02/27/2020","27.96","28.53","28.57","27.95","8.30M","-3.59%"
"02/26/2020","29.00","29.42","29.57","29.00","4.93M","-0.99%"
"02/25/2020","29.29","30.00","30.07","29.25","6.12M","-2.11%"
"02/24/2020","29.92","29.90","30.07","29.80","3.73M","-2.32%"
"02/21/2020","30.63","30.71","30.74","30.59","2.11M","-0.36%"
"02/20/2020","30.74","30.70","30.81","30.55","1.65M","-0.13%"
"02/19/2020","30.78","30.68","30.78","30.60","1.51M","0.85%"
"02/18/2020","30.52","30.54","30.59","30.47","1.29M","-0.29%"
"02/17/2020","30.61","30.61","30.61","30.61","","0.00%"
"02/14/2020","30.61","30.57","30.61","30.53","1.33M","0.36%"
"02/13/2020","30.50","30.47","30.59","30.46","1.63M","-0.36%"
"02/12/2020","30.61","30.66","30.66","30.54","1.69M","0.59%"
"02/11/2020","30.43","30.41","30.48","30.36","2.64M","0.66%"
"02/10/2020","30.23","30.10","30.27","30.10","1.99M","0.33%"
"02/07/2020","30.13","30.22","30.24","30.11","1.94M","-0.79%"
"02/06/2020","30.37","30.25","30.37","30.19","1.52M","0.46%"
"02/05/2020","30.23","30.16","30.23","30.09","3.01M","0.73%"
"02/04/2020","30.01","29.94","30.06","29.93","1.98M","1.32%"
"02/03/2020","29.62","29.77","29.89","29.62","2.71M","-0.17%"
"01/31/2020","29.67","29.97","29.97","29.61","5.87M","-1.59%"
"01/30/2020","30.15","29.95","30.16","29.87","2.07M","0.17%"
"01/29/2020","30.10","30.24","30.27","30.10","2.05M","-0.53%"
"01/28/2020","30.26","30.11","30.26","30.05","2.20M","0.77%"
"01/27/2020","30.03","29.96","30.14","29.91","2.52M","-1.25%"
"01/24/2020","30.41","30.55","30.57","30.27","1.67M","-0.46%"
"01/23/2020","30.55","30.32","30.55","30.29","4.99M","0.39%"
"01/22/2020","30.43","30.64","30.65","30.43","2.27M","-0.52%"
"01/21/2020","30.59","30.59","30.62","30.50","2.94M","0.03%"
"01/17/2020","30.58","30.56","30.59","30.50","2.51M","0.23%"
"01/16/2020","30.51","30.44","30.51","30.41","1.46M","0.53%"
"01/15/2020","30.35","30.24","30.38","30.21","2.08M","0.53%"
"01/14/2020","30.19","30.12","30.25","30.09","2.36M","0.07%"
"01/13/2020","30.17","30.07","30.17","30.00","1.73M","0.53%"
"01/10/2020","30.01","30.12","30.12","30.00","4.88M","-0.07%"
"01/09/2020","30.03","30.02","30.07","29.97","1.80M","0.17%"
"01/08/2020","29.98","30.02","30.11","29.98","7.19M","-0.10%"
"01/07/2020","30.01","29.94","30.02","29.90","1.41M","0.10%"
"01/06/2020","29.98","29.82","30.01","29.80","1.29M","0.50%"
"01/03/2020","29.83","29.85","29.94","29.77","1.85M","-0.50%"
"01/02/2020","29.98","29.95","29.99","29.83","1.94M","0.30%"
"12/31/2019","29.89","29.76","29.90","29.74","1.62M","0.61%"
"12/30/2019","29.71","29.86","29.86","29.68","2.46M","-0.34%"
"12/27/2019","29.81","29.90","29.91","29.77","2.28M","-0.03%"
"12/26/2019","29.82","29.73","29.84","29.62","1.39M","0.54%"
"12/24/2019","29.66","29.63","29.68","29.53","395.01K","0.10%"
"12/23/2019","29.63","29.65","29.67","29.55","1.07M","0.00%"
"12/20/2019","29.63","29.65","29.73","29.58","1.19M","0.20%"
"12/19/2019","29.57","29.56","29.61","29.50","1.49M","0.10%"
"12/18/2019","29.54","29.57","29.59","29.50","1.86M","-0.03%"
"12/17/2019","29.55","29.48","29.56","29.43","2.12M","0.14%"
"12/16/2019","29.51","29.55","29.59","29.49","1.21M","-0.57%"
"12/13/2019","29.68","29.67","29.80","29.61","1.55M","0.13%"
"12/12/2019","29.64","29.55","29.77","29.55","2.44M","0.17%"
"12/11/2019","29.59","29.52","29.61","29.51","4.69M","0.37%"
"12/10/2019","29.48","29.46","29.52","29.37","920.84K","0.00%"
"12/09/2019","29.48","29.47","29.57","29.43","1.47M","0.00%"
"12/06/2019","29.48","29.34","29.54","29.34","1.93M","0.27%"
"12/05/2019","29.40","29.54","29.54","29.30","2.33M","-0.10%"
"12/04/2019","29.43","29.29","29.49","29.29","5.85M","0.72%"
"12/03/2019","29.22","29.20","29.27","29.13","1.31M","-0.75%"
"12/02/2019","29.44","29.59","29.59","29.34","2.05M","-0.64%"
"11/29/2019","29.63","29.62","29.67","29.58","495.88K","-0.10%"
"11/27/2019","29.66","29.62","29.70","29.57","1.44M","0.14%"
"11/26/2019","29.62","29.53","29.62","29.44","1.19M","0.20%"
"11/25/2019","29.56","29.41","29.56","29.39","1.71M","0.48%"
"11/22/2019","29.42","29.55","29.55","29.36","816.34K","-0.37%"
"11/21/2019","29.53","29.52","29.53","29.39","1.06M","0.20%"
"11/20/2019","29.47","29.49","29.52","29.33","1.39M","-0.41%"
"11/19/2019","29.59","29.74","29.77","29.55","1.48M","-0.57%"
"11/18/2019","29.76","29.68","29.76","29.63","1.48M","0.10%"
"11/15/2019","29.73","29.60","29.73","29.59","1.57M","0.61%"
"11/14/2019","29.55","29.49","29.55","29.45","5.27M","0.00%"
"11/13/2019","29.55","29.41","29.59","29.34","1.68M","0.31%"
"11/12/2019","29.46","29.44","29.54","29.43","1.32M","0.07%"
"11/11/2019","29.44","29.36","29.48","29.32","921.08K","-0.07%"
"11/08/2019","29.46","29.28","29.46","29.28","922.38K","0.07%"
"11/07/2019","29.44","29.38","29.48","29.38","1.50M","0.48%"
"11/06/2019","29.30","29.20","29.32","29.15","1.31M","0.24%"
"11/05/2019","29.23","29.21","29.31","29.16","2.44M","-0.03%"
"11/04/2019","29.24","29.15","29.24","29.13","1.69M","0.72%"
"11/01/2019","29.03","28.86","29.05","28.86","1.38M","0.87%"
"10/31/2019","28.78","28.79","28.81","28.62","1.60M","-0.17%"
"10/30/2019","28.83","28.84","28.86","28.64","1.84M","-0.07%"
"10/29/2019","28.85","28.76","28.91","28.74","1.18M","-0.17%"
"10/28/2019","28.90","28.93","28.99","28.89","2.10M","-0.03%"
"10/25/2019","28.91","28.78","28.91","28.75","1.10M","0.35%"
"10/24/2019","28.81","28.84","28.87","28.69","3.24M","0.21%"
"10/23/2019","28.75","28.68","28.75","28.67","1.61M","-0.07%"
"10/22/2019","28.77","28.85","28.89","28.73","1.53M","-0.10%"
"10/21/2019","28.80","28.69","28.84","28.69","1.41M","0.73%"
"10/18/2019","28.59","28.60","28.74","28.57","979.16K","-0.35%"
"10/17/2019","28.69","28.70","28.75","28.64","1.31M","0.42%"
"10/16/2019","28.57","28.53","28.62","28.50","1.98M","0.04%"
"10/15/2019","28.56","28.51","28.73","28.50","1.26M","0.35%"
"10/14/2019","28.46","28.45","28.57","28.40","1.35M","-0.32%"
"10/11/2019","28.55","28.60","28.73","28.52","2.58M","0.85%"
"10/10/2019","28.31","28.13","28.35","28.13","1.61M","0.60%"
"10/09/2019","28.14","28.07","28.18","27.98","1.79M","0.64%"
"10/08/2019","27.96","28.12","28.12","27.89","2.68M","-0.92%"
"10/07/2019","28.22","28.27","28.34","28.20","2.85M","-0.25%"
"10/04/2019","28.29","28.23","28.29","28.10","1.61M","0.75%"
"10/03/2019","28.08","28.00","28.11","27.76","2.97M","0.00%"
"10/02/2019","28.08","28.42","28.47","27.89","7.78M","-1.58%"
"10/01/2019","28.53","28.85","28.92","28.48","6.62M","-1.28%"
"09/30/2019","28.90","28.95","29.02","28.89","1.66M","0.07%"
"09/27/2019","28.88","28.99","29.07","28.84","1.79M","-0.28%"
"09/26/2019","28.96","29.04","29.04","28.90","1.66M","-0.17%"
"09/25/2019","29.01","28.97","29.02","28.80","1.13M","-0.10%"
"09/24/2019","29.04","29.15","29.23","28.97","1.64M","-0.38%"
"09/23/2019","29.15","29.13","29.16","29.06","1.40M","-0.03%"
"09/20/2019","29.16","29.18","29.30","29.12","1.38M","0.00%"
"09/19/2019","29.16","29.10","29.30","29.09","1.51M","0.45%"
"09/18/2019","29.03","29.10","29.15","28.84","1.81M","-0.34%"
"09/17/2019","29.13","28.94","29.20","28.87","1.37M","0.52%"
"09/16/2019","28.98","28.95","29.04","28.86","2.26M","0.49%"
"09/13/2019","28.84","28.90","29.00","28.82","1.87M","0.03%"
"09/12/2019","28.83","28.81","28.96","28.76","1.51M","0.03%"
"09/11/2019","28.82","28.78","28.84","28.75","1.01M","0.21%"
"09/10/2019","28.76","28.56","28.79","28.56","1.07M","0.42%"
"09/09/2019","28.64","28.75","28.75","28.58","2.08M","0.03%"
"09/06/2019","28.63","28.65","28.72","28.59","1.02M","0.10%"
"09/05/2019","28.60","28.50","28.66","28.49","2.05M","1.02%"
"09/04/2019","28.31","28.19","28.36","28.15","2.06M","1.14%"
"09/03/2019","27.99","27.95","28.05","27.91","2.87M","-0.71%"
"08/30/2019","28.19","28.25","28.27","28.06","2.16M","0.18%"
"08/29/2019","28.14","28.00","28.16","27.99","2.00M","1.01%"
"08/28/2019","27.86","27.67","27.88","27.66","1.79M","0.58%"
"08/27/2019","27.70","27.77","27.84","27.63","2.58M","0.07%"
"08/26/2019","27.68","27.61","27.71","27.56","2.27M","0.95%"
"08/23/2019","27.42","27.72","27.97","27.39","3.26M","-1.54%"
"08/22/2019","27.85","27.98","28.01","27.80","2.09M","-0.39%"
"08/21/2019","27.96","27.94","27.98","27.85","2.03M","0.94%"
"08/20/2019","27.70","27.81","27.81","27.65","2.09M","-0.68%"
"08/19/2019","27.89","27.88","27.93","27.83","1.34M","0.61%"
"08/16/2019","27.72","27.49","27.72","27.45","1.45M","1.32%"
"08/15/2019","27.36","27.33","27.45","27.22","2.55M","-0.22%"
"08/14/2019","27.42","27.69","27.82","27.37","4.21M","-2.66%"
"08/13/2019","28.17","27.84","28.22","27.78","2.95M","0.93%"
"08/12/2019","27.91","28.03","28.11","27.84","1.48M","-0.92%"
"08/09/2019","28.17","28.16","28.29","28.04","1.67M","-0.14%"
"08/08/2019","28.21","27.90","28.24","27.88","1.98M","1.37%"
"08/07/2019","27.83","27.44","27.90","27.36","6.01M","0.69%"
"08/06/2019","27.64","27.46","27.82","27.41","4.23M","0.36%"
"08/05/2019","27.54","27.76","27.76","27.41","3.74M","-1.85%"
"08/02/2019","28.06","28.16","28.23","27.89","2.57M","-0.64%"
"08/01/2019","28.24","28.35","28.59","28.20","3.10M","-0.53%"
"07/31/2019","28.39","28.65","28.65","28.17","2.83M","-0.66%"
"07/30/2019","28.58","28.48","28.62","28.44","1.91M","-0.24%"
"07/29/2019","28.65","28.75","28.77","28.61","1.59M","-0.17%"
"07/26/2019","28.70","28.65","28.75","28.64","1.27M","0.21%"
"07/25/2019","28.64","28.97","28.97","28.58","2.13M","-0.97%"
"07/24/2019","28.92","28.83","28.93","28.80","1.33M","0.31%"
"07/23/2019","28.83","28.88","28.88","28.77","929.12K","0.00%"
"07/22/2019","28.83","28.88","28.89","28.77","1.20M","0.00%"
"07/19/2019","28.83","28.91","28.99","28.83","917.34K","-0.48%"
"07/18/2019","28.97","28.80","28.97","28.75","1.13M","0.35%"
"07/17/2019","28.87","28.92","28.98","28.85","817.22K","-0.14%"
"07/16/2019","28.91","28.98","29.05","28.86","1.12M","-0.24%"
"07/15/2019","28.98","29.04","29.04","28.91","873.09K","-0.03%"
"07/12/2019","28.99","29.07","29.07","28.95","836.36K","0.00%"
"07/11/2019","28.99","29.02","29.04","28.93","1.09M","0.07%"
"07/10/2019","28.97","29.06","29.17","28.94","2.15M","0.28%"
"07/09/2019","28.89","28.71","28.91","28.65","3.19M","0.31%"
"07/08/2019","28.80","28.87","28.90","28.79","1.12M","-0.55%"
"07/05/2019","28.96","28.89","28.98","28.73","1.19M","-0.14%"
"07/03/2019","29.00","28.90","29.02","28.87","1.45M","0.87%"
"07/02/2019","28.75","28.74","28.77","28.61","2.09M","0.21%"
"07/01/2019","28.69","28.89","28.98","28.62","2.48M","0.24%"
"06/28/2019","28.62","28.57","28.65","28.52","2.37M","0.49%"
"06/27/2019","28.48","28.47","28.51","28.39","1.22M","0.04%"
"06/26/2019","28.47","28.41","28.54","28.39","1.73M","0.11%"
"06/25/2019","28.44","28.71","28.71","28.41","1.40M","-0.73%"
"06/24/2019","28.65","28.65","28.68","28.58","817.17K","0.21%"
"06/21/2019","28.59","28.67","28.69","28.58","2.77M","-0.63%"
"06/20/2019","28.77","28.73","28.83","28.66","2.56M","1.12%"
"06/19/2019","28.45","28.26","28.45","28.25","2.99M","0.74%"
"06/18/2019","28.24","28.08","28.27","28.03","7.81M","1.40%"
"06/17/2019","27.85","27.78","27.91","27.66","1.18M","-0.61%"
"06/14/2019","28.02","28.05","28.09","27.90","2.28M","-0.28%"
"06/13/2019","28.10","28.16","28.17","28.04","2.60M","0.36%"
"06/12/2019","28.00","28.15","28.17","28.00","2.80M","-0.71%"
"06/11/2019","28.20","28.32","28.37","28.14","1.95M","0.00%"
"06/10/2019","28.20","28.27","28.28","28.15","2.69M","0.18%"
"06/07/2019","28.15","28.13","28.25","28.13","1.37M","0.54%"
"06/06/2019","28.00","27.94","28.02","27.85","1.65M","0.61%"
"06/05/2019","27.83","27.91","27.95","27.73","985.97K","0.11%"
"06/04/2019","27.80","27.59","27.81","27.48","3.28M","1.46%"
"06/03/2019","27.40","27.37","27.58","27.30","2.59M","0.26%"
"05/31/2019","27.33","27.20","27.35","27.15","1.84M","-0.40%"
"05/30/2019","27.44","27.58","27.62","27.39","984.26K","-0.29%"
"05/29/2019","27.52","27.64","27.68","27.41","2.44M","-0.94%"
"05/28/2019","27.78","27.95","27.98","27.76","1.54M","-0.18%"
"05/24/2019","27.83","27.79","27.87","27.66","1.08M","0.76%"
"05/23/2019","27.62","27.76","27.76","27.46","2.18M","-1.43%"
"05/22/2019","28.02","28.11","28.15","27.97","3.26M","-0.81%"
"05/21/2019","28.25","28.11","28.25","28.06","1.62M","0.93%"
"05/20/2019","27.99","27.97","28.11","27.95","2.38M","-0.32%"
"05/17/2019","28.08","27.89","28.17","27.88","2.64M","-0.25%"
"05/16/2019","28.15","28.05","28.24","28.05","5.04M","0.72%"
"05/15/2019","27.95","27.72","28.03","27.70","2.05M","0.32%"
"05/14/2019","27.86","27.71","27.94","27.68","2.48M","0.83%"
"05/13/2019","27.63","27.61","27.75","27.55","2.31M","-1.25%"
"05/10/2019","27.98","27.96","28.12","27.67","2.27M","-0.07%"
"05/09/2019","28.00","27.93","28.06","27.80","4.01M","-0.25%"
"05/08/2019","28.07","28.00","28.22","28.00","2.75M","0.14%"
"05/07/2019","28.03","28.07","28.13","27.93","4.53M","-1.09%"
"05/06/2019","28.34","27.97","28.37","27.95","1.77M","-0.14%"
"05/03/2019","28.38","28.36","28.41","28.30","1.66M","0.75%"
"05/02/2019","28.17","28.31","28.34","28.14","2.02M","-0.63%"
"05/01/2019","28.35","28.57","28.62","28.33","2.11M","-0.70%"
"04/30/2019","28.55","28.47","28.63","28.39","2.34M","0.11%"
"04/29/2019","28.52","28.44","28.58","28.41","1.95M","0.21%"
"04/26/2019","28.46","28.41","28.48","28.29","2.57M","0.39%"
"04/25/2019","28.35","28.35","28.41","28.23","1.63M","-0.11%"
"04/24/2019","28.38","28.58","28.61","28.36","2.81M","-0.98%"
"04/23/2019","28.66","28.58","28.68","28.57","1.37M","0.00%"
"04/22/2019","28.66","28.67","28.73","28.62","1.01M","0.00%"
"04/18/2019","28.66","28.57","28.68","28.56","1.25M","0.07%"
"04/17/2019","28.64","28.70","28.71","28.56","2.35M","0.42%"
"04/16/2019","28.52","28.50","28.58","28.46","1.39M","0.11%"
"04/15/2019","28.49","28.45","28.52","28.40","2.84M","0.00%"
"04/12/2019","28.49","28.45","28.50","28.38","1.54M","0.81%"
"04/11/2019","28.26","28.18","28.34","28.15","2.51M","-0.18%"
"04/10/2019","28.31","28.15","28.33","28.15","2.97M","0.43%"
"04/09/2019","28.19","28.25","28.25","28.10","2.03M","-0.60%"
"04/08/2019","28.36","28.19","28.36","28.15","4.81M","0.75%"
"04/05/2019","28.15","28.05","28.16","27.93","3.10M","0.36%"
"04/04/2019","28.05","27.97","28.07","27.94","1.85M","0.07%"
"04/03/2019","28.03","28.10","28.20","27.97","2.86M","0.11%"
"04/02/2019","28.00","27.99","28.02","27.84","2.21M","0.00%"
"04/01/2019","28.00","27.84","28.00","27.77","2.50M","1.30%"
"03/29/2019","27.64","27.76","27.84","27.58","2.72M","0.22%"
"03/28/2019","27.58","27.46","27.64","27.45","1.93M","0.25%"
"03/27/2019","27.51","27.62","27.63","27.39","7.20M","-0.40%"
"03/26/2019","27.62","27.52","27.71","27.52","1.61M","0.73%"
"03/25/2019","27.42","27.43","27.52","27.29","3.68M","-0.04%"
"03/22/2019","27.43","27.67","27.70","27.39","3.06M","-1.54%"
"03/21/2019","27.86","27.75","27.89","27.74","2.61M","-0.18%"
"03/20/2019","27.91","27.85","28.06","27.73","2.05M","-0.11%"
"03/19/2019","27.94","28.20","28.32","27.90","1.66M","-0.07%"
"03/18/2019","27.96","27.74","27.97","27.74","1.57M","0.72%"
"03/15/2019","27.76","27.72","27.86","27.72","1.80M","0.11%"
"03/14/2019","27.73","27.79","27.80","27.69","1.85M","-0.43%"
"03/13/2019","27.85","27.78","27.88","27.78","2.20M","0.54%"
"03/12/2019","27.70","27.60","27.71","27.55","4.22M","0.51%"
"03/11/2019","27.56","27.36","27.59","27.36","2.02M","0.88%"
"03/08/2019","27.32","27.23","27.34","27.10","2.10M","-0.04%"
"03/07/2019","27.33","27.48","27.51","27.25","2.92M","-0.55%"
"03/06/2019","27.48","27.57","27.63","27.42","3.16M","-0.54%"
"03/05/2019","27.63","27.66","27.69","27.58","2.19M","-0.07%"
"03/04/2019","27.65","27.73","27.77","27.45","3.01M","-0.25%"
"03/01/2019","27.72","27.85","27.98","27.68","3.09M","-0.47%"
"02/28/2019","27.85","27.92","27.95","27.79","1.84M","-0.54%"
"02/27/2019","28.00","27.92","28.03","27.82","1.31M","0.25%"
"02/26/2019","27.93","27.86","28.00","27.83","1.54M","0.18%"
"02/25/2019","27.88","27.92","28.00","27.87","1.05M","-0.07%"
"02/22/2019","27.90","27.88","27.97","27.77","1.30M","0.54%"
"02/21/2019","27.75","27.80","27.86","27.66","1.89M","-0.50%"
"02/20/2019","27.89","27.67","27.93","27.67","1.32M","1.01%"
"02/19/2019","27.61","27.27","27.66","27.26","1.05M","0.73%"
"02/15/2019","27.41","27.21","27.43","27.18","1.96M","1.33%"
"02/14/2019","27.05","26.86","27.14","26.75","2.59M","0.33%"
"02/13/2019","26.96","27.01","27.13","26.94","2.16M","-0.19%"
"02/12/2019","27.01","26.92","27.04","26.85","2.14M","1.16%"
"02/11/2019","26.70","26.90","26.96","26.70","3.27M","-0.93%"
"02/08/2019","26.95","27.01","27.03","26.79","1.77M","-0.22%"
"02/07/2019","27.01","27.00","27.14","26.80","1.81M","-0.70%"
"02/06/2019","27.20","27.28","27.33","27.18","1.69M","-0.58%"
"02/05/2019","27.36","27.25","27.36","27.19","8.22M","0.59%"
"02/04/2019","27.20","26.97","27.22","26.02","1.74M","0.26%"
"02/01/2019","27.13","27.08","27.19","27.04","4.04M","0.30%"
"01/31/2019","27.05","27.00","27.11","26.95","2.55M","0.33%"
"01/30/2019","26.96","26.88","27.09","26.74","2.44M","0.86%"
"01/29/2019","26.73","26.63","26.76","26.60","1.81M","0.60%"
"01/28/2019","26.57","26.31","26.57","25.00","1.93M","-0.19%"
"01/25/2019","26.62","26.42","26.62","26.41","1.78M","1.37%"
"01/24/2019","26.26","26.12","26.26","26.09","2.27M","0.57%"
"01/23/2019","26.11","26.29","26.31","26.00","2.23M","-0.19%"
"01/22/2019","26.16","26.18","26.35","26.03","2.69M","-0.98%"
"01/18/2019","26.42","26.46","26.54","26.39","7.02M","0.65%"
"01/17/2019","26.25","25.97","26.36","25.87","2.14M","0.81%"
"01/16/2019","26.04","25.99","26.14","25.99","2.46M","0.31%"
"01/15/2019","25.96","25.83","25.98","25.82","2.45M","0.54%"
"01/14/2019","25.82","25.60","25.85","25.60","2.09M","0.39%"
"01/11/2019","25.72","25.59","26.00","25.56","2.58M","-0.19%"
"01/10/2019","25.77","25.52","25.80","25.41","2.85M","0.43%"
"01/09/2019","25.66","25.36","25.66","25.29","2.68M","1.87%"
"01/08/2019","25.19","25.16","25.24","24.95","3.04M","1.08%"
"01/07/2019","24.92","24.63","24.95","24.60","2.92M","1.10%"
"01/04/2019","24.65","24.45","24.65","24.30","2.44M","2.58%"
"01/03/2019","24.03","24.12","24.20","23.88","3.54M","-0.62%"
"01/02/2019","24.18","23.68","24.24","23.67","3.93M","0.92%"
"12/31/2018","23.96","24.00","24.07","23.83","3.23M","0.46%"
"12/28/2018","23.85","23.92","24.02","23.75","4.23M","0.59%"
"12/27/2018","23.71","23.38","23.79","23.21","6.65M","-0.46%"
"12/26/2018","23.82","23.26","23.82","22.89","4.14M","3.12%"
"12/24/2018","23.10","23.32","23.43","23.10","2.02M","-1.41%"
"12/21/2018","23.43","23.90","24.04","23.39","3.99M","-2.09%"
"12/20/2018","23.93","24.15","24.35","23.80","5.56M","-0.95%"
"12/19/2018","24.16","24.63","24.80","24.16","4.16M","-1.19%"
"12/18/2018","24.45","24.53","24.67","24.41","2.93M","-1.65%"
"12/17/2018","24.86","25.29","25.35","24.81","4.73M","-2.01%"
"12/14/2018","25.37","25.36","25.60","25.33","2.68M","-1.17%"
"12/13/2018","25.67","25.71","25.91","25.64","1.88M","-0.19%"
"12/12/2018","25.72","25.72","25.98","25.71","2.49M","1.10%"
"12/11/2018","25.44","25.84","26.00","25.41","3.90M","-0.39%"
"12/10/2018","25.54","25.67","25.76","25.33","3.76M","-1.01%"
"12/07/2018","25.80","26.06","26.40","25.77","4.15M","-0.54%"
"12/06/2018","25.94","25.93","25.98","25.56","5.08M","-1.89%"
"12/04/2018","26.44","26.81","26.92","26.43","3.00M","-1.75%"
"12/03/2018","26.91","27.15","27.22","26.75","2.40M","1.01%"
"11/30/2018","26.64","26.41","26.64","26.32","2.26M","0.04%"
"11/29/2018","26.63","26.55","26.75","26.52","2.46M","0.15%"
"11/28/2018","26.59","26.18","26.59","26.06","2.71M","1.68%"
"11/27/2018","26.15","26.21","26.33","26.02","2.83M","-0.80%"
"11/26/2018","26.36","26.43","26.59","26.30","1.97M","0.76%"
"11/23/2018","26.16","26.26","26.34","26.16","766.85K","-1.36%"
"11/21/2018","26.52","26.26","26.63","26.10","1.65M","2.28%"
"11/20/2018","25.93","26.25","26.34","25.86","2.72M","-2.34%"
"11/19/2018","26.55","26.68","26.75","26.47","1.84M","-0.75%"
"11/16/2018","26.75","26.67","26.83","26.59","1.44M","0.22%"
"11/15/2018","26.69","26.42","26.80","26.42","2.33M","0.49%"
"11/14/2018","26.56","26.61","26.80","26.37","2.38M","0.30%"
"11/13/2018","26.48","26.54","26.76","26.43","2.12M","-0.11%"
"11/12/2018","26.51","26.77","26.78","26.50","2.69M","-1.01%"
"11/09/2018","26.78","26.82","26.86","26.67","1.95M","-0.85%"
"11/08/2018","27.01","27.13","27.20","26.91","2.23M","-0.44%"
"11/07/2018","27.13","27.19","27.22","27.02","1.60M","0.63%"
"11/06/2018","26.96","26.85","26.98","26.80","2.94M","0.26%"
"11/05/2018","26.89","27.01","27.05","26.75","3.24M","0.56%"
"11/02/2018","26.74","26.93","26.95","26.56","2.67M","-0.19%"
"11/01/2018","26.79","26.64","26.81","26.60","3.63M","1.06%"
"10/31/2018","26.51","26.51","26.65","26.42","7.10M","0.68%"
"10/30/2018","26.33","25.93","26.33","25.92","3.85M","1.46%"
"10/29/2018","25.95","26.41","26.52","25.76","3.81M","-1.18%"
"10/26/2018","26.26","25.97","26.42","25.80","3.85M","-0.38%"
"10/25/2018","26.36","26.59","26.59","26.31","2.33M","0.04%"
"10/24/2018","26.35","26.88","26.98","26.35","3.53M","-2.12%"
"10/23/2018","26.92","26.81","27.01","26.55","2.88M","-0.81%"
"10/22/2018","27.14","27.07","27.24","27.00","2.52M","-0.18%"
"10/19/2018","27.19","27.19","27.38","27.08","2.05M","0.33%"
"10/18/2018","27.10","27.36","27.39","27.05","1.95M","-1.49%"
"10/17/2018","27.51","27.57","27.58","27.37","2.10M","-0.69%"
"10/16/2018","27.70","27.47","27.71","27.39","3.25M","1.54%"
"10/15/2018","27.28","27.22","27.43","27.18","1.87M","0.04%"
"10/12/2018","27.27","27.45","27.45","27.05","3.27M","0.52%"
"10/11/2018","27.13","27.32","27.48","27.09","5.40M","-1.35%"
"10/10/2018","27.50","28.31","28.31","27.50","3.66M","-3.10%"
"10/09/2018","28.38","28.33","28.46","28.26","2.21M","-0.18%"
"10/08/2018","28.43","28.34","28.50","28.27","2.74M","-0.35%"
"10/05/2018","28.53","28.72","28.74","28.45","2.29M","-0.59%"
"10/04/2018","28.70","28.81","28.91","28.53","2.11M","-0.86%"
"10/03/2018","28.95","28.95","29.03","28.85","3.82M","0.24%"
"10/02/2018","28.88","29.03","29.03","28.80","2.54M","-0.82%"
"10/01/2018","29.12","29.10","29.25","29.00","2.27M","1.18%"
"09/28/2018","28.78","28.76","28.91","28.73","3.45M","0.03%"
"09/27/2018","28.77","28.66","28.89","28.66","1.39M","0.24%"
"09/26/2018","28.70","28.81","28.94","28.68","2.53M","-0.38%"
"09/25/2018","28.81","28.98","29.09","28.81","1.60M","-0.41%"
"09/24/2018","28.93","29.13","29.14","28.91","1.67M","-0.41%"
"09/21/2018","29.05","29.06","29.14","28.97","2.20M","0.10%"
"09/20/2018","29.02","29.07","29.10","28.91","1.43M","0.52%"
"09/19/2018","28.87","28.79","28.93","28.75","2.60M","0.21%"
"09/18/2018","28.81","28.60","28.81","28.55","1.96M","1.30%"
"09/17/2018","28.44","28.38","28.60","28.36","1.80M","0.35%"
"09/14/2018","28.34","28.39","28.43","28.26","2.14M","-0.25%"
"09/13/2018","28.41","28.51","28.51","28.34","2.01M","-0.11%"
"09/12/2018","28.44","28.42","28.50","28.32","4.45M","0.46%"
"09/11/2018","28.31","28.18","28.32","27.99","4.85M","0.64%"
"09/10/2018","28.13","28.28","28.34","28.13","2.36M","-0.11%"
"09/07/2018","28.16","28.10","28.19","27.98","3.08M","-0.39%"
"09/06/2018","28.27","28.25","28.39","28.12","3.48M","-0.07%"
"09/05/2018","28.29","28.35","28.35","28.05","3.16M","-0.14%"
"09/04/2018","28.33","28.50","28.50","28.28","10.65M","-1.63%"
"08/31/2018","28.80","29.01","29.05","28.72","4.12M","-1.27%"
"08/30/2018","29.17","29.15","29.27","29.08","2.78M","-0.51%"
"08/29/2018","29.32","29.27","29.37","29.17","2.58M","0.34%"
"08/28/2018","29.22","29.52","29.54","29.18","2.49M","-0.34%"
"08/27/2018","29.32","29.08","29.35","29.02","2.78M","1.14%"
"08/24/2018","28.99","28.95","29.09","28.91","1.19M","0.52%"
"08/23/2018","28.84","28.90","29.05","28.83","950.24K","-0.86%"
"08/22/2018","29.09","28.89","29.13","28.89","1.54M","0.73%"
"08/21/2018","28.88","29.04","29.11","28.86","1.34M","-0.24%"
"08/20/2018","28.95","28.98","29.02","28.88","1.46M","0.00%"
"08/17/2018","28.95","28.68","28.98","28.60","2.31M","1.33%"
"08/16/2018","28.57","28.61","28.73","28.53","4.19M","0.39%"
"08/15/2018","28.46","28.74","28.79","28.25","5.19M","-1.79%"
"08/14/2018","28.98","28.83","28.98","28.76","5.48M","1.05%"
"08/13/2018","28.68","28.81","28.88","28.57","3.54M","-0.35%"
"08/10/2018","28.78","28.94","28.94","28.70","1.66M","-1.17%"
"08/09/2018","29.12","28.97","29.16","28.94","1.93M","0.48%"
"08/08/2018","28.98","28.91","29.03","28.73","2.43M","0.42%"
"08/07/2018","28.86","29.35","29.43","28.82","2.26M","-1.64%"
"08/06/2018","29.34","29.23","29.37","29.22","1.25M","0.34%"
"08/03/2018","29.24","29.24","29.28","29.14","2.44M","0.14%"
"08/02/2018","29.20","29.05","29.21","28.87","1.20M","0.31%"
"08/01/2018","29.11","29.24","29.30","29.04","2.27M","-0.34%"
"07/31/2018","29.21","29.14","29.28","28.97","5.16M","0.48%"
"07/30/2018","29.07","28.99","29.22","28.99","2.10M","0.10%"
"07/27/2018","29.04","29.12","29.21","28.94","1.81M","-0.31%"
"07/26/2018","29.13","29.03","29.19","28.97","2.59M","0.03%"
"07/25/2018","29.12","28.86","29.15","28.81","2.54M","0.90%"
"07/24/2018","28.86","28.93","29.06","28.80","1.73M","0.28%"
"07/23/2018","28.78","28.78","28.88","28.77","1.25M","-0.42%"
"07/20/2018","28.90","28.98","29.04","28.89","1.50M","0.24%"
"07/19/2018","28.83","28.69","28.90","28.62","2.44M","-0.17%"
"07/18/2018","28.88","28.90","28.92","28.75","1.15M","-0.17%"
"07/17/2018","28.93","28.91","28.96","28.79","2.45M","-0.21%"
"07/16/2018","28.99","29.05","29.08","28.94","1.40M","-0.28%"
"07/13/2018","29.07","28.95","29.09","28.93","1.39M","0.03%"
"07/12/2018","29.06","28.88","29.07","28.80","1.41M","1.18%"
"07/11/2018","28.72","28.87","29.04","28.62","5.14M","-1.37%"
"07/10/2018","29.12","28.95","29.13","28.94","2.39M","0.66%"
"07/09/2018","28.93","28.97","28.98","28.86","1.32M","0.52%"
"07/06/2018","28.78","28.50","28.80","28.47","1.64M","0.95%"
"07/05/2018","28.51","28.63","28.64","28.44","2.42M","0.25%"
"07/03/2018","28.44","28.58","28.70","28.41","1.42M","0.28%"
"07/02/2018","28.36","28.12","28.50","28.12","3.24M","-0.53%"
"06/29/2018","28.51","28.37","28.61","28.33","2.69M","1.39%"
"06/28/2018","28.12","28.04","28.18","27.93","1.75M","0.57%"
"06/27/2018","27.96","28.28","28.34","27.94","5.58M","-0.82%"
"06/26/2018","28.19","28.15","28.30","28.02","2.41M","0.75%"
"06/25/2018","27.98","28.35","28.37","27.94","2.13M","-1.86%"
"06/22/2018","28.51","28.38","28.55","28.37","1.75M","0.96%"
"06/21/2018","28.24","28.38","28.38","28.20","2.13M","-0.63%"
"06/20/2018","28.42","28.33","28.45","28.32","2.04M","0.57%"
"06/19/2018","28.26","28.26","28.33","28.18","2.19M","-1.94%"
"06/18/2018","28.82","28.60","28.82","28.57","1.83M","0.42%"
"06/15/2018","28.70","28.76","28.87","28.64","1.62M","-0.93%"
"06/14/2018","28.97","29.13","29.24","28.90","1.54M","-0.28%"
"06/13/2018","29.05","29.10","29.18","28.93","1.27M","0.14%"
"06/12/2018","29.01","29.02","29.06","28.91","1.95M","-0.10%"
"06/11/2018","29.04","28.97","29.11","28.94","1.84M","-0.03%"
"06/08/2018","29.05","28.88","29.05","28.82","1.79M","0.45%"
"06/07/2018","28.92","29.01","29.09","28.80","2.02M","-0.07%"
"06/06/2018","28.94","29.08","29.30","28.85","4.16M","0.49%"
"06/05/2018","28.80","28.68","28.81","28.63","2.93M","2.20%"
"06/04/2018","28.18","28.82","28.98","28.18","3.26M","-1.81%"
"06/01/2018","28.70","28.86","28.86","28.67","2.51M","-0.14%"
"05/31/2018","28.74","28.71","28.78","28.55","4.28M","-0.45%"
"05/30/2018","28.87","28.41","28.90","28.41","5.48M","1.91%"
"05/29/2018","28.33","28.53","28.53","28.24","3.92M","-1.50%"
"05/25/2018","28.76","28.76","28.86","28.65","1.16M","-0.72%"
"05/24/2018","28.97","29.04","29.11","28.90","1.88M","-0.69%"
"05/23/2018","29.17","28.95","29.20","28.95","2.05M","-0.31%"
"05/22/2018","29.26","29.43","29.61","29.23","3.94M","-0.51%"
"05/21/2018","29.41","29.34","29.45","29.30","1.64M","0.93%"
"05/18/2018","29.14","29.09","29.17","29.02","2.01M","-0.61%"
"05/17/2018","29.32","29.26","29.41","29.26","3.00M","0.31%"
"05/16/2018","29.23","29.21","29.30","29.14","2.51M","0.52%"
"05/15/2018","29.08","29.00","29.13","28.89","2.48M","-0.34%"
"05/14/2018","29.18","29.09","29.30","29.09","3.39M","0.55%"
"05/11/2018","29.02","29.02","29.09","28.98","2.62M","-0.07%"
"05/10/2018","29.04","28.91","29.06","28.82","4.10M","1.33%"
"05/09/2018","28.66","28.56","28.73","28.51","3.90M","1.06%"
"05/08/2018","28.36","28.30","28.36","28.16","3.08M","-0.11%"
"05/07/2018","28.39","28.51","28.54","28.33","3.65M","0.28%"
"05/04/2018","28.31","27.97","28.39","27.85","3.36M","0.71%"
"05/03/2018","28.11","28.10","28.18","27.87","5.53M","0.07%"
"05/02/2018","28.09","28.18","28.32","28.05","3.10M","-0.14%"
"05/01/2018","28.13","28.11","28.28","27.90","2.90M","0.00%"
"04/30/2018","28.13","28.19","28.34","28.13","2.15M","-0.28%"
"04/27/2018","28.21","28.09","28.24","28.08","1.82M","0.43%"
"04/26/2018","28.09","28.03","28.14","27.96","1.59M","0.68%"
"04/25/2018","27.90","27.80","27.97","27.69","1.60M","0.07%"
"04/24/2018","27.88","28.03","28.08","27.78","1.68M","-0.21%"
"04/23/2018","27.94","27.94","28.04","27.84","1.28M","-0.36%"
"04/20/2018","28.04","28.06","28.11","27.98","1.27M","-0.43%"
"04/19/2018","28.16","28.45","28.48","28.10","2.27M","-0.78%"
"04/18/2018","28.38","28.24","28.48","28.22","3.53M","0.50%"
"04/17/2018","28.24","28.13","28.31","28.12","1.35M","0.61%"
"04/16/2018","28.07","28.04","28.12","27.97","1.30M","0.43%"
"04/13/2018","27.95","28.09","28.16","27.89","1.52M","-0.21%"
"04/12/2018","28.01","27.98","28.12","27.92","1.81M","0.00%"
"04/11/2018","28.01","27.86","28.12","27.81","1.72M","0.14%"
"04/10/2018","27.97","28.05","28.11","27.96","2.86M","1.01%"
"04/09/2018","27.69","27.77","27.88","27.48","1.78M","0.69%"
"04/06/2018","27.50","27.77","27.86","27.36","2.52M","-1.08%"
"04/05/2018","27.80","27.45","27.85","27.40","1.77M","1.35%"
"04/04/2018","27.43","26.99","27.45","26.91","5.12M","0.33%"
"04/03/2018","27.34","27.33","27.42","27.18","3.61M","0.63%"
"04/02/2018","27.17","27.45","27.56","27.01","3.36M","-1.42%"
"03/29/2018","27.56","27.15","27.59","27.13","4.29M","1.77%"
"03/28/2018","27.08","27.16","27.27","27.05","2.59M","-0.37%"
"03/27/2018","27.18","27.45","27.55","27.10","3.18M","-0.73%"
"03/26/2018","27.38","27.36","27.43","27.14","2.82M","0.70%"
"03/23/2018","27.19","27.70","27.78","27.18","4.61M","-0.98%"
"03/22/2018","27.46","27.80","27.84","27.42","3.50M","-2.00%"
"03/21/2018","28.02","27.73","28.16","27.68","3.17M","1.52%"
"03/20/2018","27.60","27.55","27.74","27.46","5.87M","0.36%"
"03/19/2018","27.50","27.66","27.76","27.39","3.46M","-0.61%"
"03/16/2018","27.67","27.72","27.89","27.61","2.38M","-0.14%"
"03/15/2018","27.71","27.90","27.99","27.62","3.10M","-0.54%"
"03/14/2018","27.86","27.99","28.03","27.77","3.56M","0.32%"
"03/13/2018","27.77","28.03","28.14","27.75","4.93M","-0.82%"
"03/12/2018","28.00","27.97","28.11","27.91","3.19M","-0.07%"
"03/09/2018","28.02","27.99","28.03","27.76","3.32M","1.01%"
"03/08/2018","27.74","27.70","27.78","27.56","6.04M","0.40%"
"03/07/2018","27.63","27.50","27.75","27.39","3.60M","-0.40%"
"03/06/2018","27.74","27.82","27.86","27.62","17.12M","0.65%"
"03/05/2018","27.56","27.17","27.58","27.15","3.27M","0.29%"
"03/02/2018","27.48","27.35","27.49","27.26","2.85M","-0.47%"
"03/01/2018","27.61","27.75","27.82","27.37","5.38M","-0.65%"
"02/28/2018","27.79","28.60","28.60","27.75","4.60M","-1.91%"
"02/27/2018","28.33","28.46","28.62","28.30","4.31M","-0.94%"
"02/26/2018","28.60","28.53","28.61","28.41","2.69M","0.49%"
"02/23/2018","28.46","28.27","28.49","28.20","4.54M","1.28%"
"02/22/2018","28.10","28.23","28.40","28.07","4.80M","-0.21%"
"02/21/2018","28.16","28.11","28.48","28.05","4.28M","0.14%"
"02/20/2018","28.12","28.09","28.27","28.06","5.16M","-0.53%"
"02/16/2018","28.27","28.35","28.45","28.21","4.85M","-0.46%"
"02/15/2018","28.40","28.37","28.40","28.04","2.31M","0.64%"
"02/14/2018","28.22","27.58","28.31","27.52","2.78M","1.40%"
"02/13/2018","27.83","27.70","27.84","27.63","5.99M","0.07%"
"02/12/2018","27.81","27.77","27.91","27.54","9.81M","1.24%"
"02/09/2018","27.47","27.57","27.58","26.92","10.88M","0.18%"
"02/08/2018","27.42","28.12","28.12","27.42","5.60M","-2.28%"
"02/07/2018","28.06","28.13","28.32","28.05","3.78M","-0.74%"
"02/06/2018","28.27","27.67","28.34","27.37","10.30M","0.43%"
"02/05/2018","28.15","28.76","28.81","28.12","7.21M","-2.80%"
"02/02/2018","28.96","29.46","29.48","28.95","8.99M","-2.75%"
"02/01/2018","29.78","29.82","29.86","29.64","2.88M","-0.33%"
"01/31/2018","29.88","29.98","30.00","29.80","2.98M","0.10%"
"01/30/2018","29.85","29.94","30.04","29.81","2.81M","-0.63%"
"01/29/2018","30.04","30.20","30.22","30.04","1.94M","-0.92%"
"01/26/2018","30.32","30.28","30.39","30.16","2.70M","0.40%"
"01/25/2018","30.20","30.52","30.55","30.10","3.78M","-0.72%"
"01/24/2018","30.42","30.55","30.56","30.25","1.89M","0.30%"
"01/23/2018","30.33","30.15","30.34","30.01","2.90M","0.23%"
"01/22/2018","30.26","30.19","30.28","30.14","1.80M","0.40%"
"01/19/2018","30.14","30.25","30.29","30.13","1.57M","-0.30%"
"01/18/2018","30.23","30.21","30.31","30.13","4.10M","-0.23%"
"01/17/2018","30.30","30.28","30.42","30.02","5.87M","0.23%"
"01/16/2018","30.23","30.40","30.42","30.14","6.62M","0.40%"
"01/12/2018","30.11","30.11","30.16","29.97","1.76M","0.33%"
"01/11/2018","30.01","29.87","30.02","29.85","1.65M","0.50%"
"01/10/2018","29.86","30.09","30.19","29.78","5.00M","-0.99%"
"01/09/2018","30.16","30.30","30.30","30.14","2.47M","-0.26%"
"01/08/2018","30.24","30.32","30.38","30.23","2.50M","-0.33%"
"01/05/2018","30.34","30.43","30.60","30.33","1.55M","0.36%"
"01/04/2018","30.23","30.15","30.28","30.05","1.54M","0.70%"
"01/03/2018","30.02","29.95","30.07","29.90","2.78M","0.37%"
"01/02/2018","29.91","29.85","29.95","29.64","2.51M","0.91%"
"12/29/2017","29.64","29.78","29.82","29.56","3.20M","0.07%"
"12/28/2017","29.62","29.50","29.63","29.41","1.82M","0.82%"
"12/27/2017","29.38","29.41","29.44","29.32","2.11M","0.41%"
"12/26/2017","29.26","29.20","29.31","29.19","872.12K","0.31%"
"12/22/2017","29.17","29.08","29.18","29.02","1.41M","0.07%"
"12/21/2017","29.15","29.08","29.23","29.00","1.98M","0.83%"
"12/20/2017","28.91","28.88","28.94","28.77","2.11M","0.42%"
"12/19/2017","28.79","28.79","28.89","28.77","2.42M","-1.37%"
"12/18/2017","29.19","29.17","29.35","29.13","1.81M","0.66%"
"12/15/2017","29.00","29.31","29.31","28.99","1.58M","-0.65%"
"12/14/2017","29.19","29.25","29.36","29.16","1.39M","-0.31%"
"12/13/2017","29.28","29.28","29.37","29.22","2.41M","0.27%"
"12/12/2017","29.20","29.22","29.23","29.12","1.40M","0.14%"
"12/11/2017","29.16","29.06","29.23","29.06","1.79M","0.07%"
"12/08/2017","29.14","29.15","29.17","29.06","1.09M","0.34%"
"12/07/2017","29.04","28.85","29.09","28.76","1.10M","0.45%"
"12/06/2017","28.91","29.15","29.22","28.91","2.93M","-0.76%"
"12/05/2017","29.13","29.28","29.34","29.12","2.23M","-0.27%"
"12/04/2017","29.21","29.47","29.52","29.20","1.79M","-0.54%"
"12/01/2017","29.37","29.25","29.42","29.19","3.49M","1.49%"
"11/30/2017","28.94","28.95","29.05","28.91","4.47M","0.28%"
"11/29/2017","28.86","29.03","29.03","28.77","1.82M","-0.72%"
"11/28/2017","29.07","29.16","29.17","29.02","2.05M","-0.31%"
"11/27/2017","29.16","29.44","29.45","29.15","1.50M","-0.85%"
"11/24/2017","29.41","29.35","29.45","29.35","727.32K","0.07%"
"11/22/2017","29.39","29.31","29.41","29.27","1.79M","0.72%"
"11/21/2017","29.18","29.10","29.31","29.10","1.67M","0.48%"
"11/20/2017","29.04","29.04","29.09","28.97","2.32M","-0.03%"
"11/17/2017","29.05","28.96","29.10","28.90","1.67M","0.10%"
"11/16/2017","29.02","28.89","29.07","28.85","1.73M","0.42%"
"11/15/2017","28.90","28.78","28.95","28.75","1.87M","-0.38%"
"11/14/2017","29.01","29.07","29.16","28.96","1.77M","-0.65%"
"11/13/2017","29.20","29.19","29.32","29.17","1.24M","-0.41%"
"11/10/2017","29.32","29.39","29.44","29.25","4.32M","-0.31%"
"11/09/2017","29.41","29.28","29.45","29.22","2.26M","0.20%"
"11/08/2017","29.35","29.32","29.39","29.25","1.70M","0.27%"
"11/07/2017","29.27","29.26","29.29","29.14","1.84M","-0.20%"
"11/06/2017","29.33","29.12","29.35","29.08","1.55M","0.76%"
"11/03/2017","29.11","29.07","29.14","28.99","2.12M","0.48%"
"11/02/2017","28.97","28.89","29.00","28.87","1.57M","0.28%"
"11/01/2017","28.89","28.91","28.98","28.83","2.04M","0.35%"
"10/31/2017","28.79","28.82","28.91","28.76","1.93M","-0.45%"
"10/30/2017","28.92","28.75","28.93","28.75","1.64M","0.31%"
"10/27/2017","28.83","28.55","28.83","28.50","1.68M","0.63%"
"10/26/2017","28.65","28.72","28.77","28.64","1.90M","-0.24%"
"10/25/2017","28.72","29.04","29.05","28.60","2.94M","-1.10%"
"10/24/2017","29.04","29.10","29.16","29.01","1.34M","0.03%"
"10/23/2017","29.03","29.08","29.13","29.01","2.26M","-0.24%"
"10/20/2017","29.10","29.23","29.23","29.07","1.62M","-0.78%"
"10/19/2017","29.33","29.18","29.38","29.17","1.04M","0.17%"
"10/18/2017","29.28","29.30","29.34","29.23","1.28M","0.41%"
"10/17/2017","29.16","29.13","29.20","29.04","1.86M","-0.03%"
"10/16/2017","29.17","29.21","29.26","29.14","2.57M","-0.31%"
"10/13/2017","29.26","29.24","29.30","29.20","1.47M","0.27%"
"10/12/2017","29.18","29.22","29.25","29.14","2.24M","-0.34%"
"10/11/2017","29.28","29.16","29.29","29.14","1.61M","0.58%"
"10/10/2017","29.11","29.15","29.18","29.09","1.52M","0.52%"
"10/09/2017","28.96","29.00","29.05","28.93","725.77K","0.03%"
"10/06/2017","28.95","28.97","28.97","28.85","1.21M","-0.14%"
"10/05/2017","28.99","28.98","29.10","28.96","2.15M","-0.41%"
"10/04/2017","29.11","29.11","29.16","29.04","2.86M","0.10%"
"10/03/2017","29.08","28.96","29.10","28.96","1.55M","0.41%"
"10/02/2017","28.96","28.91","29.04","28.84","2.38M","0.07%"
"09/29/2017","28.94","28.85","29.04","28.85","4.56M","0.00%"
"09/28/2017","28.94","28.82","29.01","28.82","1.66M","0.38%"
"09/27/2017","28.83","28.81","28.98","28.80","5.05M","0.07%"
"09/26/2017","28.81","28.87","28.88","28.69","1.57M","-0.10%"
"09/25/2017","28.84","28.81","28.90","28.75","1.50M","0.10%"
"09/22/2017","28.81","28.88","28.95","28.73","1.24M","-0.07%"
"09/21/2017","28.83","28.65","28.88","28.63","3.53M","0.49%"
"09/20/2017","28.69","28.76","28.95","28.51","2.48M","0.17%"
"09/19/2017","28.64","28.58","28.70","28.51","1.54M","0.53%"
"09/18/2017","28.49","28.63","28.68","28.37","2.64M","-0.35%"
"09/15/2017","28.59","28.65","28.67","28.51","2.11M","-0.03%"
"09/14/2017","28.60","28.38","28.61","28.38","4.54M","0.39%"
"09/13/2017","28.49","28.56","28.57","28.42","1.60M","-0.04%"
"09/12/2017","28.50","28.46","28.56","28.37","1.95M","0.07%"
"09/11/2017","28.48","28.38","28.49","28.33","1.40M","0.71%"
"09/08/2017","28.28","28.42","28.42","28.23","2.35M","-0.35%"
"09/07/2017","28.38","28.41","28.43","28.28","1.41M","0.60%"
"09/06/2017","28.21","27.90","28.41","27.89","8.83M","1.15%"
"09/05/2017","27.89","28.08","28.13","27.77","1.94M","-0.78%"
"09/01/2017","28.11","28.02","28.16","27.98","3.44M","0.86%"
"08/31/2017","27.87","27.72","27.95","27.66","2.96M","1.24%"
"08/30/2017","27.53","27.61","27.61","27.45","1.86M","-0.43%"
"08/29/2017","27.65","27.54","27.65","27.36","1.99M","0.11%"
"08/28/2017","27.62","27.80","27.80","27.56","1.03M","-0.36%"
"08/25/2017","27.72","27.74","27.79","27.66","955.11K","0.29%"
"08/24/2017","27.64","27.65","27.73","27.56","1.34M","0.22%"
"08/23/2017","27.58","27.21","27.63","27.20","2.09M","0.66%"
"08/22/2017","27.40","27.44","27.45","27.37","1.22M","0.33%"
"08/21/2017","27.31","27.30","27.33","27.20","1.14M","0.15%"
"08/18/2017","27.27","27.35","27.37","27.18","1.64M","0.18%"
"08/17/2017","27.22","27.36","27.44","27.21","2.12M","-0.69%"
"08/16/2017","27.41","27.29","27.46","27.29","2.44M","0.74%"
"08/15/2017","27.21","27.26","27.28","27.16","1.75M","-0.33%"
"08/14/2017","27.30","27.25","27.50","27.21","2.86M","0.33%"
"08/11/2017","27.21","27.24","27.29","27.11","3.82M","0.15%"
"08/10/2017","27.17","27.54","27.57","27.14","3.02M","-1.38%"
"08/09/2017","27.55","27.55","27.64","27.45","1.60M","-0.54%"
"08/08/2017","27.70","27.66","27.78","27.61","1.71M","-0.14%"
"08/07/2017","27.74","27.66","27.75","27.58","943.57K","-0.11%"
"08/04/2017","27.77","27.78","27.85","27.62","1.35M","0.00%"
"08/03/2017","27.77","27.84","27.98","27.72","1.75M","-0.47%"
"08/02/2017","27.90","27.75","27.96","27.74","1.68M","0.25%"
"08/01/2017","27.83","27.95","28.00","27.57","3.35M","-0.25%"
"07/31/2017","27.90","27.86","28.02","27.77","2.72M","0.00%"
"07/28/2017","27.90","27.84","27.94","27.80","2.70M","0.47%"
"07/27/2017","27.77","27.98","28.02","27.57","2.32M","-0.75%"
"07/26/2017","27.98","28.01","28.15","27.82","3.56M","0.14%"
"07/25/2017","27.94","27.90","28.12","27.87","1.13M","0.43%"
"07/24/2017","27.82","27.85","27.85","27.68","1.07M","0.07%"
"07/21/2017","27.80","27.89","27.90","27.64","1.26M","-0.22%"
"07/20/2017","27.86","27.84","27.96","27.79","1.52M","0.25%"
"07/19/2017","27.79","27.66","27.84","27.65","1.42M","0.91%"
"07/18/2017","27.54","27.56","27.65","27.37","1.61M","0.40%"
"07/17/2017","27.43","27.56","27.64","27.41","1.52M","-0.44%"
"07/14/2017","27.55","27.37","27.61","27.36","1.25M","0.80%"
"07/13/2017","27.33","27.28","27.36","27.21","2.08M","0.15%"
"07/12/2017","27.29","27.00","27.45","26.99","4.10M","1.53%"
"07/11/2017","26.88","26.82","26.90","26.69","1.73M","-0.07%"
"07/10/2017","26.90","26.70","26.99","26.65","2.32M","0.52%"
"07/07/2017","26.76","26.72","26.77","26.50","2.14M","0.41%"
"07/06/2017","26.65","26.69","26.84","26.62","2.80M","-0.41%"
"07/05/2017","26.76","26.75","26.93","26.48","5.58M","-0.67%"
"07/03/2017","26.94","27.00","27.06","26.85","3.21M","0.67%"
"06/30/2017","26.76","26.95","26.95","26.62","2.41M","-0.11%"
"06/29/2017","26.79","26.99","26.99","26.63","4.30M","-0.67%"
"06/28/2017","26.97","26.65","27.00","26.65","2.40M","1.62%"
"06/27/2017","26.54","26.56","26.63","26.43","1.94M","0.42%"
"06/26/2017","26.43","26.44","26.60","26.33","1.70M","0.27%"
"06/23/2017","26.36","26.17","26.45","26.12","1.42M","0.38%"
"06/22/2017","26.26","26.14","26.40","26.11","3.84M","1.08%"
"06/21/2017","25.98","26.07","26.23","25.92","2.07M","-0.46%"
"06/20/2017","26.10","26.35","26.35","26.08","3.33M","-1.99%"
"06/19/2017","26.63","26.66","26.76","26.54","2.12M","0.30%"
"06/16/2017","26.55","26.44","26.56","26.25","2.39M","0.87%"
"06/15/2017","26.32","26.17","26.37","26.11","2.77M","-0.38%"
"06/14/2017","26.42","26.93","26.93","26.38","2.26M","-1.23%"
"06/13/2017","26.75","26.78","26.79","26.61","2.84M","0.64%"
"06/12/2017","26.58","26.53","26.75","26.31","4.03M","0.26%"
"06/09/2017","26.51","26.35","26.61","26.33","2.71M","0.80%"
"06/08/2017","26.30","26.19","26.31","26.17","2.75M","0.46%"
"06/07/2017","26.18","26.43","26.55","26.14","3.43M","-1.17%"
"06/06/2017","26.49","26.39","26.49","26.25","1.72M","0.53%"
"06/05/2017","26.35","26.35","26.39","26.16","1.81M","0.04%"
"06/02/2017","26.34","26.35","26.41","26.25","1.94M","-0.04%"
"06/01/2017","26.35","26.14","26.45","26.14","2.16M","0.73%"
"05/31/2017","26.16","26.24","26.31","26.02","3.90M","-0.49%"
"05/30/2017","26.29","26.28","26.38","26.27","2.73M","-0.34%"
"05/26/2017","26.38","26.38","26.41","26.27","1.47M","0.27%"
"05/25/2017","26.31","26.55","26.63","26.21","2.14M","-0.38%"
"05/24/2017","26.41","26.38","26.44","26.21","1.44M","0.08%"
"05/23/2017","26.39","26.45","26.56","26.36","2.68M","-0.15%"
"05/22/2017","26.43","26.28","26.55","26.28","2.21M","0.57%"
"05/19/2017","26.28","26.00","26.33","25.96","2.90M","1.82%"
"05/18/2017","25.81","25.75","25.97","25.58","3.90M","0.04%"
"05/17/2017","25.80","26.13","26.23","25.76","5.42M","-2.05%"
"05/16/2017","26.34","26.51","26.60","26.33","1.94M","-0.11%"
"05/15/2017","26.37","26.35","26.48","26.34","1.59M","1.00%"
"05/12/2017","26.11","26.14","26.22","26.00","2.35M","-0.15%"
"05/11/2017","26.15","26.20","26.25","26.07","2.53M","-0.83%"
"05/10/2017","26.37","26.20","26.39","26.15","1.85M","0.92%"
"05/09/2017","26.13","26.27","26.34","26.02","3.35M","-0.72%"
"05/08/2017","26.32","26.33","26.36","26.20","2.83M","0.11%"
"05/05/2017","26.29","25.85","26.32","25.84","3.07M","1.86%"
"05/04/2017","25.81","26.01","26.10","25.76","8.86M","-1.22%"
"05/03/2017","26.13","26.14","26.27","26.08","4.99M","-0.34%"
"05/02/2017","26.22","26.20","26.29","26.13","2.28M","0.00%"
"05/01/2017","26.22","26.28","26.39","26.22","1.44M","-0.15%"
"04/28/2017","26.26","26.18","26.34","26.11","1.93M","0.19%"
"04/27/2017","26.21","26.49","26.54","25.98","4.27M","-1.06%"
"04/26/2017","26.49","26.72","26.84","26.48","3.43M","-1.08%"
"04/25/2017","26.78","26.71","26.81","26.66","1.83M","-0.11%"
"04/24/2017","26.81","26.99","26.99","26.79","1.66M","0.90%"
"04/21/2017","26.57","26.53","26.63","26.49","1.27M","-0.30%"
"04/20/2017","26.65","26.46","26.72","26.46","2.55M","0.60%"
"04/19/2017","26.49","26.74","26.82","26.44","1.76M","-1.16%"
"04/18/2017","26.80","26.87","26.92","26.64","2.78M","-0.85%"
"04/17/2017","27.03","26.82","27.12","26.82","2.18M","1.27%"
"04/13/2017","26.69","27.08","27.09","26.69","3.37M","-1.33%"
"04/12/2017","27.05","27.06","27.17","26.95","2.57M","-0.07%"
"04/11/2017","27.07","27.12","27.13","26.82","2.54M","-0.11%"
"04/10/2017","27.10","26.86","27.17","26.86","1.39M","0.86%"
"04/07/2017","26.87","27.00","27.02","26.84","1.73M","-0.15%"
"04/06/2017","26.91","26.87","26.99","26.80","1.70M","0.52%"
"04/05/2017","26.77","26.96","27.09","26.76","2.67M","-0.41%"
"04/04/2017","26.88","26.63","26.90","26.61","2.69M","0.37%"
"04/03/2017","26.78","26.84","26.91","26.50","3.57M","-0.37%"
"03/31/2017","26.88","26.94","27.01","26.85","1.95M","0.00%"
"03/30/2017","26.88","27.08","27.13","26.87","3.39M","-0.59%"
"03/29/2017","27.04","26.80","27.04","26.73","1.68M","0.78%"
"03/28/2017","26.83","26.63","26.91","26.63","1.84M","0.79%"
"03/27/2017","26.62","26.48","26.66","26.32","1.88M","0.34%"
"03/24/2017","26.53","26.56","26.66","26.49","3.05M","-0.15%"
"03/23/2017","26.57","26.43","26.70","26.42","6.23M","0.38%"
"03/22/2017","26.47","26.22","26.49","26.13","2.63M","0.61%"
"03/21/2017","26.31","26.76","26.90","26.31","8.13M","-1.09%"
"03/20/2017","26.60","26.70","26.74","26.51","1.62M","-0.41%"
"03/17/2017","26.71","26.97","27.03","26.71","2.57M","-0.60%"
"03/16/2017","26.87","26.90","27.05","26.85","2.04M","0.07%"
"03/15/2017","26.85","26.42","26.85","26.39","3.75M","2.01%"
"03/14/2017","26.32","26.44","26.49","26.28","2.48M","-1.28%"
"03/13/2017","26.66","26.52","26.69","26.51","1.79M","0.49%"
"03/10/2017","26.53","26.65","26.73","26.39","2.19M","0.11%"
"03/09/2017","26.50","26.51","26.66","26.37","2.35M","0.00%"
"03/08/2017","26.50","26.83","26.87","26.50","3.49M","-1.23%"
"03/07/2017","26.83","26.88","26.89","26.77","2.75M","-0.19%"
"03/06/2017","26.88","26.77","26.89","26.65","2.00M","0.15%"
"03/03/2017","26.84","26.66","26.88","26.64","1.52M","0.60%"
"03/02/2017","26.68","26.81","26.86","26.68","2.32M","-0.74%"
"03/01/2017","26.88","26.80","26.93","26.70","12.78M","0.71%"
"02/28/2017","26.69","26.95","27.07","26.67","6.03M","-1.77%"
"02/27/2017","27.17","27.21","27.26","27.06","3.54M","-0.18%"
"02/24/2017","27.22","27.53","27.54","27.19","3.11M","-1.38%"
"02/23/2017","27.60","27.87","27.90","27.59","5.88M","-0.29%"
"02/22/2017","27.68","27.71","27.73","27.59","1.29M","-0.54%"
"02/21/2017","27.83","27.78","27.86","27.73","1.14M","0.18%"
"02/17/2017","27.78","27.76","27.80","27.70","965.91K","-0.22%"
"02/16/2017","27.84","27.90","27.92","27.83","1.73M","0.04%"
"02/15/2017","27.83","27.69","27.84","27.67","1.19M","0.22%"
"02/14/2017","27.77","27.75","27.81","27.56","1.51M","0.33%"
"02/13/2017","27.68","27.64","27.72","27.59","1.07M","0.33%"
"02/10/2017","27.59","27.44","27.64","27.42","3.19M","1.10%"
"02/09/2017","27.29","27.29","27.35","27.23","1.44M","0.70%"
"02/08/2017","27.10","26.98","27.11","26.84","1.17M","0.37%"
"02/07/2017","27.00","26.95","27.05","26.92","2.19M","-0.30%"
"02/06/2017","27.08","27.15","27.19","26.98","1.36M","-0.70%"
"02/03/2017","27.27","27.25","27.40","27.15","9.92M","0.37%"
"02/02/2017","27.17","27.18","27.27","27.10","1.63M","0.26%"
"02/01/2017","27.10","27.09","27.18","26.91","1.99M","-0.29%"
"01/31/2017","27.18","27.16","27.27","27.00","1.56M","0.63%"
"01/30/2017","27.01","27.23","27.23","26.94","1.62M","-0.92%"
"01/27/2017","27.26","27.46","27.49","27.22","1.29M","-0.76%"
"01/26/2017","27.47","27.52","27.52","27.36","2.09M","-0.25%"
"01/25/2017","27.54","27.40","27.59","27.40","1.46M","0.88%"
"01/24/2017","27.30","26.89","27.35","26.89","2.30M","1.79%"
"01/23/2017","26.82","26.82","26.88","26.63","7.39M","-0.04%"
"01/20/2017","26.83","26.62","26.87","26.62","1.97M","0.79%"
"01/19/2017","26.62","26.73","26.73","26.53","3.27M","-0.34%"
"01/18/2017","26.71","27.13","27.13","26.64","1.95M","-1.66%"
"01/17/2017","27.16","27.29","27.32","27.14","1.57M","0.11%"
"01/13/2017","27.13","26.96","27.17","26.93","1.24M","0.48%"
"01/12/2017","27.00","27.11","27.22","26.85","2.30M","0.04%"
"01/11/2017","26.99","26.68","27.02","26.67","3.59M","0.93%"
"01/10/2017","26.74","26.72","26.87","26.72","1.14M","0.15%"
"01/09/2017","26.70","26.82","26.82","26.61","911.73K","-0.71%"
"01/06/2017","26.89","27.00","27.01","26.81","868.76K","-0.19%"
"01/05/2017","26.94","26.84","27.09","26.79","3.20M","0.75%"
"01/04/2017","26.74","26.56","26.79","26.52","1.76M","1.67%"
"01/03/2017","26.30","26.18","26.43","26.18","3.72M","0.57%"
"12/30/2016","26.15","26.28","26.40","26.08","5.17M","-0.08%"
"12/29/2016","26.17","25.95","26.27","25.95","4.24M","0.58%"
"12/28/2016","26.02","26.09","26.14","25.98","4.06M","-0.19%"
"12/27/2016","26.07","26.15","26.17","26.03","3.31M","0.00%"
"12/23/2016","26.07","26.05","26.16","26.05","1.08M","-0.53%"
"12/22/2016","26.21","26.16","26.23","26.10","1.24M","-0.34%"
"12/21/2016","26.30","26.39","26.39","26.24","2.06M","-1.05%"
"12/20/2016","26.58","26.51","26.65","26.51","2.46M","0.53%"
"12/19/2016","26.44","26.55","26.57","26.44","1.26M","-0.56%"
"12/16/2016","26.59","26.53","26.65","26.52","2.47M","0.23%"
"12/15/2016","26.53","26.33","26.58","26.28","4.02M","-0.19%"
"12/14/2016","26.58","27.14","27.17","26.54","3.50M","-2.17%"
"12/13/2016","27.17","27.05","27.27","27.05","3.10M","0.63%"
"12/12/2016","27.00","27.06","27.14","26.96","2.07M","0.22%"
"12/09/2016","26.94","26.94","27.00","26.91","2.27M","0.30%"
"12/08/2016","26.86","26.70","26.88","26.68","1.26M","0.79%"
"12/07/2016","26.65","26.42","26.68","26.37","1.75M","1.10%"
"12/06/2016","26.36","26.30","26.38","26.25","7.08M","0.15%"
"12/05/2016","26.32","26.37","26.45","26.29","1.31M","0.34%"
"12/02/2016","26.23","26.23","26.31","26.12","2.55M","0.46%"
"12/01/2016","26.11","26.26","26.33","26.09","3.82M","0.38%"
"11/30/2016","26.01","26.05","26.21","25.98","12.25M","0.62%"
"11/29/2016","25.85","25.78","25.93","25.71","2.13M","-0.19%"
"11/28/2016","25.90","26.06","26.07","25.88","1.80M","0.08%"
"11/25/2016","25.88","25.85","25.94","25.85","1.02M","-0.19%"
"11/23/2016","25.93","25.77","26.01","25.77","1.51M","-0.19%"
"11/22/2016","25.98","26.10","26.11","25.88","1.88M","0.00%"
"11/21/2016","25.98","25.74","25.98","25.74","1.66M","2.04%"
"11/18/2016","25.46","25.43","25.49","25.34","2.66M","0.16%"
"11/17/2016","25.42","25.43","25.58","25.39","1.97M","0.39%"
"11/16/2016","25.32","25.28","25.38","25.20","2.01M","-0.20%"
"11/15/2016","25.37","25.04","25.37","24.99","1.68M","1.93%"
"11/14/2016","24.89","24.90","24.92","24.75","3.41M","0.16%"
"11/11/2016","24.85","25.20","25.21","24.74","2.75M","-1.78%"
"11/10/2016","25.30","25.32","25.49","25.21","3.43M","-0.59%"
"11/09/2016","25.45","25.08","25.48","25.06","9.95M","0.16%"
"11/08/2016","25.41","25.19","25.46","25.17","1.41M","0.63%"
"11/07/2016","25.25","25.15","25.28","25.12","1.29M","1.28%"
"11/04/2016","24.93","24.94","25.03","24.81","1.33M","-0.56%"
"11/03/2016","25.07","25.15","25.22","25.02","1.85M","-0.12%"
"11/02/2016","25.10","25.33","25.36","25.07","3.60M","-1.10%"
"11/01/2016","25.38","25.50","25.56","25.24","2.25M","0.12%"
"10/31/2016","25.35","25.36","25.48","25.32","1.48M","-0.39%"
"10/28/2016","25.45","25.49","25.63","25.36","1.96M","-0.24%"
"10/27/2016","25.51","25.64","25.64","25.45","1.16M","0.16%"
"10/26/2016","25.47","25.41","25.59","25.39","1.90M","-0.35%"
"10/25/2016","25.56","25.64","25.70","25.53","1.68M","-0.08%"
"10/24/2016","25.58","25.67","25.71","25.49","1.15M","-0.47%"
"10/21/2016","25.70","25.53","25.71","25.44","1.13M","-0.16%"
"10/20/2016","25.74","25.77","25.84","25.65","1.64M","-0.69%"
"10/19/2016","25.92","25.90","26.10","25.80","2.96M","0.70%"
"10/18/2016","25.74","25.76","25.81","25.61","1.32M","0.98%"
"10/17/2016","25.49","25.42","25.53","25.40","1.71M","0.28%"
"10/14/2016","25.42","25.56","25.69","25.41","1.47M","0.16%"
"10/13/2016","25.38","25.18","25.48","25.00","2.77M","0.44%"
"10/12/2016","25.27","25.21","25.37","25.11","1.37M","0.20%"
"10/11/2016","25.22","25.36","25.36","25.14","2.38M","-0.75%"
"10/10/2016","25.41","25.36","25.58","25.30","1.83M","1.07%"
"10/07/2016","25.14","25.41","25.42","24.99","1.30M","-0.83%"
"10/06/2016","25.35","25.37","25.45","25.25","1.14M","-0.39%"
"10/05/2016","25.45","25.36","25.52","25.33","1.90M","0.87%"
"10/04/2016","25.23","25.48","25.56","25.10","2.77M","-1.60%"
"10/03/2016","25.64","25.68","25.69","25.48","3.23M","-0.19%"
"09/30/2016","25.69","25.83","25.86","25.64","1.58M","0.31%"
"09/29/2016","25.61","25.75","25.86","25.49","1.96M","-0.27%"
"09/28/2016","25.68","25.20","25.70","25.10","1.95M","1.99%"
"09/27/2016","25.18","25.04","25.21","24.94","902.13K","-0.08%"
"09/26/2016","25.20","25.38","25.40","25.16","1.17M","-0.90%"
"09/23/2016","25.43","25.58","25.64","25.37","1.04M","-1.32%"
"09/22/2016","25.77","25.89","25.98","25.75","1.49M","0.90%"
"09/21/2016","25.54","25.18","25.56","25.18","2.26M","2.08%"
"09/20/2016","25.02","25.03","25.13","24.99","1.24M","0.08%"
"09/19/2016","25.00","25.16","25.20","24.97","1.33M","0.36%"
"09/16/2016","24.91","24.91","24.97","24.80","1.16M","-0.72%"
"09/15/2016","25.09","24.77","25.20","24.77","2.33M","1.37%"
"09/14/2016","24.75","24.72","25.02","24.71","2.81M","-0.08%"
"09/13/2016","24.77","25.09","25.11","24.70","2.88M","-2.63%"
"09/12/2016","25.44","25.09","25.50","25.05","4.03M","0.36%"
"09/09/2016","25.35","25.67","25.72","25.27","1.97M","-2.57%"
"09/08/2016","26.02","26.00","26.14","25.89","1.85M","-0.19%"
"09/07/2016","26.07","26.20","26.21","25.95","1.90M","-0.38%"
"09/06/2016","26.17","26.08","26.20","25.98","2.86M","1.20%"
"09/02/2016","25.86","25.74","25.95","25.74","1.87M","1.45%"
"09/01/2016","25.49","25.25","25.53","25.25","2.79M","0.71%"
"08/31/2016","25.31","25.41","25.46","25.20","2.32M","-0.86%"
"08/30/2016","25.53","25.61","25.77","25.50","2.04M","-0.47%"
"08/29/2016","25.65","25.53","25.71","25.49","958.93K","0.20%"
"08/26/2016","25.60","25.85","26.08","25.53","2.28M","-0.35%"
"08/25/2016","25.69","25.70","25.76","25.62","823.87K","-0.16%"
"08/24/2016","25.73","25.86","25.95","25.68","1.07M","-0.81%"
"08/23/2016","25.94","25.91","26.07","25.91","897.87K","0.58%"
"08/22/2016","25.79","25.71","25.82","25.60","932.72K","-0.31%"
"08/19/2016","25.87","25.84","25.89","25.71","967.84K","-0.65%"
"08/18/2016","26.04","25.95","26.07","25.94","977.88K","0.70%"
"08/17/2016","25.86","25.81","25.93","25.68","1.75M","-0.12%"
"08/16/2016","25.89","25.95","25.96","25.79","1.21M","0.12%"
"08/15/2016","25.86","25.85","25.93","25.82","1.27M","0.51%"
"08/12/2016","25.73","25.88","25.88","25.66","1.52M","-0.35%"
"08/11/2016","25.82","25.69","25.87","25.65","3.67M","1.14%"
"08/10/2016","25.53","25.69","25.73","25.51","1.15M","0.20%"
"08/09/2016","25.48","25.38","25.57","25.38","6.74M","0.59%"
"08/08/2016","25.33","25.19","25.39","25.15","5.49M","0.88%"
"08/05/2016","25.11","24.97","25.11","24.94","1.12M","-0.08%"
"08/04/2016","25.13","25.03","25.19","24.99","1.80M","0.12%"
"08/03/2016","25.10","24.86","25.10","24.83","1.36M","0.80%"
"08/02/2016","24.90","25.10","25.17","24.79","1.85M","-0.12%"
"08/01/2016","24.93","25.12","25.16","24.90","1.57M","-1.23%"
"07/29/2016","25.24","25.04","25.31","24.98","809.45K","1.04%"
"07/28/2016","24.98","24.97","25.05","24.86","1.06M","0.12%"
"07/27/2016","24.95","25.00","25.11","24.71","1.19M","-0.04%"
"07/26/2016","24.96","24.81","24.97","24.81","1.26M","0.69%"
"07/25/2016","24.79","24.92","24.97","24.75","864.38K","-1.27%"
"07/22/2016","25.11","25.20","25.20","24.98","1.57M","-0.12%"
"07/21/2016","25.14","25.20","25.33","25.13","1.18M","-0.24%"
"07/20/2016","25.20","25.06","25.28","25.03","780.24K","0.00%"
"07/19/2016","25.20","25.20","25.23","25.12","709.21K","-0.71%"
"07/18/2016","25.38","25.23","25.39","25.14","920.73K","0.40%"
"07/15/2016","25.28","25.43","25.44","25.22","2.08M","-0.51%"
"07/14/2016","25.41","25.40","25.50","25.27","853.06K","1.03%"
"07/13/2016","25.15","25.11","25.28","25.01","1.53M","0.32%"
"07/12/2016","25.07","24.95","25.14","24.94","2.53M","1.66%"
"07/11/2016","24.66","24.63","24.79","24.63","1.67M","0.08%"
"07/08/2016","24.64","24.58","24.75","24.58","1.30M","0.61%"
"07/07/2016","24.49","24.86","24.95","24.39","2.89M","-0.97%"
"07/06/2016","24.73","24.54","24.74","24.31","2.66M","0.61%"
"07/05/2016","24.58","24.77","24.83","24.57","3.19M","-1.01%"
"07/01/2016","24.83","24.63","24.84","24.58","2.06M","1.31%"
"06/30/2016","24.51","24.49","24.56","24.25","6.70M","0.57%"
"06/29/2016","24.37","24.19","24.42","24.16","3.08M","1.63%"
"06/28/2016","23.98","23.92","24.00","23.78","2.10M","1.52%"
"06/27/2016","23.62","23.91","23.93","23.44","2.41M","-2.15%"
"06/24/2016","24.14","24.01","24.48","23.84","3.76M","-3.63%"
"06/23/2016","25.05","24.99","25.13","24.95","2.66M","1.62%"
"06/22/2016","24.65","24.81","24.87","24.63","2.49M","-1.16%"
"06/21/2016","24.94","24.92","25.02","24.77","1.32M","0.08%"
"06/20/2016","24.92","24.99","25.06","24.87","3.10M","1.38%"
"06/17/2016","24.58","24.58","24.74","24.52","1.78M","0.82%"
"06/16/2016","24.38","24.25","24.42","23.98","2.11M","-0.49%"
"06/15/2016","24.50","24.50","24.70","24.46","2.82M","-0.33%"
"06/14/2016","24.58","24.77","24.89","24.52","2.46M","-1.29%"
"06/13/2016","24.90","24.85","25.10","24.85","2.11M","-0.60%"
"06/10/2016","25.05","25.34","25.40","24.96","1.78M","-1.69%"
"06/09/2016","25.48","25.45","25.54","25.36","2.16M","-0.74%"
"06/08/2016","25.67","25.95","26.01","25.62","1.61M","0.08%"
"06/07/2016","25.65","25.48","25.69","25.43","2.95M","1.02%"
"06/06/2016","25.39","25.15","25.44","25.15","1.86M","1.36%"
"06/03/2016","25.05","24.90","25.12","24.85","2.88M","1.79%"
"06/02/2016","24.61","24.38","24.66","24.36","1.12M","0.29%"
"06/01/2016","24.54","24.38","24.58","24.27","2.82M","0.25%"
"05/31/2016","24.48","24.67","24.82","24.44","8.51M","-1.01%"
"05/27/2016","24.73","24.62","24.79","24.57","2.07M","0.00%"
"05/26/2016","24.73","24.93","24.96","24.66","2.51M","0.49%"
"05/25/2016","24.61","24.30","24.67","24.29","2.78M","1.86%"
"05/24/2016","24.16","24.13","24.42","24.12","2.59M","0.17%"
"05/23/2016","24.12","24.11","24.25","23.95","1.59M","-0.17%"
"05/20/2016","24.16","24.11","24.25","24.05","3.13M","0.58%"
"05/19/2016","24.02","23.87","24.02","23.69","3.98M","-0.74%"
"05/18/2016","24.20","24.33","24.58","24.11","6.98M","-1.43%"
"05/17/2016","24.55","24.41","24.70","24.36","4.72M","0.20%"
"05/16/2016","24.50","24.35","24.57","24.34","2.12M","1.49%"
"05/13/2016","24.14","24.23","24.37","24.10","2.93M","-1.11%"
"05/12/2016","24.41","24.59","24.68","24.17","3.20M","0.29%"
"05/11/2016","24.34","24.34","24.48","24.18","2.79M","0.41%"
"05/10/2016","24.24","23.88","24.29","23.88","4.63M","1.85%"
"05/09/2016","23.80","23.95","23.98","23.69","2.54M","-1.57%"
"05/06/2016","24.18","23.99","24.29","23.95","3.16M","0.12%"
"05/05/2016","24.15","24.42","24.46","24.04","3.31M","-0.04%"
"05/04/2016","24.16","24.37","24.46","24.02","2.80M","-1.91%"
"05/03/2016","24.63","24.87","24.93","24.50","3.95M","-2.46%"
"05/02/2016","25.25","25.52","25.52","25.15","2.72M","-0.59%"
"04/29/2016","25.40","25.33","25.52","25.26","2.89M","0.55%"
"04/28/2016","25.26","25.17","25.51","25.01","2.68M","0.32%"
"04/27/2016","25.18","25.12","25.25","24.92","1.89M","0.48%"
"04/26/2016","25.06","24.99","25.13","24.93","2.33M","0.68%"
"04/25/2016","24.89","25.02","25.02","24.82","4.58M","-0.68%"
"04/22/2016","25.06","25.01","25.24","24.94","1.85M","0.52%"
"04/21/2016","24.93","25.14","25.17","24.84","2.11M","-0.76%"
"04/20/2016","25.12","24.93","25.30","24.91","2.10M","0.56%"
"04/19/2016","24.98","24.75","25.01","24.70","2.24M","2.17%"
"04/18/2016","24.45","24.00","24.48","23.93","2.76M","0.87%"
"04/15/2016","24.24","24.23","24.30","24.10","1.36M","-0.33%"
"04/14/2016","24.32","24.44","24.44","24.23","1.96M","-0.25%"
"04/13/2016","24.38","24.34","24.48","24.24","2.36M","0.41%"
"04/12/2016","24.28","23.82","24.38","23.77","2.76M","2.36%"
"04/11/2016","23.72","23.68","23.90","23.68","1.03M","0.94%"
"04/08/2016","23.50","23.41","23.62","23.17","2.83M","2.09%"
"04/07/2016","23.02","23.11","23.16","22.89","2.30M","-1.12%"
"04/06/2016","23.28","23.08","23.29","22.93","4.20M","0.87%"
"04/05/2016","23.08","22.98","23.12","22.92","830.97K","-1.03%"
"04/04/2016","23.32","23.57","23.62","23.25","1.62M","-1.23%"
"04/01/2016","23.61","23.37","23.61","23.21","2.95M","-0.42%"
"03/31/2016","23.71","23.87","24.04","23.71","1.63M","-0.38%"
"03/30/2016","23.80","23.73","24.00","23.71","1.55M","1.41%"
"03/29/2016","23.47","23.10","23.54","22.99","1.57M","1.03%"
"03/28/2016","23.23","23.13","23.26","22.98","1.86M","0.61%"
"03/24/2016","23.09","22.91","23.09","22.79","1.14M","-0.47%"
"03/23/2016","23.20","23.53","23.54","23.14","3.00M","-2.11%"
"03/22/2016","23.70","23.58","23.78","23.57","1.25M","-0.04%"
"03/21/2016","23.71","23.63","23.77","23.55","2.35M","0.00%"
"03/18/2016","23.71","24.03","24.05","23.66","4.82M","-1.00%"
"03/17/2016","23.95","23.78","24.08","23.65","3.27M","1.96%"
"03/16/2016","23.49","22.99","23.55","22.98","2.15M","2.17%"
"03/15/2016","22.99","22.97","22.99","22.73","2.63M","-1.20%"
"03/14/2016","23.27","23.30","23.36","23.11","2.83M","-0.51%"
"03/11/2016","23.39","23.28","23.44","23.21","2.54M","2.05%"
"03/10/2016","22.92","23.12","23.25","22.70","6.63M","-0.78%"
"03/09/2016","23.10","22.80","23.20","22.80","4.00M","1.85%"
"03/08/2016","22.68","22.85","22.90","22.59","8.12M","-1.56%"
"03/07/2016","23.04","22.54","23.14","22.54","3.73M","1.86%"
"03/04/2016","22.62","22.44","22.73","22.43","2.07M","1.03%"
"03/03/2016","22.39","22.13","22.46","22.09","3.45M","1.08%"
"03/02/2016","22.15","22.02","22.15","21.77","3.29M","0.18%"
"03/01/2016","22.11","21.89","22.15","21.82","2.57M","2.22%"
"02/29/2016","21.63","21.69","21.82","21.58","2.67M","0.00%"
"02/26/2016","21.63","21.70","21.83","21.57","2.67M","0.65%"
"02/25/2016","21.49","21.32","21.53","21.20","1.54M","1.22%"
"02/24/2016","21.23","20.89","21.27","20.59","2.01M","0.24%"
"02/23/2016","21.18","21.35","21.55","21.12","2.20M","-1.26%"
"02/22/2016","21.45","21.63","21.75","21.43","4.57M","0.70%"
"02/19/2016","21.30","21.20","21.32","21.04","1.61M","-1.11%"
"02/18/2016","21.54","21.67","21.67","21.38","1.96M","-0.05%"
"02/17/2016","21.55","21.00","21.55","20.97","5.49M","4.01%"
"02/16/2016","20.72","20.67","20.74","20.33","4.85M","1.52%"
"02/12/2016","20.41","19.99","20.43","19.96","2.13M","3.08%"
"02/11/2016","19.80","19.65","19.83","19.48","3.53M","-0.95%"
"02/10/2016","19.99","20.24","20.48","19.96","3.64M","-1.04%"
"02/09/2016","20.20","20.40","20.58","20.02","3.26M","-1.85%"
"02/08/2016","20.58","20.78","20.78","20.45","2.39M","-1.91%"
"02/05/2016","20.98","21.14","21.19","20.91","6.39M","-1.32%"
"02/04/2016","21.26","21.00","21.46","21.00","4.50M","1.72%"
"02/03/2016","20.90","20.69","20.94","20.20","3.14M","2.96%"
"02/02/2016","20.30","20.36","20.39","20.17","1.98M","-2.45%"
"02/01/2016","20.81","20.80","20.89","20.49","3.68M","-0.48%"
"01/29/2016","20.91","20.74","20.91","20.51","3.69M","1.80%"
"01/28/2016","20.54","20.45","20.59","20.20","3.01M","2.39%"
"01/27/2016","20.06","19.98","20.43","19.83","3.96M","0.15%"
"01/26/2016","20.03","19.72","20.15","19.67","4.16M","2.82%"
"01/25/2016","19.48","19.83","19.91","19.44","3.11M","-2.65%"
"01/22/2016","20.01","19.80","20.06","19.79","3.78M","3.95%"
"01/21/2016","19.25","18.75","19.34","18.66","5.82M","3.22%"
"01/20/2016","18.65","18.50","18.84","18.07","5.41M","-1.27%"
"01/19/2016","18.89","19.11","19.11","18.68","3.87M","-0.42%"
"01/15/2016","18.97","19.02","19.21","18.79","2.59M","-3.36%"
"01/14/2016","19.63","19.34","19.73","19.16","3.56M","1.29%"
"01/13/2016","19.38","19.99","20.11","19.27","3.45M","-2.22%"
"01/12/2016","19.82","19.91","20.04","19.49","3.14M","0.20%"
"01/11/2016","19.78","20.18","20.22","19.58","2.92M","-1.35%"
"01/08/2016","20.05","20.27","20.30","20.02","1.79M","-0.45%"
"01/07/2016","20.14","20.24","20.43","20.12","1.98M","-2.38%"
"01/06/2016","20.63","20.69","20.85","20.55","1.40M","-2.18%"
"01/05/2016","21.09","21.19","21.24","20.91","2.85M","-0.47%"
"01/04/2016","21.19","21.16","21.24","20.86","1.94M","-1.44%"
"12/31/2015","21.50","21.52","21.60","21.42","2.12M","-0.74%"
"12/30/2015","21.66","21.86","21.87","21.59","1.79M","-1.10%"
"12/29/2015","21.90","21.87","21.97","21.79","2.20M","1.15%"
"12/28/2015","21.65","21.79","21.79","21.60","1.84M","-1.50%"
"12/24/2015","21.98","21.98","22.06","21.95","1.00M","0.27%"
"12/23/2015","21.92","21.71","21.95","21.66","2.14M","2.19%"
"12/22/2015","21.45","21.35","21.50","21.21","2.12M","0.56%"
"12/21/2015","21.33","21.53","21.58","21.23","2.77M","-1.39%"
"12/18/2015","21.63","21.50","21.76","21.50","3.70M","0.00%"
"12/17/2015","21.63","21.99","22.05","21.55","2.44M","-2.26%"
"12/16/2015","22.13","21.88","22.18","21.80","2.80M","1.37%"
"12/15/2015","21.83","21.65","21.92","21.63","2.31M","1.87%"
"12/14/2015","21.43","21.53","21.65","21.25","4.65M","-0.65%"
"12/11/2015","21.57","21.84","21.87","21.52","4.14M","-2.31%"
"12/10/2015","22.08","21.98","22.32","21.97","2.65M","0.00%"
"12/09/2015","22.08","21.98","22.49","21.88","4.39M","0.50%"
"12/08/2015","21.97","21.97","22.18","21.85","2.73M","-1.52%"
"12/07/2015","22.31","22.78","22.80","22.24","1.55M","-3.42%"
"12/04/2015","23.10","23.01","23.11","22.90","2.00M","0.17%"
"12/03/2015","23.06","23.45","23.45","22.99","2.21M","-0.95%"
"12/02/2015","23.28","23.50","23.66","23.24","1.53M","-1.36%"
"12/01/2015","23.60","23.32","23.62","23.31","1.65M","1.42%"
"11/30/2015","23.27","23.08","23.34","23.08","1.44M","0.69%"
"11/27/2015","23.11","23.10","23.20","23.05","889.16K","-0.56%"
"11/25/2015","23.24","23.22","23.38","23.14","1.23M","-0.13%"
"11/24/2015","23.27","23.10","23.39","23.08","1.95M","0.87%"
"11/23/2015","23.07","23.16","23.38","23.06","1.81M","-0.73%"
"11/20/2015","23.24","23.47","23.50","23.21","1.72M","-0.73%"
"11/19/2015","23.41","23.31","23.42","23.27","971.46K","0.77%"
"11/18/2015","23.23","23.06","23.25","23.02","2.11M","0.96%"
"11/17/2015","23.01","23.05","23.20","22.93","2.53M","-0.09%"
"11/16/2015","23.03","22.53","23.03","22.53","2.32M","1.99%"
"11/13/2015","22.58","22.66","22.73","22.50","6.05M","-0.88%"
"11/12/2015","22.78","22.93","23.00","22.76","1.82M","-1.85%"
"11/11/2015","23.21","23.38","23.43","23.14","1.23M","-0.47%"
"11/10/2015","23.32","23.29","23.36","23.16","1.29M","-0.38%"
"11/09/2015","23.41","23.56","23.57","23.23","1.72M","-0.47%"
"11/06/2015","23.52","23.61","23.67","23.36","1.80M","-0.97%"
"11/05/2015","23.75","23.90","23.98","23.68","1.69M","-0.96%"
"11/04/2015","23.98","24.23","24.30","23.90","1.46M","-1.24%"
"11/03/2015","24.28","23.92","24.31","23.87","3.16M","1.29%"
"11/02/2015","23.97","23.75","24.01","23.75","904.85K","0.71%"
"10/30/2015","23.80","24.13","24.18","23.80","3.15M","-1.69%"
"10/29/2015","24.21","24.20","24.40","24.15","1.04M","-0.33%"
"10/28/2015","24.29","23.98","24.45","23.97","1.75M","1.76%"
"10/27/2015","23.87","23.97","24.05","23.77","1.82M","-1.20%"
"10/26/2015","24.16","24.46","24.48","24.15","1.11M","-1.11%"
"10/23/2015","24.43","24.48","24.59","24.35","1.70M","0.00%"
"10/22/2015","24.43","24.09","24.44","24.09","1.81M","1.66%"
"10/21/2015","24.03","24.58","24.60","23.86","2.00M","-2.32%"
"10/20/2015","24.60","24.47","24.80","24.42","876.81K","0.94%"
"10/19/2015","24.37","24.55","24.64","24.31","1.77M","-1.54%"
"10/16/2015","24.75","24.83","24.92","24.71","1.48M","-0.32%"
"10/15/2015","24.83","24.68","24.86","24.56","4.56M","0.20%"
"10/14/2015","24.78","24.56","24.82","24.56","1.50M","1.18%"
"10/13/2015","24.49","24.46","24.80","24.41","1.27M","-0.85%"
"10/12/2015","24.70","24.91","24.91","24.67","1.52M","-0.88%"
"10/09/2015","24.92","24.88","25.05","24.79","5.41M","0.56%"
"10/08/2015","24.78","24.49","24.81","24.44","1.46M","1.18%"
"10/07/2015","24.49","24.37","24.61","24.27","3.22M","1.53%"
"10/06/2015","24.12","23.91","24.16","23.83","2.94M","1.17%"
"10/05/2015","23.84","23.57","23.90","23.57","1.59M","2.10%"
"10/02/2015","23.35","22.82","23.35","22.77","2.34M","1.52%"
"10/01/2015","23.00","23.22","23.30","22.84","2.15M","0.00%"
"09/30/2015","23.00","22.62","23.00","22.57","2.24M","3.00%"
"09/29/2015","22.33","22.25","22.50","22.18","2.24M","0.04%"
"09/28/2015","22.32","22.94","22.94","22.32","1.99M","-3.29%"
"09/25/2015","23.08","23.27","23.28","23.01","1.65M","0.17%"
"09/24/2015","23.04","22.82","23.12","22.74","1.54M","-0.04%"
"09/23/2015","23.05","23.39","23.49","23.03","1.96M","-1.37%"
"09/22/2015","23.37","23.65","23.65","23.26","2.08M","-2.46%"
"09/21/2015","23.96","23.91","24.11","23.82","1.95M","0.50%"
"09/18/2015","23.84","23.88","24.11","23.79","2.20M","-1.28%"
"09/17/2015","24.15","24.12","24.50","24.00","2.69M","-0.04%"
"09/16/2015","24.16","23.60","24.16","23.55","2.36M","3.07%"
"09/15/2015","23.44","23.24","23.48","23.24","1.95M","0.82%"
"09/14/2015","23.25","23.39","23.45","23.24","1.50M","-0.81%"
"09/11/2015","23.44","23.53","23.55","23.25","1.63M","-0.97%"
"09/10/2015","23.67","23.52","23.83","23.50","2.89M","0.47%"
"09/09/2015","23.56","24.02","24.07","23.52","2.58M","-0.88%"
"09/08/2015","23.77","23.86","23.87","23.67","2.76M","1.71%"
"09/04/2015","23.37","23.42","23.52","23.28","1.83M","-1.56%"
"09/03/2015","23.74","23.65","24.03","23.55","2.75M","0.81%"
"09/02/2015","23.55","23.71","23.71","23.23","3.33M","0.21%"
"09/01/2015","23.50","23.75","23.92","23.34","2.55M","-3.17%"
"08/31/2015","24.27","24.02","24.35","23.62","4.11M","0.29%"
"08/28/2015","24.20","23.85","24.21","23.80","2.41M","0.67%"
"08/27/2015","24.04","23.47","24.25","23.47","4.14M","3.62%"
"08/26/2015","23.20","23.25","23.26","22.63","4.56M","2.11%"
"08/25/2015","22.72","23.48","23.48","22.68","3.74M","0.31%"
"08/24/2015","22.65","22.42","23.39","21.90","5.86M","-3.66%"
"08/21/2015","23.51","23.89","24.08","23.51","3.11M","-2.65%"
"08/20/2015","24.15","24.54","24.54","24.15","2.79M","-2.07%"
"08/19/2015","24.66","24.89","24.92","24.52","2.98M","-1.52%"
"08/18/2015","25.04","25.00","25.10","24.88","1.08M","-0.32%"
"08/17/2015","25.12","25.05","25.12","24.91","1.05M","-0.16%"
"08/14/2015","25.16","25.12","25.32","25.12","1.32M","0.04%"
"08/13/2015","25.15","25.30","25.34","25.09","993.18K","-1.26%"
"08/12/2015","25.47","25.31","25.51","25.18","1.84M","0.43%"
"08/11/2015","25.36","25.34","25.38","25.03","1.40M","-1.25%"
"08/10/2015","25.68","25.22","25.70","25.21","1.36M","2.07%"
"08/07/2015","25.16","25.25","25.41","25.07","1.19M","-0.91%"
"08/06/2015","25.39","25.47","25.47","25.25","2.42M","-0.08%"
"08/05/2015","25.41","25.56","25.72","25.40","1.35M","0.04%"
"08/04/2015","25.40","25.36","25.55","25.33","1.32M","0.63%"
"08/03/2015","25.24","25.35","25.42","25.17","1.40M","-1.21%"
"07/31/2015","25.55","25.65","25.75","25.49","1.62M","0.08%"
"07/30/2015","25.53","25.46","25.55","25.24","1.51M","0.12%"
"07/29/2015","25.50","25.14","25.56","25.07","2.70M","1.47%"
"07/28/2015","25.13","24.90","25.20","24.72","1.66M","1.54%"
"07/27/2015","24.75","24.97","24.99","24.69","1.43M","-1.12%"
"07/24/2015","25.03","25.05","25.16","24.93","2.05M","-0.40%"
"07/23/2015","25.13","25.31","25.36","25.05","1.97M","-0.51%"
"07/22/2015","25.26","25.26","25.34","25.10","3.55M","-0.94%"
"07/21/2015","25.50","25.54","25.75","25.40","2.91M","-0.16%"
"07/20/2015","25.54","25.89","25.91","25.48","2.59M","-1.39%"
"07/17/2015","25.90","26.06","26.08","25.78","3.50M","-0.65%"
"07/16/2015","26.07","26.13","26.18","26.05","1.64M","0.12%"
"07/15/2015","26.04","26.15","26.20","25.92","2.33M","-0.84%"
"07/14/2015","26.26","26.08","26.28","25.97","1.52M","0.38%"
"07/13/2015","26.16","26.04","26.21","25.95","3.92M","0.46%"
"07/10/2015","26.04","25.90","26.06","25.80","1.52M","1.05%"
"07/09/2015","25.77","26.25","26.30","25.73","1.26M","-0.50%"
"07/08/2015","25.90","26.14","26.23","25.85","4.01M","-1.71%"
"07/07/2015","26.35","26.16","26.41","25.80","3.48M","-0.23%"
"07/06/2015","26.41","26.44","26.64","26.05","1.83M","-1.09%"
"07/02/2015","26.70","26.60","26.72","26.45","1.38M","0.53%"
"07/01/2015","26.56","26.69","26.81","26.48","3.29M","-0.41%"
"06/30/2015","26.67","26.81","26.86","26.59","1.52M","-0.30%"
"06/29/2015","26.75","27.09","27.16","26.71","2.36M","-2.83%"
"06/26/2015","27.53","27.50","27.56","27.42","1.03M","-0.25%"
"06/25/2015","27.60","27.68","27.74","27.55","2.50M","-0.65%"
"06/24/2015","27.78","27.76","27.93","27.71","1.59M","-0.25%"
"06/23/2015","27.85","27.60","27.88","27.59","1.31M","0.65%"
"06/22/2015","27.67","27.55","27.74","27.52","1.25M","0.73%"
"06/19/2015","27.47","27.69","27.73","27.37","2.49M","-1.22%"
"06/18/2015","27.81","27.87","27.92","27.76","1.96M","0.29%"
"06/17/2015","27.73","27.61","27.79","27.46","2.22M","0.40%"
"06/16/2015","27.62","27.58","27.62","27.45","1.09M","0.11%"
"06/15/2015","27.59","27.38","27.63","27.31","1.74M","0.11%"
"06/12/2015","27.56","27.57","27.66","27.51","1.76M","-1.11%"
"06/11/2015","27.87","27.89","27.97","27.73","1.24M","-0.21%"
"06/10/2015","27.93","28.02","28.09","27.93","958.25K","1.12%"
"06/09/2015","27.62","27.37","27.71","27.36","2.75M","0.99%"
"06/08/2015","27.35","27.69","27.70","27.23","1.78M","-1.26%"
"06/05/2015","27.70","27.46","27.84","27.41","1.48M","0.18%"
"06/04/2015","27.65","27.86","27.90","27.53","1.16M","-1.29%"
"06/03/2015","28.01","27.89","28.13","27.87","945.98K","0.11%"
"06/02/2015","27.98","27.82","28.13","27.78","1.30M","1.05%"
"06/01/2015","27.69","27.76","27.79","27.45","2.69M","-0.32%"
"05/29/2015","27.78","27.77","27.85","27.54","1.65M","-0.75%"
"05/28/2015","27.99","27.87","28.00","27.64","1.23M","0.18%"
"05/27/2015","27.94","27.85","28.01","27.78","1.58M","0.14%"
"05/26/2015","27.90","28.17","28.22","27.76","1.28M","-2.04%"
"05/22/2015","28.48","28.51","28.54","28.40","2.07M","-0.73%"
"05/21/2015","28.69","28.41","28.77","28.41","1.01M","0.81%"
"05/20/2015","28.46","28.44","28.62","28.43","1.54M","-0.07%"
"05/19/2015","28.48","28.50","28.56","28.34","1.70M","-0.80%"
"05/18/2015","28.71","28.68","28.82","28.66","2.26M","-0.76%"
"05/15/2015","28.93","28.69","28.94","28.60","1.54M","0.28%"
"05/14/2015","28.85","28.98","28.99","28.78","1.47M","0.14%"
"05/13/2015","28.81","28.96","29.03","28.71","1.10M","-0.10%"
"05/12/2015","28.84","28.87","29.02","28.80","923.79K","-0.07%"
"05/11/2015","28.86","28.89","29.10","28.78","588.90K","-0.24%"
"05/08/2015","28.93","28.91","29.02","28.78","1.33M","0.91%"
"05/07/2015","28.67","28.65","28.68","28.36","1.51M","-0.38%"
"05/06/2015","28.78","29.09","29.11","28.61","1.17M","-0.76%"
"05/05/2015","29.00","29.46","29.51","28.92","939.78K","-1.13%"
"05/04/2015","29.33","29.27","29.39","29.25","935.60K","0.65%"
"05/01/2015","29.14","29.07","29.19","28.99","1.54M","0.07%"
"04/30/2015","29.12","29.29","29.32","29.00","2.13M","-1.42%"
"04/29/2015","29.54","29.43","29.58","29.38","1.97M","0.14%"
"04/28/2015","29.50","29.34","29.50","29.29","868.88K","0.72%"
"04/27/2015","29.29","29.40","29.50","29.25","1.07M","0.03%"
"04/24/2015","29.28","29.33","29.39","29.18","1.99M","-0.14%"
"04/23/2015","29.32","28.88","29.41","28.84","720.13K","1.31%"
"04/22/2015","28.94","28.95","28.98","28.67","572.31K","0.21%"
"04/21/2015","28.88","29.07","29.11","28.74","947.07K","-0.82%"
"04/20/2015","29.12","29.02","29.27","29.02","1.59M","0.38%"
"04/17/2015","29.01","29.12","29.14","28.87","954.97K","-0.51%"
"04/16/2015","29.16","29.07","29.28","28.89","2.04M","0.45%"
"04/15/2015","29.03","28.44","29.16","28.44","2.38M","1.97%"
"04/14/2015","28.47","28.39","28.50","28.38","891.01K","0.92%"
"04/13/2015","28.21","28.25","28.38","28.16","516.95K","-0.14%"
"04/10/2015","28.25","28.20","28.30","28.18","1.03M","0.46%"
"04/09/2015","28.12","28.02","28.25","28.02","1.93M","0.43%"
"04/08/2015","28.00","28.22","28.33","27.91","1.27M","0.00%"
"04/07/2015","28.00","27.85","28.23","27.85","1.37M","0.36%"
"04/06/2015","27.90","27.65","28.09","27.65","1.34M","0.98%"
"04/02/2015","27.63","27.29","27.66","27.26","1.58M","1.21%"
"04/01/2015","27.30","27.28","27.36","27.09","1.54M","0.44%"
"03/31/2015","27.18","26.90","27.27","26.80","1.86M","0.33%"
"03/30/2015","27.09","27.09","27.25","27.06","944.81K","0.07%"
"03/27/2015","27.07","27.44","27.50","27.06","1.54M","-1.46%"
"03/26/2015","27.47","27.64","27.78","27.39","1.24M","-0.22%"
"03/25/2015","27.53","27.97","28.00","27.50","1.03M","-1.01%"
"03/24/2015","27.81","27.68","27.89","27.52","1.24M","0.80%"
"03/23/2015","27.59","27.61","27.69","27.46","941.16K","0.51%"
"03/20/2015","27.45","27.27","27.57","27.18","2.30M","2.23%"
"03/19/2015","26.85","27.12","27.18","26.83","1.51M","-2.40%"
"03/18/2015","27.51","26.82","27.62","26.73","3.49M","2.15%"
"03/17/2015","26.93","26.77","26.99","26.62","1.80M","0.11%"
"03/16/2015","26.90","26.64","26.98","26.58","2.51M","1.28%"
"03/13/2015","26.56","26.69","26.69","26.28","3.36M","-0.86%"
"03/12/2015","26.79","26.90","26.95","26.77","2.05M","0.71%"
"03/11/2015","26.60","26.60","26.73","26.48","1.49M","0.04%"
"03/10/2015","26.59","26.97","27.00","26.58","1.54M","-2.10%"
"03/09/2015","27.16","27.33","27.39","27.16","1.15M","-0.40%"
"03/06/2015","27.27","27.53","27.67","27.20","1.44M","-1.73%"
"03/05/2015","27.75","27.87","28.00","27.75","1.04M","-0.50%"
"03/04/2015","27.89","27.72","27.93","27.59","1.08M","0.07%"
"03/03/2015","27.87","28.12","28.13","27.84","808.45K","-0.57%"
"03/02/2015","28.03","27.97","28.05","27.87","1.10M","0.04%"
"02/27/2015","28.02","27.99","28.25","27.99","1.37M","0.21%"
"02/26/2015","27.96","28.07","28.22","27.95","987.49K","-0.67%"
"02/25/2015","28.15","28.06","28.19","27.96","945.05K","1.00%"
"02/24/2015","27.87","27.69","27.91","27.59","2.58M","0.58%"
"02/23/2015","27.71","27.66","27.81","27.55","2.52M","0.00%"
"02/20/2015","27.71","27.86","27.90","27.67","1.17M","-0.43%"
"02/19/2015","27.83","27.72","27.91","27.62","1.19M","-0.82%"
"02/18/2015","28.06","28.11","28.18","27.94","1.45M","-1.09%"
"02/17/2015","28.37","28.21","28.46","28.06","963.32K","1.03%"
"02/13/2015","28.08","28.17","28.28","28.03","2.05M","0.36%"
"02/12/2015","27.98","27.85","28.01","27.76","1.59M","1.67%"
"02/11/2015","27.52","27.40","27.60","27.35","2.14M","-0.29%"
"02/10/2015","27.60","27.79","27.79","27.42","1.99M","-0.72%"
"02/09/2015","27.80","27.69","28.01","27.69","1.47M","0.69%"
"02/06/2015","27.61","27.78","27.99","27.50","1.53M","-1.00%"
"02/05/2015","27.89","27.53","27.96","27.52","2.72M","1.97%"
"02/04/2015","27.35","27.57","27.67","27.23","2.44M","-1.87%"
"02/03/2015","27.87","27.44","28.06","27.38","5.00M","2.69%"
"02/02/2015","27.14","26.65","27.20","26.65","1.98M","2.65%"
"01/30/2015","26.44","26.18","26.77","26.05","3.41M","-0.53%"
"01/29/2015","26.58","26.70","26.79","26.19","2.56M","-0.45%"
"01/28/2015","26.70","27.40","27.41","26.68","1.80M","-2.52%"
"01/27/2015","27.39","27.04","27.44","27.04","2.23M","0.74%"
"01/26/2015","27.19","27.20","27.29","27.07","1.18M","-0.26%"
"01/23/2015","27.26","27.24","27.44","27.21","1.84M","0.04%"
"01/22/2015","27.25","27.02","27.40","27.02","1.73M","0.85%"
"01/21/2015","27.02","27.02","27.19","26.84","2.59M","0.30%"
"01/20/2015","26.94","27.25","27.27","26.92","1.63M","-1.17%"
"01/16/2015","27.26","26.61","27.29","26.61","2.10M","1.87%"
"01/15/2015","26.76","27.19","27.19","26.75","2.98M","-0.56%"
"01/14/2015","26.91","26.82","26.92","26.41","3.65M","-0.63%"
"01/13/2015","27.08","27.30","27.48","26.80","1.60M","-0.44%"
"01/12/2015","27.20","27.42","27.46","27.04","2.49M","-1.59%"
"01/09/2015","27.64","27.87","27.91","27.56","2.83M","-0.86%"
"01/08/2015","27.88","27.73","28.02","27.73","1.52M","1.23%"
"01/07/2015","27.54","27.62","27.85","27.46","2.17M","0.11%"
"01/06/2015","27.51","27.91","27.91","27.35","1.99M","-1.47%"
"01/05/2015","27.92","28.42","28.54","27.77","3.43M","-2.68%"
"01/02/2015","28.69","28.62","28.82","28.53","2.42M","-0.59%"