"Date","Price","Open","High","Low","Vol.","Change %"
"08/17/2026","43.96","44.16","44.20","43.96","206.82K","-0.45%"
"08/14/2026","44.16","44.23","44.27","44.13","421.65K","0.45%"
"08/13/2026","43.96","43.94","43.98","43.74","410.27K","0.21%"
"08/12/2026","43.87","44.10","44.16","43.79","418.70K","-0.27%"
"08/11/2026","43.99","44.02","44.17","43.91","336.20K","0.27%"
"08/10/2026","43.87","43.89","43.99","43.83","632.80K","-0.34%"
"08/07/2026","44.02","44.04","44.12","43.90","518.59K","1.15%"
"08/06/2026","43.52","43.46","43.64","43.46","564.02K","-0.27%"
"08/05/2026","43.64","43.80","43.83","43.53","498.52K","-0.46%"
"08/04/2026","43.84","43.57","43.87","43.56","1.49M","1.06%"
"08/03/2026","43.38","43.29","43.45","43.26","1.03M","1.24%"
"07/31/2026","42.85","42.65","42.94","42.39","676.95K","-0.07%"
"07/30/2026","42.88","42.47","42.90","42.42","887.27K","2.24%"
"07/29/2026","41.94","41.96","42.36","41.72","4.47M","0.05%"
"07/28/2026","41.92","41.54","41.99","41.51","616.14K","0.34%"
"07/27/2026","41.78","41.83","41.94","41.63","1.24M","1.61%"
"07/24/2026","41.12","40.94","41.26","40.90","527.11K","1.31%"
"07/23/2026","40.59","40.61","40.79","40.47","730.37K","-1.74%"
"07/22/2026","41.31","41.49","41.56","41.31","824.73K","-0.05%"
"07/21/2026","41.33","41.10","41.34","41.00","1.68M","1.13%"
"07/20/2026","40.87","41.06","41.15","40.87","1.25M","-0.70%"
"07/17/2026","41.16","40.98","41.24","40.88","659.15K","-0.19%"
"07/16/2026","41.24","41.15","41.31","41.04","635.01K","-0.63%"
"07/15/2026","41.50","41.35","41.60","41.26","491.47K","0.27%"
"07/14/2026","41.39","41.49","41.78","41.38","531.50K","0.39%"
"07/13/2026","41.23","41.55","41.57","41.17","519.40K","-0.63%"
"07/10/2026","41.49","41.58","41.58","41.25","316.79K","-0.12%"
"07/09/2026","41.54","41.38","41.61","41.35","3.00M","0.56%"
"07/08/2026","41.31","41.20","41.37","40.97","953.15K","-1.76%"
"07/07/2026","42.05","42.42","42.42","41.92","548.67K","-1.43%"
"07/06/2026","42.66","42.43","42.66","42.39","2.63M","0.83%"
"07/02/2026","42.31","42.15","42.46","42.09","1.73M","2.67%"
"07/01/2026","41.21","41.17","41.33","41.06","482.37K","-0.39%"
"06/30/2026","41.37","41.03","41.41","41.03","597.18K","1.08%"
"06/29/2026","40.93","40.81","40.95","40.60","367.76K","0.74%"
"06/26/2026","40.63","40.66","40.85","40.58","353.28K","-1.07%"
"06/25/2026","41.07","41.04","41.29","40.83","649.86K","1.28%"
"06/24/2026","40.55","40.35","40.69","40.35","2.92M","-1.05%"
"06/23/2026","40.98","41.00","41.17","40.96","1.12M","-1.35%"
"06/22/2026","41.54","41.55","41.72","41.46","604.47K","0.05%"
"06/18/2026","41.52","41.53","41.67","41.44","926.91K","0.39%"
"06/17/2026","41.36","41.81","42.04","41.28","1.71M","-0.98%"
"06/16/2026","41.77","42.07","42.10","41.73","1.05M","-0.17%"
"06/15/2026","41.84","42.20","42.22","41.82","1.12M","-1.11%"
"06/12/2026","42.31","42.13","42.38","41.90","913.04K","0.09%"
"06/11/2026","42.27","41.44","42.37","41.25","1.84M","2.42%"
"06/10/2026","41.27","41.62","41.85","41.24","1.20M","-1.83%"
"06/09/2026","42.04","42.56","42.69","41.49","2.29M","-0.24%"
"06/08/2026","42.14","42.32","42.39","42.06","1.06M","0.07%"
"06/05/2026","42.11","42.89","42.98","41.92","934.63K","-2.23%"
"06/04/2026","43.07","43.25","43.30","43.03","676.81K","0.70%"
"06/03/2026","42.77","43.01","43.04","42.76","797.49K","-1.84%"
"06/02/2026","43.57","43.63","43.71","43.42","847.85K","0.21%"
"06/01/2026","43.48","43.32","43.66","43.10","1.77M","0.12%"
"05/29/2026","43.43","43.47","43.77","43.38","1.48M","-0.14%"
"05/28/2026","43.49","43.37","43.74","43.28","796.25K","-0.46%"
"05/27/2026","43.69","43.80","43.80","43.55","726.56K","-0.14%"
"05/26/2026","43.75","43.74","43.83","43.56","505.20K","1.96%"
"05/22/2026","42.91","43.11","43.18","42.91","906.50K","-0.33%"
"05/21/2026","43.05","42.53","43.22","42.36","2.22M","0.40%"
"05/20/2026","42.88","42.26","43.10","42.20","1.65M","2.00%"
"05/19/2026","42.04","42.33","42.45","41.99","1.38M","-0.71%"
"05/18/2026","42.34","42.18","42.38","41.84","1.27M","2.34%"
"05/15/2026","41.37","41.59","41.62","41.32","881.66K","-2.08%"
"05/14/2026","42.25","42.40","42.57","42.20","546.43K","0.21%"
"05/13/2026","42.16","41.88","42.17","41.87","443.14K","0.52%"
"05/12/2026","41.94","42.00","42.03","41.71","771.60K","-1.39%"
"05/11/2026","42.53","42.50","42.67","42.43","1.84M","-0.28%"
"05/08/2026","42.65","42.77","42.79","42.38","1.20M","0.35%"
"05/07/2026","42.50","43.36","43.44","42.48","949.49K","-2.23%"
"05/06/2026","43.47","43.28","43.51","43.20","1.86M","2.55%"
"05/05/2026","42.39","42.32","42.49","42.03","1.64M","2.19%"
"05/04/2026","41.48","42.04","42.13","41.33","3.03M","-2.01%"
"05/01/2026","42.33","42.62","42.78","42.28","3.34M","0.17%"
"04/30/2026","42.26","41.89","42.42","41.76","1.32M","2.23%"
"04/29/2026","41.34","41.76","41.76","41.18","1.16M","-1.31%"
"04/28/2026","41.89","41.87","41.99","41.72","2.09M","-0.55%"
"04/27/2026","42.12","42.41","42.51","42.06","821.42K","-0.54%"
"04/24/2026","42.35","42.17","42.37","42.04","2.34M","1.03%"
"04/23/2026","41.92","42.05","42.28","41.44","2.89M","-0.95%"
"04/22/2026","42.32","42.42","42.47","42.15","1.72M","0.62%"
"04/21/2026","42.06","42.82","42.95","42.02","2.14M","-2.16%"
"04/20/2026","42.99","42.92","43.00","42.67","1.53M","-0.46%"
"04/17/2026","43.19","43.49","43.70","43.15","2.98M","1.96%"
"04/16/2026","42.36","42.56","42.62","42.22","872.26K","0.00%"
"04/15/2026","42.36","42.35","42.43","42.24","775.52K","0.40%"
"04/14/2026","42.19","42.26","42.41","42.19","1.57M","0.60%"
"04/13/2026","41.94","41.13","41.97","41.11","1.47M","0.82%"
"04/10/2026","41.60","41.96","41.96","41.44","1.39M","-0.05%"
"04/09/2026","41.62","41.44","41.82","41.19","1.93M","-0.29%"
"04/08/2026","41.74","42.05","42.13","41.48","2.76M","4.06%"
"04/07/2026","40.11","39.88","40.20","39.40","3.07M","-0.25%"
"04/06/2026","40.21","39.87","40.33","39.87","4.72M","0.78%"
"04/02/2026","39.90","39.15","40.05","39.09","3.47M","-0.75%"
"04/01/2026","40.20","40.29","40.46","39.98","3.15M","1.34%"
"03/31/2026","39.67","39.09","39.73","38.81","5.44M","3.39%"
"03/30/2026","38.37","38.36","38.65","38.15","2.39M","0.76%"
"03/27/2026","38.08","38.32","38.54","37.97","3.95M","-1.53%"
"03/26/2026","38.67","38.87","39.26","38.64","2.63M","-2.03%"
"03/25/2026","39.47","39.72","39.76","39.28","3.02M","1.34%"
"03/24/2026","38.95","38.62","39.15","38.54","1.93M","-0.94%"
"03/23/2026","39.32","39.31","39.96","38.94","5.67M","2.93%"
"03/20/2026","38.20","39.36","39.36","38.03","4.93M","-3.75%"
"03/19/2026","39.69","39.05","40.00","38.96","5.98M","-0.18%"
"03/18/2026","39.76","40.52","40.60","39.72","2.21M","-2.41%"
"03/17/2026","40.74","40.81","40.94","40.67","2.16M","0.54%"
"03/16/2026","40.52","40.39","40.65","40.29","2.96M","1.71%"
"03/13/2026","39.84","40.49","40.67","39.77","2.18M","-1.24%"
"03/12/2026","40.34","40.41","40.58","40.09","5.79M","-1.13%"
"03/11/2026","40.80","40.92","41.10","40.56","2.05M","-0.73%"
"03/10/2026","41.10","41.50","41.85","41.04","3.17M","0.02%"
"03/09/2026","41.09","40.17","41.32","39.72","3.92M","0.66%"
"03/06/2026","40.82","40.28","40.94","40.15","3.60M","-0.87%"
"03/05/2026","41.18","41.40","41.64","40.81","3.33M","-2.19%"
"03/04/2026","42.10","41.88","42.13","41.69","2.15M","1.27%"
"03/03/2026","41.57","40.83","41.72","40.59","4.33M","-3.12%"
"03/02/2026","42.91","42.92","43.19","42.78","3.01M","-3.23%"
"02/27/2026","44.34","44.43","44.65","44.33","1.31M","-0.49%"
"02/26/2026","44.56","44.46","44.57","44.19","1.68M","0.47%"
"02/25/2026","44.35","44.09","44.38","44.09","1.07M","0.91%"
"02/24/2026","43.95","43.81","44.11","43.72","1.04M","0.11%"
"02/23/2026","43.90","44.21","44.26","43.85","788.20K","-0.95%"
"02/20/2026","44.32","43.92","44.45","43.92","1.03M","1.00%"
"02/19/2026","43.88","43.75","43.93","43.68","950.57K","-0.54%"
"02/18/2026","44.12","44.08","44.39","44.00","831.41K","0.18%"
"02/17/2026","44.04","43.71","44.07","43.55","1.07M","0.16%"
"02/13/2026","43.97","43.92","44.09","43.71","960.57K","0.02%"
"02/12/2026","43.96","44.51","44.62","43.78","1.65M","-0.20%"
"02/11/2026","44.05","44.11","44.15","43.85","1.41M","-0.38%"
"02/10/2026","44.22","44.27","44.34","44.19","1.31M","-0.23%"
"02/09/2026","44.32","44.00","44.36","43.92","1.22M","1.81%"
"02/06/2026","43.53","43.26","43.57","43.24","1.32M","1.61%"
"02/05/2026","42.84","42.74","43.12","42.65","1.81M","-0.95%"
"02/04/2026","43.25","43.35","43.54","43.04","2.15M","-0.60%"
"02/03/2026","43.51","43.37","43.58","43.22","2.00M","0.07%"
"02/02/2026","43.48","43.41","43.59","43.36","2.76M","0.86%"
"01/30/2026","43.11","43.38","43.44","42.98","3.65M","-0.76%"
"01/29/2026","43.44","43.64","43.65","42.96","2.56M","-1.30%"
"01/28/2026","44.01","43.96","44.08","43.80","2.35M","-0.65%"
"01/27/2026","44.30","44.03","44.42","44.02","3.46M","1.05%"
"01/26/2026","43.84","43.76","43.94","43.76","2.74M","0.83%"
"01/23/2026","43.48","43.09","43.48","43.01","2.31M","0.88%"
"01/22/2026","43.10","43.03","43.20","42.90","2.83M","0.65%"
"01/21/2026","42.82","42.40","42.94","42.18","4.28M","0.66%"
"01/20/2026","42.54","42.71","42.82","42.47","2.78M","-1.85%"
"01/16/2026","43.34","43.33","43.34","43.12","2.78M","0.23%"
"01/15/2026","43.24","43.34","43.47","43.23","2.55M","-0.57%"
"01/14/2026","43.49","43.48","43.60","43.31","2.68M","-0.18%"
"01/13/2026","43.57","43.89","43.89","43.51","2.77M","-0.59%"
"01/12/2026","43.83","43.76","43.85","43.71","2.18M","0.97%"
"01/09/2026","43.41","43.45","43.47","43.18","2.00M","0.23%"
"01/08/2026","43.31","43.12","43.35","43.08","2.11M","0.12%"
"01/07/2026","43.26","43.32","43.42","43.22","2.74M","0.30%"
"01/06/2026","43.13","43.19","43.19","42.98","2.31M","0.19%"
"01/05/2026","43.05","42.69","43.09","42.65","3.37M","1.15%"
"01/02/2026","42.56","42.71","42.72","42.40","3.38M","0.14%"
"12/31/2025","42.50","42.65","42.67","42.49","2.24M","-0.58%"
"12/30/2025","42.75","42.72","42.94","42.72","1.95M","0.56%"
"12/29/2025","42.51","42.53","42.61","42.41","1.39M","-0.33%"
"12/26/2025","42.65","42.66","42.70","42.56","1.38M","0.19%"
"12/25/2025","42.57","42.57","42.57","42.57","1.11M","0.00%"
"12/24/2025","42.57","42.57","42.61","42.51","1.11M","0.31%"
"12/23/2025","42.44","42.44","42.50","42.37","1.58M","0.24%"
"12/22/2025","42.34","42.27","42.36","42.17","1.02M","0.57%"
"12/19/2025","42.10","42.15","42.28","42.09","1.76M","0.38%"
"12/18/2025","41.94","41.92","42.15","41.82","1.92M","0.79%"
"12/17/2025","41.61","41.83","41.97","41.58","2.18M","-1.00%"
"12/16/2025","42.03","42.07","42.19","41.85","3.84M","-0.17%"
"12/15/2025","42.10","42.24","42.30","42.02","1.93M","-0.19%"
"12/12/2025","42.18","42.38","42.44","41.99","2.67M","-0.50%"
"12/11/2025","42.39","42.22","42.48","42.19","2.14M","1.07%"
"12/10/2025","41.94","41.48","42.00","41.46","2.35M","0.99%"
"12/09/2025","41.53","41.44","41.67","41.44","1.46M","0.46%"
"12/08/2025","41.34","41.57","41.57","41.25","1.41M","-0.17%"
"12/05/2025","41.41","41.53","41.62","41.35","1.76M","0.66%"
"12/04/2025","41.14","41.26","41.28","41.08","1.58M","0.46%"
"12/03/2025","40.95","40.82","41.02","40.78","3.09M","0.15%"
"12/02/2025","40.89","40.83","40.94","40.75","1.79M","0.91%"
"12/01/2025","40.52","40.60","40.72","40.51","1.94M","-0.98%"
"11/28/2025","40.92","40.74","40.92","40.70","1.29M","0.79%"
"11/26/2025","40.60","40.25","40.64","40.24","1.64M","1.02%"
"11/25/2025","40.19","39.88","40.25","39.72","1.48M","1.82%"
"11/24/2025","39.47","39.49","39.62","39.37","1.39M","0.18%"
"11/21/2025","39.40","39.32","39.52","39.04","1.60M","1.31%"
"11/20/2025","38.89","39.74","39.88","38.87","2.22M","-1.57%"
"11/19/2025","39.51","39.65","39.78","39.32","1.47M","-0.05%"
"11/18/2025","39.53","39.55","39.69","39.40","2.34M","-1.20%"
"11/17/2025","40.01","40.34","40.43","39.84","1.72M","-2.08%"
"11/14/2025","40.86","40.62","40.91","40.60","2.27M","-0.95%"
"11/13/2025","41.25","41.46","41.51","41.03","4.33M","-1.03%"
"11/12/2025","41.68","41.47","41.70","41.46","1.26M","1.09%"
"11/11/2025","41.23","41.06","41.28","41.06","2.07M","0.66%"
"11/10/2025","40.96","40.84","40.98","40.71","1.48M","1.19%"
"11/07/2025","40.48","40.07","40.49","39.97","2.13M","0.22%"
"11/06/2025","40.39","40.67","40.70","40.23","2.67M","-0.83%"
"11/05/2025","40.73","40.39","40.78","40.39","1.67M","0.97%"
"11/04/2025","40.34","40.30","40.52","40.26","6.83M","-1.39%"
"11/03/2025","40.91","40.99","41.01","40.85","2.05M","0.44%"
"10/31/2025","40.73","40.80","40.80","40.55","1.59M","-0.66%"
"10/30/2025","41.00","40.96","41.16","40.96","1.93M","-0.65%"
"10/29/2025","41.27","41.66","41.68","41.06","3.33M","-1.08%"
"10/28/2025","41.72","41.79","41.90","41.69","1.58M","-0.14%"
"10/27/2025","41.78","41.67","41.81","41.60","1.37M","0.46%"
"10/24/2025","41.59","41.65","41.69","41.51","1.84M","0.10%"
"10/23/2025","41.55","41.32","41.58","41.32","2.27M","0.27%"
"10/22/2025","41.44","41.59","41.60","41.22","2.05M","-0.60%"
"10/21/2025","41.69","41.64","41.85","41.55","2.59M","-0.45%"
"10/20/2025","41.88","41.73","41.92","41.69","1.96M","1.21%"
"10/17/2025","41.38","41.20","41.40","41.10","2.72M","-0.50%"
"10/16/2025","41.59","41.64","41.86","41.52","2.47M","0.14%"
"10/15/2025","41.53","41.58","41.73","41.29","2.85M","-0.34%"
"10/14/2025","41.67","41.38","41.78","41.31","2.74M","-0.26%"
"10/13/2025","41.78","41.58","41.83","41.52","1.95M","0.63%"
"10/10/2025","41.52","42.26","42.26","41.51","2.64M","-1.35%"
"10/09/2025","42.09","42.43","42.56","41.98","2.42M","-0.59%"
"10/08/2025","42.34","42.28","42.42","42.21","2.03M","0.64%"
"10/07/2025","42.07","42.25","42.28","42.04","1.40M","-0.83%"
"10/06/2025","42.42","42.45","42.47","42.29","2.13M","-0.02%"
"10/03/2025","42.43","42.38","42.48","42.29","1.46M","-0.09%"
"10/02/2025","42.47","42.55","42.61","42.28","2.20M","0.81%"
"10/01/2025","42.13","41.84","42.21","41.81","2.29M","1.25%"
"09/30/2025","41.61","41.36","41.67","41.35","2.17M","0.73%"
"09/29/2025","41.31","41.23","41.35","41.20","2.82M","0.27%"
"09/26/2025","41.20","41.06","41.22","41.02","2.29M","1.10%"
"09/25/2025","40.75","40.70","40.80","40.53","2.87M","-1.19%"
"09/24/2025","41.24","41.22","41.34","41.15","2.28M","-0.07%"
"09/23/2025","41.27","41.30","41.41","41.17","3.74M","0.07%"
"09/22/2025","41.24","40.99","41.27","40.92","2.67M","0.05%"
"09/19/2025","41.22","41.25","41.35","41.15","2.93M","-0.55%"
"09/18/2025","41.45","41.27","41.54","41.17","5.66M","0.95%"
"09/17/2025","41.06","41.18","41.44","40.92","2.66M","-0.22%"
"09/16/2025","41.15","41.27","41.27","40.94","2.95M","-0.65%"
"09/15/2025","41.42","41.32","41.48","41.26","4.99M","0.27%"
"09/12/2025","41.31","41.22","41.36","41.19","1.61M","-0.19%"
"09/11/2025","41.39","41.19","41.44","41.18","2.50M","0.78%"
"09/10/2025","41.07","41.32","41.37","41.02","2.59M","-0.99%"
"09/09/2025","41.48","41.40","41.51","41.35","1.62M","-0.50%"
"09/08/2025","41.69","41.50","41.71","41.50","1.51M","0.85%"
"09/05/2025","41.34","41.52","41.58","41.20","1.64M","0.00%"
"09/04/2025","41.34","41.21","41.35","41.14","2.72M","0.71%"
"09/03/2025","41.05","40.98","41.13","40.90","2.55M","0.02%"
"09/02/2025","41.04","40.97","41.23","40.83","3.24M","-2.01%"
"08/29/2025","41.88","41.90","41.93","41.76","1.72M","-0.33%"
"08/28/2025","42.02","42.00","42.08","41.92","2.24M","0.31%"
"08/27/2025","41.89","41.72","41.90","41.54","1.17M","-0.57%"
"08/26/2025","42.13","42.20","42.31","42.07","3.01M","0.02%"
"08/25/2025","42.12","42.61","42.61","42.11","1.71M","-1.27%"
"08/22/2025","42.66","42.19","42.78","42.15","1.52M","1.38%"
"08/21/2025","42.08","42.20","42.22","42.03","2.24M","-0.73%"
"08/20/2025","42.39","42.40","42.47","42.24","882.18K","0.00%"
"08/19/2025","42.39","42.64","42.68","42.33","1.93M","-0.14%"
"08/18/2025","42.45","42.41","42.47","42.27","860.59K","-0.31%"
"08/15/2025","42.58","42.66","42.76","42.51","1.17M","0.19%"
"08/14/2025","42.50","42.33","42.57","42.29","1.85M","0.28%"
"08/13/2025","42.38","42.34","42.48","42.32","1.14M","0.55%"
"08/12/2025","42.15","41.77","42.16","41.72","2.92M","0.50%"
"08/11/2025","41.94","41.94","42.04","41.83","937.61K","-0.94%"
"08/08/2025","42.34","42.26","42.47","42.17","1.91M","0.02%"
"08/07/2025","42.33","42.53","42.55","42.06","2.19M","1.17%"
"08/06/2025","41.84","41.61","41.91","41.56","1.69M","0.84%"
"08/05/2025","41.49","41.51","41.54","41.26","1.45M","0.46%"
"08/04/2025","41.30","41.29","41.34","41.15","1.61M","1.35%"
"08/01/2025","40.75","40.84","40.89","40.51","3.01M","-0.97%"
"07/31/2025","41.15","41.35","41.42","41.06","6.83M","-1.15%"
"07/30/2025","41.63","41.71","41.94","41.44","2.59M","-0.62%"
"07/29/2025","41.89","41.96","42.03","41.79","1.99M","0.53%"
"07/28/2025","41.67","42.07","42.08","41.56","3.12M","-2.66%"
"07/25/2025","42.81","42.38","42.81","42.34","1.85M","0.26%"
"07/24/2025","42.70","42.80","42.88","42.68","2.74M","-1.18%"
"07/23/2025","43.21","42.48","43.22","42.40","4.46M","1.86%"
"07/22/2025","42.42","42.21","42.45","41.97","3.06M","0.00%"
"07/21/2025","42.42","42.38","42.63","42.26","918.75K","0.69%"
"07/18/2025","42.13","42.51","42.52","42.06","1.11M","-0.52%"
"07/17/2025","42.35","42.05","42.38","42.05","1.60M","0.40%"
"07/16/2025","42.18","42.01","42.20","41.79","3.38M","0.86%"
"07/15/2025","41.82","42.37","42.37","41.82","1.28M","-1.25%"
"07/14/2025","42.35","42.02","42.36","42.01","1.92M","-0.24%"
"07/11/2025","42.45","42.52","42.56","42.41","899.96K","-0.96%"
"07/10/2025","42.86","43.10","43.10","42.79","1.33M","-0.92%"
"07/09/2025","43.26","43.16","43.31","43.04","2.94M","1.57%"
"07/08/2025","42.59","42.38","42.67","42.35","2.19M","0.85%"
"07/07/2025","42.23","42.24","42.40","42.08","1.84M","0.05%"
"07/03/2025","42.21","42.12","42.31","42.08","1.14M","0.09%"
"07/02/2025","42.17","41.92","42.19","41.82","2.09M","0.38%"
"07/01/2025","42.01","42.07","42.25","41.82","1.95M","-0.71%"
"06/30/2025","42.31","42.09","42.35","41.96","1.62M","0.02%"
"06/27/2025","42.30","42.00","42.39","41.90","4.54M","1.59%"
"06/26/2025","41.64","41.52","41.68","41.37","1.99M","1.19%"
"06/25/2025","41.15","41.06","41.21","40.96","1.62M","-0.58%"
"06/24/2025","41.39","41.21","41.44","41.12","1.79M","1.57%"
"06/23/2025","40.75","40.04","40.79","40.03","4.07M","1.02%"
"06/20/2025","40.34","40.33","40.55","40.32","2.33M","0.15%"
"06/18/2025","40.28","40.35","40.60","40.22","3.31M","-0.30%"
"06/17/2025","40.40","40.98","41.02","40.37","4.78M","-1.77%"
"06/16/2025","41.13","41.17","41.50","40.97","6.12M","-0.92%"
"06/13/2025","41.51","41.39","41.79","41.37","5.47M","-1.68%"
"06/12/2025","42.22","42.22","42.44","42.15","2.49M","0.26%"
"06/11/2025","42.11","42.21","42.33","42.00","4.26M","-0.02%"
"06/10/2025","42.12","42.30","42.33","41.99","6.62M","-0.45%"
"06/09/2025","42.31","42.24","42.44","42.21","1.34M","-0.49%"
"06/06/2025","42.52","42.50","42.61","42.42","1.27M","-0.12%"
"06/05/2025","42.57","42.84","42.87","42.49","3.08M","0.26%"
"06/04/2025","42.46","42.20","42.59","42.16","2.02M","0.81%"
"06/03/2025","42.12","41.93","42.14","41.83","2.26M","-0.52%"
"06/02/2025","42.34","41.85","42.35","41.72","4.07M","0.88%"
"05/30/2025","41.97","42.06","42.06","41.65","2.30M","0.29%"
"05/29/2025","41.85","41.92","41.98","41.65","1.45M","0.19%"
"05/28/2025","41.77","41.94","41.94","41.69","1.64M","-1.28%"
"05/27/2025","42.31","42.26","42.40","42.16","1.85M","2.54%"
"05/23/2025","41.26","40.99","41.40","40.97","5.03M","-0.91%"
"05/22/2025","41.64","41.54","41.76","41.43","3.18M","-0.10%"
"05/21/2025","41.68","41.89","42.12","41.63","3.27M","-0.22%"
"05/20/2025","41.77","41.60","41.77","41.58","3.16M","0.51%"
"05/19/2025","41.56","41.16","41.56","41.12","2.22M","1.74%"
"05/16/2025","40.85","40.81","40.89","40.65","2.28M","-0.02%"
"05/15/2025","40.86","40.61","40.90","40.59","1.89M","1.29%"
"05/14/2025","40.34","40.72","40.74","40.34","2.28M","-0.62%"
"05/13/2025","40.59","40.43","40.67","40.41","2.30M","0.52%"
"05/12/2025","40.38","40.30","40.40","40.01","5.18M","-0.96%"
"05/09/2025","40.77","40.79","40.87","40.68","2.61M","0.77%"
"05/08/2025","40.46","40.66","40.66","40.42","1.55M","0.05%"
"05/07/2025","40.44","40.52","40.70","40.33","2.65M","-0.57%"
"05/06/2025","40.67","40.55","40.76","40.51","4.25M","-0.12%"
"05/05/2025","40.72","40.78","40.83","40.68","1.58M","0.94%"
"05/02/2025","40.34","40.31","40.50","40.26","2.63M","2.23%"
"05/01/2025","39.46","39.67","39.74","39.43","3.23M","-0.08%"
"04/30/2025","39.49","39.27","39.64","39.10","2.06M","-0.45%"
"04/29/2025","39.67","39.47","39.69","39.47","2.70M","0.51%"
"04/28/2025","39.47","39.42","39.49","39.16","1.82M","0.28%"
"04/25/2025","39.36","39.14","39.40","39.03","1.80M","0.85%"
"04/24/2025","39.03","38.67","39.06","38.60","1.58M","1.53%"
"04/23/2025","38.44","38.45","38.81","38.36","3.50M","1.08%"
"04/22/2025","38.03","37.56","38.07","37.53","2.80M","2.70%"
"04/21/2025","37.03","37.60","37.68","36.72","3.95M","-0.99%"
"04/17/2025","37.40","37.40","37.58","37.23","3.73M","0.48%"
"04/16/2025","37.22","37.20","37.49","37.10","2.62M","0.05%"
"04/15/2025","37.20","37.12","37.31","36.97","3.57M","1.03%"
"04/14/2025","36.82","36.64","37.03","36.54","4.59M","1.24%"
"04/11/2025","36.37","35.70","36.46","35.59","4.24M","1.59%"
"04/10/2025","35.80","35.63","35.97","34.84","5.51M","-1.16%"
"04/09/2025","36.22","33.58","36.42","33.44","7.69M","9.03%"
"04/08/2025","33.22","34.46","34.46","32.82","5.69M","-0.98%"
"04/07/2025","33.55","33.35","35.10","33.06","10.89M","-2.24%"
"04/04/2025","34.32","35.38","35.53","34.25","9.60M","-6.56%"
"04/03/2025","36.73","37.31","37.42","36.66","5.68M","-1.74%"
"04/02/2025","37.38","36.92","37.49","36.90","2.97M","0.24%"
"04/01/2025","37.29","37.23","37.44","37.01","2.42M","0.57%"
"03/31/2025","37.08","36.76","37.13","36.57","4.81M","-0.83%"
"03/28/2025","37.39","37.42","37.55","37.21","5.03M","-0.53%"
"03/27/2025","37.59","37.35","37.72","37.32","3.57M","0.08%"
"03/26/2025","37.56","37.97","38.13","37.44","4.54M","-2.14%"
"03/25/2025","38.38","38.34","38.45","38.22","2.06M","0.92%"
"03/24/2025","38.03","38.09","38.22","37.87","5.00M","-0.16%"
"03/21/2025","38.09","37.91","38.14","37.85","3.29M","-0.70%"
"03/20/2025","38.36","38.12","38.46","38.11","3.77M","-1.74%"
"03/19/2025","39.04","38.81","39.19","38.74","5.39M","-0.69%"
"03/18/2025","39.31","39.24","39.36","39.01","9.22M","0.72%"
"03/17/2025","39.03","38.58","39.05","38.58","3.21M","1.06%"
"03/14/2025","38.62","38.39","38.63","38.26","3.21M","2.74%"
"03/13/2025","37.59","37.65","37.82","37.43","4.82M","-1.05%"
"03/12/2025","37.99","38.06","38.17","37.78","3.46M","0.66%"
"03/11/2025","37.74","38.08","38.11","37.42","4.87M","-0.13%"
"03/10/2025","37.79","38.00","38.13","37.49","3.74M","-2.63%"
"03/07/2025","38.81","38.35","38.81","38.31","3.65M","0.57%"
"03/06/2025","38.59","38.64","39.19","38.50","7.19M","0.16%"
"03/05/2025","38.53","38.09","38.63","38.09","4.34M","4.05%"
"03/04/2025","37.03","36.47","37.47","36.12","4.50M","-0.35%"
"03/03/2025","37.16","37.49","37.55","36.92","2.53M","3.02%"
"02/28/2025","36.07","36.08","36.27","35.70","1.92M","0.19%"
"02/27/2025","36.00","36.40","36.47","35.96","1.31M","-1.93%"
"02/26/2025","36.71","36.80","37.07","36.60","2.79M","0.36%"
"02/25/2025","36.58","36.57","36.72","36.31","959.53K","1.41%"
"02/24/2025","36.07","36.31","36.33","35.99","1.70M","0.45%"
"02/21/2025","35.91","36.22","36.22","35.79","853.63K","-0.77%"
"02/20/2025","36.19","36.29","36.38","36.06","787.29K","0.36%"
"02/19/2025","36.06","36.25","36.28","35.94","2.91M","-2.28%"
"02/18/2025","36.90","36.81","36.95","36.76","2.40M","1.32%"
"02/14/2025","36.42","36.56","36.63","36.42","1.71M","0.03%"
"02/13/2025","36.41","36.13","36.47","35.99","1.99M","1.85%"
"02/12/2025","35.75","35.26","35.83","35.21","1.28M","0.99%"
"02/11/2025","35.40","35.06","35.40","35.01","866.73K","1.43%"
"02/10/2025","34.90","34.83","34.95","34.79","476.08K","0.75%"
"02/07/2025","34.64","35.10","35.13","34.61","1.79M","-1.34%"
"02/06/2025","35.11","34.87","35.13","34.84","873.84K","1.15%"
"02/05/2025","34.71","34.62","34.75","34.55","478.10K","0.93%"
"02/04/2025","34.39","34.26","34.45","34.23","770.51K","1.33%"
"02/03/2025","33.94","33.75","34.16","33.60","2.58M","-1.99%"
"01/31/2025","34.63","34.82","35.03","34.56","1.40M","-0.80%"
"01/30/2025","34.91","34.89","35.06","34.74","1.18M","0.49%"
"01/29/2025","34.74","34.68","34.81","34.60","735.86K","0.52%"
"01/28/2025","34.56","34.46","34.61","34.38","393.01K","0.14%"
"01/27/2025","34.51","34.37","34.58","34.37","764.18K","-0.14%"
"01/24/2025","34.56","34.55","34.69","34.48","1.23M","0.26%"
"01/23/2025","34.47","34.21","34.52","34.13","1.10M","1.14%"
"01/22/2025","34.08","34.21","34.26","34.08","290.44K","0.29%"
"01/21/2025","33.98","33.69","33.98","33.62","813.38K","2.50%"
"01/17/2025","33.15","33.15","33.33","33.10","526.19K","0.97%"
"01/16/2025","32.83","32.77","32.94","32.68","751.99K","0.12%"
"01/15/2025","32.79","32.87","32.92","32.70","763.79K","1.77%"
"01/14/2025","32.22","32.18","32.28","32.09","807.10K","1.10%"
"01/13/2025","31.87","31.66","31.88","31.66","1.50M","-0.50%"
"01/10/2025","32.03","32.26","32.27","31.91","2.75M","-1.08%"
"01/08/2025","32.38","32.28","32.44","32.17","765.99K","-0.12%"
"01/07/2025","32.42","32.69","32.72","32.36","830.94K","0.46%"
"01/06/2025","32.27","32.14","32.46","32.08","491.39K","1.89%"
"01/03/2025","31.67","31.63","31.67","31.49","382.67K","0.28%"
"01/02/2025","31.58","31.77","31.77","31.49","1.61M","-0.75%"
"12/31/2024","31.82","32.09","32.09","31.73","824.29K","-0.25%"
"12/30/2024","31.90","31.89","31.98","31.74","502.25K","-0.75%"
"12/27/2024","32.14","32.13","32.24","32.05","641.69K","-0.83%"
"12/26/2024","32.41","32.27","32.46","32.24","480.30K","0.34%"
"12/24/2024","32.30","32.05","32.31","31.98","518.34K","0.72%"
"12/23/2024","32.07","31.93","32.07","31.82","399.04K","0.22%"
"12/20/2024","32.00","31.65","32.21","31.65","475.45K","0.16%"
"12/19/2024","31.95","32.12","32.15","31.88","522.64K","-0.37%"
"12/18/2024","32.07","32.79","32.89","31.95","633.16K","-2.08%"
"12/17/2024","32.75","32.90","32.94","32.75","343.18K","-0.79%"
"12/16/2024","33.01","32.96","33.08","32.90","887.56K","-0.33%"
"12/13/2024","33.12","33.24","33.24","33.01","302.87K","0.30%"
"12/12/2024","33.02","33.07","33.24","33.01","279.02K","-0.48%"
"12/11/2024","33.18","33.13","33.21","33.04","627.43K","0.24%"
"12/10/2024","33.10","33.22","33.22","33.07","354.01K","-0.30%"
"12/09/2024","33.20","33.47","33.48","33.19","3.60M","-0.57%"
"12/06/2024","33.39","33.52","33.53","33.33","849.42K","-0.15%"
"12/05/2024","33.44","33.34","33.47","33.32","775.64K","1.27%"
"12/04/2024","33.02","32.88","33.10","32.84","663.43K","1.29%"
"12/03/2024","32.60","32.52","32.73","32.48","4.13M","0.40%"
"12/02/2024","32.47","32.38","32.51","32.13","721.21K","0.62%"
"11/29/2024","32.27","31.89","32.37","31.89","411.63K","1.73%"
"11/27/2024","31.72","31.66","31.77","31.59","281.48K","0.51%"
"11/26/2024","31.56","31.70","31.72","31.48","1.09M","-0.50%"
"11/25/2024","31.72","31.82","31.86","31.61","421.92K","0.99%"
"11/22/2024","31.41","31.23","31.48","31.23","436.43K","0.45%"
"11/21/2024","31.27","31.26","31.34","31.13","286.88K","-0.22%"
"11/20/2024","31.34","31.36","31.36","31.11","837.36K","-0.48%"
"11/19/2024","31.49","31.18","31.56","31.16","826.16K","-0.35%"
"11/18/2024","31.60","31.52","31.66","31.48","1.31M","0.06%"
"11/15/2024","31.58","31.66","31.66","31.52","548.92K","0.13%"
"11/14/2024","31.54","31.71","31.80","31.51","1.98M","0.96%"
"11/13/2024","31.24","31.34","31.36","31.03","564.77K","-1.08%"
"11/12/2024","31.58","31.81","31.83","31.33","1.02M","-2.05%"
"11/11/2024","32.24","32.31","32.37","32.10","455.15K","0.44%"
"11/08/2024","32.10","32.21","32.24","31.94","728.54K","-1.74%"
"11/07/2024","32.67","32.51","32.67","32.47","528.88K","2.35%"
"11/06/2024","31.92","31.89","31.97","31.71","993.19K","-2.86%"
"11/05/2024","32.86","32.53","32.88","32.53","623.56K","1.36%"
"11/04/2024","32.42","32.59","32.64","32.38","359.23K","-0.06%"
"11/01/2024","32.44","32.59","32.62","32.43","842.36K","0.37%"
"10/31/2024","32.32","32.49","32.49","32.12","358.44K","-0.65%"
"10/30/2024","32.53","32.50","32.74","32.47","449.80K","-1.06%"
"10/29/2024","32.88","32.84","32.97","32.79","167.41K","-0.45%"
"10/28/2024","33.03","32.91","33.06","32.86","325.52K","0.95%"
"10/25/2024","32.72","32.97","33.03","32.71","421.15K","-0.46%"
"10/24/2024","32.87","32.95","32.97","32.73","546.68K","0.98%"
"10/23/2024","32.55","32.64","32.74","32.46","821.42K","-0.70%"
"10/22/2024","32.78","32.83","32.85","32.74","351.55K","-0.55%"
"10/21/2024","32.96","33.13","33.15","32.91","747.70K","-1.20%"
"10/18/2024","33.36","33.33","33.40","33.26","759.12K","0.79%"
"10/17/2024","33.10","33.18","33.20","33.02","335.64K","0.06%"
"10/16/2024","33.08","33.12","33.22","33.01","713.87K","-0.24%"
"10/15/2024","33.16","33.38","33.40","33.13","1.19M","-0.63%"
"10/14/2024","33.37","33.20","33.37","33.18","279.29K","0.54%"
"10/11/2024","33.19","33.00","33.23","33.00","370.43K","0.67%"
"10/10/2024","32.97","33.05","33.05","32.85","197.70K","-0.36%"
"10/09/2024","33.09","32.87","33.13","32.87","200.91K","0.55%"
"10/08/2024","32.91","32.89","32.95","32.80","204.70K","0.49%"
"10/07/2024","32.75","32.97","32.97","32.67","491.42K","-1.00%"
"10/04/2024","33.08","32.91","33.10","32.88","183.36K","0.58%"
"10/03/2024","32.89","33.00","33.01","32.78","593.36K","-0.96%"
"10/02/2024","33.21","33.18","33.29","33.06","298.14K","-0.48%"
"10/01/2024","33.37","33.80","33.80","33.18","852.86K","-1.39%"
"09/30/2024","33.84","33.89","33.91","33.66","794.96K","-0.27%"
"09/27/2024","33.93","34.03","34.12","33.87","828.40K","0.68%"
"09/26/2024","33.70","33.55","33.74","33.44","500.97K","2.43%"
"09/25/2024","32.90","33.16","33.16","32.88","267.39K","-0.78%"
"09/24/2024","33.16","32.95","33.16","32.92","731.20K","1.16%"
"09/23/2024","32.78","32.81","32.83","32.71","249.33K","0.28%"
"09/20/2024","32.69","32.85","32.85","32.59","396.04K","-1.21%"
"09/19/2024","33.09","33.12","33.22","32.95","281.68K","1.57%"
"09/18/2024","32.58","32.70","33.01","32.53","711.75K","0.09%"
"09/17/2024","32.55","32.68","32.69","32.42","486.32K","-0.15%"
"09/16/2024","32.60","32.42","32.61","32.37","140.13K","0.62%"
"09/13/2024","32.40","32.29","32.47","32.29","640.86K","0.84%"
"09/12/2024","32.13","31.81","32.14","31.72","423.89K","1.01%"
"09/11/2024","31.81","31.67","31.85","31.34","484.43K","0.63%"
"09/10/2024","31.61","31.64","31.64","31.36","347.15K","-1.00%"
"09/09/2024","31.93","31.78","31.97","31.78","276.82K","0.79%"
"09/06/2024","31.68","32.20","32.26","31.66","508.35K","-1.80%"
"09/05/2024","32.26","32.33","32.36","32.15","290.83K","0.34%"
"09/04/2024","32.15","32.04","32.29","32.04","335.39K","-0.06%"
"09/03/2024","32.17","32.49","32.53","32.11","651.61K","-1.41%"
"08/30/2024","32.63","32.69","32.72","32.47","341.91K","0.49%"
"08/29/2024","32.47","32.63","32.71","32.44","659.91K","0.03%"
"08/28/2024","32.46","32.54","32.61","32.34","479.86K","-0.18%"
"08/27/2024","32.52","32.46","32.56","32.41","598.88K","0.59%"
"08/26/2024","32.33","32.32","32.38","32.26","222.30K","-0.28%"
"08/23/2024","32.42","32.11","32.45","32.08","696.79K","1.79%"
"08/22/2024","31.85","32.09","32.11","31.83","867.90K","-0.59%"
"08/21/2024","32.04","31.90","32.08","31.83","400.69K","1.04%"
"08/20/2024","31.71","31.72","31.80","31.66","236.31K","-0.16%"
"08/19/2024","31.76","31.53","31.77","31.53","313.25K","1.15%"
"08/16/2024","31.40","31.23","31.42","31.23","463.79K","1.09%"
"08/15/2024","31.06","30.96","31.11","30.95","791.21K","1.27%"
"08/14/2024","30.67","30.70","30.73","30.59","740.48K","0.49%"
"08/13/2024","30.52","30.21","30.55","30.21","335.77K","1.40%"
"08/12/2024","30.10","30.19","30.20","30.03","409.62K","-0.20%"
"08/09/2024","30.16","29.97","30.18","29.92","641.48K","0.43%"
"08/08/2024","30.03","29.83","30.06","29.71","638.81K","1.52%"
"08/07/2024","29.58","29.91","30.02","29.55","1.69M","0.31%"
"08/06/2024","29.49","29.30","29.68","29.30","1.18M","-0.24%"
"08/05/2024","29.56","29.30","29.72","29.27","2.46M","-1.92%"
"08/02/2024","30.14","30.09","30.18","29.97","706.16K","-0.69%"
"08/01/2024","30.35","30.74","30.84","30.22","1.70M","-2.44%"
"07/31/2024","31.11","31.18","31.31","31.08","638.68K","0.19%"
"07/30/2024","31.05","31.08","31.14","30.96","525.38K","0.13%"
"07/29/2024","31.01","31.10","31.10","30.91","1.50M","-0.96%"
"07/26/2024","31.31","31.15","31.34","31.11","363.09K","1.20%"
"07/25/2024","30.94","30.85","31.19","30.80","483.44K","-0.32%"
"07/24/2024","31.04","31.20","31.29","31.00","335.51K","-1.15%"
"07/23/2024","31.40","31.41","31.48","31.36","333.37K","0.10%"
"07/22/2024","31.37","31.32","31.40","31.25","443.16K","1.62%"
"07/19/2024","30.87","31.01","31.02","30.84","508.67K","-0.99%"
"07/18/2024","31.18","31.57","31.60","31.15","581.28K","-0.98%"
"07/17/2024","31.49","31.48","31.61","31.44","546.30K","-0.44%"
"07/16/2024","31.63","31.42","31.64","31.36","765.70K","0.09%"
"07/15/2024","31.60","31.73","31.76","31.55","442.72K","-1.00%"
"07/12/2024","31.92","31.68","32.01","31.68","688.05K","1.56%"
"07/11/2024","31.43","31.46","31.56","31.40","736.38K","0.74%"
"07/10/2024","31.20","31.06","31.22","31.02","640.40K","1.30%"
"07/09/2024","30.80","30.93","30.95","30.73","1.10M","-1.16%"
"07/08/2024","31.16","31.36","31.40","31.11","354.93K","-0.48%"
"07/05/2024","31.31","31.37","31.38","31.06","800.03K","1.07%"
"07/03/2024","30.98","30.83","31.02","30.83","306.56K","1.51%"
"07/02/2024","30.52","30.38","30.54","30.34","915.24K","-0.78%"
"07/01/2024","30.76","30.85","30.91","30.65","781.62K","0.46%"
"06/28/2024","30.62","30.52","30.67","30.50","999.32K","0.23%"
"06/27/2024","30.55","30.52","30.63","30.46","990.11K","0.59%"
"06/26/2024","30.37","30.19","30.41","30.15","1.82M","-0.23%"
"06/25/2024","30.44","30.36","30.47","30.31","825.13K","-0.13%"
"06/24/2024","30.48","30.48","30.63","30.41","1.72M","0.99%"
"06/21/2024","30.18","30.15","30.22","30.01","1.22M","-0.56%"
"06/20/2024","30.35","30.24","30.39","30.20","1.16M","0.20%"
"06/18/2024","30.29","30.18","30.33","30.17","729.58K","0.00%"
"06/17/2024","30.29","30.14","30.31","30.02","1.15M","0.93%"
"06/14/2024","30.01","29.99","30.06","29.85","3.11M","-1.96%"
"06/13/2024","30.61","31.01","31.01","30.51","980.43K","-2.36%"
"06/12/2024","31.35","31.40","31.52","31.28","987.02K","1.95%"
"06/11/2024","30.75","30.70","30.83","30.53","1.08M","-3.30%"
"06/10/2024","31.80","31.58","31.83","31.54","540.43K","-0.47%"
"06/07/2024","31.95","31.98","32.10","31.92","581.55K","-1.21%"
"06/06/2024","32.34","32.34","32.37","32.26","1.19M","0.19%"
"06/05/2024","32.28","32.26","32.30","32.04","1.40M","0.94%"
"06/04/2024","31.98","31.99","32.11","31.84","871.84K","-0.68%"
"06/03/2024","32.20","32.24","32.31","32.03","1.28M","0.44%"
"05/31/2024","32.06","31.99","32.08","31.82","847.25K","0.88%"
"05/30/2024","31.78","31.83","31.91","31.73","1.45M","0.13%"
"05/29/2024","31.74","31.78","31.90","31.74","1.26M","-1.55%"
"05/28/2024","32.24","32.38","32.39","32.15","811.68K","-0.12%"
"05/24/2024","32.28","32.14","32.30","32.08","637.43K","1.10%"
"05/23/2024","31.93","32.30","32.31","31.85","1.77M","-0.47%"
"05/22/2024","32.08","32.21","32.26","32.00","901.58K","-0.80%"
"05/21/2024","32.34","32.28","32.35","32.21","475.49K","-0.12%"
"05/20/2024","32.38","32.44","32.47","32.36","393.65K","-0.12%"
"05/17/2024","32.42","32.34","32.44","32.28","561.40K","0.22%"
"05/16/2024","32.35","32.52","32.52","32.33","1.41M","-1.19%"
"05/15/2024","32.74","32.56","32.75","32.53","828.39K","1.17%"
"05/14/2024","32.36","32.24","32.38","32.24","1.23M","0.59%"
"05/13/2024","32.17","32.22","32.28","32.13","1.43M","-0.03%"
"05/10/2024","32.18","32.17","32.22","32.11","636.25K","0.37%"
"05/09/2024","32.06","31.89","32.08","31.88","611.64K","1.26%"
"05/08/2024","31.66","31.55","31.66","31.55","671.17K","0.22%"
"05/07/2024","31.59","31.53","31.67","31.50","743.60K","0.99%"
"05/06/2024","31.28","31.21","31.30","31.15","770.19K","1.07%"
"05/03/2024","30.95","31.02","31.13","30.80","1.26M","0.78%"
"05/02/2024","30.71","30.67","30.74","30.42","1.38M","1.05%"
"05/01/2024","30.39","30.46","30.79","30.30","3.39M","-0.23%"
"04/30/2024","30.46","30.73","30.82","30.45","1.35M","-1.68%"
"04/29/2024","30.98","30.88","31.00","30.86","585.99K","0.06%"
"04/26/2024","30.96","30.85","31.01","30.81","834.87K","0.88%"
"04/25/2024","30.69","30.39","30.72","30.32","1.99M","-0.32%"
"04/24/2024","30.79","30.86","30.87","30.67","890.91K","-0.45%"
"04/23/2024","30.93","30.64","30.95","30.63","1.36M","1.81%"
"04/22/2024","30.38","30.23","30.48","30.18","1.46M","1.23%"
"04/19/2024","30.01","30.05","30.14","29.91","6.86M","-0.10%"
"04/18/2024","30.04","30.14","30.29","29.99","1.93M","-0.36%"
"04/17/2024","30.15","30.28","30.30","30.01","2.35M","0.50%"
"04/16/2024","30.00","30.13","30.16","29.91","5.63M","-0.86%"
"04/15/2024","30.26","30.79","30.84","30.24","2.32M","0.03%"
"04/12/2024","30.25","30.42","30.56","30.21","2.07M","-1.94%"
"04/11/2024","30.85","30.92","30.93","30.50","2.15M","-0.39%"
"04/10/2024","30.97","30.91","31.13","30.86","2.82M","-1.24%"
"04/09/2024","31.36","31.53","31.59","31.24","1.55M","-0.70%"
"04/08/2024","31.58","31.58","31.64","31.52","979.69K","0.73%"
"04/05/2024","31.35","31.26","31.40","31.17","2.18M","-0.06%"
"04/04/2024","31.37","31.84","31.91","31.36","1.66M","-0.88%"
"04/03/2024","31.65","31.43","31.69","31.42","1.88M","0.96%"
"04/02/2024","31.35","31.40","31.41","31.28","2.84M","-1.20%"
"04/01/2024","31.73","31.83","31.97","31.67","2.07M","-0.06%"
"03/28/2024","31.75","31.75","31.80","31.73","898.98K","-0.38%"
"03/27/2024","31.87","31.79","31.88","31.72","1.08M","0.92%"
"03/26/2024","31.58","31.70","31.73","31.57","969.78K","0.45%"
"03/25/2024","31.44","31.32","31.49","31.32","1.42M","0.48%"
"03/22/2024","31.29","31.31","31.33","31.23","1.34M","-0.06%"
"03/21/2024","31.31","31.27","31.36","31.23","1.01M","-0.45%"
"03/20/2024","31.45","31.00","31.48","30.99","1.13M","1.22%"
"03/19/2024","31.07","31.01","31.12","30.93","1.35M","0.26%"
"03/18/2024","30.99","31.16","31.16","30.97","1.32M","-0.58%"
"03/15/2024","31.17","31.23","31.25","31.06","1.17M","0.06%"
"03/14/2024","31.15","31.35","31.35","31.01","1.41M","-0.83%"
"03/13/2024","31.41","31.42","31.50","31.38","1.86M","-0.03%"
"03/12/2024","31.42","31.11","31.43","31.00","1.39M","1.26%"
"03/11/2024","31.03","30.91","31.04","30.84","1.56M","0.06%"
"03/08/2024","31.01","31.22","31.25","30.98","1.06M","-0.77%"
"03/07/2024","31.25","30.96","31.26","30.96","884.32K","1.43%"
"03/06/2024","30.81","30.79","30.89","30.73","1.46M","0.62%"
"03/05/2024","30.62","30.70","30.81","30.51","3.90M","-0.36%"
"03/04/2024","30.73","30.68","30.77","30.67","811.94K","-0.16%"
"03/01/2024","30.78","30.68","30.80","30.53","1.86M","0.46%"
"02/29/2024","30.64","30.70","30.77","30.49","1.14M","0.49%"
"02/28/2024","30.49","30.45","30.53","30.42","845.61K","-0.20%"
"02/27/2024","30.55","30.40","30.56","30.40","3.88M","0.79%"
"02/26/2024","30.31","30.34","30.34","30.24","899.86K","0.30%"
"02/23/2024","30.22","30.21","30.26","30.16","1.07M","0.07%"
"02/22/2024","30.20","30.12","30.22","30.07","1.51M","1.65%"
"02/21/2024","29.71","29.60","29.73","29.58","1.13M","0.44%"
"02/20/2024","29.58","29.57","29.63","29.50","1.09M","0.24%"
"02/16/2024","29.51","29.51","29.61","29.41","961.54K","0.10%"
"02/15/2024","29.48","29.33","29.50","29.33","857.66K","1.10%"
"02/14/2024","29.16","28.97","29.17","28.96","2.07M","1.21%"
"02/13/2024","28.81","28.88","28.95","28.72","2.18M","-1.81%"
"02/12/2024","29.34","29.28","29.41","29.26","1.32M","0.24%"
"02/09/2024","29.27","29.19","29.28","29.13","1.13M","0.03%"
"02/08/2024","29.26","29.26","29.29","29.20","1.60M","0.21%"
"02/07/2024","29.20","29.25","29.27","29.10","954.49K","-0.27%"
"02/06/2024","29.28","29.06","29.29","29.06","1.26M","0.72%"
"02/05/2024","29.07","29.03","29.11","28.92","1.21M","-0.55%"
"02/02/2024","29.23","29.28","29.31","29.12","1.61M","-0.92%"
"02/01/2024","29.50","29.22","29.50","29.17","3.59M","1.48%"
"01/31/2024","29.07","29.47","29.50","29.01","1.65M","-1.19%"
"01/30/2024","29.42","29.43","29.47","29.34","855.01K","-0.14%"
"01/29/2024","29.46","29.21","29.49","29.21","938.43K","0.24%"
"01/26/2024","29.39","29.42","29.49","29.36","1.29M","0.27%"
"01/25/2024","29.31","29.36","29.36","29.20","1.31M","-0.17%"
"01/24/2024","29.36","29.52","29.58","29.35","2.03M","1.77%"
"01/23/2024","28.85","28.83","28.86","28.71","1.27M","-0.24%"
"01/22/2024","28.92","28.90","28.98","28.89","1.84M","0.10%"
"01/19/2024","28.89","28.66","28.89","28.62","1.59M","0.56%"
"01/18/2024","28.73","28.61","28.74","28.57","1.53M","0.84%"
"01/17/2024","28.49","28.37","28.50","28.28","3.64M","-0.63%"
"01/16/2024","28.67","28.68","28.80","28.61","1.12M","-1.88%"
"01/12/2024","29.22","29.29","29.40","29.17","698.51K","0.10%"
"01/11/2024","29.19","29.30","29.35","28.94","2.57M","-0.38%"
"01/10/2024","29.30","29.18","29.36","29.13","1.02M","0.48%"
"01/09/2024","29.16","29.10","29.21","29.09","727.84K","-0.85%"
"01/08/2024","29.41","29.20","29.41","29.17","1.29M","1.31%"
"01/05/2024","29.03","28.96","29.29","28.94","776.48K","0.00%"
"01/04/2024","29.03","28.97","29.18","28.97","959.63K","0.38%"
"01/03/2024","28.92","28.97","29.01","28.81","2.07M","-1.43%"
"01/02/2024","29.34","29.38","29.46","29.30","1.97M","-1.18%"
"12/29/2023","29.69","29.71","29.82","29.60","1.13M","0.10%"
"12/28/2023","29.66","29.76","29.80","29.63","906.42K","-0.67%"
"12/27/2023","29.86","29.73","29.90","29.73","1.03M","0.57%"
"12/26/2023","29.69","29.54","29.74","29.46","839.11K","0.58%"
"12/22/2023","29.52","29.59","29.60","29.42","739.26K","-0.07%"
"12/21/2023","29.54","29.44","29.55","29.34","1.13M","1.23%"
"12/20/2023","29.18","29.47","29.54","29.16","1.06M","-1.35%"
"12/19/2023","29.58","29.46","29.58","29.42","1.10M","1.16%"
"12/18/2023","29.24","29.28","29.29","29.15","1.55M","-0.10%"
"12/15/2023","29.27","29.37","29.42","29.26","2.05M","-1.05%"
"12/14/2023","29.58","29.56","29.69","29.42","1.93M","0.31%"
"12/13/2023","29.49","29.10","29.52","28.93","1.79M","1.34%"
"12/12/2023","29.10","29.03","29.12","28.94","816.18K","0.21%"
"12/11/2023","29.04","28.86","29.06","28.86","747.31K","0.14%"
"12/08/2023","29.00","28.79","29.03","28.79","2.21M","0.38%"
"12/07/2023","28.89","28.82","28.92","28.74","1.86M","0.45%"
"12/06/2023","28.76","28.90","29.01","28.74","1.22M","0.24%"
"12/05/2023","28.69","28.65","28.77","28.60","1.32M","0.17%"
"12/04/2023","28.64","28.51","28.64","28.47","1.33M","-0.31%"
"12/01/2023","28.73","28.44","28.76","28.42","2.80M","1.13%"
"11/30/2023","28.41","28.49","28.49","28.34","2.22M","-0.42%"
"11/29/2023","28.53","28.52","28.64","28.46","1.15M","1.03%"
"11/28/2023","28.24","28.13","28.32","28.10","1.69M","0.39%"
"11/27/2023","28.13","28.13","28.16","28.06","921.54K","-0.32%"
"11/24/2023","28.22","28.09","28.23","28.09","593.46K","0.97%"
"11/22/2023","27.95","27.97","27.99","27.84","1.23M","0.18%"
"11/21/2023","27.90","28.06","28.06","27.86","1.14M","-0.61%"
"11/20/2023","28.07","27.90","28.10","27.90","1.11M","0.29%"
"11/17/2023","27.99","27.88","28.00","27.82","938.03K","1.30%"
"11/16/2023","27.63","27.66","27.77","27.55","1.16M","0.44%"
"11/15/2023","27.51","27.48","27.59","27.43","1.30M","0.55%"
"11/14/2023","27.36","27.09","27.39","27.09","2.06M","3.60%"
"11/13/2023","26.41","26.22","26.44","26.19","2.02M","0.27%"
"11/10/2023","26.34","26.21","26.36","26.05","1.37M","0.38%"
"11/09/2023","26.24","26.48","26.52","26.22","2.16M","0.04%"
"11/08/2023","26.23","26.17","26.26","26.12","3.46M","0.77%"
"11/07/2023","26.03","25.93","26.09","25.90","2.68M","-0.12%"
"11/06/2023","26.06","26.15","26.17","26.00","1.02M","-0.34%"
"11/03/2023","26.15","26.20","26.32","26.11","1.74M","0.93%"
"11/02/2023","25.91","25.89","25.96","25.76","1.79M","2.17%"
"11/01/2023","25.36","25.14","25.38","25.11","2.63M","0.71%"
"10/31/2023","25.18","25.12","25.25","25.03","1.18M","0.32%"
"10/30/2023","25.10","25.05","25.14","24.93","1.52M","1.33%"
"10/27/2023","24.77","25.09","25.09","24.70","3.09M","-0.20%"
"10/26/2023","24.82","24.94","25.00","24.72","1.90M","-1.23%"
"10/25/2023","25.13","25.20","25.37","25.08","2.72M","-0.91%"
"10/24/2023","25.36","25.27","25.39","25.23","1.25M","0.32%"
"10/23/2023","25.28","25.05","25.42","24.96","1.67M","0.36%"
"10/20/2023","25.19","25.32","25.40","25.17","3.77M","-1.06%"
"10/19/2023","25.46","25.59","25.75","25.42","1.98M","-0.04%"
"10/18/2023","25.47","25.65","25.70","25.44","1.75M","-1.74%"
"10/17/2023","25.92","25.63","26.02","25.63","1.25M","-0.08%"
"10/16/2023","25.94","25.80","25.96","25.77","1.39M","1.01%"
"10/13/2023","25.68","25.93","25.96","25.60","5.22M","-1.53%"
"10/12/2023","26.08","26.31","26.33","26.00","1.67M","-1.32%"
"10/11/2023","26.43","26.44","26.50","26.26","3.41M","0.42%"
"10/10/2023","26.32","26.28","26.43","26.24","1.61M","1.58%"
"10/09/2023","25.91","25.71","25.92","25.66","1.44M","-0.69%"
"10/06/2023","26.09","25.65","26.15","25.53","1.96M","1.48%"
"10/05/2023","25.71","25.65","25.74","25.55","1.41M","0.08%"
"10/04/2023","25.69","25.68","25.72","25.46","1.65M","0.78%"
"10/03/2023","25.49","25.60","25.66","25.42","2.15M","-0.97%"
"10/02/2023","25.74","26.00","26.04","25.68","3.13M","-1.76%"
"09/29/2023","26.20","26.51","26.51","26.13","2.11M","0.31%"
"09/28/2023","26.12","25.88","26.20","25.84","1.61M","1.01%"
"09/27/2023","25.86","25.96","26.00","25.64","1.72M","-0.42%"
"09/26/2023","25.97","26.13","26.22","25.94","1.90M","-1.78%"
"09/25/2023","26.44","26.34","26.45","26.24","1.20M","-1.01%"
"09/22/2023","26.71","26.81","26.93","26.69","1.86M","0.11%"
"09/21/2023","26.68","26.87","26.96","26.68","15.88M","-1.33%"
"09/20/2023","27.04","27.27","27.41","27.03","3.88M","-0.04%"
"09/19/2023","27.05","27.06","27.13","26.98","1.03M","-0.29%"
"09/18/2023","27.13","27.13","27.18","27.04","1.08M","-0.73%"
"09/15/2023","27.33","27.40","27.49","27.30","1.49M","0.29%"
"09/14/2023","27.25","27.13","27.27","27.08","1.41M","0.63%"
"09/13/2023","27.08","27.15","27.23","27.03","817.11K","-0.48%"
"09/12/2023","27.21","27.16","27.30","27.16","2.48M","-0.84%"
"09/11/2023","27.44","27.38","27.45","27.29","1.98M","1.22%"
"09/08/2023","27.11","27.12","27.25","27.09","4.15M","0.07%"
"09/07/2023","27.09","27.12","27.17","27.01","1.50M","-0.51%"
"09/06/2023","27.23","27.26","27.32","27.16","723.92K","-0.22%"
"09/05/2023","27.29","27.45","27.48","27.27","1.06M","-1.16%"
"09/01/2023","27.61","27.98","28.00","27.57","1.69M","-1.11%"
"08/31/2023","27.92","28.05","28.13","27.85","1.16M","-0.43%"
"08/30/2023","28.04","28.07","28.16","27.99","861.33K","-0.18%"
"08/29/2023","28.09","27.61","28.11","27.60","2.86M","1.70%"
"08/28/2023","27.62","27.54","27.66","27.51","1.20M","0.88%"
"08/25/2023","27.38","27.38","27.54","27.16","1.39M","0.66%"
"08/24/2023","27.20","27.51","27.59","27.19","1.68M","-1.63%"
"08/23/2023","27.65","27.47","27.69","27.47","3.23M","0.40%"
"08/22/2023","27.54","27.67","27.69","27.50","2.26M","-0.18%"
"08/21/2023","27.59","27.54","27.62","27.43","1.98M","0.55%"
"08/18/2023","27.44","27.22","27.50","27.20","3.04M","-0.22%"
"08/17/2023","27.50","27.79","27.82","27.46","6.70M","-0.69%"
"08/16/2023","27.69","27.83","27.96","27.68","1.83M","-0.40%"
"08/15/2023","27.80","28.01","28.02","27.74","4.83M","-1.14%"
"08/14/2023","28.12","27.96","28.17","27.87","1.57M","0.04%"
"08/11/2023","28.11","28.14","28.21","28.05","2.47M","-0.88%"
"08/10/2023","28.36","28.47","28.70","28.30","1.91M","0.64%"
"08/09/2023","28.18","28.19","28.30","28.11","939.46K","0.36%"
"08/08/2023","28.08","27.96","28.10","27.85","1.93M","-1.34%"
"08/07/2023","28.46","28.35","28.48","28.24","1.43M","0.81%"
"08/04/2023","28.23","28.27","28.53","28.18","1.46M","0.25%"
"08/03/2023","28.16","28.06","28.28","28.02","3.16M","-0.56%"
"08/02/2023","28.32","28.52","28.56","28.26","2.94M","-2.01%"
"08/01/2023","28.90","28.99","29.06","28.81","3.71M","-1.43%"
"07/31/2023","29.32","29.46","29.52","29.31","876.70K","-0.34%"
"07/28/2023","29.42","29.29","29.48","29.27","1.18M","1.31%"
"07/27/2023","29.04","29.28","29.35","29.00","2.36M","0.28%"
"07/26/2023","28.96","28.66","29.04","28.66","3.03M","-0.10%"
"07/25/2023","28.99","28.87","29.02","28.86","1.45M","0.17%"
"07/24/2023","28.94","28.96","29.02","28.91","1.81M","-0.55%"
"07/21/2023","29.10","29.10","29.14","29.00","974.99K","0.24%"
"07/20/2023","29.03","29.27","29.34","28.98","1.21M","-0.65%"
"07/19/2023","29.22","29.28","29.32","29.16","847.89K","-0.41%"
"07/18/2023","29.34","29.19","29.35","29.17","1.01M","0.24%"
"07/17/2023","29.27","29.09","29.31","29.06","442.40K","0.21%"
"07/14/2023","29.21","29.30","29.37","29.19","1.37M","-0.54%"
"07/13/2023","29.37","29.18","29.38","29.18","3.13M","1.73%"
"07/12/2023","28.87","28.68","28.89","28.64","2.56M","2.41%"
"07/11/2023","28.19","28.04","28.19","27.98","6.57M","1.08%"
"07/10/2023","27.89","27.73","27.89","27.72","886.67K","0.76%"
"07/07/2023","27.68","27.51","27.85","27.45","2.17M","1.06%"
"07/06/2023","27.39","27.52","27.55","27.23","1.44M","-2.04%"
"07/05/2023","27.96","28.09","28.12","27.93","1.39M","-1.65%"
"07/03/2023","28.43","28.43","28.49","28.37","757.31K","-0.49%"
"06/30/2023","28.57","28.53","28.61","28.47","2.89M","1.78%"
"06/29/2023","28.07","28.03","28.11","28.01","1.07M","-0.50%"
"06/28/2023","28.21","28.24","28.31","28.14","960.14K","0.04%"
"06/27/2023","28.20","28.06","28.25","27.99","965.47K","1.08%"
"06/26/2023","27.90","27.93","28.02","27.90","927.14K","-0.11%"
"06/23/2023","27.93","27.81","28.00","27.79","804.57K","-1.48%"
"06/22/2023","28.35","28.30","28.41","28.30","1.04M","-0.14%"
"06/21/2023","28.39","28.33","28.51","28.27","819.78K","-0.21%"
"06/20/2023","28.45","28.48","28.53","28.37","945.19K","-1.59%"
"06/16/2023","28.91","29.10","29.12","28.89","2.06M","-0.07%"
"06/15/2023","28.93","28.58","28.96","28.56","1.36M","1.30%"
"06/14/2023","28.56","28.58","28.71","28.42","1.06M","0.60%"
"06/13/2023","28.39","28.32","28.41","28.24","2.22M","0.89%"
"06/12/2023","28.14","28.00","28.14","27.96","1.65M","1.37%"
"06/09/2023","27.76","27.87","27.88","27.73","2.26M","-0.79%"
"06/08/2023","27.98","27.84","27.99","27.82","2.34M","1.27%"
"06/07/2023","27.63","27.78","27.89","27.60","1.31M","-3.09%"
"06/06/2023","28.51","28.35","28.52","28.35","6.09M","0.32%"
"06/05/2023","28.42","28.56","28.56","28.38","2.72M","-0.66%"
"06/02/2023","28.61","28.69","28.72","28.58","2.16M","0.63%"
"06/01/2023","28.43","28.13","28.47","28.08","4.12M","1.61%"
"05/31/2023","27.98","28.07","28.13","27.73","2.88M","-1.58%"
"05/30/2023","28.43","28.66","28.66","28.34","1.58M","-0.52%"
"05/26/2023","28.58","28.38","28.62","28.38","1.64M","1.03%"
"05/25/2023","28.29","28.27","28.35","28.17","1.31M","-0.25%"
"05/24/2023","28.36","28.53","28.53","28.33","2.00M","-1.63%"
"05/23/2023","28.83","29.03","29.10","28.82","1.53M","-1.30%"
"05/22/2023","29.21","29.18","29.26","29.17","1.81M","-0.38%"
"05/19/2023","29.32","29.26","29.41","29.26","1.33M","0.83%"
"05/18/2023","29.08","29.00","29.10","28.90","1.42M","0.41%"
"05/17/2023","28.96","28.83","28.96","28.71","1.70M","0.63%"
"05/16/2023","28.78","28.89","28.91","28.76","1.85M","-0.69%"
"05/15/2023","28.98","28.91","29.00","28.84","1.24M","0.45%"
"05/12/2023","28.85","28.93","28.97","28.77","1.21M","-0.38%"
"05/11/2023","28.96","28.92","29.00","28.77","1.45M","-0.86%"
"05/10/2023","29.21","29.31","29.31","29.03","1.04M","-0.10%"
"05/09/2023","29.24","29.11","29.29","29.10","869.54K","-0.65%"
"05/08/2023","29.43","29.50","29.52","29.38","2.04M","-0.24%"
"05/05/2023","29.50","29.24","29.56","29.23","865.18K","1.44%"
"05/04/2023","29.08","29.03","29.17","28.93","1.84M","-0.41%"
"05/03/2023","29.20","29.22","29.43","29.17","3.08M","0.55%"
"05/02/2023","29.04","29.08","29.09","28.86","3.70M","-1.33%"
"05/01/2023","29.43","29.49","29.56","29.40","4.77M","0.07%"
"04/28/2023","29.41","29.17","29.45","29.14","1.47M","0.41%"
"04/27/2023","29.29","29.16","29.31","29.08","1.53M","0.72%"
"04/26/2023","29.08","29.31","29.31","29.04","1.66M","0.31%"
"04/25/2023","28.99","29.23","29.26","28.97","1.66M","-1.26%"
"04/24/2023","29.36","29.31","29.38","29.26","1.15M","0.34%"
"04/21/2023","29.26","29.05","29.27","28.99","3.46M","0.93%"
"04/20/2023","28.99","28.91","29.06","28.91","1.58M","-0.69%"
"04/19/2023","29.19","29.11","29.24","29.09","1.22M","-0.03%"
"04/18/2023","29.20","29.14","29.23","29.10","1.10M","0.76%"
"04/17/2023","28.98","28.95","28.98","28.82","1.71M","-0.55%"
"04/14/2023","29.14","29.22","29.29","29.00","1.62M","-0.10%"
"04/13/2023","29.17","29.04","29.21","29.03","1.43M","1.21%"
"04/12/2023","28.82","28.90","28.99","28.78","2.58M","0.59%"
"04/11/2023","28.65","28.61","28.69","28.58","1.61M","0.21%"
"04/10/2023","28.59","28.40","28.59","28.34","1.77M","0.03%"
"04/06/2023","28.58","28.34","28.65","28.33","1.44M","0.74%"
"04/05/2023","28.37","28.42","28.50","28.26","2.02M","-1.01%"
"04/04/2023","28.66","28.63","28.73","28.56","2.19M","0.46%"
"04/03/2023","28.53","28.39","28.54","28.33","1.71M","0.25%"
"03/31/2023","28.46","28.47","28.57","28.40","1.59M","0.28%"
"03/30/2023","28.38","28.32","28.41","28.29","1.66M","1.79%"
"03/29/2023","27.88","27.82","27.92","27.72","1.62M","1.38%"
"03/28/2023","27.50","27.44","27.55","27.39","1.88M","0.11%"
"03/27/2023","27.47","27.46","27.51","27.31","7.06M","1.33%"
"03/24/2023","27.11","26.98","27.15","26.82","3.11M","-1.17%"
"03/23/2023","27.43","27.71","27.87","27.28","2.63M","0.00%"
"03/22/2023","27.43","27.59","27.91","27.42","2.53M","-0.18%"
"03/21/2023","27.48","27.46","27.54","27.35","1.54M","2.23%"
"03/20/2023","26.88","26.71","26.96","26.67","1.94M","1.66%"
"03/17/2023","26.44","26.40","26.54","26.20","3.09M","-1.34%"
"03/16/2023","26.80","26.16","26.83","26.13","3.70M","1.28%"
"03/15/2023","26.46","26.09","26.50","26.04","4.85M","-3.57%"
"03/14/2023","27.44","27.42","27.48","27.24","3.16M","1.82%"
"03/13/2023","26.95","26.81","27.14","26.73","6.03M","-1.28%"
"03/10/2023","27.30","27.57","27.63","27.28","2.56M","-0.84%"
"03/09/2023","27.53","27.68","27.82","27.46","1.73M","-0.76%"
"03/08/2023","27.74","27.63","27.83","27.56","1.21M","0.65%"
"03/07/2023","27.56","27.97","28.00","27.51","1.78M","-1.89%"
"03/06/2023","28.09","28.07","28.20","28.06","1.53M","0.54%"
"03/03/2023","27.94","27.74","27.97","27.64","2.09M","2.01%"
"03/02/2023","27.39","27.17","27.43","27.17","3.69M","-0.36%"
"03/01/2023","27.49","27.61","27.67","27.34","3.35M","0.73%"
"02/28/2023","27.29","27.42","27.52","27.26","1.68M","-0.69%"
"02/27/2023","27.48","27.48","27.55","27.35","2.15M","1.63%"
"02/24/2023","27.04","27.23","27.29","26.95","3.82M","-2.70%"
"02/23/2023","27.79","27.80","27.84","27.58","1.09M","0.87%"
"02/22/2023","27.55","27.64","27.73","27.50","1.71M","-0.47%"
"02/21/2023","27.68","27.85","27.94","27.64","2.29M","-1.67%"
"02/17/2023","28.15","27.86","28.16","27.82","2.88M","0.36%"
"02/16/2023","28.05","27.90","28.22","27.85","3.97M","-0.43%"
"02/15/2023","28.17","27.91","28.18","27.91","1.26M","0.14%"
"02/14/2023","28.13","27.95","28.29","27.89","3.77M","0.36%"
"02/13/2023","28.03","27.81","28.03","27.81","3.38M","0.94%"
"02/10/2023","27.77","27.85","27.86","27.63","1.81M","-1.28%"
"02/09/2023","28.13","28.54","28.58","28.08","2.03M","0.04%"
"02/08/2023","28.12","28.15","28.20","28.01","2.58M","-0.04%"
"02/07/2023","28.13","27.88","28.18","27.75","3.83M","0.18%"
"02/06/2023","28.08","28.15","28.22","27.99","1.89M","-1.20%"
"02/03/2023","28.42","28.42","28.70","28.35","5.77M","-1.56%"
"02/02/2023","28.87","28.82","28.91","28.58","5.35M","1.23%"
"02/01/2023","28.52","28.13","28.63","27.99","4.73M","1.71%"
"01/31/2023","28.04","27.80","28.04","27.76","2.00M","0.68%"
"01/30/2023","27.85","27.94","28.07","27.83","2.91M","-0.50%"
"01/27/2023","27.99","27.82","28.07","27.82","3.51M","-0.07%"
"01/26/2023","28.01","27.95","28.01","27.78","2.68M","0.00%"
"01/25/2023","28.01","27.75","28.02","27.69","2.19M","0.65%"
"01/24/2023","27.83","27.68","27.86","27.60","2.68M","-0.14%"
"01/23/2023","27.87","27.63","27.90","27.62","1.75M","0.36%"
"01/20/2023","27.77","27.44","27.77","27.39","3.30M","0.95%"
"01/19/2023","27.51","27.47","27.56","27.30","5.34M","-0.69%"
"01/18/2023","27.70","28.11","28.13","27.69","3.64M","-0.40%"
"01/17/2023","27.81","27.85","28.06","27.74","4.44M","0.07%"
"01/13/2023","27.79","27.54","27.80","27.51","6.50M","0.07%"
"01/12/2023","27.77","27.53","27.84","27.27","6.53M","1.68%"
"01/11/2023","27.31","27.22","27.33","27.17","3.41M","1.22%"
"01/10/2023","26.98","26.78","26.98","26.77","2.32M","1.01%"
"01/09/2023","26.71","26.75","26.94","26.69","3.64M","1.33%"
"01/06/2023","26.36","25.73","26.41","25.61","5.43M","2.53%"
"01/05/2023","25.71","25.72","25.84","25.67","7.28M","-0.62%"
"01/04/2023","25.87","25.82","25.94","25.66","5.12M","2.86%"
"01/03/2023","25.15","25.26","25.40","25.04","3.66M","1.70%"
"12/30/2022","24.73","24.83","24.93","24.70","3.11M","-1.28%"
"12/29/2022","25.05","24.96","25.13","24.91","2.12M","1.87%"
"12/28/2022","24.59","24.84","24.92","24.56","2.05M","-0.89%"
"12/27/2022","24.81","24.81","24.91","24.75","2.71M","0.32%"
"12/23/2022","24.73","24.63","24.81","24.54","3.48M","0.28%"
"12/22/2022","24.66","24.78","24.78","24.43","2.34M","-1.04%"
"12/21/2022","24.92","24.84","25.02","24.80","2.62M","1.10%"
"12/20/2022","24.65","24.54","24.71","24.50","2.39M","0.20%"
"12/19/2022","24.60","24.69","24.75","24.53","2.79M","0.00%"
"12/16/2022","24.60","24.69","24.82","24.53","3.93M","-1.05%"
"12/15/2022","24.86","25.22","25.26","24.75","6.14M","-3.19%"
"12/14/2022","25.68","25.65","25.88","25.49","4.21M","-0.08%"
"12/13/2022","25.70","26.07","26.16","25.56","6.18M","1.62%"
"12/12/2022","25.29","25.23","25.30","25.13","3.06M","0.12%"
"12/09/2022","25.26","25.26","25.39","25.21","2.60M","0.04%"
"12/08/2022","25.25","25.08","25.28","25.00","1.84M","0.32%"
"12/07/2022","25.17","25.20","25.29","25.03","3.81M","0.36%"
"12/06/2022","25.08","25.35","25.40","24.98","3.94M","-1.22%"
"12/05/2022","25.39","25.56","25.66","25.33","2.12M","-1.36%"
"12/02/2022","25.74","25.45","25.77","25.42","2.73M","0.63%"
"12/01/2022","25.58","25.59","25.71","25.40","3.48M","0.75%"
"11/30/2022","25.39","25.06","25.46","24.79","7.82M","1.93%"
"11/29/2022","24.91","24.84","25.02","24.81","1.51M","0.36%"
"11/28/2022","24.82","25.12","25.22","24.79","2.76M","-1.74%"
"11/25/2022","25.26","25.14","25.32","25.14","1.40M","0.76%"
"11/23/2022","25.07","24.79","25.09","24.79","3.48M","0.72%"
"11/22/2022","24.89","24.72","24.91","24.68","2.39M","0.89%"
"11/21/2022","24.67","24.63","24.75","24.56","2.23M","-1.04%"
"11/18/2022","24.93","25.03","25.04","24.86","3.22M","0.32%"
"11/17/2022","24.85","24.46","24.89","24.46","2.77M","0.36%"
"11/16/2022","24.76","24.78","24.84","24.62","6.50M","0.04%"
"11/15/2022","24.75","25.03","25.09","24.32","10.75M","0.41%"
"11/14/2022","24.65","24.72","24.95","24.64","5.56M","-0.72%"
"11/11/2022","24.83","24.40","24.90","24.33","9.11M","2.94%"
"11/10/2022","24.12","23.73","24.13","23.59","7.54M","6.87%"
"11/09/2022","22.57","22.64","22.86","22.56","4.80M","-1.23%"
"11/08/2022","22.85","22.62","22.98","22.59","5.23M","1.47%"
"11/07/2022","22.52","22.49","22.61","22.39","2.48M","0.94%"
"11/04/2022","22.31","22.00","22.32","21.85","7.07M","5.48%"
"11/03/2022","21.15","21.09","21.32","21.05","4.08M","-1.58%"
"11/02/2022","21.49","21.91","22.18","21.49","6.21M","-2.23%"
"11/01/2022","21.98","22.27","22.28","21.85","3.57M","0.73%"
"10/31/2022","21.82","21.86","21.92","21.78","2.23M","-1.53%"
"10/28/2022","22.16","21.91","22.17","21.85","3.37M","0.91%"
"10/27/2022","21.96","22.04","22.30","21.95","3.59M","-0.99%"
"10/26/2022","22.18","21.88","22.33","21.88","5.47M","1.32%"
"10/25/2022","21.89","21.49","21.91","21.46","3.42M","2.15%"
"10/24/2022","21.43","21.26","21.48","21.14","5.31M","1.13%"
"10/21/2022","21.19","20.65","21.20","20.58","5.81M","2.22%"
"10/20/2022","20.73","20.82","21.09","20.68","3.39M","-0.43%"
"10/19/2022","20.82","20.85","20.98","20.67","4.61M","-1.65%"
"10/18/2022","21.17","21.39","21.39","20.98","6.71M","1.63%"
"10/17/2022","20.83","20.73","20.89","20.71","7.09M","3.63%"
"10/14/2022","20.10","20.55","20.65","20.08","4.54M","-1.23%"
"10/13/2022","20.35","19.45","20.45","19.38","8.04M","3.14%"
"10/12/2022","19.73","19.77","19.87","19.68","3.46M","-0.15%"
"10/11/2022","19.76","19.83","20.09","19.65","4.73M","-1.35%"
"10/10/2022","20.03","20.17","20.20","19.85","4.61M","0.20%"
"10/07/2022","19.99","20.27","20.31","19.91","3.59M","-2.30%"
"10/06/2022","20.46","20.63","20.74","20.45","5.60M","-2.20%"
"10/05/2022","20.92","20.76","21.05","20.58","4.50M","-1.69%"
"10/04/2022","21.28","20.91","21.30","20.90","4.94M","5.24%"
"10/03/2022","20.22","19.96","20.27","19.86","4.34M","2.43%"
"09/30/2022","19.74","19.68","20.04","19.66","6.80M","-0.10%"
"09/29/2022","19.76","19.61","19.78","19.40","5.29M","-1.98%"
"09/28/2022","20.16","19.50","20.20","19.43","5.23M","3.23%"
"09/27/2022","19.53","19.85","19.99","19.35","6.23M","-1.21%"
"09/26/2022","19.77","19.99","20.15","19.70","6.49M","-1.45%"
"09/23/2022","20.06","20.28","20.32","19.92","6.67M","-4.02%"
"09/22/2022","20.90","21.02","21.08","20.75","3.57M","-0.19%"
"09/21/2022","20.94","21.24","21.50","20.93","6.35M","-1.64%"
"09/20/2022","21.29","21.38","21.46","21.08","8.51M","-2.29%"
"09/19/2022","21.79","21.36","21.81","21.36","3.39M","0.83%"
"09/16/2022","21.61","21.50","21.71","21.44","9.37M","-1.14%"
"09/15/2022","21.86","21.85","22.09","21.82","3.36M","-0.91%"
"09/14/2022","22.06","22.04","22.18","21.88","10.47M","-0.14%"
"09/13/2022","22.09","22.52","22.69","22.07","6.85M","-4.16%"
"09/12/2022","23.05","22.96","23.13","22.92","9.24M","2.81%"
"09/09/2022","22.42","22.24","22.43","22.24","3.04M","2.94%"
"09/08/2022","21.78","21.46","21.84","21.39","4.49M","-1.18%"
"09/07/2022","22.04","21.53","22.04","21.51","4.39M","2.56%"
"09/06/2022","21.49","21.62","21.75","21.40","5.49M","0.66%"
"09/02/2022","21.35","21.95","22.18","21.25","15.09M","-0.88%"
"09/01/2022","21.54","21.44","21.55","21.16","4.47M","-1.37%"
"08/31/2022","21.84","21.94","22.05","21.79","2.70M","-0.41%"
"08/30/2022","21.93","22.18","22.23","21.80","3.69M","0.60%"
"08/29/2022","21.80","21.74","21.94","21.71","3.53M","0.79%"
"08/26/2022","21.63","22.55","22.56","21.62","4.49M","-3.87%"
"08/25/2022","22.50","22.27","22.50","22.22","2.44M","1.21%"
"08/24/2022","22.23","22.08","22.33","22.04","3.65M","0.41%"
"08/23/2022","22.14","22.18","22.44","22.07","5.61M","-0.05%"
"08/22/2022","22.15","22.39","22.41","22.10","5.32M","-3.65%"
"08/19/2022","22.99","23.20","23.21","22.93","4.89M","-1.71%"
"08/18/2022","23.39","23.53","23.54","23.32","3.35M","-0.68%"
"08/17/2022","23.55","23.54","23.71","23.42","7.67M","-2.00%"
"08/16/2022","24.03","23.84","24.12","23.83","2.51M","0.67%"
"08/15/2022","23.87","23.85","23.93","23.80","3.34M","-1.36%"
"08/12/2022","24.20","24.04","24.21","23.95","2.96M","0.88%"
"08/11/2022","23.99","24.11","24.20","23.91","4.11M","-0.17%"
"08/10/2022","24.03","23.98","24.15","23.90","3.51M","2.52%"
"08/09/2022","23.44","23.59","23.63","23.41","3.64M","-0.89%"
"08/08/2022","23.65","23.75","23.88","23.60","2.75M","0.17%"
"08/05/2022","23.61","23.52","23.68","23.43","3.56M","-1.17%"
"08/04/2022","23.89","23.80","23.91","23.69","4.11M","1.14%"
"08/03/2022","23.62","23.42","23.66","23.31","3.65M","1.64%"
"08/02/2022","23.24","23.42","23.50","23.24","4.01M","-1.40%"
"08/01/2022","23.57","23.56","23.74","23.47","3.48M","-0.04%"
"07/29/2022","23.58","23.23","23.58","23.16","3.92M","2.12%"
"07/28/2022","23.09","22.93","23.12","22.74","4.19M","0.35%"
"07/27/2022","23.01","22.63","23.05","22.54","15.42M","2.68%"
"07/26/2022","22.41","22.57","22.62","22.37","4.29M","-2.61%"
"07/25/2022","23.01","23.16","23.19","22.87","4.19M","0.39%"
"07/22/2022","22.92","23.15","23.31","22.83","3.46M","-0.48%"
"07/21/2022","23.03","22.73","23.06","22.69","6.18M","0.48%"
"07/20/2022","22.92","23.09","23.19","22.81","5.74M","-1.33%"
"07/19/2022","23.23","22.77","23.30","22.75","9.26M","4.64%"
"07/18/2022","22.20","22.40","22.47","22.14","3.23M","0.77%"
"07/15/2022","22.03","21.83","22.08","21.68","4.40M","2.66%"
"07/14/2022","21.46","21.30","21.51","21.08","4.54M","-1.92%"
"07/13/2022","21.88","21.61","22.00","21.53","7.74M","-0.14%"
"07/12/2022","21.91","21.85","22.20","21.85","3.03M","-0.45%"
"07/11/2022","22.01","22.21","22.25","21.97","2.79M","-2.83%"
"07/08/2022","22.65","22.53","22.73","22.41","2.56M","0.98%"
"07/07/2022","22.43","22.28","22.43","22.26","1.88M","1.86%"
"07/06/2022","22.02","22.00","22.08","21.82","3.20M","-0.36%"
"07/05/2022","22.10","21.85","22.13","21.72","6.60M","-4.04%"
"07/01/2022","23.03","22.70","23.04","22.60","2.57M","0.09%"
"06/30/2022","23.01","22.62","23.03","22.45","4.89M","-1.03%"
"06/29/2022","23.25","23.46","23.50","23.23","2.72M","-1.69%"
"06/28/2022","23.65","24.03","24.14","23.64","2.54M","-1.05%"
"06/27/2022","23.90","23.96","24.08","23.83","2.97M","-0.13%"
"06/24/2022","23.93","23.50","23.93","23.48","3.73M","2.40%"
"06/23/2022","23.37","23.38","23.42","23.09","4.28M","-1.64%"
"06/22/2022","23.76","23.59","24.01","23.55","2.24M","-0.63%"
"06/21/2022","23.91","24.11","24.12","23.86","2.87M","1.01%"
"06/17/2022","23.67","23.57","23.78","23.42","3.62M","0.68%"
"06/16/2022","23.51","23.45","23.71","23.33","3.25M","-3.29%"
"06/15/2022","24.31","24.15","24.40","23.81","5.41M","2.31%"
"06/14/2022","23.76","24.04","24.08","23.55","4.98M","-0.88%"
"06/13/2022","23.97","24.05","24.26","23.87","4.09M","-3.46%"
"06/10/2022","24.83","25.04","25.08","24.75","3.78M","-3.05%"
"06/09/2022","25.61","26.04","26.12","25.59","2.49M","-5.74%"
"06/08/2022","27.17","27.28","27.38","27.12","1.37M","-1.31%"
"06/07/2022","27.53","27.15","27.55","27.15","1.45M","0.00%"
"06/06/2022","27.53","27.63","27.76","27.46","1.36M","0.58%"
"06/03/2022","27.37","27.40","27.47","27.29","1.44M","-1.16%"
"06/02/2022","27.69","27.27","27.70","27.20","2.27M","2.52%"
"06/01/2022","27.01","27.41","27.45","26.90","3.10M","-1.17%"
"05/31/2022","27.33","27.28","27.44","27.12","3.14M","-0.11%"
"05/27/2022","27.36","27.17","27.38","27.16","1.48M","1.45%"
"05/26/2022","26.97","26.61","27.02","26.60","2.72M","1.81%"
"05/25/2022","26.49","26.17","26.60","26.15","2.36M","-0.08%"
"05/24/2022","26.51","26.52","26.59","26.33","3.00M","-0.67%"
"05/23/2022","26.69","26.45","26.72","26.35","4.64M","2.30%"
"05/20/2022","26.09","26.29","26.29","25.75","3.97M","0.54%"
"05/19/2022","25.95","25.54","26.12","25.51","4.49M","1.53%"
"05/18/2022","25.56","26.10","26.13","25.54","3.65M","-3.40%"
"05/17/2022","26.46","26.33","26.47","26.18","3.77M","2.68%"
"05/16/2022","25.77","25.57","25.85","25.42","2.51M","-0.04%"
"05/13/2022","25.78","25.43","25.81","25.42","3.46M","2.71%"
"05/12/2022","25.10","24.95","25.40","24.83","6.13M","-0.55%"
"05/11/2022","25.24","25.44","25.85","25.22","8.78M","-0.08%"
"05/10/2022","25.26","25.55","25.57","25.08","7.99M","1.41%"
"05/09/2022","24.91","25.05","25.20","24.76","5.94M","-2.01%"
"05/06/2022","25.42","25.57","25.65","25.28","7.18M","-1.47%"
"05/05/2022","25.80","26.28","26.28","25.54","8.07M","-3.44%"
"05/04/2022","26.72","26.25","26.76","25.98","9.89M","2.38%"
"05/03/2022","26.10","26.11","26.17","25.98","6.36M","0.54%"
"05/02/2022","25.96","25.95","26.15","25.70","8.04M","-0.19%"
"04/29/2022","26.01","26.34","26.50","25.96","6.49M","-1.18%"
"04/28/2022","26.32","26.18","26.37","25.83","7.89M","1.94%"
"04/27/2022","25.82","25.83","26.02","25.60","7.27M","-0.08%"
"04/26/2022","25.84","26.71","26.71","25.84","7.34M","-3.98%"
"04/25/2022","26.91","26.78","26.95","26.53","6.10M","-0.66%"
"04/22/2022","27.09","27.55","27.55","27.07","5.66M","-1.99%"
"04/21/2022","27.64","28.24","28.28","27.57","5.08M","-0.25%"
"04/20/2022","27.71","27.69","27.79","27.60","4.60M","1.17%"
"04/19/2022","27.39","27.06","27.40","27.06","3.85M","1.03%"
"04/18/2022","27.11","27.06","27.32","27.02","6.32M","-0.22%"
"04/14/2022","27.17","27.30","27.38","27.08","5.04M","-0.59%"
"04/13/2022","27.33","26.96","27.36","26.93","4.60M","1.00%"
"04/12/2022","27.06","27.43","27.50","26.99","6.51M","-1.02%"
"04/11/2022","27.34","27.55","27.73","27.30","5.64M","-1.26%"
"04/08/2022","27.69","27.51","27.80","27.49","6.13M","0.33%"
"04/07/2022","27.60","27.76","27.82","27.37","5.33M","0.04%"
"04/06/2022","27.59","27.58","27.74","27.38","8.54M","-1.71%"
"04/05/2022","28.07","28.29","28.42","27.99","4.13M","-1.85%"
"04/04/2022","28.60","28.44","28.66","28.42","3.67M","-0.03%"
"04/01/2022","28.61","28.63","28.66","28.38","3.56M","0.77%"
"03/31/2022","28.39","28.81","28.86","28.35","4.30M","-2.71%"
"03/30/2022","29.18","29.24","29.30","29.05","3.62M","-1.29%"
"03/29/2022","29.56","29.68","29.83","29.27","8.02M","3.25%"
"03/28/2022","28.63","28.48","28.66","28.28","6.19M","1.13%"
"03/25/2022","28.31","28.38","28.47","28.08","6.04M","0.00%"
"03/24/2022","28.31","28.11","28.35","28.01","5.45M","0.57%"
"03/23/2022","28.15","28.21","28.38","28.11","7.58M","-2.46%"
"03/22/2022","28.86","28.71","28.91","28.68","3.40M","1.48%"
"03/21/2022","28.44","28.73","28.74","28.28","7.59M","-1.63%"
"03/18/2022","28.91","28.25","28.94","28.20","6.62M","-0.07%"
"03/17/2022","28.93","28.53","29.02","28.46","9.15M","0.00%"
"03/16/2022","28.93","28.30","29.02","28.20","18.29M","4.33%"
"03/15/2022","27.73","27.56","27.76","27.35","14.05M","1.02%"
"03/14/2022","27.45","27.57","27.83","27.39","9.41M","2.77%"
"03/11/2022","26.71","27.45","27.50","26.65","12.09M","-0.37%"
"03/10/2022","26.81","26.79","27.15","26.64","15.06M","-3.18%"
"03/09/2022","27.69","27.28","28.06","27.10","27.22M","7.87%"
"03/08/2022","25.67","25.54","26.42","25.03","27.20M","3.30%"
"03/07/2022","24.85","25.85","25.93","24.63","27.71M","-4.02%"
"03/04/2022","25.89","26.17","26.22","25.54","30.71M","-5.37%"
"03/03/2022","27.36","28.08","28.08","27.24","10.24M","-3.12%"
"03/02/2022","28.24","28.05","28.42","27.93","9.53M","0.75%"
"03/01/2022","28.03","28.73","28.81","27.80","12.31M","-3.61%"
"02/28/2022","29.08","29.10","29.67","28.90","16.20M","-3.32%"
"02/25/2022","30.08","29.60","30.10","29.52","10.06M","2.63%"
"02/24/2022","29.31","28.31","29.41","28.24","21.61M","-2.27%"
"02/23/2022","29.99","30.75","30.76","29.94","9.47M","-1.41%"
"02/22/2022","30.42","30.55","30.73","30.08","8.12M","-2.50%"
"02/18/2022","31.20","31.46","31.50","31.09","5.93M","-1.30%"
"02/17/2022","31.61","31.90","31.94","31.55","4.39M","-1.89%"
"02/16/2022","32.22","32.01","32.28","31.98","3.68M","0.16%"
"02/15/2022","32.17","31.93","32.17","31.92","4.95M","3.01%"
"02/14/2022","31.23","31.34","31.42","30.98","6.45M","-1.08%"
"02/11/2022","31.57","32.28","32.40","31.46","14.21M","-2.11%"
"02/10/2022","32.25","32.20","32.73","32.19","4.26M","-1.13%"
"02/09/2022","32.62","32.57","32.63","32.49","2.27M","1.62%"
"02/08/2022","32.10","31.85","32.13","31.80","2.22M","0.38%"
"02/07/2022","31.98","31.96","32.13","31.89","3.96M","0.00%"
"02/04/2022","31.98","31.76","32.13","31.68","3.35M","-0.28%"
"02/03/2022","32.07","32.17","32.34","32.06","3.75M","-0.90%"
"02/02/2022","32.36","32.42","32.47","32.23","2.93M","0.25%"
"02/01/2022","32.28","32.27","32.30","32.03","3.77M","0.84%"
"01/31/2022","32.01","31.51","32.03","31.51","3.44M","1.68%"
"01/28/2022","31.48","31.17","31.49","31.01","4.43M","0.19%"
"01/27/2022","31.42","31.69","31.83","31.33","4.72M","-0.66%"
"01/26/2022","31.63","32.00","32.19","31.43","10.98M","0.70%"
"01/25/2022","31.41","31.22","31.58","30.95","6.08M","-0.82%"
"01/24/2022","31.67","31.27","31.69","30.77","10.95M","-1.37%"
"01/21/2022","32.11","32.35","32.42","32.10","5.54M","-1.62%"
"01/20/2022","32.64","32.88","33.07","32.62","3.38M","-0.55%"
"01/19/2022","32.82","33.02","33.06","32.77","4.65M","0.34%"
"01/18/2022","32.71","32.86","32.99","32.67","5.27M","-1.89%"
"01/14/2022","33.34","33.27","33.44","33.15","4.15M","0.00%"
"01/13/2022","33.34","33.67","33.71","33.31","5.74M","-0.51%"
"01/12/2022","33.51","33.41","33.54","33.35","3.77M","0.75%"
"01/11/2022","33.26","32.98","33.26","32.89","2.18M","1.37%"
"01/10/2022","32.81","32.65","32.84","32.51","3.48M","-0.91%"
"01/07/2022","33.11","33.03","33.16","32.90","2.56M","0.24%"
"01/06/2022","33.03","33.13","33.26","32.97","3.66M","-0.36%"
"01/05/2022","33.15","33.59","33.61","33.14","2.62M","-0.33%"
"01/04/2022","33.26","33.38","33.40","33.19","2.58M","0.30%"
"01/03/2022","33.16","33.12","33.19","33.00","1.76M","1.16%"
"12/31/2021","32.78","32.82","32.99","32.72","2.74M","0.00%"
"12/30/2021","32.78","32.88","32.97","32.74","2.12M","-1.03%"
"12/29/2021","33.12","33.11","33.16","33.03","1.49M","-0.12%"
"12/28/2021","33.16","33.16","33.26","33.13","2.22M","0.03%"
"12/27/2021","33.15","32.94","33.15","32.94","2.55M","0.88%"
"12/23/2021","32.86","32.68","32.92","32.67","2.49M","0.70%"
"12/22/2021","32.63","32.27","32.65","32.24","1.54M","1.05%"
"12/21/2021","32.29","32.10","32.29","32.04","3.39M","1.16%"
"12/20/2021","31.92","31.78","31.93","31.73","3.47M","-0.50%"
"12/17/2021","32.08","32.29","32.36","32.07","3.63M","-1.50%"
"12/16/2021","32.57","32.83","32.83","32.46","4.25M","-0.15%"
"12/15/2021","32.62","32.24","32.62","32.09","3.43M","1.15%"
"12/14/2021","32.25","32.33","32.46","32.10","3.09M","-0.89%"
"12/13/2021","32.54","32.74","32.78","32.53","2.44M","-0.43%"
"12/10/2021","32.68","32.63","32.72","32.55","2.19M","0.49%"
"12/09/2021","32.52","32.71","32.74","32.52","2.61M","-1.33%"
"12/08/2021","32.96","32.87","32.99","32.78","1.66M","0.03%"
"12/07/2021","32.95","32.61","32.95","32.59","2.81M","2.52%"
"12/06/2021","32.14","32.00","32.17","31.89","3.83M","1.01%"
"12/03/2021","31.82","32.08","32.09","31.57","6.31M","-0.69%"
"12/02/2021","32.04","31.91","32.11","31.89","5.48M","0.85%"
"12/01/2021","31.77","32.36","32.55","31.75","5.62M","-0.13%"
"11/30/2021","31.81","32.11","32.20","31.45","5.72M","-0.69%"
"11/29/2021","32.03","32.14","32.15","31.84","3.06M","0.19%"
"11/26/2021","31.97","32.33","32.38","31.89","3.07M","-2.94%"
"11/24/2021","32.94","32.60","32.95","32.57","2.23M","-1.05%"
"11/23/2021","33.29","33.30","33.39","33.12","2.61M","-0.48%"
"11/22/2021","33.45","33.60","33.69","33.45","2.03M","-1.01%"
"11/19/2021","33.79","33.93","33.98","33.73","3.05M","-1.31%"
"11/18/2021","34.24","34.13","34.28","34.03","1.80M","0.35%"
"11/17/2021","34.12","34.09","34.15","34.03","1.26M","0.24%"
"11/16/2021","34.04","34.11","34.17","34.02","1.47M","0.24%"
"11/15/2021","33.96","34.15","34.19","33.93","2.90M","-0.44%"
"11/12/2021","34.11","34.10","34.15","34.04","1.88M","0.09%"
"11/11/2021","34.08","34.15","34.17","34.06","1.39M","0.26%"
"11/10/2021","33.99","34.30","34.38","33.98","2.22M","-1.34%"
"11/09/2021","34.45","34.58","34.59","34.38","2.93M","0.03%"
"11/08/2021","34.44","34.49","34.55","34.44","1.64M","-0.26%"
"11/05/2021","34.53","34.48","34.53","34.36","1.74M","0.03%"
"11/04/2021","34.52","34.55","34.56","34.42","2.25M","-0.46%"
"11/03/2021","34.68","34.31","34.69","34.31","2.56M","0.99%"
"11/02/2021","34.34","34.29","34.37","34.28","3.99M","0.47%"
"11/01/2021","34.18","33.96","34.18","33.90","1.66M","1.21%"
"10/29/2021","33.77","33.75","33.79","33.60","4.10M","-0.91%"
"10/28/2021","34.08","33.92","34.12","33.91","3.95M","0.71%"
"10/27/2021","33.84","33.97","34.03","33.84","2.87M","-0.44%"
"10/26/2021","33.99","34.11","34.13","33.93","2.30M","0.53%"
"10/25/2021","33.81","33.77","33.83","33.70","1.71M","0.09%"
"10/22/2021","33.78","33.76","33.86","33.63","3.37M","0.72%"
"10/21/2021","33.54","33.61","33.64","33.52","2.34M","-0.27%"
"10/20/2021","33.63","33.53","33.66","33.50","1.81M","0.15%"
"10/19/2021","33.58","33.61","33.69","33.53","6.35M","0.39%"
"10/18/2021","33.45","33.36","33.47","33.29","1.68M","-0.54%"
"10/15/2021","33.63","33.52","33.64","33.49","2.04M","0.78%"
"10/14/2021","33.37","33.30","33.42","33.25","2.89M","1.27%"
"10/13/2021","32.95","32.87","32.97","32.78","3.68M","1.32%"
"10/12/2021","32.52","32.55","32.60","32.46","3.19M","0.06%"
"10/11/2021","32.50","32.60","32.72","32.50","3.36M","-0.70%"
"10/08/2021","32.73","32.80","32.81","32.65","2.63M","0.09%"
"10/07/2021","32.70","32.53","32.78","32.53","3.33M","0.99%"
"10/06/2021","32.38","32.12","32.40","32.05","6.93M","-1.13%"
"10/05/2021","32.75","32.60","32.87","32.54","2.52M","0.21%"
"10/04/2021","32.68","32.84","32.87","32.55","6.02M","-0.79%"
"10/01/2021","32.94","32.96","32.98","32.65","6.27M","0.06%"
"09/30/2021","32.92","33.05","33.11","32.80","4.37M","-0.69%"
"09/29/2021","33.15","33.34","33.35","33.11","4.18M","-0.48%"
"09/28/2021","33.31","33.54","33.57","33.21","5.90M","-2.09%"
"09/27/2021","34.02","33.95","34.06","33.88","2.33M","0.15%"
"09/24/2021","33.97","33.95","34.01","33.88","2.83M","-1.02%"
"09/23/2021","34.32","34.21","34.35","34.21","3.63M","1.36%"
"09/22/2021","33.86","33.87","34.11","33.82","4.09M","0.92%"
"09/21/2021","33.55","33.67","33.76","33.52","4.73M","1.18%"
"09/20/2021","33.16","33.04","33.24","32.95","5.62M","-2.59%"
"09/17/2021","34.04","34.40","34.43","33.92","6.16M","-1.50%"
"09/16/2021","34.56","34.51","34.56","34.39","2.24M","-0.26%"
"09/15/2021","34.65","34.67","34.68","34.49","2.34M","-0.09%"
"09/14/2021","34.68","34.90","34.90","34.66","4.02M","-0.14%"
"09/13/2021","34.73","34.78","34.78","34.63","1.85M","0.73%"
"09/10/2021","34.48","34.80","34.81","34.48","1.98M","-0.14%"
"09/09/2021","34.53","34.61","34.74","34.52","3.38M","-0.23%"
"09/08/2021","34.61","34.71","34.79","34.54","2.16M","-1.40%"
"09/07/2021","35.10","35.24","35.27","35.10","2.46M","-0.06%"
"09/03/2021","35.12","35.03","35.17","34.93","2.50M","-0.20%"
"09/02/2021","35.19","35.22","35.22","35.14","1.53M","0.43%"
"09/01/2021","35.04","35.05","35.19","35.03","2.72M","0.26%"
"08/31/2021","34.95","35.05","35.05","34.83","2.68M","-0.48%"
"08/30/2021","35.12","35.05","35.14","35.03","1.23M","0.29%"
"08/27/2021","35.02","34.73","35.06","34.72","1.67M","0.98%"
"08/26/2021","34.68","34.75","34.81","34.65","3.49M","-0.66%"
"08/25/2021","34.91","34.92","34.97","34.87","1.56M","-0.23%"
"08/24/2021","34.99","34.92","35.07","34.90","3.33M","0.34%"
"08/23/2021","34.87","34.75","34.90","34.71","1.55M","0.75%"
"08/20/2021","34.61","34.38","34.64","34.37","1.69M","0.29%"
"08/19/2021","34.51","34.35","34.59","34.34","2.73M","-1.06%"
"08/18/2021","34.88","34.86","35.13","34.86","1.55M","0.11%"
"08/17/2021","34.84","34.89","34.94","34.74","1.81M","-0.91%"
"08/16/2021","35.16","35.10","35.17","34.98","1.41M","-0.51%"
"08/13/2021","35.34","35.23","35.35","35.21","1.13M","0.74%"
"08/12/2021","35.08","35.03","35.11","34.97","2.30M","0.57%"
"08/11/2021","34.88","34.85","34.89","34.76","2.49M","0.43%"
"08/10/2021","34.73","34.72","34.73","34.66","1.76M","0.23%"
"08/09/2021","34.65","34.74","34.74","34.63","1.53M","-0.26%"
"08/08/2021","34.74","34.74","34.74","34.74","","0.00%"
"08/07/2021","34.74","34.74","34.74","34.74","","0.00%"
"08/06/2021","34.74","34.84","34.88","34.69","1.25M","-0.60%"
"08/05/2021","34.95","34.89","34.97","34.88","2.83M","0.49%"
"08/04/2021","34.78","34.87","34.98","34.76","3.61M","0.29%"
"08/03/2021","34.68","34.66","34.71","34.51","1.55M","0.26%"
"08/02/2021","34.59","34.67","34.75","34.55","2.06M","0.20%"
"07/30/2021","34.52","34.62","34.69","34.46","1.93M","-0.83%"
"07/29/2021","34.81","34.82","34.90","34.79","2.35M","0.75%"
"07/28/2021","34.55","34.37","34.60","34.33","2.39M","0.20%"
"07/27/2021","34.48","34.46","34.49","34.34","2.13M","-0.29%"
"07/26/2021","34.58","34.56","34.62","34.52","2.67M","-0.03%"
"07/23/2021","34.59","34.61","34.66","34.52","1.98M","0.82%"
"07/22/2021","34.31","34.42","34.47","34.20","2.43M","0.23%"
"07/21/2021","34.23","33.96","34.24","33.94","3.04M","1.48%"
"07/20/2021","33.73","33.40","33.81","33.33","4.19M","0.48%"
"07/19/2021","33.57","33.60","33.66","33.43","4.17M","-2.16%"
"07/16/2021","34.31","34.60","34.61","34.26","2.79M","-0.81%"
"07/15/2021","34.59","34.58","34.66","34.48","2.59M","-1.20%"
"07/14/2021","35.01","35.02","35.04","34.94","3.11M","0.43%"
"07/13/2021","34.86","34.97","35.03","34.84","1.53M","-0.80%"
"07/12/2021","35.14","35.00","35.16","34.98","2.35M","0.63%"
"07/09/2021","34.92","34.66","34.93","34.63","3.34M","1.87%"
"07/08/2021","34.28","34.19","34.36","34.08","3.43M","-1.35%"
"07/07/2021","34.75","34.74","34.78","34.56","3.65M","0.99%"
"07/06/2021","34.41","34.80","34.80","34.29","2.59M","-1.12%"
"07/05/2021","34.80","34.80","34.80","34.80","","0.00%"
"07/04/2021","34.80","34.80","34.80","34.80","","0.00%"
"07/03/2021","34.80","34.80","34.80","34.80","","0.00%"
"07/02/2021","34.80","34.70","34.82","34.59","1.45M","0.35%"
"07/01/2021","34.68","34.65","34.70","34.53","2.20M","0.23%"
"06/30/2021","34.60","34.56","34.65","34.45","2.97M","-1.14%"
"06/29/2021","35.00","35.05","35.08","34.94","997.92K","0.37%"
"06/28/2021","34.87","34.98","34.99","34.80","1.25M","-0.43%"
"06/25/2021","35.02","35.03","35.06","34.98","1.97M","0.23%"
"06/24/2021","34.94","34.96","35.00","34.88","1.50M","0.98%"
"06/23/2021","34.60","34.86","34.88","34.57","1.99M","-0.92%"
"06/22/2021","34.92","34.78","35.02","34.72","3.03M","0.00%"
"06/21/2021","34.92","34.68","34.93","34.66","1.91M","1.57%"
"06/18/2021","34.38","34.45","34.51","34.30","3.13M","-1.94%"
"06/17/2021","35.06","35.13","35.17","34.91","3.13M","-0.65%"
"06/16/2021","35.29","35.64","35.67","35.21","3.16M","-1.26%"
"06/15/2021","35.74","35.71","35.75","35.66","1.92M","0.17%"
"06/14/2021","35.68","35.68","35.71","35.59","1.34M","0.17%"
"06/11/2021","35.62","35.56","35.63","35.49","3.92M","0.31%"
"06/10/2021","35.51","35.45","35.60","35.38","2.55M","-1.63%"
"06/09/2021","36.10","36.20","36.21","36.03","2.81M","-0.58%"
"06/08/2021","36.31","36.41","36.42","36.24","2.54M","-0.47%"
"06/07/2021","36.48","36.34","36.49","36.33","3.03M","0.66%"
"06/04/2021","36.24","36.16","36.25","36.10","2.19M","0.78%"
"06/03/2021","35.96","35.94","36.02","35.84","2.30M","-0.44%"
"06/02/2021","36.12","36.05","36.13","35.99","2.33M","0.06%"
"06/01/2021","36.10","36.26","36.26","36.06","3.59M","0.89%"
"05/28/2021","35.78","35.74","35.90","35.69","2.95M","0.39%"
"05/27/2021","35.64","35.69","35.75","35.52","5.07M","-0.17%"
"05/26/2021","35.70","35.77","35.84","35.64","4.45M","-0.56%"
"05/25/2021","35.90","35.98","36.02","35.80","3.03M","-0.11%"
"05/24/2021","35.94","35.80","36.00","35.74","2.00M","1.04%"
"05/21/2021","35.57","35.58","35.62","35.45","3.46M","0.00%"
"05/20/2021","35.57","35.25","35.61","35.24","3.80M","1.74%"
"05/19/2021","34.96","34.83","35.12","34.61","4.79M","-1.33%"
"05/18/2021","35.43","35.51","35.56","35.40","3.42M","0.03%"
"05/17/2021","35.42","35.31","35.44","35.27","3.03M","0.00%"
"05/14/2021","35.42","35.11","35.44","35.09","3.95M","1.96%"
"05/13/2021","34.74","34.51","34.81","34.49","5.66M","1.05%"
"05/12/2021","34.38","34.56","34.76","34.31","5.81M","-0.87%"
"05/11/2021","34.68","34.49","34.78","34.47","5.41M","-1.22%"
"05/10/2021","35.11","35.41","35.42","35.08","4.18M","-1.04%"
"05/07/2021","35.48","35.07","35.49","35.07","4.21M","1.84%"
"05/06/2021","34.84","34.59","34.86","34.47","3.69M","0.78%"
"05/05/2021","34.57","34.54","34.59","34.38","2.84M","1.50%"
"05/04/2021","34.06","34.28","34.36","33.85","6.58M","-2.71%"
"05/03/2021","35.01","34.95","35.02","34.89","2.66M","1.13%"
"04/30/2021","34.62","34.95","34.98","34.48","4.87M","-1.28%"
"04/29/2021","35.07","35.16","35.18","34.76","2.36M","-0.65%"
"04/28/2021","35.30","35.16","35.38","35.09","2.80M","0.43%"
"04/27/2021","35.15","35.10","35.18","35.03","1.31M","-0.14%"
"04/26/2021","35.20","35.12","35.21","35.07","2.09M","0.17%"
"04/23/2021","35.14","34.80","35.22","34.80","2.71M","0.89%"
"04/22/2021","34.83","34.97","35.04","34.74","2.77M","-0.20%"
"04/21/2021","34.90","34.44","34.91","34.42","2.40M","0.46%"
"04/20/2021","34.74","34.99","34.99","34.63","2.82M","-1.47%"
"04/19/2021","35.26","35.37","35.38","35.14","4.44M","-0.37%"
"04/16/2021","35.39","35.19","35.39","35.16","3.20M","1.52%"
"04/15/2021","34.86","34.79","34.87","34.74","3.72M","0.78%"
"04/14/2021","34.59","34.72","34.74","34.56","2.26M","-0.37%"
"04/13/2021","34.72","34.67","34.73","34.59","2.19M","0.46%"
"04/12/2021","34.56","34.58","34.59","34.48","7.13M","-0.12%"
"04/09/2021","34.60","34.45","34.61","34.42","1.17M","0.23%"
"04/08/2021","34.52","34.44","34.56","34.34","1.26M","0.32%"
"04/07/2021","34.41","34.39","34.48","34.30","2.96M","0.26%"
"04/06/2021","34.32","34.29","34.33","34.21","1.87M","-1.07%"
"04/05/2021","34.69","34.32","34.72","34.24","4.16M","2.18%"
"04/01/2021","33.95","33.72","34.03","33.70","1.87M","1.53%"
"03/31/2021","33.44","33.40","33.57","33.38","2.58M","0.30%"
"03/30/2021","33.34","33.20","33.45","33.20","3.23M","0.39%"
"03/29/2021","33.21","33.08","33.25","33.08","4.87M","0.00%"
"03/26/2021","33.21","33.05","33.23","32.98","2.01M","1.07%"
"03/25/2021","32.86","32.57","32.91","32.52","4.48M","0.34%"
"03/24/2021","32.75","32.94","33.01","32.75","2.38M","-1.06%"
"03/23/2021","33.10","33.37","33.39","33.08","2.09M","-1.11%"
"03/22/2021","33.47","33.38","33.54","33.37","2.08M","0.69%"
"03/19/2021","33.24","33.16","33.35","33.03","3.34M","-0.54%"
"03/18/2021","33.42","33.56","33.77","33.40","3.97M","-0.45%"
"03/17/2021","33.57","33.11","33.64","33.08","3.70M","1.48%"
"03/16/2021","33.08","33.22","33.22","33.02","2.32M","0.12%"
"03/15/2021","33.04","33.05","33.06","32.78","1.70M","-0.45%"
"03/12/2021","33.19","32.89","33.21","32.88","2.27M","-0.27%"
"03/11/2021","33.28","33.19","33.31","33.10","1.53M","0.64%"
"03/10/2021","33.07","33.04","33.08","32.88","3.29M","0.92%"
"03/09/2021","32.77","32.76","32.86","32.71","3.56M","1.14%"
"03/08/2021","32.40","32.16","32.62","32.12","5.63M","1.00%"
"03/05/2021","32.08","32.16","32.18","31.78","3.87M","-0.16%"
"03/04/2021","32.13","32.41","32.59","32.02","5.22M","-0.99%"
"03/03/2021","32.45","32.53","32.65","32.34","4.03M","-0.40%"
"03/02/2021","32.58","32.61","32.66","32.48","2.49M","0.34%"
"03/01/2021","32.47","32.31","32.51","32.26","2.70M","1.44%"
"02/26/2021","32.01","32.35","32.35","32.00","6.20M","-0.74%"
"02/25/2021","32.25","32.79","32.90","32.18","6.03M","-1.44%"
"02/24/2021","32.72","32.35","32.75","32.28","2.84M","1.08%"
"02/23/2021","32.37","32.29","32.44","31.99","2.75M","-0.83%"
"02/22/2021","32.64","32.64","32.82","32.59","2.67M","-0.15%"
"02/19/2021","32.69","32.83","32.90","32.65","2.07M","0.31%"
"02/18/2021","32.59","32.57","32.62","32.36","2.95M","0.28%"
"02/17/2021","32.50","32.54","32.60","32.34","2.14M","-1.46%"
"02/16/2021","32.98","33.00","33.07","32.90","2.04M","0.09%"
"02/12/2021","32.95","32.70","32.96","32.67","2.47M","0.18%"
"02/11/2021","32.89","32.86","32.93","32.77","1.70M","1.01%"
"02/10/2021","32.56","32.85","32.85","32.37","2.11M","-0.55%"
"02/09/2021","32.74","32.62","32.79","32.59","1.29M","0.12%"
"02/08/2021","32.70","32.76","32.82","32.54","2.25M","0.18%"
"02/05/2021","32.64","32.60","32.67","32.48","1.73M","0.52%"
"02/04/2021","32.47","32.32","32.50","32.32","1.67M","0.06%"
"02/03/2021","32.45","32.25","32.48","32.21","3.46M","0.71%"
"02/02/2021","32.22","32.03","32.25","31.97","2.73M","1.42%"
"02/01/2021","31.77","31.83","31.86","31.70","4.63M","0.99%"
"01/29/2021","31.46","31.75","31.82","31.32","3.31M","-1.35%"
"01/28/2021","31.89","31.82","32.09","31.80","3.11M","0.76%"
"01/27/2021","31.65","31.69","31.97","31.34","4.88M","-2.68%"
"01/26/2021","32.52","32.53","32.60","32.37","2.95M","1.21%"
"01/25/2021","32.13","32.11","32.20","31.85","6.60M","-1.29%"
"01/22/2021","32.55","32.52","32.63","32.48","2.31M","-0.40%"
"01/21/2021","32.68","32.59","32.70","32.42","2.53M","0.71%"
"01/20/2021","32.45","32.37","32.47","32.27","1.43M","0.75%"
"01/19/2021","32.21","32.27","32.29","32.08","3.39M","1.16%"
"01/15/2021","31.84","32.03","32.08","31.66","4.10M","-2.18%"
"01/14/2021","32.55","32.44","32.64","32.42","2.68M","0.37%"
"01/13/2021","32.43","32.41","32.57","32.34","2.15M","-0.06%"
"01/12/2021","32.45","32.36","32.49","32.19","3.85M","0.25%"
"01/11/2021","32.37","32.17","32.45","32.13","2.74M","-1.67%"
"01/08/2021","32.92","33.00","33.01","32.63","4.78M","0.46%"
"01/07/2021","32.77","32.73","32.83","32.65","5.67M","0.49%"
"01/06/2021","32.61","32.42","32.74","32.38","4.87M","0.90%"
"01/05/2021","32.32","32.10","32.39","32.05","5.25M","0.50%"
"01/04/2021","32.16","32.64","32.66","31.93","4.78M","1.23%"
"12/31/2020","31.77","32.14","32.18","31.65","2.93M","-1.24%"
"12/30/2020","32.17","32.24","32.35","32.14","1.81M","-0.06%"
"12/29/2020","32.19","32.45","32.45","32.10","2.60M","-0.03%"
"12/28/2020","32.20","32.24","32.31","32.13","2.37M","1.13%"
"12/24/2020","31.84","31.77","31.85","31.70","2.13M","0.22%"
"12/23/2020","31.77","31.71","31.80","31.63","2.21M","1.53%"
"12/22/2020","31.29","31.40","31.42","31.23","5.24M","-0.32%"
"12/21/2020","31.39","31.01","31.48","30.84","7.35M","-2.03%"
"12/18/2020","32.04","32.15","32.16","31.90","5.23M","-0.22%"
"12/17/2020","32.11","32.05","32.15","32.01","4.01M","1.26%"
"12/16/2020","31.71","31.57","31.76","31.46","4.47M","1.50%"
"12/15/2020","31.24","31.03","31.25","30.99","3.66M","1.73%"
"12/14/2020","30.71","30.85","30.90","30.67","3.94M","-0.61%"
"12/11/2020","30.90","30.88","30.95","30.71","6.64M","-1.06%"
"12/10/2020","31.23","30.98","31.30","30.98","4.61M","0.26%"
"12/09/2020","31.15","31.42","31.42","31.00","4.41M","-0.22%"
"12/08/2020","31.22","31.10","31.22","31.08","2.03M","0.48%"
"12/07/2020","31.07","31.05","31.18","31.02","2.31M","-0.22%"
"12/04/2020","31.14","31.18","31.29","31.11","3.55M","0.35%"
"12/03/2020","31.03","31.12","31.16","30.95","2.50M","-0.16%"
"12/02/2020","31.08","30.97","31.12","30.93","10.23M","-0.29%"
"12/01/2020","31.17","30.93","31.20","30.93","4.65M","2.00%"
"11/30/2020","30.56","31.03","31.09","30.55","5.36M","-0.55%"
"11/27/2020","30.73","30.60","30.79","30.60","2.11M","0.49%"
"11/25/2020","30.58","30.42","30.61","30.38","3.20M","0.20%"
"11/24/2020","30.52","30.31","30.52","30.27","4.63M","1.29%"
"11/23/2020","30.13","30.28","30.30","29.96","5.14M","0.13%"
"11/20/2020","30.09","30.06","30.14","30.01","3.46M","-0.17%"
"11/19/2020","30.14","29.95","30.16","29.89","3.10M","0.53%"
"11/18/2020","29.98","30.12","30.25","29.98","3.16M","-0.30%"
"11/17/2020","30.07","29.99","30.13","29.89","5.03M","0.00%"
"11/16/2020","30.07","30.14","30.14","29.86","6.32M","0.47%"
"11/13/2020","29.93","29.76","29.95","29.75","5.86M","1.53%"
"11/12/2020","29.48","29.62","29.72","29.35","5.65M","-1.54%"
"11/11/2020","29.94","29.78","29.94","29.73","7.80M","0.71%"
"11/10/2020","29.73","29.82","29.93","29.64","12.08M","0.99%"
"11/09/2020","29.44","30.15","30.15","29.41","11.16M","2.79%"
"11/06/2020","28.64","28.72","28.78","28.57","5.41M","0.10%"
"11/05/2020","28.61","28.63","28.72","28.43","8.93M","2.62%"
"11/04/2020","27.88","27.67","28.13","27.53","8.46M","1.34%"
"11/03/2020","27.51","27.22","27.66","27.20","6.29M","3.27%"
"11/02/2020","26.64","26.63","26.74","26.39","6.99M","1.37%"
"10/30/2020","26.28","26.37","26.42","26.06","9.04M","-0.76%"
"10/29/2020","26.48","26.37","26.64","26.18","12.24M","0.38%"
"10/28/2020","26.38","26.58","26.68","26.28","11.93M","-4.70%"
"10/27/2020","27.68","27.99","28.06","27.64","8.93M","-1.42%"
"10/26/2020","28.08","28.35","28.38","27.82","5.98M","-4.49%"
"10/23/2020","29.40","29.40","29.40","29.15","3.68M","0.93%"
"10/22/2020","29.13","29.02","29.18","28.87","3.87M","0.00%"
"10/21/2020","29.13","29.29","29.43","29.11","6.37M","-1.22%"
"10/20/2020","29.49","29.61","29.73","29.46","5.65M","0.31%"
"10/19/2020","29.40","29.73","29.80","29.34","4.84M","-0.71%"
"10/16/2020","29.61","29.59","29.79","29.55","5.18M","1.16%"
"10/15/2020","29.27","29.03","29.32","29.02","4.76M","-2.04%"
"10/14/2020","29.88","30.05","30.10","29.83","2.75M","-0.03%"
"10/13/2020","29.89","29.95","29.98","29.79","2.90M","-1.71%"
"10/12/2020","30.41","30.25","30.45","30.25","1.71M","0.70%"
"10/09/2020","30.20","30.18","30.23","30.06","4.37M","0.53%"
"10/08/2020","30.04","29.96","30.05","29.92","9.92M","1.04%"
"10/07/2020","29.73","29.60","29.80","29.57","3.67M","0.92%"
"10/06/2020","29.46","29.91","29.91","29.37","5.47M","-1.07%"
"10/05/2020","29.78","29.48","29.78","29.48","3.78M","2.09%"
"10/04/2020","29.17","29.17","29.17","29.17","","0.00%"
"10/03/2020","29.17","29.17","29.17","29.17","","0.00%"
"10/02/2020","29.17","28.83","29.22","28.83","6.24M","-0.51%"
"10/01/2020","29.32","29.29","29.34","29.10","8.30M","0.65%"
"09/30/2020","29.13","29.25","29.45","29.04","10.37M","-0.82%"
"09/29/2020","29.37","29.29","29.45","29.18","7.42M","0.34%"
"09/28/2020","29.27","29.18","29.28","29.14","4.39M","2.49%"
"09/27/2020","28.56","28.56","28.56","28.56","","0.00%"
"09/26/2020","28.56","28.56","28.56","28.56","","0.00%"
"09/25/2020","28.56","28.14","28.58","28.05","8.09M","-0.59%"
"09/24/2020","28.73","28.65","28.93","28.46","5.90M","0.67%"
"09/23/2020","28.54","29.08","29.08","28.48","8.22M","-1.48%"
"09/22/2020","28.97","29.07","29.09","28.68","7.33M","-0.14%"
"09/21/2020","29.01","29.14","29.14","28.61","8.49M","-4.16%"
"09/18/2020","30.27","30.40","30.42","30.13","5.73M","-0.62%"
"09/17/2020","30.46","30.15","30.49","30.14","4.95M","0.59%"
"09/16/2020","30.28","30.47","30.53","30.23","2.58M","-0.39%"
"09/15/2020","30.40","30.55","30.55","30.31","3.17M","0.16%"
"09/14/2020","30.35","30.49","30.50","30.28","4.84M","0.13%"
"09/13/2020","30.31","30.31","30.31","30.31","","0.00%"
"09/11/2020","30.31","30.33","30.45","30.12","6.63M","0.66%"
"09/10/2020","30.11","30.66","30.75","30.08","7.85M","-1.02%"
"09/09/2020","30.42","30.26","30.55","30.21","6.92M","2.91%"
"09/08/2020","29.56","29.52","29.86","29.44","10.55M","-0.97%"
"09/04/2020","29.85","29.96","30.05","29.20","9.92M","-0.20%"
"09/03/2020","29.91","30.65","30.67","29.77","7.69M","-2.64%"
"09/02/2020","30.72","30.40","30.73","30.29","13.44M","1.99%"
"09/01/2020","30.12","30.18","30.29","30.01","6.45M","0.07%"
"08/31/2020","30.10","30.31","30.42","30.07","5.09M","-0.56%"
"08/30/2020","30.27","30.27","30.27","30.27","","0.00%"
"08/28/2020","30.27","30.23","30.28","30.07","2.91M","0.60%"
"08/27/2020","30.09","30.49","30.49","29.92","4.16M","-1.38%"
"08/26/2020","30.51","30.22","30.54","30.18","5.35M","1.03%"
"08/25/2020","30.20","30.32","30.33","29.95","3.43M","0.40%"
"08/24/2020","30.08","30.11","30.11","29.91","2.89M","2.07%"
"08/23/2020","29.47","29.47","29.47","29.47","","0.00%"
"08/22/2020","29.47","29.47","29.47","29.47","","0.00%"
"08/21/2020","29.47","29.21","29.48","29.19","5.07M","-1.01%"
"08/20/2020","29.77","29.48","29.82","29.46","7.54M","-0.33%"
"08/19/2020","29.87","30.17","30.22","29.84","7.33M","-0.37%"
"08/18/2020","29.98","30.22","30.26","29.88","5.22M","0.20%"
"08/17/2020","29.92","29.91","29.95","29.88","2.16M","0.91%"
"08/14/2020","29.65","29.63","29.75","29.57","3.10M","-0.57%"
"08/13/2020","29.82","29.93","30.03","29.70","6.80M","-0.67%"
"08/12/2020","30.02","29.84","30.10","29.80","8.85M","2.39%"
"08/11/2020","29.32","29.77","29.79","29.25","8.56M","0.41%"
"08/10/2020","29.20","29.20","29.23","29.03","6.04M","0.00%"
"08/09/2020","29.20","29.20","29.20","29.20","","0.00%"
"08/08/2020","29.20","29.20","29.20","29.20","","0.00%"
"08/07/2020","29.20","29.01","29.21","28.98","5.38M","-0.31%"
"08/06/2020","29.29","29.08","29.34","28.99","4.47M","0.58%"
"08/05/2020","29.12","29.23","29.36","29.05","6.69M","0.41%"
"08/04/2020","29.00","28.69","29.00","28.64","6.51M","0.07%"
"08/03/2020","28.98","28.73","29.01","28.63","6.36M","2.58%"
"08/02/2020","28.25","28.25","28.25","28.25","","0.00%"
"07/31/2020","28.25","28.80","28.82","28.03","7.91M","-1.98%"
"07/30/2020","28.82","28.48","28.84","28.18","8.32M","-2.60%"
"07/29/2020","29.59","29.38","29.65","29.35","6.67M","1.41%"
"07/28/2020","29.18","29.25","29.38","29.16","4.25M","-1.08%"
"07/27/2020","29.50","29.35","29.55","29.32","4.27M","1.55%"
"07/26/2020","29.05","29.05","29.05","29.05","","0.00%"
"07/25/2020","29.05","29.05","29.05","29.05","","0.00%"
"07/24/2020","29.05","29.03","29.14","28.93","3.07M","-1.02%"
"07/23/2020","29.35","29.57","29.67","29.27","6.25M","-1.05%"
"07/22/2020","29.66","29.59","29.70","29.54","4.64M","0.95%"
"07/21/2020","29.38","29.46","29.55","29.31","3.25M","0.69%"
"07/20/2020","29.18","28.88","29.21","28.78","3.28M","1.18%"
"07/17/2020","28.84","28.73","28.85","28.64","3.41M","0.84%"
"07/16/2020","28.60","28.57","28.73","28.52","4.01M","-0.28%"
"07/15/2020","28.68","28.70","28.86","28.52","5.73M","1.09%"
"07/14/2020","28.37","27.94","28.44","27.92","10.03M","1.94%"
"07/13/2020","27.83","28.27","28.45","27.76","6.36M","-0.82%"
"07/12/2020","28.06","28.06","28.06","28.06","","0.00%"
"07/11/2020","28.06","28.06","28.06","28.06","","0.00%"
"07/10/2020","28.06","27.82","28.08","27.72","5.25M","1.04%"
"07/09/2020","27.77","28.17","28.17","27.54","4.54M","-0.68%"
"07/08/2020","27.96","27.66","27.97","27.60","5.29M","1.41%"
"07/07/2020","27.57","27.83","27.92","27.56","5.45M","-2.20%"
"07/06/2020","28.19","28.15","28.27","27.98","3.99M","2.25%"
"07/05/2020","27.57","27.57","27.57","27.57","","0.00%"
"07/04/2020","27.57","27.57","27.57","27.57","","0.00%"
"07/02/2020","27.57","27.67","27.87","27.52","3.26M","1.77%"
"07/01/2020","27.09","26.97","27.20","26.94","4.47M","-0.07%"
"06/30/2020","27.11","26.82","27.24","26.81","5.99M","0.41%"
"06/29/2020","27.00","26.80","27.02","26.64","4.56M","1.62%"
"06/26/2020","26.57","26.97","26.98","26.49","4.90M","-1.99%"
"06/25/2020","27.11","26.70","27.15","26.56","4.90M","1.38%"
"06/24/2020","26.74","27.16","27.20","26.55","4.65M","-2.80%"
"06/23/2020","27.51","27.80","27.84","27.48","4.12M","1.14%"
"06/22/2020","27.20","27.00","27.23","26.85","4.84M","1.68%"
"06/19/2020","26.75","27.34","27.34","26.71","4.24M","-0.85%"
"06/18/2020","26.98","26.91","27.12","26.85","3.98M","-0.63%"
"06/17/2020","27.15","27.30","27.33","27.05","6.17M","0.11%"
"06/16/2020","27.12","27.31","27.39","26.75","5.10M","1.08%"
"06/15/2020","26.83","26.09","26.89","25.99","4.95M","0.04%"
"06/12/2020","26.82","27.11","27.21","26.38","8.71M","1.48%"
"06/11/2020","26.43","27.33","27.46","26.34","8.42M","-5.98%"
"06/10/2020","28.11","28.34","28.43","27.98","3.98M","-0.46%"
"06/09/2020","28.24","28.09","28.43","28.07","5.42M","-2.05%"
"06/08/2020","28.83","28.59","28.84","28.38","6.01M","1.37%"
"06/07/2020","28.44","28.44","28.44","28.44","","0.00%"
"06/05/2020","28.44","28.54","28.68","28.38","13.73M","1.90%"
"06/04/2020","27.91","27.69","28.07","27.65","6.33M","-0.04%"
"06/03/2020","27.92","27.45","28.04","27.41","7.44M","4.06%"
"06/02/2020","26.83","26.68","26.86","26.60","7.56M","1.25%"
"06/01/2020","26.50","26.09","26.53","26.02","9.31M","2.75%"
"05/29/2020","25.79","25.82","25.88","25.49","9.00M","0.19%"
"05/28/2020","25.74","25.84","26.09","25.74","6.48M","0.08%"
"05/27/2020","25.72","25.63","25.76","25.36","7.92M","2.31%"
"05/26/2020","25.14","25.22","25.32","25.11","4.89M","3.76%"
"05/22/2020","24.23","24.16","24.23","24.02","2.59M","0.33%"
"05/21/2020","24.15","24.40","24.48","24.07","4.34M","-1.35%"
"05/20/2020","24.48","24.32","24.58","24.28","7.32M","2.81%"
"05/19/2020","23.81","23.96","24.14","23.80","5.00M","-1.00%"
"05/18/2020","24.05","23.48","24.16","23.48","7.56M","5.95%"
"05/15/2020","22.70","22.53","22.73","22.49","4.99M","0.75%"
"05/14/2020","22.53","22.11","22.54","21.93","7.65M","-0.92%"
"05/13/2020","22.74","23.05","23.08","22.55","7.19M","-1.39%"
"05/12/2020","23.06","23.53","23.55","23.06","5.81M","-1.54%"
"05/11/2020","23.42","23.30","23.48","23.23","3.29M","-0.68%"
"05/10/2020","23.58","23.58","23.58","23.58","","0.00%"
"05/09/2020","23.58","23.58","23.58","23.58","","0.00%"
"05/08/2020","23.58","23.49","23.62","23.45","4.91M","1.95%"
"05/07/2020","23.13","23.08","23.25","23.00","4.44M","2.07%"
"05/06/2020","22.66","23.10","23.13","22.66","8.80M","-1.18%"
"05/05/2020","22.93","23.06","23.16","22.89","2.86M","0.04%"
"05/04/2020","22.92","22.74","22.93","22.63","3.96M","-0.65%"
"05/03/2020","23.07","23.07","23.07","23.07","","0.00%"
"05/02/2020","23.07","23.07","23.07","23.07","","0.00%"
"05/01/2020","23.07","23.30","23.35","22.95","3.05M","-2.16%"
"04/30/2020","23.58","23.59","23.72","23.37","13.78M","-1.71%"
"04/29/2020","23.99","23.64","24.07","23.61","4.14M","4.21%"
"04/28/2020","23.02","23.48","23.48","23.00","2.94M","0.17%"
"04/27/2020","22.98","22.75","23.05","22.72","3.24M","2.09%"
"04/24/2020","22.51","22.45","22.52","22.18","4.69M","1.26%"
"04/23/2020","22.23","22.39","22.82","22.14","6.12M","-0.94%"
"04/22/2020","22.44","22.40","22.48","22.29","2.14M","1.22%"
"04/21/2020","22.17","22.28","22.49","22.06","6.22M","-2.25%"
"04/20/2020","22.68","22.67","23.02","22.62","5.31M","-1.56%"
"04/17/2020","23.04","22.90","23.08","22.69","7.28M","4.11%"
"04/16/2020","22.13","22.39","22.40","21.92","7.05M","-0.27%"
"04/15/2020","22.19","22.32","22.41","22.12","4.24M","-4.64%"
"04/14/2020","23.27","23.24","23.48","23.13","3.90M","2.60%"
"04/13/2020","22.68","22.97","23.02","22.44","3.05M","-1.56%"
"04/09/2020","23.04","22.74","23.13","22.69","5.82M","3.60%"
"04/08/2020","22.24","22.19","22.32","21.98","4.82M","1.23%"
"04/07/2020","21.97","22.64","22.65","21.97","8.92M","0.78%"
"04/06/2020","21.80","21.36","21.94","21.32","6.24M","6.71%"
"04/03/2020","20.43","20.46","20.55","20.26","5.93M","-1.45%"
"04/02/2020","20.73","20.39","20.85","20.27","12.39M","1.72%"
"04/01/2020","20.38","20.71","20.87","20.31","4.07M","-5.12%"
"03/31/2020","21.48","21.35","21.62","21.15","3.83M","-0.19%"
"03/30/2020","21.52","21.11","21.55","20.94","3.16M","1.89%"
"03/28/2020","21.12","21.12","21.12","21.12","","0.00%"
"03/27/2020","21.12","20.99","21.52","20.79","3.81M","-3.91%"
"03/26/2020","21.98","21.14","22.03","21.13","7.46M","4.07%"
"03/25/2020","21.12","20.60","21.50","20.30","6.10M","2.57%"
"03/24/2020","20.59","20.20","20.79","20.02","7.36M","10.76%"
"03/23/2020","18.59","18.60","19.08","18.42","9.64M","1.86%"
"03/21/2020","18.25","18.25","18.25","18.25","","0.00%"
"03/20/2020","18.25","18.92","19.26","18.23","5.38M","0.55%"
"03/19/2020","18.15","17.85","18.61","17.66","7.87M","0.67%"
"03/18/2020","18.03","18.11","18.51","17.50","7.08M","-7.11%"
"03/17/2020","19.41","18.87","19.53","18.52","3.33M","3.63%"
"03/16/2020","18.73","18.52","19.72","18.16","4.35M","-11.73%"
"03/14/2020","21.22","21.22","21.22","21.22","","0.00%"
"03/13/2020","21.22","21.66","21.66","19.96","5.39M","4.89%"
"03/12/2020","20.23","21.41","21.44","20.08","5.44M","-12.69%"
"03/11/2020","23.17","23.92","24.00","22.93","6.53M","-5.58%"
"03/10/2020","24.54","24.60","24.69","23.70","11.83M","3.28%"
"03/09/2020","23.76","24.27","24.71","23.73","5.59M","-8.65%"
"03/06/2020","26.01","25.91","26.16","25.75","4.51M","-0.99%"
"03/05/2020","26.27","26.42","26.63","26.16","7.62M","-3.13%"
"03/04/2020","27.12","26.81","27.15","26.58","6.74M","3.16%"
"03/03/2020","26.29","26.90","27.24","26.11","9.35M","-1.28%"
"03/02/2020","26.63","26.31","26.66","25.95","20.76M","1.56%"
"02/28/2020","26.22","25.73","26.28","25.59","8.28M","-1.02%"
"02/27/2020","26.49","26.81","27.20","26.48","12.61M","-2.54%"
"02/26/2020","27.18","27.44","27.64","27.11","7.06M","-0.33%"
"02/25/2020","27.27","27.90","27.92","27.25","7.20M","-2.26%"
"02/24/2020","27.90","27.88","28.10","27.82","3.99M","-4.26%"
"02/21/2020","29.14","29.25","29.26","29.05","2.42M","-0.68%"
"02/20/2020","29.34","29.46","29.52","29.18","4.08M","-0.54%"
"02/19/2020","29.50","29.38","29.50","29.37","1.70M","0.99%"
"02/18/2020","29.21","29.24","29.29","29.18","2.23M","-0.92%"
"02/17/2020","29.48","29.48","29.48","29.48","","0.00%"
"02/14/2020","29.48","29.54","29.57","29.42","1.33M","0.07%"
"02/13/2020","29.46","29.40","29.51","29.32","2.07M","-0.81%"
"02/12/2020","29.70","29.74","29.74","29.64","1.49M","0.75%"
"02/11/2020","29.48","29.49","29.55","29.43","1.75M","0.82%"
"02/10/2020","29.24","29.16","29.25","29.12","1.41M","0.00%"
"02/07/2020","29.24","29.34","29.36","29.20","4.03M","-0.95%"
"02/06/2020","29.52","29.60","29.60","29.50","1.87M","0.31%"
"02/05/2020","29.43","29.42","29.48","29.34","2.81M","1.13%"
"02/04/2020","29.10","29.09","29.14","29.02","4.45M","1.78%"
"02/03/2020","28.59","28.55","28.74","28.55","3.28M","0.21%"
"01/31/2020","28.53","28.80","28.82","28.45","5.10M","-1.69%"
"01/30/2020","29.02","28.88","29.05","28.81","2.98M","-0.45%"
"01/29/2020","29.15","29.20","29.25","29.09","1.85M","-0.14%"
"01/28/2020","29.19","29.05","29.20","28.99","2.27M","0.79%"
"01/27/2020","28.96","28.95","29.09","28.92","3.91M","-2.26%"
"01/24/2020","29.63","29.81","29.86","29.59","3.67M","0.00%"
"01/23/2020","29.63","29.61","29.65","29.39","2.01M","-0.54%"
"01/22/2020","29.79","29.92","29.93","29.73","2.07M","-0.10%"
"01/21/2020","29.82","29.95","29.98","29.82","2.75M","-0.10%"
"01/17/2020","29.85","29.86","29.86","29.77","1.52M","0.17%"
"01/16/2020","29.80","29.76","29.81","29.68","2.97M","0.24%"
"01/15/2020","29.73","29.72","29.80","29.69","2.08M","-0.30%"
"01/14/2020","29.82","29.69","29.86","29.68","7.66M","-0.07%"
"01/13/2020","29.84","29.72","29.84","29.64","2.33M","0.27%"
"01/10/2020","29.76","29.85","29.90","29.70","3.12M","-0.27%"
"01/09/2020","29.84","29.80","29.85","29.75","3.74M","0.91%"
"01/08/2020","29.57","29.36","29.65","29.36","2.82M","0.92%"
"01/07/2020","29.30","29.37","29.39","29.27","1.70M","-0.17%"
"01/06/2020","29.35","29.11","29.38","29.11","6.24M","0.14%"
"01/03/2020","29.31","29.28","29.46","29.26","3.33M","-1.91%"
"01/02/2020","29.88","29.70","29.89","29.70","4.97M","1.63%"
"12/31/2019","29.40","29.23","29.43","29.13","2.06M","0.65%"
"12/30/2019","29.21","29.47","29.48","29.16","1.97M","-1.18%"
"12/27/2019","29.56","29.62","29.62","29.52","1.15M","0.51%"
"12/26/2019","29.41","29.31","29.43","29.30","728.47K","0.34%"
"12/24/2019","29.31","29.32","29.35","29.24","847.27K","-0.07%"
"12/23/2019","29.33","29.30","29.36","29.28","1.67M","0.10%"
"12/20/2019","29.30","29.30","29.36","29.27","1.89M","0.10%"
"12/19/2019","29.27","29.17","29.29","29.14","4.37M","0.03%"
"12/18/2019","29.26","29.37","29.38","29.23","8.76M","-0.68%"
"12/17/2019","29.46","29.57","29.59","29.45","6.73M","-0.81%"
"12/16/2019","29.70","29.69","29.77","29.68","4.83M","0.99%"
"12/13/2019","29.41","29.46","29.68","29.34","3.93M","0.27%"
"12/12/2019","29.33","29.08","29.36","29.07","4.37M","0.86%"
"12/11/2019","29.08","28.90","29.10","28.90","2.22M","0.87%"
"12/10/2019","28.83","28.68","28.87","28.61","8.35M","0.24%"
"12/09/2019","28.76","28.90","28.95","28.76","1.02M","-0.66%"
"12/06/2019","28.95","28.97","28.99","28.89","1.22M","0.24%"
"12/05/2019","28.88","28.99","28.99","28.81","1.88M","-0.41%"
"12/04/2019","29.00","28.94","29.03","28.94","2.46M","0.76%"
"12/03/2019","28.78","28.63","28.81","28.53","2.98M","0.38%"
"12/02/2019","28.67","28.85","28.85","28.58","4.34M","-0.93%"
"11/29/2019","28.94","28.99","29.03","28.94","1.04M","-0.48%"
"11/27/2019","29.08","29.04","29.11","29.03","1.08M","0.07%"
"11/26/2019","29.06","28.99","29.06","28.96","2.44M","0.21%"
"11/25/2019","29.00","28.91","29.01","28.91","1.61M","0.45%"
"11/22/2019","28.87","28.94","28.96","28.81","2.29M","-0.03%"
"11/21/2019","28.88","28.90","28.92","28.79","2.15M","0.10%"
"11/20/2019","28.85","28.90","28.99","28.77","3.68M","-0.65%"
"11/19/2019","29.04","29.24","29.26","28.99","3.13M","0.10%"
"11/18/2019","29.01","28.89","29.05","28.84","1.55M","-0.10%"
"11/15/2019","29.04","28.87","29.04","28.87","2.52M","0.76%"
"11/14/2019","28.82","28.75","28.83","28.69","4.92M","-0.21%"
"11/13/2019","28.88","28.78","28.90","28.78","2.17M","-0.21%"
"11/12/2019","28.94","28.99","29.03","28.92","1.48M","0.03%"
"11/11/2019","28.93","28.87","28.98","28.87","769.22K","-0.31%"
"11/08/2019","29.02","28.96","29.02","28.87","1.87M","-0.31%"
"11/07/2019","29.11","29.17","29.22","29.11","10.30M","0.48%"
"11/06/2019","28.97","29.01","29.05","28.91","1.78M","0.07%"
"11/05/2019","28.95","28.96","28.97","28.86","1.78M","-0.41%"
"11/04/2019","29.07","29.19","29.23","29.02","2.69M","1.01%"
"11/01/2019","28.78","28.76","28.80","28.71","2.15M","0.81%"
"10/31/2019","28.55","28.54","28.58","28.43","2.90M","-0.24%"
"10/30/2019","28.62","28.46","28.66","28.32","2.62M","0.39%"
"10/29/2019","28.51","28.46","28.55","28.45","2.06M","-0.28%"
"10/28/2019","28.59","28.54","28.62","28.54","5.56M","0.63%"
"10/25/2019","28.41","28.36","28.42","28.33","1.32M","-0.18%"
"10/24/2019","28.46","28.48","28.52","28.39","5.28M","0.21%"
"10/23/2019","28.40","28.26","28.43","28.25","1.56M","0.67%"
"10/22/2019","28.21","28.29","28.41","28.16","3.22M","-0.46%"
"10/21/2019","28.34","28.37","28.39","28.27","7.15M","0.89%"
"10/18/2019","28.09","28.04","28.11","27.93","2.77M","0.32%"
"10/17/2019","28.00","28.11","28.14","27.93","1.88M","0.57%"
"10/16/2019","27.84","27.78","27.91","27.75","3.88M","0.58%"
"10/15/2019","27.68","27.39","27.77","27.38","3.21M","1.24%"
"10/14/2019","27.34","27.23","27.36","27.21","1.60M","0.18%"
"10/11/2019","27.29","27.24","27.48","27.21","5.03M","2.71%"
"10/10/2019","26.57","26.45","26.64","26.41","5.32M","0.61%"
"10/09/2019","26.41","26.43","26.47","26.36","2.67M","1.15%"
"10/08/2019","26.11","26.15","26.23","26.07","5.36M","-1.10%"
"10/07/2019","26.40","26.37","26.54","26.37","1.69M","-0.15%"
"10/04/2019","26.44","26.20","26.44","26.18","2.05M","0.99%"
"10/03/2019","26.18","26.03","26.20","25.90","2.06M","0.50%"
"10/02/2019","26.05","26.27","26.29","25.98","7.35M","-2.25%"
"10/01/2019","26.65","26.88","26.88","26.59","4.48M","-0.97%"
"09/30/2019","26.91","26.85","26.96","26.83","1.53M","0.34%"
"09/27/2019","26.82","26.89","26.95","26.77","2.23M","0.30%"
"09/26/2019","26.74","26.76","26.82","26.67","2.07M","0.30%"
"09/25/2019","26.66","26.60","26.70","26.48","1.71M","-0.67%"
"09/24/2019","26.84","26.98","27.03","26.77","3.82M","-0.67%"
"09/23/2019","27.02","26.87","27.03","26.86","2.20M","-0.59%"
"09/20/2019","27.18","27.28","27.32","27.18","2.00M","-0.55%"
"09/19/2019","27.33","27.38","27.42","27.32","881.39K","0.15%"
"09/18/2019","27.29","27.26","27.35","27.14","1.43M","-0.11%"
"09/17/2019","27.32","27.12","27.34","27.09","1.41M","0.40%"
"09/16/2019","27.21","27.25","27.27","27.17","2.09M","-1.09%"
"09/13/2019","27.51","27.55","27.59","27.48","4.72M","0.36%"
"09/12/2019","27.41","27.16","27.47","27.15","2.64M","0.62%"
"09/11/2019","27.24","27.17","27.26","27.15","1.99M","0.29%"
"09/10/2019","27.16","27.11","27.23","27.06","2.80M","0.44%"
"09/09/2019","27.04","27.05","27.07","26.99","1.50M","0.67%"
"09/06/2019","26.86","26.91","26.93","26.82","1.95M","0.41%"
"09/05/2019","26.75","26.83","26.89","26.73","2.42M","0.79%"
"09/04/2019","26.54","26.47","26.55","26.43","3.42M","1.53%"
"09/03/2019","26.14","26.07","26.16","26.03","2.52M","-0.42%"
"08/30/2019","26.25","26.44","26.45","26.15","3.78M","0.23%"
"08/29/2019","26.19","26.15","26.21","26.04","3.93M","1.16%"
"08/28/2019","25.89","25.74","25.95","25.65","3.02M","-0.23%"
"08/27/2019","25.95","26.10","26.13","25.91","2.31M","0.12%"
"08/26/2019","25.92","25.93","25.95","25.80","2.99M","0.90%"
"08/23/2019","25.69","25.92","26.14","25.69","5.63M","-1.27%"
"08/22/2019","26.02","26.15","26.19","25.92","2.96M","-0.34%"
"08/21/2019","26.11","26.18","26.19","26.08","5.50M","1.56%"
"08/20/2019","25.71","25.81","25.84","25.68","2.44M","-0.50%"
"08/19/2019","25.84","25.98","26.00","25.84","3.08M","0.94%"
"08/16/2019","25.60","25.35","25.63","25.35","3.94M","1.39%"
"08/15/2019","25.25","25.25","25.39","25.11","5.35M","-0.63%"
"08/14/2019","25.41","25.64","25.67","25.39","5.27M","-3.24%"
"08/13/2019","26.26","25.86","26.35","25.84","7.19M","0.96%"
"08/12/2019","26.01","26.13","26.21","26.00","2.56M","-0.99%"
"08/09/2019","26.27","26.28","26.34","26.14","7.07M","-0.53%"
"08/08/2019","26.41","26.30","26.54","26.24","4.67M","0.72%"
"08/07/2019","26.22","26.03","26.26","25.96","11.76M","0.65%"
"08/06/2019","26.05","26.10","26.14","25.88","5.01M","0.27%"
"08/05/2019","25.98","26.11","26.13","25.82","10.33M","-2.04%"
"08/02/2019","26.52","26.59","26.59","26.34","5.02M","-1.04%"
"08/01/2019","26.80","26.90","27.14","26.68","3.73M","-0.07%"
"07/31/2019","26.82","27.11","27.18","26.66","3.99M","-0.59%"
"07/30/2019","26.98","27.01","27.02","26.89","5.59M","-2.21%"
"07/29/2019","27.59","27.61","27.61","27.54","1.42M","0.18%"
"07/26/2019","27.54","27.49","27.57","27.46","2.70M","0.44%"
"07/25/2019","27.42","27.67","27.67","27.36","4.84M","-1.58%"
"07/24/2019","27.86","27.76","27.86","27.75","1.86M","0.43%"
"07/23/2019","27.74","27.68","27.78","27.64","2.31M","1.24%"
"07/22/2019","27.40","27.42","27.44","27.34","1.60M","0.44%"
"07/19/2019","27.28","27.32","27.41","27.26","3.33M","-0.62%"
"07/18/2019","27.45","27.30","27.47","27.23","2.99M","-0.18%"
"07/17/2019","27.50","27.70","27.72","27.49","1.88M","-0.76%"
"07/16/2019","27.71","27.72","27.79","27.68","5.56M","-0.32%"
"07/15/2019","27.80","27.76","27.80","27.72","2.35M","0.62%"
"07/12/2019","27.63","27.60","27.65","27.54","1.94M","0.00%"
"07/11/2019","27.63","27.76","27.78","27.56","2.74M","-0.36%"
"07/10/2019","27.73","27.82","27.86","27.68","2.14M","-0.22%"
"07/09/2019","27.79","27.64","27.80","27.63","1.79M","-0.36%"
"07/08/2019","27.89","27.96","28.00","27.86","1.59M","-0.64%"
"07/05/2019","28.07","28.06","28.11","27.91","2.49M","-1.06%"
"07/03/2019","28.37","28.35","28.38","28.30","2.03M","0.82%"
"07/02/2019","28.14","28.12","28.17","28.08","2.89M","0.07%"
"07/01/2019","28.12","28.33","28.34","28.05","2.71M","0.25%"
"06/28/2019","28.05","27.95","28.11","27.94","3.00M","1.08%"
"06/27/2019","27.75","27.77","27.80","27.73","1.80M","0.33%"
"06/26/2019","27.66","27.69","27.74","27.63","1.55M","0.44%"
"06/25/2019","27.54","27.77","27.78","27.50","2.08M","-0.76%"
"06/24/2019","27.75","27.80","27.82","27.74","1.59M","-0.04%"
"06/21/2019","27.76","27.76","27.83","27.70","2.54M","-0.11%"
"06/20/2019","27.79","27.88","27.91","27.68","1.72M","1.05%"
"06/19/2019","27.50","27.42","27.62","27.40","2.31M","0.29%"
"06/18/2019","27.42","27.23","27.45","27.22","3.81M","1.82%"
"06/17/2019","26.93","26.94","27.00","26.91","1.91M","-2.74%"
"06/14/2019","27.69","27.73","27.74","27.64","2.33M","-1.11%"
"06/13/2019","28.00","28.03","28.04","27.94","1.87M","0.36%"
"06/12/2019","27.90","28.01","28.05","27.90","2.10M","-0.71%"
"06/11/2019","28.10","28.25","28.28","28.03","2.93M","0.68%"
"06/10/2019","27.91","27.91","28.00","27.84","1.65M","0.14%"
"06/07/2019","27.87","27.78","27.99","27.78","2.06M","0.91%"
"06/06/2019","27.62","27.56","27.67","27.45","3.87M","0.18%"
"06/05/2019","27.57","27.72","27.73","27.52","3.98M","-0.36%"
"06/04/2019","27.67","27.57","27.68","27.49","3.94M","1.99%"
"06/03/2019","27.13","27.01","27.18","26.93","7.13M","0.78%"
"05/31/2019","26.92","26.82","26.94","26.78","13.08M","-1.32%"
"05/30/2019","27.28","27.16","27.28","27.16","10.28M","0.52%"
"05/29/2019","27.14","27.16","27.19","27.03","2.32M","-1.20%"
"05/28/2019","27.47","27.71","27.77","27.46","5.96M","-0.83%"
"05/24/2019","27.70","27.70","27.73","27.62","2.30M","0.73%"
"05/23/2019","27.50","27.41","27.53","27.32","4.40M","-1.29%"
"05/22/2019","27.86","27.81","27.95","27.81","2.64M","-0.39%"
"05/21/2019","27.97","27.89","28.04","27.83","2.22M","0.90%"
"05/20/2019","27.72","27.69","27.79","27.60","4.02M","-1.18%"
"05/17/2019","28.05","28.01","28.19","28.00","6.96M","-0.88%"
"05/16/2019","28.30","28.12","28.39","28.12","2.57M","0.93%"
"05/15/2019","28.04","27.50","28.07","27.49","5.18M","0.97%"
"05/14/2019","27.77","27.65","27.87","27.63","5.01M","0.91%"
"05/13/2019","27.52","27.64","27.72","27.49","8.07M","-2.89%"
"05/10/2019","28.34","28.18","28.40","28.00","10.45M","0.71%"
"05/09/2019","28.14","27.92","28.19","27.87","9.87M","-0.67%"
"05/08/2019","28.33","28.26","28.41","28.21","9.43M","1.07%"
"05/07/2019","28.03","28.29","28.33","27.93","5.07M","-2.20%"
"05/06/2019","28.66","28.27","28.68","28.25","6.06M","-1.00%"
"05/03/2019","28.95","28.74","28.95","28.70","3.06M","1.29%"
"05/02/2019","28.58","28.75","28.77","28.56","2.44M","-0.10%"
"05/01/2019","28.61","28.80","28.94","28.60","2.25M","-0.66%"
"04/30/2019","28.80","28.71","28.85","28.62","5.43M","0.31%"
"04/29/2019","28.71","28.55","28.72","28.54","3.16M","0.60%"
"04/26/2019","28.54","28.54","28.60","28.47","1.62M","0.25%"
"04/25/2019","28.47","28.44","28.49","28.37","2.74M","-0.28%"
"04/24/2019","28.55","28.60","28.66","28.50","2.73M","-0.14%"
"04/23/2019","28.59","28.47","28.59","28.45","1.84M","-0.21%"
"04/22/2019","28.65","28.54","28.68","28.54","1.86M","0.28%"
"04/18/2019","28.57","28.54","28.64","28.50","3.24M","-0.17%"
"04/17/2019","28.62","28.68","28.68","28.55","5.04M","0.77%"
"04/16/2019","28.40","28.45","28.48","28.38","2.58M","0.53%"
"04/15/2019","28.25","28.27","28.27","28.20","1.77M","0.11%"
"04/12/2019","28.22","28.21","28.25","28.14","2.12M","1.22%"
"04/11/2019","27.88","27.90","27.97","27.82","3.73M","0.11%"
"04/10/2019","27.85","27.74","27.89","27.71","4.08M","0.72%"
"04/09/2019","27.65","27.73","27.76","27.64","3.03M","-0.90%"
"04/08/2019","27.90","27.96","27.98","27.87","1.91M","-0.14%"
"04/05/2019","27.94","27.90","27.97","27.88","2.78M","0.11%"
"04/04/2019","27.91","27.89","28.00","27.86","6.77M","0.04%"
"04/03/2019","27.90","27.81","27.95","27.77","7.06M","1.60%"
"04/02/2019","27.46","27.35","27.50","27.31","3.53M","0.59%"
"04/01/2019","27.30","27.24","27.32","27.17","3.55M","1.41%"
"03/29/2019","26.92","26.94","26.96","26.77","2.36M","0.52%"
"03/28/2019","26.78","26.81","26.85","26.65","2.99M","-0.41%"
"03/27/2019","26.89","26.99","27.03","26.71","4.13M","-0.04%"
"03/26/2019","26.90","26.91","26.98","26.85","3.09M","0.30%"
"03/25/2019","26.82","26.78","26.85","26.71","4.01M","0.30%"
"03/22/2019","26.74","27.05","27.09","26.70","4.84M","-2.76%"
"03/21/2019","27.50","27.30","27.50","27.29","2.78M","-0.69%"
"03/20/2019","27.69","27.54","27.85","27.43","3.75M","-0.61%"
"03/19/2019","27.86","27.97","28.01","27.82","6.18M","0.94%"
"03/18/2019","27.60","27.59","27.63","27.52","2.26M","0.07%"
"03/15/2019","27.58","27.52","27.61","27.45","4.19M","0.95%"
"03/14/2019","27.32","27.32","27.36","27.26","1.97M","0.00%"
"03/13/2019","27.32","27.10","27.35","27.09","3.72M","0.85%"
"03/12/2019","27.09","27.10","27.13","27.02","2.25M","-0.15%"
"03/11/2019","27.13","26.90","27.14","26.90","1.65M","0.89%"
"03/08/2019","26.89","26.71","26.90","26.70","1.69M","0.37%"
"03/07/2019","26.79","27.11","27.11","26.78","3.82M","-1.90%"
"03/06/2019","27.31","27.46","27.47","27.30","2.51M","-0.47%"
"03/05/2019","27.44","27.43","27.47","27.32","3.12M","0.26%"
"03/04/2019","27.37","27.57","27.57","27.30","7.42M","-0.83%"
"03/01/2019","27.60","27.64","27.67","27.52","4.65M","1.10%"
"02/28/2019","27.30","27.19","27.34","27.18","2.09M","0.48%"
"02/27/2019","27.17","27.24","27.29","27.11","2.27M","-0.55%"
"02/26/2019","27.32","27.22","27.38","27.21","2.24M","0.77%"
"02/25/2019","27.11","27.24","27.29","27.09","2.89M","0.30%"
"02/22/2019","27.03","27.06","27.09","26.98","2.48M","0.30%"
"02/21/2019","26.95","27.02","27.03","26.90","3.32M","-0.30%"
"02/20/2019","27.03","26.89","27.14","26.89","5.35M","0.78%"
"02/19/2019","26.82","26.58","26.85","26.58","3.19M","0.45%"
"02/15/2019","26.70","26.56","26.71","26.50","3.25M","2.10%"
"02/14/2019","26.15","26.17","26.26","26.08","4.15M","-0.46%"
"02/13/2019","26.27","26.35","26.40","26.27","2.45M","-0.34%"
"02/12/2019","26.36","26.23","26.36","26.23","2.12M","1.66%"
"02/11/2019","25.93","25.93","25.99","25.86","2.33M","0.08%"
"02/08/2019","25.91","25.93","25.95","25.71","6.00M","-0.99%"
"02/07/2019","26.17","26.38","26.41","26.16","5.04M","-2.79%"
"02/06/2019","26.92","27.01","27.05","26.89","2.25M","-0.85%"
"02/05/2019","27.15","27.05","27.19","27.02","2.78M","1.23%"
"02/04/2019","26.82","26.63","26.82","26.55","2.87M","0.04%"
"02/01/2019","26.81","26.78","26.87","26.66","2.80M","0.07%"
"01/31/2019","26.79","26.69","26.84","26.61","3.03M","-0.81%"
"01/30/2019","27.01","26.78","27.07","26.65","5.15M","0.56%"
"01/29/2019","26.86","26.93","27.01","26.86","1.55M","-0.26%"
"01/28/2019","26.93","26.85","26.97","26.82","1.99M","-0.07%"
"01/25/2019","26.95","26.94","27.04","26.93","3.06M","1.89%"
"01/24/2019","26.45","26.43","26.56","26.32","3.93M","0.27%"
"01/23/2019","26.38","26.46","26.49","26.30","2.84M","0.76%"
"01/22/2019","26.18","26.27","26.37","26.16","2.92M","-1.91%"
"01/18/2019","26.69","26.60","26.75","26.50","4.84M","2.14%"
"01/17/2019","26.13","25.91","26.21","25.91","3.07M","0.19%"
"01/16/2019","26.08","26.00","26.12","26.00","2.85M","0.08%"
"01/15/2019","26.06","25.95","26.10","25.90","4.80M","-0.08%"
"01/14/2019","26.08","25.92","26.15","25.92","2.18M","-0.15%"
"01/11/2019","26.12","26.10","26.18","26.02","2.38M","-1.02%"
"01/10/2019","26.39","26.22","26.40","26.19","3.71M","-0.04%"
"01/09/2019","26.40","26.33","26.43","26.20","5.30M","1.69%"
"01/08/2019","25.96","26.10","26.13","25.90","4.34M","0.62%"
"01/07/2019","25.80","25.72","25.89","25.64","4.56M","0.16%"
"01/04/2019","25.76","25.32","25.80","25.27","5.32M","3.75%"
"01/03/2019","24.83","24.92","24.95","24.78","5.08M","-1.31%"
"01/02/2019","25.16","24.94","25.16","24.89","3.76M","-0.75%"
"12/31/2018","25.35","25.45","25.45","25.25","3.21M","0.48%"
"12/28/2018","25.23","25.31","25.36","25.14","6.55M","0.80%"
"12/27/2018","25.03","24.73","25.05","24.52","6.21M","-0.32%"
"12/26/2018","25.11","24.53","25.11","24.40","5.37M","2.74%"
"12/24/2018","24.44","24.80","24.91","24.44","2.60M","-2.04%"
"12/21/2018","24.95","25.22","25.35","24.87","6.87M","-0.99%"
"12/20/2018","25.20","25.30","25.43","25.12","6.60M","-0.47%"
"12/19/2018","25.32","25.70","25.84","25.17","7.24M","-0.78%"
"12/18/2018","25.52","25.62","25.71","25.44","4.57M","0.55%"
"12/17/2018","25.38","25.44","25.55","25.27","4.91M","-0.78%"
"12/14/2018","25.58","25.62","25.72","25.57","3.69M","-1.43%"
"12/13/2018","25.95","26.00","26.07","25.90","6.48M","-0.23%"
"12/12/2018","26.01","25.93","26.14","25.92","5.56M","1.56%"
"12/11/2018","25.61","25.80","25.82","25.42","7.45M","0.47%"
"12/10/2018","25.49","25.59","25.66","25.24","4.21M","-0.66%"
"12/07/2018","25.66","26.07","26.13","25.59","10.53M","-1.72%"
"12/06/2018","26.11","25.92","26.13","25.65","6.44M","-1.40%"
"12/04/2018","26.48","27.17","27.20","26.44","3.89M","-2.93%"
"12/03/2018","27.28","27.32","27.34","27.19","2.80M","1.64%"
"11/30/2018","26.84","26.79","26.85","26.65","1.95M","-0.89%"
"11/29/2018","27.08","27.07","27.13","26.95","2.48M","-0.55%"
"11/28/2018","27.23","26.81","27.26","26.70","3.88M","1.38%"
"11/27/2018","26.86","26.90","26.95","26.71","3.21M","-0.74%"
"11/26/2018","27.06","26.97","27.09","26.91","4.90M","1.88%"
"11/23/2018","26.56","26.45","26.61","26.45","1.20M","-1.08%"
"11/21/2018","26.85","26.71","26.95","26.69","2.26M","1.70%"
"11/20/2018","26.40","26.43","26.62","26.31","4.91M","-2.04%"
"11/19/2018","26.95","27.24","27.26","26.90","4.17M","-1.21%"
"11/16/2018","27.28","27.04","27.34","26.99","4.03M","-0.07%"
"11/15/2018","27.30","26.98","27.36","26.79","5.62M","0.37%"
"11/14/2018","27.20","27.45","27.47","27.02","5.10M","0.37%"
"11/13/2018","27.10","26.89","27.26","26.89","5.68M","1.54%"
"11/12/2018","26.69","26.96","26.98","26.67","4.18M","-2.87%"
"11/09/2018","27.48","27.45","27.50","27.33","2.36M","-0.04%"
"11/08/2018","27.49","27.79","27.85","27.42","2.94M","-1.93%"
"11/07/2018","28.03","27.96","28.04","27.84","3.02M","1.19%"
"11/06/2018","27.70","27.57","27.71","27.56","2.60M","0.11%"
"11/05/2018","27.67","27.68","27.74","27.55","2.21M","-0.40%"
"11/02/2018","27.78","27.97","28.05","27.56","4.83M","0.65%"
"11/01/2018","27.60","27.55","27.60","27.39","3.47M","1.28%"
"10/31/2018","27.25","27.22","27.43","27.19","8.48M","0.78%"
"10/30/2018","27.04","26.85","27.04","26.77","12.51M","0.56%"
"10/29/2018","26.89","27.26","27.28","26.64","7.00M","0.41%"
"10/26/2018","26.78","26.63","26.97","26.36","10.12M","-0.63%"
"10/25/2018","26.95","26.77","27.09","26.61","5.71M","2.08%"
"10/24/2018","26.40","27.05","27.09","26.37","4.73M","-3.51%"
"10/23/2018","27.36","27.06","27.48","26.94","5.36M","-1.23%"
"10/22/2018","27.70","27.86","27.89","27.62","3.22M","-0.50%"
"10/19/2018","27.84","27.69","28.00","27.69","2.52M","0.47%"
"10/18/2018","27.71","28.16","28.22","27.62","4.77M","-2.05%"
"10/17/2018","28.29","28.37","28.46","28.18","2.85M","-1.12%"
"10/16/2018","28.61","28.49","28.64","28.43","2.23M","1.92%"
"10/15/2018","28.07","28.00","28.18","27.95","2.72M","0.43%"
"10/12/2018","27.95","28.07","28.09","27.63","3.62M","0.40%"
"10/11/2018","27.84","28.18","28.27","27.62","9.77M","-0.85%"
"10/10/2018","28.08","28.55","28.56","27.97","8.99M","-2.40%"
"10/09/2018","28.77","28.55","28.84","28.48","3.57M","-0.10%"
"10/08/2018","28.80","28.71","28.84","28.58","3.44M","-1.34%"
"10/05/2018","29.19","29.28","29.33","29.05","3.55M","-0.95%"
"10/04/2018","29.47","29.77","29.80","29.38","3.91M","-1.17%"
"10/03/2018","29.82","29.97","30.00","29.79","3.21M","0.37%"
"10/02/2018","29.71","29.63","29.78","29.61","3.27M","-0.64%"
"10/01/2018","29.90","30.02","30.10","29.86","3.35M","0.54%"
"09/28/2018","29.74","29.68","29.89","29.65","6.82M","-1.78%"
"09/27/2018","30.28","30.34","30.46","30.23","1.60M","-0.26%"
"09/26/2018","30.36","30.30","30.59","30.29","5.66M","-0.43%"
"09/25/2018","30.49","30.53","30.56","30.44","3.19M","0.33%"
"09/24/2018","30.39","30.59","30.61","30.39","2.41M","-0.62%"
"09/21/2018","30.58","30.57","30.63","30.52","2.65M","0.07%"
"09/20/2018","30.56","30.50","30.60","30.39","4.98M","1.83%"
"09/19/2018","30.01","29.93","30.07","29.91","2.85M","0.27%"
"09/18/2018","29.93","29.79","30.00","29.79","1.76M","0.88%"
"09/17/2018","29.67","29.79","29.85","29.65","2.83M","-0.13%"
"09/14/2018","29.71","29.78","29.83","29.63","2.94M","-0.13%"
"09/13/2018","29.75","29.78","29.84","29.61","2.77M","1.02%"
"09/12/2018","29.45","29.35","29.57","29.30","2.91M","0.34%"
"09/11/2018","29.35","29.13","29.35","29.09","2.67M","-0.03%"
"09/10/2018","29.36","29.40","29.42","29.32","2.56M","0.79%"
"09/07/2018","29.13","29.10","29.26","29.04","8.17M","-0.82%"
"09/06/2018","29.37","29.49","29.59","29.25","5.13M","-0.71%"
"09/05/2018","29.58","29.71","29.76","29.48","3.56M","-1.04%"
"09/04/2018","29.89","29.70","29.89","29.64","6.97M","-1.12%"
"08/31/2018","30.23","30.38","30.48","30.10","2.89M","-1.43%"
"08/30/2018","30.67","30.69","30.79","30.55","3.67M","-1.06%"
"08/29/2018","31.00","30.83","31.01","30.80","2.04M","0.42%"
"08/28/2018","30.87","31.03","31.03","30.87","4.38M","0.00%"
"08/27/2018","30.87","30.62","30.89","30.62","3.46M","1.65%"
"08/24/2018","30.37","30.20","30.37","30.14","3.11M","1.13%"
"08/23/2018","30.03","30.11","30.22","30.01","2.54M","-0.53%"
"08/22/2018","30.19","30.22","30.27","30.14","2.85M","0.23%"
"08/21/2018","30.12","30.11","30.24","29.96","2.74M","1.41%"
"08/20/2018","29.70","29.67","29.74","29.64","1.76M","0.95%"
"08/17/2018","29.42","29.13","29.47","29.13","4.50M","0.79%"
"08/16/2018","29.19","29.14","29.36","29.14","4.19M","0.69%"
"08/15/2018","28.99","29.01","29.08","28.79","3.99M","-2.06%"
"08/14/2018","29.60","29.58","29.63","29.40","3.32M","0.07%"
"08/13/2018","29.58","29.67","29.74","29.54","2.34M","-0.47%"
"08/10/2018","29.72","29.80","29.91","29.63","3.50M","-3.03%"
"08/09/2018","30.65","30.83","30.83","30.63","2.74M","-0.10%"
"08/08/2018","30.68","30.74","30.76","30.59","1.40M","-0.26%"
"08/07/2018","30.76","30.88","30.91","30.70","2.48M","0.62%"
"08/06/2018","30.57","30.48","30.61","30.39","2.43M","-0.39%"
"08/03/2018","30.69","30.60","30.71","30.53","2.06M","0.26%"
"08/02/2018","30.61","30.53","30.63","30.44","3.13M","-1.45%"
"08/01/2018","31.06","31.15","31.23","31.00","2.95M","-0.80%"
"07/31/2018","31.31","31.37","31.42","31.24","5.28M","0.06%"
"07/30/2018","31.29","31.37","31.43","31.26","2.67M","0.13%"
"07/27/2018","31.25","31.35","31.38","31.18","3.19M","0.19%"
"07/26/2018","31.19","31.22","31.30","31.15","4.59M","-0.26%"
"07/25/2018","31.27","30.93","31.34","30.67","7.26M","0.81%"
"07/24/2018","31.02","31.14","31.22","30.96","4.19M","0.71%"
"07/23/2018","30.80","30.74","30.83","30.68","5.60M","0.10%"
"07/20/2018","30.77","30.59","30.80","30.58","2.80M","-0.23%"
"07/19/2018","30.84","30.72","30.91","30.70","2.63M","-0.58%"
"07/18/2018","31.02","31.03","31.11","31.00","2.93M","0.10%"
"07/17/2018","30.99","30.71","31.03","30.70","3.43M","0.65%"
"07/16/2018","30.79","30.76","30.82","30.73","1.73M","0.52%"
"07/13/2018","30.63","30.53","30.64","30.46","2.15M","0.29%"
"07/12/2018","30.54","30.43","30.58","30.35","2.27M","0.79%"
"07/11/2018","30.30","30.48","30.57","30.24","3.59M","-2.04%"
"07/10/2018","30.93","30.85","30.96","30.83","1.71M","0.36%"
"07/09/2018","30.82","30.78","30.84","30.70","1.95M","0.55%"
"07/06/2018","30.65","30.55","30.70","30.51","2.70M","0.69%"
"07/05/2018","30.44","30.41","30.51","30.30","8.38M","1.70%"
"07/03/2018","29.93","30.10","30.12","29.90","3.68M","0.34%"
"07/02/2018","29.83","29.65","29.86","29.63","3.17M","-0.50%"
"06/29/2018","29.98","29.98","30.13","29.91","4.44M","1.52%"
"06/28/2018","29.53","29.42","29.58","29.32","5.42M","-0.47%"
"06/27/2018","29.67","30.01","30.21","29.65","5.47M","-1.07%"
"06/26/2018","29.99","30.02","30.06","29.78","3.83M","-0.37%"
"06/25/2018","30.10","30.27","30.29","29.99","5.17M","-1.73%"
"06/22/2018","30.63","30.63","30.75","30.38","3.22M","0.96%"
"06/21/2018","30.34","30.53","30.55","30.25","4.04M","-1.40%"
"06/20/2018","30.77","30.79","30.82","30.67","3.99M","-0.10%"
"06/19/2018","30.80","30.60","30.81","30.51","5.90M","-3.57%"
"06/18/2018","31.94","31.83","31.95","31.76","3.69M","-1.51%"
"06/15/2018","32.43","32.39","32.46","32.31","2.67M","-0.49%"
"06/14/2018","32.59","32.53","32.78","32.52","3.41M","0.43%"
"06/13/2018","32.45","32.48","32.57","32.34","2.69M","0.40%"
"06/12/2018","32.32","32.43","32.50","32.24","3.09M","-0.43%"
"06/11/2018","32.46","32.27","32.52","32.20","1.55M","0.81%"
"06/08/2018","32.20","32.16","32.26","31.99","4.13M","0.34%"
"06/07/2018","32.09","32.45","32.46","31.98","3.65M","-1.20%"
"06/06/2018","32.48","32.21","32.49","32.11","8.80M","1.50%"
"06/05/2018","32.00","32.13","32.20","31.90","6.99M","0.03%"
"06/04/2018","31.99","32.00","32.08","31.92","1.73M","0.57%"
"06/01/2018","31.81","31.92","31.95","31.67","3.32M","0.54%"
"05/31/2018","31.64","31.66","31.72","31.33","8.93M","-0.88%"
"05/30/2018","31.92","31.69","32.00","31.54","4.61M","2.34%"
"05/29/2018","31.19","31.46","31.58","31.00","5.82M","-3.14%"
"05/25/2018","32.20","32.13","32.27","32.00","5.29M","-0.22%"
"05/24/2018","32.27","32.37","32.40","32.07","10.12M","-0.80%"
"05/23/2018","32.53","32.42","32.53","32.34","2.79M","-1.72%"
"05/22/2018","33.10","33.16","33.22","33.07","1.37M","-0.12%"
"05/21/2018","33.14","33.13","33.21","33.00","1.14M","0.79%"
"05/18/2018","32.88","32.88","32.93","32.82","1.80M","-0.39%"
"05/17/2018","33.01","32.95","33.05","32.91","2.86M","0.58%"
"05/16/2018","32.82","32.80","32.88","32.68","1.55M","-0.09%"
"05/15/2018","32.85","32.78","32.96","32.66","2.25M","-0.73%"
"05/14/2018","33.09","33.17","33.22","33.05","1.68M","-0.18%"
"05/11/2018","33.15","33.16","33.22","33.10","1.18M","-0.15%"
"05/10/2018","33.20","33.00","33.21","32.95","1.74M","0.91%"
"05/09/2018","32.90","32.79","32.96","32.77","2.36M","0.12%"
"05/08/2018","32.86","32.66","32.86","32.63","3.03M","-0.36%"
"05/07/2018","32.98","32.93","33.06","32.91","10.53M","0.43%"
"05/04/2018","32.84","32.45","32.89","32.43","8.57M","0.52%"
"05/03/2018","32.67","32.68","32.73","32.42","3.30M","0.06%"
"05/02/2018","32.65","32.84","32.90","32.63","5.16M","0.96%"
"05/01/2018","32.34","32.39","32.43","32.15","1.46M","-0.37%"
"04/30/2018","32.46","32.46","32.61","32.44","1.85M","-0.58%"
"04/27/2018","32.65","32.63","32.66","32.43","1.72M","0.40%"
"04/26/2018","32.52","32.45","32.59","32.34","1.74M","0.40%"
"04/25/2018","32.39","32.30","32.42","32.15","2.27M","-0.52%"
"04/24/2018","32.56","32.82","32.85","32.42","2.79M","-0.85%"
"04/23/2018","32.84","32.88","32.91","32.75","1.92M","-0.36%"
"04/20/2018","32.96","33.00","33.03","32.86","4.05M","-0.69%"
"04/19/2018","33.19","33.30","33.36","33.10","4.10M","-0.51%"
"04/18/2018","33.36","33.36","33.41","33.28","4.38M","0.18%"
"04/17/2018","33.30","33.13","33.36","33.10","3.80M","1.22%"
"04/16/2018","32.90","32.94","32.95","32.79","7.54M","0.03%"
"04/13/2018","32.89","32.98","33.00","32.76","3.81M","0.27%"
"04/12/2018","32.80","32.66","32.82","32.65","3.29M","0.74%"
"04/11/2018","32.56","32.60","32.73","32.49","3.72M","-0.61%"
"04/10/2018","32.76","32.74","32.84","32.64","2.55M","1.39%"
"04/09/2018","32.31","32.37","32.51","32.23","2.81M","0.69%"
"04/06/2018","32.09","32.20","32.35","32.01","4.20M","-0.37%"
"04/05/2018","32.21","32.20","32.33","32.15","2.06M","1.23%"
"04/04/2018","31.82","31.33","31.86","31.31","2.54M","0.19%"
"04/03/2018","31.76","31.70","31.80","31.50","5.35M","0.63%"
"04/02/2018","31.56","32.04","32.12","31.31","5.63M","-1.50%"
"03/29/2018","32.04","31.99","32.15","31.91","3.34M","1.52%"
"03/28/2018","31.56","31.64","31.87","31.47","5.52M","-0.09%"
"03/27/2018","31.59","31.96","32.08","31.45","5.26M","-1.13%"
"03/26/2018","31.95","31.84","31.95","31.39","6.47M","2.04%"
"03/23/2018","31.31","31.73","31.81","31.27","7.85M","-1.23%"
"03/22/2018","31.70","31.90","32.04","31.69","5.83M","-2.31%"
"03/21/2018","32.45","32.34","32.62","32.31","3.94M","0.09%"
"03/20/2018","32.42","32.26","32.49","32.26","4.26M","0.09%"
"03/19/2018","32.39","32.45","32.48","32.23","3.00M","-0.74%"
"03/16/2018","32.63","32.55","32.76","32.55","2.54M","-0.06%"
"03/15/2018","32.65","32.59","32.79","32.51","3.62M","0.31%"
"03/14/2018","32.55","32.74","32.78","32.41","4.24M","0.46%"
"03/13/2018","32.40","32.95","32.98","32.33","5.19M","-1.64%"
"03/12/2018","32.94","32.84","32.97","32.79","2.02M","0.46%"
"03/09/2018","32.79","32.66","32.80","32.60","2.73M","0.34%"
"03/08/2018","32.68","32.74","32.84","32.60","4.11M","-0.12%"
"03/07/2018","32.72","32.48","32.75","32.44","3.71M","0.80%"
"03/06/2018","32.46","32.48","32.49","32.31","2.59M","0.59%"
"03/05/2018","32.27","31.69","32.30","31.67","2.84M","1.45%"
"03/02/2018","31.81","31.59","31.85","31.46","3.24M","0.00%"
"03/01/2018","31.81","32.04","32.17","31.52","8.70M","-1.91%"
"02/28/2018","32.43","32.80","32.81","32.40","3.02M","-0.70%"
"02/27/2018","32.66","33.00","33.05","32.65","2.44M","-1.86%"
"02/26/2018","33.28","33.13","33.30","32.97","2.47M","0.45%"
"02/23/2018","33.13","33.03","33.17","32.95","4.96M","0.73%"
"02/22/2018","32.89","32.80","33.09","32.70","5.02M","0.49%"
"02/21/2018","32.73","32.98","33.20","32.71","2.20M","-0.70%"
"02/20/2018","32.96","32.99","33.18","32.86","3.43M","-0.96%"
"02/16/2018","33.28","33.12","33.52","33.11","2.38M","0.18%"
"02/15/2018","33.22","33.23","33.27","32.91","5.79M","0.06%"
"02/14/2018","33.20","32.24","33.22","32.22","5.80M","2.22%"
"02/13/2018","32.48","32.42","32.51","32.30","4.61M","-0.18%"
"02/12/2018","32.54","32.31","32.59","32.20","8.56M","1.43%"
"02/09/2018","32.08","31.99","32.20","31.20","14.56M","0.72%"
"02/08/2018","31.85","32.76","32.77","31.82","9.82M","-3.25%"
"02/07/2018","32.92","33.04","33.31","32.77","5.11M","-1.70%"
"02/06/2018","33.49","32.57","33.49","32.51","22.82M","3.14%"
"02/05/2018","32.47","33.65","33.83","32.20","11.69M","-4.11%"
"02/02/2018","33.86","34.27","34.29","33.85","5.43M","-2.42%"
"02/01/2018","34.70","34.63","34.81","34.59","4.41M","-0.89%"
"01/31/2018","35.01","35.20","35.20","34.89","5.33M","0.23%"
"01/30/2018","34.93","35.13","35.17","34.91","6.80M","-0.80%"
"01/29/2018","35.21","35.25","35.28","35.10","3.83M","-0.93%"
"01/26/2018","35.54","35.38","35.55","35.36","2.01M","0.65%"
"01/25/2018","35.31","35.71","35.72","35.23","4.28M","-0.70%"
"01/24/2018","35.56","35.83","35.87","35.44","4.71M","-0.25%"
"01/23/2018","35.65","35.57","35.67","35.50","2.50M","0.54%"
"01/22/2018","35.46","35.28","35.47","35.21","2.68M","0.62%"
"01/19/2018","35.24","35.24","35.30","35.10","3.00M","1.12%"
"01/18/2018","34.85","34.83","34.91","34.70","3.26M","0.58%"
"01/17/2018","34.65","34.60","34.77","34.44","5.94M","0.26%"
"01/16/2018","34.56","34.78","34.82","34.54","2.71M","0.14%"
"01/12/2018","34.51","34.33","34.54","34.28","9.68M","1.26%"
"01/11/2018","34.08","33.97","34.10","33.90","2.25M","0.47%"
"01/10/2018","33.92","34.04","34.04","33.83","4.81M","-0.88%"
"01/09/2018","34.22","34.22","34.24","34.09","3.57M","-0.03%"
"01/08/2018","34.23","34.25","34.28","34.19","3.10M","-0.29%"
"01/05/2018","34.33","34.25","34.37","34.17","1.88M","1.03%"
"01/04/2018","33.98","34.01","34.12","33.96","2.89M","1.65%"
"01/03/2018","33.43","33.29","33.49","33.29","3.23M","0.51%"
"01/02/2018","33.26","33.06","33.27","33.02","3.82M","0.73%"
"12/29/2017","33.02","33.14","33.17","32.95","2.64M","-0.39%"
"12/28/2017","33.15","33.28","33.31","33.12","4.31M","-0.09%"
"12/27/2017","33.18","33.17","33.25","33.13","1.81M","0.24%"
"12/26/2017","33.10","33.16","33.20","33.06","1.16M","0.00%"
"12/22/2017","33.10","33.09","33.11","33.03","8.73M","-0.21%"
"12/21/2017","33.17","33.11","33.28","33.10","2.23M","0.06%"
"12/20/2017","33.15","33.32","33.34","33.09","2.72M","-0.90%"
"12/19/2017","33.45","33.52","33.54","33.31","3.53M","-0.27%"
"12/18/2017","33.54","33.60","33.69","33.51","1.96M","1.54%"
"12/15/2017","33.03","32.98","33.08","32.90","2.16M","0.43%"
"12/14/2017","32.89","33.10","33.20","32.88","2.18M","-0.57%"
"12/13/2017","33.08","33.13","33.16","32.95","3.98M","0.03%"
"12/12/2017","33.07","32.99","33.10","32.95","2.58M","-0.15%"
"12/11/2017","33.12","33.11","33.20","33.08","1.66M","-0.06%"
"12/08/2017","33.14","33.15","33.20","33.05","1.29M","0.36%"
"12/07/2017","33.02","32.87","33.11","32.83","4.48M","0.46%"
"12/06/2017","32.87","32.70","32.92","32.66","3.76M","-0.15%"
"12/05/2017","32.92","32.95","33.12","32.88","2.61M","-0.42%"
"12/04/2017","33.06","33.20","33.23","33.00","1.94M","0.33%"
"12/01/2017","32.95","32.96","33.08","32.75","4.84M","-0.87%"
"11/30/2017","33.24","33.36","33.39","33.21","3.67M","0.33%"
"11/29/2017","33.13","33.38","33.42","33.08","3.49M","-0.27%"
"11/28/2017","33.22","33.16","33.31","33.10","1.47M","0.30%"
"11/27/2017","33.12","33.26","33.32","33.10","3.67M","-0.60%"
"11/24/2017","33.32","33.32","33.41","33.30","1.20M","1.52%"
"11/22/2017","32.82","33.07","33.08","32.69","2.03M","-0.67%"
"11/21/2017","33.04","33.04","33.13","33.04","1.53M","0.95%"
"11/20/2017","32.73","32.80","32.88","32.71","1.74M","0.06%"
"11/17/2017","32.71","32.85","32.85","32.67","1.81M","-0.49%"
"11/16/2017","32.87","32.84","32.90","32.76","4.48M","0.80%"
"11/15/2017","32.61","32.51","32.73","32.47","1.14M","-0.73%"
"11/14/2017","32.85","32.74","32.87","32.66","3.25M","0.55%"
"11/13/2017","32.67","32.39","32.68","32.37","2.29M","-0.21%"
"11/10/2017","32.74","32.77","32.82","32.68","1.01M","-0.24%"
"11/09/2017","32.82","32.78","32.88","32.63","2.12M","-1.08%"
"11/08/2017","33.18","33.12","33.20","33.06","1.77M","0.33%"
"11/07/2017","33.07","33.23","33.27","32.95","3.50M","-0.81%"
"11/06/2017","33.34","33.27","33.35","33.25","4.56M","-0.15%"
"11/03/2017","33.39","33.48","33.48","33.32","1.90M","-0.33%"
"11/02/2017","33.50","33.42","33.50","33.38","4.93M","0.45%"
"11/01/2017","33.35","33.38","33.44","33.34","2.00M","0.85%"
"10/31/2017","33.07","33.00","33.09","32.96","2.15M","0.55%"
"10/30/2017","32.89","32.79","32.90","32.79","1.35M","0.46%"
"10/27/2017","32.74","32.73","32.79","32.65","1.54M","0.15%"
"10/26/2017","32.69","32.68","32.82","32.60","2.23M","0.15%"
"10/25/2017","32.64","32.70","32.74","32.52","1.59M","-0.03%"
"10/24/2017","32.65","32.64","32.74","32.60","1.53M","0.37%"
"10/23/2017","32.53","32.59","32.62","32.52","1.55M","-0.31%"
"10/20/2017","32.63","32.73","32.74","32.61","2.76M","-0.58%"
"10/19/2017","32.82","32.75","32.86","32.73","3.69M","-0.24%"
"10/18/2017","32.90","32.85","32.92","32.77","1.35M","0.55%"
"10/17/2017","32.72","32.69","32.73","32.64","1.79M","-0.15%"
"10/16/2017","32.77","32.84","32.85","32.73","1.48M","-0.21%"
"10/13/2017","32.84","32.92","32.98","32.81","1.45M","0.00%"
"10/12/2017","32.84","32.87","32.90","32.81","1.90M","-0.12%"
"10/11/2017","32.88","32.78","32.90","32.77","2.39M","0.58%"
"10/10/2017","32.69","32.61","32.75","32.54","3.95M","0.71%"
"10/09/2017","32.46","32.47","32.53","32.43","1.53M","-0.06%"
"10/06/2017","32.48","32.32","32.49","32.32","7.38M","0.03%"
"10/05/2017","32.47","32.39","32.47","32.37","5.67M","-0.03%"
"10/04/2017","32.48","32.47","32.58","32.46","5.59M","0.03%"
"10/03/2017","32.47","32.38","32.48","32.38","1.74M","0.37%"
"10/02/2017","32.35","32.29","32.38","32.27","1.88M","-0.25%"
"09/29/2017","32.43","32.24","32.45","32.18","2.28M","1.31%"
"09/28/2017","32.01","32.00","32.08","31.98","3.32M","0.50%"
"09/27/2017","31.85","31.76","31.91","31.74","927.25K","0.25%"
"09/26/2017","31.77","31.82","31.85","31.69","2.33M","-0.28%"
"09/25/2017","31.86","32.03","32.07","31.80","1.98M","-1.03%"
"09/22/2017","32.19","32.22","32.28","32.17","3.29M","0.19%"
"09/21/2017","32.13","32.12","32.19","32.08","2.49M","0.06%"
"09/20/2017","32.11","32.20","32.33","31.93","2.22M","-0.31%"
"09/19/2017","32.21","32.17","32.24","32.13","1.70M","0.34%"
"09/18/2017","32.10","32.12","32.16","32.03","2.00M","0.25%"
"09/15/2017","32.02","32.04","32.08","31.92","8.56M","0.22%"
"09/14/2017","31.95","31.80","31.95","31.79","1.50M","0.22%"
"09/13/2017","31.88","32.02","32.05","31.84","2.51M","-0.44%"
"09/12/2017","32.02","32.03","32.07","31.98","1.74M","0.25%"
"09/11/2017","31.94","31.87","32.00","31.87","1.50M","1.11%"
"09/08/2017","31.59","31.68","31.69","31.58","2.56M","-0.13%"
"09/07/2017","31.63","31.65","31.66","31.53","5.03M","1.15%"
"09/06/2017","31.27","31.26","31.34","31.15","2.78M","1.62%"
"09/05/2017","30.77","30.97","31.04","30.68","6.85M","-0.26%"
"09/01/2017","30.85","30.98","31.01","30.84","6.11M","0.29%"
"08/31/2017","30.76","30.72","30.79","30.60","1.97M","0.36%"
"08/30/2017","30.65","30.71","30.74","30.62","1.09M","-0.29%"
"08/29/2017","30.74","30.66","30.82","30.63","3.29M","-1.19%"
"08/28/2017","31.11","31.09","31.13","31.04","810.48K","0.06%"
"08/25/2017","31.09","30.88","31.16","30.88","4.46M","0.97%"
"08/24/2017","30.79","30.92","30.97","30.78","4.01M","-0.29%"
"08/23/2017","30.88","30.78","30.89","30.77","1.47M","0.13%"
"08/22/2017","30.84","30.73","30.85","30.73","1.61M","0.98%"
"08/21/2017","30.54","30.55","30.59","30.40","1.38M","-0.33%"
"08/18/2017","30.64","30.57","30.70","30.52","2.38M","0.56%"
"08/17/2017","30.47","30.71","30.77","30.46","3.72M","-1.26%"
"08/16/2017","30.86","30.75","30.91","30.75","9.89M","0.55%"
"08/15/2017","30.69","30.68","30.73","30.50","1.42M","-0.10%"
"08/14/2017","30.72","30.77","30.80","30.70","1.45M","1.05%"
"08/11/2017","30.40","30.42","30.48","30.32","3.15M","0.66%"
"08/10/2017","30.20","30.36","30.38","30.18","2.22M","-1.72%"
"08/09/2017","30.73","30.49","30.74","30.46","2.75M","-0.49%"
"08/08/2017","30.88","30.94","31.04","30.83","2.58M","-0.42%"
"08/07/2017","31.01","30.99","31.01","30.95","1.40M","-0.16%"
"08/04/2017","31.06","31.10","31.13","30.94","9.91M","0.52%"
"08/03/2017","30.90","30.95","31.04","30.90","10.20M","-0.32%"
"08/02/2017","31.00","31.10","31.12","30.92","7.82M","0.00%"
"08/01/2017","31.00","30.99","31.16","30.98","2.66M","0.94%"
"07/31/2017","30.71","30.66","30.74","30.53","6.25M","0.07%"
"07/28/2017","30.69","30.57","30.71","30.55","1.61M","0.43%"
"07/27/2017","30.56","30.70","30.70","30.43","3.88M","-0.84%"
"07/26/2017","30.82","30.70","30.89","30.67","2.07M","0.65%"
"07/25/2017","30.62","30.78","30.79","30.60","1.64M","0.10%"
"07/24/2017","30.59","30.46","30.60","30.41","1.94M","-0.23%"
"07/21/2017","30.66","30.62","30.68","30.48","3.02M","-1.13%"
"07/20/2017","31.01","31.02","31.07","30.89","3.86M","0.62%"
"07/19/2017","30.82","30.76","30.84","30.72","1.49M","0.00%"
"07/18/2017","30.82","30.76","30.86","30.72","4.46M","-0.39%"
"07/17/2017","30.94","30.93","30.97","30.89","1.79M","-0.48%"
"07/14/2017","31.09","30.90","31.11","30.84","1.21M","0.65%"
"07/13/2017","30.89","30.86","30.90","30.79","4.23M","0.13%"
"07/12/2017","30.85","30.81","30.91","30.80","10.73M","0.65%"
"07/11/2017","30.65","30.44","30.65","30.37","4.26M","0.86%"
"07/10/2017","30.39","30.30","30.42","30.29","2.63M","0.23%"
"07/07/2017","30.32","30.14","30.33","30.12","2.79M","0.46%"
"07/06/2017","30.18","30.14","30.30","30.08","2.70M","-0.46%"
"07/05/2017","30.32","30.20","30.34","30.13","2.53M","0.10%"
"07/03/2017","30.29","30.26","30.37","30.26","1.04M","0.07%"
"06/30/2017","30.27","30.35","30.37","30.09","3.37M","-0.36%"
"06/29/2017","30.38","30.67","30.67","30.24","3.79M","-1.62%"
"06/28/2017","30.88","30.70","30.91","30.68","1.76M","0.88%"
"06/27/2017","30.61","30.62","30.76","30.53","2.66M","0.10%"
"06/26/2017","30.58","30.75","30.79","30.57","1.17M","0.13%"
"06/23/2017","30.54","30.44","30.61","30.39","1.42M","0.03%"
"06/22/2017","30.53","30.57","30.61","30.50","3.01M","-0.10%"
"06/21/2017","30.56","30.50","30.57","30.43","1.92M","0.00%"
"06/20/2017","30.56","30.79","30.82","30.49","2.37M","-2.83%"
"06/19/2017","31.45","31.47","31.52","31.40","3.13M","0.70%"
"06/16/2017","31.23","31.07","31.23","31.04","1.53M","0.97%"
"06/15/2017","30.93","30.80","30.94","30.76","1.94M","-1.65%"
"06/14/2017","31.45","31.72","31.73","31.33","2.34M","0.38%"
"06/13/2017","31.33","31.28","31.38","31.23","3.00M","0.67%"
"06/12/2017","31.12","31.15","31.18","31.03","1.51M","-0.51%"
"06/09/2017","31.28","31.22","31.35","31.18","5.19M","0.26%"
"06/08/2017","31.20","31.15","31.21","31.10","2.80M","-0.29%"
"06/07/2017","31.29","31.27","31.34","31.11","1.69M","0.06%"
"06/06/2017","31.27","31.27","31.36","31.24","2.66M","-0.79%"
"06/05/2017","31.52","31.53","31.54","31.42","5.49M","-0.54%"
"06/02/2017","31.69","31.61","31.75","31.55","3.77M","1.73%"
"06/01/2017","31.15","31.06","31.15","31.05","4.36M","0.42%"
"05/31/2017","31.02","31.15","31.20","30.98","2.23M","0.65%"
"05/30/2017","30.82","30.85","30.96","30.79","1.41M","0.10%"
"05/26/2017","30.79","30.75","30.82","30.74","2.71M","-0.55%"
"05/25/2017","30.96","30.96","31.04","30.91","1.14M","-0.16%"
"05/24/2017","31.01","30.93","31.02","30.86","3.09M","0.10%"
"05/23/2017","30.98","31.12","31.14","30.95","3.53M","-0.13%"
"05/22/2017","31.02","31.03","31.12","30.97","6.15M","0.19%"
"05/19/2017","30.96","30.88","31.00","30.86","4.04M","1.08%"
"05/18/2017","30.63","30.47","30.65","30.44","2.60M","0.16%"
"05/17/2017","30.58","30.83","30.88","30.58","2.85M","-1.42%"
"05/16/2017","31.02","31.05","31.08","30.95","2.28M","0.91%"
"05/15/2017","30.74","30.59","30.76","30.57","1.49M","0.65%"
"05/12/2017","30.54","30.39","30.55","30.38","1.92M","0.93%"
"05/11/2017","30.26","30.26","30.26","30.09","1.21M","-0.23%"
"05/10/2017","30.33","30.40","30.41","30.29","1.28M","-0.10%"
"05/09/2017","30.36","30.43","30.48","30.30","5.30M","-0.26%"
"05/08/2017","30.44","30.44","30.46","30.36","5.28M","-1.42%"
"05/05/2017","30.88","30.42","30.91","30.41","5.02M","1.51%"
"05/04/2017","30.42","30.19","30.45","30.19","2.44M","1.71%"
"05/03/2017","29.91","29.91","29.97","29.88","3.84M","-0.20%"
"05/02/2017","29.97","29.82","29.99","29.77","1.90M","0.33%"
"05/01/2017","29.87","29.74","29.91","29.73","2.13M","0.64%"
"04/28/2017","29.68","29.75","29.77","29.67","2.55M","0.03%"
"04/27/2017","29.67","29.73","29.73","29.60","1.95M","-0.20%"
"04/26/2017","29.73","29.71","29.80","29.67","1.79M","-0.57%"
"04/25/2017","29.90","29.74","29.93","29.72","2.62M","0.81%"
"04/24/2017","29.66","29.54","29.69","29.53","4.21M","4.66%"
"04/21/2017","28.34","28.32","28.36","28.25","4.36M","0.00%"
"04/20/2017","28.34","28.37","28.45","28.32","5.96M","0.67%"
"04/19/2017","28.15","28.29","28.30","28.13","1.18M","-0.35%"
"04/18/2017","28.25","28.17","28.28","28.09","2.36M","-0.11%"
"04/17/2017","28.28","28.24","28.33","28.21","3.06M","0.46%"
"04/13/2017","28.15","28.23","28.27","28.12","3.44M","-0.88%"
"04/12/2017","28.40","28.31","28.40","28.23","1.80M","0.21%"
"04/11/2017","28.34","28.39","28.43","28.08","3.23M","0.04%"
"04/10/2017","28.33","28.32","28.43","28.31","2.31M","-0.35%"
"04/07/2017","28.43","28.37","28.48","28.35","3.43M","-0.28%"
"04/06/2017","28.51","28.52","28.59","28.47","2.04M","-0.04%"
"04/05/2017","28.52","28.61","28.71","28.49","11.98M","-0.73%"
"04/04/2017","28.73","28.60","28.74","28.57","4.33M","0.07%"
"04/03/2017","28.71","28.79","28.81","28.48","4.03M","-0.14%"
"03/31/2017","28.75","28.66","28.86","28.64","3.14M","0.42%"
"03/30/2017","28.63","28.70","28.77","28.62","2.45M","-0.52%"
"03/29/2017","28.78","28.75","28.78","28.68","5.02M","-0.10%"
"03/28/2017","28.81","28.70","28.91","28.69","5.68M","0.66%"
"03/27/2017","28.62","28.48","28.63","28.43","6.49M","0.25%"
"03/24/2017","28.55","28.48","28.64","28.46","7.91M","0.63%"
"03/23/2017","28.37","28.15","28.45","28.15","2.07M","0.50%"
"03/22/2017","28.23","28.15","28.27","28.13","1.90M","0.04%"
"03/21/2017","28.22","28.65","28.67","28.18","4.00M","-0.49%"
"03/20/2017","28.36","28.44","28.48","28.30","1.54M","-0.18%"
"03/17/2017","28.41","28.46","28.53","28.41","5.68M","-0.28%"
"03/16/2017","28.49","28.41","28.53","28.33","4.63M","0.78%"
"03/15/2017","28.27","27.90","28.30","27.89","3.80M","1.29%"
"03/14/2017","27.91","27.97","28.00","27.89","4.47M","-0.53%"
"03/13/2017","28.06","28.02","28.10","28.02","4.16M","0.04%"
"03/10/2017","28.05","28.00","28.07","27.89","4.37M","0.94%"
"03/09/2017","27.79","27.79","27.88","27.72","2.73M","0.65%"
"03/08/2017","27.61","27.74","27.79","27.58","1.37M","-0.40%"
"03/07/2017","27.72","27.71","27.80","27.66","3.92M","-0.40%"
"03/06/2017","27.83","27.85","27.85","27.72","1.66M","-0.57%"
"03/03/2017","27.99","27.84","28.01","27.76","2.55M","0.83%"
"03/02/2017","27.76","27.79","27.85","27.75","2.82M","-0.54%"
"03/01/2017","27.91","27.78","27.99","27.76","3.75M","1.42%"
"02/28/2017","27.52","27.53","27.65","27.50","3.47M","-0.18%"
"02/27/2017","27.57","27.48","27.62","27.46","4.03M","0.33%"
"02/24/2017","27.48","27.34","27.50","27.31","3.84M","-1.15%"
"02/23/2017","27.80","27.86","27.88","27.72","4.31M","-0.22%"
"02/22/2017","27.86","27.68","27.89","27.66","4.26M","0.29%"
"02/21/2017","27.78","27.58","27.80","27.58","3.16M","0.87%"
"02/17/2017","27.54","27.48","27.55","27.43","3.20M","-0.36%"
"02/16/2017","27.64","27.54","27.66","27.52","4.88M","0.55%"
"02/15/2017","27.49","27.23","27.51","27.21","2.90M","0.18%"
"02/14/2017","27.44","27.45","27.47","27.32","2.28M","0.04%"
"02/13/2017","27.43","27.54","27.56","27.43","1.60M","0.44%"
"02/10/2017","27.31","27.22","27.35","27.21","1.48M","0.07%"
"02/09/2017","27.29","27.24","27.35","27.22","1.86M","0.40%"
"02/08/2017","27.18","27.07","27.20","27.02","3.88M","0.00%"
"02/07/2017","27.18","27.20","27.23","27.11","5.69M","-0.15%"
"02/06/2017","27.22","27.19","27.27","27.08","3.87M","-1.56%"
"02/03/2017","27.65","27.60","27.67","27.54","1.77M","0.22%"
"02/02/2017","27.59","27.63","27.69","27.53","1.12M","-0.04%"
"02/01/2017","27.60","27.70","27.71","27.52","8.96M","0.33%"
"01/31/2017","27.51","27.67","27.69","27.39","3.97M","-0.18%"
"01/30/2017","27.56","27.43","27.56","27.33","3.28M","-0.79%"
"01/27/2017","27.78","27.80","27.83","27.73","1.04M","0.00%"
"01/26/2017","27.78","27.79","27.83","27.71","1.37M","-0.47%"
"01/25/2017","27.91","27.80","27.94","27.78","3.41M","1.64%"
"01/24/2017","27.46","27.35","27.49","27.35","1.14M","0.40%"
"01/23/2017","27.35","27.30","27.37","27.23","1.86M","0.15%"
"01/20/2017","27.31","27.22","27.32","27.21","1.83M","0.70%"
"01/19/2017","27.12","27.11","27.14","27.03","1.69M","-0.22%"
"01/18/2017","27.18","27.14","27.26","27.11","1.94M","0.00%"
"01/17/2017","27.18","27.16","27.22","27.12","6.28M","0.22%"
"01/13/2017","27.12","27.14","27.17","27.07","1.70M","0.48%"
"01/12/2017","26.99","27.06","27.09","26.94","3.33M","-0.33%"
"01/11/2017","27.08","26.76","27.11","26.76","6.54M","0.97%"
"01/10/2017","26.82","26.88","26.97","26.81","3.50M","-0.04%"
"01/09/2017","26.83","26.71","26.88","26.70","1.20M","-0.11%"
"01/06/2017","26.86","26.81","26.93","26.81","1.28M","-0.33%"
"01/05/2017","26.95","26.79","27.01","26.79","4.65M","1.09%"
"01/04/2017","26.66","26.51","26.68","26.50","2.66M","0.60%"
"01/03/2017","26.50","26.49","26.55","26.41","2.84M","0.08%"
"12/30/2016","26.48","26.58","26.67","26.46","3.08M","0.53%"
"12/29/2016","26.34","26.28","26.40","26.28","1.52M","0.61%"
"12/28/2016","26.18","26.24","26.24","26.11","2.11M","-0.68%"
"12/27/2016","26.36","26.35","26.40","26.34","1.46M","0.19%"
"12/23/2016","26.31","26.24","26.33","26.24","1.28M","0.15%"
"12/22/2016","26.27","26.35","26.41","26.26","1.74M","-0.08%"
"12/21/2016","26.29","26.28","26.34","26.26","2.83M","0.54%"
"12/20/2016","26.15","26.08","26.21","26.08","1.33M","0.35%"
"12/19/2016","26.06","26.14","26.25","26.05","2.28M","-0.27%"
"12/16/2016","26.13","26.08","26.24","26.08","5.40M","0.42%"
"12/15/2016","26.02","25.90","26.04","25.88","4.16M","0.00%"
"12/14/2016","26.02","26.32","26.43","25.95","11.45M","-1.21%"
"12/13/2016","26.34","26.27","26.45","26.27","5.88M","0.88%"
"12/12/2016","26.11","26.07","26.17","26.04","4.17M","0.08%"
"12/09/2016","26.09","26.01","26.12","25.96","6.19M","0.08%"
"12/08/2016","26.07","26.09","26.13","26.00","6.71M","-0.34%"
"12/07/2016","26.16","25.82","26.27","25.82","13.29M","2.35%"
"12/06/2016","25.56","25.32","25.57","25.32","4.38M","0.87%"
"12/05/2016","25.34","25.13","25.40","25.12","3.00M","2.43%"
"12/02/2016","24.74","24.58","24.82","24.55","2.65M","0.24%"
"12/01/2016","24.68","24.70","24.72","24.55","1.84M","-0.60%"
"11/30/2016","24.83","24.92","24.94","24.78","2.76M","-0.36%"
"11/29/2016","24.92","24.67","24.96","24.66","1.49M","0.85%"
"11/28/2016","24.71","24.77","24.80","24.66","2.01M","-1.04%"
"11/25/2016","24.97","24.98","25.00","24.94","1.73M","0.64%"
"11/23/2016","24.81","24.70","24.83","24.64","2.55M","-1.12%"
"11/22/2016","25.09","25.09","25.13","24.97","2.49M","0.28%"
"11/21/2016","25.02","24.98","25.05","24.90","1.45M","0.64%"
"11/18/2016","24.86","24.96","25.00","24.82","2.04M","-0.92%"
"11/17/2016","25.09","25.05","25.14","25.00","5.50M","0.12%"
"11/16/2016","25.06","25.04","25.16","25.00","5.07M","-1.18%"
"11/15/2016","25.36","25.24","25.37","25.21","3.36M","0.48%"
"11/14/2016","25.24","25.24","25.32","25.16","6.91M","-0.98%"
"11/11/2016","25.49","25.56","25.61","25.39","2.45M","-0.31%"
"11/10/2016","25.57","25.62","25.69","25.34","5.58M","-0.31%"
"11/09/2016","25.65","25.34","25.76","25.34","6.32M","0.04%"
"11/08/2016","25.64","25.49","25.70","25.45","3.53M","0.31%"
"11/07/2016","25.56","25.50","25.57","25.43","1.83M","1.47%"
"11/04/2016","25.19","25.21","25.31","25.13","2.22M","-0.71%"
"11/03/2016","25.37","25.44","25.48","25.32","3.39M","-0.55%"
"11/02/2016","25.51","25.61","25.66","25.43","4.99M","-0.78%"
"11/01/2016","25.71","25.97","25.97","25.60","3.84M","-0.77%"
"10/31/2016","25.91","25.83","25.93","25.75","2.23M","0.19%"
"10/28/2016","25.86","25.78","25.93","25.75","2.55M","0.23%"
"10/27/2016","25.80","25.89","25.91","25.78","3.08M","0.00%"
"10/26/2016","25.80","25.76","25.87","25.73","4.02M","-0.50%"
"10/25/2016","25.93","25.90","25.96","25.82","1.78M","0.04%"
"10/24/2016","25.92","26.03","26.06","25.89","1.59M","0.31%"
"10/21/2016","25.84","25.72","25.84","25.71","1.60M","-0.39%"
"10/20/2016","25.94","25.84","26.04","25.82","3.63M","0.00%"
"10/19/2016","25.94","25.90","25.97","25.87","1.30M","0.19%"
"10/18/2016","25.89","25.98","26.00","25.84","4.60M","0.86%"
"10/17/2016","25.67","25.71","25.75","25.59","1.79M","-0.39%"
"10/14/2016","25.77","25.85","25.95","25.76","1.76M","0.51%"
"10/13/2016","25.64","25.43","25.69","25.36","5.23M","-0.54%"
"10/12/2016","25.78","25.77","25.86","25.68","7.41M","-0.73%"
"10/11/2016","25.97","26.23","26.25","25.88","4.22M","-1.07%"
"10/10/2016","26.25","26.23","26.36","26.23","1.34M","0.65%"
"10/07/2016","26.08","26.19","26.19","25.88","2.39M","-0.72%"
"10/06/2016","26.27","26.27","26.33","26.23","2.66M","-0.45%"
"10/05/2016","26.39","26.39","26.43","26.31","2.48M","0.42%"
"10/04/2016","26.28","26.27","26.43","26.18","5.51M","0.46%"
"10/03/2016","26.16","26.14","26.16","25.98","3.74M","-0.42%"
"09/30/2016","26.27","25.91","26.36","25.89","3.93M","2.26%"
"09/29/2016","25.69","26.14","26.21","25.57","4.20M","-1.98%"
"09/28/2016","26.21","26.15","26.26","25.94","2.11M","1.00%"
"09/27/2016","25.95","25.62","25.97","25.61","5.24M","-0.23%"
"09/26/2016","26.01","26.09","26.11","25.98","3.12M","-1.63%"
"09/23/2016","26.44","26.43","26.52","26.43","1.45M","-0.38%"
"09/22/2016","26.54","26.64","26.75","26.52","3.80M","1.53%"
"09/21/2016","26.14","25.89","26.16","25.80","3.30M","1.36%"
"09/20/2016","25.79","25.93","25.97","25.77","1.85M","0.43%"
"09/19/2016","25.68","25.71","25.80","25.63","1.73M","0.63%"
"09/16/2016","25.52","25.58","25.58","25.45","3.62M","-2.22%"
"09/15/2016","26.10","25.87","26.14","25.78","2.76M","0.81%"
"09/14/2016","25.89","25.90","26.04","25.84","2.23M","-0.04%"
"09/13/2016","25.90","26.02","26.10","25.79","3.26M","-1.33%"
"09/12/2016","26.25","25.81","26.27","25.80","2.31M","0.69%"
"09/09/2016","26.07","26.41","26.41","26.05","3.01M","-2.18%"
"09/08/2016","26.65","26.66","26.75","26.58","6.10M","-0.52%"
"09/07/2016","26.79","26.79","26.88","26.71","1.49M","0.37%"
"09/06/2016","26.69","26.59","26.75","26.55","2.26M","0.57%"
"09/02/2016","26.54","26.48","26.59","26.35","2.66M","0.91%"
"09/01/2016","26.30","26.25","26.32","26.09","6.90M","0.34%"
"08/31/2016","26.21","26.27","26.34","26.14","1.46M","-0.46%"
"08/30/2016","26.33","26.39","26.45","26.29","2.77M","0.23%"
"08/29/2016","26.27","26.09","26.29","26.09","4.87M","0.46%"
"08/26/2016","26.15","26.39","26.69","26.04","4.92M","-0.68%"
"08/25/2016","26.33","26.34","26.41","26.29","1.49M","-0.57%"
"08/24/2016","26.48","26.55","26.60","26.45","1.43M","-0.34%"
"08/23/2016","26.57","26.64","26.72","26.55","1.84M","0.53%"
"08/22/2016","26.43","26.30","26.46","26.25","1.94M","-0.49%"
"08/19/2016","26.56","26.45","26.57","26.36","2.36M","-0.67%"
"08/18/2016","26.74","26.56","26.74","26.54","1.73M","0.75%"
"08/17/2016","26.54","26.42","26.61","26.30","5.11M","-0.45%"
"08/16/2016","26.66","26.66","26.78","26.62","6.13M","0.11%"
"08/15/2016","26.63","26.64","26.71","26.61","2.59M","0.49%"
"08/12/2016","26.50","26.59","26.63","26.49","3.23M","-0.11%"
"08/11/2016","26.53","26.53","26.64","26.48","3.31M","0.57%"
"08/10/2016","26.38","26.41","26.45","26.37","1.87M","0.42%"
"08/09/2016","26.27","25.91","26.36","25.91","3.90M","2.46%"
"08/08/2016","25.64","25.65","25.68","25.60","2.91M","0.51%"
"08/05/2016","25.51","25.35","25.54","25.32","2.38M","0.83%"
"08/04/2016","25.30","25.27","25.33","25.20","1.78M","0.04%"
"08/03/2016","25.29","25.17","25.29","25.16","1.74M","-0.08%"
"08/02/2016","25.31","25.41","25.41","25.24","7.95M","-0.94%"
"08/01/2016","25.55","25.56","25.70","25.49","2.56M","-0.39%"
"07/29/2016","25.65","25.53","25.68","25.51","2.46M","0.90%"
"07/28/2016","25.42","25.40","25.45","25.29","4.90M","0.47%"
"07/27/2016","25.30","25.24","25.36","25.07","4.27M","0.92%"
"07/26/2016","25.07","25.00","25.11","24.94","5.82M","0.72%"
"07/25/2016","24.89","24.93","24.98","24.80","2.62M","0.44%"
"07/22/2016","24.78","24.84","24.86","24.71","3.30M","-0.04%"
"07/21/2016","24.79","24.80","24.89","24.75","6.10M","0.08%"
"07/20/2016","24.77","24.74","24.83","24.68","2.08M","1.27%"
"07/19/2016","24.46","24.45","24.50","24.37","3.28M","-1.13%"
"07/18/2016","24.74","24.65","24.86","24.58","2.99M","0.04%"
"07/15/2016","24.73","24.74","24.76","24.65","9.82M","-0.40%"
"07/14/2016","24.83","24.82","24.94","24.79","8.59M","1.55%"
"07/13/2016","24.45","24.54","24.61","24.42","3.65M","0.16%"
"07/12/2016","24.41","24.54","24.59","24.40","8.83M","1.58%"
"07/11/2016","24.03","24.06","24.18","24.01","6.88M","1.61%"
"07/08/2016","23.65","23.61","23.70","23.55","9.39M","2.25%"
"07/07/2016","23.13","23.28","23.37","23.02","13.26M","-0.73%"
"07/06/2016","23.30","23.08","23.32","22.89","9.28M","-0.30%"
"07/05/2016","23.37","23.68","23.72","23.31","17.00M","-3.11%"
"07/01/2016","24.12","24.20","24.28","24.12","22.60M","0.29%"
"06/30/2016","24.05","23.73","24.08","23.64","14.30M","1.43%"
"06/29/2016","23.71","23.70","23.75","23.57","11.63M","1.37%"
"06/28/2016","23.39","23.39","23.46","23.14","16.49M","2.05%"
"06/27/2016","22.92","23.01","23.02","22.51","11.80M","-2.43%"
"06/24/2016","23.49","23.54","24.03","23.42","46.60M","-9.79%"
"06/23/2016","26.04","25.77","26.11","25.58","11.62M","3.25%"
"06/22/2016","25.22","25.37","25.42","25.16","10.22M","-2.02%"
"06/21/2016","25.74","25.70","25.92","25.54","6.42M","0.82%"
"06/20/2016","25.53","25.71","25.76","25.53","12.80M","2.41%"
"06/17/2016","24.93","24.75","24.97","24.60","9.30M","0.97%"
"06/16/2016","24.69","24.12","24.72","23.92","5.50M","0.61%"
"06/15/2016","24.54","24.58","24.78","24.51","5.26M","0.33%"
"06/14/2016","24.46","24.50","24.58","24.27","9.32M","-1.17%"
"06/13/2016","24.75","24.80","25.04","24.68","4.95M","-1.59%"
"06/10/2016","25.15","25.33","25.38","25.05","6.55M","-3.31%"
"06/09/2016","26.01","25.98","26.07","25.92","3.75M","-1.81%"
"06/08/2016","26.49","26.50","26.54","26.41","1.39M","0.08%"
"06/07/2016","26.47","26.52","26.58","26.46","5.07M","1.19%"
"06/06/2016","26.16","26.12","26.23","26.08","3.33M","0.15%"
"06/03/2016","26.12","26.06","26.14","25.89","3.04M","0.46%"
"06/02/2016","26.00","25.87","26.00","25.80","4.43M","0.15%"
"06/01/2016","25.96","25.82","25.99","25.79","4.08M","0.12%"
"05/31/2016","25.93","26.13","26.21","25.86","4.63M","-0.27%"
"05/27/2016","26.00","26.04","26.09","25.93","1.68M","-0.31%"
"05/26/2016","26.08","26.15","26.18","26.02","2.46M","0.89%"
"05/25/2016","25.85","25.80","25.92","25.80","3.97M","0.98%"
"05/24/2016","25.60","25.37","25.66","25.37","7.28M","1.67%"
"05/23/2016","25.18","25.12","25.22","25.10","6.60M","-0.51%"
"05/20/2016","25.31","25.29","25.37","25.24","6.01M","0.84%"
"05/19/2016","25.10","25.05","25.13","24.97","4.76M","-0.95%"
"05/18/2016","25.34","25.27","25.59","25.21","6.61M","-0.04%"
"05/17/2016","25.35","25.53","25.62","25.30","4.40M","-1.09%"
"05/16/2016","25.63","25.49","25.66","25.40","4.05M","0.71%"
"05/13/2016","25.45","25.53","25.68","25.38","5.23M","-0.62%"
"05/12/2016","25.61","25.93","25.96","25.50","9.94M","-0.97%"
"05/11/2016","25.86","25.89","26.05","25.82","8.03M","-0.88%"
"05/10/2016","26.09","25.96","26.11","25.92","5.46M","1.05%"
"05/09/2016","25.82","25.93","26.00","25.80","3.77M","0.35%"
"05/06/2016","25.73","25.52","25.74","25.52","8.51M","0.70%"
"05/05/2016","25.55","25.55","25.60","25.47","6.39M","-0.62%"
"05/04/2016","25.71","25.78","25.89","25.65","9.27M","-1.27%"
"05/03/2016","26.04","26.19","26.21","26.00","6.23M","-1.85%"
"05/02/2016","26.53","26.47","26.56","26.39","2.57M","1.14%"
"04/29/2016","26.23","26.31","26.37","26.14","7.65M","-0.57%"
"04/28/2016","26.38","26.31","26.57","26.29","6.92M","-0.72%"
"04/27/2016","26.57","26.45","26.62","26.41","7.74M","0.57%"
"04/26/2016","26.42","26.45","26.49","26.30","2.68M","0.08%"
"04/25/2016","26.40","26.33","26.41","26.25","6.17M","-0.49%"
"04/22/2016","26.53","26.52","26.61","26.42","4.36M","-0.52%"
"04/21/2016","26.67","26.80","26.82","26.60","4.06M","-0.41%"
"04/20/2016","26.78","26.78","26.89","26.68","3.40M","0.07%"
"04/19/2016","26.76","26.66","26.80","26.64","3.69M","2.57%"
"04/18/2016","26.09","25.79","26.14","25.78","4.15M","1.12%"
"04/15/2016","25.80","25.87","25.90","25.76","3.39M","-0.12%"
"04/14/2016","25.83","25.90","25.91","25.82","3.24M","0.35%"
"04/13/2016","25.74","25.69","25.82","25.64","2.72M","1.22%"
"04/12/2016","25.43","25.22","25.47","25.05","3.52M","1.27%"
"04/11/2016","25.11","25.28","25.41","25.11","2.92M","0.36%"
"04/08/2016","25.02","25.10","25.14","24.94","10.83M","1.71%"
"04/07/2016","24.60","24.85","24.89","24.53","9.83M","-2.19%"
"04/06/2016","25.15","24.76","25.16","24.76","2.71M","1.41%"
"04/05/2016","24.80","24.89","24.94","24.78","3.27M","-2.36%"
"04/04/2016","25.40","25.55","25.61","25.38","4.83M","-0.47%"
"04/01/2016","25.52","25.21","25.55","25.17","5.74M","-0.82%"
"03/31/2016","25.73","25.89","25.98","25.73","4.35M","-0.77%"
"03/30/2016","25.93","25.96","26.11","25.88","4.46M","1.33%"
"03/29/2016","25.59","25.09","25.59","25.07","3.38M","1.39%"
"03/28/2016","25.24","25.31","25.32","25.18","1.91M","0.28%"
"03/24/2016","25.17","25.09","25.22","25.05","2.31M","-1.02%"
"03/23/2016","25.43","25.65","25.65","25.39","3.43M","-0.35%"
"03/22/2016","25.52","25.29","25.57","25.27","3.60M","0.00%"
"03/21/2016","25.52","25.48","25.60","25.42","6.03M","-0.12%"
"03/18/2016","25.55","25.49","25.61","25.45","8.10M","0.16%"
"03/17/2016","25.51","25.37","25.54","25.27","4.88M","-0.04%"
"03/16/2016","25.52","25.08","25.57","25.07","4.88M","1.55%"
"03/15/2016","25.13","25.08","25.15","25.01","2.91M","-0.44%"
"03/14/2016","25.24","25.21","25.31","25.14","3.92M","0.52%"
"03/11/2016","25.11","24.84","25.13","24.81","9.92M","3.55%"
"03/10/2016","24.25","24.63","24.87","24.02","24.50M","-0.37%"
"03/09/2016","24.34","24.41","24.44","24.28","4.83M","0.41%"
"03/08/2016","24.24","24.49","24.50","24.24","4.24M","-1.02%"
"03/07/2016","24.49","24.26","24.59","24.23","8.48M","-0.29%"
"03/04/2016","24.56","24.57","24.70","24.52","6.23M","0.41%"
"03/03/2016","24.46","24.25","24.47","24.20","3.13M","0.99%"
"03/02/2016","24.22","24.05","24.23","23.98","4.34M","-0.08%"
"03/01/2016","24.24","23.91","24.25","23.86","5.03M","3.77%"
"02/29/2016","23.36","23.48","23.58","23.34","4.08M","-1.23%"
"02/26/2016","23.65","23.82","23.85","23.61","4.03M","-0.04%"
"02/25/2016","23.66","23.53","23.66","23.40","3.98M","1.11%"
"02/24/2016","23.40","23.10","23.42","22.99","7.37M","-1.27%"
"02/23/2016","23.70","23.95","23.98","23.66","3.93M","-1.82%"
"02/22/2016","24.14","24.03","24.17","24.03","2.84M","1.05%"
"02/19/2016","23.89","23.76","23.93","23.68","5.01M","-0.33%"
"02/18/2016","23.97","24.12","24.12","23.91","9.39M","0.13%"
"02/17/2016","23.94","23.70","24.00","23.70","7.23M","2.13%"
"02/16/2016","23.44","23.38","23.44","23.14","3.52M","1.38%"
"02/12/2016","23.12","22.93","23.13","22.79","11.67M","1.09%"
"02/11/2016","22.87","22.93","22.96","22.69","16.21M","-0.74%"
"02/10/2016","23.04","23.24","23.32","23.01","9.71M","0.30%"
"02/09/2016","22.97","22.67","23.10","22.67","12.01M","-0.17%"
"02/08/2016","23.01","22.97","23.09","22.82","11.59M","-2.50%"
"02/05/2016","23.60","23.97","24.02","23.52","5.30M","-1.91%"
"02/04/2016","24.06","23.87","24.18","23.79","12.48M","-0.37%"
"02/03/2016","24.15","23.98","24.16","23.62","9.06M","1.90%"
"02/02/2016","23.70","24.00","24.02","23.65","8.10M","-2.51%"
"02/01/2016","24.31","24.10","24.36","24.02","4.26M","-0.08%"
"01/29/2016","24.33","24.06","24.34","24.02","6.94M","0.70%"
"01/28/2016","24.16","24.34","24.38","23.95","5.46M","-0.41%"
"01/27/2016","24.26","24.34","24.61","24.18","13.10M","-0.70%"
"01/26/2016","24.43","24.12","24.44","24.11","4.87M","1.92%"
"01/25/2016","23.97","24.07","24.18","23.94","5.69M","-0.87%"
"01/22/2016","24.18","24.13","24.25","24.04","14.45M","1.90%"
"01/21/2016","23.73","23.49","23.85","23.28","8.38M","1.02%"
"01/20/2016","23.49","23.54","23.59","23.06","7.75M","-1.80%"
"01/19/2016","23.92","24.00","24.10","23.74","7.83M","1.23%"
"01/15/2016","23.63","23.67","23.90","23.52","11.23M","-3.67%"
"01/14/2016","24.53","24.30","24.63","24.12","11.88M","1.15%"
"01/13/2016","24.25","24.85","24.90","24.17","6.58M","-2.49%"
"01/12/2016","24.87","24.89","24.94","24.62","9.03M","1.59%"
"01/11/2016","24.48","24.68","24.69","24.29","7.91M","0.78%"
"01/08/2016","24.29","24.84","24.87","24.24","6.37M","-0.98%"
"01/07/2016","24.53","24.53","24.80","24.47","13.04M","-2.00%"
"01/06/2016","25.03","24.79","25.09","24.74","7.37M","-1.15%"
"01/05/2016","25.32","25.31","25.37","25.09","8.07M","-0.94%"
"01/04/2016","25.56","25.60","25.62","25.23","5.94M","-2.41%"
"12/31/2015","26.19","26.43","26.48","26.17","6.73M","-1.62%"
"12/30/2015","26.62","26.76","26.78","26.60","2.44M","-1.55%"
"12/29/2015","27.04","26.90","27.07","26.87","2.01M","1.16%"
"12/28/2015","26.73","26.71","26.77","26.58","1.86M","-0.22%"
"12/24/2015","26.79","26.78","26.86","26.77","890.46K","0.00%"
"12/23/2015","26.79","26.51","26.79","26.51","2.39M","1.55%"
"12/22/2015","26.38","26.29","26.41","26.15","5.85M","0.42%"
"12/21/2015","26.27","26.55","26.58","26.12","3.63M","0.69%"
"12/18/2015","26.09","26.21","26.28","26.07","7.44M","-1.17%"
"12/17/2015","26.40","26.68","26.70","26.38","6.21M","-0.30%"
"12/16/2015","26.48","26.28","26.57","26.09","8.98M","1.69%"
"12/15/2015","26.04","26.08","26.17","25.94","7.23M","1.13%"
"12/14/2015","25.75","25.85","25.92","25.51","8.44M","-0.12%"
"12/11/2015","25.78","25.97","26.03","25.76","6.00M","-2.39%"
"12/10/2015","26.41","26.47","26.59","26.37","2.57M","0.04%"
"12/09/2015","26.40","26.51","26.73","26.22","6.57M","-0.45%"
"12/08/2015","26.52","26.50","26.61","26.37","3.17M","-1.74%"
"12/07/2015","26.99","26.97","27.02","26.83","4.89M","0.22%"
"12/04/2015","26.93","26.58","26.96","26.57","6.13M","0.97%"
"12/03/2015","26.67","26.92","26.95","26.53","20.36M","-0.60%"
"12/02/2015","26.83","26.99","27.05","26.77","9.06M","-1.61%"
"12/01/2015","27.27","27.36","27.37","27.12","9.71M","0.07%"
"11/30/2015","27.25","27.33","27.38","27.24","4.83M","0.29%"
"11/27/2015","27.17","27.12","27.21","27.11","1.96M","1.04%"
"11/25/2015","26.89","26.78","26.99","26.75","2.56M","1.32%"
"11/24/2015","26.54","26.40","26.58","26.33","2.71M","-0.67%"
"11/23/2015","26.72","26.80","26.86","26.62","2.90M","-0.52%"
"11/20/2015","26.86","27.07","27.11","26.84","6.50M","-0.44%"
"11/19/2015","26.98","26.97","27.12","26.93","4.69M","1.05%"
"11/18/2015","26.70","26.56","26.74","26.47","4.22M","1.21%"
"11/17/2015","26.38","26.45","26.56","26.32","8.32M","0.46%"
"11/16/2015","26.26","26.08","26.27","26.02","3.60M","0.81%"
"11/13/2015","26.05","26.12","26.16","25.92","3.43M","-0.99%"
"11/12/2015","26.31","26.31","26.52","26.25","5.28M","-0.68%"
"11/11/2015","26.49","26.62","26.65","26.43","3.52M","0.30%"
"11/10/2015","26.41","26.29","26.45","26.23","3.56M","-0.26%"
"11/09/2015","26.48","26.72","26.73","26.37","3.83M","-1.63%"
"11/06/2015","26.92","26.87","26.95","26.70","2.60M","0.04%"
"11/05/2015","26.91","27.01","27.05","26.79","2.77M","0.22%"
"11/04/2015","26.85","27.06","27.07","26.72","3.72M","-1.76%"
"11/03/2015","27.33","27.25","27.40","27.16","2.56M","-0.69%"
"11/02/2015","27.52","27.53","27.59","27.47","2.56M","1.51%"
"10/30/2015","27.11","27.11","27.30","27.08","3.89M","0.22%"
"10/29/2015","27.05","26.94","27.07","26.88","2.54M","-0.29%"
"10/28/2015","27.13","27.15","27.42","26.85","8.47M","0.74%"
"10/27/2015","26.93","27.02","27.07","26.86","1.81M","-0.99%"
"10/26/2015","27.20","27.24","27.27","27.11","1.08M","0.00%"
"10/23/2015","27.20","27.15","27.25","27.04","4.36M","1.68%"
"10/22/2015","26.75","26.52","26.86","26.51","6.19M","1.60%"
"10/21/2015","26.33","26.53","26.59","26.33","1.68M","0.27%"
"10/20/2015","26.26","26.26","26.33","26.23","1.37M","-0.04%"
"10/19/2015","26.27","26.28","26.30","26.19","2.98M","0.11%"
"10/16/2015","26.24","26.17","26.28","26.12","1.11M","-0.46%"
"10/15/2015","26.36","26.16","26.38","26.12","1.54M","1.19%"
"10/14/2015","26.05","26.08","26.18","25.93","1.55M","0.19%"
"10/13/2015","26.00","25.89","26.18","25.88","5.38M","-0.91%"
"10/12/2015","26.24","26.22","26.33","26.19","1.65M","-0.08%"
"10/09/2015","26.26","26.23","26.28","26.12","5.41M","0.84%"
"10/08/2015","26.04","25.71","26.06","25.69","4.24M","0.89%"
"10/07/2015","25.81","25.81","25.92","25.62","2.30M","1.22%"
"10/06/2015","25.50","25.39","25.60","25.37","2.58M","0.83%"
"10/05/2015","25.29","25.23","25.33","25.14","1.91M","1.73%"
"10/02/2015","24.86","24.46","24.86","24.32","3.20M","1.35%"
"10/01/2015","24.53","24.62","24.67","24.27","15.41M","-0.85%"
"09/30/2015","24.74","24.86","24.91","24.54","8.08M","1.31%"
"09/29/2015","24.42","24.29","24.46","24.17","4.66M","0.37%"
"09/28/2015","24.33","24.48","24.48","24.30","5.29M","-1.50%"
"09/25/2015","24.70","24.81","24.93","24.60","6.94M","0.57%"
"09/24/2015","24.56","24.35","24.62","24.22","14.33M","-0.20%"
"09/23/2015","24.61","24.74","24.82","24.50","12.73M","0.04%"
"09/22/2015","24.60","24.70","24.77","24.42","5.74M","-3.79%"
"09/21/2015","25.57","25.63","25.70","25.44","2.99M","-0.74%"
"09/18/2015","25.76","25.94","26.06","25.73","5.45M","-3.66%"
"09/17/2015","26.74","26.57","26.93","26.49","10.54M","0.64%"
"09/16/2015","26.57","26.44","26.57","26.33","2.06M","0.38%"
"09/15/2015","26.47","26.33","26.49","26.27","3.52M","0.46%"
"09/14/2015","26.35","26.31","26.41","26.20","2.59M","-0.49%"
"09/11/2015","26.48","26.23","26.49","26.21","3.82M","0.00%"
"09/10/2015","26.48","26.22","26.57","26.17","3.64M","1.38%"
"09/09/2015","26.12","26.67","26.68","26.09","3.05M","-1.43%"
"09/08/2015","26.50","26.42","26.53","26.26","5.01M","3.60%"
"09/04/2015","25.58","25.59","25.69","25.46","4.70M","-2.10%"
"09/03/2015","26.13","26.22","26.42","26.07","5.57M","0.31%"
"09/02/2015","26.05","26.03","26.06","25.81","4.54M","1.36%"
"09/01/2015","25.70","25.84","25.88","25.62","4.77M","-2.43%"
"08/31/2015","26.34","26.29","26.45","26.17","8.33M","-0.08%"
"08/28/2015","26.36","26.39","26.45","26.24","3.51M","-1.05%"
"08/27/2015","26.64","26.54","26.70","26.39","9.83M","0.60%"
"08/26/2015","26.48","26.41","26.48","25.88","11.42M","2.60%"
"08/25/2015","25.81","26.59","26.60","25.73","11.95M","0.70%"
"08/24/2015","25.63","25.56","26.28","25.03","20.64M","-1.46%"
"08/21/2015","26.01","26.54","26.77","25.95","14.37M","-1.70%"
"08/20/2015","26.46","27.04","27.05","26.43","9.61M","-2.76%"
"08/19/2015","27.21","27.15","27.35","27.02","12.36M","-1.05%"
"08/18/2015","27.50","27.61","27.64","27.44","4.35M","-1.11%"
"08/17/2015","27.81","27.60","27.82","27.54","14.33M","-0.93%"
"08/14/2015","28.07","27.98","28.12","27.89","8.62M","0.21%"
"08/13/2015","28.01","28.01","28.11","27.95","6.82M","-0.60%"
"08/12/2015","28.18","28.05","28.18","27.79","10.96M","-1.05%"
"08/11/2015","28.48","28.62","28.65","28.34","3.93M","-2.26%"
"08/10/2015","29.14","28.81","29.16","28.81","1.80M","1.32%"
"08/07/2015","28.76","28.62","28.79","28.58","3.12M","-0.31%"
"08/06/2015","28.85","28.93","28.96","28.75","2.01M","0.03%"
"08/05/2015","28.84","28.82","28.92","28.76","4.14M","1.12%"
"08/04/2015","28.52","28.61","28.70","28.47","1.79M","-0.04%"
"08/03/2015","28.53","28.62","28.66","28.42","3.68M","0.71%"
"07/31/2015","28.33","28.38","28.52","28.26","7.15M","0.96%"
"07/30/2015","28.06","27.98","28.09","27.76","2.61M","-0.57%"
"07/29/2015","28.22","28.20","28.40","28.15","4.82M","-0.07%"
"07/28/2015","28.24","28.13","28.29","27.95","2.55M","1.11%"
"07/27/2015","27.93","28.12","28.15","27.87","5.67M","-1.13%"
"07/24/2015","28.25","28.60","28.63","28.22","8.47M","-1.43%"
"07/23/2015","28.66","28.76","28.87","28.64","5.58M","-0.10%"
"07/22/2015","28.69","28.57","28.70","28.53","2.09M","-0.69%"
"07/21/2015","28.89","28.89","28.95","28.82","7.41M","-0.38%"
"07/20/2015","29.00","29.05","29.08","28.95","7.98M","0.49%"
"07/17/2015","28.86","28.93","28.93","28.79","7.18M","-0.48%"
"07/16/2015","29.00","29.08","29.18","28.98","3.85M","0.80%"
"07/15/2015","28.77","28.81","28.86","28.62","5.30M","-0.38%"
"07/14/2015","28.88","28.76","28.93","28.72","11.10M","0.31%"
"07/13/2015","28.79","28.80","28.87","28.70","8.78M","-0.35%"
"07/10/2015","28.89","28.77","28.91","28.63","6.89M","4.90%"
"07/09/2015","27.54","27.62","27.76","27.50","5.06M","1.96%"
"07/08/2015","27.01","27.11","27.22","26.93","6.00M","-1.53%"
"07/07/2015","27.43","26.99","27.46","26.62","16.28M","0.33%"
"07/06/2015","27.34","27.32","27.68","27.19","9.11M","-2.46%"
"07/02/2015","28.03","28.17","28.17","27.93","5.94M","-0.32%"
"07/01/2015","28.12","28.33","28.41","27.98","4.00M","0.86%"
"06/30/2015","27.88","28.35","28.36","27.73","21.53M","-0.82%"
"06/29/2015","28.11","28.43","28.58","28.03","11.70M","-4.03%"
"06/26/2015","29.29","29.27","29.39","29.07","4.97M","0.41%"
"06/25/2015","29.17","29.23","29.25","28.96","5.44M","-1.32%"
"06/24/2015","29.56","29.65","29.77","29.53","14.11M","-1.14%"
"06/23/2015","29.90","29.90","30.03","29.83","9.75M","-0.23%"
"06/22/2015","29.97","29.87","30.22","29.83","11.57M","3.42%"
"06/19/2015","28.98","29.06","29.12","28.88","3.92M","-0.99%"
"06/18/2015","29.27","28.84","29.76","28.83","9.98M","2.02%"
"06/17/2015","28.69","28.76","28.84","28.36","5.32M","-0.38%"
"06/16/2015","28.80","28.60","28.84","28.51","2.66M","0.00%"
"06/15/2015","28.80","28.54","28.83","28.51","3.15M","-1.37%"
"06/12/2015","29.20","29.03","29.32","28.83","4.34M","-1.18%"
"06/11/2015","29.55","29.69","29.80","29.36","18.24M","-0.03%"
"06/10/2015","29.56","29.22","29.63","29.15","4.82M","3.21%"
"06/09/2015","28.64","28.59","28.79","28.40","3.99M","-0.52%"
"06/08/2015","28.79","28.77","28.91","28.67","5.88M","-0.10%"
"06/05/2015","28.82","28.81","29.07","28.65","5.06M","-1.84%"
"06/04/2015","29.36","29.52","29.94","29.26","6.53M","-1.28%"
"06/03/2015","29.74","29.63","29.94","29.61","4.33M","1.57%"
"06/02/2015","29.28","29.22","29.48","29.10","4.12M","0.90%"
"06/01/2015","29.02","29.12","29.15","28.79","3.57M","-0.31%"
"05/29/2015","29.11","29.41","29.42","29.00","5.04M","-1.79%"
"05/28/2015","29.64","29.59","29.66","29.32","2.88M","-0.30%"
"05/27/2015","29.73","29.26","29.77","29.21","5.39M","1.29%"
"05/26/2015","29.35","29.64","29.65","29.25","5.56M","-2.75%"
"05/22/2015","30.18","30.27","30.28","30.14","5.49M","-1.31%"
"05/21/2015","30.58","30.45","30.65","30.43","3.20M","0.26%"
"05/20/2015","30.50","30.45","30.62","30.36","4.17M","-0.13%"
"05/19/2015","30.54","30.43","30.67","30.39","3.21M","0.26%"
"05/18/2015","30.46","30.39","30.54","30.29","1.67M","0.00%"
"05/15/2015","30.46","30.32","30.48","30.18","2.03M","-0.26%"
"05/14/2015","30.54","30.32","30.56","30.23","5.23M","2.59%"
"05/13/2015","29.77","30.02","30.16","29.73","4.25M","-0.23%"
"05/12/2015","29.84","29.91","30.00","29.72","2.66M","-0.57%"
"05/11/2015","30.01","30.07","30.18","29.96","4.43M","-1.22%"
"05/08/2015","30.38","30.11","30.50","30.09","4.43M","2.22%"
"05/07/2015","29.72","29.71","29.85","29.60","3.48M","-0.17%"
"05/06/2015","29.77","29.76","29.95","29.55","11.25M","1.22%"
"05/05/2015","29.41","29.76","29.78","29.34","3.79M","-1.90%"
"05/04/2015","29.98","30.02","30.13","29.96","5.64M","-0.07%"
"05/01/2015","30.00","29.83","30.02","29.71","3.03M","1.28%"
"04/30/2015","29.62","29.77","29.89","29.57","10.08M","-0.03%"
"04/29/2015","29.63","29.86","29.91","29.48","8.52M","-1.63%"
"04/28/2015","30.12","30.12","30.19","29.92","4.03M","-0.56%"
"04/27/2015","30.29","30.26","30.48","30.23","4.03M","1.68%"
"04/24/2015","29.79","29.70","29.91","29.48","3.19M","0.54%"
"04/23/2015","29.63","29.40","29.73","29.29","9.73M","-0.34%"
"04/22/2015","29.73","29.75","29.77","29.46","2.62M","-0.54%"
"04/21/2015","29.89","29.91","29.96","29.78","4.16M","0.88%"
"04/20/2015","29.63","29.66","29.79","29.58","3.27M","0.82%"
"04/17/2015","29.39","29.53","29.57","29.24","7.14M","-2.13%"
"04/16/2015","30.03","30.12","30.15","29.87","5.81M","-1.09%"
"04/15/2015","30.36","30.42","30.50","30.11","3.60M","-0.03%"
"04/14/2015","30.37","30.39","30.44","30.29","2.68M","0.46%"
"04/13/2015","30.23","30.43","30.48","30.14","4.51M","-1.05%"
"04/10/2015","30.55","30.50","30.56","30.44","2.72M","0.99%"
"04/09/2015","30.25","30.26","30.32","30.11","2.60M","-0.07%"
"04/08/2015","30.27","30.49","30.52","30.14","3.37M","-0.36%"
"04/07/2015","30.38","30.54","30.68","30.37","4.39M","-0.78%"
"04/06/2015","30.62","30.54","30.84","30.39","4.04M","0.96%"
"04/02/2015","30.33","30.25","30.39","30.18","5.66M","0.76%"
"04/01/2015","30.10","30.21","30.25","29.94","4.45M","0.87%"
"03/31/2015","29.84","29.88","30.06","29.78","9.53M","-1.71%"
"03/30/2015","30.36","30.34","30.47","30.31","2.86M","0.86%"
"03/27/2015","30.10","30.02","30.20","29.87","2.96M","0.30%"
"03/26/2015","30.01","29.90","30.09","29.62","4.15M","-0.66%"
"03/25/2015","30.21","30.57","30.59","30.20","5.32M","-0.56%"
"03/24/2015","30.38","30.36","30.54","30.26","4.22M","0.56%"
"03/23/2015","30.21","30.24","30.33","30.08","4.28M","-0.17%"
"03/20/2015","30.26","30.26","30.48","30.12","6.94M","2.68%"
"03/19/2015","29.47","29.44","29.58","29.27","8.53M","-1.60%"
"03/18/2015","29.95","29.40","30.06","29.38","8.85M","1.18%"
"03/17/2015","29.60","29.66","29.69","29.45","4.29M","-1.10%"
"03/16/2015","29.93","29.74","30.06","29.68","6.38M","2.54%"
"03/13/2015","29.19","28.98","29.24","28.81","5.35M","-0.27%"
"03/12/2015","29.27","29.09","29.28","29.05","6.01M","0.90%"
"03/11/2015","29.01","28.80","29.11","28.76","7.79M","1.22%"
"03/10/2015","28.66","28.73","28.89","28.62","6.87M","-2.18%"
"03/09/2015","29.30","29.21","29.35","29.14","17.52M","0.90%"
"03/06/2015","29.04","29.21","29.34","29.02","5.95M","-1.59%"
"03/05/2015","29.51","29.51","29.62","29.42","8.11M","0.31%"
"03/04/2015","29.42","29.30","29.45","29.09","5.13M","-0.24%"
"03/03/2015","29.49","29.69","29.73","29.38","3.68M","-1.11%"
"03/02/2015","29.82","29.80","29.84","29.68","4.46M","0.40%"
"02/27/2015","29.70","29.57","29.81","29.49","3.89M","0.41%"
"02/26/2015","29.58","29.54","29.65","29.48","3.73M","-0.30%"
"02/25/2015","29.67","29.62","29.70","29.55","6.37M","0.03%"
"02/24/2015","29.66","29.39","29.71","29.29","3.24M","0.82%"
"02/23/2015","29.42","29.39","29.48","29.31","2.20M","-0.27%"
"02/20/2015","29.50","28.91","29.66","28.86","7.02M","1.37%"
"02/19/2015","29.10","29.09","29.23","29.01","13.77M","-0.10%"
"02/18/2015","29.13","29.04","29.22","28.94","4.59M","0.28%"
"02/17/2015","29.05","28.98","29.12","28.78","4.11M","-0.48%"
"02/13/2015","29.19","29.18","29.23","29.08","5.91M","-0.03%"
"02/12/2015","29.20","28.92","29.21","28.91","3.58M","3.00%"
"02/11/2015","28.35","28.37","28.44","28.16","5.29M","-0.35%"
"02/10/2015","28.45","28.33","28.53","28.18","4.39M","1.21%"
"02/09/2015","28.11","28.00","28.20","27.98","4.20M","-1.16%"
"02/06/2015","28.44","28.63","28.73","28.37","5.28M","-2.54%"
"02/05/2015","29.18","28.92","29.19","28.82","8.65M","1.53%"
"02/04/2015","28.74","28.89","29.06","28.66","9.32M","-1.64%"
"02/03/2015","29.22","28.97","29.28","28.95","5.94M","1.92%"
"02/02/2015","28.67","28.31","28.72","28.24","3.63M","2.21%"
"01/30/2015","28.05","28.19","28.34","27.99","6.26M","-1.72%"
"01/29/2015","28.54","28.26","28.55","28.19","4.53M","2.51%"
"01/28/2015","27.84","28.25","28.45","27.83","5.69M","-1.31%"
"01/27/2015","28.21","28.19","28.32","28.08","6.78M","-0.81%"
"01/26/2015","28.44","28.15","28.52","28.08","3.73M","2.45%"
"01/23/2015","27.76","27.81","28.04","27.76","4.80M","-0.14%"
"01/22/2015","27.80","27.66","27.94","27.47","8.94M","-0.18%"
"01/21/2015","27.85","27.58","27.86","27.49","11.32M","0.65%"
"01/20/2015","27.67","27.71","27.74","27.54","18.78M","-0.07%"
"01/16/2015","27.69","27.05","27.79","26.97","6.94M","2.37%"
"01/15/2015","27.05","27.19","27.24","26.98","4.36M","-0.18%"
"01/14/2015","27.10","26.99","27.18","26.89","8.22M","0.26%"
"01/13/2015","27.03","27.26","27.34","26.78","4.85M","0.45%"
"01/12/2015","26.91","26.90","27.00","26.58","3.14M","0.60%"
"01/09/2015","26.75","26.97","26.98","26.52","2.44M","-0.71%"
"01/08/2015","26.94","26.60","27.06","26.57","3.57M","1.89%"
"01/07/2015","26.44","26.30","26.50","26.10","3.78M","0.84%"
"01/06/2015","26.22","26.49","26.69","26.20","3.62M","-0.42%"
"01/05/2015","26.33","26.69","26.71","26.25","3.96M","-3.48%"
"01/02/2015","27.28","27.40","27.50","27.20","4.06M","-0.47%"