"Date","Price","Open","High","Low","Vol.","Change %"
"08/17/2026","63.10","63.50","63.54","63.08","152.01K","-0.27%"
"08/14/2026","63.27","63.29","63.42","63.19","419.53K","-0.03%"
"08/13/2026","63.29","63.32","63.53","63.14","1.26M","0.17%"
"08/12/2026","63.18","63.39","63.47","63.04","517.92K","0.14%"
"08/11/2026","63.09","63.26","63.40","63.03","350.89K","-0.13%"
"08/10/2026","63.17","63.19","63.31","63.07","1.73M","-0.28%"
"08/07/2026","63.35","63.53","63.53","63.19","287.91K","0.30%"
"08/06/2026","63.16","63.62","63.76","63.12","278.58K","-0.05%"
"08/05/2026","63.19","63.45","63.51","63.06","345.66K","-0.03%"
"08/04/2026","63.21","63.08","63.28","62.97","660.44K","1.31%"
"08/03/2026","62.39","62.11","62.42","62.00","832.87K","1.28%"
"07/31/2026","61.60","61.32","61.71","60.88","346.63K","-0.10%"
"07/30/2026","61.66","60.85","61.70","60.85","256.00K","2.61%"
"07/29/2026","60.09","60.40","60.80","59.87","399.03K","-0.63%"
"07/28/2026","60.47","60.26","60.56","60.15","932.67K","-0.49%"
"07/27/2026","60.77","60.66","60.82","60.53","173.47K","1.05%"
"07/24/2026","60.14","60.08","60.40","60.00","258.21K","0.70%"
"07/23/2026","59.72","59.61","59.95","59.51","593.59K","-2.19%"
"07/22/2026","61.06","61.11","61.27","60.99","671.91K","0.89%"
"07/21/2026","60.52","60.32","60.54","60.13","113.32K","0.97%"
"07/20/2026","59.94","60.18","60.23","59.82","81.04K","-0.53%"
"07/17/2026","60.26","59.97","60.35","59.81","786.73K","-0.50%"
"07/16/2026","60.56","60.37","60.67","60.23","443.11K","-0.41%"
"07/15/2026","60.81","60.52","60.86","60.33","111.97K","0.30%"
"07/14/2026","60.63","60.79","61.20","60.57","405.32K","0.26%"
"07/13/2026","60.47","60.80","60.92","60.34","227.73K","-0.20%"
"07/10/2026","60.59","60.67","60.73","60.38","100.69K","0.51%"
"07/09/2026","60.28","60.15","60.40","60.15","1.06M","0.25%"
"07/08/2026","60.13","59.84","60.15","59.51","401.64K","-0.76%"
"07/07/2026","60.59","61.12","61.17","60.42","229.06K","-0.90%"
"07/06/2026","61.14","60.76","61.16","60.71","122.16K","0.84%"
"07/02/2026","60.63","60.55","60.78","60.21","1.46M","2.54%"
"07/01/2026","59.13","58.83","59.25","58.80","301.11K","-0.19%"
"06/30/2026","59.24","58.88","59.32","58.83","122.61K","0.56%"
"06/29/2026","58.91","58.66","58.94","58.51","134.49K","0.48%"
"06/26/2026","58.63","58.70","58.92","58.58","187.39K","-0.54%"
"06/25/2026","58.95","58.97","59.21","58.84","164.54K","0.17%"
"06/24/2026","58.85","58.92","58.96","58.66","368.38K","-0.94%"
"06/23/2026","59.41","59.53","59.68","59.41","277.46K","-1.72%"
"06/22/2026","60.45","60.17","60.48","60.12","729.87K","-0.25%"
"06/18/2026","60.60","60.41","60.66","60.30","474.74K","0.73%"
"06/17/2026","60.16","60.93","61.18","60.05","2.27M","-0.94%"
"06/16/2026","60.73","60.81","61.04","60.69","466.69K","1.42%"
"06/15/2026","59.88","60.09","60.15","59.86","192.02K","-1.30%"
"06/12/2026","60.67","60.53","60.74","60.33","287.54K","0.23%"
"06/11/2026","60.53","59.42","60.62","58.99","578.32K","3.19%"
"06/10/2026","58.66","59.28","59.44","58.63","253.42K","-1.43%"
"06/09/2026","59.51","60.11","60.27","58.67","340.18K","1.47%"
"06/08/2026","58.65","58.81","58.98","58.55","184.70K","1.05%"
"06/05/2026","58.04","58.95","58.95","57.83","250.27K","-1.76%"
"06/04/2026","59.08","59.04","59.14","58.82","237.36K","0.97%"
"06/03/2026","58.51","59.00","59.06","58.34","113.00K","-1.65%"
"06/02/2026","59.49","59.30","59.55","59.26","234.21K","0.37%"
"06/01/2026","59.27","58.87","59.46","58.75","490.12K","-0.17%"
"05/29/2026","59.37","59.63","59.85","59.36","436.57K","0.20%"
"05/28/2026","59.25","58.96","59.40","58.87","428.88K","0.37%"
"05/27/2026","59.03","59.15","59.26","58.83","249.04K","-0.62%"
"05/26/2026","59.40","59.50","59.64","59.19","232.30K","1.38%"
"05/22/2026","58.59","58.91","58.91","58.44","423.36K","-0.66%"
"05/21/2026","58.98","58.06","59.17","57.88","749.46K","0.61%"
"05/20/2026","58.62","57.65","58.78","57.58","546.95K","2.14%"
"05/19/2026","57.39","57.89","57.89","57.33","642.69K","-1.73%"
"05/18/2026","58.40","58.06","58.40","57.81","836.84K","1.28%"
"05/15/2026","57.66","57.92","57.92","57.65","339.20K","-2.06%"
"05/14/2026","58.87","59.07","59.14","58.83","404.33K","-0.07%"
"05/13/2026","58.91","58.20","58.97","58.18","582.02K","0.08%"
"05/12/2026","58.86","58.59","58.87","58.35","147.65K","-0.73%"
"05/11/2026","59.29","59.29","59.44","59.19","133.65K","0.27%"
"05/08/2026","59.13","59.08","59.19","58.79","168.41K","1.28%"
"05/07/2026","58.38","59.40","59.40","58.25","497.01K","-2.06%"
"05/06/2026","59.61","59.18","59.67","59.13","343.06K","3.10%"
"05/05/2026","57.82","57.63","57.87","57.39","938.96K","2.74%"
"05/04/2026","56.28","56.83","56.92","56.03","427.19K","-2.46%"
"05/01/2026","57.70","57.88","58.27","57.68","354.74K","-0.10%"
"04/30/2026","57.76","57.02","57.88","56.92","313.81K","1.92%"
"04/29/2026","56.67","57.13","57.16","56.51","161.36K","-1.55%"
"04/28/2026","57.56","57.27","57.59","57.25","142.95K","0.66%"
"04/27/2026","57.18","57.28","57.37","57.01","111.08K","-0.05%"
"04/24/2026","57.21","56.79","57.32","56.70","256.09K","0.79%"
"04/23/2026","56.76","57.16","57.42","56.12","389.12K","-1.29%"
"04/22/2026","57.50","57.92","57.93","57.29","586.30K","0.23%"
"04/21/2026","57.37","58.30","58.38","57.33","338.99K","-2.23%"
"04/20/2026","58.68","58.52","58.72","58.16","456.21K","-0.07%"
"04/17/2026","58.72","59.05","59.17","58.64","446.94K","1.43%"
"04/16/2026","57.89","58.21","58.22","57.69","344.51K","-0.52%"
"04/15/2026","58.19","58.27","58.30","58.05","316.04K","0.03%"
"04/14/2026","58.17","58.07","58.33","58.02","294.17K","0.78%"
"04/13/2026","57.72","56.71","57.77","56.69","271.37K","0.77%"
"04/10/2026","57.28","57.35","57.54","57.08","774.08K","0.44%"
"04/09/2026","57.03","56.49","57.25","56.37","340.35K","0.72%"
"04/08/2026","56.62","56.75","56.80","56.17","625.38K","3.34%"
"04/07/2026","54.79","54.14","54.92","53.72","687.55K","0.22%"
"04/06/2026","54.67","54.32","54.78","54.26","671.30K","0.66%"
"04/02/2026","54.31","53.22","54.42","53.22","577.31K","-0.37%"
"04/01/2026","54.51","54.62","54.80","54.19","514.16K","2.04%"
"03/31/2026","53.42","52.39","53.50","52.33","684.35K","4.11%"
"03/30/2026","51.31","51.56","51.80","51.10","294.96K","0.41%"
"03/27/2026","51.10","51.27","51.68","50.95","316.77K","-0.72%"
"03/26/2026","51.47","51.64","52.16","51.47","305.68K","-1.87%"
"03/25/2026","52.45","52.54","52.70","52.08","624.11K","1.71%"
"03/24/2026","51.57","51.11","51.87","51.01","524.71K","-1.06%"
"03/23/2026","52.12","51.80","52.80","51.52","1.28M","2.80%"
"03/20/2026","50.70","52.00","52.08","50.48","631.55K","-3.35%"
"03/19/2026","52.46","51.38","52.78","51.36","751.56K","0.10%"
"03/18/2026","52.41","53.19","53.29","52.38","419.49K","-1.80%"
"03/17/2026","53.37","53.50","53.62","53.22","475.71K","1.33%"
"03/16/2026","52.67","52.41","52.88","52.36","603.07K","1.13%"
"03/13/2026","52.08","52.87","53.13","51.99","440.95K","-1.08%"
"03/12/2026","52.65","52.56","52.94","52.11","575.86K","-1.70%"
"03/11/2026","53.56","53.44","53.87","53.16","846.37K","-0.43%"
"03/10/2026","53.79","54.12","54.69","53.71","1.15M","0.47%"
"03/09/2026","53.54","52.10","53.76","51.60","1.05M","1.10%"
"03/06/2026","52.96","52.19","53.14","52.05","678.50K","-0.88%"
"03/05/2026","53.43","53.79","54.03","53.01","1.06M","-2.09%"
"03/04/2026","54.57","54.33","54.68","54.12","823.29K","1.26%"
"03/03/2026","53.89","52.91","54.06","52.45","1.64M","-3.68%"
"03/02/2026","55.95","55.66","56.19","55.56","701.79K","-2.41%"
"02/27/2026","57.33","57.76","57.86","57.24","431.98K","-1.04%"
"02/26/2026","57.93","57.81","57.94","57.58","231.09K","0.56%"
"02/25/2026","57.61","57.40","57.67","57.27","247.78K","1.18%"
"02/24/2026","56.94","56.63","57.08","56.61","339.08K","0.00%"
"02/23/2026","56.94","57.34","57.49","56.83","452.54K","0.23%"
"02/20/2026","56.81","56.40","56.89","56.38","305.45K","1.65%"
"02/19/2026","55.89","55.33","55.89","55.26","497.12K","-0.76%"
"02/18/2026","56.32","56.41","56.60","56.17","314.43K","0.54%"
"02/17/2026","56.02","55.65","56.09","55.49","336.54K","0.86%"
"02/13/2026","55.54","55.43","55.73","55.14","316.99K","-1.73%"
"02/12/2026","56.52","57.20","57.26","56.36","261.14K","-0.81%"
"02/11/2026","56.98","57.06","57.12","56.62","243.35K","-0.59%"
"02/10/2026","57.32","57.65","57.67","57.31","315.57K","-0.50%"
"02/09/2026","57.61","57.21","57.72","57.17","442.91K","2.36%"
"02/06/2026","56.28","55.94","56.31","55.94","1.38M","1.04%"
"02/05/2026","55.70","56.12","56.42","55.68","494.96K","-2.19%"
"02/04/2026","56.95","57.47","57.69","56.73","1.03M","0.04%"
"02/03/2026","56.93","56.55","56.96","56.51","919.94K","0.99%"
"02/02/2026","56.37","56.23","56.41","56.17","734.85K","0.88%"
"01/30/2026","55.88","56.19","56.30","55.67","341.07K","-0.52%"
"01/29/2026","56.17","56.44","56.51","55.63","302.41K","0.61%"
"01/28/2026","55.83","55.89","56.03","55.60","199.10K","-1.41%"
"01/27/2026","56.63","56.01","56.81","56.01","321.52K","2.24%"
"01/26/2026","55.39","55.36","55.46","55.27","1.34M","0.87%"
"01/23/2026","54.91","54.37","54.92","54.25","390.03K","0.26%"
"01/22/2026","54.77","54.71","54.97","54.61","194.99K","0.61%"
"01/21/2026","54.44","53.87","54.60","53.63","462.63K","0.78%"
"01/20/2026","54.02","54.31","54.50","53.93","381.00K","-1.64%"
"01/16/2026","54.92","54.82","54.96","54.69","278.76K","0.22%"
"01/15/2026","54.80","54.84","55.06","54.78","366.93K","-0.44%"
"01/14/2026","55.04","55.15","55.15","54.88","210.90K","0.42%"
"01/13/2026","54.81","55.02","55.06","54.71","134.42K","-0.92%"
"01/12/2026","55.32","55.16","55.34","55.13","169.19K","0.53%"
"01/09/2026","55.03","55.04","55.09","54.79","163.49K","-0.38%"
"01/08/2026","55.24","55.00","55.26","54.98","222.05K","0.49%"
"01/07/2026","54.97","55.18","55.22","54.92","341.43K","-0.58%"
"01/06/2026","55.29","55.72","55.75","55.22","392.28K","-0.68%"
"01/05/2026","55.67","55.15","55.69","55.15","319.74K","0.92%"
"01/02/2026","55.16","54.95","55.17","54.89","561.46K","1.53%"
"12/31/2025","54.33","54.51","54.51","54.30","206.43K","-0.48%"
"12/30/2025","54.59","54.73","54.77","54.58","197.40K","0.79%"
"12/29/2025","54.16","54.32","54.36","54.04","143.38K","-0.84%"
"12/26/2025","54.62","54.68","54.68","54.49","198.69K","0.11%"
"12/25/2025","54.56","54.54","54.56","54.56","75.69K","0.00%"
"12/24/2025","54.56","54.54","54.58","54.49","75.69K","0.29%"
"12/23/2025","54.40","54.31","54.45","54.30","134.23K","0.29%"
"12/22/2025","54.24","54.29","54.35","54.14","104.92K","0.06%"
"12/19/2025","54.21","54.25","54.40","54.18","199.49K","0.74%"
"12/18/2025","53.81","53.92","54.06","53.67","284.90K","0.56%"
"12/17/2025","53.51","53.65","53.81","53.49","1.01M","-0.13%"
"12/16/2025","53.58","53.88","53.94","53.38","823.03K","-1.42%"
"12/15/2025","54.35","54.38","54.46","54.19","266.15K","1.29%"
"12/12/2025","53.66","54.00","54.06","53.44","247.46K","-0.54%"
"12/11/2025","53.95","53.91","54.03","53.79","595.32K","0.75%"
"12/10/2025","53.55","53.01","53.63","52.86","1.30M","1.00%"
"12/09/2025","53.02","53.12","53.21","52.96","467.28K","0.08%"
"12/08/2025","52.98","53.07","53.11","52.81","184.02K","0.00%"
"12/05/2025","52.98","53.25","53.36","52.94","162.43K","-0.32%"
"12/04/2025","53.15","53.19","53.29","53.07","238.64K","-0.26%"
"12/03/2025","53.29","53.15","53.31","53.01","1.05M","0.55%"
"12/02/2025","53.00","52.89","53.04","52.79","309.21K","0.65%"
"12/01/2025","52.66","52.58","52.90","52.56","341.70K","-0.51%"
"11/28/2025","52.93","52.64","52.94","52.64","176.92K","0.74%"
"11/26/2025","52.54","52.29","52.64","52.29","344.01K","0.73%"
"11/25/2025","52.16","51.75","52.18","51.64","247.90K","1.89%"
"11/24/2025","51.19","51.35","51.60","51.06","362.38K","-0.54%"
"11/21/2025","51.47","51.20","51.59","50.94","645.41K","1.30%"
"11/20/2025","50.81","51.89","51.99","50.79","748.53K","-1.03%"
"11/19/2025","51.34","51.56","51.81","51.16","446.64K","-0.91%"
"11/18/2025","51.81","51.77","51.95","51.55","404.73K","-1.43%"
"11/17/2025","52.56","52.98","53.04","52.41","298.52K","-1.20%"
"11/14/2025","53.20","53.03","53.35","52.96","143.74K","-1.44%"
"11/13/2025","53.98","54.46","54.53","53.94","369.95K","-0.26%"
"11/12/2025","54.12","54.09","54.24","54.03","636.10K","0.69%"
"11/11/2025","53.75","53.47","53.82","53.47","268.40K","1.13%"
"11/10/2025","53.15","52.87","53.21","52.76","1.22M","1.84%"
"11/07/2025","52.19","51.64","52.21","51.56","232.50K","0.85%"
"11/06/2025","51.75","51.90","52.00","51.60","382.66K","-0.48%"
"11/05/2025","52.00","51.62","52.07","51.58","322.12K","1.21%"
"11/04/2025","51.38","51.26","51.70","51.20","923.38K","-0.79%"
"11/03/2025","51.79","51.75","51.87","51.61","1.10M","-0.04%"
"10/31/2025","51.81","52.00","52.00","51.59","218.71K","-0.02%"
"10/30/2025","51.82","51.56","51.98","51.52","143.09K","-0.56%"
"10/29/2025","52.11","52.30","52.42","51.86","573.52K","-0.13%"
"10/28/2025","52.18","51.99","52.30","51.96","274.59K","0.48%"
"10/27/2025","51.93","51.83","51.94","51.82","249.06K","1.29%"
"10/24/2025","51.27","51.18","51.33","51.14","190.54K","0.20%"
"10/23/2025","51.17","51.14","51.24","50.99","343.73K","1.01%"
"10/22/2025","50.66","50.84","50.91","50.47","328.97K","-0.86%"
"10/21/2025","51.10","51.19","51.38","51.10","202.39K","-0.27%"
"10/20/2025","51.24","51.14","51.28","51.05","130.13K","0.93%"
"10/17/2025","50.77","50.59","50.79","50.42","318.64K","-0.22%"
"10/16/2025","50.88","50.79","51.18","50.67","433.60K","0.81%"
"10/15/2025","50.47","50.48","50.54","50.13","375.18K","-0.63%"
"10/14/2025","50.79","50.17","50.93","50.05","289.32K","0.57%"
"10/13/2025","50.50","50.45","50.57","50.31","1.17M","0.38%"
"10/10/2025","50.31","51.13","51.13","50.29","726.67K","-1.60%"
"10/09/2025","51.13","51.76","51.76","51.02","382.26K","-2.22%"
"10/08/2025","52.29","52.39","52.44","52.15","132.52K","0.67%"
"10/07/2025","51.94","52.25","52.25","51.90","262.44K","-0.61%"
"10/06/2025","52.26","52.41","52.47","52.24","339.20K","-0.67%"
"10/03/2025","52.61","52.63","52.68","52.42","411.41K","0.54%"
"10/02/2025","52.33","52.47","52.53","52.11","779.97K","-0.15%"
"10/01/2025","52.41","52.11","52.55","52.11","1.90M","0.89%"
"09/30/2025","51.95","51.57","52.01","51.57","203.53K","0.87%"
"09/29/2025","51.50","51.59","51.61","51.40","176.13K","-0.08%"
"09/26/2025","51.54","51.35","51.56","51.35","191.57K","1.18%"
"09/25/2025","50.94","50.93","50.98","50.71","231.16K","-0.68%"
"09/24/2025","51.29","51.26","51.43","51.18","267.41K","-0.43%"
"09/23/2025","51.51","51.75","51.86","51.41","414.65K","-0.44%"
"09/22/2025","51.74","51.42","51.79","51.36","176.12K","0.72%"
"09/19/2025","51.37","51.38","51.51","51.25","167.29K","-0.14%"
"09/18/2025","51.44","51.18","51.52","51.08","1.16M","0.21%"
"09/17/2025","51.33","51.42","51.82","51.16","448.37K","-1.57%"
"09/16/2025","52.15","52.31","52.31","51.98","317.14K","-0.46%"
"09/15/2025","52.39","52.30","52.39","52.18","165.84K","1.30%"
"09/12/2025","51.72","51.45","51.78","51.45","188.48K","0.23%"
"09/11/2025","51.60","51.28","51.66","51.28","307.73K","1.32%"
"09/10/2025","50.93","50.88","50.97","50.80","1.73M","0.14%"
"09/09/2025","50.86","50.72","50.92","50.66","237.47K","0.43%"
"09/08/2025","50.64","50.55","50.68","50.47","187.61K","0.36%"
"09/05/2025","50.46","50.73","50.82","50.27","191.94K","-0.38%"
"09/04/2025","50.65","50.56","50.67","50.46","210.32K","0.54%"
"09/03/2025","50.38","50.22","50.48","50.18","1.07M","-0.04%"
"09/02/2025","50.40","50.20","50.63","50.16","552.31K","-1.27%"
"08/29/2025","51.05","50.95","51.10","50.89","147.67K","-0.27%"
"08/28/2025","51.19","51.08","51.28","50.97","602.29K","0.55%"
"08/27/2025","50.91","50.84","50.94","50.60","322.42K","-0.99%"
"08/26/2025","51.42","51.42","51.56","51.29","152.67K","-0.66%"
"08/25/2025","51.76","52.32","52.37","51.72","256.35K","-1.11%"
"08/22/2025","52.34","51.92","52.56","51.90","165.25K","1.57%"
"08/21/2025","51.53","51.60","51.63","51.41","1.26M","-0.31%"
"08/20/2025","51.69","51.70","51.83","51.56","208.96K","0.14%"
"08/19/2025","51.62","51.89","51.89","51.53","114.17K","0.16%"
"08/18/2025","51.54","51.48","51.55","51.31","272.20K","-0.48%"
"08/15/2025","51.79","51.82","51.92","51.77","503.64K","0.45%"
"08/14/2025","51.56","51.12","51.58","51.12","239.16K","0.90%"
"08/13/2025","51.10","51.05","51.12","50.95","81.21K","0.91%"
"08/12/2025","50.64","50.25","50.66","50.23","164.66K","1.30%"
"08/11/2025","49.99","49.95","50.02","49.79","161.74K","-0.34%"
"08/08/2025","50.16","50.22","50.47","50.10","310.17K","0.42%"
"08/07/2025","49.95","49.78","49.95","49.56","154.77K","0.87%"
"08/06/2025","49.52","49.17","49.56","49.17","314.58K","1.60%"
"08/05/2025","48.74","48.67","48.90","48.46","265.62K","0.35%"
"08/04/2025","48.57","48.74","48.77","48.54","927.94K","1.55%"
"08/01/2025","47.83","47.86","47.95","47.52","878.83K","-0.87%"
"07/31/2025","48.25","48.47","48.51","48.10","1.42M","-1.79%"
"07/30/2025","49.13","49.16","49.42","48.88","926.27K","0.14%"
"07/29/2025","49.06","49.13","49.22","48.94","287.47K","0.57%"
"07/28/2025","48.78","49.17","49.17","48.61","127.76K","-1.57%"
"07/25/2025","49.56","49.17","49.60","49.14","255.65K","0.90%"
"07/24/2025","49.12","49.17","49.40","49.12","236.90K","-1.44%"
"07/23/2025","49.84","48.88","49.88","48.85","689.09K","2.66%"
"07/22/2025","48.55","48.24","48.58","48.00","469.40K","1.08%"
"07/21/2025","48.03","47.80","48.27","47.72","125.24K","0.50%"
"07/18/2025","47.79","48.18","48.18","47.76","98.01K","0.08%"
"07/17/2025","47.75","47.45","47.78","47.43","396.31K","-0.02%"
"07/16/2025","47.76","47.42","47.78","47.35","492.40K","0.93%"
"07/15/2025","47.32","47.94","47.94","47.32","3.45M","-1.74%"
"07/14/2025","48.16","47.94","48.21","47.89","196.97K","0.35%"
"07/11/2025","47.99","47.92","48.09","47.81","118.64K","-1.11%"
"07/10/2025","48.53","48.71","48.71","48.44","180.12K","-1.30%"
"07/09/2025","49.17","48.95","49.20","48.82","145.15K","1.72%"
"07/08/2025","48.34","48.08","48.44","48.05","116.02K","0.98%"
"07/07/2025","47.87","47.90","48.09","47.73","281.26K","-0.71%"
"07/03/2025","48.21","48.05","48.24","48.00","156.57K","-0.17%"
"07/02/2025","48.29","47.93","48.29","47.75","175.26K","0.50%"
"07/01/2025","48.05","47.95","48.08","47.83","111.91K","-0.19%"
"06/30/2025","48.14","47.88","48.17","47.79","162.47K","0.59%"
"06/27/2025","47.86","47.59","48.03","47.56","180.96K","0.76%"
"06/26/2025","47.50","47.19","47.52","47.14","167.52K","0.70%"
"06/25/2025","47.17","46.98","47.18","46.86","108.88K","-0.06%"
"06/24/2025","47.20","46.98","47.31","46.95","167.32K","1.61%"
"06/23/2025","46.45","45.79","46.47","45.79","246.76K","0.19%"
"06/20/2025","46.36","46.60","46.60","46.34","243.95K","-0.22%"
"06/18/2025","46.46","46.41","46.75","46.34","404.51K","0.43%"
"06/17/2025","46.26","46.81","46.87","46.24","256.68K","-2.01%"
"06/16/2025","47.21","47.35","47.53","47.18","262.31K","-0.46%"
"06/13/2025","47.43","47.30","47.69","47.29","243.57K","-1.70%"
"06/12/2025","48.25","48.24","48.42","48.15","174.79K","0.67%"
"06/11/2025","47.93","48.03","48.17","47.87","330.04K","0.00%"
"06/10/2025","47.93","48.21","48.26","47.81","632.34K","-0.52%"
"06/09/2025","48.18","48.12","48.31","48.08","141.85K","-0.25%"
"06/06/2025","48.30","48.11","48.37","48.11","97.66K","0.67%"
"06/05/2025","47.98","48.06","48.29","47.90","691.72K","0.50%"
"06/04/2025","47.74","47.66","47.97","47.57","205.93K","-0.27%"
"06/03/2025","47.87","47.63","47.91","47.58","253.91K","-0.93%"
"06/02/2025","48.32","47.80","48.32","47.57","795.43K","1.15%"
"05/30/2025","47.77","47.77","47.83","47.42","962.17K","0.40%"
"05/29/2025","47.58","47.70","47.70","47.43","382.70K","0.06%"
"05/28/2025","47.55","47.71","47.72","47.48","233.67K","-0.23%"
"05/27/2025","47.66","47.66","47.77","47.53","354.07K","1.49%"
"05/23/2025","46.96","46.62","47.12","46.61","292.44K","-1.22%"
"05/22/2025","47.54","47.44","47.69","47.32","364.86K","-0.23%"
"05/21/2025","47.65","47.97","48.17","47.62","377.21K","-0.40%"
"05/20/2025","47.84","47.54","47.84","47.48","280.33K","1.14%"
"05/19/2025","47.30","46.97","47.33","46.97","307.50K","0.96%"
"05/16/2025","46.85","46.66","46.85","46.50","601.13K","0.69%"
"05/15/2025","46.53","46.40","46.55","46.26","275.82K","0.58%"
"05/14/2025","46.26","46.35","46.41","46.21","277.07K","0.57%"
"05/13/2025","46.00","45.84","46.08","45.74","226.45K","0.74%"
"05/12/2025","45.66","45.71","45.71","45.31","307.38K","-0.33%"
"05/09/2025","45.81","45.81","45.87","45.63","179.82K","0.99%"
"05/08/2025","45.36","45.33","45.50","45.29","346.38K","0.82%"
"05/07/2025","44.99","45.06","45.20","44.87","747.40K","-0.51%"
"05/06/2025","45.22","45.14","45.39","45.10","356.46K","0.33%"
"05/05/2025","45.07","45.18","45.18","45.04","317.02K","0.18%"
"05/02/2025","44.99","44.86","45.07","44.75","485.18K","1.65%"
"05/01/2025","44.26","44.49","44.62","44.22","1.34M","0.11%"
"04/30/2025","44.21","43.99","44.36","43.72","307.86K","-1.03%"
"04/29/2025","44.67","44.42","44.68","44.40","243.87K","0.99%"
"04/28/2025","44.23","43.98","44.25","43.94","146.53K","0.43%"
"04/25/2025","44.04","43.73","44.06","43.64","500.27K","1.29%"
"04/24/2025","43.48","43.35","43.51","43.15","186.59K","1.85%"
"04/23/2025","42.69","42.74","43.02","42.59","415.20K","-0.28%"
"04/22/2025","42.81","42.50","42.95","42.47","418.32K","2.07%"
"04/21/2025","41.94","42.34","42.39","41.58","416.97K","-0.45%"
"04/17/2025","42.13","42.00","42.39","41.88","788.78K","0.89%"
"04/16/2025","41.76","41.68","42.17","41.60","608.38K","0.53%"
"04/15/2025","41.54","41.60","41.72","41.42","563.76K","1.52%"
"04/14/2025","40.92","40.67","41.07","40.48","566.20K","0.96%"
"04/11/2025","40.53","39.67","40.60","39.54","583.89K","2.19%"
"04/10/2025","39.66","39.62","39.84","38.71","1.11M","-1.39%"
"04/09/2025","40.22","37.14","40.51","36.97","1.12M","9.89%"
"04/08/2025","36.60","38.13","38.18","36.20","1.23M","-1.24%"
"04/07/2025","37.06","36.84","38.42","36.59","1.11M","-3.72%"
"04/04/2025","38.49","39.61","39.73","38.45","1.35M","-7.85%"
"04/03/2025","41.77","42.47","42.52","41.74","550.98K","-2.09%"
"04/02/2025","42.66","42.17","42.75","42.15","1.61M","0.47%"
"04/01/2025","42.46","42.51","42.66","42.23","497.69K","0.33%"
"03/31/2025","42.32","42.10","42.38","41.94","738.15K","-1.12%"
"03/28/2025","42.80","42.98","43.02","42.67","1.02M","-0.63%"
"03/27/2025","43.07","42.72","43.12","42.69","301.62K","1.08%"
"03/26/2025","42.61","42.99","43.20","42.51","571.84K","-1.87%"
"03/25/2025","43.42","43.36","43.45","43.20","201.26K","1.02%"
"03/24/2025","42.98","42.91","43.07","42.79","1.74M","0.07%"
"03/21/2025","42.95","42.90","43.07","42.82","282.96K","-0.72%"
"03/20/2025","43.26","42.99","43.32","42.94","496.66K","-1.66%"
"03/19/2025","43.99","43.74","44.16","43.69","391.43K","0.16%"
"03/18/2025","43.92","43.79","43.99","43.64","479.26K","0.90%"
"03/17/2025","43.53","43.12","43.60","43.12","384.41K","1.16%"
"03/14/2025","43.03","42.66","43.06","42.55","422.74K","2.60%"
"03/13/2025","41.94","42.13","42.20","41.90","905.95K","-1.32%"
"03/12/2025","42.50","42.48","42.63","42.22","658.93K","0.54%"
"03/11/2025","42.27","42.32","42.47","41.75","827.34K","0.28%"
"03/10/2025","42.15","42.35","42.53","41.81","864.79K","-1.63%"
"03/07/2025","42.85","42.44","42.91","42.44","596.13K","1.37%"
"03/06/2025","42.27","42.40","42.79","42.13","589.74K","-0.98%"
"03/05/2025","42.69","42.10","42.77","42.10","1.05M","3.42%"
"03/04/2025","41.28","40.82","41.69","40.33","956.44K","-0.07%"
"03/03/2025","41.31","41.80","41.96","41.15","917.40K","1.25%"
"02/28/2025","40.80","40.88","41.01","40.42","688.35K","0.47%"
"02/27/2025","40.61","40.87","40.93","40.56","377.04K","-1.60%"
"02/26/2025","41.27","41.68","41.90","41.24","788.14K","-0.48%"
"02/25/2025","41.47","41.44","41.56","41.15","327.81K","1.67%"
"02/24/2025","40.79","40.88","40.96","40.64","268.32K","0.47%"
"02/21/2025","40.60","40.83","40.83","40.48","261.02K","-0.56%"
"02/20/2025","40.83","40.73","40.83","40.53","145.87K","0.64%"
"02/19/2025","40.57","40.77","40.80","40.46","398.11K","-1.27%"
"02/18/2025","41.09","41.01","41.13","40.92","167.72K","1.23%"
"02/14/2025","40.59","40.63","40.73","40.48","175.12K","0.92%"
"02/13/2025","40.22","39.95","40.26","39.85","713.31K","0.68%"
"02/12/2025","39.95","39.67","40.06","39.56","460.71K","0.45%"
"02/11/2025","39.77","39.33","39.80","39.29","1.01M","1.45%"
"02/10/2025","39.20","39.01","39.21","38.92","161.15K","0.69%"
"02/07/2025","38.93","39.25","39.29","38.85","453.31K","-0.89%"
"02/06/2025","39.28","39.12","39.31","39.12","322.83K","0.72%"
"02/05/2025","39.00","38.95","39.04","38.84","221.76K","0.33%"
"02/04/2025","38.87","38.51","38.93","38.51","439.23K","2.21%"
"02/03/2025","38.03","37.86","38.38","37.68","910.22K","-1.35%"
"01/31/2025","38.55","38.72","39.01","38.44","707.41K","-0.72%"
"01/30/2025","38.83","38.92","39.04","38.66","230.37K","0.60%"
"01/29/2025","38.60","38.47","38.70","38.45","204.85K","0.00%"
"01/28/2025","38.60","38.73","38.73","38.29","686.73K","-0.67%"
"01/27/2025","38.86","38.73","38.87","38.69","245.96K","0.41%"
"01/24/2025","38.70","38.64","38.80","38.61","109.02K","0.78%"
"01/23/2025","38.40","38.18","38.42","38.06","179.40K","1.40%"
"01/22/2025","37.87","38.10","38.12","37.87","165.39K","-1.10%"
"01/21/2025","38.29","38.07","38.29","37.97","554.60K","1.38%"
"01/17/2025","37.77","37.71","37.97","37.69","195.27K","0.88%"
"01/16/2025","37.44","37.42","37.51","37.29","215.34K","0.51%"
"01/15/2025","37.25","37.22","37.29","37.06","303.17K","1.55%"
"01/14/2025","36.68","36.56","36.77","36.48","282.22K","1.33%"
"01/13/2025","36.20","35.93","36.22","35.90","195.76K","-0.82%"
"01/10/2025","36.50","36.83","36.84","36.38","295.28K","-0.49%"
"01/08/2025","36.68","36.46","36.73","36.34","302.01K","0.55%"
"01/07/2025","36.48","36.69","36.71","36.39","363.42K","0.41%"
"01/06/2025","36.33","36.21","36.59","36.17","302.67K","1.85%"
"01/03/2025","35.67","35.73","35.74","35.49","309.36K","0.34%"
"01/02/2025","35.55","35.78","35.80","35.52","445.86K","-1.17%"
"12/31/2024","35.97","36.21","36.21","35.90","530.22K","-0.03%"
"12/30/2024","35.98","36.04","36.12","35.83","334.68K","-0.14%"
"12/27/2024","36.03","35.94","36.10","35.85","343.09K","-0.47%"
"12/26/2024","36.20","36.05","36.29","35.99","257.89K","0.33%"
"12/24/2024","36.08","35.86","36.08","35.69","153.38K","0.89%"
"12/23/2024","35.76","35.58","35.81","35.46","198.53K","0.45%"
"12/20/2024","35.60","35.22","35.81","35.20","375.50K","0.23%"
"12/19/2024","35.52","35.79","35.81","35.44","273.13K","-0.31%"
"12/18/2024","35.63","36.50","36.65","35.59","449.99K","-2.38%"
"12/17/2024","36.50","36.57","36.64","36.46","257.53K","-2.59%"
"12/16/2024","37.47","37.48","37.61","37.39","217.12K","-0.48%"
"12/13/2024","37.65","37.75","37.75","37.55","84.85K","0.53%"
"12/12/2024","37.45","37.56","37.78","37.43","86.24K","-0.29%"
"12/11/2024","37.56","37.48","37.58","37.34","136.98K","0.48%"
"12/10/2024","37.38","37.47","37.48","37.31","76.18K","0.00%"
"12/09/2024","37.38","37.79","37.80","37.35","108.63K","-1.01%"
"12/06/2024","37.76","37.90","37.90","37.64","262.79K","0.37%"
"12/05/2024","37.62","37.44","37.66","37.44","287.51K","2.26%"
"12/04/2024","36.79","36.91","36.98","36.72","145.73K","0.38%"
"12/03/2024","36.65","36.57","36.70","36.47","555.81K","1.10%"
"12/02/2024","36.25","36.17","36.27","35.84","329.86K","-0.25%"
"11/29/2024","36.34","36.03","36.34","36.03","247.03K","0.97%"
"11/27/2024","35.99","35.87","36.07","35.84","211.03K","0.73%"
"11/26/2024","35.73","36.05","36.05","35.65","439.00K","-0.83%"
"11/25/2024","36.03","36.22","36.25","35.95","166.87K","0.08%"
"11/22/2024","36.00","35.71","36.05","35.69","137.31K","0.11%"
"11/21/2024","35.96","35.92","36.05","35.81","266.00K","-0.61%"
"11/20/2024","36.18","36.14","36.23","35.90","362.31K","-0.39%"
"11/19/2024","36.32","35.82","36.33","35.76","636.20K","-0.93%"
"11/18/2024","36.66","36.37","36.69","36.34","341.82K","0.27%"
"11/15/2024","36.56","36.69","36.72","36.52","265.42K","-0.05%"
"11/14/2024","36.58","36.69","36.89","36.55","300.65K","0.97%"
"11/13/2024","36.23","36.35","36.38","35.97","213.53K","-0.08%"
"11/12/2024","36.26","36.65","36.68","36.08","231.80K","-2.47%"
"11/11/2024","37.18","37.19","37.30","37.16","190.06K","0.41%"
"11/08/2024","37.03","37.10","37.14","36.87","154.73K","-0.99%"
"11/07/2024","37.40","37.47","37.60","37.23","392.02K","0.56%"
"11/06/2024","37.19","37.20","37.24","36.90","522.54K","-2.85%"
"11/05/2024","38.28","38.19","38.33","38.10","255.99K","0.18%"
"11/04/2024","38.21","38.44","38.55","38.20","245.72K","0.00%"
"11/01/2024","38.21","38.38","38.43","38.17","672.65K","0.50%"
"10/31/2024","38.02","38.11","38.11","37.66","192.98K","-0.26%"
"10/30/2024","38.12","38.00","38.26","37.98","202.65K","-0.78%"
"10/29/2024","38.42","38.57","38.65","38.39","542.05K","-0.75%"
"10/28/2024","38.71","38.50","38.75","38.42","454.01K","1.07%"
"10/25/2024","38.30","38.49","38.51","38.23","957.03K","-0.26%"
"10/24/2024","38.40","38.52","38.53","38.23","2.67M","0.29%"
"10/23/2024","38.29","38.23","38.35","38.10","941.20K","-0.18%"
"10/22/2024","38.36","38.34","38.44","38.31","511.60K","-1.29%"
"10/21/2024","38.86","39.00","39.01","38.74","296.31K","-0.84%"
"10/18/2024","39.19","39.02","39.19","38.95","168.22K","0.80%"
"10/17/2024","38.88","38.88","38.93","38.77","1.70M","0.93%"
"10/16/2024","38.52","38.48","38.62","38.48","317.65K","0.76%"
"10/15/2024","38.23","38.57","38.63","38.23","734.90K","-1.16%"
"10/14/2024","38.68","38.47","38.69","38.44","151.95K","0.91%"
"10/11/2024","38.33","38.06","38.33","38.06","95.50K","0.79%"
"10/10/2024","38.03","38.05","38.05","37.85","144.67K","0.26%"
"10/09/2024","37.93","37.74","38.01","37.74","129.24K","-0.03%"
"10/08/2024","37.94","37.95","37.95","37.78","117.36K","0.26%"
"10/07/2024","37.84","37.93","37.97","37.71","157.99K","0.05%"
"10/04/2024","37.82","37.58","37.83","37.54","283.13K","0.91%"
"10/03/2024","37.48","37.51","37.62","37.35","596.37K","-1.52%"
"10/02/2024","38.06","38.04","38.15","37.87","380.10K","-0.52%"
"10/01/2024","38.26","38.72","38.72","38.11","474.50K","-1.80%"
"09/30/2024","38.96","39.12","39.14","38.76","1.38M","-1.22%"
"09/27/2024","39.44","39.52","39.63","39.35","111.26K","0.28%"
"09/26/2024","39.33","39.20","39.42","39.06","177.30K","2.32%"
"09/25/2024","38.44","38.88","38.88","38.44","724.64K","-0.59%"
"09/24/2024","38.67","38.52","38.68","38.47","118.46K","0.76%"
"09/23/2024","38.38","38.43","38.51","38.33","136.53K","-0.52%"
"09/20/2024","38.58","38.70","38.71","38.42","196.58K","-0.52%"
"09/19/2024","38.78","38.60","38.90","38.46","255.03K","1.23%"
"09/18/2024","38.31","38.46","38.78","38.22","412.36K","-0.34%"
"09/17/2024","38.44","38.54","38.59","38.31","859.92K","-0.03%"
"09/16/2024","38.45","38.20","38.45","38.12","103.50K","0.89%"
"09/13/2024","38.11","38.07","38.29","38.03","106.95K","0.05%"
"09/12/2024","38.09","37.76","38.11","37.59","149.93K","0.61%"
"09/11/2024","37.86","37.68","37.88","37.25","236.45K","0.37%"
"09/10/2024","37.72","37.82","37.82","37.44","327.27K","-1.00%"
"09/09/2024","38.10","38.01","38.20","37.94","135.72K","0.95%"
"09/06/2024","37.74","38.40","38.46","37.67","295.09K","-1.33%"
"09/05/2024","38.25","38.32","38.37","38.16","555.08K","0.42%"
"09/04/2024","38.09","38.17","38.34","38.07","572.12K","0.13%"
"09/03/2024","38.04","38.47","38.51","37.99","320.58K","-2.08%"
"08/30/2024","38.85","38.81","38.89","38.65","154.78K","0.57%"
"08/29/2024","38.63","38.65","38.81","38.53","129.39K","0.36%"
"08/28/2024","38.49","38.51","38.57","38.33","178.69K","-0.18%"
"08/27/2024","38.56","38.47","38.60","38.43","146.98K","0.71%"
"08/26/2024","38.29","38.32","38.38","38.24","82.40K","-0.39%"
"08/23/2024","38.44","38.11","38.44","38.08","422.45K","2.02%"
"08/22/2024","37.68","37.96","37.97","37.64","160.33K","-0.63%"
"08/21/2024","37.92","37.83","37.99","37.74","375.04K","1.20%"
"08/20/2024","37.47","37.50","37.59","37.42","183.41K","-0.43%"
"08/19/2024","37.63","37.50","37.69","37.50","136.43K","1.13%"
"08/16/2024","37.21","37.00","37.23","36.98","422.77K","0.81%"
"08/15/2024","36.91","36.84","37.06","36.78","220.21K","1.15%"
"08/14/2024","36.49","36.41","36.52","36.37","179.83K","1.08%"
"08/13/2024","36.10","35.69","36.13","35.67","447.40K","1.21%"
"08/12/2024","35.67","35.76","35.79","35.59","65.32K","0.31%"
"08/09/2024","35.56","35.37","35.62","35.32","165.22K","0.28%"
"08/08/2024","35.46","35.27","35.52","35.14","169.46K","0.85%"
"08/07/2024","35.16","35.58","35.67","35.14","388.33K","0.57%"
"08/06/2024","34.96","34.59","35.15","34.58","750.73K","-0.34%"
"08/05/2024","35.08","34.78","35.33","34.75","373.30K","-2.20%"
"08/02/2024","35.87","35.82","35.91","35.62","698.34K","-0.50%"
"08/01/2024","36.05","36.59","36.66","35.88","432.49K","-2.93%"
"07/31/2024","37.14","37.22","37.33","37.06","335.81K","-0.30%"
"07/30/2024","37.25","37.31","37.37","37.11","387.28K","0.35%"
"07/29/2024","37.12","37.16","37.17","36.88","130.46K","-1.01%"
"07/26/2024","37.50","37.29","37.53","37.26","216.38K","0.97%"
"07/25/2024","37.14","37.14","37.44","36.96","261.45K","-0.99%"
"07/24/2024","37.51","37.70","37.83","37.51","302.61K","-0.77%"
"07/23/2024","37.80","37.85","37.89","37.73","130.51K","-0.87%"
"07/22/2024","38.13","37.91","38.16","37.81","276.64K","1.79%"
"07/19/2024","37.46","37.57","37.60","37.43","123.56K","-0.58%"
"07/18/2024","37.68","38.06","38.13","37.60","252.76K","-0.16%"
"07/17/2024","37.74","37.68","37.88","37.68","169.01K","-0.11%"
"07/16/2024","37.78","37.47","37.79","37.40","101.20K","0.69%"
"07/15/2024","37.52","37.75","37.75","37.45","121.73K","-0.66%"
"07/12/2024","37.77","37.73","37.91","37.73","96.48K","0.85%"
"07/11/2024","37.45","37.51","37.55","37.37","184.08K","0.35%"
"07/10/2024","37.32","37.12","37.34","37.08","149.62K","1.72%"
"07/09/2024","36.69","36.77","36.81","36.59","118.53K","-0.33%"
"07/08/2024","36.81","37.13","37.13","36.77","113.00K","-0.46%"
"07/05/2024","36.98","37.08","37.09","36.65","246.16K","0.65%"
"07/03/2024","36.74","36.69","36.78","36.65","126.34K","1.32%"
"07/02/2024","36.26","36.13","36.26","36.00","427.52K","-0.55%"
"07/01/2024","36.46","36.52","36.59","36.31","362.37K","1.70%"
"06/28/2024","35.85","35.74","35.88","35.67","135.40K","-0.08%"
"06/27/2024","35.88","36.02","36.08","35.81","128.14K","-0.86%"
"06/26/2024","36.19","36.07","36.22","35.99","78.03K","-0.79%"
"06/25/2024","36.48","36.34","36.51","36.31","134.49K","-0.25%"
"06/24/2024","36.57","36.49","36.65","36.47","252.61K","1.56%"
"06/21/2024","36.01","35.81","36.07","35.68","211.58K","-0.99%"
"06/20/2024","36.37","36.27","36.42","36.24","524.32K","0.83%"
"06/18/2024","36.07","35.88","36.07","35.88","206.79K","0.90%"
"06/17/2024","35.75","35.52","35.75","35.32","252.47K","1.30%"
"06/14/2024","35.29","35.11","35.34","34.97","295.65K","-2.84%"
"06/13/2024","36.32","36.91","36.91","36.22","290.62K","-2.42%"
"06/12/2024","37.22","37.33","37.43","37.15","337.83K","1.69%"
"06/11/2024","36.60","36.59","36.68","36.36","545.63K","-4.34%"
"06/10/2024","38.26","38.03","38.31","37.96","132.01K","-0.70%"
"06/07/2024","38.53","38.67","38.71","38.47","101.04K","-1.21%"
"06/06/2024","39.00","38.83","39.01","38.83","126.85K","0.36%"
"06/05/2024","38.86","38.93","38.95","38.63","214.99K","0.60%"
"06/04/2024","38.63","38.62","38.72","38.49","171.23K","-0.92%"
"06/03/2024","38.99","38.99","39.01","38.78","199.83K","0.41%"
"05/31/2024","38.83","38.63","38.87","38.50","182.61K","0.73%"
"05/30/2024","38.55","38.42","38.64","38.42","129.09K","1.13%"
"05/29/2024","38.12","38.22","38.32","38.10","195.09K","-1.85%"
"05/28/2024","38.84","38.92","38.94","38.71","117.17K","0.52%"
"05/24/2024","38.64","38.49","38.69","38.47","190.06K","0.97%"
"05/23/2024","38.27","38.74","38.75","38.17","408.04K","-0.42%"
"05/22/2024","38.43","38.63","38.66","38.33","114.95K","-1.08%"
"05/21/2024","38.85","38.80","38.90","38.73","137.41K","-0.38%"
"05/20/2024","39.00","39.22","39.22","39.00","113.87K","-0.86%"
"05/17/2024","39.34","39.20","39.37","39.13","268.81K","0.33%"
"05/16/2024","39.21","39.30","39.37","39.19","553.80K","-0.25%"
"05/15/2024","39.31","39.10","39.31","39.04","652.18K","1.16%"
"05/14/2024","38.86","38.65","38.87","38.64","160.61K","1.41%"
"05/13/2024","38.32","38.31","38.44","38.26","310.62K","0.34%"
"05/10/2024","38.19","38.28","38.28","38.07","151.48K","0.79%"
"05/09/2024","37.89","37.48","37.89","37.48","119.26K","1.15%"
"05/08/2024","37.46","37.26","37.46","37.26","216.36K","-0.05%"
"05/07/2024","37.48","37.58","37.58","37.42","220.07K","0.27%"
"05/06/2024","37.38","37.19","37.39","37.17","186.17K","1.14%"
"05/03/2024","36.96","37.01","37.10","36.80","202.42K","0.24%"
"05/02/2024","36.87","36.85","36.94","36.60","473.09K","0.96%"
"05/01/2024","36.52","36.56","36.97","36.38","798.92K","-0.08%"
"04/30/2024","36.55","36.90","36.98","36.51","311.33K","-2.06%"
"04/29/2024","37.32","37.17","37.38","37.13","181.87K","0.21%"
"04/26/2024","37.24","37.15","37.28","37.06","229.76K","0.54%"
"04/25/2024","37.04","36.67","37.08","36.59","292.03K","-0.88%"
"04/24/2024","37.37","37.36","37.38","37.16","241.52K","-0.64%"
"04/23/2024","37.61","37.22","37.64","37.21","262.09K","2.26%"
"04/22/2024","36.78","36.56","36.93","36.53","480.97K","1.07%"
"04/19/2024","36.39","36.38","36.49","36.26","487.71K","0.80%"
"04/18/2024","36.10","36.08","36.37","35.99","629.36K","0.14%"
"04/17/2024","36.05","36.18","36.20","35.89","479.72K","0.98%"
"04/16/2024","35.70","35.82","35.89","35.59","491.19K","-0.83%"
"04/15/2024","36.00","36.60","36.66","35.96","367.85K","0.08%"
"04/12/2024","35.97","36.16","36.29","35.90","237.16K","-1.40%"
"04/11/2024","36.48","36.56","36.59","36.05","468.99K","-0.52%"
"04/10/2024","36.67","36.54","36.86","36.47","281.04K","-1.21%"
"04/09/2024","37.12","37.37","37.39","36.96","278.78K","-0.64%"
"04/08/2024","37.36","37.33","37.44","37.28","528.74K","0.78%"
"04/05/2024","37.07","36.93","37.16","36.78","344.41K","0.03%"
"04/04/2024","37.06","37.65","37.71","37.03","641.72K","-1.25%"
"04/03/2024","37.53","37.24","37.59","37.22","491.46K","0.83%"
"04/02/2024","37.22","37.34","37.35","37.15","571.40K","-1.14%"
"04/01/2024","37.65","37.72","37.90","37.63","892.70K","-0.19%"
"03/28/2024","37.72","37.78","37.84","37.70","1.10M","-0.61%"
"03/27/2024","37.95","37.88","37.95","37.79","230.45K","0.50%"
"03/26/2024","37.76","37.91","37.96","37.74","176.18K","-0.03%"
"03/25/2024","37.77","37.65","37.84","37.63","254.72K","1.02%"
"03/22/2024","37.39","37.42","37.46","37.31","648.19K","-0.21%"
"03/21/2024","37.47","37.70","37.76","37.46","217.68K","-1.21%"
"03/20/2024","37.93","37.43","37.93","37.40","328.79K","1.28%"
"03/19/2024","37.45","37.30","37.51","37.28","148.50K","0.94%"
"03/18/2024","37.10","37.26","37.28","37.08","127.08K","-0.35%"
"03/15/2024","37.23","37.20","37.24","37.08","207.68K","0.70%"
"03/14/2024","36.97","37.25","37.28","36.81","419.29K","-0.75%"
"03/13/2024","37.25","37.31","37.36","37.21","238.65K","0.51%"
"03/12/2024","37.06","36.79","37.06","36.63","184.73K","1.20%"
"03/11/2024","36.62","36.57","36.65","36.40","185.35K","-0.14%"
"03/08/2024","36.67","36.84","36.89","36.60","238.78K","-0.19%"
"03/07/2024","36.74","36.70","36.78","36.65","433.99K","0.44%"
"03/06/2024","36.58","36.59","36.67","36.52","376.71K","1.19%"
"03/05/2024","36.15","36.08","36.29","36.03","179.87K","0.64%"
"03/04/2024","35.92","35.83","35.98","35.83","104.20K","0.03%"
"03/01/2024","35.91","35.85","35.95","35.63","244.59K","0.79%"
"02/29/2024","35.63","35.80","35.80","35.42","298.79K","0.00%"
"02/28/2024","35.63","35.59","35.68","35.56","389.81K","-0.31%"
"02/27/2024","35.74","35.67","35.78","35.66","291.84K","0.28%"
"02/26/2024","35.64","35.72","35.73","35.58","117.79K","-0.22%"
"02/23/2024","35.72","35.71","35.78","35.65","316.82K","0.79%"
"02/22/2024","35.44","35.48","35.48","35.31","270.31K","0.94%"
"02/21/2024","35.11","34.92","35.15","34.90","404.69K","1.15%"
"02/20/2024","34.71","34.71","34.75","34.61","179.78K","0.90%"
"02/16/2024","34.40","34.44","34.51","34.36","277.57K","-0.58%"
"02/15/2024","34.60","34.24","34.61","34.24","370.78K","1.97%"
"02/14/2024","33.93","33.80","33.94","33.73","544.12K","1.50%"
"02/13/2024","33.43","33.64","33.70","33.33","209.54K","-1.91%"
"02/12/2024","34.08","34.04","34.14","34.03","138.67K","0.41%"
"02/09/2024","33.94","33.83","33.97","33.70","131.93K","0.38%"
"02/08/2024","33.81","33.74","33.83","33.67","182.59K","0.21%"
"02/07/2024","33.74","33.79","33.82","33.62","102.22K","-0.38%"
"02/06/2024","33.87","33.60","33.88","33.59","426.69K","0.80%"
"02/05/2024","33.60","33.56","33.65","33.38","161.17K","-0.09%"
"02/02/2024","33.63","33.70","33.74","33.47","274.45K","-0.83%"
"02/01/2024","33.91","33.65","33.93","33.53","709.20K","1.25%"
"01/31/2024","33.49","33.87","33.91","33.44","397.10K","-0.21%"
"01/30/2024","33.56","33.39","33.60","33.39","163.28K","0.96%"
"01/29/2024","33.24","32.96","33.25","32.90","187.14K","-0.66%"
"01/26/2024","33.46","33.39","33.48","33.36","212.77K","0.90%"
"01/25/2024","33.16","33.18","33.18","32.88","426.38K","-0.30%"
"01/24/2024","33.26","33.46","33.49","33.25","265.45K","0.60%"
"01/23/2024","33.06","33.01","33.09","32.88","192.70K","-0.42%"
"01/22/2024","33.20","33.30","33.33","33.17","467.72K","-0.84%"
"01/19/2024","33.48","33.30","33.51","33.17","971.33K","0.21%"
"01/18/2024","33.41","33.35","33.42","33.20","442.33K","0.69%"
"01/17/2024","33.18","32.98","33.18","32.88","1.21M","-0.45%"
"01/16/2024","33.33","33.29","33.46","33.20","957.32K","-1.65%"
"01/12/2024","33.89","33.90","34.01","33.81","1.03M","0.44%"
"01/11/2024","33.74","33.88","33.94","33.50","239.23K","-0.38%"
"01/10/2024","33.87","33.68","33.89","33.65","156.50K","0.71%"
"01/09/2024","33.63","33.65","33.78","33.60","221.83K","-1.18%"
"01/08/2024","34.03","33.80","34.06","33.78","542.30K","1.25%"
"01/05/2024","33.61","33.53","33.92","33.53","298.66K","0.18%"
"01/04/2024","33.55","33.44","33.73","33.44","234.06K","1.12%"
"01/03/2024","33.18","33.16","33.28","33.05","364.53K","-1.51%"
"01/02/2024","33.69","33.68","33.82","33.64","310.27K","-0.71%"
"12/29/2023","33.93","33.95","34.03","33.84","182.65K","0.03%"
"12/28/2023","33.92","34.01","34.06","33.90","243.18K","-0.67%"
"12/27/2023","34.15","34.01","34.17","33.99","175.08K","0.44%"
"12/26/2023","34.00","33.85","34.06","33.83","228.57K","0.74%"
"12/22/2023","33.75","33.89","33.89","33.67","197.75K","0.12%"
"12/21/2023","33.71","33.60","33.72","33.47","237.09K","1.48%"
"12/20/2023","33.22","33.53","33.64","33.18","263.44K","-2.52%"
"12/19/2023","34.08","33.88","34.10","33.87","294.88K","1.07%"
"12/18/2023","33.72","33.77","33.81","33.65","370.24K","0.33%"
"12/15/2023","33.61","33.75","33.84","33.61","320.58K","-1.44%"
"12/14/2023","34.10","33.93","34.28","33.83","583.79K","0.65%"
"12/13/2023","33.88","33.45","33.88","33.23","271.22K","1.22%"
"12/12/2023","33.47","33.39","33.49","33.31","319.98K","0.24%"
"12/11/2023","33.39","33.30","33.40","33.26","80.55K","0.06%"
"12/08/2023","33.37","33.11","33.38","33.11","115.74K","0.82%"
"12/07/2023","33.10","33.06","33.15","32.92","132.21K","0.15%"
"12/06/2023","33.05","33.30","33.40","33.05","183.04K","0.18%"
"12/05/2023","32.99","32.90","33.08","32.88","162.62K","-0.12%"
"12/04/2023","33.03","32.88","33.05","32.88","195.61K","-0.36%"
"12/01/2023","33.15","32.97","33.17","32.88","341.25K","0.52%"
"11/30/2023","32.98","33.04","33.07","32.89","213.41K","-0.33%"
"11/29/2023","33.09","33.07","33.22","33.00","176.78K","0.82%"
"11/28/2023","32.82","32.69","32.93","32.66","167.29K","0.06%"
"11/27/2023","32.80","32.83","32.87","32.70","159.66K","0.00%"
"11/24/2023","32.80","32.63","32.81","32.62","151.62K","1.27%"
"11/22/2023","32.39","32.38","32.39","32.23","143.66K","-0.25%"
"11/21/2023","32.47","32.66","32.66","32.40","337.04K","-1.31%"
"11/20/2023","32.90","32.78","32.96","32.78","357.94K","1.08%"
"11/17/2023","32.55","32.33","32.57","32.30","316.25K","1.31%"
"11/16/2023","32.13","32.25","32.33","32.05","297.69K","-0.34%"
"11/15/2023","32.24","32.31","32.40","32.22","207.89K","-0.46%"
"11/14/2023","32.39","32.11","32.45","32.10","252.60K","3.22%"
"11/13/2023","31.38","31.13","31.41","31.09","195.21K","0.74%"
"11/10/2023","31.15","31.01","31.17","30.76","343.77K","0.61%"
"11/09/2023","30.96","31.23","31.33","30.94","557.93K","-0.19%"
"11/08/2023","31.02","31.05","31.20","30.88","905.12K","0.16%"
"11/07/2023","30.97","30.90","31.01","30.81","1.27M","-0.74%"
"11/06/2023","31.20","31.44","31.44","31.11","382.73K","-0.45%"
"11/03/2023","31.34","31.25","31.46","31.25","359.67K","1.39%"
"11/02/2023","30.91","30.89","30.94","30.74","599.17K","2.45%"
"11/01/2023","30.17","29.97","30.20","29.86","1.53M","0.90%"
"10/31/2023","29.90","29.83","30.00","29.74","404.70K","1.12%"
"10/30/2023","29.57","29.54","29.63","29.41","524.65K","1.69%"
"10/27/2023","29.08","29.50","29.50","29.01","600.63K","-0.85%"
"10/26/2023","29.33","29.41","29.50","29.23","890.93K","-0.31%"
"10/25/2023","29.42","29.41","29.63","29.31","929.69K","-1.34%"
"10/24/2023","29.82","29.81","29.91","29.68","505.44K","0.27%"
"10/23/2023","29.74","29.55","30.00","29.46","876.90K","0.51%"
"10/20/2023","29.59","29.67","29.75","29.53","622.09K","-0.47%"
"10/19/2023","29.73","29.88","30.08","29.65","858.00K","-1.06%"
"10/18/2023","30.05","30.36","30.36","30.00","507.38K","-1.57%"
"10/17/2023","30.53","30.12","30.62","30.12","709.11K","0.23%"
"10/16/2023","30.46","30.32","30.49","30.24","240.90K","1.30%"
"10/13/2023","30.07","30.30","30.33","30.00","443.18K","-0.86%"
"10/12/2023","30.33","30.69","30.69","30.21","675.32K","-1.17%"
"10/11/2023","30.69","30.78","30.83","30.50","1.19M","0.99%"
"10/10/2023","30.39","30.36","30.57","30.36","1.27M","1.67%"
"10/09/2023","29.89","29.62","29.92","29.61","316.86K","-0.73%"
"10/06/2023","30.11","29.65","30.18","29.34","678.86K","1.41%"
"10/05/2023","29.69","29.55","29.72","29.50","539.49K","0.75%"
"10/04/2023","29.47","29.52","29.53","29.19","598.29K","0.31%"
"10/03/2023","29.38","29.44","29.52","29.28","863.74K","-1.14%"
"10/02/2023","29.72","30.18","30.19","29.66","597.19K","-2.30%"
"09/29/2023","30.42","30.83","30.83","30.35","363.35K","0.16%"
"09/28/2023","30.37","30.20","30.48","30.12","354.48K","0.86%"
"09/27/2023","30.11","30.27","30.27","29.86","325.81K","-0.46%"
"09/26/2023","30.25","30.35","30.49","30.20","426.58K","-1.66%"
"09/25/2023","30.76","30.60","30.79","30.46","377.54K","-0.84%"
"09/22/2023","31.02","31.20","31.34","30.98","376.67K","-0.58%"
"09/21/2023","31.20","31.42","31.44","31.17","571.79K","-1.95%"
"09/20/2023","31.82","32.06","32.26","31.82","386.49K","0.89%"
"09/19/2023","31.54","31.55","31.62","31.46","491.98K","0.57%"
"09/18/2023","31.36","31.45","31.45","31.26","218.97K","-0.73%"
"09/15/2023","31.59","31.66","31.83","31.57","273.59K","-0.28%"
"09/14/2023","31.68","31.44","31.69","31.44","292.09K","1.21%"
"09/13/2023","31.30","31.41","31.43","31.23","115.54K","-0.63%"
"09/12/2023","31.50","31.37","31.63","31.37","101.84K","-0.32%"
"09/11/2023","31.60","31.48","31.63","31.40","149.92K","1.54%"
"09/08/2023","31.12","31.09","31.24","31.00","147.02K","0.23%"
"09/07/2023","31.05","31.10","31.18","30.98","466.78K","-0.35%"
"09/06/2023","31.16","31.26","31.38","31.03","326.94K","-1.36%"
"09/05/2023","31.59","31.78","31.80","31.56","167.68K","-0.79%"
"09/01/2023","31.84","32.20","32.20","31.74","128.41K","-0.81%"
"08/31/2023","32.10","32.35","32.38","32.06","287.96K","-1.17%"
"08/30/2023","32.48","32.52","32.67","32.42","482.34K","0.15%"
"08/29/2023","32.43","31.94","32.53","31.89","222.50K","1.92%"
"08/28/2023","31.82","31.74","31.87","31.72","212.33K","0.98%"
"08/25/2023","31.51","31.50","31.59","31.20","284.03K","1.12%"
"08/24/2023","31.16","31.38","31.56","31.15","283.41K","-1.33%"
"08/23/2023","31.58","31.37","31.61","31.35","137.03K","0.89%"
"08/22/2023","31.30","31.51","31.52","31.26","345.14K","-0.35%"
"08/21/2023","31.41","31.46","31.49","31.25","188.19K","1.06%"
"08/18/2023","31.08","30.83","31.13","30.78","528.47K","0.06%"
"08/17/2023","31.06","31.41","31.43","31.00","257.08K","-1.02%"
"08/16/2023","31.38","31.62","31.77","31.35","238.66K","-0.57%"
"08/15/2023","31.56","31.78","31.80","31.49","140.69K","-1.28%"
"08/14/2023","31.97","31.83","32.03","31.72","167.26K","0.09%"
"08/11/2023","31.94","31.98","32.03","31.86","324.38K","-0.71%"
"08/10/2023","32.17","32.37","32.58","32.07","618.30K","0.50%"
"08/09/2023","32.01","31.98","32.13","31.92","286.14K","0.69%"
"08/08/2023","31.79","31.43","31.80","31.32","956.79K","-1.64%"
"08/07/2023","32.32","32.19","32.33","32.06","622.57K","0.59%"
"08/04/2023","32.13","32.31","32.51","32.09","272.21K","-0.56%"
"08/03/2023","32.31","32.18","32.34","32.08","1.51M","-0.52%"
"08/02/2023","32.48","32.69","32.75","32.39","1.78M","-1.81%"
"08/01/2023","33.08","33.10","33.25","32.97","1.68M","-1.25%"
"07/31/2023","33.50","33.60","33.67","33.45","107.03K","0.45%"
"07/28/2023","33.35","33.37","33.54","33.32","218.06K","0.69%"
"07/27/2023","33.12","33.45","33.49","33.08","239.64K","-0.24%"
"07/26/2023","33.20","32.83","33.35","32.83","463.65K","1.03%"
"07/25/2023","32.86","32.81","32.99","32.81","168.18K","-0.39%"
"07/24/2023","32.99","32.91","33.11","32.91","491.58K","0.09%"
"07/21/2023","32.96","33.03","33.05","32.94","178.59K","0.15%"
"07/20/2023","32.91","33.08","33.13","32.86","248.56K","-0.09%"
"07/19/2023","32.94","32.99","33.06","32.89","350.32K","-0.51%"
"07/18/2023","33.11","32.92","33.13","32.92","161.17K","0.15%"
"07/17/2023","33.06","32.94","33.10","32.86","196.73K","0.27%"
"07/14/2023","32.97","33.16","33.18","32.95","299.60K","-0.60%"
"07/13/2023","33.17","33.07","33.22","33.02","400.52K","1.72%"
"07/12/2023","32.61","32.29","32.66","32.29","284.12K","2.42%"
"07/11/2023","31.84","31.70","31.88","31.64","352.53K","0.86%"
"07/10/2023","31.57","31.53","31.60","31.45","147.72K","0.70%"
"07/07/2023","31.35","31.12","31.52","31.06","401.47K","1.26%"
"07/06/2023","30.96","31.06","31.08","30.74","364.25K","-1.75%"
"07/05/2023","31.51","31.73","31.73","31.50","429.56K","-1.35%"
"07/03/2023","31.94","31.94","32.00","31.90","416.47K","0.35%"
"06/30/2023","31.83","31.75","31.85","31.70","313.98K","1.40%"
"06/29/2023","31.39","31.23","31.39","31.23","284.05K","0.71%"
"06/28/2023","31.17","31.08","31.18","31.05","380.69K","0.19%"
"06/27/2023","31.11","30.85","31.16","30.82","179.19K","1.40%"
"06/26/2023","30.68","30.58","30.73","30.58","194.72K","0.36%"
"06/23/2023","30.57","30.53","30.70","30.53","272.60K","-1.42%"
"06/22/2023","31.01","31.02","31.16","30.96","135.37K","-0.93%"
"06/21/2023","31.30","31.07","31.38","31.04","190.35K","0.48%"
"06/20/2023","31.15","31.20","31.25","31.06","198.19K","-0.92%"
"06/16/2023","31.44","31.59","31.59","31.39","159.90K","0.22%"
"06/15/2023","31.37","31.08","31.40","31.08","757.72K","1.29%"
"06/14/2023","30.97","31.11","31.18","30.83","250.31K","0.81%"
"06/13/2023","30.72","30.71","30.79","30.67","112.97K","0.85%"
"06/12/2023","30.46","30.39","30.51","30.33","158.97K","0.73%"
"06/09/2023","30.24","30.29","30.29","30.16","199.32K","-0.62%"
"06/08/2023","30.43","30.39","30.45","30.33","196.76K","1.67%"
"06/07/2023","29.93","29.94","30.02","29.85","314.31K","-2.70%"
"06/06/2023","30.76","30.45","30.77","30.44","238.32K","0.95%"
"06/05/2023","30.47","30.57","30.59","30.38","242.27K","-1.01%"
"06/02/2023","30.78","30.74","30.84","30.70","316.85K","1.32%"
"06/01/2023","30.38","30.01","30.41","29.92","670.28K","2.36%"
"05/31/2023","29.68","29.83","29.84","29.44","378.35K","-2.11%"
"05/30/2023","30.32","30.45","30.50","30.22","209.10K","-0.49%"
"05/26/2023","30.47","30.33","30.52","30.27","909.52K","0.86%"
"05/25/2023","30.21","30.21","30.28","30.08","382.68K","-0.63%"
"05/24/2023","30.40","30.53","30.53","30.36","189.90K","-1.62%"
"05/23/2023","30.90","31.07","31.16","30.89","231.37K","-1.34%"
"05/22/2023","31.32","31.24","31.39","31.22","204.29K","0.29%"
"05/19/2023","31.23","31.25","31.35","31.18","166.17K","1.04%"
"05/18/2023","30.91","31.03","31.03","30.73","319.17K","-0.87%"
"05/17/2023","31.18","31.10","31.24","30.93","296.36K","0.39%"
"05/16/2023","31.06","31.26","31.31","31.04","289.79K","-0.80%"
"05/15/2023","31.31","31.30","31.37","31.23","220.83K","-0.03%"
"05/12/2023","31.32","31.43","31.48","31.25","560.58K","0.06%"
"05/11/2023","31.30","31.15","31.34","31.02","309.03K","-0.95%"
"05/10/2023","31.60","31.78","31.78","31.38","230.72K","-0.35%"
"05/09/2023","31.71","31.52","31.76","31.51","182.00K","-0.81%"
"05/08/2023","31.97","32.06","32.08","31.92","137.61K","-0.09%"
"05/05/2023","32.00","31.64","32.09","31.63","176.33K","2.53%"
"05/04/2023","31.21","31.25","31.33","31.07","286.17K","-0.48%"
"05/03/2023","31.36","31.39","31.63","31.34","319.23K","0.93%"
"05/02/2023","31.07","31.37","31.37","30.90","395.22K","-1.99%"
"05/01/2023","31.70","31.82","31.85","31.67","406.63K","0.13%"
"04/28/2023","31.66","31.31","31.73","31.28","527.42K","-0.66%"
"04/27/2023","31.87","31.63","31.89","31.51","594.09K","1.79%"
"04/26/2023","31.31","31.52","31.56","31.28","497.87K","0.16%"
"04/25/2023","31.26","31.62","31.62","31.25","323.80K","-2.04%"
"04/24/2023","31.91","31.89","31.98","31.88","865.05K","0.69%"
"04/21/2023","31.69","31.56","31.72","31.41","428.24K","0.73%"
"04/20/2023","31.46","31.37","31.56","31.37","165.57K","-0.73%"
"04/19/2023","31.69","31.66","31.81","31.64","257.90K","0.00%"
"04/18/2023","31.69","31.66","31.73","31.60","128.60K","0.67%"
"04/17/2023","31.48","31.48","31.53","31.28","329.50K","-0.82%"
"04/14/2023","31.74","31.77","31.87","31.62","299.45K","0.09%"
"04/13/2023","31.71","31.57","31.74","31.51","314.36K","0.67%"
"04/12/2023","31.50","31.60","31.67","31.40","411.38K","1.19%"
"04/11/2023","31.13","31.05","31.21","31.02","412.70K","0.65%"
"04/10/2023","30.93","30.70","31.02","30.70","191.06K","0.16%"
"04/06/2023","30.88","30.58","30.99","30.57","263.27K","1.28%"
"04/05/2023","30.49","30.52","30.62","30.34","317.71K","-0.49%"
"04/04/2023","30.64","30.74","30.76","30.52","461.80K","-0.39%"
"04/03/2023","30.76","30.58","30.76","30.56","689.23K","1.08%"
"03/31/2023","30.43","30.47","30.56","30.38","274.26K","0.03%"
"03/30/2023","30.42","30.48","30.49","30.33","874.86K","1.10%"
"03/29/2023","30.09","29.94","30.13","29.90","444.07K","1.42%"
"03/28/2023","29.67","29.52","29.72","29.49","474.17K","0.71%"
"03/27/2023","29.46","29.40","29.49","29.23","529.94K","1.31%"
"03/24/2023","29.08","28.93","29.11","28.78","405.89K","-0.95%"
"03/23/2023","29.36","29.79","29.94","29.19","671.51K","-0.24%"
"03/22/2023","29.43","29.63","30.02","29.42","540.39K","-0.57%"
"03/21/2023","29.60","29.62","29.69","29.45","433.34K","3.03%"
"03/20/2023","28.73","28.48","28.84","28.47","293.52K","2.28%"
"03/17/2023","28.09","28.12","28.19","27.83","602.34K","-2.16%"
"03/16/2023","28.71","27.90","28.71","27.90","1.16M","1.02%"
"03/15/2023","28.42","28.00","28.44","27.85","1.08M","-4.47%"
"03/14/2023","29.75","29.66","29.80","29.51","535.02K","2.23%"
"03/13/2023","29.10","29.00","29.38","28.88","717.26K","-1.82%"
"03/10/2023","29.64","29.98","30.09","29.58","734.12K","-1.07%"
"03/09/2023","29.96","30.33","30.43","29.93","400.97K","-1.67%"
"03/08/2023","30.47","30.36","30.54","30.28","376.77K","0.59%"
"03/07/2023","30.29","30.82","30.82","30.24","346.39K","-1.82%"
"03/06/2023","30.85","30.83","30.96","30.79","148.80K","0.13%"
"03/03/2023","30.81","30.52","30.83","30.44","1.25M","1.85%"
"03/02/2023","30.25","30.01","30.29","29.98","1.75M","0.36%"
"03/01/2023","30.14","30.31","30.35","29.99","1.32M","0.43%"
"02/28/2023","30.01","30.26","30.30","30.01","139.45K","-0.40%"
"02/27/2023","30.13","30.04","30.20","30.03","451.61K","1.69%"
"02/24/2023","29.63","29.55","29.64","29.45","516.23K","-1.53%"
"02/23/2023","30.09","30.06","30.18","29.81","491.50K","0.74%"
"02/22/2023","29.87","29.93","30.04","29.80","452.70K","-1.06%"
"02/21/2023","30.19","30.31","30.46","30.17","376.32K","-2.01%"
"02/17/2023","30.81","30.57","30.84","30.55","1.06M","0.23%"
"02/16/2023","30.74","30.56","30.95","30.54","596.95K","0.49%"
"02/15/2023","30.59","30.41","30.61","30.37","214.22K","-0.55%"
"02/14/2023","30.76","30.54","30.90","30.50","349.70K","0.56%"
"02/13/2023","30.59","30.40","30.60","30.37","191.20K","1.02%"
"02/10/2023","30.28","30.28","30.31","30.09","280.38K","-0.69%"
"02/09/2023","30.49","30.76","30.81","30.42","377.70K","0.79%"
"02/08/2023","30.25","30.37","30.41","30.19","355.69K","-0.46%"
"02/07/2023","30.39","30.06","30.40","29.95","476.77K","1.13%"
"02/06/2023","30.05","29.95","30.07","29.85","552.45K","0.00%"
"02/03/2023","30.05","30.07","30.39","30.00","586.48K","-1.89%"
"02/02/2023","30.63","30.69","30.72","30.36","460.58K","-0.03%"
"02/01/2023","30.64","30.23","30.73","30.06","1.10M","1.22%"
"01/31/2023","30.27","29.90","30.27","29.85","338.29K","1.85%"
"01/30/2023","29.72","29.90","30.00","29.69","187.01K","-0.93%"
"01/27/2023","30.00","29.81","30.07","29.78","211.54K","0.23%"
"01/26/2023","29.93","29.86","29.93","29.63","501.54K","0.40%"
"01/25/2023","29.81","29.46","29.83","29.44","352.45K","0.47%"
"01/24/2023","29.67","29.48","29.71","29.39","262.69K","0.24%"
"01/23/2023","29.60","29.39","29.65","29.34","288.29K","0.24%"
"01/20/2023","29.53","29.32","29.54","29.22","380.79K","0.82%"
"01/19/2023","29.29","29.28","29.38","29.10","217.62K","-0.61%"
"01/18/2023","29.47","29.93","29.97","29.45","362.16K","-0.44%"
"01/17/2023","29.60","29.64","29.82","29.52","304.32K","-0.07%"
"01/13/2023","29.62","29.31","29.64","29.31","186.81K","-0.07%"
"01/12/2023","29.64","29.41","29.68","29.13","419.27K","1.65%"
"01/11/2023","29.16","29.10","29.19","28.98","544.70K","0.80%"
"01/10/2023","28.93","28.80","28.94","28.70","270.58K","0.94%"
"01/09/2023","28.66","28.79","28.92","28.65","550.90K","0.77%"
"01/06/2023","28.44","27.90","28.47","27.80","443.49K","2.56%"
"01/05/2023","27.73","27.78","27.89","27.69","257.95K","-0.93%"
"01/04/2023","27.99","27.99","28.08","27.81","458.65K","2.12%"
"01/03/2023","27.41","27.58","27.72","27.30","1.07M","1.74%"
"12/30/2022","26.94","27.09","27.21","26.90","406.69K","-1.39%"
"12/29/2022","27.32","27.15","27.39","27.15","232.58K","2.13%"
"12/28/2022","26.75","27.02","27.09","26.75","332.50K","-0.78%"
"12/27/2022","26.96","26.98","27.06","26.91","282.38K","-0.11%"
"12/23/2022","26.99","26.83","27.01","26.77","510.88K","0.63%"
"12/22/2022","26.82","26.97","26.97","26.58","564.78K","-0.92%"
"12/21/2022","27.07","26.99","27.15","26.91","391.59K","1.42%"
"12/20/2022","26.69","26.60","26.78","26.57","485.41K","0.38%"
"12/19/2022","26.59","26.74","26.76","26.50","387.54K","-0.08%"
"12/16/2022","26.61","26.60","26.75","26.46","1.04M","-0.63%"
"12/15/2022","26.78","27.16","27.21","26.64","881.05K","-3.04%"
"12/14/2022","27.62","27.73","27.85","27.48","667.81K","-0.14%"
"12/13/2022","27.66","28.00","28.07","27.50","664.00K","0.00%"
"12/12/2022","27.66","27.55","27.70","27.50","312.73K","1.10%"
"12/09/2022","27.36","27.32","27.54","27.32","523.46K","-0.55%"
"12/08/2022","27.51","27.49","27.58","27.38","1.46M","0.15%"
"12/07/2022","27.47","27.46","27.59","27.32","405.03K","0.40%"
"12/06/2022","27.36","27.68","27.70","27.24","1.07M","-1.08%"
"12/05/2022","27.66","27.99","28.05","27.58","694.86K","-1.07%"
"12/02/2022","27.96","27.80","28.02","27.72","426.89K","-0.11%"
"12/01/2022","27.99","28.07","28.16","27.79","576.48K","0.61%"
"11/30/2022","27.82","27.46","27.89","27.21","859.12K","1.76%"
"11/29/2022","27.34","27.18","27.43","27.18","548.57K","0.66%"
"11/28/2022","27.16","27.46","27.57","27.10","507.15K","-1.91%"
"11/25/2022","27.69","27.55","27.72","27.52","202.10K","0.73%"
"11/23/2022","27.49","27.30","27.54","27.29","443.47K","0.59%"
"11/22/2022","27.33","27.07","27.36","27.04","308.62K","1.52%"
"11/21/2022","26.92","26.91","26.96","26.78","604.22K","-1.32%"
"11/18/2022","27.28","27.33","27.33","27.11","698.19K","0.55%"
"11/17/2022","27.13","26.83","27.16","26.80","764.42K","-0.66%"
"11/16/2022","27.31","27.36","27.39","27.18","770.54K","0.29%"
"11/15/2022","27.23","27.48","27.51","26.85","1.12M","0.70%"
"11/14/2022","27.04","27.19","27.37","27.03","898.48K","-1.17%"
"11/11/2022","27.36","27.04","27.42","26.89","1.03M","2.24%"
"11/10/2022","26.76","26.49","26.78","26.32","1.50M","5.02%"
"11/09/2022","25.48","25.58","25.85","25.46","773.49K","-0.47%"
"11/08/2022","25.60","25.48","25.73","25.38","675.04K","1.15%"
"11/07/2022","25.31","25.29","25.39","25.17","749.76K","1.24%"
"11/04/2022","25.00","24.55","25.02","24.47","1.36M","5.22%"
"11/03/2022","23.76","23.66","23.87","23.62","558.00K","-0.59%"
"11/02/2022","23.90","24.30","24.64","23.90","772.57K","-1.61%"
"11/01/2022","24.29","24.68","24.68","24.11","429.11K","0.87%"
"10/31/2022","24.08","24.06","24.15","24.00","516.27K","-0.78%"
"10/28/2022","24.27","24.06","24.29","23.98","559.57K","0.83%"
"10/27/2022","24.07","24.12","24.38","24.06","428.17K","0.25%"
"10/26/2022","24.01","23.80","24.19","23.80","935.79K","0.97%"
"10/25/2022","23.78","23.36","23.81","23.35","734.47K","2.06%"
"10/24/2022","23.30","23.22","23.45","23.15","840.01K","1.22%"
"10/21/2022","23.02","22.44","23.02","22.35","896.41K","1.77%"
"10/20/2022","22.62","22.70","22.95","22.55","710.54K","0.44%"
"10/19/2022","22.52","22.56","22.66","22.37","811.19K","-1.70%"
"10/18/2022","22.91","23.07","23.12","22.66","951.78K","1.78%"
"10/17/2022","22.51","22.35","22.57","22.34","467.05K","3.49%"
"10/14/2022","21.75","22.23","22.32","21.72","695.97K","-1.14%"
"10/13/2022","22.00","21.04","22.08","20.99","1.35M","3.19%"
"10/12/2022","21.32","21.37","21.44","21.25","782.92K","-0.84%"
"10/11/2022","21.50","21.55","21.87","21.39","787.81K","-1.19%"
"10/10/2022","21.76","21.77","21.89","21.62","927.04K","0.09%"
"10/07/2022","21.74","22.04","22.10","21.67","631.07K","-1.76%"
"10/06/2022","22.13","22.20","22.36","22.08","797.72K","-2.64%"
"10/05/2022","22.73","22.56","22.86","22.34","651.02K","-1.94%"
"10/04/2022","23.18","22.88","23.23","22.88","783.97K","4.79%"
"10/03/2022","22.12","21.93","22.23","21.83","1.29M","2.88%"
"09/30/2022","21.50","21.44","21.80","21.40","851.36K","0.05%"
"09/29/2022","21.49","21.35","21.51","21.07","840.28K","-2.23%"
"09/28/2022","21.98","21.36","22.03","21.29","1.21M","2.33%"
"09/27/2022","21.48","21.81","21.95","21.30","1.95M","-1.29%"
"09/26/2022","21.76","21.90","22.13","21.68","1.74M","-0.73%"
"09/23/2022","21.92","22.21","22.23","21.73","1.90M","-4.65%"
"09/22/2022","22.99","23.20","23.23","22.87","758.10K","0.22%"
"09/21/2022","22.94","23.27","23.51","22.93","1.16M","-1.21%"
"09/20/2022","23.22","23.35","23.36","23.03","1.21M","-2.85%"
"09/19/2022","23.90","23.39","23.91","23.39","577.00K","0.63%"
"09/16/2022","23.75","23.64","23.81","23.56","996.60K","-0.46%"
"09/15/2022","23.86","23.84","24.08","23.81","1.57M","-0.58%"
"09/14/2022","24.00","23.85","24.10","23.78","673.94K","1.44%"
"09/13/2022","23.66","24.05","24.24","23.64","717.34K","-3.23%"
"09/12/2022","24.45","24.36","24.54","24.34","967.25K","2.64%"
"09/09/2022","23.82","23.69","23.83","23.62","772.82K","3.03%"
"09/08/2022","23.12","22.65","23.16","22.60","1.26M","-0.26%"
"09/07/2022","23.18","22.70","23.19","22.67","492.10K","1.93%"
"09/06/2022","22.74","22.82","22.97","22.59","882.85K","-0.31%"
"09/02/2022","22.81","23.35","23.61","22.73","1.13M","-0.57%"
"09/01/2022","22.94","22.91","22.98","22.61","974.84K","-0.86%"
"08/31/2022","23.14","23.28","23.39","23.11","699.31K","-1.15%"
"08/30/2022","23.41","23.76","23.78","23.32","809.39K","-0.51%"
"08/29/2022","23.53","23.35","23.62","23.33","683.62K","0.99%"
"08/26/2022","23.30","24.07","24.11","23.27","1.78M","-3.72%"
"08/25/2022","24.20","23.97","24.21","23.92","410.34K","0.88%"
"08/24/2022","23.99","23.77","24.11","23.77","351.66K","0.21%"
"08/23/2022","23.94","23.83","24.16","23.82","799.32K","1.44%"
"08/22/2022","23.60","23.74","23.74","23.55","448.44K","-2.76%"
"08/19/2022","24.27","24.39","24.40","24.20","416.14K","-2.41%"
"08/18/2022","24.87","24.89","24.95","24.78","1.10M","-0.08%"
"08/17/2022","24.89","24.81","25.03","24.74","532.93K","-0.56%"
"08/16/2022","25.03","24.95","25.11","24.95","326.46K","-0.52%"
"08/15/2022","25.16","25.03","25.22","25.03","718.67K","-0.98%"
"08/12/2022","25.41","25.21","25.43","25.14","653.66K","0.83%"
"08/11/2022","25.20","25.27","25.32","25.15","565.23K","0.76%"
"08/10/2022","25.01","25.02","25.16","24.92","1.62M","1.79%"
"08/09/2022","24.57","24.72","24.76","24.54","603.40K","-0.45%"
"08/08/2022","24.68","24.76","24.87","24.62","692.79K","0.24%"
"08/05/2022","24.62","24.42","24.66","24.41","398.99K","-0.28%"
"08/04/2022","24.69","24.61","24.76","24.57","787.93K","0.73%"
"08/03/2022","24.51","24.38","24.54","24.24","414.93K","1.24%"
"08/02/2022","24.21","24.34","24.48","24.20","776.08K","-1.75%"
"08/01/2022","24.64","24.75","24.91","24.50","646.95K","0.00%"
"07/29/2022","24.64","24.33","24.67","24.25","1.53M","2.71%"
"07/28/2022","23.99","23.73","24.03","23.54","1.18M","1.61%"
"07/27/2022","23.61","23.20","23.66","23.17","1.72M","3.19%"
"07/26/2022","22.88","23.05","23.12","22.86","3.38M","-2.31%"
"07/25/2022","23.42","23.39","23.52","23.30","2.33M","1.39%"
"07/22/2022","23.10","23.33","23.45","23.00","913.85K","-0.26%"
"07/21/2022","23.16","22.81","23.19","22.80","1.78M","1.53%"
"07/20/2022","22.81","23.45","23.51","22.56","4.38M","-4.16%"
"07/19/2022","23.80","23.57","23.87","23.52","837.39K","4.20%"
"07/18/2022","22.84","23.08","23.18","22.79","770.05K","1.69%"
"07/15/2022","22.46","22.39","22.62","22.27","2.20M","2.00%"
"07/14/2022","22.02","22.01","22.27","21.61","3.98M","-4.43%"
"07/13/2022","23.04","22.73","23.18","22.66","1.05M","0.13%"
"07/12/2022","23.01","23.02","23.24","22.97","841.10K","-1.03%"
"07/11/2022","23.25","23.40","23.45","23.22","827.06K","-1.90%"
"07/08/2022","23.70","23.70","23.82","23.53","442.85K","0.38%"
"07/07/2022","23.61","23.43","23.63","23.43","451.22K","2.16%"
"07/06/2022","23.11","22.98","23.16","22.88","639.99K","-0.69%"
"07/05/2022","23.27","23.11","23.27","22.88","1.61M","-3.88%"
"07/01/2022","24.21","23.86","24.22","23.72","768.22K","0.54%"
"06/30/2022","24.08","23.86","24.15","23.66","1.12M","-1.39%"
"06/29/2022","24.42","24.72","24.72","24.41","955.41K","-1.17%"
"06/28/2022","24.71","25.04","25.15","24.69","961.42K","-0.32%"
"06/27/2022","24.79","24.88","24.99","24.74","1.07M","-1.47%"
"06/24/2022","25.16","24.61","25.17","24.60","1.21M","2.95%"
"06/23/2022","24.44","24.49","24.52","24.15","1.59M","-0.29%"
"06/22/2022","24.51","24.38","24.79","24.34","1.17M","-0.97%"
"06/21/2022","24.75","24.83","24.92","24.73","839.78K","1.39%"
"06/17/2022","24.41","24.56","24.67","24.20","1.39M","0.00%"
"06/16/2022","24.41","24.35","24.58","24.24","2.60M","-2.87%"
"06/15/2022","25.13","24.97","25.28","24.65","2.66M","3.63%"
"06/14/2022","24.25","24.50","24.64","24.08","1.19M","-0.45%"
"06/13/2022","24.36","24.52","24.65","24.26","1.29M","-3.56%"
"06/10/2022","25.26","25.40","25.44","25.15","1.98M","-5.00%"
"06/09/2022","26.59","26.96","27.05","26.58","1.36M","-5.94%"
"06/08/2022","28.27","28.38","28.49","28.21","565.70K","-1.33%"
"06/07/2022","28.65","28.36","28.69","28.34","611.91K","-0.17%"
"06/06/2022","28.70","28.75","28.92","28.65","648.79K","1.23%"
"06/03/2022","28.35","28.35","28.47","28.27","537.88K","-1.84%"
"06/02/2022","28.88","28.52","28.89","28.43","840.11K","1.98%"
"06/01/2022","28.32","28.78","28.82","28.19","927.10K","-1.77%"
"05/31/2022","28.83","28.85","28.95","28.64","898.28K","-0.48%"
"05/27/2022","28.97","28.86","29.00","28.82","430.23K","0.38%"
"05/26/2022","28.86","28.58","28.92","28.58","653.85K","1.37%"
"05/25/2022","28.47","28.06","28.61","28.06","1.40M","0.74%"
"05/24/2022","28.26","28.13","28.34","28.02","972.06K","0.21%"
"05/23/2022","28.20","27.92","28.24","27.83","1.16M","2.32%"
"05/20/2022","27.56","27.86","27.87","27.18","1.70M","-0.14%"
"05/19/2022","27.60","27.21","27.79","27.21","1.40M","2.07%"
"05/18/2022","27.04","27.50","27.54","26.97","1.43M","-2.63%"
"05/17/2022","27.77","27.72","27.82","27.52","1.02M","2.06%"
"05/16/2022","27.21","27.15","27.35","27.01","1.07M","0.37%"
"05/13/2022","27.11","26.72","27.16","26.72","1.00M","2.69%"
"05/12/2022","26.40","26.31","26.71","26.17","2.49M","-0.75%"
"05/11/2022","26.60","26.77","27.29","26.60","2.99M","0.11%"
"05/10/2022","26.57","26.81","26.85","26.34","2.90M","1.41%"
"05/09/2022","26.20","26.50","26.57","26.14","1.52M","-2.96%"
"05/06/2022","27.00","27.17","27.22","26.87","1.65M","-0.95%"
"05/05/2022","27.26","27.72","27.75","26.97","1.92M","-3.44%"
"05/04/2022","28.23","27.72","28.25","27.39","1.82M","1.73%"
"05/03/2022","27.75","27.76","27.84","27.63","1.12M","1.17%"
"05/02/2022","27.43","27.41","27.55","27.10","1.50M","0.00%"
"04/29/2022","27.43","27.78","27.99","27.40","1.16M","-0.94%"
"04/28/2022","27.69","27.52","27.81","27.22","1.83M","1.35%"
"04/27/2022","27.32","27.14","27.53","27.05","1.37M","0.48%"
"04/26/2022","27.19","27.82","27.83","27.19","1.59M","-3.62%"
"04/25/2022","28.21","28.05","28.25","27.75","1.75M","-0.46%"
"04/22/2022","28.34","28.77","28.77","28.32","1.60M","-1.90%"
"04/21/2022","28.89","29.65","29.67","28.80","1.25M","-1.77%"
"04/20/2022","29.41","29.46","29.56","29.32","866.63K","0.58%"
"04/19/2022","29.24","28.83","29.25","28.80","630.57K","0.65%"
"04/18/2022","29.05","28.96","29.26","28.94","807.27K","-0.07%"
"04/14/2022","29.07","29.23","29.28","29.01","1.14M","-0.45%"
"04/13/2022","29.20","28.77","29.22","28.77","824.39K","1.53%"
"04/12/2022","28.76","29.03","29.19","28.70","2.42M","-0.96%"
"04/11/2022","29.04","29.22","29.32","29.03","2.66M","-0.38%"
"04/08/2022","29.15","28.95","29.29","28.91","1.92M","0.90%"
"04/07/2022","28.89","29.13","29.19","28.63","1.17M","0.10%"
"04/06/2022","28.86","28.75","28.96","28.57","1.60M","-1.57%"
"04/05/2022","29.32","29.53","29.73","29.23","1.35M","-1.64%"
"04/04/2022","29.81","29.68","29.84","29.67","4.01M","-0.53%"
"04/01/2022","29.97","29.96","30.01","29.73","1.40M","1.49%"
"03/31/2022","29.53","30.00","30.06","29.51","1.90M","-2.09%"
"03/30/2022","30.16","30.11","30.31","30.03","1.17M","0.33%"
"03/29/2022","30.06","30.16","30.24","29.79","1.69M","2.80%"
"03/28/2022","29.24","29.20","29.25","28.95","1.10M","0.72%"
"03/25/2022","29.03","28.95","29.10","28.80","1.07M","0.69%"
"03/24/2022","28.83","28.73","28.95","28.67","997.21K","1.16%"
"03/23/2022","28.50","28.54","28.68","28.47","1.03M","-1.83%"
"03/22/2022","29.03","28.97","29.08","28.90","898.61K","1.33%"
"03/21/2022","28.65","28.87","28.93","28.55","1.52M","-0.38%"
"03/18/2022","28.76","28.16","28.84","28.11","1.48M","0.17%"
"03/17/2022","28.71","28.38","28.83","28.27","2.64M","-0.21%"
"03/16/2022","28.77","28.50","28.97","28.13","5.30M","3.01%"
"03/15/2022","27.93","27.74","27.93","27.52","5.83M","1.75%"
"03/14/2022","27.45","27.58","27.85","27.39","1.24M","2.23%"
"03/11/2022","26.85","27.52","27.57","26.83","1.35M","-1.40%"
"03/10/2022","27.23","27.24","27.62","27.06","2.07M","-3.95%"
"03/09/2022","28.35","28.14","28.83","27.89","4.58M","6.02%"
"03/08/2022","26.74","26.83","27.43","26.17","4.59M","3.80%"
"03/07/2022","25.76","26.71","26.85","25.51","4.79M","-3.09%"
"03/04/2022","26.58","26.84","26.92","26.32","4.91M","-6.61%"
"03/03/2022","28.46","29.15","29.15","28.30","4.56M","-3.26%"
"03/02/2022","29.42","29.23","29.51","29.08","4.75M","1.34%"
"03/01/2022","29.03","29.81","29.89","28.75","6.83M","-4.03%"
"02/28/2022","30.25","30.13","30.80","30.07","7.30M","-3.57%"
"02/25/2022","31.37","30.97","31.40","30.94","4.42M","3.19%"
"02/24/2022","30.40","29.49","30.47","29.48","7.20M","-2.60%"
"02/23/2022","31.21","31.91","32.00","31.18","3.77M","-0.95%"
"02/22/2022","31.51","31.53","31.83","31.22","3.23M","-1.93%"
"02/18/2022","32.13","32.31","32.40","32.00","2.58M","-0.09%"
"02/17/2022","32.16","32.55","32.57","32.16","1.78M","-2.07%"
"02/16/2022","32.84","32.53","32.93","32.53","1.75M","0.43%"
"02/15/2022","32.70","32.48","32.73","32.43","1.28M","2.86%"
"02/14/2022","31.79","31.86","31.97","31.52","3.02M","-1.06%"
"02/11/2022","32.13","32.75","32.87","32.01","4.09M","-2.43%"
"02/10/2022","32.93","32.76","33.38","32.75","2.46M","-0.78%"
"02/09/2022","33.19","32.90","33.19","32.89","1.94M","2.66%"
"02/08/2022","32.33","32.06","32.34","31.94","1.82M","0.56%"
"02/07/2022","32.15","32.05","32.33","32.02","4.04M","-1.68%"
"02/04/2022","32.70","32.60","32.88","32.49","1.69M","-0.79%"
"02/03/2022","32.96","33.11","33.19","32.96","2.74M","-0.51%"
"02/02/2022","33.13","33.25","33.28","33.03","1.73M","0.82%"
"02/01/2022","32.86","32.71","32.88","32.59","2.17M","1.33%"
"01/31/2022","32.43","31.94","32.46","31.89","1.26M","1.53%"
"01/28/2022","31.94","31.74","31.95","31.48","1.66M","0.22%"
"01/27/2022","31.87","32.12","32.25","31.74","2.27M","0.00%"
"01/26/2022","31.87","32.18","32.41","31.66","2.73M","0.95%"
"01/25/2022","31.57","31.44","31.83","31.13","2.23M","-1.59%"
"01/24/2022","32.08","31.69","32.09","31.11","3.83M","-1.02%"
"01/21/2022","32.41","32.70","32.76","32.41","1.71M","-1.10%"
"01/20/2022","32.77","33.19","33.37","32.75","1.36M","-0.85%"
"01/19/2022","33.05","33.23","33.26","33.00","1.45M","-0.18%"
"01/18/2022","33.11","33.18","33.27","33.05","3.31M","-1.16%"
"01/14/2022","33.50","33.39","33.58","33.33","1.34M","-0.33%"
"01/13/2022","33.61","33.88","33.94","33.57","2.02M","-0.47%"
"01/12/2022","33.77","33.47","33.79","33.43","1.24M","1.20%"
"01/11/2022","33.37","33.08","33.38","32.96","845.76K","0.91%"
"01/10/2022","33.07","32.96","33.10","32.77","1.77M","-0.45%"
"01/07/2022","33.22","33.09","33.28","32.98","870.08K","-0.03%"
"01/06/2022","33.23","33.42","33.50","33.13","3.50M","-0.30%"
"01/05/2022","33.33","33.82","33.91","33.33","688.13K","-0.54%"
"01/04/2022","33.51","33.56","33.68","33.41","643.12K","0.51%"
"01/03/2022","33.34","33.29","33.36","33.17","907.05K","1.62%"
"12/31/2021","32.81","32.74","32.94","32.71","656.39K","0.18%"
"12/30/2021","32.75","32.86","32.93","32.72","549.84K","-0.58%"
"12/29/2021","32.94","32.82","32.96","32.79","437.31K","0.09%"
"12/28/2021","32.91","32.89","32.96","32.84","523.43K","0.18%"
"12/27/2021","32.85","32.67","32.85","32.64","606.58K","1.14%"
"12/23/2021","32.48","32.27","32.55","32.25","476.60K","0.50%"
"12/22/2021","32.32","31.99","32.34","31.96","572.61K","0.87%"
"12/21/2021","32.04","31.75","32.05","31.70","787.67K","1.52%"
"12/20/2021","31.56","31.33","31.56","31.22","1.18M","-0.16%"
"12/17/2021","31.61","31.80","31.86","31.60","1.14M","-1.40%"
"12/16/2021","32.06","32.19","32.23","31.94","1.95M","-0.37%"
"12/15/2021","32.18","31.85","32.20","31.72","1.51M","1.26%"
"12/14/2021","31.78","31.76","32.00","31.65","1.34M","0.16%"
"12/13/2021","31.73","31.93","31.96","31.70","848.70K","-2.61%"
"12/10/2021","32.58","32.56","32.61","32.45","514.14K","0.43%"
"12/09/2021","32.44","32.60","32.60","32.42","600.61K","-0.95%"
"12/08/2021","32.75","32.76","32.76","32.62","587.05K","-0.27%"
"12/07/2021","32.84","32.66","32.90","32.66","1.55M","1.77%"
"12/06/2021","32.27","32.00","32.32","31.89","1.03M","2.15%"
"12/03/2021","31.59","31.87","31.88","31.39","1.09M","-0.50%"
"12/02/2021","31.75","31.63","31.90","31.61","1.11M","1.44%"
"12/01/2021","31.30","32.04","32.16","31.30","1.50M","-0.51%"
"11/30/2021","31.46","31.78","31.90","31.19","1.63M","-0.85%"
"11/29/2021","31.73","31.95","31.96","31.56","807.22K","0.32%"
"11/26/2021","31.63","31.98","32.04","31.54","643.36K","-3.86%"
"11/24/2021","32.90","32.45","32.90","32.41","842.79K","-0.12%"
"11/23/2021","32.94","32.91","32.97","32.65","1.23M","-0.06%"
"11/22/2021","32.96","33.02","33.19","32.95","614.67K","0.15%"
"11/19/2021","32.91","33.01","33.06","32.84","469.47K","-2.02%"
"11/18/2021","33.59","33.58","33.64","33.42","544.84K","-0.24%"
"11/17/2021","33.67","33.59","33.67","33.54","450.49K","0.12%"
"11/16/2021","33.63","33.79","33.81","33.62","308.49K","-0.65%"
"11/15/2021","33.85","34.07","34.09","33.85","320.87K","-0.21%"
"11/12/2021","33.92","33.83","33.94","33.78","267.52K","0.15%"
"11/11/2021","33.87","33.85","33.94","33.81","329.85K","0.36%"
"11/10/2021","33.75","34.03","34.12","33.70","451.63K","-0.82%"
"11/09/2021","34.03","34.23","34.25","33.96","555.26K","-0.79%"
"11/08/2021","34.30","34.35","34.42","34.27","358.01K","-0.23%"
"11/05/2021","34.38","34.32","34.42","34.25","717.60K","0.91%"
"11/04/2021","34.07","34.01","34.07","33.85","648.26K","-0.26%"
"11/03/2021","34.16","33.89","34.19","33.84","642.14K","0.92%"
"11/02/2021","33.85","33.84","33.88","33.78","639.20K","-0.47%"
"11/01/2021","34.01","33.70","34.01","33.69","826.21K","1.58%"
"10/29/2021","33.48","33.40","33.50","33.32","767.00K","-0.56%"
"10/28/2021","33.67","33.53","33.72","33.49","725.45K","0.96%"
"10/27/2021","33.35","33.49","33.59","33.34","1.79M","-0.77%"
"10/26/2021","33.61","33.71","33.71","33.52","386.18K","0.06%"
"10/25/2021","33.59","33.48","33.59","33.38","405.19K","0.69%"
"10/22/2021","33.36","33.33","33.44","33.23","531.20K","0.12%"
"10/21/2021","33.32","33.35","33.41","33.28","442.36K","-0.33%"
"10/20/2021","33.43","33.16","33.45","33.16","1.26M","1.18%"
"10/19/2021","33.04","32.98","33.10","32.97","455.50K","0.64%"
"10/18/2021","32.83","32.78","32.87","32.73","484.93K","-0.55%"
"10/15/2021","33.01","32.98","33.04","32.90","2.03M","0.58%"
"10/14/2021","32.82","32.69","32.82","32.64","383.03K","1.39%"
"10/13/2021","32.37","32.26","32.38","32.14","589.88K","0.72%"
"10/12/2021","32.14","32.08","32.21","32.01","853.83K","0.72%"
"10/11/2021","31.91","32.05","32.15","31.90","647.47K","-1.21%"
"10/08/2021","32.30","32.26","32.35","32.21","482.61K","0.69%"
"10/07/2021","32.08","32.07","32.22","32.07","565.07K","0.79%"
"10/06/2021","31.83","31.56","31.86","31.49","1.20M","-0.90%"
"10/05/2021","32.12","31.91","32.21","31.85","2.37M","1.29%"
"10/04/2021","31.71","31.90","32.01","31.61","1.34M","-0.60%"
"10/01/2021","31.90","31.84","31.96","31.59","966.97K","0.79%"
"09/30/2021","31.65","31.78","31.89","31.58","1.06M","-0.57%"
"09/29/2021","31.83","31.94","31.98","31.78","861.52K","-0.47%"
"09/28/2021","31.98","32.32","32.34","31.87","1.02M","-1.93%"
"09/27/2021","32.61","32.48","32.70","32.46","450.24K","0.31%"
"09/24/2021","32.51","32.54","32.63","32.45","417.45K","-0.76%"
"09/23/2021","32.76","32.56","32.80","32.56","783.61K","2.02%"
"09/22/2021","32.11","32.05","32.40","32.05","1.60M","1.23%"
"09/21/2021","31.72","31.81","31.89","31.66","1.15M","1.15%"
"09/20/2021","31.36","31.38","31.49","31.12","794.05K","-2.58%"
"09/17/2021","32.19","32.57","32.61","32.13","1.14M","-1.44%"
"09/16/2021","32.66","32.63","32.66","32.47","975.76K","0.15%"
"09/15/2021","32.61","32.45","32.61","32.30","594.75K","-0.31%"
"09/14/2021","32.71","32.95","32.96","32.66","1.01M","-0.12%"
"09/13/2021","32.75","32.71","32.75","32.59","978.00K","1.39%"
"09/10/2021","32.30","32.70","32.70","32.29","638.05K","-1.10%"
"09/09/2021","32.66","32.68","32.83","32.60","842.96K","-0.03%"
"09/08/2021","32.67","32.78","32.87","32.66","1.37M","-0.76%"
"09/07/2021","32.92","33.03","33.10","32.88","673.12K","-0.57%"
"09/03/2021","33.11","33.18","33.24","33.05","832.88K","-0.51%"
"09/02/2021","33.28","33.26","33.36","33.24","1.47M","0.24%"
"09/01/2021","33.20","33.17","33.34","33.14","1.14M","0.76%"
"08/31/2021","32.95","32.93","32.95","32.81","1.58M","0.15%"
"08/30/2021","32.90","32.87","32.94","32.78","1.20M","-0.12%"
"08/27/2021","32.94","32.60","32.97","32.60","571.98K","1.17%"
"08/26/2021","32.56","32.69","32.74","32.55","737.28K","-1.06%"
"08/25/2021","32.91","32.80","32.95","32.75","259.77K","0.06%"
"08/24/2021","32.89","32.77","32.95","32.74","490.47K","-0.03%"
"08/23/2021","32.90","32.82","32.95","32.76","1.40M","0.58%"
"08/20/2021","32.71","32.48","32.73","32.46","378.35K","-0.12%"
"08/19/2021","32.75","32.71","32.84","32.62","1.57M","-1.21%"
"08/18/2021","33.15","33.20","33.37","33.12","909.78K","0.06%"
"08/17/2021","33.13","33.15","33.26","32.91","1.92M","-1.72%"
"08/16/2021","33.71","33.65","33.71","33.49","829.10K","-0.68%"
"08/13/2021","33.94","33.85","33.95","33.80","573.21K","0.74%"
"08/12/2021","33.69","33.62","33.69","33.54","1.70M","0.18%"
"08/11/2021","33.63","33.47","33.63","33.42","568.82K","1.42%"
"08/10/2021","33.16","33.14","33.21","33.11","1.25M","0.24%"
"08/09/2021","33.08","33.01","33.15","33.01","2.31M","0.21%"
"08/08/2021","33.01","33.01","33.01","33.01","","0.00%"
"08/07/2021","33.01","33.01","33.01","33.01","","0.00%"
"08/06/2021","33.01","33.03","33.06","32.95","1.25M","0.70%"
"08/05/2021","32.78","32.70","32.81","32.70","210.89K","0.74%"
"08/04/2021","32.54","32.66","32.71","32.51","341.62K","-0.15%"
"08/03/2021","32.59","32.56","32.62","32.36","1.12M","0.84%"
"08/02/2021","32.32","32.58","32.70","32.30","542.34K","-0.52%"
"07/30/2021","32.49","32.63","32.68","32.42","1.53M","-0.64%"
"07/29/2021","32.70","32.73","32.80","32.69","618.59K","0.99%"
"07/28/2021","32.38","32.25","32.43","32.18","419.27K","0.59%"
"07/27/2021","32.19","32.10","32.22","32.01","637.25K","-0.49%"
"07/26/2021","32.35","32.16","32.37","32.16","408.96K","1.09%"
"07/23/2021","32.00","32.02","32.08","31.95","644.76K","0.95%"
"07/22/2021","31.70","31.88","31.88","31.60","595.42K","0.16%"
"07/21/2021","31.65","31.32","31.65","31.30","1.04M","2.39%"
"07/20/2021","30.91","30.46","30.96","30.39","1.10M","0.85%"
"07/19/2021","30.65","30.77","30.81","30.53","2.30M","-2.73%"
"07/16/2021","31.51","31.87","31.87","31.48","730.81K","-0.69%"
"07/15/2021","31.73","31.82","31.85","31.62","500.86K","-1.28%"
"07/14/2021","32.14","32.29","32.30","32.09","552.08K","0.28%"
"07/13/2021","32.05","32.22","32.28","32.02","643.36K","-1.45%"
"07/12/2021","32.52","32.29","32.52","32.25","557.52K","0.96%"
"07/09/2021","32.21","32.05","32.24","32.01","649.04K","1.87%"
"07/08/2021","31.62","31.56","31.70","31.43","1.35M","-2.23%"
"07/07/2021","32.34","32.31","32.38","32.15","681.06K","0.03%"
"07/06/2021","32.33","32.53","32.58","32.22","1.59M","-0.61%"
"07/05/2021","32.53","32.53","32.53","32.53","","0.00%"
"07/04/2021","32.53","32.53","32.53","32.53","","0.00%"
"07/03/2021","32.53","32.53","32.53","32.53","","0.00%"
"07/02/2021","32.53","32.52","32.54","32.35","515.83K","-0.06%"
"07/01/2021","32.55","32.51","32.59","32.42","682.78K","0.49%"
"06/30/2021","32.39","32.32","32.47","32.20","805.75K","-0.92%"
"06/29/2021","32.69","32.78","32.85","32.65","412.24K","0.00%"
"06/28/2021","32.69","32.93","32.93","32.64","515.86K","-1.12%"
"06/25/2021","33.06","33.03","33.08","32.99","468.35K","0.27%"
"06/24/2021","32.97","32.82","33.00","32.82","857.92K","1.51%"
"06/23/2021","32.48","32.77","32.79","32.46","599.02K","-1.04%"
"06/22/2021","32.82","32.76","32.88","32.67","347.78K","-0.39%"
"06/21/2021","32.95","32.66","32.99","32.65","956.33K","1.82%"
"06/18/2021","32.36","32.48","32.57","32.35","800.91K","-2.29%"
"06/17/2021","33.12","33.25","33.31","32.92","974.83K","-1.22%"
"06/16/2021","33.53","33.76","33.84","33.47","1.29M","-0.83%"
"06/15/2021","33.81","33.70","33.83","33.69","1.80M","0.21%"
"06/14/2021","33.74","33.67","33.78","33.66","832.54K","0.09%"
"06/11/2021","33.71","33.61","33.75","33.52","2.54M","0.27%"
"06/10/2021","33.62","33.70","33.83","33.61","1.15M","-1.84%"
"06/09/2021","34.25","34.44","34.46","34.21","609.90K","-0.55%"
"06/08/2021","34.44","34.46","34.53","34.37","1.12M","-0.09%"
"06/07/2021","34.47","34.30","34.51","34.27","749.20K","1.06%"
"06/04/2021","34.11","33.99","34.12","33.92","3.51M","1.16%"
"06/03/2021","33.72","33.68","33.80","33.63","621.33K","-0.27%"
"06/02/2021","33.81","33.80","33.87","33.73","848.00K","-0.18%"
"06/01/2021","33.87","34.06","34.09","33.80","1.24M","1.07%"
"05/28/2021","33.51","33.42","33.63","33.39","1.49M","0.09%"
"05/27/2021","33.48","33.31","33.53","33.31","1.31M","1.30%"
"05/26/2021","33.05","33.17","33.20","33.05","743.67K","-1.02%"
"05/25/2021","33.39","33.47","33.49","33.31","1.74M","0.15%"
"05/24/2021","33.34","33.23","33.35","33.16","940.59K","0.63%"
"05/21/2021","33.13","32.98","33.17","32.98","1.50M","0.85%"
"05/20/2021","32.85","32.71","32.87","32.61","1.94M","1.20%"
"05/19/2021","32.46","32.49","32.66","32.23","8.83M","-1.46%"
"05/18/2021","32.94","33.13","33.14","32.91","1.61M","-0.21%"
"05/17/2021","33.01","32.85","33.03","32.83","1.04M","0.33%"
"05/14/2021","32.90","32.62","32.95","32.60","1.20M","1.70%"
"05/13/2021","32.35","32.21","32.38","32.11","5.80M","1.03%"
"05/12/2021","32.02","32.20","32.38","31.98","975.28K","-0.96%"
"05/11/2021","32.33","32.24","32.47","32.20","1.18M","-1.10%"
"05/10/2021","32.69","32.81","32.95","32.67","1.77M","-0.12%"
"05/07/2021","32.73","32.35","32.73","32.26","2.58M","1.14%"
"05/06/2021","32.36","32.26","32.36","32.05","568.73K","0.87%"
"05/05/2021","32.08","31.95","32.09","31.86","1.06M","1.87%"
"05/04/2021","31.49","31.73","31.82","31.34","2.33M","-2.24%"
"05/03/2021","32.21","32.08","32.21","32.05","842.75K","1.90%"
"04/30/2021","31.61","31.77","31.88","31.50","1.38M","-1.65%"
"04/29/2021","32.14","32.26","32.26","31.82","1.02M","-0.46%"
"04/28/2021","32.29","32.12","32.33","32.12","434.03K","0.19%"
"04/27/2021","32.23","32.17","32.26","32.12","405.71K","-0.28%"
"04/26/2021","32.32","32.20","32.32","32.18","621.09K","0.40%"
"04/23/2021","32.19","31.91","32.28","31.86","2.11M","1.26%"
"04/22/2021","31.79","31.91","32.00","31.73","620.79K","-0.44%"
"04/21/2021","31.93","31.37","31.93","31.33","733.82K","0.82%"
"04/20/2021","31.67","31.98","31.98","31.54","1.06M","-2.16%"
"04/19/2021","32.37","32.41","32.45","32.26","453.30K","-0.09%"
"04/16/2021","32.40","32.18","32.43","32.16","1.65M","1.16%"
"04/15/2021","32.03","31.99","32.03","31.85","575.05K","0.28%"
"04/14/2021","31.94","31.83","32.03","31.82","1.85M","-0.37%"
"04/13/2021","32.06","31.82","32.09","31.75","4.89M","1.26%"
"04/12/2021","31.66","31.73","31.76","31.61","416.52K","-0.09%"
"04/09/2021","31.69","31.64","31.69","31.55","445.67K","-0.38%"
"04/08/2021","31.81","31.89","31.89","31.73","370.42K","-0.53%"
"04/07/2021","31.98","31.91","32.06","31.89","255.37K","0.19%"
"04/06/2021","31.92","31.87","31.94","31.82","1.11M","-1.51%"
"04/05/2021","32.41","32.10","32.42","32.07","420.25K","1.85%"
"04/01/2021","31.82","31.54","31.86","31.49","454.86K","0.98%"
"03/31/2021","31.51","31.50","31.64","31.44","483.54K","0.06%"
"03/30/2021","31.49","31.28","31.53","31.28","544.21K","0.13%"
"03/29/2021","31.45","31.32","31.85","31.23","563.00K","0.03%"
"03/26/2021","31.44","31.23","31.48","31.21","700.81K","0.83%"
"03/25/2021","31.18","30.95","31.22","30.89","1.59M","0.55%"
"03/24/2021","31.01","31.01","31.22","30.99","1.24M","0.26%"
"03/23/2021","30.93","31.10","31.25","30.90","2.62M","-1.47%"
"03/22/2021","31.39","31.36","31.48","31.27","1.80M","0.29%"
"03/19/2021","31.30","31.26","31.37","31.03","892.57K","0.00%"
"03/18/2021","31.30","31.44","31.62","31.27","726.79K","-1.20%"
"03/17/2021","31.68","31.42","31.76","31.33","476.32K","0.89%"
"03/16/2021","31.40","31.50","31.50","31.29","485.87K","-0.06%"
"03/15/2021","31.42","31.49","31.51","31.20","587.81K","-0.60%"
"03/12/2021","31.61","31.31","31.61","31.26","469.84K","0.22%"
"03/11/2021","31.54","31.48","31.56","31.28","677.19K","0.93%"
"03/10/2021","31.25","31.07","31.26","30.97","689.40K","1.26%"
"03/09/2021","30.86","30.94","30.94","30.81","560.70K","0.92%"
"03/08/2021","30.58","30.43","30.79","30.41","1.13M","1.19%"
"03/05/2021","30.22","30.27","30.27","29.76","1.10M","1.10%"
"03/04/2021","29.89","30.26","30.43","29.68","2.01M","-0.53%"
"03/03/2021","30.05","30.16","30.27","29.90","717.81K","-1.28%"
"03/02/2021","30.44","30.38","30.48","30.27","741.78K","-0.13%"
"03/01/2021","30.48","30.24","30.52","30.21","756.22K","1.87%"
"02/26/2021","29.92","30.26","30.26","29.90","1.97M","-0.70%"
"02/25/2021","30.13","30.65","30.73","30.03","1.29M","-1.34%"
"02/24/2021","30.54","30.19","30.57","30.14","705.24K","0.83%"
"02/23/2021","30.29","30.17","30.33","29.77","1.11M","0.23%"
"02/22/2021","30.22","30.14","30.37","30.10","1.01M","-0.17%"
"02/19/2021","30.27","30.31","30.43","30.22","583.84K","0.30%"
"02/18/2021","30.18","30.11","30.23","29.94","777.01K","-0.59%"
"02/17/2021","30.36","30.25","30.36","30.14","1.12M","-1.17%"
"02/16/2021","30.72","30.76","30.82","30.60","922.46K","-0.68%"
"02/12/2021","30.93","30.53","30.93","30.50","1.06M","0.65%"
"02/11/2021","30.73","30.75","30.77","30.52","721.09K","0.49%"
"02/10/2021","30.58","30.76","30.76","30.42","698.09K","-0.33%"
"02/09/2021","30.68","30.55","30.70","30.49","592.78K","-0.26%"
"02/08/2021","30.76","30.73","30.77","30.59","1.20M","1.18%"
"02/05/2021","30.40","30.30","30.40","30.04","955.31K","1.57%"
"02/04/2021","29.93","29.62","29.98","29.57","533.51K","1.18%"
"02/03/2021","29.58","29.50","29.60","29.35","2.06M","0.51%"
"02/02/2021","29.43","28.81","29.48","28.75","3.08M","2.47%"
"02/01/2021","28.72","28.73","28.74","28.56","1.09M","1.31%"
"01/29/2021","28.35","28.70","28.74","28.27","558.79K","-1.94%"
"01/28/2021","28.91","28.73","29.03","28.73","489.75K","1.83%"
"01/27/2021","28.39","28.51","28.67","28.15","601.35K","-2.74%"
"01/26/2021","29.19","29.05","29.24","29.01","515.30K","1.04%"
"01/25/2021","28.89","28.82","28.97","28.63","1.01M","-1.37%"
"01/22/2021","29.29","29.25","29.39","29.23","193.18K","-1.65%"
"01/21/2021","29.78","29.83","29.86","29.54","353.12K","-0.37%"
"01/20/2021","29.89","29.67","29.93","29.63","325.56K","0.50%"
"01/19/2021","29.74","29.85","29.91","29.60","525.52K","1.40%"
"01/15/2021","29.33","29.57","29.64","29.23","382.63K","-2.14%"
"01/14/2021","29.97","29.98","30.01","29.86","400.01K","-0.03%"
"01/13/2021","29.98","29.96","30.11","29.86","1.03M","0.17%"
"01/12/2021","29.93","29.83","29.97","29.71","1.66M","-0.33%"
"01/11/2021","30.03","29.73","30.08","29.73","732.24K","-1.15%"
"01/08/2021","30.38","30.39","30.40","30.08","303.57K","-0.16%"
"01/07/2021","30.43","30.43","30.46","30.31","414.92K","-0.39%"
"01/06/2021","30.55","30.16","30.65","30.16","958.36K","2.35%"
"01/05/2021","29.85","29.63","29.91","29.58","709.62K","0.61%"
"01/04/2021","29.67","30.14","30.16","29.55","580.83K","0.78%"
"12/31/2020","29.44","29.64","29.69","29.40","941.51K","-1.11%"
"12/30/2020","29.77","29.84","29.97","29.73","481.63K","0.27%"
"12/29/2020","29.69","29.85","29.85","29.59","393.07K","0.03%"
"12/28/2020","29.68","29.79","29.79","29.62","268.15K","0.71%"
"12/24/2020","29.47","29.50","29.50","29.35","125.16K","0.00%"
"12/23/2020","29.47","29.31","29.50","29.31","494.72K","1.52%"
"12/22/2020","29.03","28.86","29.05","28.81","692.45K","0.62%"
"12/21/2020","28.85","28.35","28.91","28.25","949.81K","-1.47%"
"12/18/2020","29.28","29.47","29.48","29.18","835.16K","-0.64%"
"12/17/2020","29.47","29.44","29.54","29.37","1.43M","0.82%"
"12/16/2020","29.23","29.18","29.23","28.97","870.64K","0.17%"
"12/15/2020","29.18","28.93","29.20","28.88","1.37M","1.50%"
"12/14/2020","28.75","29.04","29.04","28.70","630.01K","-0.93%"
"12/11/2020","29.02","29.02","29.08","28.85","1.41M","-0.75%"
"12/10/2020","29.24","29.01","29.36","28.99","840.73K","0.48%"
"12/09/2020","29.10","29.31","29.33","28.97","1.42M","-0.10%"
"12/08/2020","29.13","28.95","29.15","28.94","421.78K","0.28%"
"12/07/2020","29.05","29.15","29.20","29.03","566.71K","-0.68%"
"12/04/2020","29.25","29.26","29.36","29.20","662.94K","0.93%"
"12/03/2020","28.98","29.11","29.18","28.93","947.11K","-0.03%"
"12/02/2020","28.99","28.78","29.02","28.77","1.08M","-0.28%"
"12/01/2020","29.07","28.85","29.08","28.85","1.05M","1.79%"
"11/30/2020","28.56","29.24","29.24","28.56","991.69K","-1.99%"
"11/27/2020","29.14","29.07","29.17","29.07","433.14K","0.21%"
"11/25/2020","29.08","28.97","29.14","28.91","465.90K","0.66%"
"11/24/2020","28.89","28.58","28.91","28.55","597.87K","2.77%"
"11/23/2020","28.11","28.27","28.30","27.97","962.75K","0.04%"
"11/20/2020","28.10","28.11","28.15","28.02","595.01K","-0.14%"
"11/19/2020","28.14","27.92","28.14","27.84","446.13K","1.19%"
"11/18/2020","27.81","27.94","28.04","27.81","712.77K","-0.25%"
"11/17/2020","27.88","27.68","27.93","27.64","778.84K","1.09%"
"11/16/2020","27.58","27.63","27.64","27.43","1.48M","1.06%"
"11/13/2020","27.29","26.96","27.32","26.96","2.09M","2.48%"
"11/12/2020","26.63","26.85","26.96","26.58","1.07M","-1.44%"
"11/11/2020","27.02","27.02","27.06","26.89","792.94K","0.30%"
"11/10/2020","26.94","26.85","27.02","26.78","1.79M","1.47%"
"11/09/2020","26.55","26.97","27.02","26.54","2.02M","4.04%"
"11/06/2020","25.52","25.63","25.66","25.49","597.77K","0.67%"
"11/05/2020","25.35","25.38","25.53","25.23","852.42K","3.22%"
"11/04/2020","24.56","24.41","24.79","24.27","1.19M","1.36%"
"11/03/2020","24.23","23.90","24.38","23.90","1.09M","3.90%"
"11/02/2020","23.32","23.24","23.37","23.13","648.16K","2.24%"
"10/30/2020","22.81","22.87","22.91","22.65","485.24K","-0.22%"
"10/29/2020","22.86","22.78","23.01","22.56","1.31M","-0.13%"
"10/28/2020","22.89","23.19","23.29","22.89","1.08M","-4.66%"
"10/27/2020","24.01","24.30","24.34","23.99","596.53K","-2.00%"
"10/26/2020","24.50","24.66","24.69","24.34","767.06K","-1.88%"
"10/23/2020","24.97","25.05","25.06","24.82","457.86K","1.22%"
"10/22/2020","24.67","24.54","24.70","24.46","714.42K","0.16%"
"10/21/2020","24.63","24.73","24.91","24.62","825.30K","-1.87%"
"10/20/2020","25.10","25.09","25.25","25.07","951.05K","1.87%"
"10/19/2020","24.64","24.88","24.95","24.57","972.92K","-0.48%"
"10/16/2020","24.76","24.63","24.85","24.59","480.05K","1.19%"
"10/15/2020","24.47","24.27","24.48","24.23","730.84K","-2.32%"
"10/14/2020","25.05","25.21","25.29","25.02","289.04K","0.16%"
"10/13/2020","25.01","25.13","25.13","24.94","422.52K","-1.57%"
"10/12/2020","25.41","25.30","25.44","25.27","391.62K","0.67%"
"10/09/2020","25.24","25.28","25.31","25.15","446.86K","0.24%"
"10/08/2020","25.18","25.08","25.18","25.07","617.57K","0.56%"
"10/07/2020","25.04","24.97","25.08","24.93","262.74K","1.46%"
"10/06/2020","24.68","25.11","25.13","24.67","999.33K","-1.16%"
"10/05/2020","24.97","24.65","24.97","24.64","308.05K","2.04%"
"10/04/2020","24.47","24.47","24.47","24.47","","0.00%"
"10/03/2020","24.47","24.47","24.47","24.47","","0.00%"
"10/02/2020","24.47","24.13","24.51","24.13","321.73K","-0.08%"
"10/01/2020","24.49","24.48","24.50","24.30","495.74K","0.45%"
"09/30/2020","24.38","24.45","24.60","24.32","225.19K","-0.49%"
"09/29/2020","24.50","24.58","24.67","24.39","1.29M","-0.20%"
"09/28/2020","24.55","24.46","24.55","24.43","390.62K","1.87%"
"09/27/2020","24.10","24.10","24.10","24.10","","0.00%"
"09/26/2020","24.10","24.10","24.10","24.10","","0.00%"
"09/25/2020","24.10","23.86","24.14","23.77","510.85K","-0.90%"
"09/24/2020","24.32","24.24","24.47","24.05","442.91K","1.04%"
"09/23/2020","24.07","24.56","24.59","24.05","840.37K","-1.47%"
"09/22/2020","24.43","24.55","24.60","24.21","1.99M","-0.24%"
"09/21/2020","24.49","24.50","24.53","24.17","569.19K","-3.09%"
"09/18/2020","25.27","25.34","25.42","25.13","533.80K","-1.10%"
"09/17/2020","25.55","25.41","25.61","25.40","721.64K","-0.35%"
"09/16/2020","25.64","25.73","25.89","25.64","280.96K","-0.97%"
"09/15/2020","25.89","25.99","26.01","25.81","295.44K","1.09%"
"09/14/2020","25.61","25.70","25.75","25.61","766.20K","-0.19%"
"09/13/2020","25.66","25.66","25.66","25.66","","0.00%"
"09/11/2020","25.66","25.75","25.83","25.58","1.25M","0.71%"
"09/10/2020","25.48","26.02","26.14","25.48","738.65K","-0.89%"
"09/09/2020","25.71","25.57","25.82","25.54","417.87K","2.55%"
"09/08/2020","25.07","25.03","25.30","24.96","557.54K","-1.84%"
"09/04/2020","25.54","25.53","25.63","25.00","362.56K","0.59%"
"09/03/2020","25.39","25.93","26.04","25.29","629.52K","-2.38%"
"09/02/2020","26.01","25.79","26.02","25.68","558.41K","1.32%"
"09/01/2020","25.67","25.69","25.76","25.54","249.09K","-0.27%"
"08/31/2020","25.74","25.95","25.99","25.68","538.53K","-1.00%"
"08/30/2020","26.00","26.00","26.00","26.00","","0.00%"
"08/28/2020","26.00","25.97","26.02","25.79","209.61K","1.21%"
"08/27/2020","25.69","26.13","26.14","25.59","425.83K","-1.83%"
"08/26/2020","26.17","26.01","26.18","25.94","290.41K","0.38%"
"08/25/2020","26.07","26.40","26.40","25.89","317.21K","-0.19%"
"08/24/2020","26.12","26.12","26.15","25.99","291.28K","1.95%"
"08/23/2020","25.62","25.62","25.62","25.62","","0.00%"
"08/22/2020","25.62","25.62","25.62","25.62","","0.00%"
"08/21/2020","25.62","25.33","25.62","25.33","174.04K","-0.85%"
"08/20/2020","25.84","25.64","25.87","25.61","359.48K","-0.77%"
"08/19/2020","26.04","26.23","26.29","26.02","326.88K","0.19%"
"08/18/2020","25.99","26.27","26.30","25.96","506.76K","-0.15%"
"08/17/2020","26.03","26.02","26.05","25.96","107.27K","0.04%"
"08/14/2020","26.02","26.01","26.08","25.94","250.63K","-0.99%"
"08/13/2020","26.28","26.42","26.52","26.14","448.93K","-0.83%"
"08/12/2020","26.50","26.46","26.59","26.38","414.75K","2.51%"
"08/11/2020","25.85","26.21","26.25","25.83","279.37K","1.02%"
"08/10/2020","25.59","25.45","25.60","25.42","320.39K","0.55%"
"08/09/2020","25.45","25.45","25.45","25.45","","0.00%"
"08/08/2020","25.45","25.45","25.45","25.45","","0.00%"
"08/07/2020","25.45","25.21","25.46","25.18","180.88K","-0.47%"
"08/06/2020","25.57","25.39","25.64","25.31","263.84K","-0.62%"
"08/05/2020","25.73","25.85","25.95","25.72","266.69K","0.74%"
"08/04/2020","25.54","25.09","25.54","25.09","587.24K","1.47%"
"08/03/2020","25.17","24.88","25.18","24.80","441.83K","1.78%"
"08/02/2020","24.73","24.73","24.73","24.73","","0.00%"
"07/31/2020","24.73","25.38","25.40","24.56","558.64K","-2.18%"
"07/30/2020","25.28","25.14","25.28","24.88","2.41M","-2.58%"
"07/29/2020","25.95","25.61","26.02","25.54","873.31K","1.25%"
"07/28/2020","25.63","25.61","25.77","25.58","269.28K","-0.89%"
"07/27/2020","25.86","25.76","25.95","25.73","328.95K","0.82%"
"07/26/2020","25.65","25.65","25.65","25.65","","0.00%"
"07/25/2020","25.65","25.65","25.65","25.65","","0.00%"
"07/24/2020","25.65","25.68","25.76","25.57","441.79K","-0.89%"
"07/23/2020","25.88","25.99","26.16","25.81","743.93K","-1.52%"
"07/22/2020","26.28","26.16","26.30","26.13","299.00K","0.65%"
"07/21/2020","26.11","26.22","26.32","26.10","283.12K","0.19%"
"07/20/2020","26.06","25.96","26.07","25.89","1.00M","0.89%"
"07/17/2020","25.83","25.64","25.83","25.61","167.75K","0.98%"
"07/16/2020","25.58","25.57","25.73","25.51","688.50K","0.35%"
"07/15/2020","25.49","25.55","25.66","25.39","490.25K","1.47%"
"07/14/2020","25.12","24.74","25.16","24.74","407.36K","2.07%"
"07/13/2020","24.61","24.91","25.13","24.59","590.66K","-1.05%"
"07/12/2020","24.87","24.87","24.87","24.87","","0.00%"
"07/11/2020","24.87","24.87","24.87","24.87","","0.00%"
"07/10/2020","24.87","24.50","24.89","24.46","2.03M","1.88%"
"07/09/2020","24.41","24.79","24.79","24.22","443.35K","-2.75%"
"07/08/2020","25.10","24.79","25.11","24.79","262.73K","1.46%"
"07/07/2020","24.74","25.00","25.00","24.68","298.65K","-0.88%"
"07/06/2020","24.96","24.96","25.09","24.81","138.19K","1.55%"
"07/05/2020","24.58","24.58","24.58","24.58","","0.00%"
"07/04/2020","24.58","24.58","24.58","24.58","","0.00%"
"07/02/2020","24.58","24.72","24.85","24.55","156.55K","2.16%"
"07/01/2020","24.06","23.84","24.14","23.84","204.44K","-0.08%"
"06/30/2020","24.08","23.87","24.12","23.84","234.79K","-0.41%"
"06/29/2020","24.18","24.10","24.26","23.93","241.22K","2.28%"
"06/26/2020","23.64","24.03","24.06","23.62","267.27K","-1.91%"
"06/25/2020","24.10","23.72","24.15","23.59","625.98K","1.22%"
"06/24/2020","23.81","24.24","24.29","23.71","295.39K","-3.17%"
"06/23/2020","24.59","24.73","24.85","24.57","380.06K","1.15%"
"06/22/2020","24.31","24.18","24.34","24.04","194.44K","1.76%"
"06/19/2020","23.89","24.33","24.33","23.84","253.22K","-0.29%"
"06/18/2020","23.96","23.87","24.04","23.87","544.39K","-0.54%"
"06/17/2020","24.09","24.26","24.26","24.00","383.96K","-0.54%"
"06/16/2020","24.22","24.57","24.60","23.96","612.11K","1.30%"
"06/15/2020","23.91","23.12","24.00","22.99","555.91K","0.59%"
"06/12/2020","23.77","24.00","24.09","23.37","273.15K","2.41%"
"06/11/2020","23.21","23.89","24.01","23.17","832.04K","-6.56%"
"06/10/2020","24.84","25.15","25.19","24.82","391.38K","-0.84%"
"06/09/2020","25.05","24.98","25.16","24.87","691.67K","-1.96%"
"06/08/2020","25.55","25.44","25.59","25.18","512.79K","1.87%"
"06/07/2020","25.08","25.08","25.08","25.08","","0.00%"
"06/05/2020","25.08","25.13","25.28","25.03","870.49K","1.83%"
"06/04/2020","24.63","24.55","24.83","24.46","427.81K","-0.04%"
"06/03/2020","24.64","24.14","24.75","24.04","4.12M","4.36%"
"06/02/2020","23.61","23.39","23.62","23.30","633.60K","2.43%"
"06/01/2020","23.05","22.67","23.07","22.67","467.44K","2.63%"
"05/29/2020","22.46","22.53","22.60","22.20","581.92K","0.36%"
"05/28/2020","22.38","22.42","22.62","22.36","837.79K","1.87%"
"05/27/2020","21.97","22.00","22.02","21.70","540.82K","1.81%"
"05/26/2020","21.58","21.57","21.68","21.54","331.25K","3.55%"
"05/22/2020","20.84","20.79","20.88","20.66","164.46K","0.77%"
"05/21/2020","20.68","20.87","20.93","20.60","279.22K","-0.43%"
"05/20/2020","20.77","20.62","20.89","20.62","197.48K","2.11%"
"05/19/2020","20.34","20.58","20.61","20.34","363.81K","-3.19%"
"05/18/2020","21.01","20.58","21.15","20.58","224.89K","5.26%"
"05/15/2020","19.96","20.09","20.14","19.85","222.99K","-0.25%"
"05/14/2020","20.01","19.69","20.06","19.54","468.97K","-1.33%"
"05/13/2020","20.28","20.69","20.75","20.17","566.12K","-1.65%"
"05/12/2020","20.62","20.90","20.98","20.62","1.54M","-0.19%"
"05/11/2020","20.66","20.59","20.73","20.57","63.92K","-0.63%"
"05/10/2020","20.79","20.79","20.79","20.79","","0.00%"
"05/09/2020","20.79","20.79","20.79","20.79","","0.00%"
"05/08/2020","20.79","20.68","20.82","20.65","90.39K","2.36%"
"05/07/2020","20.31","20.36","20.47","20.22","353.99K","0.40%"
"05/06/2020","20.23","20.66","20.71","20.19","1.12M","-1.51%"
"05/05/2020","20.54","20.68","20.79","20.51","47.48K","-0.10%"
"05/04/2020","20.56","20.57","20.66","20.35","460.42K","-0.77%"
"05/03/2020","20.72","20.72","20.72","20.72","","0.00%"
"05/02/2020","20.72","20.72","20.72","20.72","","0.00%"
"05/01/2020","20.72","20.91","20.98","20.60","203.85K","-2.03%"
"04/30/2020","21.15","21.24","21.44","21.06","434.39K","-1.90%"
"04/29/2020","21.56","21.37","21.69","21.25","408.74K","4.00%"
"04/28/2020","20.73","21.21","21.23","20.71","279.07K","0.39%"
"04/27/2020","20.65","20.41","20.68","20.31","69.36K","2.63%"
"04/24/2020","20.12","20.24","20.27","19.92","215.78K","1.41%"
"04/23/2020","19.84","20.00","20.33","19.73","412.08K","-0.45%"
"04/22/2020","19.93","19.93","19.96","19.82","183.56K","0.76%"
"04/21/2020","19.78","19.86","20.09","19.70","66.58K","-1.98%"
"04/20/2020","20.18","20.23","20.52","20.15","204.50K","-1.70%"
"04/17/2020","20.53","20.58","20.66","20.33","179.21K","2.45%"
"04/16/2020","20.04","20.37","20.39","19.91","354.68K","-0.50%"
"04/15/2020","20.14","20.46","20.48","20.05","409.52K","-5.40%"
"04/14/2020","21.29","21.47","21.56","21.19","764.82K","0.90%"
"04/13/2020","21.10","21.45","21.50","21.01","209.21K","-1.86%"
"04/09/2020","21.50","21.34","21.57","21.10","853.14K","2.28%"
"04/08/2020","21.02","20.94","21.10","20.74","426.29K","1.30%"
"04/07/2020","20.75","21.51","21.55","20.75","946.16K","0.00%"
"04/06/2020","20.75","20.37","20.91","20.28","946.83K","5.92%"
"04/03/2020","19.59","20.00","20.13","19.50","696.58K","-3.83%"
"04/02/2020","20.37","19.90","20.48","19.90","754.05K","2.52%"
"04/01/2020","19.87","20.18","20.27","19.75","1.19M","-4.33%"
"03/31/2020","20.77","20.66","20.98","20.52","1.44M","-0.57%"
"03/30/2020","20.89","20.55","20.90","20.35","1.01M","0.72%"
"03/28/2020","20.74","20.74","20.74","20.74","","0.00%"
"03/27/2020","20.74","20.65","20.99","20.41","1.12M","-3.98%"
"03/26/2020","21.60","20.82","21.68","20.71","947.59K","3.50%"
"03/25/2020","20.87","20.30","21.09","19.91","956.40K","3.93%"
"03/24/2020","20.08","20.01","20.56","19.75","1.13M","6.70%"
"03/23/2020","18.82","18.63","19.31","18.57","1.34M","1.46%"
"03/21/2020","18.55","18.55","18.55","18.55","","0.00%"
"03/20/2020","18.55","18.90","19.28","18.51","659.81K","0.87%"
"03/19/2020","18.39","18.42","18.81","18.28","1.01M","-0.05%"
"03/18/2020","18.40","18.30","18.85","18.00","1.36M","-2.18%"
"03/17/2020","18.81","18.35","19.01","18.17","816.07K","3.98%"
"03/16/2020","18.09","17.84","19.20","17.84","1.76M","-13.07%"
"03/14/2020","20.81","20.81","20.81","20.81","","0.00%"
"03/13/2020","20.81","21.39","21.39","19.45","2.72M","11.22%"
"03/12/2020","18.71","20.76","20.87","18.29","2.23M","-15.64%"
"03/11/2020","22.18","22.58","22.69","21.98","1.83M","-5.05%"
"03/10/2020","23.36","23.62","23.62","22.57","3.44M","1.43%"
"03/09/2020","23.03","23.68","24.23","22.92","1.67M","-12.30%"
"03/06/2020","26.26","26.32","26.52","26.03","1.47M","-1.50%"
"03/05/2020","26.66","26.88","27.11","26.57","2.67M","-3.58%"
"03/04/2020","27.65","27.26","27.68","27.05","1.25M","3.52%"
"03/03/2020","26.71","27.26","27.66","26.46","3.03M","-2.02%"
"03/02/2020","27.26","26.70","27.29","26.47","1.42M","0.07%"
"02/28/2020","27.24","26.81","27.33","26.52","2.24M","-0.47%"
"02/27/2020","27.37","27.75","28.18","27.36","2.27M","-1.69%"
"02/26/2020","27.84","28.23","28.46","27.84","1.66M","1.31%"
"02/25/2020","27.48","28.17","28.19","27.45","2.05M","-2.28%"
"02/24/2020","28.12","28.01","28.39","27.87","1.60M","-5.38%"
"02/21/2020","29.72","29.92","29.94","29.66","703.15K","-1.13%"
"02/20/2020","30.06","30.18","30.30","29.90","626.84K","-1.22%"
"02/19/2020","30.43","30.43","30.43","30.35","418.32K","0.50%"
"02/18/2020","30.28","30.14","30.32","30.11","478.62K","1.14%"
"02/17/2020","29.94","29.94","29.94","29.94","","0.00%"
"02/14/2020","29.94","29.97","29.97","29.84","386.57K","0.00%"
"02/13/2020","29.94","29.89","30.03","29.85","469.07K","-0.86%"
"02/12/2020","30.20","30.15","30.20","30.10","463.28K","0.53%"
"02/11/2020","30.04","30.07","30.11","29.98","355.84K","0.54%"
"02/10/2020","29.88","29.83","30.40","29.79","387.45K","0.10%"
"02/07/2020","29.85","29.91","29.98","29.81","422.92K","-0.93%"
"02/06/2020","30.13","30.09","30.14","30.00","541.95K","1.01%"
"02/05/2020","29.83","29.80","29.88","29.72","615.38K","1.39%"
"02/04/2020","29.42","29.44","29.48","29.38","842.49K","1.73%"
"02/03/2020","28.92","28.89","29.03","28.88","434.47K","0.49%"
"01/31/2020","28.78","28.96","28.96","28.67","1.02M","-2.64%"
"01/30/2020","29.56","29.23","29.56","29.21","700.29K","-0.17%"
"01/29/2020","29.61","29.60","29.75","29.50","547.96K","0.24%"
"01/28/2020","29.54","29.21","29.57","29.18","1.56M","2.71%"
"01/27/2020","28.76","28.81","28.96","28.75","660.47K","-2.08%"
"01/24/2020","29.37","29.57","29.59","29.28","1.66M","-0.07%"
"01/23/2020","29.39","29.30","29.43","29.14","469.71K","0.17%"
"01/22/2020","29.34","29.41","29.41","29.31","950.56K","-0.54%"
"01/21/2020","29.50","29.61","29.64","29.50","1.40M","-1.60%"
"01/17/2020","29.98","29.91","29.98","29.80","847.47K","0.54%"
"01/16/2020","29.82","29.67","29.84","29.60","740.70K","1.26%"
"01/15/2020","29.45","29.52","29.57","29.45","539.61K","-0.57%"
"01/14/2020","29.62","29.58","29.68","29.56","1.45M","-0.20%"
"01/13/2020","29.68","29.66","29.72","29.55","1.08M","0.07%"
"01/10/2020","29.66","29.83","29.90","29.65","1.61M","-0.50%"
"01/09/2020","29.81","29.75","29.81","29.70","400.85K","0.57%"
"01/08/2020","29.64","29.57","29.75","29.54","501.08K","0.54%"
"01/07/2020","29.48","29.57","29.57","29.45","332.62K","-0.44%"
"01/06/2020","29.61","29.41","29.61","29.41","357.11K","0.41%"
"01/03/2020","29.49","29.48","29.63","29.47","867.99K","-1.37%"
"01/02/2020","29.90","29.73","29.92","29.68","959.25K","1.36%"
"12/31/2019","29.50","29.41","29.50","29.27","370.80K","0.41%"
"12/30/2019","29.38","29.60","29.62","29.34","741.05K","-0.81%"
"12/27/2019","29.62","29.68","29.73","29.57","452.24K","-0.20%"
"12/26/2019","29.68","29.65","29.73","29.64","895.64K","0.30%"
"12/24/2019","29.59","29.59","29.65","29.57","375.92K","-0.37%"
"12/23/2019","29.70","29.65","29.72","29.62","482.90K","-0.13%"
"12/20/2019","29.74","29.69","29.79","29.66","462.77K","0.54%"
"12/19/2019","29.58","29.42","29.58","29.38","828.29K","0.41%"
"12/18/2019","29.46","29.48","29.50","29.40","1.17M","-0.07%"
"12/17/2019","29.48","29.53","29.55","29.43","492.85K","0.79%"
"12/16/2019","29.25","29.26","29.31","29.25","581.53K","0.00%"
"12/13/2019","29.25","29.26","29.47","29.14","928.59K","-0.58%"
"12/12/2019","29.42","29.10","29.43","29.09","681.60K","1.52%"
"12/11/2019","28.98","28.87","29.05","28.86","665.60K","0.59%"
"12/10/2019","28.81","28.79","28.91","28.75","736.92K","1.05%"
"12/09/2019","28.51","28.53","28.65","28.51","756.08K","-1.38%"
"12/06/2019","28.91","28.90","28.94","28.84","823.62K","0.38%"
"12/05/2019","28.80","28.91","28.92","28.68","857.94K","-0.38%"
"12/04/2019","28.91","28.75","28.95","28.72","1.30M","1.12%"
"12/03/2019","28.59","28.36","28.61","28.27","1.20M","0.42%"
"12/02/2019","28.47","28.67","28.77","28.38","841.58K","-1.45%"
"11/29/2019","28.89","28.97","29.03","28.89","494.49K","-0.93%"
"11/27/2019","29.16","29.14","29.18","29.12","502.83K","-0.65%"
"11/26/2019","29.35","29.30","29.39","29.28","849.66K","0.34%"
"11/25/2019","29.25","29.21","29.27","29.19","643.68K","0.45%"
"11/22/2019","29.12","29.21","29.21","29.02","2.00M","-0.38%"
"11/21/2019","29.23","29.29","29.29","29.09","1.27M","0.17%"
"11/20/2019","29.18","29.24","29.29","29.07","1.44M","-0.34%"
"11/19/2019","29.28","29.46","29.46","29.23","398.96K","-0.54%"
"11/18/2019","29.44","29.37","29.46","29.26","393.48K","-0.14%"
"11/15/2019","29.48","29.40","29.48","29.40","324.31K","0.44%"
"11/14/2019","29.35","29.28","29.35","29.20","395.63K","-0.07%"
"11/13/2019","29.37","29.28","29.40","29.25","642.29K","-1.08%"
"11/12/2019","29.69","29.62","29.73","29.61","1.13M","0.81%"
"11/11/2019","29.45","29.33","29.45","29.33","475.66K","-0.17%"
"11/08/2019","29.50","29.34","29.52","29.30","574.19K","0.61%"
"11/07/2019","29.32","29.42","29.45","29.31","721.42K","0.07%"
"11/06/2019","29.30","29.36","29.39","29.28","606.36K","-0.24%"
"11/05/2019","29.37","29.48","29.50","29.34","415.46K","-0.47%"
"11/04/2019","29.51","29.54","29.61","29.47","824.05K","0.99%"
"11/01/2019","29.22","29.05","29.22","29.05","631.03K","1.21%"
"10/31/2019","28.87","28.76","28.88","28.70","749.55K","0.35%"
"10/30/2019","28.77","28.53","28.80","28.33","784.07K","0.10%"
"10/29/2019","28.74","28.55","28.74","28.54","1.34M","0.28%"
"10/28/2019","28.66","28.58","28.69","28.58","376.85K","0.46%"
"10/25/2019","28.53","28.45","28.56","28.45","614.36K","0.35%"
"10/24/2019","28.43","28.49","28.52","28.39","1.32M","0.25%"
"10/23/2019","28.36","28.27","28.40","28.25","367.17K","0.04%"
"10/22/2019","28.35","28.49","28.58","28.32","732.93K","-0.70%"
"10/21/2019","28.55","28.54","28.56","28.49","379.82K","0.53%"
"10/18/2019","28.40","28.33","28.43","28.25","520.62K","0.42%"
"10/17/2019","28.28","28.49","28.51","28.27","558.01K","0.18%"
"10/16/2019","28.23","28.20","28.30","28.19","652.36K","0.50%"
"10/15/2019","28.09","27.84","28.16","27.84","683.10K","1.12%"
"10/14/2019","27.78","27.76","27.84","27.74","438.23K","-0.14%"
"10/11/2019","27.82","27.76","27.93","27.76","1.05M","1.72%"
"10/10/2019","27.35","27.12","27.39","27.11","1.12M","1.37%"
"10/09/2019","26.98","26.97","27.07","26.92","317.00K","1.05%"
"10/08/2019","26.70","26.83","26.87","26.70","735.09K","-1.29%"
"10/07/2019","27.05","26.99","27.18","26.99","296.00K","0.37%"
"10/04/2019","26.95","26.84","26.97","26.79","397.98K","0.48%"
"10/03/2019","26.82","26.64","26.83","26.49","1.03M","0.68%"
"10/02/2019","26.64","26.91","26.92","26.59","2.13M","-2.38%"
"10/01/2019","27.29","27.62","27.62","27.28","1.11M","-1.02%"
"09/30/2019","27.57","27.47","27.61","27.45","539.67K","0.84%"
"09/27/2019","27.34","27.41","27.52","27.34","760.24K","-0.58%"
"09/26/2019","27.50","27.48","27.53","27.44","492.07K","0.70%"
"09/25/2019","27.31","27.16","27.36","27.08","699.88K","-0.33%"
"09/24/2019","27.40","27.58","27.64","27.38","1.32M","-0.54%"
"09/23/2019","27.55","27.46","27.59","27.43","337.26K","-0.33%"
"09/20/2019","27.64","27.88","27.93","27.64","914.53K","-0.50%"
"09/19/2019","27.78","27.89","27.92","27.78","631.25K","0.22%"
"09/18/2019","27.72","27.62","27.74","27.55","645.88K","0.65%"
"09/17/2019","27.54","27.46","27.55","27.41","851.82K","-0.11%"
"09/16/2019","27.57","27.73","27.75","27.56","765.62K","-1.57%"
"09/13/2019","28.01","28.09","28.09","27.98","373.79K","0.14%"
"09/12/2019","27.97","27.71","28.00","27.68","919.83K","1.75%"
"09/11/2019","27.49","27.46","27.51","27.38","1.33M","-0.61%"
"09/10/2019","27.66","27.63","27.70","27.54","1.56M","-0.11%"
"09/09/2019","27.69","27.75","27.75","27.65","523.39K","0.29%"
"09/06/2019","27.61","27.70","27.72","27.58","905.75K","-0.14%"
"09/05/2019","27.65","27.71","27.74","27.58","672.94K","0.58%"
"09/04/2019","27.49","27.36","27.49","27.36","497.06K","1.70%"
"09/03/2019","27.03","26.82","27.05","26.77","1.18M","0.45%"
"08/30/2019","26.91","27.06","27.08","26.70","1.56M","-0.41%"
"08/29/2019","27.02","27.04","27.06","26.91","866.07K","1.85%"
"08/28/2019","26.53","26.43","26.58","26.37","1.05M","0.04%"
"08/27/2019","26.52","26.52","26.63","26.48","823.60K","1.03%"
"08/26/2019","26.25","26.21","26.30","26.06","1.07M","1.90%"
"08/23/2019","25.76","26.09","26.33","25.76","1.30M","-1.94%"
"08/22/2019","26.27","26.46","26.47","26.22","566.04K","0.00%"
"08/21/2019","26.27","26.36","26.39","26.23","1.38M","1.66%"
"08/20/2019","25.84","25.83","25.96","25.72","1.76M","-0.77%"
"08/19/2019","26.04","26.12","26.16","26.01","664.83K","1.48%"
"08/16/2019","25.66","25.48","25.71","25.46","1.61M","1.42%"
"08/15/2019","25.30","25.26","25.34","25.13","2.52M","0.12%"
"08/14/2019","25.27","25.54","25.58","25.25","1.53M","-3.59%"
"08/13/2019","26.21","25.87","26.24","25.86","2.02M","1.31%"
"08/12/2019","25.87","25.93","26.02","25.84","948.22K","-0.23%"
"08/09/2019","25.93","26.00","26.05","25.90","2.54M","-1.48%"
"08/08/2019","26.32","26.44","26.65","26.29","2.36M","-0.53%"
"08/07/2019","26.46","26.22","26.51","26.15","1.39M","-0.34%"
"08/06/2019","26.55","26.69","26.69","26.37","1.24M","0.19%"
"08/05/2019","26.50","26.59","26.63","26.36","1.00M","-1.23%"
"08/02/2019","26.83","26.96","27.00","26.72","1.13M","-0.37%"
"08/01/2019","26.93","26.99","27.30","26.81","2.17M","-0.37%"
"07/31/2019","27.03","27.22","27.31","26.83","2.01M","-0.33%"
"07/30/2019","27.12","27.12","27.15","27.04","692.41K","-1.88%"
"07/29/2019","27.64","27.73","27.74","27.64","762.01K","-0.32%"
"07/26/2019","27.73","27.75","27.77","27.69","466.72K","-0.36%"
"07/25/2019","27.83","28.17","28.17","27.79","1.22M","-1.14%"
"07/24/2019","28.15","28.05","28.15","28.05","357.24K","0.36%"
"07/23/2019","28.05","27.96","28.05","27.93","647.30K","0.83%"
"07/22/2019","27.82","27.77","27.85","27.72","519.46K","0.76%"
"07/19/2019","27.61","27.81","27.83","27.61","743.47K","-2.95%"
"07/18/2019","28.45","28.32","28.47","28.25","680.16K","0.92%"
"07/17/2019","28.19","28.38","28.43","28.19","1.11M","-0.60%"
"07/16/2019","28.36","28.42","28.50","28.33","1.51M","-0.60%"
"07/15/2019","28.53","28.61","28.65","28.49","367.92K","-0.21%"
"07/12/2019","28.59","28.55","28.59","28.51","632.54K","0.11%"
"07/11/2019","28.56","28.55","28.62","28.47","702.36K","0.46%"
"07/10/2019","28.43","28.41","28.46","28.30","2.30M","1.35%"
"07/09/2019","28.05","28.03","28.09","28.00","347.38K","-0.04%"
"07/08/2019","28.06","28.13","28.17","28.06","854.19K","-0.36%"
"07/05/2019","28.16","28.25","28.25","28.06","1.80M","-0.42%"
"07/03/2019","28.28","28.10","28.28","28.10","786.68K","2.54%"
"07/02/2019","27.58","27.56","27.64","27.52","755.69K","0.77%"
"07/01/2019","27.37","27.62","27.62","27.30","2.13M","-0.65%"
"06/28/2019","27.55","27.48","27.61","27.48","601.45K","0.62%"
"06/27/2019","27.38","27.45","27.46","27.38","685.26K","0.22%"
"06/26/2019","27.32","27.40","27.43","27.30","596.75K","-0.29%"
"06/25/2019","27.40","27.62","27.65","27.36","1.21M","-1.08%"
"06/24/2019","27.70","27.78","27.85","27.70","723.24K","0.29%"
"06/21/2019","27.62","27.58","27.73","27.55","844.67K","0.40%"
"06/20/2019","27.51","27.54","27.61","27.42","720.06K","1.44%"
"06/19/2019","27.12","27.06","27.24","27.04","665.70K","0.56%"
"06/18/2019","26.97","26.85","27.00","26.85","2.70M","2.24%"
"06/17/2019","26.38","26.42","26.49","26.35","613.13K","-3.19%"
"06/14/2019","27.25","27.32","27.34","27.23","713.16K","-0.47%"
"06/13/2019","27.38","27.40","27.44","27.36","787.90K","0.88%"
"06/12/2019","27.14","27.36","27.38","27.14","676.58K","-1.20%"
"06/11/2019","27.47","27.57","27.60","27.36","829.58K","0.70%"
"06/10/2019","27.28","27.23","27.32","27.19","525.91K","0.37%"
"06/07/2019","27.18","27.23","27.30","27.17","706.77K","1.19%"
"06/06/2019","26.86","26.88","26.90","26.71","1.11M","0.79%"
"06/05/2019","26.65","26.75","26.78","26.61","524.72K","-0.74%"
"06/04/2019","26.85","26.73","26.85","26.69","996.26K","2.56%"
"06/03/2019","26.18","26.10","26.28","26.02","1.21M","0.93%"
"05/31/2019","25.94","25.82","26.02","25.80","850.26K","-0.88%"
"05/30/2019","26.17","26.11","26.22","26.09","1.75M","-0.65%"
"05/29/2019","26.34","26.28","26.35","26.21","742.79K","-0.83%"
"05/28/2019","26.56","26.81","26.86","26.56","861.80K","-1.52%"
"05/24/2019","26.97","27.00","27.00","26.89","590.53K","1.62%"
"05/23/2019","26.54","26.57","26.60","26.46","1.83M","-1.63%"
"05/22/2019","26.98","27.07","27.14","26.98","543.48K","-0.77%"
"05/21/2019","27.19","27.16","27.29","27.08","581.07K","0.63%"
"05/20/2019","27.02","27.01","27.08","26.95","612.19K","-0.30%"
"05/17/2019","27.10","27.05","27.19","27.05","1.50M","-0.44%"
"05/16/2019","27.22","27.06","27.27","27.05","1.08M","0.81%"
"05/15/2019","27.00","26.56","27.02","26.45","869.40K","0.07%"
"05/14/2019","26.98","26.78","27.07","26.78","515.72K","0.75%"
"05/13/2019","26.78","26.90","26.91","26.71","1.11M","-2.08%"
"05/10/2019","27.35","27.23","27.43","27.10","1.22M","0.22%"
"05/09/2019","27.29","27.03","27.30","27.01","1.61M","-0.55%"
"05/08/2019","27.44","27.45","27.51","27.36","433.70K","0.37%"
"05/07/2019","27.34","27.66","27.66","27.26","748.90K","-1.58%"
"05/06/2019","27.78","27.51","27.82","27.51","683.16K","-1.28%"
"05/03/2019","28.14","28.01","28.17","28.01","409.06K","1.04%"
"05/02/2019","27.85","28.11","28.13","27.84","841.36K","-0.75%"
"05/01/2019","28.06","28.32","28.43","28.05","525.04K","-0.81%"
"04/30/2019","28.29","28.24","28.35","28.17","670.10K","0.68%"
"04/29/2019","28.10","27.95","28.14","27.95","482.57K","0.61%"
"04/26/2019","27.93","27.91","28.04","27.89","1.30M","-0.21%"
"04/25/2019","27.99","27.84","27.99","27.79","942.68K","0.25%"
"04/24/2019","27.92","28.06","28.08","27.82","1.41M","-1.48%"
"04/23/2019","28.34","28.28","28.36","28.25","1.68M","-0.32%"
"04/22/2019","28.43","28.33","28.43","28.33","141.94K","0.25%"
"04/18/2019","28.36","28.36","28.38","28.28","306.08K","-0.77%"
"04/17/2019","28.58","28.50","28.60","28.46","735.24K","0.67%"
"04/16/2019","28.39","28.39","28.44","28.35","264.81K","-0.21%"
"04/15/2019","28.45","28.46","28.46","28.36","425.54K","0.07%"
"04/12/2019","28.43","28.49","28.52","28.38","627.38K","0.96%"
"04/11/2019","28.16","28.20","28.27","28.09","632.72K","0.14%"
"04/10/2019","28.12","28.13","28.24","28.06","7.46M","-0.25%"
"04/09/2019","28.19","28.24","28.28","28.15","627.84K","-0.63%"
"04/08/2019","28.37","28.34","28.37","28.27","626.72K","0.39%"
"04/05/2019","28.26","28.14","28.26","28.08","378.66K","0.28%"
"04/04/2019","28.18","28.07","28.18","28.06","712.53K","-0.35%"
"04/03/2019","28.28","28.17","28.32","28.17","971.60K","0.96%"
"04/02/2019","28.01","27.94","28.01","27.80","605.52K","-0.18%"
"04/01/2019","28.06","27.89","28.06","27.86","885.62K","0.97%"
"03/29/2019","27.79","27.71","27.79","27.61","470.00K","0.72%"
"03/28/2019","27.59","27.54","27.60","27.46","274.85K","-0.65%"
"03/27/2019","27.77","27.79","27.84","27.55","440.69K","0.43%"
"03/26/2019","27.65","27.69","27.71","27.59","160.24K","0.11%"
"03/25/2019","27.62","27.66","27.70","27.53","271.45K","0.29%"
"03/22/2019","27.54","27.68","27.73","27.47","891.74K","-2.51%"
"03/21/2019","28.25","28.10","28.25","28.02","479.09K","0.14%"
"03/20/2019","28.21","28.11","28.38","27.98","1.05M","0.61%"
"03/19/2019","28.04","28.16","28.19","27.98","608.65K","0.54%"
"03/18/2019","27.89","27.84","27.89","27.77","799.81K","1.27%"
"03/15/2019","27.54","27.50","27.56","27.46","1.99M","0.81%"
"03/14/2019","27.32","27.26","27.34","27.26","864.07K","0.37%"
"03/13/2019","27.22","27.08","27.25","27.05","916.22K","0.96%"
"03/12/2019","26.96","26.91","27.02","26.90","639.46K","-0.07%"
"03/11/2019","26.98","26.75","27.00","26.74","939.58K","0.67%"
"03/08/2019","26.80","26.61","26.82","26.57","746.69K","-0.07%"
"03/07/2019","26.82","27.10","27.10","26.81","900.10K","-1.90%"
"03/06/2019","27.34","27.28","27.38","27.21","8.58M","0.89%"
"03/05/2019","27.10","27.13","27.14","27.00","150.70K","-0.04%"
"03/04/2019","27.11","27.18","27.18","27.00","335.64K","-0.77%"
"03/01/2019","27.32","27.31","27.36","27.23","522.11K","0.63%"
"02/28/2019","27.15","27.15","27.24","27.09","598.61K","0.93%"
"02/27/2019","26.90","27.03","27.08","26.88","477.87K","-0.04%"
"02/26/2019","26.91","26.90","26.99","26.86","297.15K","0.52%"
"02/25/2019","26.77","26.91","26.92","26.77","171.01K","0.64%"
"02/22/2019","26.60","26.61","26.67","26.58","128.76K","0.38%"
"02/21/2019","26.50","26.52","26.57","26.45","194.69K","-0.60%"
"02/20/2019","26.66","26.59","26.79","26.58","504.82K","0.34%"
"02/19/2019","26.57","26.40","26.66","26.40","803.20K","0.38%"
"02/15/2019","26.47","26.36","26.49","26.28","372.02K","1.96%"
"02/14/2019","25.96","25.97","26.08","25.92","447.45K","-0.35%"
"02/13/2019","26.05","26.18","26.23","26.04","290.33K","0.19%"
"02/12/2019","26.00","25.89","26.04","25.89","437.39K","1.48%"
"02/11/2019","25.62","25.65","25.71","25.54","395.00K","0.12%"
"02/08/2019","25.59","25.54","25.60","25.35","240.68K","-0.47%"
"02/07/2019","25.71","25.87","25.95","25.66","519.72K","-2.39%"
"02/06/2019","26.34","26.34","26.39","26.30","439.26K","0.27%"
"02/05/2019","26.27","26.25","26.28","26.16","186.79K","0.50%"
"02/04/2019","26.14","25.93","26.16","25.85","375.84K","0.69%"
"02/01/2019","25.96","25.97","26.06","25.89","1.96M","-0.80%"
"01/31/2019","26.17","26.02","26.25","26.02","632.90K","-0.46%"
"01/30/2019","26.29","26.02","26.36","25.96","275.87K","1.23%"
"01/29/2019","25.97","26.04","26.08","25.96","351.63K","0.35%"
"01/28/2019","25.88","25.86","25.90","25.79","234.68K","-0.35%"
"01/25/2019","25.97","25.88","26.07","25.88","423.94K","1.60%"
"01/24/2019","25.56","25.55","25.69","25.46","277.13K","0.00%"
"01/23/2019","25.56","25.65","25.72","25.48","202.82K","0.47%"
"01/22/2019","25.44","25.55","25.60","25.40","296.07K","-1.51%"
"01/18/2019","25.83","25.92","25.92","25.76","300.13K","0.19%"
"01/17/2019","25.78","25.61","25.86","25.61","303.21K","0.82%"
"01/16/2019","25.57","25.46","25.63","25.46","644.63K","1.19%"
"01/15/2019","25.27","25.31","25.41","25.10","532.97K","-0.47%"
"01/14/2019","25.39","25.28","25.46","25.28","209.99K","-0.20%"
"01/11/2019","25.44","25.52","25.57","25.41","375.37K","-1.13%"
"01/10/2019","25.73","25.45","25.74","25.44","548.12K","0.82%"
"01/09/2019","25.52","25.52","25.62","25.43","1.19M","1.23%"
"01/08/2019","25.21","25.36","25.36","25.14","137.23K","0.00%"
"01/07/2019","25.21","25.09","25.30","24.99","198.56K","1.24%"
"01/04/2019","24.90","24.55","24.96","24.53","609.34K","3.66%"
"01/03/2019","24.02","24.20","24.23","24.00","455.01K","-0.54%"
"01/02/2019","24.15","23.87","24.16","23.86","523.64K","-0.25%"
"12/31/2018","24.21","24.36","24.36","24.05","667.41K","0.37%"
"12/28/2018","24.12","24.25","24.27","24.05","390.37K","-0.50%"
"12/27/2018","24.24","23.79","24.26","23.63","706.34K","1.47%"
"12/26/2018","23.89","23.32","23.91","23.20","613.73K","2.62%"
"12/24/2018","23.28","23.82","23.83","23.27","327.43K","-2.39%"
"12/21/2018","23.85","24.33","24.42","23.82","651.38K","-2.57%"
"12/20/2018","24.48","24.67","24.73","24.45","2.01M","-0.65%"
"12/19/2018","24.64","25.01","25.20","24.60","956.88K","-0.16%"
"12/18/2018","24.68","24.64","24.72","24.54","1.71M","-0.12%"
"12/17/2018","24.71","24.97","24.97","24.64","729.65K","-0.80%"
"12/14/2018","24.91","24.94","25.08","24.91","3.04M","-1.54%"
"12/13/2018","25.30","25.37","25.43","25.24","472.04K","-0.12%"
"12/12/2018","25.33","25.12","25.43","25.12","900.19K","2.68%"
"12/11/2018","24.67","24.88","24.88","24.53","554.74K","-0.12%"
"12/10/2018","24.70","24.80","24.84","24.45","510.83K","-0.20%"
"12/07/2018","24.75","25.13","25.24","24.71","539.69K","-1.47%"
"12/06/2018","25.12","24.94","25.12","24.68","575.65K","-0.08%"
"12/04/2018","25.14","25.85","25.85","25.11","526.27K","-3.27%"
"12/03/2018","25.99","25.83","26.00","25.83","1.18M","2.36%"
"11/30/2018","25.39","25.37","25.40","25.26","391.47K","-0.31%"
"11/29/2018","25.47","25.37","25.52","25.31","697.77K","-0.51%"
"11/28/2018","25.60","25.12","25.61","25.06","766.25K","1.75%"
"11/27/2018","25.16","25.26","25.32","25.14","797.46K","-1.06%"
"11/26/2018","25.43","25.36","25.48","25.32","1.41M","2.87%"
"11/23/2018","24.72","24.68","24.78","24.68","389.48K","-0.40%"
"11/21/2018","24.82","24.77","24.96","24.76","495.24K","1.31%"
"11/20/2018","24.50","24.77","24.85","24.47","1.03M","-2.43%"
"11/19/2018","25.11","25.35","25.35","25.09","597.57K","-0.48%"
"11/16/2018","25.23","25.09","25.26","25.03","388.45K","0.04%"
"11/15/2018","25.22","24.85","25.28","24.77","686.65K","0.16%"
"11/14/2018","25.18","25.35","25.37","25.00","812.41K","0.44%"
"11/13/2018","25.07","25.13","25.37","25.04","1.40M","0.52%"
"11/12/2018","24.94","25.19","25.22","24.93","405.97K","-2.00%"
"11/09/2018","25.45","25.44","25.54","25.30","317.93K","-0.86%"
"11/08/2018","25.67","25.95","26.02","25.63","291.03K","-2.02%"
"11/07/2018","26.20","26.11","26.23","26.02","448.17K","1.51%"
"11/06/2018","25.81","25.65","25.81","25.57","469.31K","0.74%"
"11/05/2018","25.62","25.61","25.68","25.53","720.82K","-0.54%"
"11/02/2018","25.76","25.84","25.89","25.56","557.24K","0.86%"
"11/01/2018","25.54","25.46","25.55","25.37","420.06K","1.96%"
"10/31/2018","25.05","25.11","25.29","25.04","539.66K","-0.91%"
"10/30/2018","25.28","25.06","25.29","25.06","421.59K","0.96%"
"10/29/2018","25.04","25.35","25.48","24.83","499.55K","0.44%"
"10/26/2018","24.93","24.62","25.09","24.52","1.07M","0.04%"
"10/25/2018","24.92","24.82","25.07","24.71","656.68K","2.09%"
"10/24/2018","24.41","24.96","24.99","24.39","1.78M","-3.67%"
"10/23/2018","25.34","25.10","25.46","24.98","880.98K","0.12%"
"10/22/2018","25.31","25.38","25.43","25.18","600.00K","-0.78%"
"10/19/2018","25.51","25.33","25.81","25.26","5.50M","1.43%"
"10/18/2018","25.15","25.80","25.88","25.07","1.19M","-3.19%"
"10/17/2018","25.98","26.16","26.16","25.89","446.08K","-1.96%"
"10/16/2018","26.50","26.38","26.50","26.32","372.94K","2.67%"
"10/15/2018","25.81","25.82","25.92","25.78","307.80K","-0.12%"
"10/12/2018","25.84","26.03","26.07","25.53","851.61K","0.00%"
"10/11/2018","25.84","26.24","26.29","25.71","1.59M","-1.41%"
"10/10/2018","26.21","26.66","26.66","26.16","5.39M","-1.87%"
"10/09/2018","26.71","26.47","26.79","26.44","3.32M","0.68%"
"10/08/2018","26.53","26.27","26.57","26.27","955.36K","-2.03%"
"10/05/2018","27.08","27.16","27.21","26.97","359.70K","-0.91%"
"10/04/2018","27.33","27.54","27.59","27.23","355.62K","-0.76%"
"10/03/2018","27.54","27.73","27.77","27.53","891.68K","0.66%"
"10/02/2018","27.36","27.44","27.54","27.27","693.09K","-0.47%"
"10/01/2018","27.49","27.88","27.89","27.43","1.76M","-0.61%"
"09/28/2018","27.66","27.54","27.89","27.50","4.83M","-3.62%"
"09/27/2018","28.70","28.91","29.05","28.64","2.72M","-1.91%"
"09/26/2018","29.26","29.12","29.41","29.12","5.38M","-0.17%"
"09/25/2018","29.31","29.24","29.35","29.24","1.24M","1.52%"
"09/24/2018","28.87","29.10","29.14","28.87","460.62K","-0.69%"
"09/21/2018","29.07","28.99","29.10","28.96","415.18K","0.14%"
"09/20/2018","29.03","28.97","29.04","28.85","399.57K","1.61%"
"09/19/2018","28.57","28.44","28.61","28.44","329.85K","0.28%"
"09/18/2018","28.49","28.37","28.54","28.37","483.69K","0.74%"
"09/17/2018","28.28","28.35","28.42","28.26","334.97K","1.47%"
"09/14/2018","27.87","27.95","28.00","27.79","358.51K","-0.68%"
"09/13/2018","28.06","28.19","28.27","27.97","1.54M","0.07%"
"09/12/2018","28.04","27.85","28.12","27.84","559.11K","0.43%"
"09/11/2018","27.92","27.67","27.93","27.61","925.33K","-0.21%"
"09/10/2018","27.98","27.95","28.04","27.93","497.21K","3.10%"
"09/07/2018","27.14","27.09","27.26","27.05","450.48K","-1.27%"
"09/06/2018","27.49","27.61","27.76","27.38","926.21K","-0.43%"
"09/05/2018","27.61","27.85","27.85","27.48","793.22K","0.40%"
"09/04/2018","27.50","27.22","27.51","27.09","1.26M","1.48%"
"08/31/2018","27.10","27.20","27.32","26.98","665.46K","-1.45%"
"08/30/2018","27.50","27.68","27.69","27.46","679.40K","-1.79%"
"08/29/2018","28.00","27.77","28.02","27.72","850.68K","0.79%"
"08/28/2018","27.78","28.04","28.04","27.77","777.25K","-0.93%"
"08/27/2018","28.04","27.73","28.05","27.73","486.32K","0.94%"
"08/24/2018","27.78","27.72","27.85","27.66","422.97K","1.31%"
"08/23/2018","27.42","27.46","27.58","27.37","940.17K","-0.90%"
"08/22/2018","27.67","27.72","27.77","27.66","951.46K","-0.04%"
"08/21/2018","27.68","27.61","27.84","27.61","767.32K","2.03%"
"08/20/2018","27.13","27.03","27.18","26.97","369.62K","0.93%"
"08/17/2018","26.88","26.72","26.98","26.72","837.53K","-0.19%"
"08/16/2018","26.93","26.96","27.12","26.90","713.12K","0.90%"
"08/15/2018","26.69","26.98","27.09","26.57","1.78M","-2.84%"
"08/14/2018","27.47","27.50","27.54","27.38","559.19K","-0.43%"
"08/13/2018","27.59","27.58","27.75","27.50","462.33K","-0.61%"
"08/10/2018","27.76","27.78","27.85","27.65","1.02M","-3.44%"
"08/09/2018","28.75","28.92","28.94","28.73","492.99K","-1.37%"
"08/08/2018","29.15","29.17","29.23","29.09","282.79K","-0.17%"
"08/07/2018","29.20","29.22","29.27","29.20","682.75K","1.49%"
"08/06/2018","28.77","28.65","28.83","28.58","302.44K","-0.31%"
"08/03/2018","28.86","28.72","28.88","28.68","265.64K","0.24%"
"08/02/2018","28.79","28.69","28.82","28.55","902.06K","-1.61%"
"08/01/2018","29.26","29.57","29.60","29.22","1.13M","-2.04%"
"07/31/2018","29.87","30.00","30.05","29.84","1.11M","1.19%"
"07/30/2018","29.52","29.53","29.64","29.50","516.38K","0.51%"
"07/27/2018","29.37","29.31","29.46","29.31","345.42K","0.41%"
"07/26/2018","29.25","29.32","29.39","29.25","493.56K","-0.51%"
"07/25/2018","29.40","29.18","29.48","28.97","964.36K","0.62%"
"07/24/2018","29.22","29.20","29.41","29.19","724.03K","0.59%"
"07/23/2018","29.05","29.06","29.12","29.00","811.93K","-0.72%"
"07/20/2018","29.26","29.10","29.27","29.10","406.05K","0.62%"
"07/19/2018","29.08","29.02","29.18","28.95","643.22K","-0.58%"
"07/18/2018","29.25","29.19","29.30","29.15","301.46K","-0.54%"
"07/17/2018","29.41","29.22","29.47","29.21","616.67K","0.41%"
"07/16/2018","29.29","29.31","29.40","29.25","609.22K","-0.03%"
"07/13/2018","29.30","29.23","29.33","29.15","468.12K","0.41%"
"07/12/2018","29.18","29.12","29.21","29.06","299.26K","0.55%"
"07/11/2018","29.02","29.22","29.35","28.93","640.61K","-2.26%"
"07/10/2018","29.69","29.61","29.70","29.52","639.46K","0.03%"
"07/09/2018","29.68","29.68","29.71","29.59","506.46K","0.58%"
"07/06/2018","29.51","29.48","29.56","29.43","595.22K","0.34%"
"07/05/2018","29.41","29.33","29.43","29.28","1.26M","1.52%"
"07/03/2018","28.97","29.08","29.19","28.96","579.53K","1.12%"
"07/02/2018","28.65","28.47","28.68","28.46","1.24M","-0.83%"
"06/29/2018","28.89","28.90","29.07","28.82","1.07M","1.19%"
"06/28/2018","28.55","28.38","28.59","28.36","949.98K","0.53%"
"06/27/2018","28.40","28.74","28.93","28.40","811.43K","-0.91%"
"06/26/2018","28.66","28.76","28.78","28.53","574.70K","-0.31%"
"06/25/2018","28.75","29.01","29.05","28.67","935.76K","-1.27%"
"06/22/2018","29.12","29.21","29.28","28.96","934.21K","1.25%"
"06/21/2018","28.76","28.90","28.92","28.71","808.34K","-2.08%"
"06/20/2018","29.37","29.48","29.50","29.27","613.20K","-0.17%"
"06/19/2018","29.42","29.07","29.44","29.03","513.15K","-2.55%"
"06/18/2018","30.19","30.03","30.22","29.99","509.42K","-0.53%"
"06/15/2018","30.35","30.37","30.42","30.22","530.22K","-0.82%"
"06/14/2018","30.60","30.58","30.77","30.56","1.33M","-0.26%"
"06/13/2018","30.68","30.81","30.83","30.57","520.47K","0.62%"
"06/12/2018","30.49","30.94","30.94","30.46","618.09K","-0.68%"
"06/11/2018","30.70","30.34","30.75","30.30","771.24K","3.75%"
"06/08/2018","29.59","29.59","29.66","29.43","1.13M","-0.87%"
"06/07/2018","29.85","30.22","30.29","29.83","1.03M","-1.58%"
"06/06/2018","30.33","29.93","30.38","29.84","1.24M","1.10%"
"06/05/2018","30.00","30.13","30.16","29.84","6.33M","-1.02%"
"06/04/2018","30.31","30.45","30.51","30.22","4.46M","-0.16%"
"06/01/2018","30.36","30.51","30.60","30.11","3.96M","0.23%"
"05/31/2018","30.29","29.87","30.45","29.69","5.26M","0.70%"
"05/30/2018","30.08","29.79","30.21","29.55","4.19M","4.34%"
"05/29/2018","28.83","29.13","29.49","28.57","4.96M","-5.82%"
"05/25/2018","30.61","30.77","30.82","30.43","8.16M","-2.55%"
"05/24/2018","31.41","31.45","31.52","31.27","4.65M","-0.76%"
"05/23/2018","31.65","31.56","31.67","31.44","4.38M","-1.49%"
"05/22/2018","32.13","32.03","32.30","31.97","2.14M","0.56%"
"05/21/2018","31.95","32.24","32.26","31.90","4.38M","-0.09%"
"05/18/2018","31.98","32.04","32.11","31.95","1.01M","-1.30%"
"05/17/2018","32.40","32.47","32.64","32.35","5.36M","-0.70%"
"05/16/2018","32.63","32.61","32.77","32.39","2.37M","-2.31%"
"05/15/2018","33.40","33.35","33.53","33.23","722.36K","-0.54%"
"05/14/2018","33.58","33.54","33.67","33.52","318.86K","0.12%"
"05/11/2018","33.54","33.52","33.57","33.47","705.58K","0.39%"
"05/10/2018","33.41","33.24","33.42","33.11","944.15K","-0.33%"
"05/09/2018","33.52","33.63","33.66","33.48","1.49M","-0.03%"
"05/08/2018","33.53","33.35","33.55","33.24","712.90K","-1.41%"
"05/07/2018","34.01","33.95","34.16","33.90","392.15K","0.06%"
"05/04/2018","33.99","33.61","34.04","33.59","616.25K","0.62%"
"05/03/2018","33.78","33.64","33.82","33.44","1.00M","0.27%"
"05/02/2018","33.69","33.81","33.93","33.67","784.38K","0.81%"
"05/01/2018","33.42","33.61","33.61","33.16","460.06K","-0.45%"
"04/30/2018","33.57","33.54","33.73","33.52","599.66K","-0.44%"
"04/27/2018","33.72","33.67","33.77","33.52","904.45K","-0.62%"
"04/26/2018","33.93","33.97","34.00","33.75","881.92K","0.41%"
"04/25/2018","33.79","33.65","33.80","33.55","1.14M","-0.65%"
"04/24/2018","34.01","34.18","34.27","33.90","729.94K","-0.38%"
"04/23/2018","34.14","33.97","34.19","33.89","3.21M","0.44%"
"04/20/2018","33.99","34.04","34.08","33.93","346.42K","-0.41%"
"04/19/2018","34.13","34.14","34.24","34.02","669.47K","-0.06%"
"04/18/2018","34.15","34.05","34.18","34.00","622.40K","0.56%"
"04/17/2018","33.96","33.87","34.01","33.80","799.32K","1.07%"
"04/16/2018","33.60","33.60","33.62","33.50","335.81K","0.48%"
"04/13/2018","33.44","33.50","33.52","33.35","273.96K","0.30%"
"04/12/2018","33.34","33.24","33.39","33.22","349.67K","0.94%"
"04/11/2018","33.03","33.14","33.28","33.01","479.60K","-0.87%"
"04/10/2018","33.32","33.21","33.39","33.20","1.13M","1.15%"
"04/09/2018","32.94","32.97","33.13","32.87","798.20K","1.14%"
"04/06/2018","32.57","32.67","32.79","32.46","1.11M","-0.25%"
"04/05/2018","32.65","32.54","32.71","32.51","920.84K","1.05%"
"04/04/2018","32.31","31.80","32.31","31.80","1.13M","0.40%"
"04/03/2018","32.18","31.99","32.20","31.91","591.00K","1.61%"
"04/02/2018","31.67","32.14","32.15","31.38","597.39K","-1.49%"
"03/29/2018","32.15","32.14","32.27","32.00","884.83K","0.63%"
"03/28/2018","31.95","31.83","32.19","31.65","3.22M","1.46%"
"03/27/2018","31.49","31.88","31.95","31.32","1.04M","-1.66%"
"03/26/2018","32.02","31.95","32.04","31.56","871.59K","1.30%"
"03/23/2018","31.61","31.86","31.98","31.60","1.65M","-0.06%"
"03/22/2018","31.63","31.93","31.98","31.59","1.49M","-2.47%"
"03/21/2018","32.43","32.30","32.58","32.22","863.70K","0.34%"
"03/20/2018","32.32","32.28","32.46","32.23","475.38K","-0.31%"
"03/19/2018","32.42","32.53","32.55","32.24","932.75K","-0.43%"
"03/16/2018","32.56","32.55","32.65","32.51","733.17K","0.37%"
"03/15/2018","32.44","32.27","32.48","32.21","796.11K","0.56%"
"03/14/2018","32.26","32.57","32.60","32.10","1.88M","-0.55%"
"03/13/2018","32.44","32.68","32.70","32.41","801.52K","-0.37%"
"03/12/2018","32.56","32.53","32.65","32.49","633.92K","0.00%"
"03/09/2018","32.56","32.38","32.57","32.35","594.38K","0.28%"
"03/08/2018","32.47","32.69","32.70","32.34","459.39K","0.31%"
"03/07/2018","32.37","32.14","32.41","32.11","1.14M","0.94%"
"03/06/2018","32.07","31.94","32.10","31.89","890.83K","2.07%"
"03/05/2018","31.42","30.92","31.47","30.85","1.51M","-0.29%"
"03/02/2018","31.51","31.41","31.53","31.14","1.26M","-0.25%"
"03/01/2018","31.59","31.83","31.96","31.31","1.23M","-0.38%"
"02/28/2018","31.71","32.13","32.20","31.70","1.03M","-0.78%"
"02/27/2018","31.96","32.38","32.41","31.95","700.05K","-1.75%"
"02/26/2018","32.53","32.39","32.56","32.20","655.90K","0.28%"
"02/23/2018","32.44","32.26","32.45","32.20","661.46K","1.63%"
"02/22/2018","31.92","32.05","32.07","31.80","1.05M","-0.22%"
"02/21/2018","31.99","32.25","32.45","31.99","1.19M","-0.84%"
"02/20/2018","32.26","32.34","32.47","32.15","892.66K","-1.71%"
"02/16/2018","32.82","32.71","32.98","32.68","645.75K","0.43%"
"02/15/2018","32.68","32.69","32.72","32.36","687.66K","0.28%"
"02/14/2018","32.59","31.53","32.61","31.53","1.27M","2.71%"
"02/13/2018","31.73","31.60","31.76","31.56","609.56K","-0.69%"
"02/12/2018","31.95","31.63","32.02","31.58","774.58K","0.79%"
"02/09/2018","31.70","31.64","31.86","30.74","2.01M","0.67%"
"02/08/2018","31.49","32.38","32.38","31.49","1.42M","-2.93%"
"02/07/2018","32.44","32.48","32.78","32.36","1.33M","-1.34%"
"02/06/2018","32.88","31.98","32.89","31.89","2.74M","3.69%"
"02/05/2018","31.71","32.94","33.03","31.59","2.21M","-4.49%"
"02/02/2018","33.20","33.66","33.70","33.17","1.04M","-2.84%"
"02/01/2018","34.17","33.88","34.23","33.83","954.65K","1.15%"
"01/31/2018","33.78","33.87","34.00","33.69","864.32K","0.42%"
"01/30/2018","33.64","33.89","33.93","33.61","396.22K","-1.35%"
"01/29/2018","34.10","34.09","34.16","33.94","462.05K","-0.99%"
"01/26/2018","34.44","34.27","34.45","34.23","461.77K","1.06%"
"01/25/2018","34.08","34.28","34.36","34.01","576.60K","0.47%"
"01/24/2018","33.92","34.11","34.14","33.82","1.34M","-0.21%"
"01/23/2018","33.99","33.94","34.01","33.82","611.93K","-0.09%"
"01/22/2018","34.02","33.87","34.07","33.81","624.96K","0.95%"
"01/19/2018","33.70","33.74","33.79","33.52","741.54K","0.66%"
"01/18/2018","33.48","33.45","33.53","33.36","913.76K","0.21%"
"01/17/2018","33.41","33.36","33.54","33.20","900.46K","0.75%"
"01/16/2018","33.16","33.44","33.45","33.14","1.47M","0.24%"
"01/12/2018","33.08","33.04","33.12","32.91","732.25K","1.60%"
"01/11/2018","32.56","32.44","32.59","32.42","584.65K","1.46%"
"01/10/2018","32.09","32.16","32.20","32.04","750.38K","0.47%"
"01/09/2018","31.94","31.89","31.96","31.71","1.01M","0.47%"
"01/08/2018","31.79","31.77","31.80","31.70","978.85K","-0.19%"
"01/05/2018","31.85","31.71","31.91","31.64","684.35K","1.01%"
"01/04/2018","31.53","31.43","31.64","31.41","1.75M","2.90%"
"01/03/2018","30.64","30.40","30.70","30.38","1.15M","0.03%"
"01/02/2018","30.63","30.49","30.64","30.45","1.87M","0.62%"
"12/29/2017","30.44","30.58","30.61","30.41","462.28K","-0.78%"
"12/28/2017","30.68","30.71","30.77","30.65","410.99K","0.03%"
"12/27/2017","30.67","30.67","30.75","30.62","441.42K","-0.39%"
"12/26/2017","30.79","30.68","30.89","30.68","352.84K","0.20%"
"12/22/2017","30.73","30.58","30.73","30.56","451.25K","0.26%"
"12/21/2017","30.65","30.51","30.73","30.48","329.77K","0.36%"
"12/20/2017","30.54","30.63","30.66","30.51","345.18K","-0.36%"
"12/19/2017","30.65","30.72","30.74","30.57","889.98K","-0.62%"
"12/18/2017","30.84","30.80","30.98","30.79","581.04K","1.55%"
"12/15/2017","30.37","30.43","30.49","30.28","473.05K","-0.39%"
"12/14/2017","30.49","30.83","30.89","30.48","579.55K","-1.29%"
"12/13/2017","30.89","30.93","30.98","30.78","593.95K","-0.93%"
"12/12/2017","31.18","31.13","31.23","31.08","422.48K","-0.51%"
"12/11/2017","31.34","31.34","31.38","31.28","641.88K","-0.03%"
"12/08/2017","31.35","31.30","31.39","31.23","605.83K","1.29%"
"12/07/2017","30.95","30.85","31.07","30.83","1.15M","0.58%"
"12/06/2017","30.77","30.82","30.86","30.77","962.38K","-0.32%"
"12/05/2017","30.87","30.93","31.05","30.82","681.13K","0.10%"
"12/04/2017","30.84","30.97","31.01","30.81","717.65K","-0.06%"
"12/01/2017","30.86","30.83","30.95","30.74","1.34M","-0.48%"
"11/30/2017","31.01","31.16","31.21","31.00","655.71K","0.58%"
"11/29/2017","30.83","31.00","31.05","30.82","629.81K","-0.16%"
"11/28/2017","30.88","30.82","30.95","30.77","626.47K","0.23%"
"11/27/2017","30.81","30.98","30.98","30.79","420.07K","-1.09%"
"11/24/2017","31.15","31.23","31.25","31.14","490.89K","1.20%"
"11/22/2017","30.78","30.83","30.90","30.68","458.79K","0.65%"
"11/21/2017","30.58","30.59","30.68","30.55","460.63K","0.89%"
"11/20/2017","30.31","30.35","30.40","30.27","473.21K","-0.13%"
"11/17/2017","30.35","30.32","30.45","30.29","597.35K","-0.49%"
"11/16/2017","30.50","30.43","30.53","30.36","929.01K","0.20%"
"11/15/2017","30.44","30.36","30.55","30.25","571.99K","-0.62%"
"11/14/2017","30.63","30.59","30.68","30.50","644.72K","0.16%"
"11/13/2017","30.58","30.37","30.61","30.37","1.03M","-0.65%"
"11/10/2017","30.78","30.84","30.85","30.67","1.57M","-0.13%"
"11/09/2017","30.82","30.74","30.87","30.66","599.08K","-0.42%"
"11/08/2017","30.95","30.89","31.02","30.80","588.23K","-0.45%"
"11/07/2017","31.09","31.23","31.32","31.02","905.12K","-0.42%"
"11/06/2017","31.22","31.12","31.25","31.09","303.55K","0.00%"
"11/03/2017","31.22","31.35","31.36","31.15","808.00K","-0.67%"
"11/02/2017","31.43","31.31","31.48","31.28","1.00M","0.96%"
"11/01/2017","31.13","31.23","31.32","31.10","902.89K","0.55%"
"10/31/2017","30.96","30.91","31.04","30.91","423.85K","0.39%"
"10/30/2017","30.84","30.68","30.86","30.68","549.42K","0.75%"
"10/27/2017","30.61","30.62","30.69","30.50","984.34K","-1.10%"
"10/26/2017","30.95","31.02","31.10","30.91","1.71M","0.00%"
"10/25/2017","30.95","31.03","31.09","30.82","646.54K","-0.35%"
"10/24/2017","31.06","30.94","31.16","30.94","734.47K","1.50%"
"10/23/2017","30.60","30.73","30.77","30.59","370.96K","-0.52%"
"10/20/2017","30.76","30.76","30.84","30.73","397.53K","0.03%"
"10/19/2017","30.75","30.59","30.77","30.55","1.62M","-0.29%"
"10/18/2017","30.84","30.70","30.87","30.69","467.00K","0.46%"
"10/17/2017","30.70","30.86","30.86","30.68","4.50M","-0.71%"
"10/16/2017","30.92","31.01","31.04","30.92","507.03K","-0.19%"
"10/13/2017","30.98","31.07","31.08","30.95","1.17M","-0.03%"
"10/12/2017","30.99","31.07","31.07","30.95","715.64K","-0.99%"
"10/11/2017","31.30","31.11","31.31","31.11","829.27K","0.77%"
"10/10/2017","31.06","30.90","31.08","30.81","1.36M","1.04%"
"10/09/2017","30.74","30.81","30.87","30.73","2.33M","-0.10%"
"10/06/2017","30.77","30.70","30.81","30.65","2.43M","-0.32%"
"10/05/2017","30.87","30.78","30.98","30.76","2.44M","0.26%"
"10/04/2017","30.79","30.94","30.97","30.79","2.29M","-1.60%"
"10/03/2017","31.29","31.19","31.29","31.18","568.69K","0.03%"
"10/02/2017","31.28","31.15","31.32","31.14","994.70K","-0.26%"
"09/29/2017","31.36","31.23","31.37","31.16","839.92K","0.84%"
"09/28/2017","31.10","31.14","31.17","31.07","680.80K","0.00%"
"09/27/2017","31.10","31.03","31.21","30.99","527.32K","0.26%"
"09/26/2017","31.02","31.03","31.06","30.84","562.84K","-0.32%"
"09/25/2017","31.12","31.32","31.32","31.02","581.08K","-1.24%"
"09/22/2017","31.51","31.47","31.61","31.47","447.27K","0.25%"
"09/21/2017","31.43","31.37","31.48","31.34","739.65K","0.16%"
"09/20/2017","31.38","31.41","31.50","31.21","885.52K","-0.35%"
"09/19/2017","31.49","31.41","31.52","31.36","477.06K","0.74%"
"09/18/2017","31.26","31.27","31.36","31.23","1.04M","0.61%"
"09/15/2017","31.07","31.09","31.13","31.01","703.56K","0.26%"
"09/14/2017","30.99","30.84","31.02","30.84","714.15K","0.36%"
"09/13/2017","30.88","31.04","31.10","30.83","510.42K","-0.77%"
"09/12/2017","31.12","31.05","31.13","31.05","607.43K","0.35%"
"09/11/2017","31.01","30.88","31.09","30.88","725.65K","1.17%"
"09/08/2017","30.65","30.75","30.76","30.61","552.09K","-0.10%"
"09/07/2017","30.68","30.71","30.71","30.55","830.08K","0.29%"
"09/06/2017","30.59","30.62","30.67","30.53","735.50K","1.22%"
"09/05/2017","30.22","30.36","30.48","30.12","684.59K","-0.69%"
"09/01/2017","30.43","30.41","30.46","30.34","638.63K","0.46%"
"08/31/2017","30.29","30.19","30.34","30.13","744.66K","0.77%"
"08/30/2017","30.06","30.00","30.09","30.00","601.64K","-0.60%"
"08/29/2017","30.24","30.13","30.30","30.11","756.13K","-0.72%"
"08/28/2017","30.46","30.43","30.50","30.41","631.38K","0.40%"
"08/25/2017","30.34","30.12","30.45","30.12","632.17K","0.93%"
"08/24/2017","30.06","30.19","30.24","30.04","835.11K","0.20%"
"08/23/2017","30.00","29.86","30.03","29.83","755.71K","0.23%"
"08/22/2017","29.93","29.78","29.97","29.77","687.05K","-0.30%"
"08/21/2017","30.02","29.88","30.08","29.84","555.84K","0.30%"
"08/18/2017","29.93","29.83","30.05","29.75","776.33K","0.81%"
"08/17/2017","29.69","29.98","30.07","29.67","1.07M","-1.36%"
"08/16/2017","30.10","30.06","30.18","30.03","749.60K","0.47%"
"08/15/2017","29.96","29.92","29.97","29.84","426.26K","0.23%"
"08/14/2017","29.89","29.86","30.03","29.85","587.73K","1.18%"
"08/11/2017","29.54","29.56","29.62","29.45","1.18M","-0.64%"
"08/10/2017","29.73","29.89","29.92","29.69","1.90M","-1.33%"
"08/09/2017","30.13","29.88","30.16","29.88","3.56M","0.10%"
"08/08/2017","30.10","30.32","30.38","30.07","1.51M","-0.82%"
"08/07/2017","30.35","30.28","30.38","30.26","1.57M","0.20%"
"08/04/2017","30.29","30.27","30.31","30.11","3.03M","0.17%"
"08/03/2017","30.24","30.06","30.29","30.02","2.70M","0.77%"
"08/02/2017","30.01","29.93","30.05","29.86","795.66K","0.40%"
"08/01/2017","29.89","29.89","29.98","29.80","987.47K","0.44%"
"07/31/2017","29.76","29.69","29.83","29.59","1.16M","0.68%"
"07/28/2017","29.56","29.43","29.58","29.41","523.61K","0.00%"
"07/27/2017","29.56","29.67","29.69","29.42","869.73K","-0.03%"
"07/26/2017","29.57","29.36","29.63","29.34","949.64K","0.75%"
"07/25/2017","29.35","29.49","29.51","29.32","932.54K","0.34%"
"07/24/2017","29.25","29.13","29.26","29.09","1.17M","0.52%"
"07/21/2017","29.10","29.07","29.10","28.90","419.65K","-0.58%"
"07/20/2017","29.27","29.21","29.30","29.14","753.80K","0.48%"
"07/19/2017","29.13","28.94","29.14","28.93","435.19K","0.41%"
"07/18/2017","29.01","28.98","29.04","28.93","903.86K","0.31%"
"07/17/2017","28.92","28.90","28.93","28.86","836.15K","-0.24%"
"07/14/2017","28.99","28.81","29.00","28.74","811.91K","0.66%"
"07/13/2017","28.80","28.67","28.83","28.64","582.57K","0.31%"
"07/12/2017","28.71","28.64","28.73","28.58","3.17M","0.67%"
"07/11/2017","28.52","28.33","28.54","28.27","1.97M","0.78%"
"07/10/2017","28.30","28.15","28.36","28.13","2.57M","0.53%"
"07/07/2017","28.15","28.05","28.18","27.95","971.00K","0.18%"
"07/06/2017","28.10","27.95","28.23","27.91","970.15K","0.75%"
"07/05/2017","27.89","27.89","27.91","27.76","1.17M","-0.57%"
"07/03/2017","28.05","27.97","28.09","27.97","1.58M","0.90%"
"06/30/2017","27.80","27.80","27.84","27.55","1.80M","0.00%"
"06/29/2017","27.80","28.06","28.06","27.66","839.51K","-1.56%"
"06/28/2017","28.24","27.87","28.29","27.87","569.59K","2.17%"
"06/27/2017","27.64","27.73","27.76","27.55","845.73K","-0.22%"
"06/26/2017","27.70","27.90","27.97","27.67","456.84K","0.65%"
"06/23/2017","27.52","27.43","27.62","27.38","322.66K","0.11%"
"06/22/2017","27.49","27.53","27.59","27.47","1.20M","-0.51%"
"06/21/2017","27.63","27.36","27.69","27.36","830.54K","1.06%"
"06/20/2017","27.34","27.57","27.57","27.27","473.69K","-3.02%"
"06/19/2017","28.19","28.22","28.31","28.15","858.26K","-0.11%"
"06/16/2017","28.22","28.02","28.24","27.97","891.99K","0.97%"
"06/15/2017","27.95","27.83","27.96","27.80","744.29K","-1.06%"
"06/14/2017","28.25","28.50","28.55","28.11","603.84K","-0.28%"
"06/13/2017","28.33","28.32","28.39","28.23","985.65K","0.82%"
"06/12/2017","28.10","28.18","28.24","28.02","1.46M","-0.46%"
"06/09/2017","28.23","28.19","28.33","28.11","3.37M","-0.42%"
"06/08/2017","28.35","28.10","28.35","28.06","991.29K","1.21%"
"06/07/2017","28.01","28.16","28.22","27.85","817.69K","-0.07%"
"06/06/2017","28.03","27.83","28.08","27.83","613.04K","0.25%"
"06/05/2017","27.96","27.95","28.02","27.87","485.08K","-1.38%"
"06/02/2017","28.35","28.25","28.36","28.14","975.70K","0.39%"
"06/01/2017","28.24","27.96","28.25","27.90","857.03K","1.33%"
"05/31/2017","27.87","28.07","28.10","27.83","1.14M","0.18%"
"05/30/2017","27.82","27.77","27.86","27.69","541.04K","-1.83%"
"05/26/2017","28.34","28.26","28.34","28.24","567.08K","-0.49%"
"05/25/2017","28.48","28.52","28.59","28.44","547.12K","-0.49%"
"05/24/2017","28.62","28.51","28.66","28.42","733.83K","-0.21%"
"05/23/2017","28.68","28.71","28.76","28.60","867.81K","-0.03%"
"05/22/2017","28.69","28.68","28.74","28.64","659.18K","0.60%"
"05/19/2017","28.52","28.40","28.58","28.37","724.41K","1.64%"
"05/18/2017","28.06","27.69","28.11","27.68","1.03M","0.61%"
"05/17/2017","27.89","28.17","28.24","27.86","1.32M","-2.17%"
"05/16/2017","28.51","28.47","28.55","28.41","834.23K","1.39%"
"05/15/2017","28.12","28.06","28.16","28.03","571.72K","0.79%"
"05/12/2017","27.90","27.79","27.90","27.70","613.79K","0.83%"
"05/11/2017","27.67","27.57","27.69","27.39","898.18K","0.07%"
"05/10/2017","27.65","27.59","27.68","27.53","613.24K","0.29%"
"05/09/2017","27.57","27.76","27.81","27.51","878.30K","-0.51%"
"05/08/2017","27.71","27.66","27.71","27.59","755.56K","-1.32%"
"05/05/2017","28.08","27.68","28.10","27.67","1.11M","2.44%"
"05/04/2017","27.41","27.16","27.48","27.14","1.14M","2.81%"
"05/03/2017","26.66","26.57","26.73","26.56","936.46K","-0.19%"
"05/02/2017","26.71","26.58","26.73","26.51","703.08K","0.53%"
"05/01/2017","26.57","26.52","26.64","26.46","451.90K","0.45%"
"04/28/2017","26.45","26.60","26.60","26.42","758.86K","-0.11%"
"04/27/2017","26.48","26.58","26.58","26.38","411.47K","-0.68%"
"04/26/2017","26.66","26.64","26.75","26.63","835.24K","-0.60%"
"04/25/2017","26.82","26.70","26.86","26.69","1.14M","1.06%"
"04/24/2017","26.54","26.33","26.59","26.30","1.54M","6.25%"
"04/21/2017","24.98","24.96","24.98","24.84","1.02M","-0.32%"
"04/20/2017","25.06","25.13","25.24","25.06","1.18M","0.68%"
"04/19/2017","24.89","24.91","25.05","24.84","1.20M","0.93%"
"04/18/2017","24.66","24.63","24.66","24.46","1.14M","-1.04%"
"04/17/2017","24.92","24.69","24.95","24.69","880.89K","0.69%"
"04/13/2017","24.75","24.87","24.90","24.67","741.03K","-1.39%"
"04/12/2017","25.10","25.07","25.10","24.96","499.66K","-0.52%"
"04/11/2017","25.23","25.21","25.26","24.99","499.62K","0.32%"
"04/10/2017","25.15","25.12","25.24","25.12","391.53K","-0.91%"
"04/07/2017","25.38","25.39","25.43","25.34","594.72K","-0.31%"
"04/06/2017","25.46","25.43","25.53","25.37","446.24K","0.55%"
"04/05/2017","25.32","25.53","25.59","25.30","1.22M","-0.74%"
"04/04/2017","25.51","25.33","25.51","25.23","505.09K","0.00%"
"04/03/2017","25.51","25.67","25.68","25.25","919.48K","-0.89%"
"03/31/2017","25.74","25.66","25.84","25.65","733.05K","0.39%"
"03/30/2017","25.64","25.65","25.74","25.61","440.56K","-0.47%"
"03/29/2017","25.76","25.65","25.78","25.57","734.93K","-0.58%"
"03/28/2017","25.91","25.84","25.98","25.79","1.56M","0.62%"
"03/27/2017","25.75","25.56","25.78","25.56","1.08M","0.55%"
"03/24/2017","25.61","25.60","25.68","25.54","1.97M","0.35%"
"03/23/2017","25.52","25.40","25.61","25.38","1.27M","0.47%"
"03/22/2017","25.40","25.26","25.48","25.26","984.99K","0.67%"
"03/21/2017","25.23","25.72","25.74","25.21","1.37M","0.00%"
"03/20/2017","25.23","25.37","25.39","25.18","1.07M","-0.67%"
"03/17/2017","25.40","25.43","25.46","25.32","1.26M","-0.47%"
"03/16/2017","25.52","25.30","25.53","25.21","1.33M","2.33%"
"03/15/2017","24.94","24.58","25.00","24.58","1.04M","2.09%"
"03/14/2017","24.43","24.53","24.54","24.36","944.94K","-1.41%"
"03/13/2017","24.78","24.66","24.79","24.66","917.61K","0.41%"
"03/10/2017","24.68","24.63","24.72","24.54","997.12K","0.90%"
"03/09/2017","24.46","24.40","24.46","24.32","1.17M","1.75%"
"03/08/2017","24.04","24.21","24.22","24.02","898.17K","-0.70%"
"03/07/2017","24.21","24.12","24.26","24.07","552.30K","-0.45%"
"03/06/2017","24.32","24.36","24.36","24.20","873.77K","-0.86%"
"03/03/2017","24.53","24.36","24.57","24.31","1.05M","2.21%"
"03/02/2017","24.00","24.04","24.13","23.99","555.89K","-0.12%"
"03/01/2017","24.03","23.97","24.13","23.97","1.34M","1.61%"
"02/28/2017","23.65","23.67","23.78","23.59","718.90K","-0.08%"
"02/27/2017","23.67","23.50","23.68","23.48","1.06M","2.03%"
"02/24/2017","23.20","23.20","23.29","23.13","1.51M","-1.07%"
"02/23/2017","23.45","23.63","23.63","23.39","1.42M","-0.13%"
"02/22/2017","23.48","23.27","23.53","23.24","1.22M","-1.05%"
"02/21/2017","23.73","23.72","23.80","23.66","807.65K","-0.17%"
"02/17/2017","23.77","23.66","23.81","23.66","741.52K","-0.79%"
"02/16/2017","23.96","23.91","23.98","23.88","1.01M","0.55%"
"02/15/2017","23.83","23.71","23.85","23.68","971.40K","-0.46%"
"02/14/2017","23.94","23.86","23.96","23.79","734.37K","0.50%"
"02/13/2017","23.82","23.88","23.88","23.78","418.39K","0.63%"
"02/10/2017","23.67","23.56","23.70","23.54","787.80K","-0.55%"
"02/09/2017","23.80","23.70","23.87","23.68","562.22K","0.68%"
"02/08/2017","23.64","23.28","23.68","23.21","1.28M","0.60%"
"02/07/2017","23.50","23.53","23.60","23.42","911.45K","-0.63%"
"02/06/2017","23.65","23.73","23.80","23.55","1.45M","-2.67%"
"02/03/2017","24.30","24.16","24.35","24.08","1.18M","1.29%"
"02/02/2017","23.99","24.09","24.14","23.91","1.70M","1.10%"
"02/01/2017","23.73","23.80","23.83","23.61","1.66M","-0.04%"
"01/31/2017","23.74","23.76","23.79","23.55","3.27M","-0.04%"
"01/30/2017","23.75","23.78","23.79","23.61","2.34M","-2.54%"
"01/27/2017","24.37","24.42","24.42","24.27","1.12M","-0.29%"
"01/26/2017","24.44","24.61","24.67","24.39","1.48M","-1.65%"
"01/25/2017","24.85","24.93","25.05","24.79","1.94M","-0.12%"
"01/24/2017","24.88","24.84","24.91","24.75","2.97M","0.89%"
"01/23/2017","24.66","24.67","24.68","24.51","3.33M","-0.12%"
"01/20/2017","24.69","24.66","24.71","24.59","937.77K","0.57%"
"01/19/2017","24.55","24.51","24.59","24.48","788.17K","0.29%"
"01/18/2017","24.48","24.49","24.57","24.41","3.16M","-0.24%"
"01/17/2017","24.54","24.52","24.59","24.49","1.07M","-0.04%"
"01/13/2017","24.55","24.65","24.69","24.52","1.53M","0.45%"
"01/12/2017","24.44","24.66","24.68","24.21","2.91M","-0.61%"
"01/11/2017","24.59","24.38","24.61","24.29","2.68M","0.57%"
"01/10/2017","24.45","24.43","24.57","24.40","1.15M","0.04%"
"01/09/2017","24.44","24.37","24.48","24.28","1.31M","-1.65%"
"01/06/2017","24.85","24.67","24.90","24.62","2.08M","-0.20%"
"01/05/2017","24.90","24.74","24.93","24.73","3.45M","0.97%"
"01/04/2017","24.66","24.45","24.67","24.39","1.93M","0.69%"
"01/03/2017","24.49","24.45","24.52","24.32","3.99M","1.16%"
"12/30/2016","24.21","24.30","24.42","24.17","885.07K","0.46%"
"12/29/2016","24.10","24.04","24.14","24.03","863.98K","0.92%"
"12/28/2016","23.88","24.00","24.02","23.80","1.06M","-1.49%"
"12/27/2016","24.24","24.23","24.28","24.20","755.37K","0.37%"
"12/23/2016","24.15","24.04","24.18","24.04","1.09M","1.30%"
"12/22/2016","23.84","24.00","24.01","23.83","1.13M","-0.50%"
"12/21/2016","23.96","23.89","23.99","23.88","851.45K","-0.37%"
"12/20/2016","24.05","23.90","24.11","23.87","864.17K","1.09%"
"12/19/2016","23.79","24.00","24.00","23.77","1.93M","-0.46%"
"12/16/2016","23.90","23.89","23.99","23.82","1.20M","0.13%"
"12/15/2016","23.87","23.64","23.93","23.64","2.08M","0.93%"
"12/14/2016","23.65","24.01","24.12","23.58","2.95M","-2.03%"
"12/13/2016","24.14","23.93","24.25","23.93","2.17M","2.33%"
"12/12/2016","23.59","23.64","23.71","23.53","1.56M","0.43%"
"12/09/2016","23.49","23.26","23.50","23.23","1.17M","-0.97%"
"12/08/2016","23.72","23.64","23.75","23.34","2.12M","-0.29%"
"12/07/2016","23.79","23.47","23.91","23.44","2.11M","2.32%"
"12/06/2016","23.25","22.66","23.28","22.64","4.15M","4.21%"
"12/05/2016","22.31","22.01","22.33","21.99","4.49M","0.81%"
"12/02/2016","22.13","21.95","22.23","21.93","1.65M","0.68%"
"12/01/2016","21.98","21.86","22.11","21.80","4.33M","1.06%"
"11/30/2016","21.75","21.67","21.83","21.64","1.77M","1.73%"
"11/29/2016","21.38","21.12","21.45","21.10","1.31M","2.54%"
"11/28/2016","20.85","21.03","21.09","20.82","1.20M","-2.07%"
"11/25/2016","21.29","21.26","21.30","21.24","991.59K","0.09%"
"11/23/2016","21.27","20.89","21.30","20.87","4.33M","-0.37%"
"11/22/2016","21.35","21.43","21.43","21.24","1.26M","1.23%"
"11/21/2016","21.09","20.93","21.10","20.90","554.09K","1.05%"
"11/18/2016","20.87","20.96","21.00","20.80","644.81K","-2.48%"
"11/17/2016","21.40","21.26","21.44","21.21","620.83K","-0.09%"
"11/16/2016","21.42","21.39","21.51","21.34","1.61M","-1.56%"
"11/15/2016","21.76","21.50","21.76","21.46","772.76K","0.32%"
"11/14/2016","21.69","21.65","21.73","21.58","902.97K","-1.81%"
"11/11/2016","22.09","22.12","22.15","21.94","971.05K","-0.36%"
"11/10/2016","22.17","22.15","22.31","21.95","1.24M","0.14%"
"11/09/2016","22.14","21.88","22.26","21.83","2.22M","-0.81%"
"11/08/2016","22.32","22.06","22.40","22.06","1.22M","0.31%"
"11/07/2016","22.25","22.15","22.27","22.08","1.23M","2.82%"
"11/04/2016","21.64","21.72","21.86","21.62","413.97K","-1.19%"
"11/03/2016","21.90","21.88","21.98","21.82","985.97K","-0.36%"
"11/02/2016","21.98","22.12","22.20","21.90","2.94M","-1.61%"
"11/01/2016","22.34","22.64","22.65","22.24","683.41K","-0.98%"
"10/31/2016","22.56","22.60","22.60","22.38","696.99K","-0.35%"
"10/28/2016","22.64","22.58","22.71","22.56","510.22K","-0.18%"
"10/27/2016","22.68","22.72","22.80","22.65","622.80K","0.62%"
"10/26/2016","22.54","22.52","22.68","22.50","1.13M","0.18%"
"10/25/2016","22.50","22.46","22.58","22.40","549.42K","-0.27%"
"10/24/2016","22.56","22.62","22.68","22.50","430.63K","0.62%"
"10/21/2016","22.42","22.26","22.42","22.25","468.83K","-0.09%"
"10/20/2016","22.44","22.34","22.48","22.28","624.82K","0.27%"
"10/19/2016","22.38","22.22","22.41","22.22","629.71K","0.45%"
"10/18/2016","22.28","22.24","22.38","22.18","316.27K","1.83%"
"10/17/2016","21.88","21.88","21.94","21.80","277.59K","0.64%"
"10/14/2016","21.74","21.82","21.92","21.72","693.31K","0.83%"
"10/13/2016","21.56","21.40","21.63","21.34","1.30M","-0.74%"
"10/12/2016","21.72","21.66","21.80","21.64","283.84K","-0.28%"
"10/11/2016","21.78","22.02","22.02","21.70","548.98K","-1.63%"
"10/10/2016","22.14","22.16","22.22","22.12","275.59K","0.73%"
"10/07/2016","21.98","22.02","22.02","21.80","620.04K","-0.27%"
"10/06/2016","22.04","22.16","22.18","22.01","409.67K","-0.18%"
"10/05/2016","22.08","22.02","22.16","22.00","439.58K","1.75%"
"10/04/2016","21.70","21.76","21.84","21.58","890.99K","-0.82%"
"10/03/2016","21.88","21.76","21.88","21.74","384.10K","-0.73%"
"09/30/2016","22.04","21.80","22.10","21.73","773.46K","1.94%"
"09/29/2016","21.62","22.02","22.08","21.48","800.36K","-1.55%"
"09/28/2016","21.96","21.84","21.96","21.66","685.27K","1.29%"
"09/27/2016","21.68","21.44","21.74","21.42","758.39K","-0.46%"
"09/26/2016","21.78","21.80","21.92","21.71","289.80K","-1.18%"
"09/23/2016","22.04","22.06","22.14","22.04","334.67K","-1.25%"
"09/22/2016","22.32","22.50","22.56","22.28","491.57K","1.00%"
"09/21/2016","22.10","21.84","22.13","21.77","893.03K","2.13%"
"09/20/2016","21.64","21.76","21.76","21.62","391.70K","-0.92%"
"09/19/2016","21.84","22.02","22.04","21.80","476.48K","1.11%"
"09/16/2016","21.60","21.64","21.71","21.54","707.06K","-3.23%"
"09/15/2016","22.32","22.02","22.36","21.96","512.19K","0.63%"
"09/14/2016","22.18","22.10","22.30","22.08","671.65K","-0.27%"
"09/13/2016","22.24","22.44","22.50","22.10","820.99K","-2.88%"
"09/12/2016","22.90","22.42","22.91","22.38","928.81K","0.35%"
"09/09/2016","22.82","23.22","23.22","22.78","695.80K","-2.56%"
"09/08/2016","23.42","23.24","23.45","23.14","662.66K","1.12%"
"09/07/2016","23.16","23.20","23.28","23.14","818.34K","0.70%"
"09/06/2016","23.00","22.98","23.04","22.86","823.44K","0.26%"
"09/02/2016","22.94","22.84","22.98","22.74","1.28M","0.88%"
"09/01/2016","22.74","22.78","22.84","22.56","673.82K","0.71%"
"08/31/2016","22.58","22.64","22.72","22.48","922.45K","0.62%"
"08/30/2016","22.44","22.56","22.59","22.42","868.36K","0.36%"
"08/29/2016","22.36","22.20","22.36","22.20","380.53K","-0.09%"
"08/26/2016","22.38","22.58","22.88","22.27","1.84M","-0.36%"
"08/25/2016","22.46","22.54","22.58","22.44","972.86K","-0.44%"
"08/24/2016","22.56","22.70","22.74","22.56","1.04M","0.09%"
"08/23/2016","22.54","22.60","22.70","22.54","1.16M","1.62%"
"08/22/2016","22.18","22.04","22.21","21.98","640.99K","0.27%"
"08/19/2016","22.12","22.00","22.12","21.94","1.69M","-2.04%"
"08/18/2016","22.58","22.40","22.62","22.40","1.02M","0.80%"
"08/17/2016","22.40","22.40","22.50","22.25","758.11K","-0.44%"
"08/16/2016","22.50","22.66","22.68","22.50","828.91K","-0.71%"
"08/15/2016","22.66","22.62","22.72","22.62","645.83K","0.44%"
"08/12/2016","22.56","22.66","22.70","22.52","1.30M","0.36%"
"08/11/2016","22.48","22.44","22.59","22.42","942.15K","0.54%"
"08/10/2016","22.36","22.42","22.43","22.32","629.29K","0.81%"
"08/09/2016","22.18","22.14","22.25","22.09","568.90K","0.73%"
"08/08/2016","22.02","22.04","22.08","21.98","235.72K","0.64%"
"08/05/2016","21.88","21.76","21.94","21.76","778.01K","1.58%"
"08/04/2016","21.54","21.48","21.60","21.42","279.28K","0.19%"
"08/03/2016","21.50","21.44","21.54","21.42","439.40K","-0.09%"
"08/02/2016","21.52","21.64","21.68","21.42","432.64K","-1.65%"
"08/01/2016","21.88","22.18","22.20","21.84","455.36K","-2.23%"
"07/29/2016","22.38","22.34","22.42","22.18","787.84K","2.01%"
"07/28/2016","21.94","21.90","21.96","21.76","420.26K","-0.54%"
"07/27/2016","22.06","22.20","22.22","21.86","668.78K","1.01%"
"07/26/2016","21.84","21.80","21.92","21.78","430.37K","0.46%"
"07/25/2016","21.74","21.84","21.86","21.72","464.56K","-0.73%"
"07/22/2016","21.90","22.00","22.02","21.82","234.51K","-0.09%"
"07/21/2016","21.92","22.00","22.12","21.86","557.13K","-0.18%"
"07/20/2016","21.96","21.94","22.00","21.84","406.97K","0.37%"
"07/19/2016","21.88","21.70","21.93","21.69","793.87K","-0.82%"
"07/18/2016","22.06","21.96","22.22","21.88","476.45K","-0.27%"
"07/15/2016","22.12","22.16","22.19","22.04","535.77K","-0.18%"
"07/14/2016","22.16","22.22","22.32","22.16","1.30M","1.19%"
"07/13/2016","21.90","22.02","22.06","21.80","814.38K","-0.54%"
"07/12/2016","22.02","22.02","22.18","22.00","1.40M","3.48%"
"07/11/2016","21.28","21.36","21.46","21.28","1.41M","0.85%"
"07/08/2016","21.10","21.00","21.18","20.94","2.45M","4.35%"
"07/07/2016","20.22","20.50","20.64","20.14","5.93M","-1.84%"
"07/06/2016","20.60","20.48","20.66","20.20","2.67M","-0.87%"
"07/05/2016","20.78","21.26","21.30","20.66","1.85M","-3.97%"
"07/01/2016","21.64","21.64","21.72","21.56","1.30M","-0.28%"
"06/30/2016","21.70","21.14","21.82","21.04","1.62M","2.65%"
"06/29/2016","21.14","21.08","21.22","21.00","907.33K","1.63%"
"06/28/2016","20.80","20.78","20.84","20.52","1.24M","3.38%"
"06/27/2016","20.12","20.16","20.16","19.62","1.57M","-2.80%"
"06/24/2016","20.70","21.12","21.32","20.53","2.76M","-14.95%"
"06/23/2016","24.34","24.04","24.46","23.76","1.29M","5.00%"
"06/22/2016","23.18","23.52","23.54","23.11","1.76M","-3.42%"
"06/21/2016","24.00","24.02","24.19","23.82","1.35M","0.50%"
"06/20/2016","23.88","24.06","24.14","23.86","1.30M","2.40%"
"06/17/2016","23.32","23.08","23.40","23.01","2.24M","3.37%"
"06/16/2016","22.56","22.00","22.60","21.77","1.74M","0.36%"
"06/15/2016","22.48","22.48","22.72","22.44","992.00K","0.90%"
"06/14/2016","22.28","22.44","22.54","22.09","1.40M","-1.76%"
"06/13/2016","22.68","22.74","23.02","22.59","969.41K","-2.66%"
"06/10/2016","23.30","23.58","23.62","23.20","865.27K","-4.35%"
"06/09/2016","24.36","24.36","24.52","24.32","367.84K","-1.62%"
"06/08/2016","24.76","24.72","24.79","24.58","481.27K","0.65%"
"06/07/2016","24.60","24.58","24.74","24.58","972.38K","1.40%"
"06/06/2016","24.26","24.04","24.31","24.04","996.15K","0.66%"
"06/03/2016","24.10","24.08","24.14","23.93","658.85K","0.00%"
"06/02/2016","24.10","24.02","24.10","23.96","540.34K","-0.25%"
"06/01/2016","24.16","24.06","24.16","23.96","447.43K","-0.58%"
"05/31/2016","24.30","24.62","24.66","24.18","785.45K","-0.82%"
"05/27/2016","24.50","24.56","24.56","24.40","507.97K","-0.49%"
"05/26/2016","24.62","24.64","24.76","24.60","810.29K","0.16%"
"05/25/2016","24.58","24.44","24.63","24.42","462.90K","1.74%"
"05/24/2016","24.16","23.86","24.24","23.84","548.99K","2.55%"
"05/23/2016","23.56","23.54","23.68","23.49","514.71K","-0.51%"
"05/20/2016","23.68","23.66","23.76","23.55","517.89K","0.68%"
"05/19/2016","23.52","23.58","23.60","23.41","828.26K","-0.17%"
"05/18/2016","23.56","23.48","23.84","23.43","1.24M","0.26%"
"05/17/2016","23.50","23.68","23.76","23.42","1.36M","-1.92%"
"05/16/2016","23.96","23.86","24.05","23.86","1.50M","1.01%"
"05/13/2016","23.72","23.94","24.09","23.67","861.20K","-1.33%"
"05/12/2016","24.04","24.20","24.26","23.94","837.53K","-0.08%"
"05/11/2016","24.06","23.94","24.18","23.88","695.24K","-1.07%"
"05/10/2016","24.32","24.06","24.34","24.06","923.08K","1.42%"
"05/09/2016","23.98","24.02","24.06","23.92","461.28K","-1.24%"
"05/06/2016","24.28","24.10","24.42","24.08","1.75M","0.00%"
"05/05/2016","24.28","24.36","24.44","24.14","1.04M","-0.90%"
"05/04/2016","24.50","24.58","24.72","24.47","1.10M","-0.41%"
"05/03/2016","24.60","24.78","24.80","24.53","827.47K","-2.69%"
"05/02/2016","25.28","25.34","25.36","25.12","1.60M","-0.55%"
"04/29/2016","25.42","25.62","25.67","25.34","932.77K","0.39%"
"04/28/2016","25.32","25.18","25.60","25.18","727.88K","0.24%"
"04/27/2016","25.26","25.14","25.36","25.14","649.56K","0.32%"
"04/26/2016","25.18","25.18","25.22","25.06","1.85M","1.94%"
"04/25/2016","24.70","24.72","24.75","24.54","731.50K","-1.28%"
"04/22/2016","25.02","24.94","25.12","24.91","890.61K","-0.16%"
"04/21/2016","25.06","25.10","25.20","24.92","1.10M","0.00%"
"04/20/2016","25.06","25.02","25.18","24.99","1.45M","0.64%"
"04/19/2016","24.90","24.92","25.04","24.80","780.04K","0.73%"
"04/18/2016","24.72","24.46","24.76","24.40","538.99K","1.56%"
"04/15/2016","24.34","24.42","24.46","24.32","475.48K","0.08%"
"04/14/2016","24.32","24.36","24.43","24.24","563.64K","0.41%"
"04/13/2016","24.22","24.18","24.30","24.02","896.40K","2.54%"
"04/12/2016","23.62","23.58","23.68","23.14","1.38M","-0.84%"
"04/11/2016","23.82","24.04","24.18","23.82","718.35K","1.28%"
"04/08/2016","23.52","23.44","23.66","23.42","3.61M","4.26%"
"04/07/2016","22.56","22.78","22.89","22.48","1.22M","-3.59%"
"04/06/2016","23.40","23.14","23.40","22.99","771.14K","1.65%"
"04/05/2016","23.02","23.12","23.20","23.02","727.79K","-3.11%"
"04/04/2016","23.76","23.84","23.92","23.70","497.65K","-1.33%"
"04/01/2016","24.08","24.06","24.08","23.90","636.08K","-1.31%"
"03/31/2016","24.40","24.60","24.71","24.40","1.08M","-1.37%"
"03/30/2016","24.74","24.78","24.94","24.66","673.47K","1.06%"
"03/29/2016","24.48","24.08","24.50","24.01","869.12K","0.58%"
"03/28/2016","24.34","24.28","24.34","24.20","227.10K","0.58%"
"03/24/2016","24.20","24.08","24.24","24.04","886.66K","-0.82%"
"03/23/2016","24.40","24.84","24.90","24.40","593.39K","-2.24%"
"03/22/2016","24.96","24.72","25.00","24.64","432.03K","-0.32%"
"03/21/2016","25.04","25.10","25.14","24.94","663.44K","0.48%"
"03/18/2016","24.92","25.10","25.18","24.87","1.80M","-0.56%"
"03/17/2016","25.06","24.90","25.08","24.77","642.13K","0.00%"
"03/16/2016","25.06","24.52","25.10","24.52","793.27K","0.97%"
"03/15/2016","24.82","24.82","24.89","24.70","448.41K","-0.88%"
"03/14/2016","25.04","25.02","25.12","24.89","921.84K","-1.03%"
"03/11/2016","25.30","24.92","25.34","24.92","2.38M","4.89%"
"03/10/2016","24.12","24.36","24.72","23.88","1.85M","1.52%"
"03/09/2016","23.76","23.88","23.94","23.72","866.39K","0.59%"
"03/08/2016","23.62","23.84","23.90","23.58","692.34K","-0.25%"
"03/07/2016","23.68","23.34","23.72","23.32","818.27K","-0.92%"
"03/04/2016","23.90","23.86","24.02","23.72","493.91K","-0.58%"
"03/03/2016","24.04","23.72","24.06","23.64","511.74K","2.04%"
"03/02/2016","23.56","23.24","23.58","23.20","431.68K","0.86%"
"03/01/2016","23.36","23.06","23.42","22.98","724.69K","3.55%"
"02/29/2016","22.56","22.66","22.80","22.54","794.85K","-0.35%"
"02/26/2016","22.64","22.72","22.82","22.58","416.91K","0.27%"
"02/25/2016","22.58","22.42","22.62","22.28","690.46K","1.35%"
"02/24/2016","22.28","21.96","22.28","21.73","1.06M","-0.54%"
"02/23/2016","22.40","22.82","22.82","22.39","439.01K","-2.44%"
"02/22/2016","22.96","22.68","22.96","22.68","389.59K","2.87%"
"02/19/2016","22.32","22.28","22.36","22.05","394.50K","-0.89%"
"02/18/2016","22.52","23.02","23.02","22.48","704.81K","-2.34%"
"02/17/2016","23.06","22.76","23.14","22.72","418.73K","1.68%"
"02/16/2016","22.68","22.76","22.84","22.38","888.96K","2.44%"
"02/12/2016","22.14","21.84","22.19","21.68","1.22M","2.88%"
"02/11/2016","21.52","21.52","21.80","21.31","1.93M","-2.98%"
"02/10/2016","22.18","22.12","22.42","22.08","2.13M","2.88%"
"02/09/2016","21.56","21.56","21.86","21.35","1.35M","-2.36%"
"02/08/2016","22.08","22.24","22.26","21.88","1.43M","-3.58%"
"02/05/2016","22.90","23.40","23.42","22.80","1.16M","-2.64%"
"02/04/2016","23.52","23.04","23.56","23.00","1.12M","1.20%"
"02/03/2016","23.24","23.26","23.28","22.56","3.30M","0.43%"
"02/02/2016","23.14","23.58","23.58","23.07","903.22K","-3.82%"
"02/01/2016","24.06","23.88","24.12","23.74","857.52K","-0.33%"
"01/29/2016","24.14","23.96","24.20","23.83","1.20M","1.43%"
"01/28/2016","23.80","24.12","24.20","23.45","1.58M","-1.24%"
"01/27/2016","24.10","24.14","24.44","24.01","1.80M","-1.63%"
"01/26/2016","24.50","24.20","24.54","24.14","1.16M","2.25%"
"01/25/2016","23.96","24.24","24.30","23.92","909.77K","-2.68%"
"01/22/2016","24.62","24.78","24.89","24.43","1.16M","1.57%"
"01/21/2016","24.24","23.86","24.40","23.62","2.21M","2.89%"
"01/20/2016","23.56","23.84","23.86","23.04","2.14M","-3.60%"
"01/19/2016","24.44","24.42","24.58","24.20","1.92M","-1.77%"
"01/15/2016","24.88","25.10","25.27","24.71","1.45M","-4.01%"
"01/14/2016","25.92","25.80","26.00","25.60","2.39M","1.09%"
"01/13/2016","25.64","26.30","26.36","25.60","1.40M","-1.38%"
"01/12/2016","26.00","26.04","26.09","25.76","1.08M","1.01%"
"01/11/2016","25.74","26.02","26.06","25.56","2.00M","-0.23%"
"01/08/2016","25.80","26.30","26.34","25.72","1.34M","-0.77%"
"01/07/2016","26.00","25.84","26.31","25.81","1.49M","-1.07%"
"01/06/2016","26.28","26.32","26.37","26.13","1.10M","-2.67%"
"01/05/2016","27.00","26.92","27.06","26.74","1.02M","-0.30%"
"01/04/2016","27.08","27.18","27.20","26.71","3.06M","-1.46%"
"12/31/2015","27.48","27.68","27.79","27.46","829.25K","-1.58%"
"12/30/2015","27.92","28.12","28.16","27.90","561.15K","-1.48%"
"12/29/2015","28.34","28.28","28.34","28.12","741.76K","0.71%"
"12/28/2015","28.14","28.14","28.22","28.04","555.41K","-0.14%"
"12/24/2015","28.18","28.18","28.28","28.12","137.85K","-0.14%"
"12/23/2015","28.22","27.82","28.22","27.78","1.07M","1.51%"
"12/22/2015","27.80","27.66","27.80","27.49","962.79K","0.72%"
"12/21/2015","27.60","27.72","27.84","27.48","1.04M","0.66%"
"12/18/2015","27.42","27.64","27.70","27.42","1.84M","-1.15%"
"12/17/2015","27.74","28.10","28.12","27.74","1.03M","-1.35%"
"12/16/2015","28.12","27.94","28.28","27.72","1.54M","1.22%"
"12/15/2015","27.78","27.70","27.85","27.64","1.43M","1.46%"
"12/14/2015","27.38","27.50","27.56","27.09","1.51M","-0.29%"
"12/11/2015","27.46","27.66","27.76","27.46","957.07K","-1.86%"
"12/10/2015","27.98","28.14","28.20","27.98","739.67K","-0.64%"
"12/09/2015","28.16","28.18","28.47","27.98","2.24M","0.36%"
"12/08/2015","28.06","28.08","28.22","27.95","1.38M","-2.03%"
"12/07/2015","28.64","28.56","28.69","28.48","1.20M","-1.38%"
"12/04/2015","29.04","28.62","29.04","28.58","1.87M","1.47%"
"12/03/2015","28.62","28.94","29.00","28.49","2.42M","0.77%"
"12/02/2015","28.40","28.70","28.76","28.36","1.92M","-1.53%"
"12/01/2015","28.84","29.02","29.04","28.72","656.15K","0.21%"
"11/30/2015","28.78","28.88","28.90","28.73","753.48K","0.14%"
"11/27/2015","28.74","28.76","28.80","28.66","243.44K","1.13%"
"11/25/2015","28.42","28.30","28.51","28.28","863.31K","1.14%"
"11/24/2015","28.10","28.02","28.20","27.92","725.59K","-0.57%"
"11/23/2015","28.26","28.40","28.54","28.20","1.03M","0.50%"
"11/20/2015","28.12","28.40","28.46","28.12","794.10K","-0.99%"
"11/19/2015","28.40","28.42","28.58","28.37","1.05M","0.21%"
"11/18/2015","28.34","28.26","28.40","28.03","793.77K","0.35%"
"11/17/2015","28.24","28.40","28.44","28.12","993.95K","-0.21%"
"11/16/2015","28.30","27.88","28.30","27.88","1.15M","0.93%"
"11/13/2015","28.04","28.00","28.16","27.88","931.73K","-0.14%"
"11/12/2015","28.08","28.38","28.40","28.06","3.10M","-2.36%"
"11/11/2015","28.76","29.02","29.02","28.68","719.00K","-0.48%"
"11/10/2015","28.90","28.62","28.94","28.56","1.90M","0.56%"
"11/09/2015","28.74","28.94","28.94","28.54","1.17M","-1.58%"
"11/06/2015","29.20","28.92","29.24","28.82","1.53M","0.62%"
"11/05/2015","29.02","29.22","29.26","28.92","756.39K","-0.41%"
"11/04/2015","29.14","29.52","29.54","29.08","768.70K","-1.95%"
"11/03/2015","29.72","29.36","29.75","29.34","626.15K","-0.60%"
"11/02/2015","29.90","29.94","30.04","29.76","533.02K","0.95%"
"10/30/2015","29.62","29.70","29.87","29.62","534.71K","-0.13%"
"10/29/2015","29.66","29.50","29.68","29.28","318.45K","-1.00%"
"10/28/2015","29.96","30.00","30.25","29.62","895.63K","0.88%"
"10/27/2015","29.70","29.88","29.96","29.63","557.73K","-1.13%"
"10/26/2015","30.04","30.02","30.12","29.96","397.69K","-0.60%"
"10/23/2015","30.22","30.28","30.32","30.08","684.00K","-0.53%"
"10/22/2015","30.38","30.12","30.52","30.08","3.21M","0.80%"
"10/21/2015","30.14","30.44","30.48","30.08","507.94K","-0.72%"
"10/20/2015","30.36","30.32","30.48","30.30","577.52K","-0.59%"
"10/19/2015","30.54","30.56","30.56","30.40","273.81K","0.00%"
"10/16/2015","30.54","30.50","30.59","30.38","366.94K","-0.52%"
"10/15/2015","30.70","30.30","30.70","30.26","330.57K","1.66%"
"10/14/2015","30.20","30.16","30.26","30.03","883.38K","0.40%"
"10/13/2015","30.08","29.88","30.31","29.84","451.05K","0.00%"
"10/12/2015","30.08","30.12","30.20","30.06","1.22M","-1.25%"
"10/09/2015","30.46","30.38","30.46","30.22","2.95M","0.53%"
"10/08/2015","30.30","29.80","30.30","29.80","809.55K","0.87%"
"10/07/2015","30.04","30.06","30.10","29.72","904.76K","0.47%"
"10/06/2015","29.90","29.76","29.98","29.70","532.41K","0.47%"
"10/05/2015","29.76","29.60","29.77","29.52","812.72K","1.43%"
"10/02/2015","29.34","28.54","29.34","28.50","2.77M","2.80%"
"10/01/2015","28.54","28.56","28.68","28.24","1.10M","-0.35%"
"09/30/2015","28.64","28.54","28.64","28.30","1.13M","2.43%"
"09/29/2015","27.96","27.80","28.05","27.68","1.36M","0.72%"
"09/28/2015","27.76","27.98","28.06","27.73","611.65K","-2.18%"
"09/25/2015","28.38","28.56","28.68","28.24","893.00K","0.85%"
"09/24/2015","28.14","28.00","28.26","27.82","1.04M","-0.21%"
"09/23/2015","28.20","28.46","28.56","28.06","780.70K","-0.63%"
"09/22/2015","28.38","28.42","28.50","28.13","659.23K","-2.74%"
"09/21/2015","29.18","29.28","29.34","29.00","724.51K","0.21%"
"09/18/2015","29.12","29.46","29.56","29.06","1.59M","-3.77%"
"09/17/2015","30.26","29.90","30.56","29.86","1.43M","1.00%"
"09/16/2015","29.96","29.80","29.96","29.68","701.37K","0.74%"
"09/15/2015","29.74","29.50","29.78","29.44","422.75K","1.50%"
"09/14/2015","29.30","29.32","29.34","29.15","708.67K","-1.55%"
"09/11/2015","29.76","29.62","29.78","29.52","677.80K","-0.13%"
"09/10/2015","29.80","29.46","29.86","29.36","3.37M","1.85%"
"09/09/2015","29.26","29.94","29.97","29.22","1.02M","-1.28%"
"09/08/2015","29.64","29.50","29.64","29.32","1.05M","3.49%"
"09/04/2015","28.64","28.66","28.80","28.46","1.34M","-2.45%"
"09/03/2015","29.36","29.34","29.68","29.31","1.08M","0.34%"
"09/02/2015","29.26","29.36","29.41","28.93","992.85K","1.46%"
"09/01/2015","28.84","29.00","29.12","28.80","1.68M","-2.57%"
"08/31/2015","29.60","29.62","29.76","29.36","1.61M","-0.40%"
"08/28/2015","29.72","29.60","29.80","29.44","4.84M","-1.00%"
"08/27/2015","30.02","29.72","30.06","29.63","3.77M","1.15%"
"08/26/2015","29.68","29.60","29.72","28.96","1.61M","3.20%"
"08/25/2015","28.76","29.44","29.57","28.57","2.01M","1.77%"
"08/24/2015","28.26","28.34","29.20","28.01","3.50M","-3.35%"
"08/21/2015","29.24","29.84","29.98","29.15","1.77M","-1.81%"
"08/20/2015","29.78","30.38","30.38","29.76","783.18K","-3.12%"
"08/19/2015","30.74","30.78","30.93","30.53","692.77K","-0.52%"
"08/18/2015","30.90","31.02","31.08","30.86","332.94K","-1.02%"
"08/17/2015","31.22","30.94","31.26","30.86","235.72K","0.06%"
"08/14/2015","31.20","31.16","31.26","31.00","839.89K","-0.19%"
"08/13/2015","31.26","31.20","31.40","31.16","1.91M","-0.13%"
"08/12/2015","31.30","31.06","31.34","30.80","1.47M","-0.57%"
"08/11/2015","31.48","31.60","31.64","31.36","2.72M","-0.88%"
"08/10/2015","31.76","31.32","31.76","31.32","546.94K","1.79%"
"08/07/2015","31.20","31.06","31.24","30.98","392.34K","0.52%"
"08/06/2015","31.04","31.10","31.22","30.90","367.49K","0.06%"
"08/05/2015","31.02","31.00","31.09","30.90","512.78K","1.17%"
"08/04/2015","30.66","30.74","30.80","30.54","467.32K","-0.97%"
"08/03/2015","30.96","31.02","31.12","30.84","766.54K","0.00%"
"07/31/2015","30.96","31.02","31.08","30.82","695.87K","1.11%"
"07/30/2015","30.62","30.66","30.66","30.36","667.14K","-0.13%"
"07/29/2015","30.66","30.48","30.84","30.38","775.47K","-0.84%"
"07/28/2015","30.92","30.62","30.98","30.50","1.03M","2.79%"
"07/27/2015","30.08","30.50","30.54","30.04","2.43M","-2.02%"
"07/24/2015","30.70","31.00","31.02","30.66","648.35K","-0.78%"
"07/23/2015","30.94","31.16","31.18","30.87","737.99K","-0.06%"
"07/22/2015","30.96","30.82","31.04","30.82","414.79K","-0.26%"
"07/21/2015","31.04","30.98","31.12","30.94","701.25K","-0.26%"
"07/20/2015","31.12","31.26","31.26","31.10","629.51K","0.91%"
"07/17/2015","30.84","30.88","30.88","30.72","393.24K","-0.32%"
"07/16/2015","30.94","30.88","31.04","30.85","986.77K","1.38%"
"07/15/2015","30.52","30.46","30.68","30.31","523.28K","0.33%"
"07/14/2015","30.42","30.24","30.45","30.17","797.42K","0.33%"
"07/13/2015","30.32","30.54","30.56","30.24","1.49M","-0.92%"
"07/10/2015","30.60","30.42","30.66","30.24","2.94M","5.52%"
"07/09/2015","29.00","28.96","29.32","28.93","1.10M","3.06%"
"07/08/2015","28.14","28.20","28.40","27.86","2.52M","0.07%"
"07/07/2015","28.12","27.94","28.28","27.32","2.36M","-0.71%"
"07/06/2015","28.32","28.58","28.84","28.12","1.92M","-5.47%"
"07/02/2015","29.96","30.06","30.06","29.76","1.09M","-0.73%"
"07/01/2015","30.18","30.32","30.41","30.00","2.35M","1.34%"
"06/30/2015","29.78","30.38","30.42","29.52","2.28M","0.00%"
"06/29/2015","29.78","30.48","30.56","29.70","3.78M","-5.64%"
"06/26/2015","31.56","31.54","31.68","31.44","685.68K","0.77%"
"06/25/2015","31.32","31.34","31.50","31.18","696.32K","-0.82%"
"06/24/2015","31.58","31.76","31.91","31.58","619.73K","-1.37%"
"06/23/2015","32.02","31.98","32.12","31.88","1.38M","-0.37%"
"06/22/2015","32.14","31.86","32.46","31.86","1.28M","3.61%"
"06/19/2015","31.02","31.04","31.18","30.94","842.15K","0.26%"
"06/18/2015","30.94","30.60","31.86","30.60","1.87M","2.11%"
"06/17/2015","30.30","30.62","30.62","29.96","607.37K","-0.46%"
"06/16/2015","30.44","30.44","30.46","30.16","536.44K","-0.26%"
"06/15/2015","30.52","30.28","30.54","30.22","616.74K","-1.86%"
"06/12/2015","31.10","30.96","31.30","30.80","711.83K","-1.64%"
"06/11/2015","31.62","31.66","31.82","31.30","724.70K","0.32%"
"06/10/2015","31.52","31.18","31.68","31.14","1.38M","3.21%"
"06/09/2015","30.54","30.68","30.76","30.42","805.78K","-0.07%"
"06/08/2015","30.56","30.74","30.74","30.42","1.19M","-0.26%"
"06/05/2015","30.64","30.62","30.88","30.46","1.65M","-2.36%"
"06/04/2015","31.38","31.78","32.08","31.30","840.51K","-1.69%"
"06/03/2015","31.92","31.80","32.16","31.80","1.45M","1.08%"
"06/02/2015","31.58","31.54","31.80","31.50","970.41K","1.87%"
"06/01/2015","31.00","31.08","31.16","30.74","839.89K","-0.39%"
"05/29/2015","31.12","31.34","31.48","31.02","820.03K","-0.89%"
"05/28/2015","31.40","31.20","31.40","31.02","563.74K","0.32%"
"05/27/2015","31.30","30.76","31.34","30.72","1.13M","2.15%"
"05/26/2015","30.64","30.94","30.94","30.54","910.43K","-2.92%"
"05/22/2015","31.56","31.72","31.74","31.54","1.38M","-0.88%"
"05/21/2015","31.84","31.64","31.92","31.62","550.79K","0.32%"
"05/20/2015","31.74","31.70","31.91","31.64","611.97K","0.00%"
"05/19/2015","31.74","31.64","31.87","31.62","506.57K","-0.13%"
"05/18/2015","31.78","31.78","31.84","31.62","755.12K","-1.00%"
"05/15/2015","32.10","31.94","32.16","31.85","963.08K","0.50%"
"05/14/2015","31.94","31.86","32.02","31.74","1.17M","2.11%"
"05/13/2015","31.28","31.54","31.63","31.28","988.16K","1.16%"
"05/12/2015","30.92","30.98","31.08","30.80","1.66M","-0.06%"
"05/11/2015","30.94","30.94","31.10","30.88","1.06M","-1.02%"
"05/08/2015","31.26","30.98","31.29","30.96","977.57K","2.49%"
"05/07/2015","30.50","30.36","30.70","30.30","1.24M","0.07%"
"05/06/2015","30.48","30.50","30.72","30.38","2.87M","1.33%"
"05/05/2015","30.08","30.52","30.52","30.03","1.11M","-2.53%"
"05/04/2015","30.86","31.00","31.04","30.80","967.19K","-0.45%"
"05/01/2015","31.00","30.82","31.00","30.66","646.54K","1.51%"
"04/30/2015","30.54","30.54","30.82","30.48","1.18M","0.26%"
"04/29/2015","30.46","30.72","30.80","30.32","1.20M","-1.17%"
"04/28/2015","30.82","30.80","30.84","30.68","503.14K","0.26%"
"04/27/2015","30.74","30.66","30.93","30.60","1.03M","1.25%"
"04/24/2015","30.36","30.32","30.47","30.00","647.46K","0.93%"
"04/23/2015","30.08","29.74","30.20","29.70","1.55M","0.67%"
"04/22/2015","29.88","29.90","29.93","29.62","474.61K","0.20%"
"04/21/2015","29.82","29.84","29.89","29.73","535.47K","0.20%"
"04/20/2015","29.76","29.60","29.93","29.60","742.64K","0.20%"
"04/17/2015","29.70","29.70","29.77","29.55","730.42K","-1.79%"
"04/16/2015","30.24","30.30","30.44","30.06","1.82M","-0.85%"
"04/15/2015","30.50","30.44","30.64","30.28","1.05M","0.99%"
"04/14/2015","30.20","30.10","30.21","30.00","808.46K","0.73%"
"04/13/2015","29.98","30.16","30.18","29.90","2.19M","-0.66%"
"04/10/2015","30.18","30.12","30.18","30.02","1.39M","-0.46%"
"04/09/2015","30.32","30.42","30.44","30.16","501.67K","-0.26%"
"04/08/2015","30.40","30.60","30.60","30.22","548.36K","-0.20%"
"04/07/2015","30.46","30.62","30.72","30.44","1.01M","-0.39%"
"04/06/2015","30.58","30.40","30.82","30.24","392.67K","1.26%"
"04/02/2015","30.20","30.16","30.30","30.08","661.89K","0.73%"
"04/01/2015","29.98","29.98","29.98","29.69","904.83K","1.28%"
"03/31/2015","29.60","29.50","29.70","29.46","882.00K","-1.20%"
"03/30/2015","29.96","29.88","30.06","29.88","3.00M","0.54%"
"03/27/2015","29.80","29.68","29.92","29.53","842.67K","0.27%"
"03/26/2015","29.72","29.82","29.82","29.46","1.12M","-1.20%"
"03/25/2015","30.08","30.20","30.32","30.08","869.19K","-0.27%"
"03/24/2015","30.16","30.22","30.36","30.11","1.17M","0.80%"
"03/23/2015","29.92","29.90","30.04","29.76","1.13M","0.88%"
"03/20/2015","29.66","29.56","29.88","29.39","1.32M","3.20%"
"03/19/2015","28.74","28.84","28.89","28.62","1.54M","-0.83%"
"03/18/2015","28.98","28.34","29.16","28.30","1.80M","0.84%"
"03/17/2015","28.74","28.68","28.76","28.50","617.76K","-0.42%"
"03/16/2015","28.86","28.84","28.90","28.70","1.11M","1.33%"
"03/13/2015","28.48","28.70","28.70","28.26","1.94M","-1.39%"
"03/12/2015","28.88","28.79","28.90","28.66","1.03M","0.77%"
"03/11/2015","28.66","28.54","28.76","28.36","1.60M","0.99%"
"03/10/2015","28.38","28.56","28.62","28.32","1.25M","-2.54%"
"03/09/2015","29.12","29.02","29.20","28.94","813.88K","1.39%"
"03/06/2015","28.72","29.08","29.12","28.72","1.43M","-2.18%"
"03/05/2015","29.36","29.20","29.48","29.20","919.17K","0.41%"
"03/04/2015","29.24","29.16","29.28","28.93","902.49K","-0.68%"
"03/03/2015","29.44","29.60","29.60","29.28","1.23M","-1.41%"
"03/02/2015","29.86","29.82","29.86","29.66","816.55K","0.34%"
"02/27/2015","29.76","29.78","29.93","29.64","984.41K","0.54%"
"02/26/2015","29.60","29.66","29.74","29.54","474.89K","-0.47%"
"02/25/2015","29.74","29.68","29.78","29.60","903.63K","-0.73%"
"02/24/2015","29.96","29.82","30.02","29.68","853.86K","0.67%"
"02/23/2015","29.76","29.72","29.82","29.62","924.72K","-1.13%"
"02/20/2015","30.10","29.28","30.18","29.16","2.43M","2.52%"
"02/19/2015","29.36","29.44","29.62","29.32","1.59M","-0.34%"
"02/18/2015","29.46","29.24","29.58","29.18","1.36M","1.03%"
"02/17/2015","29.16","28.98","29.26","28.68","2.05M","0.97%"
"02/13/2015","28.88","28.82","28.92","28.70","1.28M","0.35%"
"02/12/2015","28.78","28.34","28.84","28.34","1.89M","3.82%"
"02/11/2015","27.72","27.80","27.84","27.52","865.51K","-0.79%"
"02/10/2015","27.94","27.86","28.04","27.71","898.59K","2.05%"
"02/09/2015","27.38","27.22","27.44","27.18","718.63K","-1.16%"
"02/06/2015","27.70","28.00","28.06","27.56","1.24M","-2.40%"
"02/05/2015","28.38","28.20","28.42","28.06","698.64K","1.43%"
"02/04/2015","27.98","28.32","28.44","27.90","1.12M","-2.64%"
"02/03/2015","28.74","28.32","28.80","28.32","2.02M","3.68%"
"02/02/2015","27.72","27.38","27.82","27.38","1.17M","1.09%"
"01/30/2015","27.42","27.56","27.69","27.34","1.08M","-1.72%"
"01/29/2015","27.90","27.56","27.96","27.49","1.37M","3.10%"
"01/28/2015","27.06","27.70","27.78","27.06","1.10M","-3.08%"
"01/27/2015","27.92","27.86","27.98","27.75","2.09M","0.14%"
"01/26/2015","27.88","27.56","27.94","27.52","1.00M","2.27%"
"01/23/2015","27.26","27.34","27.52","27.22","1.03M","-2.50%"
"01/22/2015","27.96","27.62","28.08","27.44","2.06M","1.23%"
"01/21/2015","27.62","26.94","27.66","26.90","3.05M","1.77%"
"01/20/2015","27.14","27.10","27.18","26.90","1.66M","1.95%"
"01/16/2015","26.62","26.12","26.68","26.12","1.28M","2.70%"
"01/15/2015","25.92","26.10","26.20","25.86","1.37M","-0.08%"
"01/14/2015","25.94","25.86","26.02","25.66","1.35M","0.00%"
"01/13/2015","25.94","26.08","26.32","25.62","1.58M","0.78%"
"01/12/2015","25.74","25.78","25.87","25.42","1.36M","0.08%"
"01/09/2015","25.72","26.14","26.16","25.44","1.50M","-1.83%"
"01/08/2015","26.20","25.94","26.45","25.93","1.87M","1.31%"
"01/07/2015","25.86","25.84","25.94","25.44","1.82M","1.02%"
"01/06/2015","25.60","25.92","26.25","25.54","1.20M","-1.08%"
"01/05/2015","25.88","26.50","26.51","25.76","1.40M","-5.06%"
"01/02/2015","27.26","27.40","27.46","27.18","1.78M","0.22%"