"Date","Price","Open","High","Low","Vol.","Change %"
"08/17/2026","98.11","98.19","98.58","98.10","1.48M","-0.10%"
"08/14/2026","98.21","98.39","98.68","98.08","1.89M","-0.26%"
"08/13/2026","98.47","98.09","98.79","98.00","2.77M","0.70%"
"08/12/2026","97.79","98.04","98.21","97.64","2.24M","1.57%"
"08/11/2026","96.28","96.60","96.72","96.15","1.68M","0.24%"
"08/10/2026","96.05","96.73","96.73","95.99","2.60M","-0.88%"
"08/07/2026","96.90","96.67","96.96","96.31","4.48M","1.84%"
"08/06/2026","95.15","95.07","95.93","94.83","2.69M","-0.01%"
"08/05/2026","95.16","95.99","96.32","95.14","2.78M","0.58%"
"08/04/2026","94.61","93.34","94.77","93.29","3.30M","1.83%"
"08/03/2026","92.91","92.29","93.04","92.12","4.02M","0.56%"
"07/31/2026","92.39","92.60","93.00","91.34","5.29M","-0.96%"
"07/30/2026","93.29","90.60","93.46","90.50","6.54M","4.41%"
"07/29/2026","89.35","89.94","91.15","89.08","5.65M","-0.53%"
"07/28/2026","89.83","89.36","90.33","89.29","5.32M","-1.84%"
"07/27/2026","91.51","92.24","92.40","90.87","2.49M","0.33%"
"07/24/2026","91.21","91.46","91.92","91.06","3.09M","0.12%"
"07/23/2026","91.10","91.47","91.86","90.64","4.43M","-1.18%"
"07/22/2026","92.19","91.88","92.55","91.88","3.43M","-0.59%"
"07/21/2026","92.74","92.08","92.97","91.71","6.38M","2.55%"
"07/20/2026","90.43","90.88","91.21","90.38","3.36M","-0.07%"
"07/17/2026","90.49","89.24","90.65","89.16","8.29M","-1.54%"
"07/16/2026","91.91","92.04","92.47","91.62","3.33M","-1.70%"
"07/15/2026","93.50","93.90","94.04","92.78","4.84M","-0.42%"
"07/14/2026","93.89","94.17","94.78","93.75","4.48M","1.26%"
"07/13/2026","92.72","93.07","93.37","92.50","3.74M","-1.94%"
"07/10/2026","94.55","94.11","94.75","93.57","3.21M","1.10%"
"07/09/2026","93.52","92.91","93.69","92.89","5.67M","1.06%"
"07/08/2026","92.54","91.51","92.58","91.19","5.29M","-0.57%"
"07/07/2026","93.07","93.93","94.11","92.79","6.03M","-2.31%"
"07/06/2026","95.27","94.68","95.36","94.56","4.37M","2.29%"
"07/02/2026","93.14","93.95","94.52","92.38","7.94M","0.10%"
"07/01/2026","93.05","93.40","93.74","93.01","8.46M","-0.24%"
"06/30/2026","93.27","92.72","93.48","92.63","3.67M","0.06%"
"06/29/2026","93.21","92.62","93.24","91.71","6.36M","0.44%"
"06/26/2026","92.80","92.47","93.28","92.32","4.06M","-0.63%"
"06/25/2026","93.39","94.07","94.24","93.04","4.85M","0.84%"
"06/24/2026","92.61","92.57","93.03","92.19","4.90M","-0.15%"
"06/23/2026","92.75","92.47","93.34","92.09","11.17M","-4.35%"
"06/22/2026","96.97","96.84","97.52","96.75","3.23M","0.74%"
"06/18/2026","96.26","96.23","96.52","95.98","5.97M","1.92%"
"06/17/2026","94.45","95.19","95.88","94.32","6.04M","0.35%"
"06/16/2026","94.12","94.41","94.87","94.05","5.07M","0.06%"
"06/15/2026","94.06","94.19","94.22","93.75","4.72M","1.46%"
"06/12/2026","92.71","92.49","93.02","91.78","4.94M","0.57%"
"06/11/2026","92.18","89.98","92.33","89.74","9.30M","3.24%"
"06/10/2026","89.29","89.89","90.67","89.17","8.16M","-1.83%"
"06/09/2026","90.95","92.23","92.81","89.72","8.72M","-1.09%"
"06/08/2026","91.95","91.91","92.37","91.75","9.13M","1.36%"
"06/05/2026","90.72","93.13","93.21","90.54","11.55M","-3.62%"
"06/04/2026","94.13","93.85","94.20","93.40","3.54M","0.20%"
"06/03/2026","93.94","94.25","94.25","93.79","5.96M","0.38%"
"06/02/2026","93.58","92.61","93.60","92.61","4.43M","0.70%"
"06/01/2026","92.93","92.77","93.35","91.76","9.67M","-0.03%"
"05/29/2026","92.96","92.94","93.37","92.61","5.20M","0.28%"
"05/28/2026","92.70","91.86","92.97","91.79","4.53M","0.44%"
"05/27/2026","92.29","92.19","92.42","91.93","4.25M","-0.66%"
"05/26/2026","92.90","92.98","93.22","92.70","4.64M","1.41%"
"05/22/2026","91.61","91.42","92.10","91.29","4.03M","0.26%"
"05/21/2026","91.37","90.18","91.62","89.96","5.62M","0.18%"
"05/20/2026","91.21","89.67","91.23","89.59","6.14M","1.02%"
"05/19/2026","90.29","89.99","90.89","89.74","4.77M","-0.69%"
"05/18/2026","90.92","91.03","91.27","90.23","8.36M","-0.16%"
"05/15/2026","91.07","91.09","91.41","90.79","5.27M","-1.08%"
"05/14/2026","92.06","92.37","92.49","91.97","7.05M","-1.11%"
"05/13/2026","93.09","92.69","93.27","92.55","5.35M","1.12%"
"05/12/2026","92.06","92.02","92.26","91.36","6.55M","-0.22%"
"05/11/2026","92.26","92.08","92.48","92.03","4.37M","0.04%"
"05/08/2026","92.22","92.20","92.45","91.82","4.43M","1.35%"
"05/07/2026","90.99","91.78","91.97","90.80","6.93M","-0.75%"
"05/06/2026","91.68","91.41","91.90","91.22","5.40M","2.71%"
"05/05/2026","89.26","88.60","89.29","88.47","4.87M","1.29%"
"05/04/2026","88.12","88.56","88.95","87.78","4.30M","-0.20%"
"05/01/2026","88.30","88.21","88.87","87.91","5.44M","-0.90%"
"04/30/2026","89.10","88.35","89.30","87.92","12.08M","2.64%"
"04/29/2026","86.81","87.16","87.26","86.41","5.28M","-0.86%"
"04/28/2026","87.56","87.92","88.02","87.32","5.66M","-0.14%"
"04/27/2026","87.68","88.03","88.36","87.56","4.09M","0.41%"
"04/24/2026","87.32","86.93","87.54","86.67","5.26M","0.29%"
"04/23/2026","87.07","87.49","87.79","86.12","5.17M","-0.79%"
"04/22/2026","87.76","87.70","87.83","87.38","3.59M","0.71%"
"04/21/2026","87.14","88.18","88.43","86.99","8.16M","-2.45%"
"04/20/2026","89.33","89.27","89.46","88.81","5.48M","-0.95%"
"04/17/2026","90.19","90.03","91.03","89.86","5.91M","0.87%"
"04/16/2026","89.41","89.64","89.68","89.08","3.63M","0.38%"
"04/15/2026","89.07","88.91","89.17","88.68","3.74M","-0.38%"
"04/14/2026","89.41","88.69","89.60","88.66","9.46M","1.20%"
"04/13/2026","88.35","86.78","88.39","86.60","9.48M","0.25%"
"04/10/2026","88.13","88.18","88.38","87.79","4.47M","-0.10%"
"04/09/2026","88.22","87.29","88.77","86.99","7.40M","-1.33%"
"04/08/2026","89.41","89.82","89.99","88.83","14.59M","4.56%"
"04/07/2026","85.51","84.88","85.70","83.82","17.55M","-0.07%"
"04/06/2026","85.57","85.05","85.75","85.05","3.82M","0.33%"
"04/02/2026","85.29","83.98","85.84","83.74","6.42M","-1.38%"
"04/01/2026","86.48","86.66","87.36","86.27","14.77M","2.42%"
"03/31/2026","84.44","82.45","84.49","82.17","12.65M","3.58%"
"03/30/2026","81.52","82.65","82.75","81.35","11.81M","0.11%"
"03/27/2026","81.43","82.19","82.53","81.19","14.07M","-1.55%"
"03/26/2026","82.71","83.64","84.28","82.66","5.88M","-2.41%"
"03/25/2026","84.75","84.97","85.24","84.35","7.55M","1.77%"
"03/24/2026","83.28","82.90","83.87","82.63","7.21M","-0.32%"
"03/23/2026","83.55","83.57","84.60","82.73","17.23M","2.89%"
"03/20/2026","81.20","83.87","83.91","80.85","19.75M","-3.43%"
"03/19/2026","84.08","82.26","84.48","82.14","8.66M","-0.08%"
"03/18/2026","84.15","84.70","85.14","84.05","8.64M","-1.09%"
"03/17/2026","85.08","85.57","85.64","84.86","5.20M","0.01%"
"03/16/2026","85.07","84.58","85.32","84.52","6.78M","2.05%"
"03/13/2026","83.36","84.53","84.79","83.21","10.04M","-0.99%"
"03/12/2026","84.19","84.82","84.92","83.76","13.36M","-1.80%"
"03/11/2026","85.73","85.30","86.18","84.99","8.07M","-0.84%"
"03/10/2026","86.46","86.50","88.14","85.86","12.73M","0.96%"
"03/09/2026","85.64","83.78","85.87","82.92","20.33M","1.03%"
"03/06/2026","84.77","84.38","85.20","84.12","11.41M","-1.30%"
"03/05/2026","85.89","86.45","86.84","84.91","18.64M","-3.05%"
"03/04/2026","88.59","87.55","88.71","87.08","14.26M","2.03%"
"03/03/2026","86.83","84.78","87.14","83.85","29.75M","-3.74%"
"03/02/2026","90.20","89.41","90.40","89.17","17.22M","-2.35%"
"02/27/2026","92.37","92.67","92.81","92.25","7.72M","-0.12%"
"02/26/2026","92.48","92.60","92.75","91.95","6.76M","0.04%"
"02/25/2026","92.44","92.02","92.57","91.89","6.06M","1.33%"
"02/24/2026","91.23","90.52","91.43","90.36","8.91M","-0.18%"
"02/23/2026","91.39","91.64","92.08","91.18","7.86M","-0.09%"
"02/20/2026","91.47","90.40","91.57","90.32","10.91M","0.30%"
"02/19/2026","91.20","90.83","91.21","90.67","10.45M","-0.20%"
"02/18/2026","91.38","91.55","92.02","91.27","9.34M","-0.53%"
"02/17/2026","91.87","91.41","92.07","90.87","21.82M","-2.11%"
"02/13/2026","93.85","93.66","93.93","92.91","11.22M","0.51%"
"02/12/2026","93.37","94.00","94.28","93.14","10.27M","-0.64%"
"02/11/2026","93.97","93.91","94.20","93.21","12.28M","0.93%"
"02/10/2026","93.10","93.19","93.57","92.97","21.60M","1.98%"
"02/09/2026","91.29","90.29","91.48","90.20","9.88M","2.11%"
"02/06/2026","89.40","88.77","89.46","88.58","7.41M","3.83%"
"02/05/2026","86.10","86.33","86.75","86.02","9.25M","-1.59%"
"02/04/2026","87.49","87.67","88.24","87.19","11.70M","0.93%"
"02/03/2026","86.68","86.32","86.74","85.92","12.78M","0.92%"
"02/02/2026","85.89","85.33","86.01","85.08","7.06M","0.20%"
"01/30/2026","85.72","85.97","86.17","85.40","7.25M","-0.43%"
"01/29/2026","86.09","86.13","86.31","84.84","13.44M","1.03%"
"01/28/2026","85.21","85.06","85.27","84.79","9.16M","-0.73%"
"01/27/2026","85.84","85.47","85.97","85.44","14.77M","1.43%"
"01/26/2026","84.63","85.12","85.26","84.62","12.12M","0.08%"
"01/23/2026","84.56","84.07","84.82","83.94","13.05M","-0.35%"
"01/22/2026","84.86","84.85","85.06","84.67","5.13M","0.09%"
"01/21/2026","84.78","84.21","85.00","84.05","12.14M","1.27%"
"01/20/2026","83.72","83.83","84.32","83.60","9.40M","-2.06%"
"01/16/2026","85.48","85.54","85.61","85.26","4.18M","0.07%"
"01/15/2026","85.42","85.90","86.00","85.39","5.60M","0.45%"
"01/14/2026","85.04","85.08","85.33","84.90","7.05M","0.70%"
"01/13/2026","84.45","84.70","84.79","84.29","5.18M","-0.98%"
"01/12/2026","85.29","84.95","85.30","84.93","6.17M","0.80%"
"01/09/2026","84.61","84.14","84.92","84.07","7.89M","2.11%"
"01/08/2026","82.86","82.57","82.91","82.52","5.79M","-0.07%"
"01/07/2026","82.92","83.12","83.14","82.78","6.01M","-0.18%"
"01/06/2026","83.07","83.14","83.27","82.89","9.21M","-0.07%"
"01/05/2026","83.13","82.36","83.18","82.36","6.47M","2.21%"
"01/02/2026","81.33","81.51","81.57","80.82","7.87M","0.73%"
"12/31/2025","80.74","80.73","81.00","80.54","4.44M","-0.30%"
"12/30/2025","80.98","81.24","81.27","80.97","3.75M","-0.14%"
"12/29/2025","81.09","80.97","81.13","80.78","4.63M","0.15%"
"12/26/2025","80.97","80.95","80.99","80.71","2.34M","-0.04%"
"12/25/2025","81.00","80.86","81.00","81.00","1.77M","0.00%"
"12/24/2025","81.00","80.86","81.13","80.76","1.77M","-0.17%"
"12/23/2025","81.14","81.35","81.45","81.06","6.13M","0.85%"
"12/22/2025","80.46","80.25","80.56","80.15","5.96M","-0.15%"
"12/19/2025","80.58","80.46","80.80","80.40","5.60M","0.76%"
"12/18/2025","79.97","80.29","80.45","79.82","6.21M","0.29%"
"12/17/2025","79.74","80.43","80.57","79.71","6.59M","-1.37%"
"12/16/2025","80.85","81.11","81.27","80.64","6.21M","-4.74%"
"12/15/2025","84.87","85.28","85.31","84.69","4.44M","1.04%"
"12/12/2025","84.00","84.39","84.45","83.68","6.36M","-0.26%"
"12/11/2025","84.22","83.94","84.38","83.88","4.38M","0.37%"
"12/10/2025","83.91","83.24","84.06","83.11","5.89M","0.72%"
"12/09/2025","83.31","83.58","83.72","83.29","3.39M","0.14%"
"12/08/2025","83.19","83.49","83.55","83.06","3.59M","-0.61%"
"12/05/2025","83.70","83.68","83.80","83.44","4.19M","0.10%"
"12/04/2025","83.62","84.21","84.28","83.47","4.69M","1.22%"
"12/03/2025","82.61","82.10","82.64","82.03","5.50M","0.17%"
"12/02/2025","82.47","82.73","82.73","82.25","3.85M","-0.07%"
"12/01/2025","82.53","82.49","82.87","82.45","5.02M","-0.58%"
"11/28/2025","83.01","82.84","83.04","82.75","2.71M","-0.30%"
"11/26/2025","83.26","82.73","83.36","82.54","3.71M","1.64%"
"11/25/2025","81.92","81.32","81.96","81.00","5.20M","0.22%"
"11/24/2025","81.74","81.08","81.87","80.96","3.80M","0.68%"
"11/21/2025","81.19","80.81","81.43","80.30","8.91M","2.14%"
"11/20/2025","79.49","81.14","81.36","79.47","11.26M","-1.47%"
"11/19/2025","80.68","80.68","81.15","80.39","6.07M","-0.12%"
"11/18/2025","80.78","80.70","81.10","80.29","6.92M","-2.05%"
"11/17/2025","82.47","83.02","83.35","82.14","6.97M","-1.80%"
"11/14/2025","83.98","83.64","84.21","83.40","6.15M","1.17%"
"11/13/2025","83.01","83.98","84.03","82.96","7.22M","-1.58%"
"11/12/2025","84.34","84.23","84.54","84.13","6.54M","0.70%"
"11/11/2025","83.75","83.50","83.90","83.36","6.58M","0.08%"
"11/10/2025","83.68","83.32","83.75","83.07","5.04M","0.47%"
"11/07/2025","83.29","82.84","83.31","82.30","5.60M","0.40%"
"11/06/2025","82.96","83.31","83.38","82.66","5.40M","0.19%"
"11/05/2025","82.80","82.49","82.99","82.35","5.59M","-0.04%"
"11/04/2025","82.83","83.00","83.35","82.78","6.61M","-0.97%"
"11/03/2025","83.64","83.58","83.71","83.25","5.29M","0.23%"
"10/31/2025","83.45","83.71","83.83","83.19","9.76M","0.29%"
"10/30/2025","83.21","83.14","83.56","83.03","6.07M","-0.02%"
"10/29/2025","83.23","83.52","83.69","82.70","8.55M","-0.83%"
"10/28/2025","83.93","83.56","84.07","83.54","4.52M","0.48%"
"10/27/2025","83.53","83.61","83.61","83.36","2.99M","1.25%"
"10/24/2025","82.50","82.42","82.68","82.42","3.65M","0.34%"
"10/23/2025","82.22","82.02","82.34","81.97","3.62M","0.05%"
"10/22/2025","82.18","82.40","82.52","81.84","7.08M","-0.47%"
"10/21/2025","82.57","82.72","82.86","82.43","5.13M","-1.16%"
"10/20/2025","83.54","83.29","83.79","83.29","5.45M","1.88%"
"10/17/2025","82.00","81.78","82.08","81.64","6.22M","0.55%"
"10/16/2025","81.55","81.81","81.91","81.24","5.64M","0.32%"
"10/15/2025","81.29","81.31","81.54","80.87","7.59M","1.56%"
"10/14/2025","80.04","79.34","80.45","79.18","6.70M","0.95%"
"10/13/2025","79.29","79.02","79.47","78.84","7.86M","1.19%"
"10/10/2025","78.36","79.83","80.07","78.21","11.31M","-3.91%"
"10/09/2025","81.55","82.16","82.19","81.42","4.54M","-0.24%"
"10/08/2025","81.75","81.71","81.90","81.61","11.04M","-0.26%"
"10/07/2025","81.96","82.50","82.54","81.94","6.99M","-1.57%"
"10/06/2025","83.27","83.12","83.60","83.00","8.35M","1.82%"
"10/03/2025","81.78","81.68","82.04","81.54","8.65M","2.03%"
"10/02/2025","80.15","80.33","80.42","79.81","6.80M","-0.07%"
"10/01/2025","80.21","80.52","80.77","80.07","6.79M","0.00%"
"09/30/2025","80.21","80.10","80.31","79.89","9.63M","-0.37%"
"09/29/2025","80.51","80.54","80.72","80.38","5.05M","0.09%"
"09/26/2025","80.44","80.34","80.57","80.22","9.65M","-0.02%"
"09/25/2025","80.46","80.46","80.59","80.17","4.86M","-0.48%"
"09/24/2025","80.85","81.13","81.20","80.78","4.91M","-0.30%"
"09/23/2025","81.09","81.35","81.54","81.03","4.35M","-0.20%"
"09/22/2025","81.25","80.96","81.29","80.84","3.43M","0.57%"
"09/19/2025","80.79","80.87","80.95","80.57","5.10M","-0.86%"
"09/18/2025","81.49","81.29","81.70","81.11","5.47M","0.39%"
"09/17/2025","81.17","81.37","81.84","80.81","5.83M","-0.22%"
"09/16/2025","81.35","81.36","81.43","81.16","4.64M","0.00%"
"09/15/2025","81.35","81.06","81.42","81.00","4.64M","0.73%"
"09/12/2025","80.76","80.82","81.00","80.60","5.51M","-0.69%"
"09/11/2025","81.32","80.98","81.46","80.95","4.78M","1.19%"
"09/10/2025","80.36","80.61","80.82","80.32","6.03M","0.37%"
"09/09/2025","80.06","79.82","80.12","79.64","6.07M","-1.11%"
"09/08/2025","80.96","80.54","81.02","80.39","6.35M","2.25%"
"09/05/2025","79.18","79.64","79.88","78.97","5.65M","0.57%"
"09/04/2025","78.73","78.17","78.74","78.14","3.66M","1.03%"
"09/03/2025","77.93","77.62","77.93","77.60","5.07M","-0.28%"
"09/02/2025","78.15","77.59","78.18","77.38","5.76M","-0.17%"
"08/29/2025","78.28","78.40","78.46","78.10","6.05M","-1.27%"
"08/28/2025","79.29","79.31","79.50","79.24","5.49M","0.84%"
"08/27/2025","78.63","78.10","78.68","78.06","3.48M","-0.37%"
"08/26/2025","78.92","78.52","78.94","78.50","2.95M","-0.16%"
"08/25/2025","79.05","79.41","79.57","79.04","5.42M","-1.21%"
"08/22/2025","80.02","78.97","80.25","78.97","5.44M","1.68%"
"08/21/2025","78.70","78.93","79.04","78.63","6.61M","-1.18%"
"08/20/2025","79.64","79.67","79.73","79.35","5.20M","-0.47%"
"08/19/2025","80.02","80.24","80.33","79.90","5.47M","-0.35%"
"08/18/2025","80.30","80.30","80.45","80.19","3.73M","0.19%"
"08/15/2025","80.15","80.38","80.38","80.04","5.58M","1.71%"
"08/14/2025","78.80","78.72","79.02","78.59","4.50M","-0.59%"
"08/13/2025","79.27","79.33","79.43","79.17","5.80M","0.05%"
"08/12/2025","79.23","78.69","79.34","78.55","8.74M","1.85%"
"08/11/2025","77.79","77.99","78.11","77.72","3.30M","-0.18%"
"08/08/2025","77.93","77.70","78.13","77.63","7.75M","1.71%"
"08/07/2025","76.62","76.96","77.01","76.33","5.58M","0.78%"
"08/06/2025","76.03","75.77","76.18","75.52","5.50M","1.33%"
"08/05/2025","75.03","75.15","75.21","74.79","4.31M","-0.35%"
"08/04/2025","75.29","74.80","75.34","74.80","5.96M","1.65%"
"08/01/2025","74.07","74.10","74.15","73.42","7.79M","0.61%"
"07/31/2025","73.62","74.25","74.26","73.34","8.37M","-0.49%"
"07/30/2025","73.98","74.30","74.46","73.71","7.62M","0.14%"
"07/29/2025","73.88","74.20","74.24","73.81","6.47M","-0.53%"
"07/28/2025","74.27","74.58","74.66","74.12","6.77M","-1.86%"
"07/25/2025","75.68","75.52","75.73","75.45","9.02M","-1.14%"
"07/24/2025","76.55","76.76","76.93","76.53","7.50M","0.08%"
"07/23/2025","76.49","76.28","76.59","76.08","19.57M","4.81%"
"07/22/2025","72.98","73.02","73.03","72.73","9.15M","0.51%"
"07/21/2025","72.61","72.44","72.97","72.39","4.38M","1.11%"
"07/18/2025","71.81","72.15","72.17","71.71","5.68M","-0.80%"
"07/17/2025","72.39","72.14","72.50","72.09","4.10M","0.51%"
"07/16/2025","72.02","71.69","72.03","71.51","7.63M","0.46%"
"07/15/2025","71.69","72.23","72.25","71.61","4.30M","-0.99%"
"07/14/2025","72.41","72.25","72.49","72.21","2.23M","0.07%"
"07/11/2025","72.36","72.42","72.46","72.21","3.11M","-0.80%"
"07/10/2025","72.94","72.72","73.00","72.55","2.43M","-0.49%"
"07/09/2025","73.30","73.13","73.33","72.90","4.08M","0.15%"
"07/08/2025","73.19","72.95","73.25","72.86","4.67M","0.51%"
"07/07/2025","72.82","73.61","73.70","72.58","11.49M","-2.39%"
"07/03/2025","74.60","74.41","74.72","74.41","1.99M","0.19%"
"07/02/2025","74.46","74.23","74.49","74.16","3.67M","0.05%"
"07/01/2025","74.42","74.67","74.91","74.42","7.65M","-0.73%"
"06/30/2025","74.97","74.96","75.00","74.79","6.46M","-0.41%"
"06/27/2025","75.28","75.09","75.50","74.95","10.26M","1.77%"
"06/26/2025","73.97","73.63","74.04","73.51","4.33M","2.11%"
"06/25/2025","72.44","72.53","72.55","72.31","3.23M","-0.41%"
"06/24/2025","72.74","72.47","72.79","72.38","4.10M","1.00%"
"06/23/2025","72.02","71.15","72.07","71.09","4.85M","0.36%"
"06/20/2025","71.76","72.45","72.45","71.71","5.25M","-1.77%"
"06/18/2025","73.05","73.19","73.45","72.93","4.52M","1.07%"
"06/17/2025","72.28","72.70","72.78","72.21","4.33M","-1.19%"
"06/16/2025","73.15","73.35","73.73","73.10","3.04M","-0.61%"
"06/13/2025","73.60","73.50","73.94","73.43","3.51M","-0.82%"
"06/12/2025","74.21","74.14","74.31","74.06","2.87M","0.73%"
"06/11/2025","73.67","73.94","74.08","73.64","3.68M","-0.28%"
"06/10/2025","73.88","74.01","74.01","73.65","3.28M","-0.07%"
"06/09/2025","73.93","74.00","74.13","73.89","3.94M","0.15%"
"06/06/2025","73.82","73.90","74.00","73.64","3.50M","0.59%"
"06/05/2025","73.39","73.54","73.60","73.19","5.20M","-0.93%"
"06/04/2025","74.08","73.92","74.29","73.84","5.39M","-0.07%"
"06/03/2025","74.13","74.21","74.29","73.94","3.35M","-1.21%"
"06/02/2025","75.04","74.43","75.04","74.14","6.74M","1.24%"
"05/30/2025","74.12","74.11","74.19","73.54","5.84M","0.12%"
"05/29/2025","74.03","74.03","74.05","73.60","3.18M","0.57%"
"05/28/2025","73.61","73.79","73.83","73.51","5.54M","-1.79%"
"05/27/2025","74.95","74.52","74.97","74.38","6.06M","2.63%"
"05/23/2025","73.03","72.31","73.14","72.31","8.34M","0.91%"
"05/22/2025","72.37","72.21","72.54","72.13","2.80M","0.08%"
"05/21/2025","72.31","72.75","73.10","72.31","5.21M","-0.93%"
"05/20/2025","72.99","72.84","73.03","72.77","3.72M","0.58%"
"05/19/2025","72.57","72.00","72.59","71.96","3.20M","0.11%"
"05/16/2025","72.49","72.30","72.54","72.14","1.92M","0.26%"
"05/15/2025","72.30","72.05","72.33","71.90","4.36M","1.19%"
"05/14/2025","71.45","72.37","72.42","71.31","17.47M","-1.11%"
"05/13/2025","72.25","71.91","72.47","71.86","3.86M","-0.76%"
"05/12/2025","72.80","72.46","72.83","72.26","3.03M","1.10%"
"05/09/2025","72.01","72.32","72.32","71.75","2.15M","0.25%"
"05/08/2025","71.83","72.04","72.32","71.80","3.12M","-0.21%"
"05/07/2025","71.98","71.93","72.27","71.78","4.63M","-0.62%"
"05/06/2025","72.43","72.30","72.69","72.30","3.27M","0.06%"
"05/05/2025","72.39","72.32","72.53","72.21","2.88M","0.70%"
"05/02/2025","71.89","71.62","72.02","71.50","4.92M","1.01%"
"05/01/2025","71.17","71.40","71.61","71.15","2.99M","-0.36%"
"04/30/2025","71.43","70.83","71.63","70.57","5.62M","-0.82%"
"04/29/2025","72.02","71.68","72.15","71.54","3.20M","0.39%"
"04/28/2025","71.74","71.13","71.86","71.08","4.23M","1.37%"
"04/25/2025","70.77","70.21","70.79","70.05","3.11M","0.70%"
"04/24/2025","70.28","69.53","70.29","69.43","2.70M","1.15%"
"04/23/2025","69.48","69.96","70.31","69.32","4.09M","0.30%"
"04/22/2025","69.27","69.05","69.61","69.00","3.46M","1.99%"
"04/21/2025","67.92","68.29","68.35","67.45","4.57M","-0.22%"
"04/17/2025","68.07","68.14","68.57","68.04","4.22M","1.93%"
"04/16/2025","66.78","67.20","67.50","66.50","7.81M","-0.98%"
"04/15/2025","67.44","67.23","67.75","67.21","3.79M","0.81%"
"04/14/2025","66.90","66.63","67.23","66.36","5.20M","1.64%"
"04/11/2025","65.82","64.54","65.89","64.32","6.95M","2.49%"
"04/10/2025","64.22","64.89","65.04","62.72","11.27M","-3.20%"
"04/09/2025","66.34","61.34","66.49","61.08","18.19M","7.61%"
"04/08/2025","61.65","64.34","64.44","61.02","13.12M","0.54%"
"04/07/2025","61.32","60.18","63.14","59.84","19.74M","-0.31%"
"04/04/2025","61.51","63.09","63.34","61.34","15.53M","-5.96%"
"04/03/2025","65.41","66.10","66.42","65.21","9.54M","-4.12%"
"04/02/2025","68.22","67.34","68.26","67.32","4.00M","0.03%"
"04/01/2025","68.20","67.83","68.40","67.50","4.73M","-0.53%"
"03/31/2025","68.56","68.23","68.74","67.89","4.20M","-0.95%"
"03/28/2025","69.22","69.36","69.60","68.98","7.78M","-2.02%"
"03/27/2025","70.65","70.73","70.84","70.51","4.61M","-0.14%"
"03/26/2025","70.75","71.18","71.26","70.68","8.32M","-1.30%"
"03/25/2025","71.68","71.29","71.73","71.17","12.54M","0.72%"
"03/24/2025","71.17","71.11","71.21","70.94","3.40M","-0.22%"
"03/21/2025","71.33","71.16","71.42","71.04","3.48M","0.01%"
"03/20/2025","71.32","70.77","71.34","70.76","2.64M","-0.53%"
"03/19/2025","71.70","71.01","71.88","70.96","3.47M","1.14%"
"03/18/2025","70.89","70.67","71.05","70.43","3.35M","-0.28%"
"03/17/2025","71.09","70.66","71.25","70.66","3.32M","1.05%"
"03/14/2025","70.35","69.86","70.39","69.74","7.27M","1.57%"
"03/13/2025","69.26","69.37","69.56","69.07","2.93M","-0.37%"
"03/12/2025","69.52","69.27","69.69","68.96","4.71M","1.85%"
"03/11/2025","68.26","68.48","68.65","67.83","6.97M","-0.61%"
"03/10/2025","68.68","69.18","69.31","68.32","5.84M","-2.12%"
"03/07/2025","70.17","69.77","70.23","69.37","4.24M","0.80%"
"03/06/2025","69.61","70.05","70.34","69.58","4.75M","-0.77%"
"03/05/2025","70.15","69.41","70.33","69.39","4.00M","2.20%"
"03/04/2025","68.64","68.71","69.46","68.01","5.13M","-0.82%"
"03/03/2025","69.21","69.88","70.11","69.04","5.56M","1.08%"
"02/28/2025","68.47","68.11","68.55","67.96","6.84M","-0.77%"
"02/27/2025","69.00","69.81","69.89","68.98","4.45M","-0.73%"
"02/26/2025","69.51","69.55","70.04","69.46","2.60M","0.06%"
"02/25/2025","69.47","69.79","69.81","69.15","3.97M","1.00%"
"02/24/2025","68.78","69.00","69.16","68.62","3.26M","-0.45%"
"02/21/2025","69.09","69.60","69.63","68.98","2.68M","-0.89%"
"02/20/2025","69.71","69.79","69.89","69.49","3.02M","0.13%"
"02/19/2025","69.62","69.46","69.68","69.33","3.41M","-0.68%"
"02/18/2025","70.10","69.95","70.12","69.88","2.86M","1.05%"
"02/14/2025","69.37","69.44","69.54","69.19","2.24M","0.16%"
"02/13/2025","69.26","68.64","69.26","68.64","3.08M","1.82%"
"02/12/2025","68.02","67.56","68.08","67.45","3.84M","-1.05%"
"02/11/2025","68.74","68.42","68.87","68.40","2.06M","-0.01%"
"02/10/2025","68.75","68.84","68.86","68.62","2.55M","0.39%"
"02/07/2025","68.48","69.10","69.25","68.31","7.61M","-1.33%"
"02/06/2025","69.40","69.28","69.52","69.21","3.38M","0.41%"
"02/05/2025","69.12","68.68","69.14","68.53","4.84M","1.25%"
"02/04/2025","68.27","67.66","68.31","67.65","2.50M","0.90%"
"02/03/2025","67.66","67.49","68.11","67.26","5.20M","-0.95%"
"01/31/2025","68.31","68.98","69.19","68.27","5.20M","-1.17%"
"01/30/2025","69.12","68.96","69.36","68.86","2.44M","1.50%"
"01/29/2025","68.10","68.24","68.36","67.95","7.95M","-0.31%"
"01/28/2025","68.31","68.16","68.31","67.90","2.16M","0.84%"
"01/27/2025","67.74","67.71","67.89","67.60","3.20M","-1.08%"
"01/24/2025","68.48","68.00","68.66","67.97","2.73M","0.97%"
"01/23/2025","67.82","67.33","67.83","67.31","2.69M","0.85%"
"01/22/2025","67.25","67.47","67.48","67.21","2.77M","-0.12%"
"01/21/2025","67.33","67.09","67.33","66.86","4.04M","1.74%"
"01/17/2025","66.18","66.08","66.33","65.95","2.12M","0.50%"
"01/16/2025","65.85","65.98","66.09","65.75","4.02M","-0.63%"
"01/15/2025","66.27","66.29","66.31","65.88","3.97M","1.50%"
"01/14/2025","65.29","65.19","65.45","64.96","3.78M","-0.20%"
"01/13/2025","65.42","64.69","65.44","64.69","4.54M","0.28%"
"01/10/2025","65.24","65.67","65.78","65.15","3.81M","-2.77%"
"01/08/2025","67.10","66.83","67.15","66.67","3.61M","-0.25%"
"01/07/2025","67.27","67.88","67.94","67.18","4.05M","-0.24%"
"01/06/2025","67.43","67.43","67.87","67.34","5.24M","0.22%"
"01/03/2025","67.28","66.83","67.39","66.81","3.70M","0.40%"
"01/02/2025","67.01","67.18","67.46","66.81","4.49M","-0.13%"
"12/31/2024","67.10","67.02","67.49","66.99","2.76M","-0.09%"
"12/30/2024","67.16","67.11","67.40","66.90","3.56M","-0.84%"
"12/27/2024","67.73","67.84","67.93","67.45","4.03M","0.76%"
"12/26/2024","67.22","67.04","67.31","66.93","2.35M","1.16%"
"12/24/2024","66.45","66.44","66.53","66.31","1.63M","-0.06%"
"12/23/2024","66.49","66.12","66.54","65.84","5.07M","0.42%"
"12/20/2024","66.21","65.73","66.84","65.72","5.43M","-0.27%"
"12/19/2024","66.39","66.82","66.90","66.12","4.72M","0.32%"
"12/18/2024","66.18","67.89","68.00","66.15","4.30M","-2.50%"
"12/17/2024","67.88","67.80","68.11","67.74","3.23M","-1.88%"
"12/16/2024","69.18","69.08","69.34","69.06","3.23M","-0.52%"
"12/13/2024","69.54","69.76","69.78","69.36","3.06M","-1.18%"
"12/12/2024","70.37","70.52","70.74","70.36","2.53M","-0.98%"
"12/11/2024","71.07","70.81","71.21","70.80","5.73M","1.41%"
"12/10/2024","70.08","70.32","70.39","70.05","2.20M","-0.54%"
"12/09/2024","70.46","70.94","71.01","70.46","2.66M","-0.87%"
"12/06/2024","71.08","71.18","71.18","70.93","2.83M","0.08%"
"12/05/2024","71.02","71.14","71.29","70.94","2.90M","-0.18%"
"12/04/2024","71.15","71.36","71.37","71.04","6.88M","-0.56%"
"12/03/2024","71.55","71.48","71.66","71.20","9.11M","1.43%"
"12/02/2024","70.54","70.28","70.67","70.16","5.49M","1.22%"
"11/29/2024","69.69","68.96","69.70","68.92","4.50M","2.67%"
"11/27/2024","67.88","68.23","68.36","67.76","4.89M","-0.28%"
"11/26/2024","68.07","67.99","68.09","67.68","5.24M","-0.51%"
"11/25/2024","68.42","68.45","68.59","68.18","4.67M","0.69%"
"11/22/2024","67.95","67.61","68.03","67.54","7.23M","0.71%"
"11/21/2024","67.47","67.44","67.69","67.24","3.26M","0.28%"
"11/20/2024","67.28","67.16","67.29","66.85","3.35M","-0.74%"
"11/19/2024","67.78","67.58","67.94","67.44","3.93M","-0.15%"
"11/18/2024","67.88","67.52","68.03","67.41","3.38M","0.58%"
"11/15/2024","67.49","67.50","67.57","67.25","5.63M","-0.49%"
"11/14/2024","67.82","68.01","68.17","67.78","4.32M","0.12%"
"11/13/2024","67.74","67.99","68.04","67.46","4.32M","-1.11%"
"11/12/2024","68.50","69.08","69.17","68.14","8.16M","-1.58%"
"11/11/2024","69.60","69.47","69.78","69.44","2.47M","0.24%"
"11/08/2024","69.43","69.40","69.50","69.17","5.08M","-0.79%"
"11/07/2024","69.98","69.71","70.12","69.56","4.61M","0.86%"
"11/06/2024","69.38","69.30","69.46","68.54","3.99M","0.45%"
"11/05/2024","69.07","68.25","69.18","68.18","3.28M","1.51%"
"11/04/2024","68.04","68.11","68.62","67.92","2.37M","0.09%"
"11/01/2024","67.98","67.70","68.29","67.70","3.37M","-0.13%"
"10/31/2024","68.07","68.21","68.21","67.40","5.21M","-0.51%"
"10/30/2024","68.42","68.75","68.91","68.39","6.80M","0.09%"
"10/29/2024","68.36","68.24","68.53","68.09","4.45M","0.97%"
"10/28/2024","67.70","67.59","67.90","67.49","2.91M","0.68%"
"10/25/2024","67.24","67.49","67.68","67.04","3.17M","0.03%"
"10/24/2024","67.22","67.02","67.25","66.93","4.18M","0.82%"
"10/23/2024","66.67","66.60","66.78","66.39","7.34M","-2.04%"
"10/22/2024","68.06","68.11","68.19","67.85","3.75M","-1.32%"
"10/21/2024","68.97","69.45","69.50","68.79","3.08M","-1.65%"
"10/18/2024","70.13","69.99","70.13","69.92","2.01M","0.53%"
"10/17/2024","69.76","70.27","70.27","69.71","3.02M","-0.53%"
"10/16/2024","70.13","70.01","70.21","69.81","6.44M","0.60%"
"10/15/2024","69.71","70.75","70.77","69.62","6.17M","-2.05%"
"10/14/2024","71.17","70.88","71.21","70.83","2.42M","0.17%"
"10/11/2024","71.05","70.62","71.12","70.59","3.40M","0.21%"
"10/10/2024","70.90","70.39","70.92","70.21","2.60M","0.01%"
"10/09/2024","70.89","70.54","70.98","70.51","2.76M","-0.52%"
"10/08/2024","71.26","71.18","71.48","71.16","2.88M","0.31%"
"10/07/2024","71.04","71.17","71.33","70.77","2.93M","-1.17%"
"10/04/2024","71.88","71.46","71.93","71.44","4.02M","1.31%"
"10/03/2024","70.95","70.55","71.04","70.49","3.88M","-0.39%"
"10/02/2024","71.23","71.10","71.42","70.81","4.40M","-0.57%"
"10/01/2024","71.64","72.19","72.35","71.22","5.13M","0.14%"
"09/30/2024","71.54","71.84","71.93","71.14","5.04M","0.65%"
"09/27/2024","71.08","71.68","72.17","70.82","8.99M","-2.62%"
"09/26/2024","72.99","72.86","73.24","72.45","6.69M","2.88%"
"09/25/2024","70.95","71.31","71.34","70.84","3.97M","-0.18%"
"09/24/2024","71.08","71.14","71.26","70.90","5.01M","-0.86%"
"09/23/2024","71.70","71.52","71.89","71.47","3.48M","0.60%"
"09/20/2024","71.27","71.50","71.54","70.86","6.62M","0.06%"
"09/19/2024","71.23","71.07","71.42","70.64","6.38M","2.65%"
"09/18/2024","69.39","69.54","70.20","69.14","4.20M","-0.46%"
"09/17/2024","69.71","69.95","70.16","69.46","4.48M","-1.18%"
"09/16/2024","70.54","70.22","70.57","70.09","5.15M","0.96%"
"09/13/2024","69.87","69.88","70.25","69.72","3.88M","-0.54%"
"09/12/2024","70.25","69.48","70.26","69.28","3.16M","0.99%"
"09/11/2024","69.56","69.07","69.64","68.14","5.87M","0.61%"
"09/10/2024","69.14","69.15","69.18","68.39","4.70M","-0.27%"
"09/09/2024","69.33","69.27","69.75","69.17","4.79M","1.82%"
"09/06/2024","68.09","69.53","69.76","67.93","11.53M","-3.53%"
"09/05/2024","70.58","70.37","70.71","70.11","5.09M","0.60%"
"09/04/2024","70.16","69.88","70.58","69.82","5.11M","-1.03%"
"09/03/2024","70.89","71.78","72.04","70.71","8.23M","-1.50%"
"08/30/2024","71.97","72.22","72.32","71.69","6.50M","0.60%"
"08/29/2024","71.54","71.80","72.25","71.40","6.35M","0.17%"
"08/28/2024","71.42","71.91","72.10","71.12","9.91M","-0.43%"
"08/27/2024","71.73","71.58","71.91","71.49","4.90M","0.99%"
"08/26/2024","71.03","71.38","71.51","70.90","6.75M","-1.25%"
"08/23/2024","71.93","71.19","72.04","71.10","8.21M","2.30%"
"08/22/2024","70.31","71.25","71.31","70.19","7.43M","-0.73%"
"08/21/2024","70.83","70.88","71.02","70.53","7.39M","1.16%"
"08/20/2024","70.02","70.11","70.43","69.91","6.52M","-0.48%"
"08/19/2024","70.36","69.87","70.46","69.85","5.27M","1.43%"
"08/16/2024","69.37","69.17","69.57","69.08","6.66M","0.52%"
"08/15/2024","69.01","68.61","69.20","68.57","5.03M","1.92%"
"08/14/2024","67.71","67.51","67.76","67.13","5.52M","0.15%"
"08/13/2024","67.61","67.00","67.71","66.94","8.95M","2.86%"
"08/12/2024","65.73","65.40","66.08","65.33","7.62M","0.55%"
"08/09/2024","65.37","64.87","65.40","64.68","8.19M","-0.24%"
"08/08/2024","65.53","65.26","65.71","64.62","8.48M","2.12%"
"08/07/2024","64.17","65.68","65.92","64.12","14.69M","1.66%"
"08/06/2024","63.12","62.46","63.63","61.97","17.20M","-0.49%"
"08/05/2024","63.43","60.77","63.87","60.62","28.25M","-1.89%"
"08/02/2024","64.65","65.12","65.33","63.84","13.89M","-4.29%"
"08/01/2024","67.55","68.62","68.82","67.02","9.30M","-4.82%"
"07/31/2024","70.97","71.00","71.19","70.51","7.56M","2.94%"
"07/30/2024","68.94","69.05","69.18","68.64","6.54M","0.13%"
"07/29/2024","68.85","68.90","69.00","68.58","5.19M","0.23%"
"07/26/2024","68.69","68.31","68.84","68.24","4.36M","1.34%"
"07/25/2024","67.78","67.70","68.46","67.42","7.60M","-1.57%"
"07/24/2024","68.86","69.79","69.84","68.86","3.13M","-1.96%"
"07/23/2024","70.24","70.13","70.42","70.01","2.69M","-0.09%"
"07/22/2024","70.30","70.25","70.39","70.01","2.19M","0.49%"
"07/19/2024","69.96","70.22","70.32","69.89","3.71M","-0.63%"
"07/18/2024","70.40","71.29","71.34","70.24","8.31M","-1.51%"
"07/17/2024","71.48","71.49","71.73","71.34","5.17M","-0.58%"
"07/16/2024","71.90","71.32","71.96","71.23","6.36M","1.18%"
"07/15/2024","71.06","71.50","71.50","70.99","10.55M","-0.48%"
"07/12/2024","71.40","71.10","71.66","71.09","9.14M","0.55%"
"07/11/2024","71.01","71.43","71.59","70.97","6.52M","-0.38%"
"07/10/2024","71.28","71.02","71.38","70.99","7.06M","1.83%"
"07/09/2024","70.00","70.07","70.12","69.83","8.44M","0.55%"
"07/08/2024","69.62","69.82","69.99","69.58","3.45M","-0.49%"
"07/05/2024","69.96","70.00","70.00","69.57","6.71M","0.68%"
"07/03/2024","69.49","69.23","69.50","69.15","2.93M","0.91%"
"07/02/2024","68.86","68.50","68.90","68.39","5.33M","1.58%"
"07/01/2024","67.79","68.15","68.30","67.69","5.40M","-0.66%"
"06/28/2024","68.24","68.21","68.62","67.96","4.21M","0.87%"
"06/27/2024","67.65","67.56","67.84","67.50","3.63M","0.51%"
"06/26/2024","67.31","67.33","67.50","67.22","3.63M","-0.37%"
"06/25/2024","67.56","67.44","67.66","67.26","5.50M","1.58%"
"06/24/2024","66.51","66.64","66.87","66.50","3.01M","0.76%"
"06/21/2024","66.01","66.12","66.14","65.93","4.11M","-0.71%"
"06/20/2024","66.48","66.45","66.61","66.21","4.03M","-0.27%"
"06/18/2024","66.66","66.39","66.68","66.37","8.10M","0.08%"
"06/17/2024","66.61","66.14","66.69","66.04","4.48M","-0.77%"
"06/14/2024","67.13","67.07","67.25","66.85","4.77M","-0.03%"
"06/13/2024","67.15","67.43","67.43","66.90","4.84M","-1.81%"
"06/12/2024","68.39","68.79","69.02","68.31","5.94M","0.48%"
"06/11/2024","68.06","68.18","68.21","67.82","3.85M","-1.85%"
"06/10/2024","69.34","69.02","69.43","68.99","3.37M","0.89%"
"06/07/2024","68.73","68.77","69.04","68.63","3.65M","-0.74%"
"06/06/2024","69.24","69.23","69.25","68.99","4.39M","-0.06%"
"06/05/2024","69.28","69.01","69.30","68.70","5.38M","-0.29%"
"06/04/2024","69.48","69.55","69.70","69.26","3.65M","0.12%"
"06/03/2024","69.40","69.44","69.58","69.14","6.18M","0.62%"
"05/31/2024","68.97","68.95","69.05","68.44","5.48M","1.34%"
"05/30/2024","68.06","68.06","68.26","67.86","4.10M","0.87%"
"05/29/2024","67.47","67.78","67.83","67.40","6.81M","-2.00%"
"05/28/2024","68.85","69.08","69.12","68.66","3.37M","0.57%"
"05/24/2024","68.46","68.35","68.57","68.28","3.95M","1.09%"
"05/23/2024","67.72","68.68","68.71","67.59","4.83M","-0.44%"
"05/22/2024","68.02","68.10","68.27","67.89","4.19M","-1.16%"
"05/21/2024","68.82","68.89","69.02","68.63","3.05M","-0.58%"
"05/20/2024","69.22","69.10","69.43","69.08","4.02M","0.71%"
"05/17/2024","68.73","68.77","68.94","68.59","4.29M","0.67%"
"05/16/2024","68.27","68.93","68.93","68.25","7.24M","-1.01%"
"05/15/2024","68.97","68.61","68.98","68.40","9.29M","1.11%"
"05/14/2024","68.21","67.97","68.22","67.88","4.71M","0.78%"
"05/13/2024","67.68","67.82","67.89","67.57","4.88M","-0.40%"
"05/10/2024","67.95","68.24","68.27","67.83","4.26M","-0.57%"
"05/09/2024","68.34","67.72","68.34","67.68","6.73M","0.44%"
"05/08/2024","68.04","67.73","68.10","67.71","7.16M","-1.26%"
"05/07/2024","68.91","69.02","69.13","68.80","6.95M","-1.09%"
"05/06/2024","69.67","69.47","69.73","69.43","3.58M","0.59%"
"05/03/2024","69.26","69.19","69.36","68.76","6.22M","1.15%"
"05/02/2024","68.47","68.35","68.58","67.94","6.80M","2.03%"
"05/01/2024","67.11","67.34","67.92","67.02","7.95M","-0.24%"
"04/30/2024","67.27","67.98","68.11","67.27","6.20M","-0.69%"
"04/29/2024","67.74","67.62","67.98","67.47","6.87M","0.91%"
"04/26/2024","67.13","66.79","67.21","66.79","7.60M","0.86%"
"04/25/2024","66.56","66.00","66.67","65.84","5.28M","-1.55%"
"04/24/2024","67.61","67.78","67.78","67.33","6.19M","0.43%"
"04/23/2024","67.32","66.93","67.42","66.91","7.32M","0.22%"
"04/22/2024","67.17","66.83","67.37","66.71","6.62M","1.02%"
"04/19/2024","66.49","66.72","66.86","66.35","8.55M","-0.60%"
"04/18/2024","66.89","67.18","67.42","66.81","7.99M","-0.30%"
"04/17/2024","67.09","67.34","67.43","66.84","9.15M","-1.06%"
"04/16/2024","67.81","67.95","68.13","67.63","8.22M","-1.40%"
"04/15/2024","68.77","69.64","69.82","68.66","8.20M","-0.42%"
"04/12/2024","69.06","69.56","69.65","68.99","7.82M","-1.33%"
"04/11/2024","69.99","69.96","70.11","69.27","8.34M","0.88%"
"04/10/2024","69.38","69.49","69.68","69.11","9.03M","-1.56%"
"04/09/2024","70.48","70.82","70.82","70.20","7.47M","0.37%"
"04/08/2024","70.22","70.29","70.51","70.19","6.56M","0.50%"
"04/05/2024","69.87","69.72","70.05","69.60","11.91M","0.29%"
"04/04/2024","69.67","70.79","70.79","69.63","11.48M","-1.04%"
"04/03/2024","70.40","69.87","70.51","69.87","11.69M","0.69%"
"04/02/2024","69.92","69.88","69.94","69.57","10.63M","-0.51%"
"04/01/2024","70.28","70.27","70.41","70.07","8.23M","-1.50%"
"03/28/2024","71.35","71.06","71.52","71.06","11.32M","-0.36%"
"03/27/2024","71.61","71.49","71.61","71.28","8.79M","0.43%"
"03/26/2024","71.30","71.48","71.58","71.28","8.00M","0.44%"
"03/25/2024","70.99","70.93","71.18","70.89","10.40M","-1.16%"
"03/22/2024","71.82","72.04","72.07","71.74","5.77M","-0.01%"
"03/21/2024","71.83","71.68","71.93","71.66","10.86M","0.50%"
"03/20/2024","71.47","71.02","71.51","70.86","7.31M","0.78%"
"03/19/2024","70.92","70.59","71.06","70.50","7.41M","0.38%"
"03/18/2024","70.65","70.50","70.71","70.29","17.60M","1.55%"
"03/15/2024","69.57","69.44","69.64","69.27","11.68M","0.74%"
"03/14/2024","69.06","69.67","69.71","68.82","10.11M","-0.45%"
"03/13/2024","69.37","69.20","69.51","69.08","8.69M","-0.87%"
"03/12/2024","69.98","69.58","70.04","69.32","9.82M","0.55%"
"03/11/2024","69.60","69.81","69.89","69.44","18.48M","-2.22%"
"03/08/2024","71.18","71.68","71.75","71.11","8.61M","-0.22%"
"03/07/2024","71.34","71.25","71.43","71.13","6.78M","-0.04%"
"03/06/2024","71.37","71.34","71.64","71.17","8.64M","1.52%"
"03/05/2024","70.30","70.62","70.77","70.17","9.84M","0.54%"
"03/04/2024","69.92","70.00","70.10","69.83","6.41M","-0.58%"
"03/01/2024","70.33","69.97","70.39","69.82","8.22M","1.75%"
"02/29/2024","69.12","69.25","69.38","68.82","7.56M","0.66%"
"02/28/2024","68.67","68.67","68.83","68.59","7.66M","-0.74%"
"02/27/2024","69.18","69.08","69.26","69.04","8.57M","0.26%"
"02/26/2024","69.00","69.27","69.27","68.90","7.38M","-0.01%"
"02/23/2024","69.01","69.00","69.22","68.97","6.59M","0.16%"
"02/22/2024","68.90","68.78","68.96","68.64","8.16M","1.64%"
"02/21/2024","67.79","67.78","67.98","67.57","5.55M","-0.21%"
"02/20/2024","67.93","67.98","68.08","67.67","6.05M","0.44%"
"02/16/2024","67.63","67.58","67.94","67.43","12.44M","-0.01%"
"02/15/2024","67.64","67.20","67.70","67.17","8.26M","0.96%"
"02/14/2024","67.00","66.79","67.02","66.64","7.38M","0.39%"
"02/13/2024","66.74","67.15","67.25","66.51","6.51M","-0.34%"
"02/12/2024","66.97","66.79","67.20","66.77","4.82M","0.51%"
"02/09/2024","66.63","66.35","66.64","66.28","7.06M","0.36%"
"02/08/2024","66.39","66.30","66.40","65.96","6.38M","-0.26%"
"02/07/2024","66.56","66.52","66.64","66.40","9.17M","0.57%"
"02/06/2024","66.18","65.81","66.18","65.80","9.29M","-0.02%"
"02/05/2024","66.19","66.26","66.41","65.92","9.79M","-0.48%"
"02/02/2024","66.51","66.29","66.53","66.08","8.47M","-0.61%"
"02/01/2024","66.92","66.54","66.94","66.29","8.34M","1.07%"
"01/31/2024","66.21","66.55","66.91","66.07","11.84M","0.42%"
"01/30/2024","65.93","66.02","66.07","65.81","8.45M","-0.36%"
"01/29/2024","66.17","65.87","66.29","65.75","8.57M","1.19%"
"01/26/2024","65.39","65.40","65.62","65.31","6.30M","-0.80%"
"01/25/2024","65.92","66.22","66.22","65.71","11.02M","-0.38%"
"01/24/2024","66.17","66.33","66.56","66.12","16.00M","0.12%"
"01/23/2024","66.09","65.90","66.13","65.79","7.54M","-0.88%"
"01/22/2024","66.68","66.56","66.85","66.49","8.70M","1.18%"
"01/19/2024","65.90","65.56","65.90","65.28","11.19M","0.26%"
"01/18/2024","65.73","65.39","65.75","65.35","11.14M","0.94%"
"01/17/2024","65.12","64.95","65.14","64.75","10.64M","-1.24%"
"01/16/2024","65.94","66.51","66.58","65.79","11.99M","-0.74%"
"01/12/2024","66.43","66.54","66.79","66.33","9.23M","0.96%"
"01/11/2024","65.80","65.79","65.90","65.25","9.21M","0.89%"
"01/10/2024","65.22","65.23","65.41","65.12","11.83M","1.79%"
"01/09/2024","64.07","64.04","64.24","63.97","5.22M","-0.61%"
"01/08/2024","64.46","63.68","64.48","63.57","5.79M","1.46%"
"01/05/2024","63.53","63.56","64.19","63.46","6.51M","0.75%"
"01/04/2024","63.06","63.05","63.45","63.01","3.65M","-0.24%"
"01/03/2024","63.21","63.30","63.50","62.97","7.95M","-0.55%"
"01/02/2024","63.56","63.57","63.95","63.44","6.83M","-0.90%"
"12/29/2023","64.14","64.11","64.28","63.96","7.24M","0.16%"
"12/28/2023","64.04","64.06","64.26","63.99","4.14M","0.60%"
"12/27/2023","63.66","63.40","63.70","63.38","4.28M","0.55%"
"12/26/2023","63.31","63.11","63.42","63.06","3.94M","-0.03%"
"12/22/2023","63.33","63.31","63.60","63.19","4.50M","0.32%"
"12/21/2023","63.13","62.73","63.16","62.72","5.74M","1.74%"
"12/20/2023","62.05","62.73","62.78","61.94","11.49M","-1.88%"
"12/19/2023","63.24","63.34","63.58","63.09","5.98M","0.30%"
"12/18/2023","63.05","63.18","63.23","62.86","5.02M","-0.19%"
"12/15/2023","63.17","63.68","63.72","63.12","7.28M","-0.86%"
"12/14/2023","63.72","63.52","63.93","63.43","12.69M","-0.45%"
"12/13/2023","64.01","62.96","64.05","62.77","5.66M","1.52%"
"12/12/2023","63.05","62.78","63.07","62.63","3.13M","-0.14%"
"12/11/2023","63.14","62.98","63.20","62.93","5.44M","0.57%"
"12/08/2023","62.78","62.48","62.83","62.41","5.92M","-0.59%"
"12/07/2023","63.15","62.76","63.54","62.49","8.77M","0.77%"
"12/06/2023","62.67","63.10","63.17","62.65","6.48M","1.05%"
"12/05/2023","62.02","62.07","62.24","61.97","3.82M","-0.37%"
"12/04/2023","62.25","62.32","62.54","62.12","4.53M","-1.52%"
"12/01/2023","63.21","62.37","63.22","62.35","4.50M","0.96%"
"11/30/2023","62.61","62.66","62.68","62.02","6.67M","0.19%"
"11/29/2023","62.49","62.48","62.67","62.32","4.01M","-0.10%"
"11/28/2023","62.55","62.24","62.74","62.14","4.41M","-0.02%"
"11/27/2023","62.56","62.46","62.64","62.38","4.05M","-0.08%"
"11/24/2023","62.61","62.46","62.63","62.41","1.37M","0.19%"
"11/22/2023","62.49","62.40","62.51","62.16","4.54M","0.63%"
"11/21/2023","62.10","62.41","62.53","62.00","4.41M","-0.42%"
"11/20/2023","62.36","62.09","62.42","62.05","7.48M","0.02%"
"11/17/2023","62.35","62.11","62.40","62.04","5.16M","1.56%"
"11/16/2023","61.39","61.31","61.49","61.20","5.94M","0.34%"
"11/15/2023","61.18","61.37","61.52","61.05","6.44M","-0.75%"
"11/14/2023","61.64","61.04","61.69","61.02","5.38M","1.99%"
"11/13/2023","60.44","60.14","60.54","60.05","4.93M","-0.05%"
"11/10/2023","60.47","60.10","60.47","59.83","4.88M","0.97%"
"11/09/2023","59.89","60.50","60.56","59.87","6.91M","0.42%"
"11/08/2023","59.64","59.87","59.98","59.51","6.85M","-1.65%"
"11/07/2023","60.64","60.43","60.71","60.28","5.80M","-0.92%"
"11/06/2023","61.20","61.44","61.47","61.08","5.95M","-1.29%"
"11/03/2023","62.00","61.65","62.24","61.50","7.67M","1.72%"
"11/02/2023","60.95","60.54","60.99","60.37","7.78M","1.63%"
"11/01/2023","59.97","59.43","59.98","59.38","7.38M","1.71%"
"10/31/2023","58.96","58.73","59.03","58.54","6.63M","1.22%"
"10/30/2023","58.25","58.05","58.26","57.76","6.45M","0.74%"
"10/27/2023","57.82","58.22","58.23","57.68","4.64M","0.84%"
"10/26/2023","57.34","57.66","57.78","57.20","5.83M","-1.36%"
"10/25/2023","58.13","58.53","58.58","58.08","6.31M","-0.39%"
"10/24/2023","58.36","58.15","58.39","58.07","5.97M","0.64%"
"10/23/2023","57.99","57.76","58.37","57.60","6.25M","-0.24%"
"10/20/2023","58.13","58.47","58.60","58.12","4.36M","-0.67%"
"10/19/2023","58.52","58.93","59.22","58.42","7.20M","-0.73%"
"10/18/2023","58.95","59.55","59.60","58.84","4.98M","-1.57%"
"10/17/2023","59.89","59.42","60.15","59.42","5.66M","0.20%"
"10/16/2023","59.77","59.38","59.80","59.37","7.74M","0.32%"
"10/13/2023","59.58","59.95","60.06","59.46","5.53M","-1.24%"
"10/12/2023","60.33","60.81","60.81","60.12","6.97M","0.25%"
"10/11/2023","60.18","60.32","60.42","59.94","5.43M","-0.25%"
"10/10/2023","60.33","60.14","60.54","60.08","5.05M","1.31%"
"10/09/2023","59.55","59.03","59.67","59.01","5.13M","0.29%"
"10/06/2023","59.38","58.92","59.46","58.60","7.08M","0.25%"
"10/05/2023","59.23","59.07","59.32","58.85","6.33M","1.96%"
"10/04/2023","58.09","57.92","58.11","57.70","8.76M","-1.09%"
"10/03/2023","58.73","58.78","59.48","58.42","15.39M","-1.74%"
"10/02/2023","59.77","60.00","60.06","59.57","6.94M","-0.86%"
"09/29/2023","60.29","60.82","60.87","60.12","9.03M","-1.41%"
"09/28/2023","61.15","60.71","61.26","60.69","8.30M","0.20%"
"09/27/2023","61.03","61.40","61.42","60.78","8.21M","0.43%"
"09/26/2023","60.77","61.10","61.24","60.72","8.77M","-1.54%"
"09/25/2023","61.72","61.52","61.75","61.35","6.08M","-0.13%"
"09/22/2023","61.80","61.98","62.17","61.77","6.32M","0.28%"
"09/21/2023","61.63","61.81","62.03","61.61","5.04M","-1.55%"
"09/20/2023","62.60","63.03","63.30","62.58","8.09M","-1.34%"
"09/19/2023","63.45","63.51","63.63","63.34","4.05M","0.49%"
"09/18/2023","63.14","62.99","63.17","62.81","4.55M","0.24%"
"09/15/2023","62.99","63.23","63.40","62.96","4.67M","-0.55%"
"09/14/2023","63.34","63.19","63.43","63.06","5.16M","1.70%"
"09/13/2023","62.28","62.27","62.43","62.16","5.86M","-0.05%"
"09/12/2023","62.31","62.20","62.47","62.20","3.65M","-0.02%"
"09/11/2023","62.32","62.15","62.40","62.06","6.49M","1.15%"
"09/08/2023","61.61","61.67","61.81","61.53","5.63M","-1.00%"
"09/07/2023","62.23","62.25","62.31","62.06","5.36M","0.00%"
"09/06/2023","62.23","62.44","62.55","62.07","5.08M","0.26%"
"09/05/2023","62.07","62.22","62.24","62.01","4.91M","0.05%"
"09/01/2023","62.04","62.52","62.52","61.80","5.08M","0.65%"
"08/31/2023","61.64","61.49","61.72","61.42","6.26M","1.07%"
"08/30/2023","60.99","60.98","61.15","60.85","4.74M","-0.18%"
"08/29/2023","61.10","60.21","61.13","60.19","4.34M","0.69%"
"08/28/2023","60.68","60.50","60.74","60.48","3.40M","1.18%"
"08/25/2023","59.97","59.90","60.19","59.53","4.40M","0.52%"
"08/24/2023","59.66","60.13","60.28","59.64","6.00M","-1.31%"
"08/23/2023","60.45","60.16","60.64","60.15","5.23M","1.32%"
"08/22/2023","59.66","60.00","60.01","59.61","5.17M","0.49%"
"08/21/2023","59.37","59.32","59.47","59.10","3.87M","0.08%"
"08/18/2023","59.32","59.07","59.47","59.04","3.96M","0.25%"
"08/17/2023","59.17","59.69","59.75","59.08","7.49M","-0.42%"
"08/16/2023","59.42","59.72","59.94","59.40","6.04M","-1.25%"
"08/15/2023","60.17","60.46","60.46","60.07","9.80M","-1.07%"
"08/14/2023","60.82","60.57","60.87","60.46","5.62M","-0.90%"
"08/11/2023","61.37","61.48","61.64","61.31","5.68M","-0.16%"
"08/10/2023","61.47","61.93","62.19","61.43","7.15M","0.42%"
"08/09/2023","61.21","61.52","61.57","61.12","4.42M","-0.87%"
"08/08/2023","61.75","61.65","61.78","61.48","4.52M","-0.88%"
"08/07/2023","62.30","62.28","62.35","62.11","4.21M","0.84%"
"08/04/2023","61.78","61.80","62.29","61.71","5.82M","0.96%"
"08/03/2023","61.19","60.87","61.27","60.80","4.99M","-0.49%"
"08/02/2023","61.49","61.92","62.06","61.45","11.90M","-1.88%"
"08/01/2023","62.67","62.92","62.99","62.60","6.39M","-1.18%"
"07/31/2023","63.42","63.32","63.65","63.29","9.70M","-0.44%"
"07/28/2023","63.70","63.87","64.07","63.68","5.95M","0.57%"
"07/27/2023","63.34","63.52","63.79","63.24","13.16M","0.81%"
"07/26/2023","62.83","62.67","63.03","62.62","4.35M","0.40%"
"07/25/2023","62.58","62.34","62.64","62.34","5.30M","0.13%"
"07/24/2023","62.50","62.41","62.65","62.31","6.05M","0.14%"
"07/21/2023","62.41","62.51","62.58","62.30","7.57M","-0.11%"
"07/20/2023","62.48","62.55","62.68","62.35","7.28M","-1.33%"
"07/19/2023","63.32","63.35","63.46","63.17","6.07M","0.02%"
"07/18/2023","63.31","63.15","63.38","63.03","9.94M","1.38%"
"07/17/2023","62.45","62.23","62.52","62.12","9.92M","0.05%"
"07/14/2023","62.42","62.55","62.68","62.37","8.61M","-1.20%"
"07/13/2023","63.18","63.13","63.24","63.04","10.04M","1.49%"
"07/12/2023","62.25","61.97","62.62","61.92","10.37M","0.70%"
"07/11/2023","61.82","61.50","61.83","61.39","6.17M","0.44%"
"07/10/2023","61.55","61.25","61.58","61.25","6.00M","-0.15%"
"07/07/2023","61.64","61.07","61.92","61.07","6.67M","1.43%"
"07/06/2023","60.77","60.83","60.87","60.41","9.31M","-1.32%"
"07/05/2023","61.58","61.68","61.69","61.49","6.20M","-0.82%"
"07/03/2023","62.09","62.18","62.41","62.08","4.22M","0.31%"
"06/30/2023","61.90","61.66","62.03","61.61","6.04M","0.63%"
"06/29/2023","61.51","61.45","61.62","61.38","5.54M","-0.50%"
"06/28/2023","61.82","61.67","61.97","61.55","4.92M","1.11%"
"06/27/2023","61.14","60.97","61.19","60.78","4.40M","0.38%"
"06/26/2023","60.91","60.93","61.05","60.83","4.21M","0.00%"
"06/23/2023","60.91","60.95","61.03","60.76","6.30M","-2.47%"
"06/22/2023","62.45","62.50","62.69","62.40","3.49M","-0.83%"
"06/21/2023","62.97","62.81","63.13","62.69","6.68M","1.19%"
"06/20/2023","62.23","62.39","62.49","62.12","11.66M","-1.38%"
"06/16/2023","63.10","63.77","63.77","63.06","5.66M","-0.96%"
"06/15/2023","63.71","63.14","63.80","63.10","9.80M","-0.14%"
"06/14/2023","63.80","63.84","64.11","63.36","9.21M","0.46%"
"06/13/2023","63.51","63.68","63.83","63.40","10.62M","1.44%"
"06/12/2023","62.61","62.47","62.64","62.39","5.17M","0.63%"
"06/09/2023","62.22","62.29","62.36","62.05","5.96M","1.14%"
"06/08/2023","61.52","60.95","61.60","60.83","14.39M","0.85%"
"06/07/2023","61.00","61.32","61.65","60.98","10.40M","-3.24%"
"06/06/2023","63.04","62.54","63.08","62.50","11.35M","2.04%"
"06/05/2023","61.78","62.19","62.25","61.75","8.86M","-0.35%"
"06/02/2023","62.00","62.00","62.09","61.78","14.77M","1.92%"
"06/01/2023","60.83","60.31","60.85","60.26","11.30M","2.51%"
"05/31/2023","59.34","59.26","59.41","58.93","7.63M","-0.87%"
"05/30/2023","59.86","60.07","60.09","59.71","5.52M","-0.65%"
"05/26/2023","60.25","60.02","60.41","59.97","5.31M","0.33%"
"05/25/2023","60.05","60.10","60.10","59.79","9.13M","0.57%"
"05/24/2023","59.71","59.92","59.93","59.67","8.18M","-1.06%"
"05/23/2023","60.35","60.31","60.62","60.24","15.76M","-1.44%"
"05/22/2023","61.23","61.13","61.35","61.09","6.47M","0.44%"
"05/19/2023","60.96","60.66","60.98","60.66","9.20M","0.16%"
"05/18/2023","60.86","60.98","61.01","60.60","7.95M","0.02%"
"05/17/2023","60.85","60.73","60.92","60.60","7.12M","0.68%"
"05/16/2023","60.44","60.63","60.72","60.41","6.52M","-0.20%"
"05/15/2023","60.56","60.23","60.61","60.23","6.09M","0.60%"
"05/12/2023","60.20","60.41","60.48","59.97","4.83M","0.48%"
"05/11/2023","59.91","59.86","59.93","59.60","4.59M","0.28%"
"05/10/2023","59.74","59.94","59.94","59.51","5.27M","-0.50%"
"05/09/2023","60.04","59.84","60.10","59.79","12.31M","1.08%"
"05/08/2023","59.40","59.41","59.47","59.30","4.01M","-0.22%"
"05/05/2023","59.53","59.06","59.62","59.01","7.13M","1.34%"
"05/04/2023","58.74","58.57","58.95","58.57","4.38M","0.19%"
"05/03/2023","58.63","58.67","59.00","58.57","7.57M","0.60%"
"05/02/2023","58.28","58.16","58.32","57.91","6.37M","-0.83%"
"05/01/2023","58.77","58.75","58.90","58.62","4.92M","-0.12%"
"04/28/2023","58.84","58.53","58.86","58.37","9.00M","-0.79%"
"04/27/2023","59.31","58.90","59.35","58.82","5.94M","1.63%"
"04/26/2023","58.36","58.69","58.71","58.30","6.31M","-0.36%"
"04/25/2023","58.57","58.95","58.99","58.54","5.48M","-0.70%"
"04/24/2023","58.98","58.75","59.00","58.73","3.37M","-0.05%"
"04/21/2023","59.01","58.88","59.03","58.62","6.48M","0.56%"
"04/20/2023","58.68","58.47","58.82","58.47","3.55M","0.32%"
"04/19/2023","58.49","58.43","58.58","58.37","4.10M","-0.80%"
"04/18/2023","58.96","59.02","59.09","58.79","3.14M","0.60%"
"04/17/2023","58.61","58.45","58.63","58.35","2.71M","0.29%"
"04/14/2023","58.44","58.70","58.94","58.23","4.49M","-0.75%"
"04/13/2023","58.88","58.54","58.96","58.54","4.86M","1.39%"
"04/12/2023","58.07","58.35","58.39","57.96","3.78M","0.33%"
"04/11/2023","57.88","57.88","57.97","57.72","4.39M","0.33%"
"04/10/2023","57.69","57.25","57.69","57.25","5.44M","-0.21%"
"04/06/2023","57.81","57.83","57.95","57.67","6.16M","-0.43%"
"04/05/2023","58.06","58.21","58.41","57.90","6.08M","-1.49%"
"04/04/2023","58.94","58.82","59.09","58.76","5.68M","-0.03%"
"04/03/2023","58.96","58.69","58.97","58.58","8.72M","0.46%"
"03/31/2023","58.69","58.20","58.71","58.16","8.43M","1.22%"
"03/30/2023","57.98","57.96","58.10","57.91","4.80M","0.47%"
"03/29/2023","57.71","57.68","57.81","57.60","5.23M","0.38%"
"03/28/2023","57.49","57.47","57.54","57.38","3.85M","0.19%"
"03/27/2023","57.38","57.21","57.44","57.15","3.75M","0.44%"
"03/24/2023","57.13","56.99","57.14","56.76","4.12M","0.30%"
"03/23/2023","56.96","57.21","57.49","56.75","7.15M","0.44%"
"03/22/2023","56.71","56.85","57.51","56.67","6.11M","-0.28%"
"03/21/2023","56.87","56.74","56.89","56.55","4.64M","0.62%"
"03/20/2023","56.52","56.33","56.68","56.28","6.57M","1.45%"
"03/17/2023","55.71","56.04","56.14","55.71","5.38M","-0.62%"
"03/16/2023","56.06","55.38","56.07","55.34","7.08M","2.04%"
"03/15/2023","54.94","55.03","55.13","54.56","12.29M","-2.03%"
"03/14/2023","56.08","55.75","56.13","55.67","6.26M","-0.28%"
"03/13/2023","56.24","56.49","56.82","56.23","9.13M","-0.95%"
"03/10/2023","56.78","57.33","57.49","56.71","9.36M","-1.20%"
"03/09/2023","57.47","58.06","58.15","57.35","5.25M","-0.17%"
"03/08/2023","57.57","57.45","57.72","57.33","8.05M","1.23%"
"03/07/2023","56.87","57.60","57.68","56.83","5.95M","-0.89%"
"03/06/2023","57.38","57.39","57.56","57.27","5.14M","0.00%"
"03/03/2023","57.38","56.84","57.48","56.71","8.40M","2.30%"
"03/02/2023","56.09","55.76","56.17","55.74","4.46M","0.11%"
"03/01/2023","56.03","56.05","56.24","55.89","5.94M","0.16%"
"02/28/2023","55.94","55.87","56.16","55.79","4.85M","-0.37%"
"02/27/2023","56.15","56.20","56.28","56.03","2.11M","0.95%"
"02/24/2023","55.62","55.56","55.81","55.44","3.80M","-1.49%"
"02/23/2023","56.46","56.09","56.47","55.88","2.88M","1.00%"
"02/22/2023","55.90","56.21","56.23","55.77","2.81M","-0.75%"
"02/21/2023","56.32","56.55","56.73","56.29","3.25M","-1.23%"
"02/17/2023","57.02","56.83","57.10","56.65","1.97M","-0.04%"
"02/16/2023","57.04","56.81","57.33","56.76","3.38M","-0.33%"
"02/15/2023","57.23","56.98","57.24","56.90","3.49M","-0.99%"
"02/14/2023","57.80","57.49","58.12","57.37","4.34M","-0.50%"
"02/13/2023","58.09","57.53","58.09","57.49","4.09M","-0.05%"
"02/10/2023","58.12","58.23","58.31","57.93","2.96M","0.57%"
"02/09/2023","57.79","58.56","58.58","57.71","3.75M","0.10%"
"02/08/2023","57.73","57.94","58.02","57.63","3.46M","-1.10%"
"02/07/2023","58.37","57.54","58.39","57.37","4.25M","1.46%"
"02/06/2023","57.53","57.47","57.59","57.15","2.71M","-0.91%"
"02/03/2023","58.06","58.15","58.49","57.85","4.62M","-1.14%"
"02/02/2023","58.73","59.00","59.01","58.42","5.10M","-0.24%"
"02/01/2023","58.87","58.33","59.03","57.94","5.41M","0.34%"
"01/31/2023","58.67","58.33","58.69","58.13","3.09M","0.34%"
"01/30/2023","58.47","58.58","58.86","58.47","3.39M","-0.60%"
"01/27/2023","58.82","58.60","58.90","58.51","3.37M","0.27%"
"01/26/2023","58.66","58.75","58.81","58.25","2.23M","-0.20%"
"01/25/2023","58.78","58.35","58.82","58.27","2.97M","1.21%"
"01/24/2023","58.08","57.81","58.23","57.58","3.06M","0.68%"
"01/23/2023","57.69","57.37","57.81","57.27","4.21M","-0.28%"
"01/20/2023","57.85","57.12","57.85","57.02","4.46M","1.14%"
"01/19/2023","57.20","57.19","57.34","57.00","5.46M","-0.05%"
"01/18/2023","57.23","57.98","58.08","57.21","4.18M","-0.14%"
"01/17/2023","57.31","57.11","57.35","57.06","8.50M","0.95%"
"01/13/2023","56.77","56.37","56.79","56.33","5.02M","0.42%"
"01/12/2023","56.53","56.07","56.53","55.48","4.27M","2.41%"
"01/11/2023","55.20","55.16","55.23","54.95","4.15M","0.80%"
"01/10/2023","54.76","54.70","54.82","54.41","2.29M","-0.24%"
"01/09/2023","54.89","55.00","55.38","54.86","3.31M","0.22%"
"01/06/2023","54.77","53.86","54.83","53.57","4.64M","2.51%"
"01/05/2023","53.43","53.41","53.69","53.27","3.93M","-1.35%"
"01/04/2023","54.16","54.68","54.74","54.02","7.99M","-0.99%"
"01/03/2023","54.70","55.05","55.31","54.57","4.80M","0.48%"
"12/30/2022","54.44","54.58","54.74","54.37","4.27M","-0.78%"
"12/29/2022","54.87","54.62","55.02","54.59","2.85M","1.86%"
"12/28/2022","53.87","54.62","54.76","53.87","2.67M","-1.19%"
"12/27/2022","54.52","54.58","54.76","54.40","1.96M","-0.46%"
"12/23/2022","54.77","54.58","54.85","54.44","2.06M","0.07%"
"12/22/2022","54.73","54.91","54.93","54.29","3.90M","-0.29%"
"12/21/2022","54.89","54.98","55.25","54.83","4.50M","-0.15%"
"12/20/2022","54.97","55.02","55.55","54.85","6.28M","1.42%"
"12/19/2022","54.20","54.48","54.61","54.08","3.19M","-0.64%"
"12/16/2022","54.55","54.23","54.65","54.13","3.74M","0.07%"
"12/15/2022","54.51","55.17","55.26","54.29","4.62M","-2.43%"
"12/14/2022","55.87","56.16","56.46","55.47","5.83M","-0.09%"
"12/13/2022","55.92","56.62","56.62","55.79","6.08M","1.21%"
"12/12/2022","55.25","55.17","55.30","54.97","3.16M","-0.02%"
"12/09/2022","55.26","55.36","55.68","55.25","2.39M","0.31%"
"12/08/2022","55.09","54.84","55.15","54.67","2.37M","0.62%"
"12/07/2022","54.75","54.80","54.96","54.62","3.52M","0.29%"
"12/06/2022","54.59","54.90","55.06","54.35","4.42M","-0.31%"
"12/05/2022","54.76","55.21","55.47","54.58","5.89M","-2.09%"
"12/02/2022","55.93","55.37","56.13","55.36","10.40M","-0.44%"
"12/01/2022","56.18","56.25","56.35","55.78","4.40M","0.68%"
"11/30/2022","55.80","55.07","56.02","54.73","7.97M","1.11%"
"11/29/2022","55.19","55.20","55.52","55.16","2.40M","-0.61%"
"11/28/2022","55.53","55.77","55.99","55.47","2.78M","-0.77%"
"11/25/2022","55.96","55.83","56.04","55.79","1.95M","0.68%"
"11/23/2022","55.58","55.12","55.74","55.06","3.68M","1.15%"
"11/22/2022","54.95","54.48","54.95","54.44","2.73M","2.14%"
"11/21/2022","53.80","53.87","54.03","53.69","1.97M","-0.81%"
"11/18/2022","54.24","54.47","54.48","54.13","1.91M","-0.04%"
"11/17/2022","54.26","53.81","54.31","53.81","3.00M","-0.18%"
"11/16/2022","54.36","54.50","54.60","54.19","3.34M","-0.35%"
"11/15/2022","54.55","55.00","55.04","54.38","3.36M","0.66%"
"11/14/2022","54.19","54.15","54.52","54.03","3.74M","-1.37%"
"11/11/2022","54.94","54.53","55.00","54.31","6.37M","1.99%"
"11/10/2022","53.87","52.97","53.90","52.81","6.38M","5.59%"
"11/09/2022","51.02","51.33","51.68","50.94","3.87M","-1.70%"
"11/08/2022","51.90","51.69","52.19","51.62","4.42M","1.45%"
"11/07/2022","51.16","51.21","51.29","50.96","2.90M","0.57%"
"11/04/2022","50.87","50.48","50.95","50.28","4.60M","1.94%"
"11/03/2022","49.90","49.78","50.12","49.67","3.57M","-0.28%"
"11/02/2022","50.04","50.73","51.35","49.98","5.51M","-0.66%"
"11/01/2022","50.37","50.85","50.86","50.17","5.87M","0.76%"
"10/31/2022","49.99","49.87","50.05","49.80","4.45M","-0.58%"
"10/28/2022","50.28","49.68","50.28","49.68","3.76M","1.07%"
"10/27/2022","49.75","50.18","50.44","49.74","4.13M","-1.25%"
"10/26/2022","50.38","50.12","50.72","50.11","3.89M","0.58%"
"10/25/2022","50.09","49.50","50.15","49.50","3.84M","2.29%"
"10/24/2022","48.97","48.77","49.03","48.56","5.45M","-0.65%"
"10/21/2022","49.29","47.79","49.49","47.67","12.89M","1.75%"
"10/20/2022","48.44","48.65","49.06","48.35","3.78M","-0.08%"
"10/19/2022","48.48","48.57","48.78","48.26","3.55M","-0.62%"
"10/18/2022","48.78","49.28","49.28","48.56","4.61M","-0.35%"
"10/17/2022","48.95","48.82","49.09","48.78","3.17M","1.01%"
"10/14/2022","48.46","49.27","49.41","48.40","6.52M","-1.44%"
"10/13/2022","49.17","47.69","49.29","47.64","6.22M","0.88%"
"10/12/2022","48.74","48.78","48.97","48.69","3.88M","-0.73%"
"10/11/2022","49.10","49.30","49.67","49.01","3.24M","-1.03%"
"10/10/2022","49.61","49.70","49.74","49.32","3.60M","-0.40%"
"10/07/2022","49.81","50.27","50.33","49.65","4.12M","-1.01%"
"10/06/2022","50.32","50.63","50.78","50.31","4.41M","-0.91%"
"10/05/2022","50.78","50.61","51.02","50.39","4.11M","-1.05%"
"10/04/2022","51.32","50.67","51.35","50.60","5.52M","3.20%"
"10/03/2022","49.73","49.31","49.90","49.17","5.33M","1.80%"
"09/30/2022","48.85","48.86","49.31","48.71","6.32M","-0.83%"
"09/29/2022","49.26","49.30","49.41","48.86","4.60M","-0.97%"
"09/28/2022","49.74","48.96","49.86","48.88","6.35M","1.88%"
"09/27/2022","48.82","49.25","49.38","48.62","5.21M","-0.83%"
"09/26/2022","49.23","49.39","49.67","49.01","4.54M","-1.62%"
"09/23/2022","50.04","50.25","50.35","49.73","5.64M","-2.02%"
"09/22/2022","51.07","51.35","51.42","50.85","5.90M","0.79%"
"09/21/2022","50.67","51.07","51.54","50.57","5.30M","-1.15%"
"09/20/2022","51.26","51.32","51.42","51.06","4.30M","-1.04%"
"09/19/2022","51.80","51.22","51.88","51.22","3.88M","0.33%"
"09/16/2022","51.63","51.56","51.77","51.44","3.81M","-0.08%"
"09/15/2022","51.67","51.79","52.12","51.60","3.57M","-0.79%"
"09/14/2022","52.08","52.20","52.35","51.83","5.16M","1.44%"
"09/13/2022","51.34","52.13","52.32","51.31","10.92M","-3.30%"
"09/12/2022","53.09","53.12","53.40","53.06","6.67M","0.04%"
"09/09/2022","53.07","52.72","53.09","52.70","5.37M","1.88%"
"09/08/2022","52.09","51.63","52.12","51.55","4.33M","1.20%"
"09/07/2022","51.47","50.83","51.51","50.80","4.66M","-0.16%"
"09/06/2022","51.55","51.92","51.95","51.42","5.61M","-1.57%"
"09/02/2022","52.37","52.92","53.17","52.29","5.16M","-1.10%"
"09/01/2022","52.95","52.96","53.06","52.59","6.21M","-1.19%"
"08/31/2022","53.59","53.96","54.10","53.59","5.13M","-0.45%"
"08/30/2022","53.83","54.49","54.56","53.75","4.06M","-0.11%"
"08/29/2022","53.89","53.90","54.10","53.79","3.59M","-1.01%"
"08/26/2022","54.44","55.58","55.68","54.44","4.46M","-2.44%"
"08/25/2022","55.80","55.37","55.80","55.24","3.03M","1.14%"
"08/24/2022","55.17","55.06","55.37","54.99","2.01M","-0.04%"
"08/23/2022","55.19","54.98","55.76","54.94","3.63M","0.24%"
"08/22/2022","55.06","55.38","55.40","54.96","2.80M","-1.02%"
"08/19/2022","55.63","55.76","55.84","55.50","2.35M","-1.73%"
"08/18/2022","56.61","56.75","56.78","56.44","2.16M","-0.35%"
"08/17/2022","56.81","56.70","57.10","56.47","4.08M","-0.32%"
"08/16/2022","56.99","56.62","57.03","56.60","2.50M","-0.47%"
"08/15/2022","57.26","57.09","57.32","57.06","2.35M","0.40%"
"08/12/2022","57.03","56.75","57.03","56.60","3.66M","1.31%"
"08/11/2022","56.29","56.58","56.78","56.21","3.96M","-0.04%"
"08/10/2022","56.31","56.08","56.48","56.01","4.59M","2.87%"
"08/09/2022","54.74","54.96","55.01","54.67","3.48M","-0.99%"
"08/08/2022","55.29","55.68","55.92","55.26","4.98M","-0.04%"
"08/05/2022","55.31","55.17","55.42","55.00","3.09M","-0.61%"
"08/04/2022","55.65","55.44","55.74","55.39","2.51M","-0.04%"
"08/03/2022","55.67","55.60","55.81","55.26","2.55M","-0.22%"
"08/02/2022","55.79","56.39","56.51","55.78","4.89M","-1.90%"
"08/01/2022","56.87","56.68","57.06","56.57","5.00M","1.28%"
"07/29/2022","56.15","55.47","56.18","55.35","4.49M","0.93%"
"07/28/2022","55.63","55.43","55.72","55.06","3.92M","0.82%"
"07/27/2022","55.18","54.58","55.25","54.47","3.82M","2.02%"
"07/26/2022","54.09","54.44","54.53","54.07","3.19M","-1.10%"
"07/25/2022","54.69","54.68","54.76","54.50","2.55M","-0.02%"
"07/22/2022","54.70","55.00","55.24","54.49","4.48M","0.31%"
"07/21/2022","54.53","53.91","54.55","53.90","3.07M","1.26%"
"07/20/2022","53.85","53.91","54.08","53.70","3.04M","0.43%"
"07/19/2022","53.62","53.34","53.66","53.33","3.14M","1.44%"
"07/18/2022","52.86","53.16","53.33","52.80","3.24M","0.19%"
"07/15/2022","52.76","52.47","52.77","52.31","5.48M","1.05%"
"07/14/2022","52.21","51.80","52.28","51.56","4.25M","-0.99%"
"07/13/2022","52.73","52.26","52.87","52.19","2.90M","-0.53%"
"07/12/2022","53.01","52.84","53.29","52.84","3.08M","0.04%"
"07/11/2022","52.99","53.34","53.40","52.93","2.24M","-1.36%"
"07/08/2022","53.72","53.48","53.84","53.38","3.22M","0.51%"
"07/07/2022","53.45","53.13","53.49","53.13","4.02M","1.42%"
"07/06/2022","52.70","52.73","52.78","52.40","4.40M","-0.02%"
"07/05/2022","52.71","52.20","52.74","52.06","5.57M","-0.64%"
"07/01/2022","53.05","52.34","53.08","52.28","5.01M","0.42%"
"06/30/2022","52.83","52.31","52.88","52.10","6.96M","-0.15%"
"06/29/2022","52.91","53.02","53.10","52.75","3.68M","-0.45%"
"06/28/2022","53.15","53.92","54.06","53.11","4.70M","-0.15%"
"06/27/2022","53.23","53.40","53.49","53.17","4.54M","-0.88%"
"06/24/2022","53.70","53.02","53.74","53.02","5.46M","1.97%"
"06/23/2022","52.66","52.61","52.82","52.28","4.15M","0.61%"
"06/22/2022","52.34","52.12","52.69","52.11","4.04M","-0.49%"
"06/21/2022","52.60","52.43","52.75","52.43","4.36M","1.04%"
"06/17/2022","52.06","52.12","52.35","51.73","6.99M","-1.10%"
"06/16/2022","52.64","52.52","52.99","52.24","6.36M","-1.59%"
"06/15/2022","53.49","52.94","53.74","52.47","12.45M","1.12%"
"06/14/2022","52.90","53.30","53.47","52.50","5.85M","-0.68%"
"06/13/2022","53.26","53.86","54.03","53.13","6.84M","-2.79%"
"06/10/2022","54.79","55.29","55.36","54.71","12.99M","-1.81%"
"06/09/2022","55.80","56.50","56.65","55.78","3.80M","-1.67%"
"06/08/2022","56.75","56.88","57.12","56.69","3.01M","-1.30%"
"06/07/2022","57.50","56.83","57.51","56.83","2.30M","0.31%"
"06/06/2022","57.32","57.73","57.82","57.19","3.56M","0.54%"
"06/03/2022","57.01","57.23","57.31","56.94","3.14M","-2.08%"
"06/02/2022","58.22","57.76","58.23","57.49","3.08M","1.02%"
"06/01/2022","57.63","58.36","58.42","57.46","4.96M","0.05%"
"05/31/2022","57.60","57.81","57.95","57.50","4.69M","-1.27%"
"05/27/2022","58.34","58.08","58.38","58.04","2.55M","0.60%"
"05/26/2022","57.99","57.55","58.14","57.55","3.05M","0.78%"
"05/25/2022","57.54","57.10","57.70","57.10","2.92M","0.21%"
"05/24/2022","57.42","57.38","57.56","57.17","5.66M","-0.38%"
"05/23/2022","57.64","57.41","57.81","57.39","7.23M","0.96%"
"05/20/2022","57.09","57.25","57.27","56.47","9.98M","1.28%"
"05/19/2022","56.37","56.10","56.67","56.10","7.81M","0.86%"
"05/18/2022","55.89","56.49","56.60","55.77","5.41M","-0.96%"
"05/17/2022","56.43","56.24","56.47","56.11","4.67M","0.73%"
"05/16/2022","56.02","56.00","56.24","55.84","3.94M","-0.53%"
"05/13/2022","56.32","55.96","56.35","55.92","5.38M","2.07%"
"05/12/2022","55.18","55.09","55.53","54.80","8.56M","1.12%"
"05/11/2022","54.57","54.90","55.53","54.54","9.71M","-1.09%"
"05/10/2022","55.17","55.68","55.77","54.87","7.34M","0.15%"
"05/09/2022","55.09","55.60","55.68","54.99","9.13M","-2.82%"
"05/06/2022","56.69","56.63","56.95","56.30","12.74M","0.39%"
"05/05/2022","56.47","57.41","57.46","56.11","13.21M","-2.74%"
"05/04/2022","58.06","57.05","58.19","56.42","8.78M","1.77%"
"05/03/2022","57.05","56.82","57.23","56.65","7.57M","0.80%"
"05/02/2022","56.60","56.45","56.67","56.03","9.72M","-0.04%"
"04/29/2022","56.62","57.50","57.94","56.53","11.95M","-1.19%"
"04/28/2022","57.30","56.85","57.42","56.40","9.54M","1.83%"
"04/27/2022","56.27","56.41","56.76","56.22","12.00M","0.39%"
"04/26/2022","56.05","56.92","56.94","56.03","10.17M","-2.11%"
"04/25/2022","57.26","56.88","57.29","56.63","9.45M","0.62%"
"04/22/2022","56.91","57.70","57.79","56.85","8.18M","-1.49%"
"04/21/2022","57.77","58.73","58.88","57.73","10.17M","-0.82%"
"04/20/2022","58.25","58.35","58.44","58.05","6.03M","0.94%"
"04/19/2022","57.71","57.15","57.75","57.12","5.59M","0.02%"
"04/18/2022","57.70","57.79","58.03","57.54","6.21M","-1.20%"
"04/14/2022","58.40","58.92","59.08","58.37","6.08M","-0.27%"
"04/13/2022","58.56","58.08","58.63","58.05","5.27M","1.44%"
"04/12/2022","57.73","58.26","58.33","57.62","5.75M","-1.32%"
"04/11/2022","58.50","58.71","58.85","58.39","5.84M","-1.56%"
"04/08/2022","59.43","59.30","59.67","59.26","4.85M","-0.42%"
"04/07/2022","59.68","59.49","59.96","59.32","5.54M","-0.35%"
"04/06/2022","59.89","59.95","60.16","59.60","6.24M","-1.50%"
"04/05/2022","60.80","61.47","61.53","60.67","5.36M","-2.61%"
"04/04/2022","62.43","62.00","62.49","61.94","5.17M","0.81%"
"04/01/2022","61.93","61.67","61.97","61.54","5.81M","0.52%"
"03/31/2022","61.61","62.14","62.38","61.55","5.96M","-1.20%"
"03/30/2022","62.36","62.54","62.85","62.08","9.56M","-1.05%"
"03/29/2022","63.02","62.98","63.23","62.58","4.71M","1.97%"
"03/28/2022","61.80","61.63","61.82","61.54","4.67M","-1.50%"
"03/25/2022","62.74","62.56","62.83","62.37","3.38M","-0.02%"
"03/24/2022","62.75","62.50","62.79","62.40","3.23M","1.10%"
"03/23/2022","62.07","62.42","62.59","62.02","5.48M","-0.59%"
"03/22/2022","62.44","62.16","62.57","62.14","7.41M","0.31%"
"03/21/2022","62.25","62.37","62.60","62.03","5.91M","-0.03%"
"03/18/2022","62.27","61.59","62.35","61.52","8.71M","1.28%"
"03/17/2022","61.48","61.04","61.51","60.93","7.81M","0.94%"
"03/16/2022","60.91","60.46","60.99","59.75","11.19M","2.23%"
"03/15/2022","59.58","58.93","59.73","58.84","11.39M","1.64%"
"03/14/2022","58.62","58.91","59.19","58.47","4.84M","0.14%"
"03/11/2022","58.54","59.60","59.65","58.47","5.75M","-1.61%"
"03/10/2022","59.50","59.64","59.88","59.26","15.92M","-0.42%"
"03/09/2022","59.75","59.42","59.84","59.11","7.41M","2.70%"
"03/08/2022","58.18","58.43","59.04","57.93","14.05M","-1.44%"
"03/07/2022","59.03","60.04","60.06","58.91","9.73M","-3.51%"
"03/04/2022","61.18","60.94","61.33","60.85","7.23M","-1.29%"
"03/03/2022","61.98","62.30","62.34","61.66","6.01M","-0.50%"
"03/02/2022","62.29","62.01","62.35","61.89","5.57M","0.34%"
"03/01/2022","62.08","62.84","62.97","61.86","8.87M","-1.37%"
"02/28/2022","62.94","62.89","63.40","62.75","7.84M","-0.96%"
"02/25/2022","63.55","62.75","63.57","62.64","11.62M","2.32%"
"02/24/2022","62.11","61.19","62.13","60.83","16.19M","-0.58%"
"02/23/2022","62.47","63.40","63.45","62.36","10.86M","-1.03%"
"02/22/2022","63.12","63.24","63.61","62.91","9.46M","-0.80%"
"02/18/2022","63.63","63.78","63.90","63.42","6.16M","-0.16%"
"02/17/2022","63.73","64.19","64.25","63.66","5.79M","-1.47%"
"02/16/2022","64.68","64.28","64.82","64.27","4.67M","0.02%"
"02/15/2022","64.67","64.29","64.74","64.29","4.08M","1.11%"
"02/14/2022","63.96","64.04","64.14","63.65","7.32M","0.00%"
"02/11/2022","63.96","64.51","64.72","63.86","11.58M","-0.81%"
"02/10/2022","64.48","64.39","65.26","64.38","4.96M","-1.59%"
"02/09/2022","65.52","65.30","65.53","65.20","3.59M","1.38%"
"02/08/2022","64.63","64.30","64.70","64.21","4.64M","0.58%"
"02/07/2022","64.26","64.37","64.64","64.22","4.66M","0.06%"
"02/04/2022","64.22","63.86","64.47","63.77","4.83M","0.78%"
"02/03/2022","63.72","64.23","64.47","63.66","5.59M","-2.09%"
"02/02/2022","65.08","65.18","65.27","64.79","3.62M","1.53%"
"02/01/2022","64.10","63.97","64.10","63.46","6.75M","0.03%"
"01/31/2022","64.08","63.04","64.08","63.03","6.91M","2.12%"
"01/28/2022","62.75","62.12","62.76","61.78","6.51M","0.38%"
"01/27/2022","62.51","62.75","63.12","62.27","7.61M","-1.42%"
"01/26/2022","63.41","64.59","64.59","63.22","8.98M","-1.38%"
"01/25/2022","64.30","64.06","64.78","63.59","8.36M","-0.36%"
"01/24/2022","64.53","64.48","64.58","63.35","14.28M","-0.43%"
"01/21/2022","64.81","65.50","65.57","64.78","9.96M","-0.38%"
"01/20/2022","65.06","65.55","66.03","65.02","6.90M","-0.44%"
"01/19/2022","65.35","65.72","65.86","65.28","14.39M","-1.24%"
"01/18/2022","66.17","66.30","66.50","66.01","8.04M","-1.58%"
"01/14/2022","67.23","67.07","67.30","66.90","5.36M","-0.12%"
"01/13/2022","67.31","67.99","68.02","67.18","7.07M","-1.00%"
"01/12/2022","67.99","67.76","68.04","67.66","5.40M","1.43%"
"01/11/2022","67.03","66.49","67.14","66.29","5.91M","0.78%"
"01/10/2022","66.51","66.46","66.62","65.96","7.53M","-0.24%"
"01/07/2022","66.67","66.52","66.80","66.13","4.81M","-0.64%"
"01/06/2022","67.10","67.12","67.33","66.93","7.47M","-0.74%"
"01/05/2022","67.60","68.37","68.48","67.58","8.08M","-0.46%"
"01/04/2022","67.91","67.75","67.99","67.73","5.79M","1.31%"
"01/03/2022","67.03","67.17","67.18","66.82","6.39M","0.10%"
"12/31/2021","66.96","66.82","67.24","66.82","5.03M","0.07%"
"12/30/2021","66.91","67.10","67.18","66.82","3.36M","-0.28%"
"12/29/2021","67.10","67.13","67.15","66.93","3.55M","-0.47%"
"12/28/2021","67.42","67.34","67.63","67.33","2.73M","0.12%"
"12/27/2021","67.34","67.08","67.38","67.03","3.29M","-0.09%"
"12/23/2021","67.40","67.14","67.59","67.10","2.96M","0.39%"
"12/22/2021","67.14","66.63","67.16","66.54","3.04M","0.16%"
"12/21/2021","67.03","66.80","67.09","66.73","4.02M","0.59%"
"12/20/2021","66.64","66.39","66.72","66.27","5.45M","-0.85%"
"12/17/2021","67.21","67.46","67.61","67.18","7.34M","-1.22%"
"12/16/2021","68.04","68.29","68.36","67.94","6.48M","0.12%"
"12/15/2021","67.96","67.32","68.02","67.16","9.24M","1.72%"
"12/14/2021","66.81","66.72","66.90","66.49","6.90M","-0.12%"
"12/13/2021","66.89","67.10","67.15","66.77","6.24M","-2.25%"
"12/10/2021","68.43","68.35","68.47","68.21","4.87M","0.15%"
"12/09/2021","68.33","68.35","68.56","68.20","4.76M","-0.81%"
"12/08/2021","68.89","68.76","68.98","68.63","6.39M","-0.12%"
"12/07/2021","68.97","68.48","69.01","68.44","8.16M","2.33%"
"12/06/2021","67.40","67.16","67.50","67.04","6.80M","0.06%"
"12/03/2021","67.36","67.44","67.60","66.85","10.89M","0.58%"
"12/02/2021","66.97","66.34","67.16","66.34","12.29M","1.50%"
"12/01/2021","65.98","67.47","67.62","65.93","14.93M","-0.53%"
"11/30/2021","66.33","66.38","66.66","65.40","13.30M","-1.22%"
"11/29/2021","67.15","67.33","67.56","66.91","9.64M","0.28%"
"11/26/2021","66.96","67.60","67.66","66.71","8.59M","-2.65%"
"11/24/2021","68.78","68.45","68.78","68.33","7.21M","-1.22%"
"11/23/2021","69.63","69.44","69.68","69.24","6.84M","0.12%"
"11/22/2021","69.55","69.86","70.08","69.51","8.23M","-0.51%"
"11/19/2021","69.91","69.85","70.08","69.78","5.84M","0.20%"
"11/18/2021","69.77","69.60","69.77","69.31","6.79M","0.26%"
"11/17/2021","69.59","69.38","69.60","69.29","4.43M","-0.41%"
"11/16/2021","69.88","69.92","69.99","69.84","7.35M","-0.20%"
"11/15/2021","70.02","70.11","70.16","69.95","5.41M","-0.09%"
"11/12/2021","70.08","69.75","70.10","69.67","13.47M","1.45%"
"11/11/2021","69.08","69.25","69.29","69.03","4.19M","0.58%"
"11/10/2021","68.68","69.25","69.44","68.58","5.74M","-1.56%"
"11/09/2021","69.77","69.88","69.92","69.52","7.97M","-0.63%"
"11/08/2021","70.21","70.06","70.21","70.03","5.53M","-0.21%"
"11/05/2021","70.36","70.24","70.40","70.07","5.76M","0.13%"
"11/04/2021","70.27","70.04","70.28","69.93","7.48M","0.72%"
"11/03/2021","69.77","69.31","69.92","69.11","6.09M","0.61%"
"11/02/2021","69.35","69.26","69.51","69.25","6.42M","-0.12%"
"11/01/2021","69.43","69.38","69.47","69.15","8.69M","1.51%"
"10/29/2021","68.40","68.04","68.46","68.00","6.48M","-0.15%"
"10/28/2021","68.50","68.32","68.62","68.29","8.33M","0.79%"
"10/27/2021","67.96","68.31","68.54","67.92","8.08M","-0.73%"
"10/26/2021","68.46","68.90","68.91","68.40","7.14M","0.01%"
"10/25/2021","68.45","68.23","68.66","68.11","7.42M","0.04%"
"10/22/2021","68.42","68.44","68.71","68.28","8.93M","0.83%"
"10/21/2021","67.86","67.88","68.25","67.76","11.93M","-1.74%"
"10/20/2021","69.06","68.95","69.20","68.93","5.02M","-0.10%"
"10/19/2021","69.13","69.05","69.32","68.98","5.06M","0.63%"
"10/18/2021","68.70","68.43","68.83","68.33","5.06M","-0.49%"
"10/15/2021","69.04","69.04","69.21","68.91","8.43M","1.05%"
"10/14/2021","68.32","68.41","68.44","68.19","5.46M","0.95%"
"10/13/2021","67.68","67.63","67.75","67.31","4.32M","-0.06%"
"10/12/2021","67.72","67.85","68.02","67.66","4.38M","-0.65%"
"10/11/2021","68.16","68.83","68.97","68.16","4.00M","0.44%"
"10/08/2021","67.86","68.15","68.20","67.75","8.76M","-0.45%"
"10/07/2021","68.17","67.99","68.53","67.98","11.40M","0.58%"
"10/06/2021","67.78","66.95","67.83","66.61","13.99M","-0.86%"
"10/05/2021","68.37","68.08","68.64","68.01","10.92M","0.56%"
"10/04/2021","67.99","68.78","68.89","67.54","13.54M","-2.77%"
"10/01/2021","69.93","69.77","70.11","69.20","13.46M","-0.46%"
"09/30/2021","70.25","70.56","70.66","70.11","13.47M","-1.04%"
"09/29/2021","70.99","71.14","71.30","70.88","6.64M","-0.06%"
"09/28/2021","71.03","71.56","71.63","70.90","14.17M","-2.16%"
"09/27/2021","72.60","72.45","72.68","72.39","6.29M","-0.08%"
"09/24/2021","72.66","72.52","72.77","72.51","4.93M","-0.34%"
"09/23/2021","72.91","72.67","73.03","72.67","5.48M","0.58%"
"09/22/2021","72.49","72.38","72.86","72.31","7.81M","-0.73%"
"09/21/2021","73.02","73.27","73.30","72.90","8.96M","0.90%"
"09/20/2021","72.37","72.22","72.51","71.88","12.32M","-1.44%"
"09/17/2021","73.43","73.46","73.56","73.15","8.42M","-0.70%"
"09/16/2021","73.95","73.58","74.00","73.51","7.03M","-0.23%"
"09/15/2021","74.12","73.64","74.12","73.57","5.57M","0.98%"
"09/14/2021","73.40","73.85","73.85","73.36","7.14M","-0.56%"
"09/13/2021","73.81","73.76","73.84","73.48","6.51M","1.37%"
"09/10/2021","72.81","73.59","73.65","72.75","8.44M","-0.11%"
"09/09/2021","72.89","72.68","73.04","72.61","8.01M","0.89%"
"09/08/2021","72.25","72.74","72.79","72.22","4.43M","-0.43%"
"09/07/2021","72.56","71.99","72.68","71.89","9.02M","1.04%"
"09/03/2021","71.81","71.04","71.92","71.04","14.32M","2.84%"
"09/02/2021","69.83","69.82","70.06","69.68","9.16M","0.46%"
"09/01/2021","69.51","69.36","69.70","69.32","8.81M","1.62%"
"08/31/2021","68.40","68.60","68.68","68.39","5.03M","0.53%"
"08/30/2021","68.04","68.11","68.12","67.96","4.22M","-0.13%"
"08/27/2021","68.13","67.52","68.14","67.48","4.06M","0.69%"
"08/26/2021","67.66","67.82","67.85","67.56","3.70M","-0.51%"
"08/25/2021","68.01","67.83","68.06","67.77","4.45M","-0.19%"
"08/24/2021","68.14","67.98","68.33","67.94","6.02M","0.89%"
"08/23/2021","67.54","67.40","67.67","67.34","4.03M","1.32%"
"08/20/2021","66.66","66.24","66.71","66.16","4.95M","0.08%"
"08/19/2021","66.61","66.40","66.76","66.37","6.04M","-0.95%"
"08/18/2021","67.25","67.49","67.67","67.23","3.62M","-0.52%"
"08/17/2021","67.60","67.34","67.63","67.27","4.01M","-0.84%"
"08/16/2021","68.17","67.90","68.17","67.72","3.19M","-0.68%"
"08/13/2021","68.64","68.51","68.67","68.44","2.95M","0.31%"
"08/12/2021","68.43","68.26","68.43","68.03","3.58M","-0.33%"
"08/11/2021","68.66","68.62","68.69","68.44","3.69M","1.24%"
"08/10/2021","67.82","67.59","67.82","67.58","2.30M","0.06%"
"08/09/2021","67.78","67.82","67.88","67.57","3.59M","-0.06%"
"08/08/2021","67.82","67.82","67.82","67.82","","0.00%"
"08/07/2021","67.82","67.82","67.82","67.82","","0.00%"
"08/06/2021","67.82","67.84","67.91","67.68","2.70M","-0.21%"
"08/05/2021","67.96","67.94","68.03","67.86","2.61M","0.59%"
"08/04/2021","67.56","67.81","67.90","67.49","3.16M","-1.03%"
"08/03/2021","68.26","67.98","68.26","67.66","3.74M","0.74%"
"08/02/2021","67.76","68.08","68.23","67.64","5.07M","0.97%"
"07/30/2021","67.11","67.17","67.44","67.03","4.99M","-1.09%"
"07/29/2021","67.85","67.89","68.03","67.80","4.42M","0.34%"
"07/28/2021","67.62","67.45","67.78","67.30","4.85M","0.54%"
"07/27/2021","67.26","67.32","67.41","66.85","5.22M","-0.55%"
"07/26/2021","67.63","67.27","67.63","67.27","4.73M","-0.35%"
"07/23/2021","67.87","67.78","67.92","67.60","4.88M","0.56%"
"07/22/2021","67.49","67.66","67.69","67.39","3.91M","-0.06%"
"07/21/2021","67.53","66.96","67.58","66.92","3.79M","0.72%"
"07/20/2021","67.05","66.53","67.20","66.44","7.00M","1.19%"
"07/19/2021","66.26","66.68","66.81","65.80","10.65M","-1.43%"
"07/16/2021","67.22","67.68","67.71","67.10","4.81M","-1.02%"
"07/15/2021","67.91","67.88","68.06","67.73","4.06M","-1.22%"
"07/14/2021","68.75","68.80","68.93","68.63","3.23M","0.50%"
"07/13/2021","68.41","68.62","68.70","68.19","3.74M","-0.32%"
"07/12/2021","68.63","68.32","68.63","68.28","5.93M","0.29%"
"07/09/2021","68.43","68.00","68.44","67.95","6.54M","2.69%"
"07/08/2021","66.64","66.48","66.86","66.38","6.31M","-1.55%"
"07/07/2021","67.69","67.67","67.82","67.41","5.45M","0.04%"
"07/06/2021","67.66","67.91","67.97","67.32","4.46M","-0.37%"
"07/05/2021","67.91","67.91","67.91","67.91","","0.00%"
"07/04/2021","67.91","67.91","67.91","67.91","","0.00%"
"07/03/2021","67.91","67.91","67.91","67.91","","0.00%"
"07/02/2021","67.91","67.78","67.92","67.60","5.25M","0.62%"
"07/01/2021","67.49","67.27","67.52","67.16","5.09M","-0.07%"
"06/30/2021","67.54","67.51","67.68","67.24","5.07M","-0.95%"
"06/29/2021","68.19","68.36","68.39","68.10","4.27M","0.07%"
"06/28/2021","68.14","68.19","68.26","68.05","5.01M","-0.41%"
"06/25/2021","68.42","68.45","68.45","68.22","3.53M","0.46%"
"06/24/2021","68.11","67.92","68.14","67.88","3.34M","0.87%"
"06/23/2021","67.52","67.55","67.68","67.36","4.90M","-0.76%"
"06/22/2021","68.04","68.02","68.23","67.83","5.62M","0.12%"
"06/21/2021","67.96","67.32","68.02","67.19","5.46M","1.06%"
"06/18/2021","67.25","67.40","67.52","67.18","6.72M","-2.28%"
"06/17/2021","68.82","68.77","68.91","68.55","5.89M","-0.38%"
"06/16/2021","69.08","69.26","69.36","68.74","5.74M","-0.16%"
"06/15/2021","69.19","69.12","69.21","68.97","5.18M","0.48%"
"06/14/2021","68.86","68.77","68.87","68.60","2.96M","-0.03%"
"06/11/2021","68.88","68.79","68.91","68.64","3.55M","0.15%"
"06/10/2021","68.78","68.81","68.97","68.67","9.69M","-0.30%"
"06/09/2021","68.99","69.28","69.31","68.95","4.59M","-0.71%"
"06/08/2021","69.48","69.70","69.79","69.42","6.59M","-0.49%"
"06/07/2021","69.82","69.77","69.82","69.49","5.77M","0.39%"
"06/04/2021","69.55","69.40","69.72","69.30","7.33M","1.09%"
"06/03/2021","68.80","68.77","68.94","68.56","4.86M","0.03%"
"06/02/2021","68.78","68.76","68.94","68.68","5.75M","0.92%"
"06/01/2021","68.15","68.56","68.61","68.11","5.51M","-0.63%"
"05/28/2021","68.58","68.70","68.87","68.55","4.78M","0.45%"
"05/27/2021","68.27","68.28","68.42","68.07","5.49M","0.07%"
"05/26/2021","68.22","68.20","68.34","68.14","3.11M","0.22%"
"05/25/2021","68.07","68.30","68.33","67.89","3.39M","-0.23%"
"05/24/2021","68.23","68.11","68.31","68.04","4.04M","0.44%"
"05/21/2021","67.93","67.94","68.07","67.57","7.09M","0.55%"
"05/20/2021","67.56","67.28","67.78","67.24","6.27M","0.91%"
"05/19/2021","66.95","66.76","67.22","66.60","7.09M","-0.51%"
"05/18/2021","67.29","67.58","67.72","67.24","6.20M","1.26%"
"05/17/2021","66.45","66.42","66.53","66.22","4.99M","-0.84%"
"05/14/2021","67.01","66.69","67.03","66.65","6.79M","1.58%"
"05/13/2021","65.97","65.38","66.08","65.38","9.47M","0.83%"
"05/12/2021","65.43","66.51","66.74","65.23","13.94M","-3.42%"
"05/11/2021","67.75","67.32","67.86","67.13","9.96M","-1.70%"
"05/10/2021","68.92","69.53","69.58","68.88","8.29M","-0.20%"
"05/07/2021","69.06","68.67","69.13","68.55","7.40M","0.49%"
"05/06/2021","68.72","68.17","68.73","68.07","12.27M","0.81%"
"05/05/2021","68.17","67.87","68.40","67.81","10.41M","1.20%"
"05/04/2021","67.36","67.66","67.82","67.01","8.01M","-1.26%"
"05/03/2021","68.22","67.91","68.25","67.79","5.43M","1.19%"
"04/30/2021","67.42","67.69","67.80","67.19","6.55M","-0.91%"
"04/29/2021","68.04","68.13","68.20","67.64","5.64M","0.09%"
"04/28/2021","67.98","67.95","68.19","67.84","4.59M","-0.03%"
"04/27/2021","68.00","67.99","68.14","67.88","3.85M","-1.22%"
"04/26/2021","68.84","68.93","69.04","68.69","6.01M","-0.38%"
"04/23/2021","69.10","68.73","69.31","68.69","10.45M","0.89%"
"04/22/2021","68.49","68.93","68.98","68.36","7.02M","0.18%"
"04/21/2021","68.37","67.60","68.41","67.57","7.03M","0.86%"
"04/20/2021","67.79","68.05","68.15","67.55","9.04M","-2.16%"
"04/19/2021","69.29","69.76","69.81","69.05","11.06M","-0.96%"
"04/16/2021","69.96","69.93","69.96","69.79","3.18M","0.11%"
"04/15/2021","69.88","69.87","69.96","69.78","6.31M","0.47%"
"04/14/2021","69.55","69.42","69.80","69.37","5.63M","-0.19%"
"04/13/2021","69.68","69.32","69.72","69.25","2.92M","0.64%"
"04/12/2021","69.24","69.34","69.42","69.08","2.85M","-0.62%"
"04/09/2021","69.67","69.31","69.67","69.31","4.96M","0.69%"
"04/08/2021","69.19","69.22","69.23","69.06","3.92M","0.10%"
"04/07/2021","69.12","68.82","69.13","68.82","4.64M","0.29%"
"04/06/2021","68.92","68.87","69.05","68.71","4.68M","-1.51%"
"04/05/2021","69.98","69.50","70.02","69.47","5.17M","1.21%"
"04/01/2021","69.14","68.68","69.24","68.62","5.16M","0.90%"
"03/31/2021","68.52","68.33","68.95","68.32","7.25M","-0.95%"
"03/30/2021","69.18","69.04","69.39","68.92","5.63M","-0.73%"
"03/29/2021","69.69","69.61","69.82","69.32","9.16M","-0.60%"
"03/26/2021","70.11","69.40","70.12","69.36","4.41M","1.33%"
"03/25/2021","69.19","68.51","69.28","68.38","8.22M","1.14%"
"03/24/2021","68.41","68.33","68.83","68.23","9.42M","-1.10%"
"03/23/2021","69.17","69.45","69.59","69.01","6.46M","-1.50%"
"03/22/2021","70.22","70.00","70.48","69.95","4.94M","-0.66%"
"03/19/2021","70.69","70.64","70.74","69.81","8.82M","0.73%"
"03/18/2021","70.18","70.22","70.80","70.16","9.52M","0.27%"
"03/17/2021","69.99","69.42","70.08","69.37","5.23M","0.65%"
"03/16/2021","69.54","69.63","69.75","69.47","5.25M","0.33%"
"03/15/2021","69.31","68.99","69.32","68.81","6.45M","0.54%"
"03/12/2021","68.94","68.52","68.94","68.51","6.19M","1.32%"
"03/11/2021","68.04","68.15","68.35","67.92","4.11M","-0.50%"
"03/10/2021","68.38","68.29","68.50","68.05","6.12M","0.35%"
"03/09/2021","68.14","67.88","68.35","67.72","6.70M","1.10%"
"03/08/2021","67.40","67.54","67.88","67.33","7.41M","-1.12%"
"03/05/2021","68.16","68.04","68.22","67.11","6.84M","0.81%"
"03/04/2021","67.61","68.01","68.34","67.21","11.76M","-0.95%"
"03/03/2021","68.26","68.58","68.75","68.25","10.59M","-0.60%"
"03/02/2021","68.67","68.80","68.98","68.55","9.53M","-0.98%"
"03/01/2021","69.35","68.83","69.40","68.83","6.60M","1.66%"
"02/26/2021","68.22","68.70","68.72","68.00","19.00M","-1.43%"
"02/25/2021","69.21","70.36","70.49","69.00","10.94M","-1.72%"
"02/24/2021","70.42","69.87","70.56","69.73","7.04M","-0.83%"
"02/23/2021","71.01","70.89","71.22","70.35","6.82M","-0.22%"
"02/22/2021","71.17","70.97","71.55","70.95","6.06M","-0.24%"
"02/19/2021","71.34","71.18","71.47","71.11","4.49M","0.62%"
"02/18/2021","70.90","70.65","70.95","70.43","5.79M","-1.20%"
"02/17/2021","71.76","71.61","71.90","71.39","7.59M","-0.14%"
"02/16/2021","71.86","72.04","72.28","71.81","5.28M","0.43%"
"02/12/2021","71.55","71.08","71.56","71.08","3.88M","0.62%"
"02/11/2021","71.11","71.02","71.14","70.78","4.26M","0.52%"
"02/10/2021","70.74","71.03","71.10","70.44","5.20M","-0.18%"
"02/09/2021","70.87","70.72","71.00","70.64","4.04M","0.54%"
"02/08/2021","70.49","70.53","70.59","70.35","6.38M","1.79%"
"02/05/2021","69.25","69.24","69.32","69.02","4.11M","0.79%"
"02/04/2021","68.71","68.32","68.72","68.30","4.41M","0.12%"
"02/03/2021","68.63","68.55","68.73","68.45","9.55M","0.59%"
"02/02/2021","68.23","67.91","68.30","67.76","7.27M","0.80%"
"02/01/2021","67.69","67.56","67.75","67.28","5.68M","1.04%"
"01/29/2021","66.99","67.44","67.67","66.62","9.21M","-2.12%"
"01/28/2021","68.44","67.86","68.77","67.82","5.43M","0.65%"
"01/27/2021","68.00","68.67","68.68","67.88","10.79M","-2.19%"
"01/26/2021","69.52","69.34","69.60","69.31","4.73M","0.01%"
"01/25/2021","69.51","68.93","69.53","68.55","6.88M","0.39%"
"01/22/2021","69.24","68.88","69.34","68.83","4.85M","0.06%"
"01/21/2021","69.20","69.26","69.30","68.73","4.82M","-0.39%"
"01/20/2021","69.47","69.01","69.52","68.91","4.89M","0.51%"
"01/19/2021","69.12","69.03","69.17","68.76","6.17M","0.58%"
"01/15/2021","68.72","68.84","68.97","68.31","6.33M","-1.72%"
"01/14/2021","69.92","69.71","70.13","69.68","5.83M","1.04%"
"01/13/2021","69.20","69.07","69.35","69.01","5.87M","0.29%"
"01/12/2021","69.00","68.57","69.04","68.49","5.90M","0.52%"
"01/11/2021","68.64","68.41","68.94","68.33","5.60M","-0.94%"
"01/08/2021","69.29","69.14","69.33","68.55","9.56M","1.84%"
"01/07/2021","68.04","67.87","68.18","67.81","8.37M","-0.21%"
"01/06/2021","68.18","67.31","68.39","67.28","7.86M","1.19%"
"01/05/2021","67.38","67.00","67.57","67.00","5.76M","0.93%"
"01/04/2021","66.76","67.62","67.63","66.64","9.21M","-1.18%"
"12/31/2020","67.56","67.63","67.69","67.36","8.52M","0.31%"
"12/30/2020","67.35","67.58","67.81","67.33","4.78M","0.04%"
"12/29/2020","67.32","67.55","67.64","67.27","8.07M","1.25%"
"12/28/2020","66.49","66.46","66.56","66.39","4.00M","1.02%"
"12/24/2020","65.82","65.84","65.90","65.80","2.40M","-0.36%"
"12/23/2020","66.06","65.92","66.21","65.92","4.95M","0.36%"
"12/22/2020","65.82","65.70","65.89","65.47","11.22M","-0.05%"
"12/21/2020","65.85","65.26","65.94","65.22","9.13M","-1.08%"
"12/18/2020","66.57","66.85","66.85","66.44","4.89M","-0.28%"
"12/17/2020","66.76","66.81","66.88","66.66","7.06M","0.59%"
"12/16/2020","66.37","66.24","66.39","66.04","5.78M","-0.02%"
"12/15/2020","66.38","66.07","66.39","66.00","5.14M","0.71%"
"12/14/2020","65.91","66.31","66.36","65.84","4.31M","-0.06%"
"12/11/2020","65.95","65.78","65.98","65.70","5.32M","0.21%"
"12/10/2020","65.81","65.38","65.91","65.34","5.23M","0.17%"
"12/09/2020","65.70","65.88","65.88","65.20","6.70M","0.71%"
"12/08/2020","65.24","65.00","65.31","64.92","4.20M","0.23%"
"12/07/2020","65.09","65.20","65.39","64.88","6.85M","-1.47%"
"12/04/2020","66.06","65.85","66.06","65.81","7.60M","0.46%"
"12/03/2020","65.76","65.84","66.04","65.68","4.48M","0.24%"
"12/02/2020","65.60","65.46","65.75","65.37","6.77M","-0.17%"
"12/01/2020","65.71","65.57","65.92","65.51","14.04M","2.05%"
"11/30/2020","64.39","65.31","65.39","64.36","13.25M","-2.78%"
"11/27/2020","66.23","66.12","66.36","66.05","5.99M","1.44%"
"11/25/2020","65.29","65.00","65.48","64.79","7.45M","-0.71%"
"11/24/2020","65.76","65.61","65.87","65.43","7.21M","1.51%"
"11/23/2020","64.78","65.22","65.33","64.71","5.97M","0.06%"
"11/20/2020","64.74","64.38","64.81","64.30","8.65M","1.12%"
"11/19/2020","64.02","63.69","64.05","63.59","6.89M","0.66%"
"11/18/2020","63.60","63.90","64.20","63.59","5.30M","-0.67%"
"11/17/2020","64.03","63.89","64.27","63.84","11.82M","-0.39%"
"11/16/2020","64.28","64.21","64.29","63.87","7.39M","1.42%"
"11/13/2020","63.38","62.63","63.51","62.53","7.64M","1.42%"
"11/12/2020","62.49","62.67","62.97","62.40","9.94M","-1.54%"
"11/11/2020","63.47","63.43","63.62","63.24","8.89M","0.60%"
"11/10/2020","63.09","62.91","63.57","62.74","8.04M","-0.38%"
"11/09/2020","63.33","64.37","64.45","63.28","14.53M","2.94%"
"11/06/2020","61.52","61.61","61.77","61.37","5.31M","0.08%"
"11/05/2020","61.47","61.33","61.52","61.06","11.35M","2.47%"
"11/04/2020","59.99","59.68","60.45","59.56","8.59M","-0.17%"
"11/03/2020","60.09","59.72","60.30","59.69","7.27M","2.11%"
"11/02/2020","58.85","58.89","58.94","58.65","5.84M","1.05%"
"10/30/2020","58.24","58.09","58.25","57.90","6.01M","-0.58%"
"10/29/2020","58.58","58.71","58.81","58.47","6.83M","0.76%"
"10/28/2020","58.14","58.57","58.66","58.14","6.89M","-1.36%"
"10/27/2020","58.94","59.01","59.03","58.87","3.67M","0.36%"
"10/26/2020","58.73","58.84","58.86","58.58","4.32M","-0.96%"
"10/23/2020","59.30","59.34","59.34","59.12","2.67M","0.05%"
"10/22/2020","59.27","59.24","59.33","58.99","2.98M","-0.29%"
"10/21/2020","59.44","59.41","59.62","59.38","4.58M","0.78%"
"10/20/2020","58.98","58.84","59.10","58.84","3.79M","0.02%"
"10/19/2020","58.97","59.24","59.30","58.89","4.47M","0.12%"
"10/16/2020","58.90","58.83","59.04","58.75","3.94M","-0.20%"
"10/15/2020","59.02","58.78","59.05","58.70","3.39M","-0.84%"
"10/14/2020","59.52","59.56","59.74","59.51","4.17M","0.15%"
"10/13/2020","59.43","59.43","59.52","59.30","3.06M","-0.32%"
"10/12/2020","59.62","59.50","59.75","59.39","3.36M","0.27%"
"10/09/2020","59.46","59.40","59.51","59.38","6.08M","-0.02%"
"10/08/2020","59.47","59.62","59.66","59.37","8.89M","0.03%"
"10/07/2020","59.45","59.39","59.45","59.30","8.11M","0.52%"
"10/06/2020","59.14","59.39","59.49","58.99","5.93M","-0.22%"
"10/05/2020","59.27","59.06","59.27","59.03","5.88M","0.82%"
"10/04/2020","58.79","58.79","58.79","58.79","","0.00%"
"10/03/2020","58.79","58.79","58.79","58.79","","0.00%"
"10/02/2020","58.79","58.35","58.83","58.31","6.34M","-0.49%"
"10/01/2020","59.08","58.94","59.12","58.86","5.66M","0.02%"
"09/30/2020","59.07","58.88","59.28","58.84","6.77M","-0.77%"
"09/29/2020","59.53","59.66","59.79","59.42","7.08M","-0.08%"
"09/28/2020","59.58","59.41","59.58","59.27","5.89M","1.40%"
"09/27/2020","58.76","58.76","58.76","58.76","","0.00%"
"09/26/2020","58.76","58.76","58.76","58.76","","0.00%"
"09/25/2020","58.76","58.30","58.76","58.16","3.88M","0.15%"
"09/24/2020","58.67","58.46","58.90","58.28","8.75M","-0.39%"
"09/23/2020","58.90","59.20","59.28","58.82","9.14M","0.58%"
"09/22/2020","58.56","58.27","58.58","57.99","5.22M","0.31%"
"09/21/2020","58.38","58.25","58.55","57.79","10.85M","-1.48%"
"09/18/2020","59.26","59.52","59.62","59.14","6.39M","-0.44%"
"09/17/2020","59.52","59.17","59.53","59.12","9.85M","0.12%"
"09/16/2020","59.45","59.39","59.65","59.34","9.67M","0.35%"
"09/15/2020","59.24","59.28","59.30","59.05","6.43M","0.46%"
"09/14/2020","58.97","59.09","59.21","58.94","5.03M","0.72%"
"09/13/2020","58.55","58.55","58.55","58.55","","0.00%"
"09/11/2020","58.55","58.54","58.67","58.42","9.34M","1.30%"
"09/10/2020","57.80","58.22","58.33","57.77","8.64M","0.05%"
"09/09/2020","57.77","57.75","57.89","57.59","7.14M","0.35%"
"09/08/2020","57.57","57.35","57.80","57.22","8.90M","-0.83%"
"09/04/2020","58.05","58.00","58.21","57.16","10.31M","0.55%"
"09/03/2020","57.73","58.44","58.45","57.55","8.10M","-1.75%"
"09/02/2020","58.76","58.52","58.79","58.35","6.63M","1.00%"
"09/01/2020","58.18","58.00","58.21","57.88","9.19M","0.28%"
"08/31/2020","58.02","58.04","58.23","57.84","7.88M","-0.14%"
"08/30/2020","58.10","58.10","58.10","58.10","","0.00%"
"08/28/2020","58.10","58.03","58.11","57.77","7.09M","0.54%"
"08/27/2020","57.79","58.22","58.25","57.59","5.60M","-0.93%"
"08/26/2020","58.33","58.19","58.42","58.15","4.69M","0.28%"
"08/25/2020","58.17","58.33","58.35","57.98","3.66M","-0.14%"
"08/24/2020","58.25","58.23","58.27","58.02","2.89M","1.11%"
"08/23/2020","57.61","57.61","57.61","57.61","","0.00%"
"08/22/2020","57.61","57.61","57.61","57.61","","0.00%"
"08/21/2020","57.61","57.43","57.65","57.34","4.04M","-0.28%"
"08/20/2020","57.77","57.56","57.86","57.52","3.28M","-0.36%"
"08/19/2020","57.98","58.38","58.43","57.96","3.96M","-0.53%"
"08/18/2020","58.29","58.24","58.39","58.03","4.94M","0.34%"
"08/17/2020","58.09","57.88","58.12","57.87","3.06M","0.41%"
"08/14/2020","57.85","57.69","57.94","57.69","3.01M","-0.02%"
"08/13/2020","57.86","57.90","58.02","57.72","4.34M","-0.12%"
"08/12/2020","57.93","57.89","58.15","57.80","6.36M","2.12%"
"08/11/2020","56.73","57.50","57.50","56.69","10.08M","0.82%"
"08/10/2020","56.27","56.08","56.29","55.95","4.97M","0.48%"
"08/09/2020","56.00","56.00","56.00","56.00","","0.00%"
"08/08/2020","56.00","56.00","56.00","56.00","","0.00%"
"08/07/2020","56.00","55.80","56.02","55.70","4.00M","0.04%"
"08/06/2020","55.98","55.85","56.05","55.76","3.79M","-0.07%"
"08/05/2020","56.02","56.33","56.41","55.96","4.20M","-0.07%"
"08/04/2020","56.06","55.60","56.06","55.56","3.44M","1.12%"
"08/03/2020","55.44","54.89","55.45","54.81","7.25M","2.04%"
"08/02/2020","54.33","54.33","54.33","54.33","","0.00%"
"07/31/2020","54.33","54.71","54.78","54.11","8.58M","-2.58%"
"07/30/2020","55.77","55.33","55.87","55.03","6.37M","-1.50%"
"07/29/2020","56.62","56.32","56.73","56.23","4.87M","0.05%"
"07/28/2020","56.59","56.63","56.79","56.58","2.67M","-0.61%"
"07/27/2020","56.94","56.88","57.12","56.86","3.24M","1.99%"
"07/26/2020","55.83","55.83","55.83","55.83","","0.00%"
"07/25/2020","55.83","55.83","55.83","55.83","","0.00%"
"07/24/2020","55.83","55.78","56.04","55.70","4.17M","-0.11%"
"07/23/2020","55.89","56.06","56.26","55.73","3.64M","-0.34%"
"07/22/2020","56.08","55.98","56.16","55.94","4.10M","-0.27%"
"07/21/2020","56.23","56.23","56.44","56.17","3.96M","0.05%"
"07/20/2020","56.20","56.08","56.23","55.95","2.98M","0.07%"
"07/17/2020","56.16","56.12","56.20","55.91","2.87M","0.16%"
"07/16/2020","56.07","56.14","56.24","55.99","2.92M","-1.02%"
"07/15/2020","56.65","56.87","57.04","56.61","5.10M","1.27%"
"07/14/2020","55.94","55.56","56.00","55.48","8.42M","0.79%"
"07/13/2020","55.50","55.97","56.21","55.45","6.04M","-0.52%"
"07/12/2020","55.79","55.79","55.79","55.79","","0.00%"
"07/11/2020","55.79","55.79","55.79","55.79","","0.00%"
"07/10/2020","55.79","55.38","55.82","55.32","6.28M","1.31%"
"07/09/2020","55.07","55.33","55.34","54.66","5.11M","-0.49%"
"07/08/2020","55.34","55.10","55.35","54.89","7.17M","-0.07%"
"07/07/2020","55.38","55.58","55.77","55.36","4.76M","-0.89%"
"07/06/2020","55.88","55.86","56.04","55.71","3.72M","1.29%"
"07/05/2020","55.17","55.17","55.17","55.17","","0.00%"
"07/04/2020","55.17","55.17","55.17","55.17","","0.00%"
"07/02/2020","55.17","55.28","55.52","55.13","5.35M","0.66%"
"07/01/2020","54.81","54.66","54.90","54.57","6.02M","-0.20%"
"06/30/2020","54.92","54.98","55.29","54.88","8.19M","-1.01%"
"06/29/2020","55.48","55.31","55.50","55.01","4.41M","0.02%"
"06/26/2020","55.47","55.89","55.93","55.33","6.01M","-0.96%"
"06/25/2020","56.01","55.50","56.03","55.35","6.00M","1.14%"
"06/24/2020","55.38","55.93","55.99","55.23","6.46M","-2.09%"
"06/23/2020","56.56","56.96","57.05","56.48","7.00M","0.27%"
"06/22/2020","56.41","56.10","56.42","55.98","5.15M","0.68%"
"06/19/2020","56.03","56.69","56.70","56.01","6.33M","-0.48%"
"06/18/2020","56.30","56.13","56.38","56.03","5.13M","-0.18%"
"06/17/2020","56.40","56.57","56.72","56.31","6.46M","0.45%"
"06/16/2020","56.15","56.33","56.48","55.65","10.66M","1.92%"
"06/15/2020","55.09","54.21","55.19","54.06","7.75M","-1.87%"
"06/12/2020","56.14","56.35","56.44","55.60","12.33M","1.80%"
"06/11/2020","55.15","56.25","56.50","55.07","12.01M","-4.20%"
"06/10/2020","57.57","57.58","57.74","57.24","6.76M","-0.05%"
"06/09/2020","57.60","57.25","57.72","57.14","9.41M","-0.52%"
"06/08/2020","57.90","57.27","57.91","57.07","8.35M","1.47%"
"06/07/2020","57.06","57.06","57.06","57.06","","0.00%"
"06/05/2020","57.06","57.11","57.31","56.89","8.25M","1.44%"
"06/04/2020","56.25","56.56","56.77","56.16","5.97M","-1.12%"
"06/03/2020","56.89","56.56","56.99","56.54","5.71M","0.69%"
"06/02/2020","56.50","56.48","56.69","56.27","5.79M","0.44%"
"06/01/2020","56.25","55.62","56.27","55.56","9.31M","1.52%"
"05/29/2020","55.41","55.40","55.50","54.83","5.84M","-0.84%"
"05/28/2020","55.88","56.12","56.48","55.88","10.41M","1.31%"
"05/27/2020","55.16","55.22","55.29","54.79","5.96M","1.29%"
"05/26/2020","54.46","54.36","54.64","54.27","7.40M","3.40%"
"05/22/2020","52.67","52.57","52.68","52.44","3.77M","0.13%"
"05/21/2020","52.60","52.92","52.98","52.47","4.44M","-1.07%"
"05/20/2020","53.17","53.29","53.55","53.01","16.13M","1.51%"
"05/19/2020","52.38","52.59","52.84","52.37","4.12M","-1.17%"
"05/18/2020","53.00","52.42","53.06","52.37","6.91M","2.49%"
"05/15/2020","51.71","51.62","51.86","51.40","5.23M","0.17%"
"05/14/2020","51.62","51.12","51.66","50.83","9.08M","-1.49%"
"05/13/2020","52.40","52.73","52.73","52.16","9.66M","0.48%"
"05/12/2020","52.15","52.75","52.81","52.11","8.42M","-1.31%"
"05/11/2020","52.84","52.66","52.92","52.62","7.61M","0.96%"
"05/10/2020","52.34","52.34","52.34","52.34","","0.00%"
"05/09/2020","52.34","52.34","52.34","52.34","","0.00%"
"05/08/2020","52.34","52.19","52.36","52.08","6.98M","1.71%"
"05/07/2020","51.46","51.48","51.59","51.20","5.70M","1.50%"
"05/06/2020","50.70","51.49","51.50","50.70","6.09M","-0.76%"
"05/05/2020","51.09","51.21","51.41","50.88","5.00M","0.97%"
"05/04/2020","50.60","50.19","50.63","50.06","6.35M","-0.49%"
"05/03/2020","50.85","50.85","50.85","50.85","","0.00%"
"05/02/2020","50.85","50.85","50.85","50.85","","0.00%"
"05/01/2020","50.85","51.05","51.15","50.67","7.25M","-1.76%"
"04/30/2020","51.76","51.98","52.07","51.48","9.10M","-2.82%"
"04/29/2020","53.26","53.33","53.66","53.18","5.83M","1.76%"
"04/28/2020","52.34","52.75","52.80","52.25","9.37M","1.45%"
"04/27/2020","51.59","51.50","51.69","51.38","8.36M","1.38%"
"04/24/2020","50.89","50.78","51.02","50.56","6.50M","0.77%"
"04/23/2020","50.50","50.77","51.32","50.50","12.30M","0.14%"
"04/22/2020","50.43","50.33","50.52","50.09","8.49M","1.73%"
"04/21/2020","49.57","49.98","50.12","49.45","10.48M","-0.94%"
"04/20/2020","50.04","50.34","50.73","50.02","5.14M","-1.53%"
"04/17/2020","50.82","50.86","50.98","50.34","6.57M","1.34%"
"04/16/2020","50.15","50.06","50.33","49.85","10.50M","-0.85%"
"04/15/2020","50.58","50.51","50.84","50.35","6.33M","-1.00%"
"04/14/2020","51.09","51.06","51.49","50.97","7.74M","1.83%"
"04/13/2020","50.17","50.14","50.25","49.81","4.01M","-0.42%"
"04/09/2020","50.38","50.18","50.73","50.05","7.02M","1.31%"
"04/08/2020","49.73","49.65","49.97","49.19","6.69M","-0.24%"
"04/07/2020","49.85","51.69","51.75","49.73","10.37M","1.07%"
"04/06/2020","49.32","48.43","49.39","48.31","9.43M","5.91%"
"04/03/2020","46.57","46.87","46.96","46.37","6.93M","-2.25%"
"04/02/2020","47.64","46.83","47.72","46.75","10.35M","1.28%"
"04/01/2020","47.04","47.12","47.85","47.00","10.51M","-4.76%"
"03/31/2020","49.39","48.80","49.83","48.73","14.67M","-2.76%"
"03/30/2020","50.79","50.25","50.85","50.03","7.39M","1.22%"
"03/28/2020","50.18","50.18","50.18","50.18","","0.00%"
"03/27/2020","50.18","50.03","50.82","49.76","11.86M","-0.12%"
"03/26/2020","50.24","49.02","50.30","48.99","16.30M","3.29%"
"03/25/2020","48.64","47.76","49.12","46.93","13.53M","1.89%"
"03/24/2020","47.74","47.96","48.20","47.38","17.42M","6.94%"
"03/23/2020","44.64","45.30","45.33","44.13","12.50M","-1.04%"
"03/21/2020","45.11","45.11","45.11","45.11","","0.00%"
"03/20/2020","45.11","46.19","47.02","45.05","15.80M","0.24%"
"03/19/2020","45.00","45.17","46.33","44.68","14.58M","1.40%"
"03/18/2020","44.38","43.82","45.26","43.37","16.70M","-2.12%"
"03/17/2020","45.34","44.38","45.67","43.78","15.96M","4.91%"
"03/16/2020","43.22","42.73","44.40","41.61","9.19M","-6.59%"
"03/14/2020","46.27","46.27","46.27","46.27","","0.00%"
"03/13/2020","46.27","46.81","46.91","44.16","11.59M","3.28%"
"03/12/2020","44.80","45.98","46.31","43.68","21.36M","-9.80%"
"03/11/2020","49.67","50.41","50.66","49.49","11.66M","-3.38%"
"03/10/2020","51.41","51.51","51.67","50.02","23.48M","2.98%"
"03/09/2020","49.92","49.54","50.87","49.40","19.59M","-5.10%"
"03/06/2020","52.60","52.34","52.76","52.16","19.06M","-0.96%"
"03/05/2020","53.11","53.13","53.43","52.92","13.67M","-1.81%"
"03/04/2020","54.09","53.55","54.12","53.23","18.70M","2.17%"
"03/03/2020","52.94","53.55","54.07","52.52","25.89M","-1.29%"
"03/02/2020","53.63","52.91","53.71","52.49","23.74M","1.27%"
"02/28/2020","52.96","52.08","53.00","51.69","34.63M","-0.11%"
"02/27/2020","53.02","53.73","54.28","53.02","31.06M","-3.42%"
"02/26/2020","54.90","55.07","55.45","54.79","23.19M","0.49%"
"02/25/2020","54.63","55.41","55.49","54.39","22.17M","-0.16%"
"02/24/2020","54.72","54.63","55.20","54.59","19.63M","-3.37%"
"02/21/2020","56.63","56.73","56.77","56.47","14.17M","-0.84%"
"02/20/2020","57.11","57.13","57.20","56.70","16.84M","-0.64%"
"02/19/2020","57.48","57.74","57.80","57.48","7.26M","-0.17%"
"02/18/2020","57.58","57.68","57.83","57.53","17.77M","-1.49%"
"02/17/2020","58.45","58.45","58.45","58.45","","0.00%"
"02/14/2020","58.45","58.64","58.64","58.39","11.65M","-0.75%"
"02/13/2020","58.89","58.95","59.15","58.87","8.40M","-0.88%"
"02/12/2020","59.41","59.47","59.54","59.40","11.72M","-0.49%"
"02/11/2020","59.70","59.86","59.97","59.63","9.48M","0.51%"
"02/10/2020","59.40","59.23","59.46","59.23","7.51M","-0.12%"
"02/07/2020","59.47","59.69","59.76","59.47","6.50M","-0.97%"
"02/06/2020","60.05","60.00","60.07","59.85","9.59M","0.76%"
"02/05/2020","59.60","59.58","59.69","59.41","8.85M","0.90%"
"02/04/2020","59.07","59.05","59.19","58.99","7.96M","1.51%"
"02/03/2020","58.19","58.17","58.45","58.16","7.02M","0.76%"
"01/31/2020","57.75","58.07","58.11","57.56","14.33M","-1.64%"
"01/30/2020","58.71","58.24","58.72","58.08","16.33M","-0.14%"
"01/29/2020","58.79","59.00","59.00","58.79","4.97M","-0.32%"
"01/28/2020","58.98","58.68","58.99","58.60","8.18M","0.89%"
"01/27/2020","58.46","58.60","58.83","58.46","10.10M","-1.80%"
"01/24/2020","59.53","59.92","59.95","59.43","5.70M","-0.38%"
"01/23/2020","59.76","59.70","59.83","59.48","4.63M","0.12%"
"01/22/2020","59.69","59.81","59.86","59.62","7.06M","0.45%"
"01/21/2020","59.42","59.67","59.72","59.42","6.98M","-0.54%"
"01/17/2020","59.74","59.70","59.78","59.58","3.56M","0.07%"
"01/16/2020","59.70","59.61","59.75","59.56","4.19M","0.07%"
"01/15/2020","59.66","59.57","59.72","59.57","5.28M","-0.37%"
"01/14/2020","59.88","59.71","59.95","59.69","11.62M","0.03%"
"01/13/2020","59.86","59.53","59.88","59.43","7.52M","0.57%"
"01/10/2020","59.52","59.78","59.85","59.44","4.93M","-0.70%"
"01/09/2020","59.94","59.86","59.97","59.75","7.11M","0.71%"
"01/08/2020","59.52","59.40","59.75","59.35","7.72M","0.02%"
"01/07/2020","59.51","59.70","59.76","59.49","5.01M","0.17%"
"01/06/2020","59.41","59.13","59.45","59.13","5.38M","0.35%"
"01/03/2020","59.20","59.13","59.64","59.07","8.39M","-1.10%"
"01/02/2020","59.86","59.80","59.96","59.70","12.53M","1.05%"
"12/31/2019","59.24","59.02","59.26","58.95","5.11M","0.32%"
"12/30/2019","59.05","59.54","59.55","59.01","6.50M","-0.89%"
"12/27/2019","59.58","59.74","59.79","59.52","3.74M","-0.18%"
"12/26/2019","59.69","59.61","59.70","59.57","3.55M","0.27%"
"12/24/2019","59.53","59.57","59.62","59.49","3.73M","-0.40%"
"12/23/2019","59.77","59.68","59.81","59.63","3.94M","-0.08%"
"12/20/2019","59.82","59.84","59.91","59.76","6.45M","-0.07%"
"12/19/2019","59.86","59.78","59.96","59.78","3.73M","-0.10%"
"12/18/2019","59.92","59.84","59.92","59.79","5.19M","-0.40%"
"12/17/2019","60.16","60.12","60.28","60.05","8.10M","-0.22%"
"12/16/2019","60.29","60.07","60.31","60.07","7.29M","-0.72%"
"12/13/2019","60.73","60.41","60.75","60.34","12.50M","0.26%"
"12/12/2019","60.57","60.14","60.69","60.11","7.78M","0.25%"
"12/11/2019","60.42","60.19","60.48","60.17","5.53M","0.22%"
"12/10/2019","60.29","60.31","60.47","60.19","11.14M","-0.05%"
"12/09/2019","60.32","60.52","60.59","60.30","4.24M","-0.56%"
"12/06/2019","60.66","60.51","60.70","60.51","10.34M","1.15%"
"12/05/2019","59.97","60.11","60.11","59.91","6.63M","-0.40%"
"12/04/2019","60.21","60.04","60.21","59.99","6.19M","1.13%"
"12/03/2019","59.54","59.09","59.58","58.95","6.34M","0.39%"
"12/02/2019","59.31","59.55","59.56","58.94","14.86M","-0.20%"
"11/29/2019","59.43","59.39","59.49","59.37","3.71M","-0.95%"
"11/27/2019","60.00","59.93","60.01","59.91","6.90M","0.20%"
"11/26/2019","59.88","59.81","59.92","59.74","5.54M","-0.17%"
"11/25/2019","59.98","59.83","59.98","59.81","6.87M","0.69%"
"11/22/2019","59.57","59.55","59.62","59.44","3.92M","0.07%"
"11/21/2019","59.53","59.51","59.55","59.34","3.17M","0.10%"
"11/20/2019","59.47","59.51","59.66","59.25","7.45M","-0.30%"
"11/19/2019","59.65","59.75","59.79","59.49","3.97M","-0.32%"
"11/18/2019","59.84","59.68","59.86","59.58","4.33M","0.08%"
"11/15/2019","59.79","59.58","59.79","59.57","5.07M","0.59%"
"11/14/2019","59.44","59.21","59.45","59.20","6.20M","-0.44%"
"11/13/2019","59.70","59.38","59.75","59.38","7.29M","-0.35%"
"11/12/2019","59.91","59.91","60.03","59.79","4.60M","0.22%"
"11/11/2019","59.78","59.53","59.82","59.53","2.58M","-0.25%"
"11/08/2019","59.93","59.68","59.94","59.56","7.11M","-0.05%"
"11/07/2019","59.96","60.08","60.15","59.94","9.19M","0.59%"
"11/06/2019","59.61","59.63","59.72","59.53","13.58M","-0.22%"
"11/05/2019","59.74","59.75","59.84","59.59","7.78M","0.13%"
"11/04/2019","59.66","59.60","59.68","59.52","8.21M","0.67%"
"11/01/2019","59.26","59.25","59.43","59.17","7.11M","0.99%"
"10/31/2019","58.68","58.58","58.68","58.35","7.28M","0.02%"
"10/30/2019","58.67","58.51","58.68","58.27","6.80M","0.27%"
"10/29/2019","58.51","58.39","58.54","58.37","5.89M","0.43%"
"10/28/2019","58.26","58.07","58.28","58.06","5.26M","0.29%"
"10/25/2019","58.09","57.89","58.15","57.86","4.45M","-0.05%"
"10/24/2019","58.12","58.10","58.15","57.91","4.46M","0.05%"
"10/23/2019","58.09","57.95","58.19","57.92","7.91M","0.41%"
"10/22/2019","57.85","57.95","58.08","57.81","6.97M","0.12%"
"10/21/2019","57.78","57.79","57.90","57.74","4.25M","0.71%"
"10/18/2019","57.37","57.27","57.46","57.18","5.31M","-0.19%"
"10/17/2019","57.48","57.53","57.62","57.29","4.83M","-0.26%"
"10/16/2019","57.63","57.51","57.68","57.47","4.21M","-0.21%"
"10/15/2019","57.75","57.37","57.87","57.35","8.77M","1.49%"
"10/14/2019","56.90","56.86","57.05","56.84","2.33M","-0.44%"
"10/11/2019","57.15","56.90","57.40","56.86","14.41M","1.24%"
"10/10/2019","56.45","56.23","56.57","56.18","7.98M","-0.12%"
"10/09/2019","56.52","56.47","56.57","56.34","4.71M","0.87%"
"10/08/2019","56.03","56.27","56.38","56.02","6.91M","-0.59%"
"10/07/2019","56.36","56.45","56.68","56.35","5.44M","-0.63%"
"10/04/2019","56.72","56.20","56.74","56.19","5.24M","1.16%"
"10/03/2019","56.07","55.75","56.08","55.53","9.29M","0.50%"
"10/02/2019","55.79","56.15","56.15","55.63","8.26M","-1.24%"
"10/01/2019","56.49","56.78","56.79","56.37","8.24M","-0.44%"
"09/30/2019","56.74","56.32","56.74","56.25","5.38M","0.46%"
"09/27/2019","56.48","56.72","56.77","56.40","6.90M","-1.43%"
"09/26/2019","57.30","57.44","57.45","57.20","6.38M","0.17%"
"09/25/2019","57.20","56.94","57.25","56.81","5.84M","0.40%"
"09/24/2019","56.97","57.33","57.41","56.94","12.01M","0.14%"
"09/23/2019","56.89","56.69","56.96","56.69","5.30M","-0.11%"
"09/20/2019","56.95","57.05","57.17","56.88","6.83M","-0.23%"
"09/19/2019","57.08","57.05","57.30","57.02","5.93M","0.74%"
"09/18/2019","56.66","56.51","56.69","56.27","6.35M","-0.21%"
"09/17/2019","56.78","56.45","56.78","56.43","6.83M","0.37%"
"09/16/2019","56.57","56.69","56.81","56.54","6.17M","-0.53%"
"09/13/2019","56.87","56.71","56.98","56.71","8.00M","1.17%"
"09/12/2019","56.21","56.19","56.33","56.02","9.62M","0.66%"
"09/11/2019","55.84","55.84","55.86","55.72","7.24M","0.89%"
"09/10/2019","55.35","55.21","55.35","55.13","4.18M","0.29%"
"09/09/2019","55.19","55.23","55.25","55.06","15.09M","0.66%"
"09/06/2019","54.83","54.74","54.90","54.67","5.28M","0.35%"
"09/05/2019","54.64","54.57","54.80","54.57","5.38M","0.72%"
"09/04/2019","54.25","54.15","54.29","54.09","3.59M","0.56%"
"09/03/2019","53.95","53.87","53.98","53.84","6.17M","0.06%"
"08/30/2019","53.92","54.05","54.07","53.74","6.97M","0.32%"
"08/29/2019","53.75","53.84","53.84","53.58","3.32M","0.71%"
"08/28/2019","53.37","53.32","53.53","53.23","3.72M","-0.04%"
"08/27/2019","53.39","53.62","53.65","53.36","4.64M","-0.32%"
"08/26/2019","53.56","53.69","53.70","53.41","5.90M","1.46%"
"08/23/2019","52.79","53.24","53.55","52.75","14.13M","-1.12%"
"08/22/2019","53.39","53.49","53.53","53.20","4.62M","-0.15%"
"08/21/2019","53.47","53.55","53.64","53.44","7.07M","0.34%"
"08/20/2019","53.29","53.48","53.48","53.26","4.40M","-0.21%"
"08/19/2019","53.40","53.51","53.57","53.40","3.70M","-0.02%"
"08/16/2019","53.41","53.10","53.46","53.06","5.85M","1.04%"
"08/15/2019","52.86","52.96","53.04","52.69","6.09M","0.95%"
"08/14/2019","52.36","52.78","52.82","52.33","10.06M","-2.42%"
"08/13/2019","53.66","53.20","53.78","53.13","9.14M","1.13%"
"08/12/2019","53.06","53.40","53.45","52.98","6.92M","-0.95%"
"08/09/2019","53.57","53.86","53.90","53.38","7.04M","-1.05%"
"08/08/2019","54.14","53.61","54.17","53.56","10.68M","0.71%"
"08/07/2019","53.76","53.31","53.83","53.08","9.34M","0.69%"
"08/06/2019","53.39","53.26","53.41","52.91","9.65M","1.27%"
"08/05/2019","52.72","53.39","53.43","52.51","8.98M","-2.48%"
"08/02/2019","54.06","54.24","54.27","53.77","11.36M","-0.52%"
"08/01/2019","54.34","54.58","55.05","54.12","16.48M","-0.02%"
"07/31/2019","54.35","54.58","54.76","53.94","8.87M","-0.07%"
"07/30/2019","54.39","54.51","54.54","54.35","5.47M","-0.64%"
"07/29/2019","54.74","54.77","54.79","54.67","2.48M","-0.13%"
"07/26/2019","54.81","54.73","54.88","54.71","3.37M","0.26%"
"07/25/2019","54.67","55.03","55.03","54.62","5.77M","-1.07%"
"07/24/2019","55.26","55.15","55.29","55.13","4.78M","0.13%"
"07/23/2019","55.19","55.18","55.22","55.05","3.63M","0.80%"
"07/22/2019","54.75","54.74","54.80","54.64","2.77M","0.15%"
"07/19/2019","54.67","54.84","54.91","54.67","3.56M","0.26%"
"07/18/2019","54.53","54.00","54.53","53.96","4.50M","-0.26%"
"07/17/2019","54.67","54.74","54.81","54.66","2.26M","-0.09%"
"07/16/2019","54.72","54.76","54.82","54.65","4.35M","-0.74%"
"07/15/2019","55.13","55.21","55.21","55.05","3.00M","0.07%"
"07/12/2019","55.09","55.01","55.14","54.95","3.04M","0.04%"
"07/11/2019","55.07","55.13","55.13","54.92","3.39M","0.18%"
"07/10/2019","54.97","55.03","55.11","54.89","5.13M","0.60%"
"07/09/2019","54.64","54.61","54.71","54.58","4.58M","-0.89%"
"07/08/2019","55.13","55.13","55.18","55.05","3.91M","-0.58%"
"07/05/2019","55.45","55.36","55.46","55.08","3.75M","-0.43%"
"07/03/2019","55.69","55.61","55.72","55.53","3.12M","0.29%"
"07/02/2019","55.53","55.48","55.60","55.43","6.97M","0.31%"
"07/01/2019","55.36","55.58","55.59","55.20","7.77M","1.43%"
"06/28/2019","54.58","54.69","54.71","54.54","7.62M","0.40%"
"06/27/2019","54.36","54.36","54.51","54.35","2.90M","0.41%"
"06/26/2019","54.14","54.33","54.35","54.12","3.13M","-0.15%"
"06/25/2019","54.22","54.57","54.62","54.22","4.56M","-0.44%"
"06/24/2019","54.46","54.44","54.50","54.36","4.63M","0.00%"
"06/21/2019","54.46","54.49","54.64","54.44","5.51M","-0.98%"
"06/20/2019","55.00","55.08","55.11","54.70","5.85M","0.97%"
"06/19/2019","54.47","54.24","54.53","54.16","7.40M","0.89%"
"06/18/2019","53.99","53.61","54.02","53.61","7.82M","0.60%"
"06/17/2019","53.67","53.65","53.73","53.62","4.12M","-0.61%"
"06/14/2019","54.00","54.03","54.05","53.91","4.81M","-0.26%"
"06/13/2019","54.14","54.28","54.31","53.98","4.41M","-0.11%"
"06/12/2019","54.20","54.50","54.57","54.18","5.56M","-1.11%"
"06/11/2019","54.81","54.96","54.99","54.74","3.56M","0.33%"
"06/10/2019","54.63","54.62","54.76","54.59","2.87M","0.46%"
"06/07/2019","54.38","54.09","54.41","54.06","6.29M","1.21%"
"06/06/2019","53.73","53.72","53.83","53.62","5.01M","0.11%"
"06/05/2019","53.67","53.89","53.91","53.55","5.08M","0.06%"
"06/04/2019","53.64","53.11","53.68","53.02","8.13M","1.15%"
"06/03/2019","53.03","52.97","53.07","52.79","12.24M","0.59%"
"05/31/2019","52.72","52.59","52.88","52.50","11.48M","-1.07%"
"05/30/2019","53.29","53.18","53.31","53.10","5.60M","0.45%"
"05/29/2019","53.05","53.18","53.25","52.87","6.28M","-0.47%"
"05/28/2019","53.30","53.82","53.89","53.29","6.80M","-0.84%"
"05/24/2019","53.75","53.71","53.76","53.53","3.51M","1.55%"
"05/23/2019","52.93","53.01","53.10","52.86","6.11M","-0.75%"
"05/22/2019","53.33","53.34","53.45","53.27","4.61M","-0.82%"
"05/21/2019","53.77","53.65","53.80","53.56","7.05M","0.69%"
"05/20/2019","53.40","53.41","53.56","53.29","4.03M","-0.54%"
"05/17/2019","53.69","53.81","54.06","53.67","5.88M","-0.37%"
"05/16/2019","53.89","53.81","54.13","53.79","4.62M","0.41%"
"05/15/2019","53.67","53.19","53.75","53.13","6.99M","0.15%"
"05/14/2019","53.59","53.49","53.71","53.42","6.98M","1.40%"
"05/13/2019","52.85","53.19","53.24","52.76","13.77M","-2.26%"
"05/10/2019","54.07","53.59","54.09","53.17","8.13M","0.69%"
"05/09/2019","53.70","53.32","53.77","53.09","9.66M","-0.65%"
"05/08/2019","54.05","53.94","54.22","53.85","13.19M","-0.61%"
"05/07/2019","54.38","54.89","54.97","54.22","16.41M","-1.82%"
"05/06/2019","55.39","54.83","55.42","54.81","10.52M","-1.02%"
"05/03/2019","55.96","55.51","55.99","55.51","5.55M","1.29%"
"05/02/2019","55.25","55.22","55.41","55.02","8.56M","0.04%"
"05/01/2019","55.23","55.47","55.69","55.17","8.88M","-0.34%"
"04/30/2019","55.42","55.62","55.62","55.34","10.96M","-0.36%"
"04/29/2019","55.62","55.48","55.65","55.41","7.01M","0.40%"
"04/26/2019","55.40","55.24","55.43","55.12","5.53M","0.91%"
"04/25/2019","54.90","55.01","55.09","54.86","7.68M","0.22%"
"04/24/2019","54.78","54.89","54.94","54.75","7.98M","-1.23%"
"04/23/2019","55.46","55.15","55.48","55.12","4.66M","0.56%"
"04/22/2019","55.15","55.00","55.18","55.00","3.45M","-0.36%"
"04/18/2019","55.35","55.40","55.45","55.26","16.32M","0.14%"
"04/17/2019","55.27","55.46","55.48","55.27","9.05M","0.00%"
"04/16/2019","55.27","55.45","55.48","55.27","5.01M","0.40%"
"04/15/2019","55.05","55.15","55.17","55.02","7.51M","-0.02%"
"04/12/2019","55.06","55.06","55.10","54.94","5.52M","0.51%"
"04/11/2019","54.78","54.81","54.85","54.62","9.61M","-0.31%"
"04/10/2019","54.95","54.98","55.04","54.87","8.33M","0.02%"
"04/09/2019","54.94","55.08","55.12","54.88","3.87M","-0.54%"
"04/08/2019","55.24","55.24","55.28","55.09","4.49M","-0.23%"
"04/05/2019","55.37","55.30","55.42","55.26","7.52M","0.07%"
"04/04/2019","55.33","55.20","55.33","55.19","6.52M","-0.05%"
"04/03/2019","55.36","55.49","55.53","55.24","4.11M","0.60%"
"04/02/2019","55.03","55.04","55.12","54.95","5.52M","-0.69%"
"04/01/2019","55.41","55.22","55.49","55.14","9.72M","1.26%"
"03/29/2019","54.72","54.78","54.80","54.61","8.37M","-0.05%"
"03/28/2019","54.75","54.65","54.79","54.49","5.17M","0.05%"
"03/27/2019","54.72","55.00","55.10","54.48","13.15M","-0.35%"
"03/26/2019","54.91","55.14","55.21","54.78","10.90M","1.10%"
"03/25/2019","54.31","53.99","54.31","53.89","9.86M","0.06%"
"03/22/2019","54.28","54.72","54.75","54.22","12.29M","-1.08%"
"03/21/2019","54.87","54.36","54.89","54.34","7.61M","0.66%"
"03/20/2019","54.51","54.35","54.80","54.18","9.84M","0.06%"
"03/19/2019","54.48","54.62","54.69","54.38","7.05M","0.04%"
"03/18/2019","54.46","54.42","54.50","54.33","7.07M","0.28%"
"03/15/2019","54.31","54.14","54.38","54.07","8.03M","1.15%"
"03/14/2019","53.69","53.66","53.80","53.57","7.16M","-1.07%"
"03/13/2019","54.27","54.02","54.40","54.00","7.65M","0.39%"
"03/12/2019","54.06","54.11","54.23","54.00","9.77M","0.24%"
"03/11/2019","53.93","53.52","53.98","53.49","13.08M","1.09%"
"03/08/2019","53.35","52.95","53.37","52.93","8.76M","-0.17%"
"03/07/2019","53.44","53.83","53.85","53.34","12.91M","-1.18%"
"03/06/2019","54.08","54.27","54.30","54.07","11.82M","-0.59%"
"03/05/2019","54.40","54.41","54.57","54.31","9.11M","0.09%"
"03/04/2019","54.35","54.57","54.63","54.19","8.00M","-0.31%"
"03/01/2019","54.52","54.51","54.58","54.26","5.45M","0.29%"
"02/28/2019","54.36","54.51","54.58","54.30","11.03M","-0.97%"
"02/27/2019","54.89","54.97","55.04","54.80","6.13M","-0.53%"
"02/26/2019","55.18","55.01","55.36","55.00","12.41M","0.35%"
"02/25/2019","54.99","55.15","55.23","54.94","6.75M","0.57%"
"02/22/2019","54.68","54.71","54.84","54.64","5.31M","0.22%"
"02/21/2019","54.56","54.62","54.68","54.45","5.76M","-0.15%"
"02/20/2019","54.64","54.75","54.88","54.59","9.55M","0.11%"
"02/19/2019","54.58","54.41","54.74","54.37","6.28M","0.17%"
"02/15/2019","54.49","54.21","54.57","54.14","7.03M","1.28%"
"02/14/2019","53.80","53.79","53.94","53.56","9.84M","-0.07%"
"02/13/2019","53.84","54.01","54.09","53.82","6.94M","0.24%"
"02/12/2019","53.71","53.66","53.78","53.62","11.08M","1.76%"
"02/11/2019","52.78","52.78","52.84","52.64","5.11M","0.09%"
"02/08/2019","52.73","52.50","52.77","52.43","10.26M","-0.88%"
"02/07/2019","53.20","53.44","53.51","53.02","9.38M","-1.39%"
"02/06/2019","53.95","54.11","54.19","53.87","4.70M","-0.83%"
"02/05/2019","54.40","54.43","54.53","54.31","10.14M","0.41%"
"02/04/2019","54.18","54.00","54.27","53.94","6.08M","0.22%"
"02/01/2019","54.06","54.13","54.21","53.88","8.88M","-0.41%"
"01/31/2019","54.28","54.20","54.40","54.11","9.16M","0.18%"
"01/30/2019","54.18","53.78","54.44","53.69","7.91M","1.12%"
"01/29/2019","53.58","53.82","53.93","53.58","9.63M","0.09%"
"01/28/2019","53.53","53.47","53.58","53.35","4.88M","-0.72%"
"01/25/2019","53.92","53.90","54.07","53.73","7.07M","1.09%"
"01/24/2019","53.34","53.29","53.45","53.20","5.97M","0.58%"
"01/23/2019","53.03","53.36","53.43","52.84","6.70M","-0.28%"
"01/22/2019","53.18","53.53","53.55","52.98","14.40M","-1.79%"
"01/18/2019","54.15","54.07","54.22","53.88","9.17M","1.33%"
"01/17/2019","53.44","53.02","53.63","53.02","7.93M","-0.21%"
"01/16/2019","53.55","53.44","53.66","53.35","15.81M","0.49%"
"01/15/2019","53.29","53.26","53.48","53.12","10.35M","1.22%"
"01/14/2019","52.65","52.55","52.90","52.51","8.50M","-0.36%"
"01/11/2019","52.84","52.90","52.96","52.73","8.09M","-1.16%"
"01/10/2019","53.46","52.95","53.47","52.88","8.57M","0.60%"
"01/09/2019","53.14","53.11","53.30","52.90","14.21M","0.55%"
"01/08/2019","52.85","53.02","53.02","52.63","7.37M","0.48%"
"01/07/2019","52.60","52.46","52.98","52.36","8.64M","0.25%"
"01/04/2019","52.47","51.42","52.55","51.34","18.70M","3.39%"
"01/03/2019","50.75","51.08","51.17","50.44","10.74M","-0.57%"
"01/02/2019","51.04","50.14","51.14","50.13","12.51M","0.69%"
"12/31/2018","50.69","51.06","51.18","50.55","10.69M","-0.18%"
"12/28/2018","50.78","51.01","51.06","50.57","17.35M","0.12%"
"12/27/2018","50.72","49.97","50.77","49.59","24.60M","1.34%"
"12/26/2018","50.05","49.65","50.20","49.08","28.38M","1.89%"
"12/24/2018","49.12","49.34","49.65","48.99","16.39M","-1.09%"
"12/21/2018","49.66","50.05","50.55","49.57","24.61M","-3.08%"
"12/20/2018","51.24","51.33","51.48","50.83","22.90M","-0.52%"
"12/19/2018","51.51","52.08","52.68","51.27","24.11M","-1.47%"
"12/18/2018","52.28","52.45","52.65","52.08","15.13M","-0.49%"
"12/17/2018","52.54","52.96","53.03","52.31","21.00M","-0.79%"
"12/14/2018","52.96","52.92","53.21","52.88","15.73M","-1.14%"
"12/13/2018","53.57","53.75","53.87","53.47","11.97M","-0.30%"
"12/12/2018","53.73","53.88","54.12","53.72","11.28M","1.21%"
"12/11/2018","53.09","53.31","53.45","52.73","14.28M","-0.08%"
"12/10/2018","53.13","53.18","53.34","52.47","18.18M","-0.77%"
"12/07/2018","53.54","54.02","54.23","53.33","17.16M","-0.74%"
"12/06/2018","53.94","53.43","54.02","52.84","27.54M","-0.15%"
"12/04/2018","54.02","55.27","55.34","53.96","15.36M","-3.69%"
"12/03/2018","56.09","56.20","56.22","55.86","11.25M","1.36%"
"11/30/2018","55.34","55.30","55.47","55.24","6.37M","0.09%"
"11/29/2018","55.29","55.29","55.48","55.11","6.91M","-0.34%"
"11/28/2018","55.48","55.02","55.57","54.75","10.39M","1.31%"
"11/27/2018","54.76","54.71","54.83","54.55","9.33M","-0.09%"
"11/26/2018","54.81","54.72","54.91","54.62","10.03M","1.35%"
"11/23/2018","54.08","54.04","54.34","54.04","3.63M","-0.37%"
"11/21/2018","54.28","54.22","54.56","54.15","7.39M","1.53%"
"11/20/2018","53.46","53.83","54.06","53.45","12.69M","-1.84%"
"11/19/2018","54.46","54.88","54.88","54.33","13.31M","-0.44%"
"11/16/2018","54.70","54.24","54.83","54.18","7.46M","0.07%"
"11/15/2018","54.66","54.22","54.74","54.02","17.02M","0.59%"
"11/14/2018","54.34","54.63","54.69","54.07","11.16M","0.35%"
"11/13/2018","54.15","54.08","54.59","53.93","12.61M","-0.37%"
"11/12/2018","54.35","55.03","55.03","54.27","8.67M","-1.36%"
"11/09/2018","55.10","55.08","55.16","54.85","5.96M","-1.01%"
"11/08/2018","55.66","55.82","55.89","55.48","5.96M","-0.64%"
"11/07/2018","56.02","55.64","56.06","55.47","6.62M","1.05%"
"11/06/2018","55.44","55.33","55.50","55.21","6.61M","1.13%"
"11/05/2018","54.82","54.86","55.05","54.76","7.46M","-0.36%"
"11/02/2018","55.02","55.39","55.48","54.66","14.33M","0.57%"
"11/01/2018","54.71","54.49","54.73","54.31","8.84M","-0.24%"
"10/31/2018","54.84","54.84","55.07","54.70","9.94M","0.98%"
"10/30/2018","54.31","53.82","54.34","53.71","14.71M","1.57%"
"10/29/2018","53.47","54.19","54.40","52.99","14.22M","-0.93%"
"10/26/2018","53.97","53.74","54.31","53.20","22.27M","-1.28%"
"10/25/2018","54.67","54.35","54.92","54.12","11.56M","1.49%"
"10/24/2018","53.87","55.16","55.24","53.84","14.19M","-3.20%"
"10/23/2018","55.65","55.13","55.84","54.76","16.26M","-1.15%"
"10/22/2018","56.30","56.67","56.70","56.19","7.30M","-0.62%"
"10/19/2018","56.65","56.85","57.16","56.53","8.68M","0.21%"
"10/18/2018","56.53","57.18","57.28","56.28","14.61M","-1.81%"
"10/17/2018","57.57","57.61","57.70","57.24","14.92M","-0.07%"
"10/16/2018","57.61","57.15","57.72","57.14","9.85M","1.86%"
"10/15/2018","56.56","56.32","56.87","56.13","11.01M","-0.30%"
"10/12/2018","56.73","56.70","56.84","56.02","24.20M","0.23%"
"10/11/2018","56.60","57.22","57.58","56.20","29.45M","-1.80%"
"10/10/2018","57.64","58.90","58.90","57.53","20.03M","-2.45%"
"10/09/2018","59.09","58.65","59.17","58.54","14.51M","-0.57%"
"10/08/2018","59.43","59.02","59.49","58.87","11.54M","0.44%"
"10/05/2018","59.17","59.33","59.50","58.91","11.28M","0.02%"
"10/04/2018","59.16","59.53","59.57","58.84","8.50M","-1.35%"
"10/03/2018","59.97","60.08","60.14","59.88","10.50M","-0.88%"
"10/02/2018","60.50","60.29","60.60","60.19","8.79M","-0.23%"
"10/01/2018","60.64","60.48","60.83","60.48","11.20M","0.68%"
"09/28/2018","60.23","60.15","60.41","60.08","6.22M","-0.20%"
"09/27/2018","60.35","60.16","60.59","60.13","7.47M","-0.26%"
"09/26/2018","60.51","60.51","60.72","60.46","11.88M","0.48%"
"09/25/2018","60.22","60.38","60.43","60.18","7.48M","0.75%"
"09/24/2018","59.77","59.85","59.90","59.72","6.44M","-0.45%"
"09/21/2018","60.04","59.86","60.15","59.80","6.71M","0.22%"
"09/20/2018","59.91","59.94","60.03","59.82","10.32M","0.27%"
"09/19/2018","59.75","59.73","59.91","59.70","12.25M","0.35%"
"09/18/2018","59.54","59.14","59.73","59.13","11.71M","2.39%"
"09/17/2018","58.15","58.43","58.50","58.12","4.91M","0.05%"
"09/14/2018","58.12","58.13","58.21","57.97","9.30M","1.13%"
"09/13/2018","57.47","57.75","57.77","57.41","4.82M","0.77%"
"09/12/2018","57.03","56.89","57.07","56.75","5.14M","0.19%"
"09/11/2018","56.92","56.69","56.98","56.69","4.67M","0.21%"
"09/10/2018","56.80","56.89","56.95","56.72","4.82M","0.23%"
"09/07/2018","56.67","56.75","56.87","56.56","6.41M","-0.61%"
"09/06/2018","57.02","56.83","57.02","56.69","6.35M","0.23%"
"09/05/2018","56.89","56.91","56.97","56.74","11.28M","-1.06%"
"09/04/2018","57.50","57.46","57.54","57.33","8.13M","-1.24%"
"08/31/2018","58.22","58.22","58.36","58.01","3.83M","0.21%"
"08/30/2018","58.10","58.16","58.25","57.95","5.63M","-0.70%"
"08/29/2018","58.51","58.43","58.57","58.38","3.76M","0.36%"
"08/28/2018","58.30","58.42","58.46","58.28","3.29M","-0.31%"
"08/27/2018","58.48","58.22","58.48","58.21","6.07M","1.51%"
"08/24/2018","57.61","57.46","57.68","57.44","4.42M","0.35%"
"08/23/2018","57.41","57.32","57.49","57.30","4.89M","-0.42%"
"08/22/2018","57.65","57.66","57.83","57.63","4.01M","0.42%"
"08/21/2018","57.41","57.36","57.51","57.33","6.52M","-0.02%"
"08/20/2018","57.42","57.35","57.50","57.30","2.88M","0.40%"
"08/17/2018","57.19","57.06","57.37","56.99","5.62M","0.33%"
"08/16/2018","57.00","56.89","57.10","56.86","7.95M","0.55%"
"08/15/2018","56.69","56.76","56.82","56.45","7.43M","-1.22%"
"08/14/2018","57.39","57.39","57.46","57.24","4.85M","0.40%"
"08/13/2018","57.16","57.25","57.32","57.04","5.28M","-0.59%"
"08/10/2018","57.50","57.63","57.66","57.39","6.13M","-1.44%"
"08/09/2018","58.34","58.47","58.57","58.31","4.58M","-0.38%"
"08/08/2018","58.56","58.61","58.68","58.49","2.60M","-0.10%"
"08/07/2018","58.62","58.67","58.71","58.55","4.49M","0.84%"
"08/06/2018","58.13","58.04","58.19","58.01","4.84M","-0.75%"
"08/03/2018","58.57","58.23","58.58","58.19","6.24M","-0.02%"
"08/02/2018","58.58","58.42","58.62","58.37","3.49M","-0.56%"
"08/01/2018","58.91","58.98","59.07","58.73","5.22M","0.65%"
"07/31/2018","58.53","58.53","58.82","58.47","8.64M","-0.76%"
"07/30/2018","58.98","59.34","59.38","58.94","7.88M","-0.76%"
"07/27/2018","59.43","59.62","59.73","59.38","7.41M","0.30%"
"07/26/2018","59.25","59.35","59.47","59.19","5.44M","0.25%"
"07/25/2018","59.10","58.83","59.33","58.73","15.85M","0.65%"
"07/24/2018","58.72","58.89","58.98","58.64","6.62M","0.41%"
"07/23/2018","58.48","58.44","58.52","58.37","3.39M","0.50%"
"07/20/2018","58.19","57.92","58.20","57.89","5.15M","0.31%"
"07/19/2018","58.01","57.78","58.06","57.73","7.85M","0.02%"
"07/18/2018","58.00","57.96","58.17","57.93","6.83M","-0.15%"
"07/17/2018","58.09","57.87","58.12","57.82","7.62M","0.89%"
"07/16/2018","57.58","57.68","57.73","57.57","6.05M","0.03%"
"07/13/2018","57.56","57.47","57.59","57.33","5.59M","0.93%"
"07/12/2018","57.03","57.00","57.05","56.84","6.46M","0.11%"
"07/11/2018","56.97","57.20","57.35","56.77","12.40M","-1.38%"
"07/10/2018","57.77","57.70","57.81","57.66","5.00M","-0.38%"
"07/09/2018","57.99","57.83","58.02","57.76","7.83M","1.38%"
"07/06/2018","57.20","57.00","57.34","56.93","4.86M","0.65%"
"07/05/2018","56.83","56.84","56.91","56.70","15.07M","-0.16%"
"07/03/2018","56.92","57.17","57.19","56.87","5.66M","-0.12%"
"07/02/2018","56.99","56.68","57.05","56.63","7.96M","-1.59%"
"06/29/2018","57.91","57.96","58.11","57.84","5.61M","-0.33%"
"06/28/2018","58.10","57.95","58.15","57.80","9.72M","0.12%"
"06/27/2018","58.03","58.37","58.59","57.94","12.60M","-0.67%"
"06/26/2018","58.42","58.46","58.58","58.20","9.48M","0.59%"
"06/25/2018","58.08","58.48","58.50","57.93","15.49M","-1.36%"
"06/22/2018","58.88","59.12","59.19","58.87","5.46M","0.49%"
"06/21/2018","58.59","58.64","58.81","58.45","8.50M","-0.37%"
"06/20/2018","58.81","58.99","59.03","58.67","6.69M","0.03%"
"06/19/2018","58.79","58.72","58.82","58.59","10.18M","-1.82%"
"06/18/2018","59.88","59.73","59.90","59.68","6.88M","-0.73%"
"06/15/2018","60.32","60.36","60.40","60.06","7.90M","-0.53%"
"06/14/2018","60.64","60.72","60.80","60.59","5.55M","-0.10%"
"06/13/2018","60.70","60.84","60.91","60.51","5.16M","0.08%"
"06/12/2018","60.65","60.78","60.86","60.61","5.12M","-0.62%"
"06/11/2018","61.03","61.03","61.17","60.99","7.24M","0.31%"
"06/08/2018","60.84","60.67","60.90","60.65","7.23M","0.30%"
"06/07/2018","60.66","60.90","60.93","60.62","5.25M","0.00%"
"06/06/2018","60.66","60.50","60.68","60.41","5.36M","0.43%"
"06/05/2018","60.40","60.43","60.46","60.31","5.89M","-0.18%"
"06/04/2018","60.51","60.67","60.73","60.50","6.08M","0.60%"
"06/01/2018","60.15","60.13","60.23","60.03","5.63M","0.69%"
"05/31/2018","59.74","59.99","59.99","59.62","6.76M","-0.68%"
"05/30/2018","60.15","59.86","60.20","59.80","8.50M","0.70%"
"05/29/2018","59.73","59.78","59.91","59.59","12.98M","-0.67%"
"05/25/2018","60.13","60.18","60.27","60.05","7.70M","-0.33%"
"05/24/2018","60.33","60.42","60.48","59.90","13.66M","-0.61%"
"05/23/2018","60.70","60.57","60.72","60.41","7.46M","-0.39%"
"05/22/2018","60.94","61.10","61.13","60.88","3.41M","-0.23%"
"05/21/2018","61.08","60.99","61.12","60.97","2.70M","0.11%"
"05/18/2018","61.01","61.14","61.16","61.00","4.19M","-0.25%"
"05/17/2018","61.16","61.14","61.34","61.07","4.41M","-0.02%"
"05/16/2018","61.17","61.10","61.29","61.04","3.77M","0.30%"
"05/15/2018","60.99","61.11","61.12","60.94","5.47M","-1.02%"
"05/14/2018","61.62","61.55","61.66","61.49","3.63M","0.55%"
"05/11/2018","61.28","61.29","61.33","61.22","8.75M","0.76%"
"05/10/2018","60.82","60.74","60.95","60.70","6.18M","0.58%"
"05/09/2018","60.47","60.29","60.51","60.23","7.33M","-0.85%"
"05/08/2018","60.99","60.84","61.01","60.82","6.81M","0.31%"
"05/07/2018","60.80","60.73","60.87","60.70","5.37M","0.12%"
"05/04/2018","60.73","60.13","60.82","60.02","4.64M","0.73%"
"05/03/2018","60.29","60.17","60.44","59.81","11.91M","0.10%"
"05/02/2018","60.23","60.33","60.55","60.18","6.74M","-0.59%"
"05/01/2018","60.59","60.55","60.67","60.36","7.59M","-0.08%"
"04/30/2018","60.64","60.87","61.09","60.62","5.72M","-0.23%"
"04/27/2018","60.78","60.96","61.02","60.76","4.89M","-0.28%"
"04/26/2018","60.95","60.88","61.00","60.78","7.39M","0.61%"
"04/25/2018","60.58","60.58","60.65","60.36","5.66M","0.31%"
"04/24/2018","60.39","60.79","60.84","60.22","7.22M","-0.36%"
"04/23/2018","60.61","60.64","60.69","60.40","8.12M","-0.13%"
"04/20/2018","60.69","60.84","60.87","60.62","3.80M","-0.20%"
"04/19/2018","60.81","60.79","60.88","60.63","4.76M","-0.38%"
"04/18/2018","61.04","61.00","61.14","60.97","6.43M","0.68%"
"04/17/2018","60.63","60.46","60.79","60.35","4.76M","0.38%"
"04/16/2018","60.40","60.55","60.56","60.35","6.15M","0.28%"
"04/13/2018","60.23","60.33","60.34","60.04","4.10M","0.00%"
"04/12/2018","60.23","60.13","60.39","60.12","6.15M","-0.17%"
"04/11/2018","60.33","60.28","60.68","60.26","4.58M","-0.25%"
"04/10/2018","60.48","60.50","60.62","60.30","9.24M","0.55%"
"04/09/2018","60.15","60.25","60.60","60.14","6.45M","0.89%"
"04/06/2018","59.62","60.07","60.23","59.40","10.46M","-1.57%"
"04/05/2018","60.57","60.47","60.73","60.40","8.22M","0.50%"
"04/04/2018","60.27","59.35","60.30","59.30","9.60M","0.10%"
"04/03/2018","60.21","60.02","60.21","59.75","9.16M","1.26%"
"04/02/2018","59.46","60.07","60.19","59.26","10.85M","-2.01%"
"03/29/2018","60.68","60.29","60.99","60.19","13.12M","1.27%"
"03/28/2018","59.92","59.97","60.25","59.62","14.20M","1.13%"
"03/27/2018","59.25","60.18","60.22","59.12","19.87M","0.24%"
"03/26/2018","59.11","58.88","59.14","58.48","10.75M","1.42%"
"03/23/2018","58.28","59.14","59.30","58.27","17.18M","-2.10%"
"03/22/2018","59.53","60.10","60.18","59.48","12.59M","-0.92%"
"03/21/2018","60.08","59.94","60.39","59.83","6.88M","0.13%"
"03/20/2018","60.00","59.97","60.15","59.87","12.45M","0.57%"
"03/19/2018","59.66","60.17","60.20","59.28","9.37M","-1.70%"
"03/16/2018","60.69","60.63","60.80","60.55","5.87M","-0.44%"
"03/15/2018","60.96","61.12","61.24","60.81","6.14M","0.20%"
"03/14/2018","60.84","61.03","61.06","60.59","6.70M","0.43%"
"03/13/2018","60.58","61.04","61.20","60.42","13.74M","-0.16%"
"03/12/2018","60.68","60.79","60.91","60.60","7.67M","0.10%"
"03/09/2018","60.62","60.16","60.65","60.08","7.63M","0.25%"
"03/08/2018","60.47","60.28","60.51","60.20","5.58M","0.62%"
"03/07/2018","60.10","60.02","60.29","59.78","7.94M","-0.84%"
"03/06/2018","60.61","60.78","60.87","60.49","19.48M","0.61%"
"03/05/2018","60.24","59.48","60.31","59.45","12.23M","0.45%"
"03/02/2018","59.97","59.06","59.98","58.91","16.98M","1.13%"
"03/01/2018","59.30","60.30","60.52","59.24","29.94M","-2.90%"
"02/28/2018","61.07","61.67","61.72","61.06","11.54M","-0.88%"
"02/27/2018","61.61","62.18","62.33","61.59","9.20M","-1.36%"
"02/26/2018","62.46","62.01","62.47","61.94","10.65M","1.30%"
"02/23/2018","61.66","61.24","61.66","61.13","7.84M","1.46%"
"02/22/2018","60.77","60.81","61.11","60.64","9.83M","0.46%"
"02/21/2018","60.49","61.09","61.37","60.48","6.62M","-1.00%"
"02/20/2018","61.10","61.26","61.56","61.00","7.87M","-0.81%"
"02/16/2018","61.60","61.28","61.67","61.26","11.86M","1.53%"
"02/15/2018","60.67","60.73","60.79","60.19","10.38M","0.48%"
"02/14/2018","60.38","59.05","60.41","58.97","18.53M","1.51%"
"02/13/2018","59.48","59.06","59.59","58.99","11.73M","-1.23%"
"02/12/2018","60.22","59.65","60.41","59.46","11.62M","1.95%"
"02/09/2018","59.07","59.51","59.62","57.58","30.03M","1.01%"
"02/08/2018","58.48","60.32","60.34","58.47","20.49M","-2.97%"
"02/07/2018","60.27","60.54","61.10","60.26","15.37M","-0.89%"
"02/06/2018","60.81","59.73","60.95","59.63","38.66M","2.43%"
"02/05/2018","59.37","61.11","61.50","59.22","26.96M","-4.73%"
"02/02/2018","62.32","62.92","62.97","62.31","9.31M","-1.47%"
"02/01/2018","63.25","63.08","63.46","63.07","9.06M","0.49%"
"01/31/2018","62.94","63.12","63.20","62.84","11.31M","-0.57%"
"01/30/2018","63.30","63.45","63.48","63.20","11.12M","-1.28%"
"01/29/2018","64.12","64.21","64.27","64.01","9.35M","-0.85%"
"01/26/2018","64.67","64.39","64.72","64.31","8.65M","0.73%"
"01/25/2018","64.20","64.37","64.46","64.01","10.90M","-0.48%"
"01/24/2018","64.51","64.60","64.67","64.19","10.67M","0.03%"
"01/23/2018","64.49","64.40","64.58","64.29","11.61M","0.61%"
"01/22/2018","64.10","63.75","64.10","63.71","6.68M","0.42%"
"01/19/2018","63.83","63.93","63.93","63.67","8.88M","0.63%"
"01/18/2018","63.43","63.31","63.52","63.23","9.96M","-0.84%"
"01/17/2018","63.97","63.77","64.16","63.70","10.37M","0.80%"
"01/16/2018","63.46","63.84","63.89","63.37","11.66M","0.00%"
"01/12/2018","63.46","62.95","63.47","62.89","27.32M","0.32%"
"01/11/2018","63.26","62.85","63.26","62.82","9.09M","0.67%"
"01/10/2018","62.84","62.82","62.92","62.67","10.61M","0.64%"
"01/09/2018","62.44","62.37","62.47","62.24","12.79M","0.06%"
"01/08/2018","62.40","62.31","62.43","62.21","8.95M","0.58%"
"01/05/2018","62.04","61.90","62.07","61.81","8.86M","0.27%"
"01/04/2018","61.87","61.71","61.94","61.65","10.92M","1.23%"
"01/03/2018","61.12","60.57","61.18","60.53","11.57M","1.38%"
"01/02/2018","60.29","60.08","60.32","60.00","8.16M","0.60%"
"12/29/2017","59.93","60.02","60.09","59.90","3.73M","0.18%"
"12/28/2017","59.82","59.98","60.01","59.82","3.40M","-0.23%"
"12/27/2017","59.96","60.01","60.10","59.88","4.54M","-0.13%"
"12/26/2017","60.04","60.00","60.04","59.94","2.77M","0.05%"
"12/22/2017","60.01","59.95","60.04","59.83","5.74M","0.47%"
"12/21/2017","59.73","59.80","59.95","59.72","5.76M","0.07%"
"12/20/2017","59.69","59.86","59.88","59.66","10.67M","0.13%"
"12/19/2017","59.61","59.84","59.89","59.58","6.33M","-1.67%"
"12/18/2017","60.62","60.51","60.70","60.48","8.74M","1.20%"
"12/15/2017","59.90","59.86","60.00","59.79","12.17M","0.05%"
"12/14/2017","59.87","59.99","60.01","59.84","8.70M","-0.47%"
"12/13/2017","60.15","59.92","60.26","59.92","10.78M","0.40%"
"12/12/2017","59.91","59.82","60.05","59.79","5.72M","0.18%"
"12/11/2017","59.80","59.68","59.81","59.65","4.24M","0.34%"
"12/08/2017","59.60","59.58","59.61","59.41","4.33M","0.47%"
"12/07/2017","59.32","59.21","59.52","59.17","7.34M","0.64%"
"12/06/2017","58.94","58.87","59.14","58.84","10.64M","-0.37%"
"12/05/2017","59.16","59.28","59.45","59.14","10.64M","0.25%"
"12/04/2017","59.01","59.36","59.41","59.00","8.67M","-1.06%"
"12/01/2017","59.64","59.68","59.74","59.21","14.96M","-0.45%"
"11/30/2017","59.91","60.14","60.17","59.91","7.54M","0.10%"
"11/29/2017","59.85","60.09","60.10","59.72","6.89M","-0.20%"
"11/28/2017","59.97","59.88","59.98","59.72","8.70M","0.30%"
"11/27/2017","59.79","59.93","59.99","59.78","6.77M","-0.43%"
"11/24/2017","60.05","60.01","60.08","59.96","3.14M","0.82%"
"11/22/2017","59.56","59.59","59.65","59.33","7.53M","0.07%"
"11/21/2017","59.52","59.39","59.54","59.34","7.87M","0.92%"
"11/20/2017","58.98","58.95","59.09","58.88","4.51M","0.49%"
"11/17/2017","58.69","58.82","58.86","58.68","8.13M","-0.49%"
"11/16/2017","58.98","58.70","59.10","58.66","9.91M","1.55%"
"11/15/2017","58.08","57.59","58.19","57.57","11.18M","-0.73%"
"11/14/2017","58.51","58.58","58.75","58.46","7.91M","-0.53%"
"11/13/2017","58.82","58.40","58.86","58.30","8.79M","-0.44%"
"11/10/2017","59.08","59.08","59.20","58.94","8.57M","-0.74%"
"11/09/2017","59.52","59.36","59.58","58.90","16.28M","-0.83%"
"11/08/2017","60.02","60.07","60.15","60.01","7.53M","0.62%"
"11/07/2017","59.65","59.55","59.69","59.44","12.26M","0.79%"
"11/06/2017","59.18","58.97","59.19","58.95","5.92M","-0.02%"
"11/03/2017","59.19","59.04","59.20","58.95","11.67M","0.24%"
"11/02/2017","59.05","58.88","59.07","58.73","13.04M","0.12%"
"11/01/2017","58.98","59.03","59.09","58.91","11.34M","0.56%"
"10/31/2017","58.65","58.49","58.67","58.40","7.96M","0.43%"
"10/30/2017","58.40","58.35","58.42","58.29","8.85M","-0.03%"
"10/27/2017","58.42","58.28","58.43","58.17","5.85M","0.76%"
"10/26/2017","57.98","57.98","58.11","57.93","8.20M","0.54%"
"10/25/2017","57.67","57.81","57.81","57.50","11.75M","-0.81%"
"10/24/2017","58.14","58.02","58.23","57.96","7.84M","0.83%"
"10/23/2017","57.66","57.84","57.84","57.63","11.56M","0.24%"
"10/20/2017","57.52","57.39","57.53","57.32","12.76M","0.23%"
"10/19/2017","57.39","57.19","57.40","57.15","5.19M","-0.23%"
"10/18/2017","57.52","57.46","57.52","57.35","4.43M","-0.10%"
"10/17/2017","57.58","57.47","57.60","57.40","5.65M","-0.10%"
"10/16/2017","57.64","57.65","57.69","57.57","6.73M","0.45%"
"10/13/2017","57.38","57.28","57.38","57.21","8.67M","1.24%"
"10/12/2017","56.68","56.74","56.79","56.64","5.69M","-0.12%"
"10/11/2017","56.75","56.63","56.78","56.61","8.62M","0.51%"
"10/10/2017","56.46","56.45","56.49","56.40","6.37M","0.71%"
"10/09/2017","56.06","56.13","56.16","56.04","2.02M","0.13%"
"10/06/2017","55.99","55.81","56.01","55.77","6.57M","-0.05%"
"10/05/2017","56.02","55.95","56.03","55.91","4.16M","-0.05%"
"10/04/2017","56.05","55.96","56.07","55.95","8.99M","0.02%"
"10/03/2017","56.04","55.75","56.05","55.71","10.20M","0.59%"
"10/02/2017","55.71","55.58","55.74","55.49","5.26M","0.00%"
"09/29/2017","55.71","55.70","55.75","55.58","6.22M","0.02%"
"09/28/2017","55.70","55.55","55.76","55.55","3.72M","0.07%"
"09/27/2017","55.66","55.47","55.69","55.44","5.98M","0.20%"
"09/26/2017","55.55","55.59","55.62","55.43","10.88M","0.00%"
"09/25/2017","55.55","55.47","55.59","55.43","10.84M","0.22%"
"09/22/2017","55.43","55.42","55.45","55.37","2.19M","0.11%"
"09/21/2017","55.37","55.48","55.48","55.34","7.97M","-0.40%"
"09/20/2017","55.59","55.69","55.83","55.46","4.06M","0.04%"
"09/19/2017","55.57","55.58","55.60","55.44","4.77M","0.58%"
"09/18/2017","55.25","55.25","55.32","55.18","2.44M","0.02%"
"09/15/2017","55.24","55.16","55.26","55.05","7.42M","0.15%"
"09/14/2017","55.16","54.92","55.18","54.91","7.46M","0.02%"
"09/13/2017","55.15","55.19","55.21","55.05","4.11M","-0.20%"
"09/12/2017","55.26","55.35","55.38","55.23","4.14M","0.07%"
"09/11/2017","55.22","55.32","55.43","55.20","3.42M","0.45%"
"09/08/2017","54.97","54.97","55.04","54.91","4.79M","0.31%"
"09/07/2017","54.80","54.83","54.92","54.72","4.71M","0.59%"
"09/06/2017","54.48","54.50","54.61","54.45","5.57M","0.42%"
"09/05/2017","54.25","54.24","54.31","54.04","7.42M","-0.44%"
"09/01/2017","54.49","54.63","54.68","54.48","8.47M","-0.40%"
"08/31/2017","54.71","54.50","54.77","54.50","3.84M","0.79%"
"08/30/2017","54.28","54.20","54.30","54.12","6.05M","-0.06%"
"08/29/2017","54.31","54.38","54.48","54.30","5.03M","-0.20%"
"08/28/2017","54.42","54.48","54.50","54.37","4.36M","0.11%"
"08/25/2017","54.36","54.31","54.47","54.26","3.30M","0.33%"
"08/24/2017","54.18","54.26","54.28","54.15","4.04M","-0.51%"
"08/23/2017","54.46","54.46","54.51","54.37","3.29M","0.04%"
"08/22/2017","54.44","54.34","54.51","54.32","4.64M","0.20%"
"08/21/2017","54.33","54.33","54.38","54.23","2.21M","-0.22%"
"08/18/2017","54.45","54.38","54.58","54.38","6.36M","0.44%"
"08/17/2017","54.21","54.53","54.58","54.20","6.61M","-0.68%"
"08/16/2017","54.58","54.41","54.60","54.39","3.43M","0.33%"
"08/15/2017","54.40","54.49","54.53","54.35","3.46M","-0.13%"
"08/14/2017","54.47","54.40","54.52","54.38","6.45M","0.74%"
"08/11/2017","54.07","54.17","54.24","54.06","5.95M","-0.15%"
"08/10/2017","54.15","54.58","54.60","54.08","5.54M","-1.04%"
"08/09/2017","54.72","54.77","54.77","54.64","8.72M","-0.62%"
"08/08/2017","55.06","55.06","55.15","54.98","4.65M","-0.11%"
"08/07/2017","55.12","54.99","55.13","54.97","2.47M","-0.04%"
"08/04/2017","55.14","55.15","55.19","54.99","3.91M","-0.09%"
"08/03/2017","55.19","55.06","55.24","55.05","8.12M","0.25%"
"08/02/2017","55.05","55.12","55.14","55.04","2.43M","-0.05%"
"08/01/2017","55.08","55.21","55.28","55.08","4.81M","0.58%"
"07/31/2017","54.76","54.68","54.80","54.63","2.85M","0.33%"
"07/28/2017","54.58","54.41","54.60","54.38","2.83M","0.29%"
"07/27/2017","54.42","54.49","54.49","54.30","6.38M","0.33%"
"07/26/2017","54.24","54.10","54.26","53.98","5.57M","0.33%"
"07/25/2017","54.06","54.13","54.25","54.05","4.58M","-0.35%"
"07/24/2017","54.25","54.25","54.27","54.09","2.89M","-0.20%"
"07/21/2017","54.36","54.24","54.40","54.21","4.35M","0.18%"
"07/20/2017","54.26","54.24","54.34","54.18","5.54M","0.37%"
"07/19/2017","54.06","54.00","54.09","53.97","3.38M","0.41%"
"07/18/2017","53.84","53.78","53.86","53.75","5.01M","0.52%"
"07/17/2017","53.56","53.63","53.75","53.53","5.91M","-0.13%"
"07/14/2017","53.63","53.71","53.72","53.52","5.66M","0.24%"
"07/13/2017","53.50","53.43","53.52","53.37","3.43M","-0.13%"
"07/12/2017","53.57","53.49","53.61","53.49","4.82M","0.70%"
"07/11/2017","53.20","53.05","53.21","52.99","5.61M","0.68%"
"07/10/2017","52.84","52.84","52.96","52.81","6.58M","-0.26%"
"07/07/2017","52.98","52.81","53.00","52.81","4.27M","-0.06%"
"07/06/2017","53.01","53.10","53.10","52.93","22.68M","-0.73%"
"07/05/2017","53.40","53.30","53.43","53.22","4.34M","0.02%"
"07/03/2017","53.39","53.59","53.59","53.35","6.12M","-0.48%"
"06/30/2017","53.65","53.71","53.76","53.48","5.43M","0.34%"
"06/29/2017","53.47","53.77","53.84","53.27","7.50M","-1.00%"
"06/28/2017","54.01","53.77","54.04","53.73","6.80M","0.45%"
"06/27/2017","53.77","53.89","53.90","53.72","3.86M","-0.24%"
"06/26/2017","53.90","54.12","54.16","53.88","4.72M","-0.28%"
"06/23/2017","54.05","54.01","54.08","53.96","3.42M","-0.07%"
"06/22/2017","54.09","54.05","54.09","54.00","9.90M","0.20%"
"06/21/2017","53.98","53.98","54.00","53.91","7.07M","-0.15%"
"06/20/2017","54.06","54.06","54.15","54.03","11.77M","-0.61%"
"06/19/2017","54.39","54.34","54.43","54.30","8.28M","0.31%"
"06/16/2017","54.22","54.06","54.23","54.02","8.19M","0.41%"
"06/15/2017","54.00","53.86","54.05","53.75","10.85M","-0.97%"
"06/14/2017","54.53","54.64","54.71","54.40","6.85M","-0.05%"
"06/13/2017","54.56","54.49","54.58","54.45","3.47M","0.55%"
"06/12/2017","54.26","54.19","54.31","54.14","4.42M","0.31%"
"06/09/2017","54.09","54.15","54.34","53.92","8.92M","-0.90%"
"06/08/2017","54.58","54.61","54.63","54.50","9.93M","-0.24%"
"06/07/2017","54.71","54.82","54.84","54.68","2.96M","-0.04%"
"06/06/2017","54.73","54.72","54.80","54.68","3.55M","0.07%"
"06/05/2017","54.69","54.68","54.76","54.65","3.89M","-0.38%"
"06/02/2017","54.90","54.61","54.90","54.55","6.19M","2.10%"
"06/01/2017","53.77","53.70","53.78","53.62","6.25M","0.90%"
"05/31/2017","53.29","53.39","53.39","53.23","2.83M","0.00%"
"05/30/2017","53.29","53.24","53.37","53.20","3.48M","0.21%"
"05/26/2017","53.18","53.03","53.18","52.98","2.55M","0.06%"
"05/25/2017","53.15","53.09","53.19","53.05","2.37M","0.26%"
"05/24/2017","53.01","52.90","53.01","52.83","2.86M","-0.15%"
"05/23/2017","53.09","53.14","53.18","53.07","3.33M","0.13%"
"05/22/2017","53.02","53.00","53.07","52.96","2.78M","-0.06%"
"05/19/2017","53.05","52.87","53.08","52.83","6.98M","0.82%"
"05/18/2017","52.62","52.42","52.67","52.33","5.13M","0.27%"
"05/17/2017","52.48","52.60","52.67","52.42","7.07M","-0.15%"
"05/16/2017","52.56","52.64","52.67","52.44","3.93M","0.08%"
"05/15/2017","52.52","52.52","52.60","52.49","4.03M","0.29%"
"05/12/2017","52.37","52.36","52.45","52.33","4.67M","0.25%"
"05/11/2017","52.24","52.32","52.35","52.22","6.92M","-0.27%"
"05/10/2017","52.38","52.47","52.48","52.38","5.11M","-0.46%"
"05/09/2017","52.62","52.64","52.68","52.54","7.21M","-0.32%"
"05/08/2017","52.79","52.88","52.91","52.76","12.06M","0.04%"
"05/05/2017","52.77","52.54","52.79","52.50","5.87M","0.55%"
"05/04/2017","52.48","52.28","52.50","52.23","6.38M","0.25%"
"05/03/2017","52.35","52.15","52.44","52.08","4.77M","0.25%"
"05/02/2017","52.22","52.32","52.34","52.20","4.03M","0.31%"
"05/01/2017","52.06","52.05","52.11","51.99","3.74M","0.39%"
"04/28/2017","51.86","51.91","51.93","51.84","6.29M","-0.48%"
"04/27/2017","52.11","52.13","52.17","52.02","7.08M","0.08%"
"04/26/2017","52.07","52.09","52.22","52.06","7.51M","0.12%"
"04/25/2017","52.01","52.05","52.15","51.99","3.64M","0.37%"
"04/24/2017","51.82","51.82","51.85","51.72","5.12M","0.70%"
"04/21/2017","51.46","51.45","51.51","51.41","6.42M","0.37%"
"04/20/2017","51.27","51.19","51.32","51.17","11.18M","0.61%"
"04/19/2017","50.96","51.11","51.14","50.90","4.28M","-0.06%"
"04/18/2017","50.99","50.96","50.99","50.85","5.46M","-0.31%"
"04/17/2017","51.15","51.07","51.20","51.04","5.10M","1.07%"
"04/13/2017","50.61","50.73","50.73","50.58","3.68M","-0.84%"
"04/12/2017","51.04","50.97","51.10","50.88","4.38M","-0.33%"
"04/11/2017","51.21","51.11","51.22","50.91","4.96M","0.51%"
"04/10/2017","50.95","50.90","51.01","50.84","3.21M","-0.23%"
"04/07/2017","51.07","51.09","51.20","51.00","5.14M","0.22%"
"04/06/2017","50.96","50.84","50.97","50.81","4.50M","-0.51%"
"04/05/2017","51.22","51.45","51.55","51.22","8.77M","-0.70%"
"04/04/2017","51.58","51.48","51.67","51.38","12.28M","-0.35%"
"04/03/2017","51.76","51.56","51.79","51.45","5.72M","0.50%"
"03/31/2017","51.50","51.32","51.52","51.28","6.98M","-0.92%"
"03/30/2017","51.98","51.97","52.04","51.94","4.35M","-0.55%"
"03/29/2017","52.27","52.19","52.28","52.17","5.10M","-0.13%"
"03/28/2017","52.34","52.10","52.38","52.09","8.11M","0.85%"
"03/27/2017","51.90","51.65","51.97","51.61","5.85M","0.06%"
"03/24/2017","51.87","51.86","52.04","51.86","6.05M","0.62%"
"03/23/2017","51.55","51.44","51.69","51.38","5.93M","0.08%"
"03/22/2017","51.51","51.38","51.55","51.28","5.89M","0.14%"
"03/21/2017","51.44","51.99","52.01","51.37","10.79M","-0.79%"
"03/20/2017","51.85","51.91","51.99","51.73","4.45M","0.04%"
"03/17/2017","51.83","51.80","51.91","51.74","5.35M","0.33%"
"03/16/2017","51.66","52.06","52.09","51.63","10.68M","-0.19%"
"03/15/2017","51.76","51.34","51.88","51.33","9.53M","1.01%"
"03/14/2017","51.24","51.32","51.34","51.20","13.29M","-0.70%"
"03/13/2017","51.60","51.58","51.65","51.53","4.80M","0.51%"
"03/10/2017","51.34","51.29","51.38","51.23","5.09M","0.73%"
"03/09/2017","50.97","50.86","51.01","50.84","3.79M","0.00%"
"03/08/2017","50.97","51.07","51.10","50.93","3.22M","-0.31%"
"03/07/2017","51.13","51.21","51.29","51.13","4.15M","-0.23%"
"03/06/2017","51.25","51.23","51.29","51.15","4.11M","-0.23%"
"03/03/2017","51.37","51.29","51.39","51.18","4.99M","0.06%"
"03/02/2017","51.34","51.54","51.55","51.29","5.50M","-0.95%"
"03/01/2017","51.83","51.69","51.97","51.66","6.66M","1.17%"
"02/28/2017","51.23","51.33","51.38","51.16","5.88M","-0.25%"
"02/27/2017","51.36","51.26","51.37","51.21","3.58M","-0.31%"
"02/24/2017","51.52","51.37","51.54","51.37","5.57M","-0.21%"
"02/23/2017","51.63","51.72","51.76","51.53","4.93M","-0.10%"
"02/22/2017","51.68","51.60","51.69","51.52","10.71M","0.12%"
"02/21/2017","51.62","51.49","51.70","51.49","4.20M","0.84%"
"02/17/2017","51.19","50.97","51.20","50.93","4.52M","-0.06%"
"02/16/2017","51.22","51.08","51.23","50.99","7.49M","0.12%"
"02/15/2017","51.16","50.94","51.20","50.91","5.58M","-0.10%"
"02/14/2017","51.21","51.09","51.26","50.89","8.11M","-0.72%"
"02/13/2017","51.58","51.50","51.70","51.49","2.73M","0.39%"
"02/10/2017","51.38","51.30","51.41","51.26","4.30M","0.71%"
"02/09/2017","51.02","50.84","51.12","50.72","5.79M","-0.14%"
"02/08/2017","51.09","51.11","51.13","51.01","3.06M","0.29%"
"02/07/2017","50.94","50.92","50.99","50.90","3.11M","-0.06%"
"02/06/2017","50.97","50.80","50.99","50.72","3.33M","-0.16%"
"02/03/2017","51.05","50.87","51.12","50.84","6.33M","0.45%"
"02/02/2017","50.82","50.69","50.85","50.63","4.01M","-0.04%"
"02/01/2017","50.84","50.96","51.02","50.78","9.63M","0.53%"
"01/31/2017","50.57","50.58","50.65","50.32","10.31M","-0.24%"
"01/30/2017","50.69","50.71","50.75","50.41","7.35M","-0.28%"
"01/27/2017","50.83","50.98","51.02","50.76","6.43M","-0.82%"
"01/26/2017","51.25","51.46","51.50","51.24","7.89M","0.14%"
"01/25/2017","51.18","50.89","51.19","50.84","14.35M","1.05%"
"01/24/2017","50.65","50.41","50.69","50.37","5.98M","0.26%"
"01/23/2017","50.52","50.37","50.60","50.33","9.61M","0.06%"
"01/20/2017","50.49","50.56","50.60","50.37","5.81M","0.64%"
"01/19/2017","50.17","50.28","50.30","50.02","5.32M","-0.28%"
"01/18/2017","50.31","50.29","50.40","50.17","5.03M","-0.02%"
"01/17/2017","50.32","50.33","50.47","50.22","8.53M","-1.12%"
"01/13/2017","50.89","50.70","50.92","50.64","7.65M","0.63%"
"01/12/2017","50.57","50.56","50.60","50.28","8.87M","-0.16%"
"01/11/2017","50.65","50.37","50.67","50.35","7.43M","0.66%"
"01/10/2017","50.32","50.32","50.47","50.28","5.18M","-0.38%"
"01/09/2017","50.51","50.49","50.52","50.40","4.77M","0.10%"
"01/06/2017","50.46","50.41","50.56","50.37","3.63M","-0.16%"
"01/05/2017","50.54","50.51","50.64","50.47","7.38M","0.58%"
"01/04/2017","50.25","49.98","50.28","49.98","10.82M","2.01%"
"01/03/2017","49.26","49.06","49.28","48.93","9.61M","0.82%"
"12/30/2016","48.86","48.99","49.04","48.80","3.40M","-0.04%"
"12/29/2016","48.88","48.93","49.00","48.79","4.89M","-1.01%"
"12/28/2016","49.38","49.49","49.52","49.34","3.75M","-0.14%"
"12/27/2016","49.45","49.47","49.52","49.42","3.92M","-0.62%"
"12/23/2016","49.76","49.74","49.80","49.68","5.54M","0.18%"
"12/22/2016","49.67","49.54","49.67","49.52","4.83M","-0.16%"
"12/21/2016","49.75","49.74","49.77","49.65","4.54M","-1.68%"
"12/20/2016","50.60","50.54","50.63","50.52","5.63M","0.10%"
"12/19/2016","50.55","50.44","50.66","50.44","5.27M","0.86%"
"12/16/2016","50.12","50.17","50.26","50.01","8.55M","-0.87%"
"12/15/2016","50.56","50.45","50.58","50.36","10.03M","0.00%"
"12/14/2016","50.56","51.04","51.09","50.47","14.21M","-1.54%"
"12/13/2016","51.35","51.20","51.39","51.16","8.06M","1.18%"
"12/12/2016","50.75","50.94","50.98","50.70","4.83M","-0.98%"
"12/09/2016","51.25","51.14","51.28","51.08","4.55M","0.29%"
"12/08/2016","51.10","50.96","51.19","50.95","9.04M","1.15%"
"12/07/2016","50.52","50.02","50.61","50.02","6.89M","1.49%"
"12/06/2016","49.78","49.64","49.87","49.59","8.99M","0.44%"
"12/05/2016","49.56","49.51","49.75","49.51","13.17M","-0.12%"
"12/02/2016","49.62","49.49","49.63","49.43","5.47M","0.30%"
"12/01/2016","49.47","49.62","49.66","49.40","7.01M","-0.84%"
"11/30/2016","49.89","50.10","50.11","49.84","9.58M","-0.16%"
"11/29/2016","49.97","49.91","50.19","49.84","12.38M","0.10%"
"11/28/2016","49.92","49.79","49.96","49.77","9.33M","0.87%"
"11/25/2016","49.49","49.43","49.52","49.37","8.17M","-0.84%"
"11/23/2016","49.91","49.58","49.95","49.55","7.40M","0.00%"
"11/22/2016","49.91","49.92","49.95","49.69","9.42M","0.24%"
"11/21/2016","49.79","49.58","49.83","49.58","5.45M","0.81%"
"11/18/2016","49.39","49.46","49.52","49.34","8.07M","-1.50%"
"11/17/2016","50.14","49.76","50.16","49.75","16.21M","1.50%"
"11/16/2016","49.40","49.56","49.67","49.39","14.43M","-0.48%"
"11/15/2016","49.64","49.46","49.71","49.45","15.46M","0.16%"
"11/14/2016","49.56","49.46","49.57","49.31","10.24M","0.12%"
"11/11/2016","49.50","49.43","49.56","49.30","7.46M","0.14%"
"11/10/2016","49.43","49.50","49.67","49.12","20.03M","0.08%"
"11/09/2016","49.39","49.25","49.72","49.17","19.42M","-0.84%"
"11/08/2016","49.81","49.60","49.99","49.56","11.18M","-0.12%"
"11/07/2016","49.87","49.75","49.87","49.70","8.22M","0.71%"
"11/04/2016","49.52","49.56","49.72","49.44","5.57M","-1.20%"
"11/03/2016","50.12","50.16","50.24","49.96","6.35M","0.24%"
"11/02/2016","50.00","50.16","50.28","49.88","6.83M","-0.64%"
"11/01/2016","50.32","50.52","50.52","50.12","5.51M","-0.40%"
"10/31/2016","50.52","50.48","50.60","50.36","6.95M","0.08%"
"10/28/2016","50.48","50.28","50.48","50.24","7.11M","0.16%"
"10/27/2016","50.40","50.40","50.48","50.24","3.17M","0.16%"
"10/26/2016","50.32","50.24","50.40","50.24","2.75M","-0.16%"
"10/25/2016","50.40","50.24","50.40","50.16","3.01M","0.08%"
"10/24/2016","50.36","50.36","50.40","50.20","2.57M","0.16%"
"10/21/2016","50.28","50.04","50.32","50.00","2.32M","0.00%"
"10/20/2016","50.28","50.20","50.40","50.08","8.13M","0.88%"
"10/19/2016","49.84","49.92","50.04","49.84","3.00M","0.32%"
"10/18/2016","49.68","49.68","49.84","49.64","4.09M","0.57%"
"10/17/2016","49.40","49.44","49.52","49.36","2.64M","0.08%"
"10/14/2016","49.36","49.44","49.52","49.28","5.31M","0.00%"
"10/13/2016","49.36","49.12","49.43","49.00","5.86M","-0.16%"
"10/12/2016","49.44","49.48","49.48","49.28","3.51M","-0.16%"
"10/11/2016","49.52","49.76","49.80","49.44","7.52M","-0.88%"
"10/10/2016","49.96","49.92","50.08","49.92","1.85M","0.32%"
"10/07/2016","49.80","49.80","49.84","49.48","5.24M","0.00%"
"10/06/2016","49.80","49.68","49.84","49.64","19.15M","-0.48%"
"10/05/2016","50.04","49.96","50.08","49.90","6.43M","0.64%"
"10/04/2016","49.72","50.08","50.16","49.64","10.87M","-0.56%"
"10/03/2016","50.00","49.92","50.04","49.88","4.02M","-0.32%"
"09/30/2016","50.16","50.00","50.32","49.96","12.56M","-0.16%"
"09/29/2016","50.24","50.40","50.48","50.12","5.82M","-0.71%"
"09/28/2016","50.60","50.56","50.64","50.32","9.97M","-0.16%"
"09/27/2016","50.68","50.52","50.72","50.42","6.62M","1.12%"
"09/26/2016","50.12","50.04","50.12","49.96","3.46M","-0.87%"
"09/23/2016","50.56","50.56","50.64","50.48","4.78M","-1.40%"
"09/22/2016","51.28","51.40","51.48","51.16","9.22M","1.26%"
"09/21/2016","50.64","50.56","50.80","50.24","12.67M","2.93%"
"09/20/2016","49.20","49.28","49.40","49.16","9.65M","1.40%"
"09/19/2016","48.52","48.72","48.84","48.52","3.25M","0.33%"
"09/16/2016","48.36","48.44","48.52","48.24","3.92M","-0.82%"
"09/15/2016","48.76","48.40","48.88","48.32","5.89M","0.49%"
"09/14/2016","48.52","48.52","48.76","48.38","7.79M","-0.66%"
"09/13/2016","48.84","49.20","49.28","48.64","10.11M","-1.77%"
"09/12/2016","49.72","49.20","49.76","49.14","8.72M","0.81%"
"09/09/2016","49.32","49.68","49.74","49.28","7.29M","-1.60%"
"09/08/2016","50.12","50.24","50.32","50.00","6.90M","-0.48%"
"09/07/2016","50.36","50.60","50.64","50.28","6.85M","0.48%"
"09/06/2016","50.12","49.80","50.16","49.80","6.24M","0.56%"
"09/02/2016","49.84","49.76","49.88","49.68","5.57M","0.73%"
"09/01/2016","49.48","49.44","49.52","49.30","5.76M","0.73%"
"08/31/2016","49.12","49.12","49.12","48.84","7.05M","0.16%"
"08/30/2016","49.04","49.04","49.16","49.00","11.42M","0.00%"
"08/29/2016","49.04","48.96","49.12","48.84","11.88M","0.33%"
"08/26/2016","48.88","49.08","49.36","48.64","9.01M","-0.73%"
"08/25/2016","49.24","49.28","49.40","49.20","3.12M","-0.49%"
"08/24/2016","49.48","49.56","49.56","49.40","4.89M","-0.08%"
"08/23/2016","49.52","49.52","49.64","49.44","4.10M","0.08%"
"08/22/2016","49.48","49.28","49.48","49.16","9.19M","0.57%"
"08/19/2016","49.20","49.04","49.20","48.96","3.12M","-0.24%"
"08/18/2016","49.32","49.16","49.40","49.12","4.45M","-0.48%"
"08/17/2016","49.56","49.40","49.60","49.28","6.22M","0.81%"
"08/16/2016","49.16","49.16","49.28","49.12","4.14M","-0.89%"
"08/15/2016","49.60","49.52","49.72","49.52","4.05M","0.57%"
"08/12/2016","49.32","49.40","49.56","49.24","9.51M","-0.48%"
"08/11/2016","49.56","49.48","49.60","49.36","5.01M","0.73%"
"08/10/2016","49.20","49.40","49.40","49.16","5.62M","0.33%"
"08/09/2016","49.04","48.88","49.16","48.88","10.30M","0.91%"
"08/08/2016","48.60","48.68","48.72","48.52","4.55M","0.41%"
"08/05/2016","48.40","48.28","48.44","48.20","4.65M","0.33%"
"08/04/2016","48.24","48.08","48.24","47.96","8.30M","1.43%"
"08/03/2016","47.56","47.36","47.60","47.32","6.48M","-0.50%"
"08/02/2016","47.80","47.96","47.96","47.48","14.72M","-1.24%"
"08/01/2016","48.40","48.40","48.56","48.32","5.83M","0.33%"
"07/29/2016","48.24","48.20","48.36","48.12","11.57M","1.77%"
"07/28/2016","47.40","47.16","47.52","47.00","14.06M","0.00%"
"07/27/2016","47.40","47.64","47.64","47.16","8.35M","0.17%"
"07/26/2016","47.32","47.48","47.60","47.24","9.17M","0.08%"
"07/25/2016","47.28","47.40","47.44","47.12","4.87M","-0.34%"
"07/22/2016","47.44","47.44","47.56","47.40","4.11M","0.17%"
"07/21/2016","47.36","47.28","47.40","47.16","6.98M","-0.75%"
"07/20/2016","47.72","47.64","47.80","47.58","6.25M","0.85%"
"07/19/2016","47.32","47.40","47.44","47.20","9.62M","-0.67%"
"07/18/2016","47.64","47.52","47.72","47.48","8.51M","0.25%"
"07/15/2016","47.52","47.52","47.64","47.44","17.38M","-0.34%"
"07/14/2016","47.68","47.64","47.84","47.60","7.14M","0.17%"
"07/13/2016","47.60","47.60","47.64","47.44","7.28M","-0.17%"
"07/12/2016","47.68","47.76","47.88","47.66","11.59M","0.59%"
"07/11/2016","47.40","47.16","47.60","47.16","12.16M","2.42%"
"07/08/2016","46.28","45.84","46.36","45.84","6.33M","0.70%"
"07/07/2016","45.96","45.96","46.14","45.80","6.43M","0.09%"
"07/06/2016","45.92","45.68","45.92","45.44","12.08M","0.00%"
"07/05/2016","45.92","46.08","46.20","45.84","6.16M","0.00%"
"07/01/2016","45.92","45.88","46.12","45.84","13.45M","-0.17%"
"06/30/2016","46.00","45.84","46.10","45.68","27.70M","-0.86%"
"06/29/2016","46.40","46.24","46.48","46.12","5.93M","1.31%"
"06/28/2016","45.80","45.76","45.88","45.40","10.83M","1.51%"
"06/27/2016","45.12","45.36","45.40","44.60","18.82M","-0.53%"
"06/24/2016","45.36","45.18","45.88","45.16","16.16M","-4.14%"
"06/23/2016","47.32","47.12","47.32","46.96","14.78M","2.25%"
"06/22/2016","46.28","46.56","46.76","46.28","11.37M","-1.70%"
"06/21/2016","47.08","47.32","47.52","47.04","12.58M","0.68%"
"06/20/2016","46.76","46.88","47.12","46.68","8.78M","2.27%"
"06/17/2016","45.72","45.60","45.96","45.36","12.88M","-0.17%"
"06/16/2016","45.80","45.40","45.84","45.08","8.18M","-0.43%"
"06/15/2016","46.00","45.92","46.24","45.84","8.40M","0.97%"
"06/14/2016","45.56","45.48","45.62","45.20","11.50M","-0.44%"
"06/13/2016","45.76","45.88","46.16","45.68","7.45M","-1.80%"
"06/10/2016","46.60","46.76","46.76","46.36","6.87M","-1.77%"
"06/09/2016","47.44","47.44","47.52","47.28","5.71M","-1.17%"
"06/08/2016","48.00","48.00","48.08","47.92","3.25M","0.59%"
"06/07/2016","47.72","47.68","47.88","47.68","5.11M","0.68%"
"06/06/2016","47.40","47.32","47.60","47.21","5.75M","1.02%"
"06/03/2016","46.92","46.84","46.92","46.56","6.63M","0.43%"
"06/02/2016","46.72","46.56","46.76","46.48","10.24M","-0.85%"
"06/01/2016","47.12","47.12","47.20","46.96","3.62M","-0.08%"
"05/31/2016","47.16","47.32","47.40","47.08","11.47M","0.81%"
"05/27/2016","46.78","46.72","46.88","46.72","3.57M","-0.30%"
"05/26/2016","46.92","46.80","46.96","46.76","4.71M","-0.09%"
"05/25/2016","46.96","46.80","47.12","46.80","6.08M","0.73%"
"05/24/2016","46.62","46.36","46.72","46.36","8.42M","0.73%"
"05/23/2016","46.28","46.40","46.48","46.28","5.64M","-0.43%"
"05/20/2016","46.48","46.40","46.56","46.28","8.10M","0.69%"
"05/19/2016","46.16","46.08","46.28","45.96","6.09M","-0.69%"
"05/18/2016","46.48","46.56","46.96","46.44","9.11M","0.09%"
"05/17/2016","46.44","46.80","46.84","46.40","6.23M","-0.68%"
"05/16/2016","46.76","46.44","46.84","46.44","5.31M","1.39%"
"05/13/2016","46.12","46.16","46.38","46.04","5.87M","-1.37%"
"05/12/2016","46.76","47.04","47.04","46.56","7.50M","0.78%"
"05/11/2016","46.40","46.84","46.88","46.40","8.62M","-1.86%"
"05/10/2016","47.28","46.80","47.32","46.80","9.92M","2.52%"
"05/09/2016","46.12","46.48","46.56","46.12","10.07M","-0.09%"
"05/06/2016","46.16","45.92","46.32","45.88","10.47M","0.52%"
"05/05/2016","45.92","45.92","46.04","45.76","9.37M","0.53%"
"05/04/2016","45.68","45.84","45.94","45.56","15.67M","-0.87%"
"05/03/2016","46.08","46.24","46.32","45.92","14.89M","-0.95%"
"05/02/2016","46.52","46.48","46.70","46.32","8.25M","1.84%"
"04/29/2016","45.68","45.96","46.08","45.52","17.21M","-0.87%"
"04/28/2016","46.08","46.68","47.04","45.82","25.64M","-4.56%"
"04/27/2016","48.28","48.00","48.32","47.96","10.13M","-0.08%"
"04/26/2016","48.32","48.16","48.39","48.08","6.36M","-0.41%"
"04/25/2016","48.52","48.40","48.52","48.20","6.64M","-0.66%"
"04/22/2016","48.84","48.80","49.00","48.64","8.80M","0.74%"
"04/21/2016","48.48","48.56","48.68","48.32","8.79M","0.00%"
"04/20/2016","48.48","48.36","48.88","48.29","15.17M","0.58%"
"04/19/2016","48.20","48.28","48.44","48.08","8.25M","1.52%"
"04/18/2016","47.48","47.00","47.48","46.92","7.29M","0.76%"
"04/15/2016","47.12","47.36","47.36","47.08","9.42M","-0.93%"
"04/14/2016","47.56","47.62","47.80","47.44","14.55M","0.42%"
"04/13/2016","47.36","47.20","47.48","47.12","12.78M","2.78%"
"04/12/2016","46.08","45.92","46.32","45.76","13.55M","2.31%"
"04/11/2016","45.04","45.36","45.52","45.04","9.86M","-0.62%"
"04/08/2016","45.32","45.40","45.56","45.24","15.89M","2.91%"
"04/07/2016","44.04","44.44","44.56","43.84","29.45M","-0.54%"
"04/06/2016","44.28","43.80","44.28","43.60","13.16M","1.65%"
"04/05/2016","43.56","43.48","43.72","43.40","8.37M","-2.16%"
"04/04/2016","44.52","44.64","44.68","44.37","7.19M","0.00%"
"04/01/2016","44.52","44.32","44.72","44.16","11.21M","-2.45%"
"03/31/2016","45.64","45.80","45.92","45.64","9.04M","-1.64%"
"03/30/2016","46.40","46.40","46.64","46.40","9.94M","-0.34%"
"03/29/2016","46.56","46.00","46.56","45.96","6.80M","1.04%"
"03/28/2016","46.08","46.04","46.24","46.04","4.59M","1.50%"
"03/24/2016","45.40","45.16","45.44","45.12","5.88M","-0.61%"
"03/23/2016","45.68","45.96","46.00","45.64","6.08M","-1.30%"
"03/22/2016","46.28","46.20","46.36","46.12","7.67M","0.61%"
"03/21/2016","46.00","45.80","46.04","45.72","4.52M","0.44%"
"03/18/2016","45.80","45.68","45.92","45.52","11.28M","-0.35%"
"03/17/2016","45.96","45.64","46.08","45.52","11.59M","0.35%"
"03/16/2016","45.80","45.36","45.96","45.36","6.49M","0.17%"
"03/15/2016","45.72","45.64","45.76","45.56","8.78M","-1.30%"
"03/14/2016","46.32","46.20","46.36","46.12","4.68M","0.43%"
"03/11/2016","46.12","45.80","46.16","45.78","8.99M","2.67%"
"03/10/2016","44.92","45.64","45.80","44.56","20.47M","-0.44%"
"03/09/2016","45.12","45.24","45.32","45.00","7.19M","-0.09%"
"03/08/2016","45.16","45.28","45.48","45.12","7.85M","-0.96%"
"03/07/2016","45.60","45.40","45.72","45.36","7.94M","-1.04%"
"03/04/2016","46.08","46.20","46.28","45.92","13.67M","1.05%"
"03/03/2016","45.60","45.56","45.72","45.48","14.15M","0.71%"
"03/02/2016","45.28","45.04","45.32","45.04","7.41M","1.43%"
"03/01/2016","44.64","44.16","44.72","44.04","8.19M","2.48%"
"02/29/2016","43.56","43.96","44.08","43.56","12.90M","-1.54%"
"02/26/2016","44.24","44.60","44.72","44.16","6.68M","-0.09%"
"02/25/2016","44.28","44.04","44.32","43.84","11.56M","1.19%"
"02/24/2016","43.76","43.20","43.80","42.92","15.09M","1.02%"
"02/23/2016","43.32","43.72","43.74","43.24","8.92M","-1.63%"
"02/22/2016","44.04","43.96","44.20","43.88","8.29M","1.66%"
"02/19/2016","43.32","43.20","43.40","43.08","6.69M","-0.46%"
"02/18/2016","43.52","44.04","44.08","43.40","12.21M","0.00%"
"02/17/2016","43.52","43.40","43.72","43.36","12.14M","0.83%"
"02/16/2016","43.16","43.00","43.20","42.72","16.00M","3.65%"
"02/12/2016","41.64","40.96","41.76","40.72","12.10M","0.87%"
"02/11/2016","41.28","41.40","41.64","40.97","21.40M","-1.99%"
"02/10/2016","42.12","42.48","42.92","42.00","22.88M","-1.77%"
"02/09/2016","42.88","42.52","43.16","42.52","22.07M","-1.92%"
"02/08/2016","43.72","43.92","43.92","43.24","13.20M","-0.18%"
"02/05/2016","43.80","44.32","44.36","43.60","14.67M","-1.71%"
"02/04/2016","44.56","44.36","44.83","44.24","9.88M","-0.27%"
"02/03/2016","44.68","45.00","45.00","43.96","23.34M","-1.24%"
"02/02/2016","45.24","45.60","45.68","45.00","15.18M","-1.05%"
"02/01/2016","45.72","45.60","45.96","45.44","11.69M","-0.61%"
"01/29/2016","46.00","45.20","46.00","45.14","18.27M","2.40%"
"01/28/2016","44.92","45.08","45.12","44.54","9.83M","0.18%"
"01/27/2016","44.84","45.08","45.52","44.62","17.28M","0.09%"
"01/26/2016","44.80","44.36","44.84","44.26","9.80M","1.36%"
"01/25/2016","44.20","44.60","44.80","44.20","12.86M","-2.13%"
"01/22/2016","45.16","44.40","45.20","44.32","40.54M","4.54%"
"01/21/2016","43.20","42.72","43.60","42.54","24.18M","-0.37%"
"01/20/2016","43.36","43.60","43.68","42.56","23.07M","-3.82%"
"01/19/2016","45.08","45.44","45.44","44.64","14.05M","0.85%"
"01/15/2016","44.70","44.68","45.00","44.40","15.14M","-2.83%"
"01/14/2016","46.00","45.60","46.20","45.32","17.56M","1.23%"
"01/13/2016","45.44","46.36","46.43","45.32","17.05M","-0.87%"
"01/12/2016","45.84","46.08","46.16","45.48","11.02M","-0.52%"
"01/11/2016","46.08","46.28","46.36","45.57","13.39M","0.70%"
"01/08/2016","45.76","46.68","46.72","45.68","14.30M","-2.14%"
"01/07/2016","46.76","46.84","47.12","46.64","13.17M","-1.52%"
"01/06/2016","47.48","47.32","47.60","47.20","14.18M","-1.74%"
"01/05/2016","48.32","48.20","48.39","48.02","15.51M","1.26%"
"01/04/2016","47.72","47.56","47.84","47.36","12.38M","-1.57%"
"12/31/2015","48.48","48.68","48.83","48.48","6.55M","-0.98%"
"12/30/2015","48.96","49.00","49.08","48.88","5.29M","-0.57%"
"12/29/2015","49.24","49.20","49.44","49.20","4.44M","1.48%"
"12/28/2015","48.52","48.56","48.60","48.40","9.81M","0.08%"
"12/24/2015","48.48","48.44","48.60","48.40","4.19M","-1.22%"
"12/23/2015","49.08","48.84","49.12","48.82","7.71M","1.07%"
"12/22/2015","48.56","48.32","48.60","48.08","9.84M","0.75%"
"12/21/2015","48.20","48.28","48.32","47.84","6.31M","-0.37%"
"12/18/2015","48.38","48.36","48.56","48.20","15.11M","-1.27%"
"12/17/2015","49.00","49.56","49.60","48.96","10.76M","-0.97%"
"12/16/2015","49.48","49.08","49.52","48.80","10.15M","2.49%"
"12/15/2015","48.28","48.28","48.48","48.16","8.05M","-0.41%"
"12/14/2015","48.48","48.48","48.56","47.92","12.20M","0.92%"
"12/11/2015","48.04","48.16","48.24","47.88","15.33M","-1.56%"
"12/10/2015","48.80","49.00","49.04","48.72","8.14M","0.91%"
"12/09/2015","48.36","48.72","49.00","48.32","11.77M","-1.14%"
"12/08/2015","48.92","48.72","48.92","48.56","7.57M","-1.29%"
"12/07/2015","49.56","49.60","49.64","49.32","9.00M","-0.24%"
"12/04/2015","49.68","49.08","49.72","49.08","8.63M","0.57%"
"12/03/2015","49.40","49.80","49.80","49.08","9.04M","-0.96%"
"12/02/2015","49.88","50.20","50.20","49.76","7.78M","-0.80%"
"12/01/2015","50.28","50.08","50.28","50.06","8.99M","1.53%"
"11/30/2015","49.52","49.62","49.64","49.32","11.28M","-0.80%"
"11/27/2015","49.92","50.04","50.04","49.84","1.66M","-0.48%"
"11/25/2015","50.16","50.16","50.28","50.12","4.91M","-0.63%"
"11/24/2015","50.48","50.28","50.60","50.16","4.71M","0.48%"
"11/23/2015","50.24","50.40","50.48","50.20","5.56M","-0.48%"
"11/20/2015","50.48","50.40","50.56","50.40","5.78M","0.48%"
"11/19/2015","50.24","50.32","50.40","50.18","5.26M","0.00%"
"11/18/2015","50.24","49.92","50.32","49.88","6.99M","0.48%"
"11/17/2015","50.00","49.96","50.24","49.88","12.65M","0.24%"
"11/16/2015","49.88","49.56","49.96","49.52","6.65M","0.97%"
"11/13/2015","49.40","49.64","49.74","49.36","9.11M","-0.48%"
"11/12/2015","49.64","49.76","49.90","49.56","10.32M","-0.96%"
"11/11/2015","50.12","50.24","50.40","50.12","5.77M","0.40%"
"11/10/2015","49.92","49.76","50.00","49.72","6.73M","1.05%"
"11/09/2015","49.40","49.72","49.72","49.24","7.49M","-0.40%"
"11/06/2015","49.60","49.64","49.78","49.44","6.98M","-0.24%"
"11/05/2015","49.72","49.76","49.92","49.60","13.95M","0.73%"
"11/04/2015","49.36","49.44","49.52","49.24","7.33M","-0.48%"
"11/03/2015","49.60","49.52","49.76","49.48","7.56M","-0.08%"
"11/02/2015","49.64","49.16","49.72","49.16","7.15M","0.73%"
"10/30/2015","49.28","49.60","49.60","49.24","10.33M","-0.48%"
"10/29/2015","49.52","49.40","49.56","49.36","6.35M","-1.12%"
"10/28/2015","50.08","49.76","50.12","49.56","12.76M","0.97%"
"10/27/2015","49.60","49.52","49.60","49.40","10.32M","-0.80%"
"10/26/2015","50.00","50.00","50.12","49.84","8.18M","-0.08%"
"10/23/2015","50.04","49.88","50.20","49.76","12.69M","0.97%"
"10/22/2015","49.56","49.20","49.80","49.20","12.58M","1.23%"
"10/21/2015","48.96","49.16","49.20","48.88","16.08M","1.32%"
"10/20/2015","48.32","48.28","48.44","48.24","4.50M","-0.58%"
"10/19/2015","48.60","48.36","48.64","48.30","6.62M","-0.49%"
"10/16/2015","48.84","48.76","48.88","48.56","14.85M","0.49%"
"10/15/2015","48.60","48.28","48.68","48.20","8.55M","2.53%"
"10/14/2015","47.40","47.56","47.74","47.24","13.44M","-1.17%"
"10/13/2015","47.96","48.04","48.28","47.80","13.00M","-1.07%"
"10/12/2015","48.48","48.44","48.48","48.28","4.65M","0.17%"
"10/09/2015","48.40","48.44","48.52","48.24","4.86M","0.25%"
"10/08/2015","48.28","47.96","48.36","47.80","10.58M","0.33%"
"10/07/2015","48.12","48.08","48.24","47.76","10.94M","1.60%"
"10/06/2015","47.36","47.44","47.56","47.22","10.67M","-0.84%"
"10/05/2015","47.76","47.52","47.88","47.44","10.84M","2.49%"
"10/02/2015","46.60","45.60","46.60","45.48","14.27M","1.22%"
"10/01/2015","46.04","45.92","46.08","45.64","10.99M","0.70%"
"09/30/2015","45.72","45.32","45.75","45.12","11.90M","2.14%"
"09/29/2015","44.76","44.76","44.96","44.56","11.30M","-1.24%"
"09/28/2015","45.32","45.96","46.04","45.20","7.82M","-2.41%"
"09/25/2015","46.44","46.68","46.76","46.14","11.46M","2.47%"
"09/24/2015","45.32","45.20","45.36","44.68","19.51M","-0.70%"
"09/23/2015","45.64","45.72","45.76","45.40","14.71M","0.00%"
"09/22/2015","45.64","45.52","45.80","45.32","11.78M","-1.47%"
"09/21/2015","46.32","46.28","46.50","46.04","11.61M","0.61%"
"09/18/2015","46.04","46.16","46.46","46.00","13.50M","-3.20%"
"09/17/2015","47.56","47.32","48.08","47.20","17.82M","-0.08%"
"09/16/2015","47.60","47.32","47.64","47.32","7.80M","0.85%"
"09/15/2015","47.20","46.80","47.32","46.69","7.74M","0.77%"
"09/14/2015","46.84","46.68","46.84","46.56","9.63M","-0.26%"
"09/11/2015","46.96","46.68","47.00","46.52","14.17M","0.09%"
"09/10/2015","46.92","46.92","47.12","46.68","16.90M","-0.09%"
"09/09/2015","46.96","47.72","47.80","46.92","22.22M","-0.17%"
"09/08/2015","47.04","46.76","47.04","46.60","15.63M","2.35%"
"09/04/2015","45.96","46.04","46.28","45.76","26.09M","-3.20%"
"09/03/2015","47.48","47.44","47.76","47.36","12.22M","0.76%"
"09/02/2015","47.12","47.16","47.24","46.58","15.76M","1.82%"
"09/01/2015","46.28","46.36","46.80","46.12","24.01M","-4.54%"
"08/31/2015","48.48","48.64","48.76","48.32","13.27M","-1.54%"
"08/28/2015","49.24","49.04","49.36","48.94","12.63M","0.49%"
"08/27/2015","49.00","48.44","49.20","48.36","42.79M","1.83%"
"08/26/2015","48.12","47.56","48.20","47.00","31.47M","3.98%"
"08/25/2015","46.28","47.96","48.00","46.20","28.04M","0.61%"
"08/24/2015","46.00","45.28","46.72","44.64","32.70M","-3.52%"
"08/21/2015","47.68","49.00","49.20","47.68","21.45M","-3.40%"
"08/20/2015","49.36","49.96","50.04","49.36","17.08M","-2.99%"
"08/19/2015","50.88","50.96","51.12","50.72","11.52M","-1.09%"
"08/18/2015","51.44","51.36","51.48","51.28","6.29M","-0.69%"
"08/17/2015","51.80","51.56","51.80","51.48","7.29M","0.23%"
"08/14/2015","51.68","51.44","51.79","51.40","4.49M","0.00%"
"08/13/2015","51.68","51.28","51.76","51.26","13.81M","0.78%"
"08/12/2015","51.28","50.92","51.32","50.56","20.67M","-0.62%"
"08/11/2015","51.60","51.56","51.76","51.48","8.25M","-1.75%"
"08/10/2015","52.52","52.20","52.56","52.20","5.55M","1.47%"
"08/07/2015","51.76","51.68","51.84","51.60","5.51M","0.31%"
"08/06/2015","51.60","51.68","51.72","51.44","4.49M","-0.31%"
"08/05/2015","51.76","51.84","51.92","51.72","6.91M","0.62%"
"08/04/2015","51.44","51.28","51.52","51.28","6.42M","-0.16%"
"08/03/2015","51.52","51.44","51.60","51.32","5.38M","-0.39%"
"07/31/2015","51.72","51.68","51.80","51.56","6.18M","0.78%"
"07/30/2015","51.32","51.12","51.36","51.00","5.02M","0.16%"
"07/29/2015","51.24","50.88","51.36","50.82","5.64M","0.39%"
"07/28/2015","51.04","50.76","51.04","50.56","5.20M","0.47%"
"07/27/2015","50.80","50.60","50.84","50.48","14.99M","-0.39%"
"07/24/2015","51.00","51.40","51.44","50.96","8.74M","-0.93%"
"07/23/2015","51.48","51.64","51.68","51.36","11.61M","-0.08%"
"07/22/2015","51.52","51.40","51.64","51.36","5.55M","-0.46%"
"07/21/2015","51.76","51.76","51.80","51.56","4.37M","-0.31%"
"07/20/2015","51.92","51.92","52.12","51.84","4.93M","0.00%"
"07/17/2015","51.92","51.96","52.00","51.84","3.01M","0.23%"
"07/16/2015","51.80","51.92","51.96","51.72","6.16M","0.39%"
"07/15/2015","51.60","51.52","51.76","51.44","9.00M","-0.08%"
"07/14/2015","51.64","51.36","51.72","51.36","7.47M","0.62%"
"07/13/2015","51.32","51.24","51.36","51.20","5.70M","1.34%"
"07/10/2015","50.64","50.52","50.76","50.36","15.66M","1.61%"
"07/09/2015","49.84","50.04","50.16","49.68","12.34M","1.22%"
"07/08/2015","49.24","49.96","50.00","49.16","15.76M","-4.13%"
"07/07/2015","51.36","51.32","51.48","50.86","12.40M","0.23%"
"07/06/2015","51.24","51.16","51.52","51.12","5.91M","-0.70%"
"07/02/2015","51.60","51.48","51.64","51.40","3.35M","0.00%"
"07/01/2015","51.60","51.68","51.78","51.48","4.22M","0.70%"
"06/30/2015","51.24","51.52","51.56","51.24","7.55M","0.47%"
"06/29/2015","51.00","51.40","51.52","50.92","6.16M","-2.52%"
"06/26/2015","52.32","52.28","52.40","52.20","3.95M","0.46%"
"06/25/2015","52.08","52.32","52.32","52.04","5.25M","-0.31%"
"06/24/2015","52.24","52.28","52.37","52.16","7.57M","-1.06%"
"06/23/2015","52.80","52.64","52.88","52.62","7.74M","1.15%"
"06/22/2015","52.20","52.16","52.40","52.16","5.54M","1.56%"
"06/19/2015","51.40","51.44","51.56","51.40","3.59M","0.08%"
"06/18/2015","51.36","51.08","51.56","51.08","6.38M","0.08%"
"06/17/2015","51.32","51.16","51.40","50.84","7.24M","-0.85%"
"06/16/2015","51.76","51.44","51.80","51.44","3.63M","-0.46%"
"06/15/2015","52.00","51.68","52.04","51.60","9.27M","0.31%"
"06/12/2015","51.84","51.72","51.84","51.56","4.95M","-0.54%"
"06/11/2015","52.12","52.16","52.20","51.96","7.19M","0.46%"
"06/10/2015","51.88","51.72","52.00","51.68","6.39M","1.65%"
"06/09/2015","51.04","51.08","51.16","50.88","3.99M","-1.01%"
"06/08/2015","51.56","51.48","51.56","51.36","3.98M","-0.54%"
"06/05/2015","51.84","51.72","52.08","51.64","5.22M","-0.61%"
"06/04/2015","52.16","52.16","52.36","52.04","7.26M","-0.69%"
"06/03/2015","52.52","52.36","52.60","52.32","6.89M","0.38%"
"06/02/2015","52.32","52.24","52.48","52.10","4.77M","-0.23%"
"06/01/2015","52.44","52.68","52.76","52.44","5.94M","0.46%"
"05/29/2015","52.20","52.24","52.28","52.02","10.20M","-0.91%"
"05/28/2015","52.68","52.40","52.71","52.28","6.32M","-0.23%"
"05/27/2015","52.80","52.72","52.80","52.60","4.92M","0.69%"
"05/26/2015","52.44","52.76","52.80","52.32","11.09M","-1.28%"
"05/22/2015","53.12","52.96","53.20","52.96","6.72M","-0.19%"
"05/21/2015","53.22","52.96","53.28","52.96","4.11M","0.34%"
"05/20/2015","53.04","52.96","53.24","52.84","9.97M","0.00%"
"05/19/2015","53.04","53.12","53.24","52.67","6.74M","0.08%"
"05/18/2015","53.00","53.00","53.04","52.84","6.27M","0.84%"
"05/15/2015","52.56","52.48","52.60","52.46","10.59M","0.50%"
"05/14/2015","52.30","52.04","52.32","51.96","7.53M","0.50%"
"05/13/2015","52.04","52.36","52.40","52.00","7.32M","0.66%"
"05/12/2015","51.70","51.64","51.80","51.52","8.22M","-0.04%"
"05/11/2015","51.72","51.96","52.00","51.72","9.30M","-1.60%"
"05/08/2015","52.56","52.16","52.60","52.12","7.62M","2.34%"
"05/07/2015","51.36","51.20","51.36","51.08","10.80M","0.16%"
"05/06/2015","51.28","51.44","51.48","51.00","10.96M","-0.08%"
"05/05/2015","51.32","52.00","52.08","51.20","11.72M","-1.91%"
"05/04/2015","52.32","52.08","52.32","52.05","5.81M","0.46%"
"05/01/2015","52.08","51.68","52.12","51.64","8.37M","1.24%"
"04/30/2015","51.44","51.84","52.00","51.40","20.82M","-2.58%"
"04/29/2015","52.80","52.84","53.04","52.52","9.27M","-0.90%"
"04/28/2015","53.28","53.24","53.40","53.16","8.44M","0.30%"
"04/27/2015","53.12","53.20","53.36","53.12","9.12M","-0.23%"
"04/24/2015","53.24","53.20","53.24","53.12","5.10M","0.38%"
"04/23/2015","53.04","52.76","53.08","52.72","8.65M","-0.08%"
"04/22/2015","53.08","53.04","53.16","52.88","7.89M","0.76%"
"04/21/2015","52.68","52.72","52.80","52.64","8.34M","1.54%"
"04/20/2015","51.88","51.76","51.92","51.76","5.36M","0.35%"
"04/17/2015","51.70","51.68","51.76","51.56","7.79M","-0.81%"
"04/16/2015","52.12","52.04","52.24","51.92","5.14M","0.23%"
"04/15/2015","52.00","51.96","52.12","51.92","6.87M","0.50%"
"04/14/2015","51.74","51.72","51.80","51.52","5.61M","0.66%"
"04/13/2015","51.40","51.44","51.52","51.32","2.76M","-0.70%"
"04/10/2015","51.76","51.52","51.80","51.48","4.17M","0.15%"
"04/09/2015","51.68","51.60","51.68","51.40","5.39M","0.00%"
"04/08/2015","51.68","51.84","51.92","51.56","7.18M","0.16%"
"04/07/2015","51.60","51.58","51.72","51.46","6.84M","0.47%"
"04/06/2015","51.36","51.16","51.60","51.08","4.96M","1.18%"
"04/02/2015","50.76","50.72","50.96","50.52","6.23M","0.87%"
"04/01/2015","50.32","50.12","50.32","49.85","17.14M","0.40%"
"03/31/2015","50.12","50.20","50.32","50.08","7.27M","-1.96%"
"03/30/2015","51.12","51.08","51.20","51.00","13.20M","0.39%"
"03/27/2015","50.92","50.72","51.04","50.72","7.30M","0.39%"
"03/26/2015","50.72","50.72","50.96","50.56","6.81M","-1.01%"
"03/25/2015","51.24","51.52","51.64","51.16","5.84M","-0.23%"
"03/24/2015","51.36","51.48","51.56","51.32","6.66M","-0.23%"
"03/23/2015","51.48","51.48","51.60","51.36","4.31M","0.47%"
"03/20/2015","51.24","50.92","51.32","50.92","9.09M","1.59%"
"03/19/2015","50.44","50.56","50.64","50.40","10.64M","-1.14%"
"03/18/2015","51.02","50.42","51.12","50.36","10.87M","1.55%"
"03/17/2015","50.24","50.12","50.32","50.00","7.24M","0.24%"
"03/16/2015","50.12","50.12","50.28","50.08","6.44M","0.40%"
"03/13/2015","49.92","49.80","49.96","49.68","7.48M","0.08%"
"03/12/2015","49.88","49.68","49.92","49.64","12.98M","2.21%"
"03/11/2015","48.80","48.68","48.92","48.56","7.78M","0.91%"
"03/10/2015","48.36","48.44","48.52","48.28","9.69M","-1.47%"
"03/09/2015","49.08","49.00","49.20","48.92","5.57M","-0.32%"
"03/06/2015","49.24","49.44","49.60","49.24","11.38M","-0.16%"
"03/05/2015","49.32","49.40","49.48","49.24","6.41M","0.57%"
"03/04/2015","49.04","48.96","49.12","48.76","4.11M","-0.49%"
"03/03/2015","49.28","49.32","49.32","49.12","6.55M","-0.48%"
"03/02/2015","49.52","49.32","49.52","49.28","10.18M","0.24%"
"02/27/2015","49.40","49.52","49.56","49.32","9.57M","-0.40%"
"02/26/2015","49.60","49.56","49.72","49.40","20.84M","0.90%"
"02/25/2015","49.16","49.12","49.32","49.04","11.68M","-0.24%"
"02/24/2015","49.28","49.08","49.36","49.00","5.81M","0.49%"
"02/23/2015","49.04","49.00","49.08","48.88","4.24M","-0.57%"
"02/20/2015","49.32","49.04","49.36","48.92","7.03M","0.90%"
"02/19/2015","48.88","48.80","49.04","48.74","12.67M","0.74%"
"02/18/2015","48.52","48.52","48.64","48.40","11.76M","1.76%"
"02/17/2015","47.68","47.72","47.96","47.68","10.70M","-0.08%"
"02/13/2015","47.72","47.64","47.84","47.60","7.94M","1.19%"
"02/12/2015","47.16","46.84","47.16","46.80","23.39M","0.68%"
"02/11/2015","46.84","46.56","46.84","46.56","6.74M","0.17%"
"02/10/2015","46.76","46.60","46.84","46.52","4.36M","1.30%"
"02/09/2015","46.16","46.24","46.40","46.12","6.51M","-0.94%"
"02/06/2015","46.60","46.64","46.92","46.48","5.13M","-0.85%"
"02/05/2015","47.00","46.72","47.04","46.68","5.78M","0.86%"
"02/04/2015","46.60","46.56","46.80","46.50","7.34M","0.52%"
"02/03/2015","46.36","46.08","46.36","46.04","5.71M","-0.17%"
"02/02/2015","46.44","46.48","46.60","46.20","5.38M","1.04%"
"01/30/2015","45.96","46.24","46.44","45.92","8.03M","-1.71%"
"01/29/2015","46.76","46.44","46.84","46.36","7.30M","0.86%"
"01/28/2015","46.36","46.88","46.94","46.28","13.09M","-0.17%"
"01/27/2015","46.44","46.40","46.60","46.34","4.89M","0.17%"
"01/26/2015","46.36","46.16","46.48","46.13","4.00M","1.13%"
"01/23/2015","45.84","46.08","46.12","45.80","5.51M","-0.35%"
"01/22/2015","46.00","45.60","46.08","45.40","5.28M","0.44%"
"01/21/2015","45.80","45.52","45.80","45.40","5.69M","0.17%"
"01/20/2015","45.72","45.88","45.92","45.48","7.10M","0.79%"
"01/16/2015","45.36","45.16","45.48","45.06","11.41M","0.89%"
"01/15/2015","44.96","45.44","45.44","44.92","10.20M","0.72%"
"01/14/2015","44.64","44.52","44.76","44.36","7.33M","-0.18%"
"01/13/2015","44.72","45.00","45.22","44.44","8.21M","0.81%"
"01/12/2015","44.36","44.40","44.58","44.12","8.80M","-0.36%"
"01/09/2015","44.52","44.92","44.96","44.44","10.88M","-1.02%"
"01/08/2015","44.98","44.72","45.08","44.68","5.00M","1.22%"
"01/07/2015","44.44","44.52","44.68","44.36","9.58M","1.46%"
"01/06/2015","43.80","44.32","44.36","43.54","8.18M","-1.62%"
"01/05/2015","44.52","44.76","44.80","44.36","8.67M","-1.15%"
"01/02/2015","45.04","45.36","45.48","44.96","7.19M","0.18%"