"Date","Price","Open","High","Low","Vol.","Change %"
"08/17/2026","63.01","63.19","63.48","62.99","174.47K","-0.41%"
"08/14/2026","63.27","63.26","63.47","63.24","167.46K","-0.68%"
"08/13/2026","63.70","63.88","63.94","63.62","1.79M","0.08%"
"08/12/2026","63.65","63.65","63.76","63.52","224.13K","-0.59%"
"08/11/2026","64.03","64.40","64.62","63.95","180.82K","-0.51%"
"08/10/2026","64.36","64.34","64.48","64.21","2.48M","-0.22%"
"08/07/2026","64.50","64.44","64.67","64.35","261.93K","1.22%"
"08/06/2026","63.72","64.22","64.31","63.62","342.38K","-0.72%"
"08/05/2026","64.18","64.00","64.26","63.92","272.26K","0.67%"
"08/04/2026","63.75","63.74","63.80","63.51","835.28K","0.92%"
"08/03/2026","63.17","63.34","63.34","62.96","429.71K","0.02%"
"07/31/2026","63.16","63.30","63.31","62.73","314.30K","-1.19%"
"07/30/2026","63.92","63.29","63.97","63.24","594.15K","1.80%"
"07/29/2026","62.79","62.86","63.36","62.58","352.09K","-0.70%"
"07/28/2026","63.23","62.68","63.38","62.61","294.67K","1.27%"
"07/27/2026","62.44","62.57","62.66","62.27","233.19K","0.56%"
"07/24/2026","62.09","62.22","62.38","61.99","208.18K","0.36%"
"07/23/2026","61.87","61.32","61.90","61.22","336.91K","-0.80%"
"07/22/2026","62.37","63.07","63.07","62.26","715.75K","-0.46%"
"07/21/2026","62.66","62.57","62.83","62.30","414.62K","0.53%"
"07/20/2026","62.33","62.94","62.94","62.29","1.02M","-1.35%"
"07/17/2026","63.18","63.15","63.40","63.01","319.93K","0.30%"
"07/16/2026","62.99","62.48","63.05","62.48","242.84K","-0.57%"
"07/15/2026","63.35","62.74","63.43","62.74","281.68K","1.49%"
"07/14/2026","62.42","62.81","62.96","62.41","758.92K","0.00%"
"07/13/2026","62.42","62.76","62.92","62.30","285.02K","-0.81%"
"07/10/2026","62.93","62.98","63.13","62.68","152.80K","-0.06%"
"07/09/2026","62.97","62.75","63.10","62.73","2.20M","0.21%"
"07/08/2026","62.84","62.75","62.90","62.42","399.53K","-0.90%"
"07/07/2026","63.41","63.94","63.99","63.25","232.41K","-0.46%"
"07/06/2026","63.70","63.56","63.72","63.13","274.48K","-0.44%"
"07/02/2026","63.98","63.65","64.24","63.58","548.23K","2.37%"
"07/01/2026","62.50","62.29","62.67","62.20","246.48K","-0.56%"
"06/30/2026","62.85","62.98","63.03","62.55","271.28K","-0.63%"
"06/29/2026","63.25","62.78","63.26","62.68","253.91K","1.36%"
"06/26/2026","62.40","62.35","62.75","62.24","327.30K","-0.64%"
"06/25/2026","62.80","62.56","63.07","62.56","344.53K","0.98%"
"06/24/2026","62.19","62.05","62.33","61.94","316.11K","1.15%"
"06/23/2026","61.48","61.31","61.63","61.31","258.96K","0.38%"
"06/22/2026","61.25","61.01","61.35","60.97","229.45K","-0.13%"
"06/18/2026","61.33","61.41","61.49","61.23","237.42K","-0.26%"
"06/17/2026","61.49","62.16","62.43","61.33","309.47K","-0.71%"
"06/16/2026","61.93","61.87","62.17","61.68","246.04K","0.41%"
"06/15/2026","61.68","62.30","62.30","61.65","572.89K","-1.66%"
"06/12/2026","62.72","62.59","62.83","62.35","364.45K","-0.30%"
"06/11/2026","62.91","61.88","63.03","61.58","533.31K","3.00%"
"06/10/2026","61.08","61.35","61.69","61.06","431.09K","-0.57%"
"06/09/2026","61.43","61.58","61.79","60.72","668.24K","0.82%"
"06/08/2026","60.93","61.19","61.33","60.80","627.83K","-0.13%"
"06/05/2026","61.01","61.74","61.81","60.83","289.40K","-1.37%"
"06/04/2026","61.86","61.86","62.07","61.65","447.56K","1.58%"
"06/03/2026","60.90","61.02","61.21","60.81","337.81K","-1.39%"
"06/02/2026","61.76","61.86","61.92","61.53","504.24K","-0.37%"
"06/01/2026","61.99","62.01","62.32","61.55","605.86K","-1.81%"
"05/29/2026","63.13","63.38","63.60","63.12","664.21K","0.45%"
"05/28/2026","62.85","62.48","62.92","62.35","720.13K","-0.35%"
"05/27/2026","63.07","63.05","63.23","62.84","465.32K","0.32%"
"05/26/2026","62.87","62.97","63.08","62.68","275.24K","0.37%"
"05/22/2026","62.64","62.60","62.86","62.42","353.61K","-0.33%"
"05/21/2026","62.85","61.93","63.04","61.75","453.81K","0.88%"
"05/20/2026","62.30","61.70","62.64","61.56","514.55K","1.12%"
"05/19/2026","61.61","61.70","61.93","61.55","497.35K","-0.44%"
"05/18/2026","61.88","61.44","61.88","61.33","837.73K","1.23%"
"05/15/2026","61.13","61.25","61.49","61.06","308.44K","-1.05%"
"05/14/2026","61.78","61.84","62.02","61.66","413.01K","0.03%"
"05/13/2026","61.76","61.26","61.76","61.26","273.46K","0.46%"
"05/12/2026","61.48","61.23","61.55","61.06","193.11K","-0.07%"
"05/11/2026","61.52","61.60","61.76","61.34","1.62M","-0.45%"
"05/08/2026","61.80","61.75","61.92","61.48","257.69K","1.15%"
"05/07/2026","61.10","62.35","62.68","61.08","422.08K","-2.24%"
"05/06/2026","62.50","62.27","62.54","62.02","381.33K","2.27%"
"05/05/2026","61.11","60.90","61.15","60.63","350.70K","1.31%"
"05/04/2026","60.32","60.84","60.92","60.15","573.24K","-1.57%"
"05/01/2026","61.28","61.62","61.81","61.24","909.14K","-0.15%"
"04/30/2026","61.37","60.78","61.56","60.68","953.10K","2.61%"
"04/29/2026","59.81","60.16","60.25","59.58","357.47K","-1.55%"
"04/28/2026","60.75","60.66","60.78","60.32","322.33K","-0.51%"
"04/27/2026","61.06","61.35","61.42","61.03","241.06K","-0.81%"
"04/24/2026","61.56","61.20","61.63","60.98","448.90K","0.65%"
"04/23/2026","61.16","61.52","61.79","60.49","424.44K","0.05%"
"04/22/2026","61.13","61.29","61.29","60.84","684.69K","0.49%"
"04/21/2026","60.83","61.91","62.03","60.80","1.03M","-2.66%"
"04/20/2026","62.49","62.11","62.49","61.79","344.08K","0.08%"
"04/17/2026","62.44","62.23","62.83","62.05","453.00K","2.18%"
"04/16/2026","61.11","61.45","61.63","60.91","292.45K","-0.84%"
"04/15/2026","61.63","61.93","61.93","61.46","344.88K","-0.37%"
"04/14/2026","61.86","61.80","62.01","61.70","385.62K","0.98%"
"04/13/2026","61.26","60.25","61.33","60.25","588.25K","0.92%"
"04/10/2026","60.70","61.24","61.39","60.51","1.86M","0.25%"
"04/09/2026","60.55","60.15","60.96","60.04","898.71K","-0.15%"
"04/08/2026","60.64","60.72","60.72","60.19","677.02K","2.90%"
"04/07/2026","58.93","58.71","59.06","57.92","1.34M","-0.66%"
"04/06/2026","59.32","59.03","59.54","58.75","1.47M","0.63%"
"04/02/2026","58.95","58.52","59.46","58.28","579.89K","-0.92%"
"04/01/2026","59.50","59.44","59.87","59.12","1.72M","1.17%"
"03/31/2026","58.81","58.22","58.85","57.65","1.53M","2.24%"
"03/30/2026","57.52","57.43","57.79","57.26","911.64K","0.95%"
"03/27/2026","56.98","57.27","57.51","56.82","805.26K","-0.56%"
"03/26/2026","57.30","57.71","58.25","57.26","1.03M","-1.55%"
"03/25/2026","58.20","58.30","58.46","57.92","887.39K","1.54%"
"03/24/2026","57.32","56.76","57.55","56.75","839.39K","-0.19%"
"03/23/2026","57.43","57.08","58.00","56.94","2.98M","1.99%"
"03/20/2026","56.31","57.65","57.65","55.97","1.93M","-2.14%"
"03/19/2026","57.54","56.98","57.98","56.87","1.13M","-0.55%"
"03/18/2026","57.86","58.93","59.02","57.84","1.02M","-2.82%"
"03/17/2026","59.54","59.77","59.91","59.50","710.79K","0.07%"
"03/16/2026","59.50","59.16","59.61","59.11","687.33K","1.33%"
"03/13/2026","58.72","59.53","59.68","58.60","814.45K","-1.08%"
"03/12/2026","59.36","59.65","59.85","59.17","765.11K","-1.21%"
"03/11/2026","60.09","60.00","60.15","59.62","1.06M","-0.25%"
"03/10/2026","60.24","60.97","61.23","60.10","1.43M","-1.26%"
"03/09/2026","61.01","59.87","61.23","59.29","1.75M","-0.21%"
"03/06/2026","61.14","60.00","61.28","59.71","1.07M","0.15%"
"03/05/2026","61.05","61.49","61.82","60.69","1.27M","-2.41%"
"03/04/2026","62.56","62.55","62.64","62.14","662.73K","0.56%"
"03/03/2026","62.21","61.41","62.54","60.94","1.44M","-2.17%"
"03/02/2026","63.59","63.63","63.96","63.33","707.57K","-2.29%"
"02/27/2026","65.08","65.14","65.53","64.91","585.37K","0.70%"
"02/26/2026","64.63","64.87","65.02","64.31","745.81K","-0.34%"
"02/25/2026","64.85","65.01","65.01","64.71","300.19K","0.05%"
"02/24/2026","64.82","64.72","64.99","64.71","409.54K","0.79%"
"02/23/2026","64.31","64.11","64.38","64.04","510.35K","-0.11%"
"02/20/2026","64.38","63.91","64.43","63.85","521.48K","0.34%"
"02/19/2026","64.16","64.00","64.17","63.78","355.75K","-0.16%"
"02/18/2026","64.26","64.43","64.52","64.12","500.33K","-0.28%"
"02/17/2026","64.44","64.07","64.51","63.85","496.47K","1.02%"
"02/13/2026","63.79","63.68","63.90","63.40","385.71K","0.52%"
"02/12/2026","63.46","63.65","63.76","63.20","517.22K","0.35%"
"02/11/2026","63.24","63.14","63.44","62.90","356.65K","-0.30%"
"02/10/2026","63.43","63.85","63.88","63.42","564.88K","-0.03%"
"02/09/2026","63.45","63.44","63.60","63.22","421.83K","0.57%"
"02/06/2026","63.09","62.42","63.11","62.42","392.41K","1.37%"
"02/05/2026","62.24","62.35","62.58","62.18","534.38K","-0.37%"
"02/04/2026","62.47","62.85","63.04","62.26","609.96K","0.94%"
"02/03/2026","61.89","61.65","62.15","61.65","953.37K","-0.58%"
"02/02/2026","62.25","61.80","62.27","61.72","632.56K","1.15%"
"01/30/2026","61.54","62.08","62.14","61.43","534.12K","-1.09%"
"01/29/2026","62.22","62.08","62.31","61.48","529.30K","1.92%"
"01/28/2026","61.05","61.53","61.62","60.80","759.36K","-2.43%"
"01/27/2026","62.57","62.14","62.76","62.12","571.40K","2.26%"
"01/26/2026","61.19","61.17","61.58","61.17","402.70K","0.53%"
"01/23/2026","60.87","60.19","60.92","60.08","582.53K","0.46%"
"01/22/2026","60.59","60.58","60.84","60.54","439.33K","0.17%"
"01/21/2026","60.49","60.13","60.51","59.88","735.46K","0.55%"
"01/20/2026","60.16","59.97","60.44","59.88","462.97K","-0.58%"
"01/16/2026","60.51","60.60","60.60","60.38","410.40K","-0.02%"
"01/15/2026","60.52","60.88","60.88","60.45","613.00K","-0.57%"
"01/14/2026","60.87","60.66","60.90","60.57","404.13K","1.16%"
"01/13/2026","60.17","60.40","60.40","59.97","277.94K","-0.76%"
"01/12/2026","60.63","60.73","60.79","60.53","387.72K","0.08%"
"01/09/2026","60.58","60.31","60.60","60.26","277.62K","0.61%"
"01/08/2026","60.21","60.03","60.37","60.03","302.14K","-0.17%"
"01/07/2026","60.31","60.39","60.49","60.12","376.29K","-0.40%"
"01/06/2026","60.55","60.33","60.63","60.32","967.53K","0.20%"
"01/05/2026","60.43","59.58","60.43","59.53","672.65K","0.15%"
"01/02/2026","60.34","60.39","60.53","60.12","836.41K","0.63%"
"12/31/2025","59.96","60.24","60.24","59.91","455.89K","-0.35%"
"12/30/2025","60.17","60.36","60.44","60.16","268.07K","-0.30%"
"12/29/2025","60.35","60.33","60.46","60.22","425.30K","-0.31%"
"12/26/2025","60.54","60.60","60.60","60.38","371.62K","0.02%"
"12/25/2025","60.53","60.55","60.53","60.53","159.73K","0.00%"
"12/24/2025","60.53","60.53","60.59","60.44","159.73K","0.22%"
"12/23/2025","60.40","60.38","60.48","60.26","245.39K","0.78%"
"12/22/2025","59.93","59.59","59.95","59.59","141.95K","0.60%"
"12/19/2025","59.57","59.50","59.83","59.47","526.08K","0.17%"
"12/18/2025","59.47","59.40","59.69","59.23","534.21K","1.07%"
"12/17/2025","58.84","58.99","59.24","58.84","462.74K","-0.30%"
"12/16/2025","59.02","59.29","59.32","58.90","325.12K","-0.07%"
"12/15/2025","59.06","58.87","59.08","58.80","489.21K","1.18%"
"12/12/2025","58.37","58.50","58.71","58.20","480.63K","-0.21%"
"12/11/2025","58.49","58.47","58.68","58.44","587.94K","0.19%"
"12/10/2025","58.38","57.83","58.49","57.79","1.86M","1.20%"
"12/09/2025","57.69","58.27","58.27","57.60","355.29K","-0.12%"
"12/08/2025","57.76","58.01","58.07","57.68","275.41K","-0.47%"
"12/05/2025","58.03","58.04","58.17","57.86","425.38K","0.21%"
"12/04/2025","57.91","58.24","58.30","57.85","425.85K","-0.28%"
"12/03/2025","58.07","57.89","58.13","57.89","601.47K","0.22%"
"12/02/2025","57.94","57.81","57.97","57.66","411.35K","0.91%"
"12/01/2025","57.42","57.76","57.80","57.40","441.70K","-0.69%"
"11/28/2025","57.82","57.53","57.83","57.43","256.77K","0.47%"
"11/26/2025","57.55","57.24","57.65","57.24","233.24K","0.51%"
"11/25/2025","57.26","56.75","57.26","56.72","625.81K","1.54%"
"11/24/2025","56.39","56.59","56.72","56.34","503.68K","-0.53%"
"11/21/2025","56.69","56.27","56.78","56.22","719.58K","1.80%"
"11/20/2025","55.69","56.38","56.41","55.67","984.08K","-1.19%"
"11/19/2025","56.36","56.55","56.58","56.15","709.88K","-0.39%"
"11/18/2025","56.58","56.68","56.80","56.23","689.48K","-0.40%"
"11/17/2025","56.81","57.21","57.33","56.70","373.51K","-1.29%"
"11/14/2025","57.55","57.68","57.72","57.46","787.17K","-0.52%"
"11/13/2025","57.85","58.07","58.35","57.81","350.96K","-0.36%"
"11/12/2025","58.06","57.92","58.27","57.92","483.31K","0.68%"
"11/11/2025","57.67","57.34","57.70","57.31","293.70K","2.32%"
"11/10/2025","56.36","56.10","56.37","55.91","544.61K","1.11%"
"11/07/2025","55.74","55.22","55.74","55.15","338.27K","0.94%"
"11/06/2025","55.22","55.33","55.37","55.17","1.07M","-0.32%"
"11/05/2025","55.40","55.16","55.42","55.10","292.76K","0.62%"
"11/04/2025","55.06","54.81","55.22","54.81","548.18K","-0.11%"
"11/03/2025","55.12","55.07","55.17","54.99","252.96K","-0.43%"
"10/31/2025","55.36","55.31","55.40","55.10","296.14K","-0.43%"
"10/30/2025","55.60","55.45","55.76","55.45","210.12K","-0.11%"
"10/29/2025","55.66","56.17","56.17","55.45","308.59K","-0.91%"
"10/28/2025","56.17","56.45","56.56","56.17","235.35K","-1.35%"
"10/27/2025","56.94","56.69","56.99","56.55","181.68K","-0.32%"
"10/24/2025","57.12","57.26","57.26","57.04","186.76K","-0.09%"
"10/23/2025","57.17","57.00","57.17","56.94","117.88K","0.05%"
"10/22/2025","57.14","57.05","57.32","57.03","297.23K","0.05%"
"10/21/2025","57.11","57.26","57.35","57.10","279.96K","-0.99%"
"10/20/2025","57.68","57.47","57.68","57.34","273.97K","-0.17%"
"10/17/2025","57.78","57.35","57.84","57.31","419.62K","0.54%"
"10/16/2025","57.47","57.22","57.63","57.15","454.56K","1.47%"
"10/15/2025","56.64","56.20","56.72","56.20","431.32K","0.55%"
"10/14/2025","56.33","55.90","56.49","55.90","696.27K","0.45%"
"10/13/2025","56.08","55.94","56.19","55.78","141.06K","-0.04%"
"10/10/2025","56.10","56.60","56.65","56.07","365.21K","-0.46%"
"10/09/2025","56.36","56.92","56.92","56.28","246.98K","-0.83%"
"10/08/2025","56.83","56.99","57.07","56.75","338.87K","0.50%"
"10/07/2025","56.55","56.78","56.78","56.55","178.79K","-0.30%"
"10/06/2025","56.72","56.77","56.88","56.67","233.66K","0.11%"
"10/03/2025","56.66","56.47","56.76","56.44","588.66K","0.73%"
"10/02/2025","56.25","56.23","56.25","55.92","254.05K","0.55%"
"10/01/2025","55.94","55.61","56.03","55.61","627.98K","1.27%"
"09/30/2025","55.24","54.58","55.32","54.58","549.43K","1.23%"
"09/29/2025","54.57","54.35","54.59","54.29","651.97K","0.57%"
"09/26/2025","54.26","54.01","54.29","53.99","543.41K","0.74%"
"09/25/2025","53.86","54.12","54.15","53.70","590.44K","-1.19%"
"09/24/2025","54.51","54.75","54.87","54.44","367.21K","-1.32%"
"09/23/2025","55.24","55.46","55.62","55.15","371.71K","-0.59%"
"09/22/2025","55.57","55.44","55.60","55.22","180.51K","0.56%"
"09/19/2025","55.26","55.42","55.42","55.21","194.82K","0.09%"
"09/18/2025","55.21","55.19","55.31","55.02","256.55K","-0.14%"
"09/17/2025","55.29","55.46","55.76","55.21","319.14K","-0.34%"
"09/16/2025","55.48","55.59","55.60","55.31","362.93K","-0.14%"
"09/15/2025","55.56","55.60","55.64","55.44","158.34K","-0.16%"
"09/12/2025","55.65","55.78","55.84","55.54","342.65K","-0.84%"
"09/11/2025","56.12","55.78","56.17","55.78","236.99K","0.90%"
"09/10/2025","55.62","55.85","55.87","55.53","252.61K","-0.71%"
"09/09/2025","56.02","56.09","56.16","55.93","308.26K","-0.55%"
"09/08/2025","56.33","56.21","56.35","56.04","657.74K","0.14%"
"09/05/2025","56.25","56.16","56.45","56.09","372.43K","0.97%"
"09/04/2025","55.71","55.58","55.76","55.49","438.01K","1.14%"
"09/03/2025","55.08","54.70","55.08","54.70","317.67K","0.75%"
"09/02/2025","54.67","54.48","54.78","54.45","311.75K","-1.19%"
"08/29/2025","55.33","55.32","55.47","55.24","241.77K","0.00%"
"08/28/2025","55.33","55.26","55.44","55.11","293.90K","0.16%"
"08/27/2025","55.24","55.04","55.29","54.98","184.54K","0.24%"
"08/26/2025","55.11","55.04","55.18","54.93","233.60K","0.25%"
"08/25/2025","54.97","55.55","55.60","54.92","166.69K","-1.20%"
"08/22/2025","55.64","55.17","55.76","55.17","273.96K","1.27%"
"08/21/2025","54.94","54.98","55.08","54.90","131.19K","-1.04%"
"08/20/2025","55.52","55.17","55.55","55.17","278.68K","1.13%"
"08/19/2025","54.90","54.74","55.06","54.74","563.93K","1.01%"
"08/18/2025","54.35","54.16","54.38","54.15","212.92K","-0.28%"
"08/15/2025","54.50","54.46","54.50","54.31","180.58K","0.74%"
"08/14/2025","54.10","53.81","54.15","53.81","174.81K","-0.18%"
"08/13/2025","54.20","53.92","54.20","53.86","164.03K","0.72%"
"08/12/2025","53.81","53.19","53.81","53.19","241.76K","1.15%"
"08/11/2025","53.20","53.32","53.38","53.12","264.13K","-0.75%"
"08/08/2025","53.60","53.47","53.68","53.39","222.81K","-0.15%"
"08/07/2025","53.68","53.58","53.74","53.47","506.10K","1.32%"
"08/06/2025","52.98","53.17","53.21","52.90","699.13K","-0.93%"
"08/05/2025","53.48","53.57","53.59","53.39","954.32K","0.32%"
"08/04/2025","53.31","53.18","53.33","53.13","1.57M","1.68%"
"08/01/2025","52.43","52.16","52.44","51.83","2.93M","-0.55%"
"07/31/2025","52.72","53.06","53.26","52.67","591.14K","-1.42%"
"07/30/2025","53.48","53.81","53.83","53.31","552.24K","-1.18%"
"07/29/2025","54.12","54.14","54.27","53.97","298.23K","-0.07%"
"07/28/2025","54.16","54.58","54.61","54.08","753.90K","-1.81%"
"07/25/2025","55.16","54.72","55.16","54.63","222.93K","0.07%"
"07/24/2025","55.12","55.21","55.39","55.12","862.29K","-1.92%"
"07/23/2025","56.20","55.33","56.20","55.29","397.17K","2.26%"
"07/22/2025","54.96","54.41","55.01","54.41","223.00K","0.83%"
"07/21/2025","54.51","54.69","54.82","54.49","609.13K","0.06%"
"07/18/2025","54.48","54.89","54.92","54.43","295.40K","0.22%"
"07/17/2025","54.36","54.27","54.38","54.13","292.38K","-0.35%"
"07/16/2025","54.55","54.23","54.64","54.14","940.30K","0.68%"
"07/15/2025","54.18","54.86","54.86","54.17","327.46K","-0.97%"
"07/14/2025","54.71","54.43","54.74","54.43","196.39K","0.02%"
"07/11/2025","54.70","54.99","54.99","54.63","629.02K","-1.35%"
"07/10/2025","55.45","55.30","55.50","55.21","293.81K","0.31%"
"07/09/2025","55.28","55.11","55.30","54.90","179.74K","0.84%"
"07/08/2025","54.82","54.37","54.94","54.34","242.75K","0.53%"
"07/07/2025","54.53","54.69","54.78","54.38","240.10K","-0.67%"
"07/03/2025","54.90","54.97","55.03","54.73","529.11K","-0.67%"
"07/02/2025","55.27","54.98","55.30","54.91","224.05K","0.53%"
"07/01/2025","54.98","54.71","55.02","54.66","228.27K","0.31%"
"06/30/2025","54.81","54.49","54.83","54.34","294.03K","0.33%"
"06/27/2025","54.63","54.59","54.78","54.40","333.97K","0.68%"
"06/26/2025","54.26","54.07","54.26","53.96","361.69K","0.95%"
"06/25/2025","53.75","53.91","53.91","53.62","373.17K","-1.05%"
"06/24/2025","54.32","53.97","54.39","53.83","443.79K","1.61%"
"06/23/2025","53.46","52.72","53.47","52.69","587.16K","1.48%"
"06/20/2025","52.68","53.59","53.59","52.65","637.22K","-1.07%"
"06/18/2025","53.25","53.33","53.54","53.15","264.36K","-0.32%"
"06/17/2025","53.42","53.84","53.85","53.33","385.87K","-0.65%"
"06/16/2025","53.77","54.31","54.60","53.76","458.97K","-2.63%"
"06/13/2025","55.22","55.45","55.54","55.11","312.33K","-1.87%"
"06/12/2025","56.27","55.95","56.31","55.94","328.47K","1.52%"
"06/11/2025","55.43","55.83","55.83","55.42","676.90K","-0.43%"
"06/10/2025","55.67","55.68","55.77","55.54","356.79K","0.09%"
"06/09/2025","55.62","55.64","55.80","55.48","524.55K","-0.04%"
"06/06/2025","55.64","55.46","55.71","55.42","159.10K","0.31%"
"06/05/2025","55.47","55.66","55.77","55.35","449.92K","-0.16%"
"06/04/2025","55.56","55.41","55.74","55.34","182.31K","0.96%"
"06/03/2025","55.03","55.05","55.09","54.74","311.95K","-0.92%"
"06/02/2025","55.54","55.20","55.56","55.08","711.22K","0.65%"
"05/30/2025","55.18","55.17","55.26","54.85","687.16K","0.51%"
"05/29/2025","54.90","54.68","54.91","54.60","556.66K","0.51%"
"05/28/2025","54.62","54.61","54.78","54.51","2.04M","-1.05%"
"05/27/2025","55.20","55.44","55.44","55.12","359.55K","0.31%"
"05/23/2025","55.03","54.49","55.11","54.48","375.87K","0.47%"
"05/22/2025","54.77","54.59","54.94","54.44","487.59K","-0.49%"
"05/21/2025","55.04","55.39","55.50","54.98","417.26K","-0.24%"
"05/20/2025","55.17","55.14","55.21","54.99","183.14K","0.27%"
"05/19/2025","55.02","54.43","55.02","54.41","276.96K","1.12%"
"05/16/2025","54.41","53.90","54.41","53.90","332.14K","0.72%"
"05/15/2025","54.02","53.60","54.02","53.54","365.68K","2.04%"
"05/14/2025","52.94","53.58","53.59","52.94","269.25K","-0.47%"
"05/13/2025","53.19","53.43","53.43","53.10","560.87K","-0.64%"
"05/12/2025","53.53","53.01","53.54","52.83","480.91K","-0.09%"
"05/09/2025","53.58","53.69","53.74","53.49","503.91K","0.00%"
"05/08/2025","53.58","54.17","54.17","53.53","206.83K","-1.05%"
"05/07/2025","54.15","54.28","54.42","54.03","416.33K","-0.35%"
"05/06/2025","54.34","54.49","54.56","54.29","430.56K","-0.55%"
"05/05/2025","54.64","54.84","54.84","54.55","317.42K","0.31%"
"05/02/2025","54.47","54.60","54.70","54.33","540.24K","1.78%"
"05/01/2025","53.52","53.87","54.01","53.33","734.79K","-0.63%"
"04/30/2025","53.86","53.82","54.16","53.54","445.18K","0.35%"
"04/29/2025","53.67","53.68","53.78","53.58","271.71K","-0.07%"
"04/28/2025","53.71","52.97","53.73","52.95","332.84K","1.26%"
"04/25/2025","53.04","52.87","53.04","52.69","344.05K","0.15%"
"04/24/2025","52.96","52.76","52.98","52.58","258.73K","1.40%"
"04/23/2025","52.23","52.42","52.70","52.06","850.28K","-0.42%"
"04/22/2025","52.45","51.88","52.67","51.88","556.32K","1.22%"
"04/21/2025","51.82","52.38","52.44","51.49","509.13K","-0.25%"
"04/17/2025","51.95","51.73","52.17","51.56","353.40K","1.29%"
"04/16/2025","51.29","51.51","51.80","51.15","331.84K","-0.31%"
"04/15/2025","51.45","51.39","51.69","51.30","281.01K","0.49%"
"04/14/2025","51.20","50.52","51.42","50.48","410.60K","0.29%"
"04/11/2025","51.05","49.96","51.17","49.86","349.55K","2.72%"
"04/10/2025","49.70","49.02","49.80","48.62","647.27K","-0.02%"
"04/09/2025","49.71","46.90","50.06","46.73","1.14M","5.50%"
"04/08/2025","47.12","48.78","48.78","46.72","818.78K","0.17%"
"04/07/2025","47.04","46.72","48.30","46.22","2.92M","-2.73%"
"04/04/2025","48.36","49.97","50.09","48.29","904.43K","-5.93%"
"04/03/2025","51.41","51.85","52.04","51.38","532.80K","-0.16%"
"04/02/2025","51.49","51.36","51.63","51.24","630.12K","-0.52%"
"04/01/2025","51.76","52.13","52.13","51.60","413.20K","-0.06%"
"03/31/2025","51.79","51.80","51.84","51.43","479.78K","-1.31%"
"03/28/2025","52.48","52.66","52.74","52.44","175.76K","-0.21%"
"03/27/2025","52.59","52.31","52.66","52.31","235.85K","0.27%"
"03/26/2025","52.45","52.52","52.84","52.31","222.63K","-1.00%"
"03/25/2025","52.98","53.24","53.35","52.85","218.54K","0.15%"
"03/24/2025","52.90","52.94","53.04","52.70","194.16K","-0.30%"
"03/21/2025","53.06","53.03","53.14","52.94","279.93K","-0.41%"
"03/20/2025","53.28","52.96","53.31","52.95","287.46K","0.08%"
"03/19/2025","53.24","53.08","53.40","52.99","610.48K","-0.36%"
"03/18/2025","53.43","53.36","53.49","53.17","472.21K","0.19%"
"03/17/2025","53.33","52.88","53.37","52.88","271.75K","1.41%"
"03/14/2025","52.59","52.02","52.63","51.93","753.55K","0.86%"
"03/13/2025","52.14","52.18","52.22","51.92","603.76K","-0.52%"
"03/12/2025","52.41","52.50","52.51","52.09","892.01K","1.04%"
"03/11/2025","51.87","52.37","52.39","51.61","695.79K","-1.43%"
"03/10/2025","52.62","53.10","53.28","52.35","754.34K","-1.70%"
"03/07/2025","53.53","53.09","53.61","53.03","594.93K","1.79%"
"03/06/2025","52.59","52.47","52.81","52.44","1.10M","-0.51%"
"03/05/2025","52.86","52.88","53.12","52.76","484.48K","0.28%"
"03/04/2025","52.71","52.48","53.11","52.34","734.53K","0.78%"
"03/03/2025","52.30","52.35","52.62","52.08","524.63K","1.10%"
"02/28/2025","51.73","51.43","51.76","51.26","414.14K","0.78%"
"02/27/2025","51.33","51.54","51.65","51.31","191.12K","-1.35%"
"02/26/2025","52.03","52.23","52.31","51.91","429.06K","0.12%"
"02/25/2025","51.97","52.23","52.26","51.97","335.60K","0.83%"
"02/24/2025","51.54","51.74","51.89","51.54","422.93K","-0.15%"
"02/21/2025","51.62","51.55","51.71","51.41","199.21K","0.64%"
"02/20/2025","51.29","50.87","51.29","50.80","161.01K","0.85%"
"02/19/2025","50.86","50.76","50.92","50.67","433.55K","-0.88%"
"02/18/2025","51.31","51.29","51.38","51.20","352.88K","-0.19%"
"02/14/2025","51.41","51.48","51.51","51.28","184.35K","0.02%"
"02/13/2025","51.40","50.96","51.40","50.90","743.93K","2.35%"
"02/12/2025","50.22","49.80","50.27","49.70","247.82K","0.34%"
"02/11/2025","50.05","49.90","50.08","49.83","147.37K","0.30%"
"02/10/2025","49.90","49.77","49.92","49.71","355.93K","0.63%"
"02/07/2025","49.59","50.06","50.08","49.56","299.57K","-0.76%"
"02/06/2025","49.97","50.02","50.16","49.93","255.88K","-0.48%"
"02/05/2025","50.21","49.93","50.31","49.86","378.24K","1.41%"
"02/04/2025","49.51","49.38","49.53","49.27","351.80K","0.55%"
"02/03/2025","49.24","48.94","49.48","48.88","451.35K","-0.67%"
"01/31/2025","49.57","49.98","50.01","49.49","585.12K","-0.90%"
"01/30/2025","50.02","49.92","50.21","49.87","303.65K","0.87%"
"01/29/2025","49.59","49.70","49.79","49.39","213.57K","-0.24%"
"01/28/2025","49.71","49.69","49.71","49.36","317.79K","-0.26%"
"01/27/2025","49.84","49.38","49.86","49.38","336.45K","2.07%"
"01/24/2025","48.83","48.77","48.92","48.74","185.57K","0.08%"
"01/23/2025","48.79","48.53","48.81","48.34","259.08K","0.72%"
"01/22/2025","48.44","48.47","48.47","48.32","294.16K","0.19%"
"01/21/2025","48.35","47.83","48.36","47.79","489.63K","2.50%"
"01/17/2025","47.17","47.29","47.38","47.17","487.36K","0.13%"
"01/16/2025","47.11","46.94","47.26","46.81","268.06K","1.09%"
"01/15/2025","46.60","46.64","46.66","46.42","842.63K","0.58%"
"01/14/2025","46.33","46.30","46.38","46.04","196.12K","0.37%"
"01/13/2025","46.16","45.83","46.17","45.81","478.19K","-0.54%"
"01/10/2025","46.41","46.61","46.62","46.26","242.78K","-1.26%"
"01/08/2025","47.00","46.73","47.08","46.62","925.71K","0.28%"
"01/07/2025","46.87","46.94","47.08","46.74","331.69K","0.75%"
"01/06/2025","46.52","46.34","46.70","46.23","428.35K","0.56%"
"01/03/2025","46.26","46.04","46.26","45.86","331.75K","0.89%"
"01/02/2025","45.85","46.22","46.22","45.80","513.58K","-0.24%"
"12/31/2024","45.96","46.42","46.42","45.92","553.90K","-0.52%"
"12/30/2024","46.20","46.10","46.35","45.90","276.16K","-0.30%"
"12/27/2024","46.34","46.25","46.46","46.19","205.23K","-0.60%"
"12/26/2024","46.62","46.45","46.64","46.45","532.58K","0.32%"
"12/24/2024","46.47","46.27","46.49","46.14","520.92K","0.37%"
"12/23/2024","46.30","46.14","46.35","45.92","301.88K","0.83%"
"12/20/2024","45.92","45.57","46.22","45.56","633.35K","0.42%"
"12/19/2024","45.73","45.92","45.94","45.68","992.52K","-0.50%"
"12/18/2024","45.96","46.96","47.02","45.92","293.51K","-2.71%"
"12/17/2024","47.24","47.06","47.48","47.04","566.01K","0.32%"
"12/16/2024","47.09","46.98","47.28","46.98","576.77K","-0.19%"
"12/13/2024","47.18","47.39","47.39","47.05","168.04K","-0.06%"
"12/12/2024","47.21","47.47","47.70","47.19","249.06K","-0.96%"
"12/11/2024","47.67","47.72","47.75","47.55","254.09K","0.51%"
"12/10/2024","47.43","47.93","47.93","47.37","174.24K","-1.37%"
"12/09/2024","48.09","48.26","48.35","48.04","1.28M","-0.33%"
"12/06/2024","48.25","48.44","48.44","48.17","213.29K","0.15%"
"12/05/2024","48.18","48.05","48.24","48.01","312.31K","0.46%"
"12/04/2024","47.96","47.93","48.06","47.77","137.42K","-0.06%"
"12/03/2024","47.99","48.02","48.07","47.89","312.97K","-0.10%"
"12/02/2024","48.04","47.99","48.09","47.64","415.62K","-0.31%"
"11/29/2024","48.19","47.69","48.19","47.69","153.37K","1.24%"
"11/27/2024","47.60","47.53","47.68","47.42","210.11K","0.76%"
"11/26/2024","47.24","47.42","47.43","47.11","401.13K","-0.36%"
"11/25/2024","47.41","47.49","47.62","47.30","252.20K","0.27%"
"11/22/2024","47.28","47.16","47.33","47.13","235.38K","0.19%"
"11/21/2024","47.19","47.10","47.22","46.98","224.34K","0.00%"
"11/20/2024","47.19","47.05","47.19","46.87","271.60K","-0.02%"
"11/19/2024","47.20","46.91","47.23","46.84","457.51K","-0.53%"
"11/18/2024","47.45","47.11","47.45","47.10","222.34K","0.59%"
"11/15/2024","47.17","47.19","47.20","47.06","194.47K","-0.61%"
"11/14/2024","47.46","47.74","47.87","47.34","431.92K","-0.25%"
"11/13/2024","47.58","47.73","47.73","47.32","391.34K","-0.52%"
"11/12/2024","47.83","48.25","48.28","47.61","278.20K","-1.67%"
"11/11/2024","48.64","48.91","48.96","48.62","288.56K","-0.23%"
"11/08/2024","48.75","48.84","48.85","48.49","311.31K","-1.34%"
"11/07/2024","49.41","49.31","49.51","49.16","234.34K","1.04%"
"11/06/2024","48.90","49.13","49.13","48.69","1.20M","-1.71%"
"11/05/2024","49.75","49.61","49.82","49.53","183.94K","0.02%"
"11/04/2024","49.74","49.93","50.03","49.67","128.49K","0.14%"
"11/01/2024","49.67","49.76","49.79","49.59","142.40K","0.65%"
"10/31/2024","49.35","49.42","49.43","49.02","254.30K","-0.86%"
"10/30/2024","49.78","49.79","50.04","49.71","786.45K","-1.05%"
"10/29/2024","50.31","50.42","50.58","50.21","226.93K","-1.74%"
"10/28/2024","51.20","50.96","51.21","50.92","241.83K","1.09%"
"10/25/2024","50.65","50.75","50.85","50.58","458.07K","-0.26%"
"10/24/2024","50.78","50.88","50.93","50.62","962.07K","0.42%"
"10/23/2024","50.57","50.63","50.78","50.39","456.79K","-0.22%"
"10/22/2024","50.68","50.72","50.84","50.62","1.09M","-0.71%"
"10/21/2024","51.04","51.36","51.39","50.97","190.31K","-0.91%"
"10/18/2024","51.51","51.34","51.54","51.24","119.84K","0.57%"
"10/17/2024","51.22","51.41","51.44","51.16","968.93K","0.33%"
"10/16/2024","51.05","50.98","51.12","50.89","218.78K","-0.06%"
"10/15/2024","51.08","51.36","51.47","51.01","334.49K","-0.97%"
"10/14/2024","51.58","51.22","51.58","51.16","221.22K","0.21%"
"10/11/2024","51.47","51.15","51.47","51.15","230.13K","0.88%"
"10/10/2024","51.02","51.08","51.11","50.83","1.32M","-0.06%"
"10/09/2024","51.05","50.78","51.06","50.78","195.92K","0.75%"
"10/08/2024","50.67","50.83","50.85","50.64","119.39K","0.00%"
"10/07/2024","50.67","51.01","51.01","50.59","158.45K","-0.49%"
"10/04/2024","50.92","50.51","50.92","50.51","137.47K","-0.08%"
"10/03/2024","50.96","51.27","51.27","50.86","540.87K","-1.26%"
"10/02/2024","51.61","51.52","51.66","51.31","349.74K","-0.44%"
"10/01/2024","51.84","52.18","52.18","51.56","644.86K","-0.50%"
"09/30/2024","52.10","52.34","52.34","51.87","1.03M","-0.72%"
"09/27/2024","52.48","52.54","52.69","52.42","130.70K","0.29%"
"09/26/2024","52.33","52.03","52.33","51.88","329.59K","1.43%"
"09/25/2024","51.59","51.77","51.77","51.58","164.64K","-0.08%"
"09/24/2024","51.63","51.24","51.63","51.16","292.76K","1.12%"
"09/23/2024","51.06","50.89","51.09","50.85","255.10K","0.79%"
"09/20/2024","50.66","50.95","51.00","50.62","341.96K","-1.65%"
"09/19/2024","51.51","51.54","51.61","51.32","185.95K","0.68%"
"09/18/2024","51.16","51.38","51.73","51.10","274.21K","-0.47%"
"09/17/2024","51.40","51.58","51.58","51.22","159.93K","-0.35%"
"09/16/2024","51.58","51.37","51.58","51.23","165.75K","0.37%"
"09/13/2024","51.39","51.45","51.58","51.25","621.57K","0.63%"
"09/12/2024","51.07","50.63","51.08","50.51","197.48K","0.71%"
"09/11/2024","50.71","51.07","51.07","50.40","339.82K","-0.98%"
"09/10/2024","51.21","51.18","51.25","50.86","246.07K","0.29%"
"09/09/2024","51.06","50.87","51.27","50.84","232.57K","0.08%"
"09/06/2024","51.02","51.51","51.62","50.86","573.51K","-0.78%"
"09/05/2024","51.42","51.58","51.60","51.24","333.35K","-0.81%"
"09/04/2024","51.84","51.56","51.88","51.56","310.40K","-0.54%"
"09/03/2024","52.12","52.49","52.52","52.02","736.82K","-1.38%"
"08/30/2024","52.85","52.84","53.01","52.65","200.86K","0.13%"
"08/29/2024","52.78","52.82","53.03","52.67","226.52K","0.13%"
"08/28/2024","52.71","52.75","52.89","52.62","148.41K","0.04%"
"08/27/2024","52.69","52.48","52.76","52.48","162.05K","0.27%"
"08/26/2024","52.55","52.48","52.59","52.42","158.54K","0.08%"
"08/23/2024","52.51","51.98","52.56","51.89","343.47K","1.72%"
"08/22/2024","51.62","52.32","52.34","51.59","316.49K","-0.64%"
"08/21/2024","51.95","51.78","52.02","51.63","320.40K","0.54%"
"08/20/2024","51.67","51.52","51.70","51.48","138.91K","0.60%"
"08/19/2024","51.36","51.02","51.42","51.00","163.00K","1.18%"
"08/16/2024","50.76","50.57","50.79","50.52","138.99K","0.81%"
"08/15/2024","50.35","50.37","50.46","50.30","245.08K","-0.30%"
"08/14/2024","50.50","50.21","50.53","50.21","277.84K","1.10%"
"08/13/2024","49.95","49.58","49.95","49.56","334.06K","0.89%"
"08/12/2024","49.51","49.41","49.55","49.28","170.93K","-0.52%"
"08/09/2024","49.77","49.55","49.78","49.43","189.95K","0.59%"
"08/08/2024","49.48","49.21","49.51","49.12","265.28K","0.49%"
"08/07/2024","49.24","49.54","49.67","49.18","740.57K","0.59%"
"08/06/2024","48.95","48.72","49.15","48.52","676.16K","0.31%"
"08/05/2024","48.80","49.12","49.33","48.69","952.81K","-2.42%"
"08/02/2024","50.01","50.06","50.21","49.80","573.65K","-0.18%"
"08/01/2024","50.10","50.28","50.39","49.85","816.35K","-0.63%"
"07/31/2024","50.42","50.57","50.61","50.29","416.59K","0.66%"
"07/30/2024","50.09","49.96","50.12","49.88","214.56K","0.74%"
"07/29/2024","49.72","49.90","49.90","49.55","208.27K","-0.68%"
"07/26/2024","50.06","49.69","50.10","49.68","394.78K","1.27%"
"07/25/2024","49.43","49.33","49.76","49.28","336.20K","-0.18%"
"07/24/2024","49.52","49.77","49.92","49.50","580.54K","0.10%"
"07/23/2024","49.47","49.63","49.65","49.46","276.91K","-1.00%"
"07/22/2024","49.97","49.93","50.03","49.78","334.60K","1.19%"
"07/19/2024","49.38","49.47","49.55","49.34","220.67K","-0.48%"
"07/18/2024","49.62","50.10","50.13","49.56","371.84K","-1.19%"
"07/17/2024","50.22","49.93","50.27","49.93","171.09K","1.35%"
"07/16/2024","49.55","49.15","49.57","49.11","235.64K","0.49%"
"07/15/2024","49.31","49.78","49.78","49.28","121.51K","-0.92%"
"07/12/2024","49.77","49.71","49.88","49.71","204.22K","0.95%"
"07/11/2024","49.30","49.49","49.67","49.28","231.73K","0.63%"
"07/10/2024","48.99","48.61","49.01","48.56","234.17K","0.82%"
"07/09/2024","48.59","48.75","48.75","48.46","588.00K","0.12%"
"07/08/2024","48.53","48.91","48.92","48.52","178.31K","-0.23%"
"07/05/2024","48.64","48.75","48.75","48.29","349.89K","0.64%"
"07/03/2024","48.33","48.20","48.35","48.16","283.70K","0.56%"
"07/02/2024","48.06","47.75","48.06","47.73","252.66K","-0.12%"
"07/01/2024","48.12","48.21","48.41","47.96","383.57K","-0.19%"
"06/28/2024","48.21","48.07","48.25","48.02","217.46K","-0.23%"
"06/27/2024","48.32","48.34","48.47","48.21","224.20K","0.00%"
"06/26/2024","48.32","48.25","48.43","48.20","134.44K","-1.25%"
"06/25/2024","48.93","48.71","48.97","48.65","177.44K","-0.20%"
"06/24/2024","49.03","49.01","49.21","48.92","157.35K","0.91%"
"06/21/2024","48.59","48.63","48.74","48.50","245.81K","-1.16%"
"06/20/2024","49.16","48.78","49.19","48.75","301.33K","-0.26%"
"06/18/2024","49.29","49.09","49.30","49.05","253.86K","0.92%"
"06/17/2024","48.84","48.55","48.84","48.41","346.20K","0.14%"
"06/14/2024","48.77","48.82","48.91","48.59","305.91K","-0.37%"
"06/13/2024","48.95","48.88","48.97","48.63","376.22K","-0.18%"
"06/12/2024","49.04","49.24","49.33","48.95","324.65K","1.13%"
"06/11/2024","48.49","48.52","48.62","48.32","230.36K","-2.85%"
"06/10/2024","49.91","49.80","49.91","49.63","221.36K","-0.60%"
"06/07/2024","50.21","50.35","50.46","50.15","318.79K","-0.83%"
"06/06/2024","50.63","50.42","50.63","50.33","792.06K","0.86%"
"06/05/2024","50.20","50.15","50.20","49.85","371.14K","0.58%"
"06/04/2024","49.91","49.73","49.95","49.62","268.26K","1.18%"
"06/03/2024","49.33","49.25","49.42","49.16","448.17K","0.35%"
"05/31/2024","49.16","48.85","49.18","48.82","337.51K","1.19%"
"05/30/2024","48.58","48.31","48.69","48.31","308.64K","1.80%"
"05/29/2024","47.72","47.78","47.86","47.67","196.32K","-0.62%"
"05/28/2024","48.02","48.32","48.37","47.90","140.64K","-0.62%"
"05/24/2024","48.32","48.19","48.34","48.17","71.18K","0.25%"
"05/23/2024","48.20","48.59","48.59","48.13","135.39K","-0.23%"
"05/22/2024","48.31","48.30","48.38","48.21","150.53K","-0.88%"
"05/21/2024","48.74","48.71","48.76","48.63","214.46K","-0.41%"
"05/20/2024","48.94","48.99","49.05","48.90","432.67K","-0.06%"
"05/17/2024","48.97","48.81","49.03","48.76","166.49K","0.31%"
"05/16/2024","48.82","48.88","48.92","48.76","731.04K","0.10%"
"05/15/2024","48.77","48.54","48.80","48.53","249.06K","1.16%"
"05/14/2024","48.21","48.02","48.22","48.01","201.99K","1.05%"
"05/13/2024","47.71","47.97","48.01","47.67","492.98K","-0.48%"
"05/10/2024","47.94","47.77","47.95","47.77","250.70K","0.67%"
"05/09/2024","47.62","47.28","47.63","47.26","539.16K","0.93%"
"05/08/2024","47.18","47.07","47.22","47.03","323.30K","0.68%"
"05/07/2024","46.86","46.84","46.97","46.76","726.04K","1.06%"
"05/06/2024","46.37","46.43","46.44","46.30","159.07K","0.30%"
"05/03/2024","46.23","46.34","46.40","46.02","296.26K","1.18%"
"05/02/2024","45.69","45.60","45.78","45.40","625.08K","0.97%"
"05/01/2024","45.25","45.32","45.67","45.12","534.84K","-0.24%"
"04/30/2024","45.36","45.60","45.87","45.34","364.82K","-1.56%"
"04/29/2024","46.08","46.08","46.13","45.96","439.41K","0.30%"
"04/26/2024","45.94","45.76","46.00","45.76","280.14K","0.39%"
"04/25/2024","45.76","45.29","45.80","45.20","658.95K","-0.67%"
"04/24/2024","46.07","46.35","46.35","45.94","917.44K","-0.80%"
"04/23/2024","46.44","46.47","46.63","46.39","418.43K","0.85%"
"04/22/2024","46.05","45.87","46.19","45.85","555.02K","0.77%"
"04/19/2024","45.70","45.46","45.78","45.45","3.04M","1.15%"
"04/18/2024","45.18","45.27","45.40","45.11","420.22K","-0.40%"
"04/17/2024","45.36","45.54","45.56","45.24","598.82K","0.49%"
"04/16/2024","45.14","45.28","45.34","45.04","799.72K","-1.05%"
"04/15/2024","45.62","46.03","46.07","45.56","777.54K","0.11%"
"04/12/2024","45.57","45.94","46.08","45.55","806.46K","-1.62%"
"04/11/2024","46.32","46.42","46.44","45.90","630.25K","0.59%"
"04/10/2024","46.05","45.99","46.24","45.81","609.17K","-1.37%"
"04/09/2024","46.69","46.85","46.95","46.51","563.22K","0.17%"
"04/08/2024","46.61","46.71","46.74","46.55","811.80K","0.02%"
"04/05/2024","46.60","46.52","46.74","46.43","940.15K","-0.58%"
"04/04/2024","46.87","47.14","47.22","46.76","693.89K","-0.17%"
"04/03/2024","46.95","46.68","47.01","46.63","609.17K","0.36%"
"04/02/2024","46.78","46.90","46.91","46.69","486.75K","-1.37%"
"04/01/2024","47.43","47.72","47.73","47.38","641.05K","-0.36%"
"03/28/2024","47.60","47.31","47.65","47.31","449.88K","0.46%"
"03/27/2024","47.38","47.12","47.38","47.12","639.98K","0.49%"
"03/26/2024","47.15","47.19","47.33","47.14","452.62K","-0.25%"
"03/25/2024","47.27","47.29","47.44","47.26","884.74K","-0.27%"
"03/22/2024","47.40","47.54","47.57","47.34","1.01M","-0.36%"
"03/21/2024","47.57","47.64","47.75","47.53","913.64K","-0.92%"
"03/20/2024","48.01","47.63","48.03","47.53","729.70K","1.07%"
"03/19/2024","47.50","47.59","47.65","47.44","637.14K","-0.40%"
"03/18/2024","47.69","47.99","48.00","47.67","878.26K","-1.18%"
"03/15/2024","48.26","48.35","48.42","48.13","964.24K","-0.17%"
"03/14/2024","48.34","48.61","48.61","48.23","701.26K","-0.80%"
"03/13/2024","48.73","48.78","48.86","48.65","780.02K","0.00%"
"03/12/2024","48.73","48.43","48.73","48.26","1.16M","0.56%"
"03/11/2024","48.46","48.27","48.47","48.11","1.02M","0.50%"
"03/08/2024","48.22","48.31","48.40","48.15","793.15K","0.58%"
"03/07/2024","47.94","47.84","48.01","47.77","2.76M","1.18%"
"03/06/2024","47.38","47.23","47.45","47.19","1.23M","1.02%"
"03/05/2024","46.90","46.84","46.92","46.76","593.55K","0.02%"
"03/04/2024","46.89","46.70","46.95","46.66","571.77K","-0.42%"
"03/01/2024","47.09","46.95","47.12","46.65","899.61K","0.58%"
"02/29/2024","46.82","47.24","47.26","46.73","558.06K","-0.47%"
"02/28/2024","47.04","47.03","47.06","46.95","231.36K","-0.34%"
"02/27/2024","47.20","47.12","47.26","47.10","262.20K","0.17%"
"02/26/2024","47.12","47.45","47.45","47.06","283.83K","-0.57%"
"02/23/2024","47.39","47.29","47.42","47.26","252.91K","0.57%"
"02/22/2024","47.12","46.97","47.12","46.89","603.85K","-0.44%"
"02/21/2024","47.33","47.22","47.34","47.08","612.42K","0.23%"
"02/20/2024","47.22","47.29","47.37","47.11","831.51K","1.18%"
"02/16/2024","46.67","46.69","46.81","46.58","754.58K","-0.15%"
"02/15/2024","46.74","46.61","46.78","46.60","437.07K","0.97%"
"02/14/2024","46.29","46.05","46.29","45.97","460.44K","1.45%"
"02/13/2024","45.63","45.76","45.82","45.53","704.63K","-1.96%"
"02/12/2024","46.54","46.35","46.56","46.34","354.40K","0.34%"
"02/09/2024","46.38","46.20","46.38","46.06","269.76K","-0.24%"
"02/08/2024","46.49","46.76","46.76","46.46","363.69K","-0.60%"
"02/07/2024","46.77","47.03","47.04","46.71","422.06K","-0.91%"
"02/06/2024","47.20","46.80","47.20","46.75","435.14K","0.02%"
"02/05/2024","47.19","47.14","47.25","46.98","572.48K","-0.30%"
"02/02/2024","47.33","47.48","47.51","47.13","471.49K","-1.11%"
"02/01/2024","47.86","47.57","47.86","47.33","586.40K","0.74%"
"01/31/2024","47.51","48.10","48.28","47.48","878.08K","-1.39%"
"01/30/2024","48.18","48.17","48.22","47.95","326.06K","-0.19%"
"01/29/2024","48.27","47.86","48.29","47.86","535.20K","0.94%"
"01/26/2024","47.82","47.94","47.94","47.76","439.19K","1.66%"
"01/25/2024","47.04","46.87","47.04","46.73","641.62K","0.41%"
"01/24/2024","46.85","47.08","47.10","46.83","496.46K","0.69%"
"01/23/2024","46.53","46.53","46.58","46.35","572.06K","-1.06%"
"01/22/2024","47.03","46.95","47.13","46.93","1.28M","0.58%"
"01/19/2024","46.76","46.57","46.78","46.42","602.21K","-0.28%"
"01/18/2024","46.89","46.76","46.90","46.64","755.00K","0.26%"
"01/17/2024","46.77","46.67","46.77","46.46","690.59K","-0.99%"
"01/16/2024","47.24","47.37","47.47","47.18","288.07K","-1.34%"
"01/12/2024","47.88","47.95","48.06","47.75","255.14K","0.40%"
"01/11/2024","47.69","47.82","47.85","47.26","380.89K","-0.52%"
"01/10/2024","47.94","47.90","48.02","47.87","260.80K","0.21%"
"01/09/2024","47.84","47.87","48.03","47.81","227.29K","-0.91%"
"01/08/2024","48.28","47.98","48.30","47.95","364.53K","1.22%"
"01/05/2024","47.70","47.61","48.06","47.53","289.47K","-0.36%"
"01/04/2024","47.87","47.63","48.02","47.63","424.70K","0.15%"
"01/03/2024","47.80","47.60","47.88","47.48","597.79K","-0.31%"
"01/02/2024","47.95","47.71","48.09","47.70","844.24K","-0.66%"
"12/29/2023","48.27","48.19","48.45","48.13","609.19K","0.86%"
"12/28/2023","47.86","48.24","48.44","47.83","452.09K","-0.44%"
"12/27/2023","48.07","47.65","48.14","47.58","473.36K","0.78%"
"12/26/2023","47.70","47.54","47.74","47.45","541.58K","0.53%"
"12/22/2023","47.45","47.53","47.61","47.33","315.31K","0.13%"
"12/21/2023","47.39","47.25","47.39","47.10","340.71K","1.46%"
"12/20/2023","46.71","47.07","47.21","46.70","484.19K","-1.27%"
"12/19/2023","47.31","47.00","47.31","47.00","333.35K","0.72%"
"12/18/2023","46.97","47.01","47.07","46.80","374.62K","0.34%"
"12/15/2023","46.81","46.94","47.24","46.80","597.44K","-0.78%"
"12/14/2023","47.18","47.07","47.42","46.97","592.87K","0.38%"
"12/13/2023","47.00","46.66","47.05","46.36","612.06K","1.21%"
"12/12/2023","46.44","46.30","46.44","46.15","346.00K","0.72%"
"12/11/2023","46.11","45.85","46.12","45.85","882.63K","0.35%"
"12/08/2023","45.95","45.71","45.98","45.71","345.50K","0.70%"
"12/07/2023","45.63","45.62","45.76","45.49","340.01K","-0.26%"
"12/06/2023","45.75","45.97","46.01","45.73","184.69K","0.24%"
"12/05/2023","45.64","45.66","45.79","45.58","288.60K","-0.37%"
"12/04/2023","45.81","45.60","45.81","45.57","387.92K","-0.04%"
"12/01/2023","45.83","45.28","45.87","45.28","575.63K","0.90%"
"11/30/2023","45.42","45.29","45.67","45.12","608.69K","0.40%"
"11/29/2023","45.24","45.08","45.35","45.02","393.70K","0.94%"
"11/28/2023","44.82","44.66","44.90","44.64","237.90K","-0.24%"
"11/27/2023","44.93","45.08","45.11","44.88","278.65K","-0.51%"
"11/24/2023","45.16","45.00","45.17","45.00","170.22K","0.69%"
"11/22/2023","44.85","44.86","44.88","44.68","476.04K","0.22%"
"11/21/2023","44.75","44.70","44.80","44.69","559.06K","0.56%"
"11/20/2023","44.50","44.43","44.56","44.40","763.88K","-0.04%"
"11/17/2023","44.52","44.45","44.53","44.36","485.77K","0.93%"
"11/16/2023","44.11","44.00","44.26","44.00","813.69K","-0.32%"
"11/15/2023","44.25","44.33","44.44","44.21","650.67K","0.02%"
"11/14/2023","44.24","43.82","44.27","43.80","702.00K","2.69%"
"11/13/2023","43.08","42.81","43.13","42.75","509.21K","0.02%"
"11/10/2023","43.07","43.03","43.10","42.69","357.28K","0.05%"
"11/09/2023","43.05","43.47","43.47","43.02","324.69K","-0.12%"
"11/08/2023","43.10","43.13","43.32","43.02","455.74K","0.21%"
"11/07/2023","43.01","43.10","43.12","42.93","346.02K","-0.23%"
"11/06/2023","43.11","43.07","43.20","43.00","415.39K","-0.19%"
"11/03/2023","43.19","43.28","43.37","43.12","480.90K","0.35%"
"11/02/2023","43.04","42.90","43.05","42.79","1.09M","1.41%"
"11/01/2023","42.44","42.16","42.45","42.12","718.31K","1.24%"
"10/31/2023","41.92","41.85","41.96","41.66","611.04K","-0.52%"
"10/30/2023","42.14","42.03","42.16","41.93","737.69K","1.27%"
"10/27/2023","41.61","42.05","42.05","41.55","1.44M","-0.93%"
"10/26/2023","42.00","42.24","42.30","41.90","580.28K","-0.57%"
"10/25/2023","42.24","42.28","42.51","41.98","845.49K","-0.54%"
"10/24/2023","42.47","42.24","42.51","42.22","721.60K","0.71%"
"10/23/2023","42.17","42.16","42.44","41.99","670.71K","-0.40%"
"10/20/2023","42.34","42.52","42.68","42.33","1.07M","-0.66%"
"10/19/2023","42.62","42.73","42.90","42.48","658.97K","-1.23%"
"10/18/2023","43.15","43.49","43.66","43.11","488.99K","-1.57%"
"10/17/2023","43.84","43.59","44.00","43.56","544.60K","-0.68%"
"10/16/2023","44.14","43.85","44.16","43.83","328.97K","0.20%"
"10/13/2023","44.05","44.03","44.14","43.86","1.22M","0.14%"
"10/12/2023","43.99","44.52","44.54","43.92","763.56K","-1.43%"
"10/11/2023","44.63","44.65","44.70","44.42","382.93K","1.00%"
"10/10/2023","44.19","44.00","44.34","43.97","387.41K","1.21%"
"10/09/2023","43.66","43.47","43.71","43.37","435.55K","0.30%"
"10/06/2023","43.53","43.00","43.58","42.67","1.21M","0.81%"
"10/05/2023","43.18","43.10","43.28","43.00","519.03K","0.49%"
"10/04/2023","42.97","43.11","43.14","42.61","944.08K","0.82%"
"10/03/2023","42.62","42.76","42.90","42.52","594.74K","-1.18%"
"10/02/2023","43.13","43.36","43.39","42.97","588.26K","-1.01%"
"09/29/2023","43.57","44.09","44.10","43.52","493.02K","0.21%"
"09/28/2023","43.48","43.28","43.57","43.21","439.50K","0.88%"
"09/27/2023","43.10","43.53","43.59","42.88","1.41M","-1.24%"
"09/26/2023","43.64","43.79","43.87","43.62","1.50M","-1.20%"
"09/25/2023","44.17","44.04","44.22","43.95","547.17K","-0.36%"
"09/22/2023","44.33","44.47","44.64","44.30","441.64K","-0.81%"
"09/21/2023","44.69","44.97","45.05","44.69","338.82K","-1.35%"
"09/20/2023","45.30","45.54","45.71","45.28","296.80K","0.31%"
"09/19/2023","45.16","45.10","45.19","44.95","595.53K","-0.04%"
"09/18/2023","45.18","45.27","45.30","45.10","1.38M","-0.90%"
"09/15/2023","45.59","45.73","45.87","45.58","435.46K","0.40%"
"09/14/2023","45.41","45.14","45.45","45.14","700.69K","0.84%"
"09/13/2023","45.03","45.08","45.17","44.97","251.69K","-0.33%"
"09/12/2023","45.18","45.26","45.34","45.15","334.62K","-0.29%"
"09/11/2023","45.31","45.22","45.35","45.07","452.73K","0.64%"
"09/08/2023","45.02","45.20","45.21","44.97","757.39K","-0.44%"
"09/07/2023","45.22","45.11","45.31","45.07","230.89K","0.33%"
"09/06/2023","45.07","45.07","45.13","44.93","779.09K","-0.24%"
"09/05/2023","45.18","45.47","45.50","45.15","503.21K","-1.63%"
"09/01/2023","45.93","46.38","46.38","45.83","543.93K","-0.43%"
"08/31/2023","46.13","46.41","46.46","46.08","329.54K","-0.52%"
"08/30/2023","46.37","46.53","46.65","46.31","487.09K","-0.32%"
"08/29/2023","46.52","45.78","46.54","45.78","605.89K","1.44%"
"08/28/2023","45.86","45.80","45.90","45.74","371.75K","0.64%"
"08/25/2023","45.57","45.53","45.63","45.20","448.70K","0.49%"
"08/24/2023","45.35","45.65","45.81","45.33","290.57K","-1.00%"
"08/23/2023","45.81","45.66","45.84","45.65","342.16K","1.28%"
"08/22/2023","45.23","45.51","45.51","45.19","363.88K","-0.37%"
"08/21/2023","45.40","45.35","45.45","45.15","655.34K","0.71%"
"08/18/2023","45.08","44.88","45.16","44.84","513.12K","-0.42%"
"08/17/2023","45.27","45.65","45.67","45.24","641.42K","-0.70%"
"08/16/2023","45.59","45.77","45.91","45.58","600.32K","-0.52%"
"08/15/2023","45.83","46.11","46.12","45.78","298.81K","-1.27%"
"08/14/2023","46.42","46.14","46.53","46.08","1.01M","-0.17%"
"08/11/2023","46.50","46.31","46.54","46.24","337.73K","-0.19%"
"08/10/2023","46.59","46.84","47.11","46.59","616.59K","0.41%"
"08/09/2023","46.40","46.47","46.59","46.37","310.40K","-0.19%"
"08/08/2023","46.49","46.37","46.51","46.29","632.51K","-0.62%"
"08/07/2023","46.78","46.62","46.80","46.46","446.46K","0.56%"
"08/04/2023","46.52","46.49","46.84","46.45","528.99K","0.00%"
"08/03/2023","46.52","46.38","46.65","46.34","526.60K","-0.62%"
"08/02/2023","46.81","46.79","47.00","46.73","697.35K","-0.87%"
"08/01/2023","47.22","47.15","47.42","46.97","461.69K","-1.03%"
"07/31/2023","47.71","47.77","47.95","47.59","535.30K","-0.23%"
"07/28/2023","47.82","47.89","47.99","47.70","1.07M","0.08%"
"07/27/2023","47.78","48.35","48.37","47.76","1.30M","0.19%"
"07/26/2023","47.69","47.31","47.80","47.26","457.56K","0.27%"
"07/25/2023","47.56","47.26","47.71","47.23","615.23K","0.78%"
"07/24/2023","47.19","47.33","47.43","47.15","518.90K","-0.49%"
"07/21/2023","47.42","47.37","47.48","47.30","460.70K","0.08%"
"07/20/2023","47.38","47.48","47.59","47.30","706.53K","-0.42%"
"07/19/2023","47.58","47.69","47.79","47.46","1.19M","0.11%"
"07/18/2023","47.53","47.25","47.63","47.20","1.22M","1.08%"
"07/17/2023","47.02","46.96","47.06","46.86","802.25K","-0.65%"
"07/14/2023","47.33","47.41","47.43","47.27","1.52M","0.23%"
"07/13/2023","47.22","47.12","47.29","47.11","449.63K","1.31%"
"07/12/2023","46.61","46.44","46.70","46.28","909.56K","1.79%"
"07/11/2023","45.79","45.58","45.79","45.55","775.66K","1.37%"
"07/10/2023","45.17","45.03","45.28","45.03","526.68K","0.58%"
"07/07/2023","44.91","44.96","45.15","44.81","1.02M","-0.18%"
"07/06/2023","44.99","44.97","45.00","44.72","699.60K","-1.25%"
"07/05/2023","45.56","45.63","45.66","45.49","635.14K","-0.78%"
"07/03/2023","45.92","45.96","45.96","45.79","481.57K","-0.63%"
"06/30/2023","46.21","46.06","46.24","46.06","531.61K","1.40%"
"06/29/2023","45.57","45.42","45.57","45.39","598.24K","-0.24%"
"06/28/2023","45.68","45.58","45.72","45.53","525.51K","-0.59%"
"06/27/2023","45.95","45.53","46.17","45.38","1.27M","0.88%"
"06/26/2023","45.55","45.68","45.68","45.50","376.26K","-0.20%"
"06/23/2023","45.64","45.63","45.84","45.57","340.52K","-0.09%"
"06/22/2023","45.68","45.46","45.71","45.46","527.13K","0.13%"
"06/21/2023","45.62","45.54","45.80","45.42","840.41K","-0.18%"
"06/20/2023","45.70","45.95","45.97","45.63","1.22M","-1.66%"
"06/16/2023","46.47","46.88","46.88","46.47","811.31K","-0.06%"
"06/15/2023","46.50","46.04","46.53","45.98","2.23M","1.31%"
"06/14/2023","45.90","46.00","46.12","45.69","1.69M","0.11%"
"06/13/2023","45.85","45.81","45.92","45.74","1.58M","0.28%"
"06/12/2023","45.72","45.73","45.78","45.48","887.95K","0.11%"
"06/09/2023","45.67","45.74","45.74","45.58","1.79M","-0.74%"
"06/08/2023","46.01","45.86","46.04","45.81","719.35K","1.12%"
"06/07/2023","45.50","46.05","46.12","45.43","1.07M","-3.56%"
"06/06/2023","47.18","47.15","47.22","47.10","253.76K","0.47%"
"06/05/2023","46.96","47.06","47.17","46.95","373.58K","-0.49%"
"06/02/2023","47.19","47.15","47.30","47.11","619.04K","1.09%"
"06/01/2023","46.68","46.38","46.72","46.34","572.10K","0.89%"
"05/31/2023","46.27","46.42","46.54","45.92","580.74K","-1.07%"
"05/30/2023","46.77","47.15","47.16","46.66","511.37K","-1.20%"
"05/26/2023","47.34","47.20","47.42","47.20","372.92K","0.98%"
"05/25/2023","46.88","46.87","46.93","46.69","689.30K","-0.26%"
"05/24/2023","47.00","47.17","47.17","46.92","461.24K","-1.09%"
"05/23/2023","47.52","47.89","47.89","47.48","498.99K","-1.35%"
"05/22/2023","48.17","48.16","48.29","48.10","392.17K","-0.17%"
"05/19/2023","48.25","48.07","48.37","48.04","822.35K","0.79%"
"05/18/2023","47.87","47.77","47.88","47.58","768.67K","-0.10%"
"05/17/2023","47.92","47.80","47.92","47.58","865.99K","-0.37%"
"05/16/2023","48.10","48.26","48.30","48.06","243.15K","-0.97%"
"05/15/2023","48.57","48.45","48.62","48.40","885.52K","0.46%"
"05/12/2023","48.35","48.41","48.48","48.15","418.69K","-0.14%"
"05/11/2023","48.42","48.18","48.45","48.01","492.31K","0.10%"
"05/10/2023","48.37","48.44","48.51","48.10","477.36K","-0.66%"
"05/09/2023","48.69","48.34","48.75","48.34","547.03K","-0.29%"
"05/08/2023","48.83","48.85","48.90","48.78","406.80K","0.25%"
"05/05/2023","48.71","48.36","48.78","48.25","454.16K","0.52%"
"05/04/2023","48.46","48.34","48.63","48.25","1.06M","-0.16%"
"05/03/2023","48.54","48.52","48.94","48.45","866.02K","1.04%"
"05/02/2023","48.04","47.76","48.10","47.74","1.15M","-0.10%"
"05/01/2023","48.09","48.17","48.36","48.09","2.39M","0.00%"
"04/28/2023","48.09","47.89","48.18","47.85","1.79M","0.61%"
"04/27/2023","47.80","47.56","47.84","47.41","1.17M","0.19%"
"04/26/2023","47.71","48.16","48.16","47.65","2.95M","-0.75%"
"04/25/2023","48.07","48.52","48.56","48.05","1.71M","-0.83%"
"04/24/2023","48.47","48.40","48.47","48.31","1.54M","0.77%"
"04/21/2023","48.10","47.88","48.11","47.72","1.94M","1.03%"
"04/20/2023","47.61","47.43","47.67","47.43","1.27M","0.59%"
"04/19/2023","47.33","47.17","47.36","47.17","869.18K","-0.02%"
"04/18/2023","47.34","47.32","47.34","47.17","935.12K","0.47%"
"04/17/2023","47.12","47.08","47.12","46.90","1.26M","-0.23%"
"04/14/2023","47.23","47.39","47.55","47.12","1.48M","-0.19%"
"04/13/2023","47.32","47.17","47.34","47.06","1.51M","1.26%"
"04/12/2023","46.73","46.75","46.91","46.65","1.29M","0.75%"
"04/11/2023","46.38","46.18","46.46","46.14","689.47K","0.50%"
"04/10/2023","46.15","46.01","46.15","45.81","418.26K","-0.09%"
"04/06/2023","46.19","46.03","46.29","46.01","700.76K","1.12%"
"04/05/2023","45.68","45.63","45.86","45.59","672.44K","0.37%"
"04/04/2023","45.51","45.33","45.57","45.30","468.65K","0.09%"
"04/03/2023","45.47","45.12","45.47","45.08","422.43K","0.33%"
"03/31/2023","45.32","45.20","45.44","45.17","474.08K","0.91%"
"03/30/2023","44.91","45.00","45.09","44.85","681.34K","0.85%"
"03/29/2023","44.53","44.40","44.54","44.29","424.68K","1.48%"
"03/28/2023","43.88","43.90","43.92","43.74","342.05K","-0.34%"
"03/27/2023","44.03","43.86","44.07","43.81","577.71K","1.29%"
"03/24/2023","43.47","43.27","43.49","43.03","560.31K","0.28%"
"03/23/2023","43.35","43.67","43.86","43.16","697.16K","0.00%"
"03/22/2023","43.35","43.67","44.00","43.33","869.46K","-0.73%"
"03/21/2023","43.67","43.55","43.72","43.41","1.32M","1.89%"
"03/20/2023","42.86","42.87","43.09","42.81","579.31K","0.63%"
"03/17/2023","42.59","42.66","42.78","42.46","1.02M","-1.23%"
"03/16/2023","43.12","42.41","43.16","42.38","1.48M","1.94%"
"03/15/2023","42.30","42.14","42.58","42.02","1.95M","-2.98%"
"03/14/2023","43.60","43.57","43.63","43.27","981.93K","1.23%"
"03/13/2023","43.07","42.85","43.43","42.85","2.18M","0.51%"
"03/10/2023","42.85","43.39","43.39","42.85","1.03M","-0.19%"
"03/09/2023","42.93","43.19","43.36","42.88","2.17M","-0.42%"
"03/08/2023","43.11","43.05","43.24","42.90","431.94K","0.00%"
"03/07/2023","43.11","43.75","43.77","43.06","533.06K","-1.98%"
"03/06/2023","43.98","43.94","44.12","43.91","417.77K","-0.39%"
"03/03/2023","44.15","43.86","44.17","43.70","511.50K","0.91%"
"03/02/2023","43.75","43.35","43.78","43.32","716.70K","0.85%"
"03/01/2023","43.38","43.62","43.64","43.25","471.60K","0.02%"
"02/28/2023","43.37","43.80","43.82","43.36","636.27K","-1.63%"
"02/27/2023","44.09","44.12","44.20","43.93","363.86K","0.82%"
"02/24/2023","43.73","43.78","43.88","43.54","582.43K","-1.66%"
"02/23/2023","44.47","44.44","44.54","44.11","1.19M","-0.11%"
"02/22/2023","44.52","44.74","44.78","44.42","401.82K","-0.02%"
"02/21/2023","44.53","44.59","44.72","44.45","430.86K","-0.85%"
"02/17/2023","44.91","44.36","44.92","44.32","998.11K","1.08%"
"02/16/2023","44.43","44.39","44.72","44.33","897.03K","-1.31%"
"02/15/2023","45.02","44.69","45.04","44.68","410.29K","0.07%"
"02/14/2023","44.99","44.80","45.20","44.64","1.39M","0.20%"
"02/13/2023","44.90","44.50","44.90","44.46","578.24K","1.29%"
"02/10/2023","44.33","44.21","44.34","44.09","459.83K","-0.38%"
"02/09/2023","44.50","45.20","45.20","44.39","704.30K","-1.22%"
"02/08/2023","45.05","45.18","45.26","44.90","613.67K","-0.27%"
"02/07/2023","45.17","44.60","45.18","44.49","946.05K","0.80%"
"02/06/2023","44.81","44.75","44.83","44.60","515.52K","-0.55%"
"02/03/2023","45.06","44.88","45.31","44.84","835.60K","-0.44%"
"02/02/2023","45.26","45.40","45.45","45.03","676.17K","-0.46%"
"02/01/2023","45.47","45.01","45.63","44.69","752.44K","0.49%"
"01/31/2023","45.25","44.74","45.32","44.64","633.78K","0.91%"
"01/30/2023","44.84","44.93","45.13","44.84","432.36K","-0.33%"
"01/27/2023","44.99","44.81","45.13","44.77","1.44M","-0.35%"
"01/26/2023","45.15","45.35","45.38","44.87","507.13K","-0.57%"
"01/25/2023","45.41","44.96","45.47","44.93","643.85K","0.73%"
"01/24/2023","45.08","44.91","45.19","44.81","515.84K","-0.31%"
"01/23/2023","45.22","44.79","45.22","44.74","522.22K","0.65%"
"01/20/2023","44.93","44.64","44.94","44.60","1.25M","-0.07%"
"01/19/2023","44.96","44.97","45.03","44.77","2.73M","-0.22%"
"01/18/2023","45.06","45.85","45.87","45.04","925.70K","-0.18%"
"01/17/2023","45.14","45.22","45.40","45.10","755.86K","1.21%"
"01/13/2023","44.60","44.12","44.60","44.12","355.31K","0.34%"
"01/12/2023","44.45","44.26","44.51","43.90","429.74K","0.36%"
"01/11/2023","44.29","44.24","44.35","44.01","579.59K","0.34%"
"01/10/2023","44.14","43.90","44.19","43.90","685.26K","0.46%"
"01/09/2023","43.94","44.36","44.56","43.94","1.39M","0.30%"
"01/06/2023","43.81","43.01","43.81","42.76","438.63K","1.95%"
"01/05/2023","42.97","43.06","43.12","42.89","465.99K","-1.26%"
"01/04/2023","43.52","43.48","43.70","43.19","528.63K","2.21%"
"01/03/2023","42.58","42.51","42.78","42.30","945.52K","1.55%"
"12/30/2022","41.93","42.43","42.54","41.88","912.82K","-1.48%"
"12/29/2022","42.56","42.49","42.68","42.46","705.67K","1.45%"
"12/28/2022","41.95","42.34","42.49","41.95","376.90K","-0.55%"
"12/27/2022","42.18","42.24","42.34","42.08","340.96K","0.52%"
"12/23/2022","41.96","41.87","42.05","41.71","962.96K","0.19%"
"12/22/2022","41.88","42.08","42.10","41.60","547.47K","-1.02%"
"12/21/2022","42.31","41.92","42.42","41.92","620.14K","1.63%"
"12/20/2022","41.63","41.68","41.90","41.55","491.16K","-0.29%"
"12/19/2022","41.75","41.95","41.96","41.66","442.83K","-0.12%"
"12/16/2022","41.80","41.94","42.11","41.66","500.81K","-1.16%"
"12/15/2022","42.29","42.81","42.84","42.16","832.65K","-2.74%"
"12/14/2022","43.48","43.48","43.92","43.35","733.06K","0.16%"
"12/13/2022","43.41","43.93","44.04","43.26","778.12K","1.38%"
"12/12/2022","42.82","42.72","42.82","42.62","416.91K","0.09%"
"12/09/2022","42.78","42.84","43.03","42.74","382.80K","0.35%"
"12/08/2022","42.63","42.18","42.64","42.10","909.90K","0.50%"
"12/07/2022","42.42","42.44","42.66","42.29","418.80K","-0.35%"
"12/06/2022","42.57","42.86","42.91","42.49","835.32K","-0.68%"
"12/05/2022","42.86","43.14","43.29","42.78","793.62K","-1.24%"
"12/02/2022","43.40","43.19","43.54","43.10","619.51K","-0.23%"
"12/01/2022","43.50","43.50","43.66","43.23","1.02M","1.42%"
"11/30/2022","42.89","42.62","43.06","42.20","1.05M","1.47%"
"11/29/2022","42.27","42.31","42.47","42.13","463.47K","-0.75%"
"11/28/2022","42.59","42.91","43.06","42.52","389.12K","-0.98%"
"11/25/2022","43.01","42.76","43.02","42.72","372.51K","0.40%"
"11/23/2022","42.84","42.45","42.88","42.44","813.98K","1.09%"
"11/22/2022","42.38","42.23","42.38","42.15","425.77K","0.76%"
"11/21/2022","42.06","42.00","42.17","41.92","598.20K","-0.10%"
"11/18/2022","42.10","42.17","42.26","42.02","470.72K","0.48%"
"11/17/2022","41.90","41.60","41.94","41.54","1.37M","-0.43%"
"11/16/2022","42.08","42.43","42.48","42.03","2.37M","-0.64%"
"11/15/2022","42.35","42.75","42.81","42.06","1.26M","-0.31%"
"11/14/2022","42.48","42.70","42.88","42.48","814.53K","-1.92%"
"11/11/2022","43.31","42.63","43.42","42.52","1.37M","3.05%"
"11/10/2022","42.03","41.52","42.03","41.30","1.89M","5.36%"
"11/09/2022","39.89","40.01","40.29","39.86","1.02M","0.30%"
"11/08/2022","39.77","39.59","39.99","39.53","779.30K","1.07%"
"11/07/2022","39.35","39.35","39.50","39.17","647.33K","-0.08%"
"11/04/2022","39.38","38.99","39.51","38.86","733.09K","3.55%"
"11/03/2022","38.03","37.92","38.26","37.90","750.61K","-1.68%"
"11/02/2022","38.68","39.15","39.61","38.63","926.44K","-0.92%"
"11/01/2022","39.04","39.63","39.63","38.87","792.76K","-0.18%"
"10/31/2022","39.11","39.00","39.16","38.94","1.05M","-0.61%"
"10/28/2022","39.35","38.82","39.35","38.81","366.54K","0.92%"
"10/27/2022","38.99","39.33","39.49","38.95","635.68K","-1.69%"
"10/26/2022","39.66","39.27","39.87","39.26","530.32K","0.74%"
"10/25/2022","39.37","38.84","39.40","38.83","628.85K","2.39%"
"10/24/2022","38.45","38.38","38.66","38.16","932.32K","0.71%"
"10/21/2022","38.18","37.28","38.19","37.24","1.25M","1.33%"
"10/20/2022","37.68","37.74","38.09","37.59","435.45K","-0.40%"
"10/19/2022","37.83","38.06","38.16","37.58","611.77K","-2.05%"
"10/18/2022","38.62","38.84","38.87","38.38","762.23K","1.29%"
"10/17/2022","38.13","38.10","38.36","38.09","1.12M","2.91%"
"10/14/2022","37.05","37.73","37.84","37.00","1.60M","-0.72%"
"10/13/2022","37.32","36.11","37.47","36.01","3.36M","1.11%"
"10/12/2022","36.91","36.95","37.14","36.85","846.90K","-0.22%"
"10/11/2022","36.99","37.10","37.45","36.81","1.18M","-0.56%"
"10/10/2022","37.20","37.36","37.39","37.04","974.18K","-0.91%"
"10/07/2022","37.54","37.90","37.91","37.41","827.12K","-1.18%"
"10/06/2022","37.99","38.30","38.42","37.96","768.23K","-2.06%"
"10/05/2022","38.79","38.73","38.97","38.45","780.71K","-1.20%"
"10/04/2022","39.26","38.78","39.27","38.76","1.29M","4.47%"
"10/03/2022","37.58","37.55","37.77","37.41","1.18M","0.35%"
"09/30/2022","37.45","37.71","38.07","37.41","1.37M","-0.43%"
"09/29/2022","37.61","37.51","37.64","37.14","1.31M","-1.34%"
"09/28/2022","38.12","37.33","38.22","37.27","1.55M","3.22%"
"09/27/2022","36.93","37.41","37.55","36.85","1.30M","-0.11%"
"09/26/2022","36.97","37.09","37.31","36.74","1.45M","-1.83%"
"09/23/2022","37.66","37.97","38.02","37.38","1.12M","-1.98%"
"09/22/2022","38.42","38.57","38.61","38.10","871.44K","-1.21%"
"09/21/2022","38.89","39.38","39.62","38.88","994.70K","-1.39%"
"09/20/2022","39.44","39.56","39.66","39.24","622.11K","-1.55%"
"09/19/2022","40.06","39.67","40.12","39.67","537.94K","-0.10%"
"09/16/2022","40.10","40.24","40.34","39.87","846.61K","-1.11%"
"09/15/2022","40.55","40.70","41.00","40.54","980.05K","-0.56%"
"09/14/2022","40.78","40.76","40.96","40.53","1.59M","-0.56%"
"09/13/2022","41.01","41.54","41.74","40.98","770.32K","-2.59%"
"09/12/2022","42.10","42.07","42.31","42.04","548.70K","1.03%"
"09/09/2022","41.67","41.43","41.70","41.37","538.38K","2.69%"
"09/08/2022","40.58","40.04","40.58","39.97","674.71K","0.12%"
"09/07/2022","40.53","39.92","40.53","39.91","546.39K","1.27%"
"09/06/2022","40.02","40.41","40.46","39.96","651.34K","0.02%"
"09/02/2022","40.01","40.36","40.74","39.91","897.62K","-0.25%"
"09/01/2022","40.11","40.02","40.16","39.59","1.09M","-1.23%"
"08/31/2022","40.61","40.92","41.05","40.61","1.10M","-0.64%"
"08/30/2022","40.87","41.33","41.40","40.84","580.06K","-1.09%"
"08/29/2022","41.32","41.29","41.49","41.21","752.95K","0.10%"
"08/26/2022","41.28","42.27","42.35","41.25","1.06M","-2.64%"
"08/25/2022","42.40","41.92","42.40","41.84","384.94K","1.36%"
"08/24/2022","41.83","41.68","41.99","41.65","424.57K","0.26%"
"08/23/2022","41.72","41.67","42.01","41.57","918.09K","-0.93%"
"08/22/2022","42.11","42.43","42.49","42.01","679.10K","-1.68%"
"08/19/2022","42.83","42.98","43.02","42.69","513.30K","-0.51%"
"08/18/2022","43.05","43.16","43.17","42.95","392.04K","-0.12%"
"08/17/2022","43.10","43.04","43.31","42.87","794.81K","-0.60%"
"08/16/2022","43.36","43.04","43.38","43.03","572.80K","-1.21%"
"08/15/2022","43.89","43.82","43.91","43.72","438.08K","-0.25%"
"08/12/2022","44.00","43.75","44.01","43.64","983.58K","0.48%"
"08/11/2022","43.79","43.97","44.13","43.73","652.74K","0.14%"
"08/10/2022","43.73","43.72","43.85","43.62","456.67K","1.89%"
"08/09/2022","42.92","43.19","43.23","42.90","489.90K","-0.37%"
"08/08/2022","43.08","43.27","43.51","42.99","734.41K","0.49%"
"08/05/2022","42.87","42.80","42.96","42.59","524.61K","-1.18%"
"08/04/2022","43.38","43.10","43.44","43.10","600.27K","0.81%"
"08/03/2022","43.03","42.92","43.10","42.74","912.39K","0.58%"
"08/02/2022","42.78","43.07","43.22","42.78","1.06M","-1.59%"
"08/01/2022","43.47","43.50","43.51","43.26","1.46M","-0.05%"
"07/29/2022","43.49","43.19","43.51","43.08","1.32M","0.93%"
"07/28/2022","43.09","42.71","43.20","42.59","892.03K","0.80%"
"07/27/2022","42.75","42.46","42.77","42.17","1.34M","1.14%"
"07/26/2022","42.27","42.46","42.54","42.27","595.87K","-0.54%"
"07/25/2022","42.50","42.49","42.57","42.38","462.74K","0.47%"
"07/22/2022","42.30","42.50","42.76","42.13","655.49K","-0.28%"
"07/21/2022","42.42","41.85","42.46","41.76","805.59K","1.53%"
"07/20/2022","41.78","42.07","42.10","41.65","893.76K","-1.09%"
"07/19/2022","42.24","42.10","42.29","42.04","1.00M","2.77%"
"07/18/2022","41.10","41.67","41.72","41.02","981.25K","-0.41%"
"07/15/2022","41.27","40.81","41.28","40.71","1.12M","1.73%"
"07/14/2022","40.57","40.27","40.60","40.04","1.79M","-1.15%"
"07/13/2022","41.04","40.65","41.15","40.60","901.43K","-0.41%"
"07/12/2022","41.21","41.09","41.49","41.09","1.16M","0.02%"
"07/11/2022","41.20","41.12","41.45","41.03","928.60K","-0.48%"
"07/08/2022","41.40","41.23","41.60","41.12","917.69K","-0.05%"
"07/07/2022","41.42","41.29","41.47","41.26","867.14K","0.49%"
"07/06/2022","41.22","41.07","41.31","40.95","957.02K","0.37%"
"07/05/2022","41.07","40.67","41.08","40.55","1.03M","-1.23%"
"07/01/2022","41.58","41.02","41.60","40.95","1.05M","0.12%"
"06/30/2022","41.53","41.00","41.58","40.88","1.35M","0.17%"
"06/29/2022","41.46","41.42","41.70","41.32","929.25K","0.88%"
"06/28/2022","41.10","41.70","41.81","41.09","1.11M","-1.70%"
"06/27/2022","41.81","41.64","41.99","41.52","1.67M","-0.07%"
"06/24/2022","41.84","41.28","41.85","41.26","1.37M","4.05%"
"06/23/2022","40.21","40.06","40.23","39.84","978.13K","0.10%"
"06/22/2022","40.17","39.76","40.44","39.76","1.31M","0.88%"
"06/21/2022","39.82","40.00","40.12","39.81","1.14M","0.81%"
"06/17/2022","39.50","39.81","39.96","39.29","1.13M","-0.15%"
"06/16/2022","39.56","39.59","39.83","39.47","2.31M","-0.75%"
"06/15/2022","39.86","39.72","40.13","39.20","2.00M","1.42%"
"06/14/2022","39.30","39.90","39.96","39.04","1.61M","-1.63%"
"06/13/2022","39.95","40.20","40.43","39.91","2.26M","-2.87%"
"06/10/2022","41.13","41.18","41.33","40.91","1.38M","-2.12%"
"06/09/2022","42.02","42.87","43.02","42.02","1.37M","-3.95%"
"06/08/2022","43.75","43.95","44.18","43.73","700.80K","-1.82%"
"06/07/2022","44.56","44.21","44.65","44.17","1.07M","-0.45%"
"06/06/2022","44.76","45.43","45.50","44.66","951.45K","-0.42%"
"06/03/2022","44.95","45.17","45.22","44.86","757.79K","-1.43%"
"06/02/2022","45.60","45.11","45.60","44.89","1.09M","2.24%"
"06/01/2022","44.60","45.45","45.45","44.53","1.15M","-2.09%"
"05/31/2022","45.55","45.53","45.84","45.39","1.05M","-0.48%"
"05/27/2022","45.77","45.52","45.80","45.47","957.97K","1.35%"
"05/26/2022","45.16","44.95","45.21","44.88","1.36M","1.23%"
"05/25/2022","44.61","44.65","44.84","44.41","1.36M","-0.78%"
"05/24/2022","44.96","44.81","45.08","44.72","1.56M","0.99%"
"05/23/2022","44.52","44.21","44.64","44.18","943.57K","1.95%"
"05/20/2022","43.67","43.76","43.78","43.20","1.31M","-0.32%"
"05/19/2022","43.81","43.25","44.06","43.25","1.47M","0.27%"
"05/18/2022","43.69","43.91","44.09","43.63","1.19M","-1.71%"
"05/17/2022","44.45","44.54","44.54","44.23","1.11M","1.21%"
"05/16/2022","43.92","43.69","44.11","43.61","1.28M","0.23%"
"05/13/2022","43.82","43.43","43.96","43.39","1.37M","1.93%"
"05/12/2022","42.99","42.91","43.50","42.73","2.82M","-0.39%"
"05/11/2022","43.16","43.45","43.99","43.11","2.41M","-1.05%"
"05/10/2022","43.62","44.01","44.08","43.44","2.23M","1.16%"
"05/09/2022","43.12","43.74","43.75","43.00","2.62M","-3.28%"
"05/06/2022","44.58","44.68","44.96","44.38","1.94M","-1.52%"
"05/05/2022","45.27","45.81","45.88","44.98","2.02M","-2.69%"
"05/04/2022","46.52","45.76","46.54","45.23","2.34M","1.15%"
"05/03/2022","45.99","46.15","46.23","45.88","1.44M","-0.26%"
"05/02/2022","46.11","46.20","46.35","45.65","1.97M","-0.63%"
"04/29/2022","46.40","47.10","47.35","46.33","1.81M","-1.28%"
"04/28/2022","47.00","46.67","47.10","46.43","1.67M","0.82%"
"04/27/2022","46.62","46.43","46.86","46.27","1.66M","0.95%"
"04/26/2022","46.18","47.41","47.42","46.18","1.68M","-3.19%"
"04/25/2022","47.70","47.61","47.85","47.18","1.72M","0.04%"
"04/22/2022","47.68","48.27","48.28","47.67","1.45M","-0.60%"
"04/21/2022","47.97","48.78","48.89","47.83","1.78M","-1.34%"
"04/20/2022","48.62","48.59","48.85","48.53","1.72M","0.04%"
"04/19/2022","48.60","48.51","48.65","48.42","1.49M","-1.00%"
"04/18/2022","49.09","49.26","49.39","48.97","1.05M","-0.32%"
"04/14/2022","49.25","49.64","49.69","49.21","1.13M","-0.48%"
"04/13/2022","49.49","49.32","49.55","49.27","1.09M","0.37%"
"04/12/2022","49.31","49.78","49.87","49.23","1.53M","-1.22%"
"04/11/2022","49.92","49.95","50.25","49.86","1.16M","0.16%"
"04/08/2022","49.84","49.42","50.02","49.37","970.12K","0.34%"
"04/07/2022","49.67","49.42","49.76","49.23","1.23M","1.02%"
"04/06/2022","49.17","48.96","49.39","48.83","1.47M","-1.09%"
"04/05/2022","49.71","49.74","49.93","49.53","1.05M","-0.16%"
"04/04/2022","49.79","49.51","49.87","49.51","2.36M","0.57%"
"04/01/2022","49.51","49.26","49.51","49.11","808.71K","0.84%"
"03/31/2022","49.10","49.52","49.71","49.06","1.15M","-1.13%"
"03/30/2022","49.66","49.58","49.76","49.50","786.02K","-0.20%"
"03/29/2022","49.76","49.67","49.79","49.28","906.18K","1.97%"
"03/28/2022","48.80","48.71","48.86","48.53","728.17K","-0.02%"
"03/25/2022","48.81","48.78","48.82","48.45","722.68K","0.08%"
"03/24/2022","48.77","48.59","48.80","48.50","926.29K","0.81%"
"03/23/2022","48.38","48.42","48.60","48.31","1.09M","-1.22%"
"03/22/2022","48.98","48.77","49.07","48.74","1.16M","0.82%"
"03/21/2022","48.58","48.85","48.95","48.50","1.16M","-0.80%"
"03/18/2022","48.97","48.05","49.01","48.04","1.12M","1.60%"
"03/17/2022","48.20","47.43","48.22","47.42","2.44M","1.88%"
"03/16/2022","47.31","47.03","47.44","46.43","2.05M","2.07%"
"03/15/2022","46.35","46.15","46.37","45.83","1.21M","1.11%"
"03/14/2022","45.84","46.03","46.44","45.80","1.27M","1.51%"
"03/11/2022","45.16","46.10","46.12","45.16","3.67M","-1.27%"
"03/10/2022","45.74","45.72","46.09","45.41","1.76M","-1.46%"
"03/09/2022","46.42","45.68","46.67","45.45","2.88M","4.48%"
"03/08/2022","44.43","44.49","45.26","43.86","4.59M","0.47%"
"03/07/2022","44.22","45.18","45.25","44.01","3.41M","-3.72%"
"03/04/2022","45.93","45.83","45.97","45.47","3.18M","-2.40%"
"03/03/2022","47.06","47.69","47.70","46.88","4.02M","-1.40%"
"03/02/2022","47.73","47.49","47.90","47.40","1.29M","0.65%"
"03/01/2022","47.42","48.10","48.22","47.28","2.66M","-1.08%"
"02/28/2022","47.94","48.08","48.45","47.74","2.90M","-0.72%"
"02/25/2022","48.29","47.62","48.37","47.57","3.04M","2.20%"
"02/24/2022","47.25","46.37","47.33","46.08","4.10M","-1.19%"
"02/23/2022","47.82","48.70","48.71","47.75","3.21M","-0.15%"
"02/22/2022","47.89","47.87","48.17","47.64","2.59M","-0.85%"
"02/18/2022","48.30","48.49","48.59","48.15","2.19M","-0.10%"
"02/17/2022","48.35","48.76","48.77","48.35","2.41M","-1.67%"
"02/16/2022","49.17","48.81","49.19","48.77","1.41M","0.49%"
"02/15/2022","48.93","48.77","48.94","48.67","1.47M","1.49%"
"02/14/2022","48.21","48.26","48.28","47.95","2.63M","-0.90%"
"02/11/2022","48.65","49.09","49.25","48.46","5.74M","-0.69%"
"02/10/2022","48.99","48.94","49.53","48.88","1.73M","-1.47%"
"02/09/2022","49.72","49.77","49.83","49.58","1.57M","1.78%"
"02/08/2022","48.85","48.67","48.88","48.54","1.57M","-0.04%"
"02/07/2022","48.87","48.88","49.11","48.79","2.37M","0.00%"
"02/04/2022","48.87","48.81","49.04","48.57","3.21M","-0.22%"
"02/03/2022","48.98","49.36","49.47","48.96","1.99M","-2.10%"
"02/02/2022","50.03","49.95","50.10","49.86","2.20M","0.02%"
"02/01/2022","50.02","49.89","50.02","49.53","2.25M","1.40%"
"01/31/2022","49.33","48.66","49.33","48.66","2.18M","1.34%"
"01/28/2022","48.68","48.02","48.72","47.80","2.59M","0.81%"
"01/27/2022","48.29","48.41","48.66","48.12","3.30M","-0.08%"
"01/26/2022","48.33","49.07","49.13","48.13","4.62M","-0.23%"
"01/25/2022","48.44","48.46","48.71","48.05","3.24M","-0.92%"
"01/24/2022","48.89","48.71","48.96","47.71","5.28M","-1.91%"
"01/21/2022","49.84","50.38","50.41","49.84","3.00M","-1.03%"
"01/20/2022","50.36","50.82","51.05","50.35","1.83M","-0.73%"
"01/19/2022","50.73","50.79","50.95","50.63","1.83M","-0.02%"
"01/18/2022","50.74","50.89","50.90","50.60","3.49M","-0.67%"
"01/14/2022","51.08","51.16","51.35","50.85","2.13M","-0.49%"
"01/13/2022","51.33","51.71","51.76","51.25","2.54M","-0.66%"
"01/12/2022","51.67","51.45","51.73","51.41","2.09M","0.51%"
"01/11/2022","51.41","50.98","51.42","50.89","1.86M","1.24%"
"01/10/2022","50.78","50.85","50.91","50.49","2.69M","-2.38%"
"01/07/2022","52.02","51.81","52.10","51.69","1.73M","0.44%"
"01/06/2022","51.79","52.08","52.17","51.72","1.93M","-0.75%"
"01/05/2022","52.18","52.71","52.73","52.15","1.56M","-1.14%"
"01/04/2022","52.78","52.81","52.92","52.62","1.29M","-0.23%"
"01/03/2022","52.90","52.92","52.92","52.58","1.65M","0.32%"
"12/31/2021","52.73","52.79","52.96","52.65","1.21M","-0.11%"
"12/30/2021","52.79","52.91","53.02","52.68","1.27M","-0.43%"
"12/29/2021","53.02","52.83","53.06","52.78","882.50K","0.06%"
"12/28/2021","52.99","52.85","53.06","52.77","864.17K","0.61%"
"12/27/2021","52.67","52.35","52.67","52.32","898.41K","1.07%"
"12/23/2021","52.11","51.86","52.18","51.83","1.28M","0.37%"
"12/22/2021","51.92","51.21","51.93","51.21","1.13M","0.68%"
"12/21/2021","51.57","51.25","51.57","51.13","1.04M","0.70%"
"12/20/2021","51.21","51.09","51.24","51.01","1.78M","-0.02%"
"12/17/2021","51.22","51.44","51.53","51.21","2.09M","-1.25%"
"12/16/2021","51.87","51.87","51.96","51.70","3.51M","1.25%"
"12/15/2021","51.23","50.70","51.25","50.54","2.12M","1.63%"
"12/14/2021","50.41","50.78","50.92","50.28","1.87M","-0.92%"
"12/13/2021","50.88","51.21","51.28","50.87","2.09M","-0.70%"
"12/10/2021","51.24","51.15","51.34","51.13","1.00M","0.53%"
"12/09/2021","50.97","51.05","51.08","50.93","1.14M","-0.66%"
"12/08/2021","51.31","51.19","51.31","51.03","2.06M","1.04%"
"12/07/2021","50.78","50.29","50.78","50.29","1.03M","1.46%"
"12/06/2021","50.05","50.03","50.18","49.92","1.67M","0.87%"
"12/03/2021","49.62","49.99","50.01","49.36","2.21M","0.24%"
"12/02/2021","49.50","49.26","49.60","49.24","2.53M","1.08%"
"12/01/2021","48.97","49.64","49.91","48.96","3.08M","-0.83%"
"11/30/2021","49.38","49.69","49.84","49.04","4.01M","-0.28%"
"11/29/2021","49.52","49.53","49.66","49.34","1.36M","0.39%"
"11/26/2021","49.33","49.61","49.70","49.23","1.74M","-0.58%"
"11/24/2021","49.62","49.27","49.66","49.26","1.04M","-0.10%"
"11/23/2021","49.67","49.76","49.93","49.54","1.01M","-0.92%"
"11/22/2021","50.13","50.52","50.61","50.12","1.01M","-1.01%"
"11/19/2021","50.64","50.97","51.03","50.60","854.98K","-0.76%"
"11/18/2021","51.03","50.92","51.06","50.83","1.43M","0.12%"
"11/17/2021","50.97","50.79","51.01","50.77","1.69M","0.63%"
"11/16/2021","50.65","50.81","50.88","50.64","1.58M","-0.35%"
"11/15/2021","50.83","51.10","51.13","50.80","1.08M","-0.47%"
"11/12/2021","51.07","50.95","51.19","50.86","1.11M","0.63%"
"11/11/2021","50.75","50.81","50.86","50.69","449.88K","0.22%"
"11/10/2021","50.64","51.08","51.10","50.64","1.17M","-1.09%"
"11/09/2021","51.20","51.17","51.20","50.97","1.89M","0.63%"
"11/08/2021","50.88","50.96","50.99","50.82","1.14M","-0.06%"
"11/05/2021","50.91","50.85","50.92","50.72","1.04M","-0.64%"
"11/04/2021","51.24","51.16","51.25","51.07","1.16M","0.22%"
"11/03/2021","51.13","50.77","51.19","50.65","2.07M","1.17%"
"11/02/2021","50.54","50.44","50.56","50.40","1.13M","0.08%"
"11/01/2021","50.50","50.16","50.50","50.10","1.03M","1.34%"
"10/29/2021","49.83","49.76","49.92","49.58","1.03M","-0.44%"
"10/28/2021","50.05","49.76","50.06","49.69","944.47K","1.40%"
"10/27/2021","49.36","49.67","49.67","49.36","1.52M","-0.16%"
"10/26/2021","49.44","49.30","49.48","49.30","1.68M","0.65%"
"10/25/2021","49.12","49.13","49.21","48.98","1.43M","-0.83%"
"10/22/2021","49.53","49.26","49.53","49.24","1.81M","0.55%"
"10/21/2021","49.26","49.08","49.28","49.01","1.38M","0.45%"
"10/20/2021","49.04","48.94","49.06","48.91","704.10K","1.07%"
"10/19/2021","48.52","48.43","48.63","48.41","1.63M","-0.21%"
"10/18/2021","48.62","48.46","48.64","48.39","1.29M","-0.06%"
"10/15/2021","48.65","48.39","48.65","48.39","1.54M","0.48%"
"10/14/2021","48.42","48.35","48.43","48.26","1.18M","0.85%"
"10/13/2021","48.01","47.73","48.05","47.72","1.38M","1.50%"
"10/12/2021","47.30","47.42","47.47","47.25","1.05M","-0.02%"
"10/11/2021","47.31","47.40","47.62","47.30","870.85K","-0.67%"
"10/08/2021","47.63","47.47","47.65","47.35","1.88M","0.51%"
"10/07/2021","47.39","47.41","47.62","47.34","2.14M","0.87%"
"10/06/2021","46.98","46.51","47.01","46.47","1.44M","0.30%"
"10/05/2021","46.84","46.82","47.01","46.77","1.06M","-0.28%"
"10/04/2021","46.97","47.15","47.24","46.90","1.66M","-0.02%"
"10/01/2021","46.98","46.86","47.06","46.66","2.69M","0.86%"
"09/30/2021","46.58","46.82","46.91","46.56","1.97M","-0.43%"
"09/29/2021","46.78","46.94","46.99","46.67","1.55M","0.34%"
"09/28/2021","46.62","46.80","46.80","46.43","2.64M","-2.24%"
"09/27/2021","47.69","47.62","47.77","47.51","963.80K","-0.96%"
"09/24/2021","48.15","48.23","48.43","48.10","1.35M","-1.33%"
"09/23/2021","48.80","48.79","49.02","48.77","1.12M","0.93%"
"09/22/2021","48.35","48.44","48.65","48.29","1.45M","0.25%"
"09/21/2021","48.23","48.26","48.41","48.20","1.71M","1.05%"
"09/20/2021","47.73","47.49","47.86","47.41","1.75M","-1.38%"
"09/17/2021","48.40","48.91","48.97","48.36","2.13M","-1.69%"
"09/16/2021","49.23","49.23","49.27","49.05","1.05M","-0.12%"
"09/15/2021","49.29","49.33","49.37","49.07","1.43M","-0.40%"
"09/14/2021","49.49","49.65","49.68","49.46","1.77M","0.12%"
"09/13/2021","49.43","49.65","49.66","49.25","1.34M","0.08%"
"09/10/2021","49.39","49.84","49.84","49.39","1.40M","-0.52%"
"09/09/2021","49.65","49.81","49.96","49.59","4.52M","-0.14%"
"09/08/2021","49.72","49.86","49.95","49.65","3.15M","-1.29%"
"09/07/2021","50.37","50.70","50.72","50.32","932.71K","-0.73%"
"09/03/2021","50.74","50.67","50.81","50.51","657.64K","-0.39%"
"09/02/2021","50.94","51.00","51.03","50.84","756.56K","-0.08%"
"09/01/2021","50.98","50.89","51.07","50.86","823.65K","0.28%"
"08/31/2021","50.84","51.12","51.12","50.74","1.03M","-0.29%"
"08/30/2021","50.99","50.88","51.00","50.84","837.70K","-0.33%"
"08/27/2021","51.16","50.72","51.24","50.71","1.76M","1.17%"
"08/26/2021","50.57","50.61","50.70","50.51","1.52M","-0.20%"
"08/25/2021","50.67","50.59","50.74","50.50","537.56K","-0.57%"
"08/24/2021","50.96","51.03","51.06","50.92","1.57M","-0.22%"
"08/23/2021","51.07","51.00","51.18","50.93","807.25K","0.49%"
"08/20/2021","50.82","50.60","50.85","50.57","873.72K","0.38%"
"08/19/2021","50.63","50.33","50.76","50.33","1.25M","-0.63%"
"08/18/2021","50.95","51.27","51.28","50.93","695.23K","-0.29%"
"08/17/2021","51.10","51.12","51.19","50.94","2.39M","-0.10%"
"08/16/2021","51.15","50.92","51.16","50.83","963.07K","0.22%"
"08/13/2021","51.04","50.73","51.04","50.69","1.17M","1.01%"
"08/12/2021","50.53","50.41","50.53","50.34","507.02K","0.28%"
"08/11/2021","50.39","50.44","50.47","50.33","307.86K","0.26%"
"08/10/2021","50.26","50.23","50.28","50.14","852.42K","0.24%"
"08/09/2021","50.14","50.28","50.33","50.12","896.84K","0.04%"
"08/08/2021","50.12","50.12","50.12","50.12","","0.00%"
"08/07/2021","50.12","50.12","50.12","50.12","","0.00%"
"08/06/2021","50.12","50.21","50.28","50.00","1.42M","-0.89%"
"08/05/2021","50.57","50.50","50.60","50.50","378.90K","0.24%"
"08/04/2021","50.45","50.76","50.81","50.44","511.68K","-0.45%"
"08/03/2021","50.68","50.60","50.68","50.45","617.62K","0.48%"
"08/02/2021","50.44","50.42","50.58","50.32","962.62K","0.40%"
"07/30/2021","50.24","50.26","50.33","50.17","1.18M","0.42%"
"07/29/2021","50.03","50.03","50.13","49.99","1.27M","0.54%"
"07/28/2021","49.76","49.37","49.79","49.36","650.14K","0.40%"
"07/27/2021","49.56","49.47","49.59","49.36","845.42K","0.02%"
"07/26/2021","49.55","49.44","49.58","49.40","506.26K","-0.08%"
"07/23/2021","49.59","49.52","49.64","49.44","696.93K","1.04%"
"07/22/2021","49.08","49.14","49.16","48.99","566.72K","-0.63%"
"07/21/2021","49.39","49.05","49.43","48.99","716.46K","1.15%"
"07/20/2021","48.83","48.64","48.91","48.59","1.12M","0.43%"
"07/19/2021","48.62","48.62","48.72","48.43","1.15M","-1.02%"
"07/16/2021","49.12","49.21","49.24","48.98","821.41K","-0.10%"
"07/15/2021","49.17","49.25","49.28","49.04","811.35K","-0.67%"
"07/14/2021","49.50","49.26","49.55","49.25","569.22K","0.12%"
"07/13/2021","49.44","49.41","49.52","49.37","614.41K","-0.38%"
"07/12/2021","49.63","49.55","49.63","49.52","1.15M","0.71%"
"07/09/2021","49.28","49.04","49.31","49.02","2.80M","0.41%"
"07/08/2021","49.08","48.92","49.14","48.79","1.56M","-0.12%"
"07/07/2021","49.14","48.97","49.20","48.88","912.23K","0.76%"
"07/06/2021","48.77","48.94","48.94","48.60","392.96K","-0.39%"
"07/05/2021","48.96","48.96","48.96","48.96","","0.00%"
"07/04/2021","48.96","48.96","48.96","48.96","","0.00%"
"07/03/2021","48.96","48.96","48.96","48.96","","0.00%"
"07/02/2021","48.96","48.69","48.96","48.60","517.88K","0.37%"
"07/01/2021","48.78","48.66","48.79","48.60","746.30K","0.31%"
"06/30/2021","48.63","48.66","48.83","48.48","1.42M","-1.10%"
"06/29/2021","49.17","49.15","49.20","49.09","506.11K","0.08%"
"06/28/2021","49.13","49.17","49.19","49.05","537.45K","-0.39%"
"06/25/2021","49.32","49.29","49.32","49.17","522.75K","0.33%"
"06/24/2021","49.16","49.12","49.22","49.09","573.85K","0.88%"
"06/23/2021","48.73","49.12","49.12","48.69","720.95K","-0.63%"
"06/22/2021","49.04","48.90","49.10","48.87","949.14K","-0.28%"
"06/21/2021","49.18","48.73","49.20","48.69","695.85K","1.17%"
"06/18/2021","48.61","48.73","48.80","48.53","1.28M","-1.16%"
"06/17/2021","49.18","49.17","49.28","48.96","734.97K","-0.83%"
"06/16/2021","49.59","50.03","50.09","49.52","1.24M","-0.76%"
"06/15/2021","49.97","49.99","50.00","49.84","737.70K","0.48%"
"06/14/2021","49.73","49.62","49.75","49.51","770.84K","0.18%"
"06/11/2021","49.64","49.64","49.67","49.47","815.91K","0.08%"
"06/10/2021","49.60","49.41","49.63","49.41","1.38M","-1.51%"
"06/09/2021","50.36","50.34","50.50","50.29","1.46M","0.86%"
"06/08/2021","49.93","50.09","50.12","49.90","1.12M","0.24%"
"06/07/2021","49.81","49.65","49.88","49.57","1.03M","0.67%"
"06/04/2021","49.48","49.39","49.52","49.33","724.03K","1.12%"
"06/03/2021","48.93","48.91","48.97","48.82","370.02K","-0.33%"
"06/02/2021","49.09","49.06","49.20","49.01","485.93K","0.08%"
"06/01/2021","49.05","49.23","49.25","48.98","980.71K","0.66%"
"05/28/2021","48.73","48.69","48.92","48.67","926.79K","0.19%"
"05/27/2021","48.64","48.58","48.67","48.48","991.54K","0.02%"
"05/26/2021","48.63","48.58","48.71","48.54","569.06K","0.23%"
"05/25/2021","48.52","48.53","48.58","48.37","629.82K","0.66%"
"05/24/2021","48.20","48.14","48.29","48.11","936.62K","0.37%"
"05/21/2021","48.02","47.96","48.08","47.84","1.11M","0.63%"
"05/20/2021","47.72","47.41","47.80","47.37","1.54M","1.36%"
"05/19/2021","47.08","46.97","47.23","46.79","1.30M","-0.88%"
"05/18/2021","47.50","47.63","47.66","47.48","1.72M","0.42%"
"05/17/2021","47.30","47.31","47.39","47.18","1.14M","0.23%"
"05/14/2021","47.19","46.98","47.25","46.94","1.30M","1.11%"
"05/13/2021","46.67","46.39","46.80","46.39","2.40M","1.19%"
"05/12/2021","46.12","46.44","46.65","46.06","1.22M","-1.01%"
"05/11/2021","46.59","46.46","46.66","46.38","1.21M","-0.98%"
"05/10/2021","47.05","47.34","47.40","47.02","1.28M","-1.11%"
"05/07/2021","47.58","47.13","47.58","47.08","1.91M","1.21%"
"05/06/2021","47.01","46.80","47.05","46.68","1.37M","0.79%"
"05/05/2021","46.64","46.55","46.73","46.42","683.73K","1.26%"
"05/04/2021","46.06","46.22","46.33","45.91","1.36M","-1.48%"
"05/03/2021","46.75","46.65","46.83","46.59","1.12M","0.99%"
"04/30/2021","46.29","46.68","46.74","46.14","912.96K","-1.11%"
"04/29/2021","46.81","46.87","46.88","46.52","821.33K","0.21%"
"04/28/2021","46.71","46.49","46.79","46.46","1.40M","0.28%"
"04/27/2021","46.58","46.58","46.65","46.47","590.05K","-0.45%"
"04/26/2021","46.79","46.81","46.89","46.74","365.12K","-0.49%"
"04/23/2021","47.02","46.70","47.12","46.65","761.20K","0.71%"
"04/22/2021","46.69","46.88","46.88","46.56","1.20M","-0.17%"
"04/21/2021","46.77","46.38","46.80","46.34","1.31M","0.69%"
"04/20/2021","46.45","46.62","46.63","46.34","722.30K","-0.85%"
"04/19/2021","46.85","46.88","46.89","46.68","771.66K","0.13%"
"04/16/2021","46.79","46.35","46.81","46.30","660.83K","1.06%"
"04/15/2021","46.30","46.10","46.33","46.10","1.27M","0.96%"
"04/14/2021","45.86","46.05","46.08","45.81","3.37M","-0.39%"
"04/13/2021","46.04","45.86","46.04","45.79","493.26K","0.15%"
"04/12/2021","45.97","46.01","46.06","45.91","3.14M","-0.54%"
"04/09/2021","46.22","45.99","46.24","45.95","814.66K","0.48%"
"04/08/2021","46.00","45.80","46.08","45.74","2.11M","1.25%"
"04/07/2021","45.43","45.48","45.56","45.35","796.90K","0.15%"
"04/06/2021","45.36","45.30","45.45","45.29","548.31K","-0.77%"
"04/05/2021","45.71","45.33","45.77","45.28","743.82K","1.69%"
"04/01/2021","44.95","44.49","44.96","44.46","1.11M","1.67%"
"03/31/2021","44.21","44.47","44.53","44.18","1.46M","-0.92%"
"03/30/2021","44.62","44.56","44.65","44.46","486.94K","-0.09%"
"03/29/2021","44.66","44.58","44.75","44.56","810.53K","-0.27%"
"03/26/2021","44.78","44.52","44.83","44.47","842.32K","0.38%"
"03/25/2021","44.61","44.63","44.65","44.38","455.56K","0.41%"
"03/24/2021","44.43","44.50","44.63","44.41","635.13K","-0.38%"
"03/23/2021","44.60","44.78","44.88","44.54","452.47K","-0.76%"
"03/22/2021","44.94","44.64","45.08","44.61","574.91K","1.31%"
"03/19/2021","44.36","44.21","44.45","44.10","1.02M","0.75%"
"03/18/2021","44.03","44.24","44.61","44.03","3.15M","-1.03%"
"03/17/2021","44.49","44.09","44.52","43.98","2.89M","0.20%"
"03/16/2021","44.40","44.33","44.44","44.28","512.69K","0.48%"
"03/15/2021","44.19","43.97","44.20","43.82","457.16K","0.55%"
"03/12/2021","43.95","43.72","43.96","43.66","607.43K","-0.57%"
"03/11/2021","44.20","44.14","44.29","44.00","755.83K","0.61%"
"03/10/2021","43.93","44.16","44.16","43.85","461.58K","0.25%"
"03/09/2021","43.82","43.62","43.92","43.60","664.91K","1.79%"
"03/08/2021","43.05","43.21","43.42","43.04","1.52M","-0.55%"
"03/05/2021","43.29","43.15","43.39","42.59","1.57M","0.60%"
"03/04/2021","43.03","43.54","43.63","42.81","1.14M","-1.10%"
"03/03/2021","43.51","43.67","43.78","43.41","475.06K","-1.23%"
"03/02/2021","44.05","44.00","44.18","43.97","897.45K","0.64%"
"03/01/2021","43.77","43.50","43.80","43.45","1.13M","1.25%"
"02/26/2021","43.23","43.67","43.67","43.07","1.75M","-0.51%"
"02/25/2021","43.45","44.14","44.20","43.43","1.01M","-1.45%"
"02/24/2021","44.09","43.90","44.23","43.76","843.17K","0.52%"
"02/23/2021","43.86","43.91","44.00","43.60","890.17K","-1.33%"
"02/22/2021","44.45","44.56","44.69","44.45","726.50K","-0.27%"
"02/19/2021","44.57","44.83","44.83","44.52","634.25K","-0.42%"
"02/18/2021","44.76","44.73","44.80","44.50","586.77K","-0.18%"
"02/17/2021","44.84","44.88","44.93","44.62","672.21K","-1.41%"
"02/16/2021","45.48","45.57","45.61","45.36","672.91K","0.26%"
"02/12/2021","45.36","45.13","45.38","45.12","311.49K","-0.04%"
"02/11/2021","45.38","45.25","45.39","45.17","906.40K","0.58%"
"02/10/2021","45.12","45.38","45.43","44.92","750.04K","0.04%"
"02/09/2021","45.10","44.83","45.12","44.82","903.53K","1.33%"
"02/08/2021","44.51","44.70","44.74","44.43","670.00K","0.09%"
"02/05/2021","44.47","44.45","44.49","44.32","936.27K","-0.43%"
"02/04/2021","44.66","44.46","44.66","44.34","1.25M","0.07%"
"02/03/2021","44.63","44.70","44.70","44.45","818.18K","-0.36%"
"02/02/2021","44.79","44.67","44.81","44.59","838.68K","0.76%"
"02/01/2021","44.45","44.51","44.56","44.35","1.27M","0.95%"
"01/29/2021","44.03","44.42","44.49","43.79","1.64M","-2.65%"
"01/28/2021","45.23","45.28","45.56","45.23","1.33M","0.22%"
"01/27/2021","45.13","45.32","45.53","44.98","1.83M","-1.44%"
"01/26/2021","45.79","45.75","45.83","45.60","597.34K","0.26%"
"01/25/2021","45.67","45.52","45.71","45.27","1.09M","-0.04%"
"01/22/2021","45.69","45.60","45.76","45.53","623.24K","-0.04%"
"01/21/2021","45.71","45.69","45.74","45.48","864.13K","0.37%"
"01/20/2021","45.54","45.44","45.58","45.35","420.30K","0.55%"
"01/19/2021","45.29","45.44","45.44","45.11","542.48K","0.38%"
"01/15/2021","45.12","45.18","45.35","45.01","812.45K","-0.49%"
"01/14/2021","45.34","45.24","45.45","45.24","371.76K","0.04%"
"01/13/2021","45.32","45.35","45.47","45.26","477.63K","-0.31%"
"01/12/2021","45.46","45.17","45.49","45.09","867.31K","0.53%"
"01/11/2021","45.22","45.05","45.33","45.05","593.93K","-0.53%"
"01/08/2021","45.46","45.36","45.47","45.08","782.55K","0.31%"
"01/07/2021","45.32","45.37","45.45","45.20","1.06M","0.04%"
"01/06/2021","45.30","45.16","45.54","45.16","1.21M","-0.44%"
"01/05/2021","45.50","45.24","45.59","45.12","1.40M","0.73%"
"01/04/2021","45.17","45.53","45.58","44.97","1.08M","1.10%"
"12/31/2020","44.68","45.13","45.13","44.55","615.19K","-0.82%"
"12/30/2020","45.05","44.99","45.24","44.99","627.81K","0.33%"
"12/29/2020","44.90","44.86","45.02","44.78","521.07K","1.08%"
"12/28/2020","44.42","44.36","44.48","44.33","457.94K","1.58%"
"12/24/2020","43.73","43.67","43.74","43.59","271.21K","-0.14%"
"12/23/2020","43.79","43.75","43.83","43.58","626.07K","0.46%"
"12/22/2020","43.59","43.72","43.73","43.56","795.29K","-0.23%"
"12/21/2020","43.69","43.33","43.71","43.02","902.92K","-1.40%"
"12/18/2020","44.31","44.37","44.37","44.20","563.06K","0.05%"
"12/17/2020","44.29","44.45","44.48","44.26","1.03M","1.00%"
"12/16/2020","43.85","43.74","43.93","43.68","502.90K","0.46%"
"12/15/2020","43.65","43.39","43.66","43.28","470.63K","0.83%"
"12/14/2020","43.29","43.42","43.57","43.26","626.33K","-0.55%"
"12/11/2020","43.53","43.47","43.60","43.29","501.00K","0.09%"
"12/10/2020","43.49","43.52","43.76","43.41","973.26K","-0.16%"
"12/09/2020","43.56","43.71","43.72","43.35","1.62M","0.28%"
"12/08/2020","43.44","43.04","43.45","43.04","770.40K","0.53%"
"12/07/2020","43.21","43.27","43.38","43.17","703.13K","-0.09%"
"12/04/2020","43.25","43.19","43.31","43.15","865.62K","0.56%"
"12/03/2020","43.01","43.14","43.23","42.95","793.82K","-0.42%"
"12/02/2020","43.19","43.18","43.34","43.15","976.87K","-0.09%"
"12/01/2020","43.23","42.84","43.26","42.84","2.96M","1.65%"
"11/30/2020","42.53","43.33","43.40","42.51","1.33M","-1.25%"
"11/27/2020","43.07","42.87","43.13","42.86","619.10K","0.44%"
"11/25/2020","42.88","42.79","42.93","42.73","802.69K","0.09%"
"11/24/2020","42.84","42.53","42.84","42.52","1.03M","0.68%"
"11/23/2020","42.55","42.81","42.82","42.42","544.88K","-0.72%"
"11/20/2020","42.86","42.70","42.91","42.65","744.01K","-0.19%"
"11/19/2020","42.94","42.74","42.96","42.62","835.76K","0.42%"
"11/18/2020","42.76","43.08","43.14","42.74","732.72K","-0.77%"
"11/17/2020","43.09","43.18","43.20","43.00","777.58K","0.05%"
"11/16/2020","43.07","42.96","43.10","42.91","715.33K","0.58%"
"11/13/2020","42.82","42.63","42.83","42.59","872.00K","1.21%"
"11/12/2020","42.31","42.65","42.72","42.28","1.30M","-0.59%"
"11/11/2020","42.56","42.63","42.68","42.40","1.98M","1.31%"
"11/10/2020","42.01","42.15","42.24","41.92","4.49M","-0.24%"
"11/09/2020","42.11","42.82","42.82","42.10","2.45M","-0.96%"
"11/06/2020","42.52","42.55","42.71","42.45","928.45K","0.73%"
"11/05/2020","42.21","42.20","42.34","42.05","1.54M","1.34%"
"11/04/2020","41.65","41.26","42.08","41.19","1.53M","2.13%"
"11/03/2020","40.78","40.45","40.95","40.38","1.45M","2.95%"
"11/02/2020","39.61","39.50","39.63","39.34","1.31M","1.75%"
"10/30/2020","38.93","38.90","38.97","38.63","2.04M","-0.33%"
"10/29/2020","39.06","39.01","39.26","38.79","1.09M","-0.20%"
"10/28/2020","39.14","39.37","39.50","39.06","1.74M","-3.41%"
"10/27/2020","40.52","40.79","40.83","40.45","898.97K","-1.05%"
"10/26/2020","40.95","41.02","41.06","40.70","1.75M","-1.18%"
"10/23/2020","41.44","41.40","41.45","41.16","730.60K","0.61%"
"10/22/2020","41.19","41.09","41.28","40.90","1.56M","0.15%"
"10/21/2020","41.13","41.49","41.60","41.10","860.59K","-1.30%"
"10/20/2020","41.67","41.79","41.91","41.63","575.52K","0.87%"
"10/19/2020","41.31","41.75","41.78","41.23","773.35K","-0.27%"
"10/16/2020","41.42","41.38","41.71","41.37","1.60M","0.58%"
"10/15/2020","41.18","40.95","41.19","40.92","452.04K","-1.37%"
"10/14/2020","41.75","42.03","42.05","41.73","664.19K","-0.69%"
"10/13/2020","42.04","42.24","42.24","41.99","729.11K","-1.22%"
"10/12/2020","42.56","42.38","42.60","42.33","864.75K","0.76%"
"10/09/2020","42.24","42.04","42.25","41.98","776.87K","1.25%"
"10/08/2020","41.72","41.60","41.73","41.55","562.02K","0.75%"
"10/07/2020","41.41","41.40","41.46","41.25","772.59K","0.39%"
"10/06/2020","41.25","41.73","41.73","41.15","1.09M","-1.74%"
"10/05/2020","41.98","41.75","41.98","41.74","411.83K","1.21%"
"10/04/2020","41.48","41.48","41.48","41.48","","0.00%"
"10/03/2020","41.48","41.48","41.48","41.48","","0.00%"
"10/02/2020","41.48","41.09","41.57","41.09","830.52K","0.22%"
"10/01/2020","41.39","41.54","41.54","41.26","751.63K","0.78%"
"09/30/2020","41.07","41.25","41.49","40.95","708.68K","-0.36%"
"09/29/2020","41.22","41.27","41.40","41.09","563.10K","-0.15%"
"09/28/2020","41.28","41.17","41.34","41.09","737.71K","0.71%"
"09/27/2020","40.99","40.99","40.99","40.99","","0.00%"
"09/26/2020","40.99","40.99","40.99","40.99","","0.00%"
"09/25/2020","40.99","40.55","41.04","40.45","868.73K","0.56%"
"09/24/2020","40.76","40.81","41.03","40.53","650.50K","-0.44%"
"09/23/2020","40.94","41.60","41.61","40.92","753.76K","-1.89%"
"09/22/2020","41.73","41.72","41.76","41.33","1.05M","-0.45%"
"09/21/2020","41.92","41.86","41.95","41.44","1.75M","-1.76%"
"09/18/2020","42.67","42.83","42.88","42.49","1.05M","-0.33%"
"09/17/2020","42.81","42.54","42.83","42.54","1.04M","0.30%"
"09/16/2020","42.68","43.00","43.02","42.62","897.46K","-0.07%"
"09/15/2020","42.71","42.92","42.96","42.62","571.19K","0.66%"
"09/14/2020","42.43","42.52","42.69","42.42","610.69K","0.43%"
"09/13/2020","42.25","42.25","42.25","42.25","","0.00%"
"09/11/2020","42.25","42.46","42.58","42.13","761.81K","1.15%"
"09/10/2020","41.77","42.51","42.56","41.77","1.38M","-0.76%"
"09/09/2020","42.09","41.96","42.21","41.93","947.78K","2.31%"
"09/08/2020","41.14","41.04","41.45","40.85","1.69M","-1.01%"
"09/04/2020","41.56","41.70","41.76","40.81","1.09M","0.24%"
"09/03/2020","41.46","42.46","42.46","41.31","1.17M","-2.56%"
"09/02/2020","42.55","42.22","42.58","42.17","834.87K","1.75%"
"09/01/2020","41.82","41.75","41.82","41.56","745.63K","0.22%"
"08/31/2020","41.73","41.88","42.13","41.69","676.45K","-0.33%"
"08/30/2020","41.87","41.87","41.87","41.87","","0.00%"
"08/28/2020","41.87","41.80","41.91","41.64","852.89K","0.14%"
"08/27/2020","41.81","42.30","42.33","41.69","545.97K","-0.90%"
"08/26/2020","42.19","42.03","42.25","42.01","581.35K","0.57%"
"08/25/2020","41.95","42.17","42.19","41.70","716.44K","-0.10%"
"08/24/2020","41.99","42.12","42.12","41.88","442.91K","0.67%"
"08/23/2020","41.71","41.71","41.71","41.71","","0.00%"
"08/22/2020","41.71","41.71","41.71","41.71","","0.00%"
"08/21/2020","41.71","41.44","41.71","41.40","436.45K","-0.55%"
"08/20/2020","41.94","41.60","41.95","41.56","685.78K","0.43%"
"08/19/2020","41.76","42.06","42.12","41.69","582.46K","-0.24%"
"08/18/2020","41.86","42.03","42.09","41.70","1.14M","-0.21%"
"08/17/2020","41.95","41.76","41.95","41.76","415.95K","1.08%"
"08/14/2020","41.50","41.48","41.58","41.41","592.01K","-0.65%"
"08/13/2020","41.77","41.85","41.92","41.61","1.19M","0.00%"
"08/12/2020","41.77","41.68","41.92","41.62","1.22M","2.48%"
"08/11/2020","40.76","41.26","41.33","40.74","1.13M","-0.66%"
"08/10/2020","41.03","40.99","41.05","40.83","447.54K","-0.17%"
"08/09/2020","41.10","41.10","41.10","41.10","","0.00%"
"08/08/2020","41.10","41.10","41.10","41.10","","0.00%"
"08/07/2020","41.10","40.98","41.11","40.90","469.40K","-0.32%"
"08/06/2020","41.23","41.07","41.26","40.86","632.71K","0.05%"
"08/05/2020","41.21","41.36","41.47","41.12","773.23K","-0.02%"
"08/04/2020","41.22","40.88","41.22","40.80","982.44K","0.12%"
"08/03/2020","41.17","41.04","41.23","40.94","895.20K","1.58%"
"08/02/2020","40.53","40.53","40.53","40.53","","0.00%"
"07/31/2020","40.53","41.24","41.29","40.26","972.05K","-2.15%"
"07/30/2020","41.42","41.05","41.42","40.74","1.29M","-0.93%"
"07/29/2020","41.81","41.45","41.85","41.40","843.46K","1.23%"
"07/28/2020","41.30","41.43","41.54","41.27","483.55K","-0.34%"
"07/27/2020","41.44","41.24","41.47","41.20","551.53K","1.30%"
"07/26/2020","40.91","40.91","40.91","40.91","","0.00%"
"07/25/2020","40.91","40.91","40.91","40.91","","0.00%"
"07/24/2020","40.91","40.90","41.00","40.78","507.85K","-0.75%"
"07/23/2020","41.22","41.56","41.58","41.15","561.59K","-1.10%"
"07/22/2020","41.68","41.45","41.70","41.39","720.43K","1.49%"
"07/21/2020","41.07","41.18","41.26","41.02","791.23K","-0.36%"
"07/20/2020","41.22","41.09","41.23","40.96","502.49K","0.73%"
"07/17/2020","40.92","40.84","40.96","40.80","194.49K","0.49%"
"07/16/2020","40.72","40.53","40.79","40.53","434.44K","-0.02%"
"07/15/2020","40.73","40.85","41.07","40.67","1.05M","0.64%"
"07/14/2020","40.47","39.97","40.53","39.97","1.45M","1.48%"
"07/13/2020","39.88","40.25","40.42","39.83","949.21K","-0.82%"
"07/12/2020","40.21","40.21","40.21","40.21","","0.00%"
"07/11/2020","40.21","40.21","40.21","40.21","","0.00%"
"07/10/2020","40.21","40.06","40.27","39.90","1.89M","0.93%"
"07/09/2020","39.84","40.27","40.27","39.64","737.97K","-0.75%"
"07/08/2020","40.14","39.81","40.14","39.79","665.93K","1.26%"
"07/07/2020","39.64","39.87","39.95","39.59","359.29K","-1.10%"
"07/06/2020","40.08","39.98","40.08","39.88","616.07K","1.47%"
"07/05/2020","39.50","39.50","39.50","39.50","","0.00%"
"07/04/2020","39.50","39.50","39.50","39.50","","0.00%"
"07/02/2020","39.50","39.49","39.66","39.41","652.17K","0.33%"
"07/01/2020","39.37","39.20","39.42","39.09","835.05K","1.05%"
"06/30/2020","38.96","38.76","39.11","38.76","1.33M","0.23%"
"06/29/2020","38.87","38.93","38.96","38.74","1.14M","0.39%"
"06/26/2020","38.72","39.19","39.20","38.65","1.11M","-1.30%"
"06/25/2020","39.23","38.64","39.24","38.49","934.62K","1.55%"
"06/24/2020","38.63","39.21","39.26","38.55","909.51K","-2.08%"
"06/23/2020","39.45","39.69","39.73","39.43","859.42K","0.08%"
"06/22/2020","39.42","39.33","39.49","39.19","642.94K","0.64%"
"06/19/2020","39.17","39.64","39.64","39.05","916.86K","-0.05%"
"06/18/2020","39.19","39.17","39.32","39.04","592.58K","-0.23%"
"06/17/2020","39.28","39.35","39.39","39.11","855.75K","1.37%"
"06/16/2020","38.75","38.86","38.91","38.33","2.14M","1.02%"
"06/15/2020","38.36","37.78","38.52","37.67","1.13M","-0.65%"
"06/12/2020","38.61","38.98","39.04","38.17","1.39M","0.94%"
"06/11/2020","38.25","39.30","39.43","38.16","2.67M","-3.92%"
"06/10/2020","39.81","40.13","40.24","39.77","734.57K","-0.15%"
"06/09/2020","39.87","39.66","40.04","39.66","704.96K","0.20%"
"06/08/2020","39.79","39.48","39.79","39.38","730.65K","1.20%"
"06/07/2020","39.32","39.32","39.32","39.32","","0.00%"
"06/05/2020","39.32","39.36","39.55","39.17","1.82M","-0.13%"
"06/04/2020","39.37","39.28","39.52","39.21","709.90K","-0.63%"
"06/03/2020","39.62","39.21","39.72","39.06","1.19M","1.69%"
"06/02/2020","38.96","38.68","38.96","38.61","873.63K","0.41%"
"06/01/2020","38.80","38.43","38.86","38.43","1.65M","1.28%"
"05/29/2020","38.31","38.40","38.43","38.06","1.73M","0.55%"
"05/28/2020","38.10","38.08","38.50","38.08","682.27K","1.38%"
"05/27/2020","37.58","37.78","37.78","37.29","1.52M","-0.56%"
"05/26/2020","37.79","38.11","38.11","37.78","782.25K","1.12%"
"05/22/2020","37.37","37.23","37.40","37.09","643.16K","-0.53%"
"05/21/2020","37.57","37.75","37.93","37.49","1.29M","-0.82%"
"05/20/2020","37.88","37.81","38.01","37.74","561.93K","1.72%"
"05/19/2020","37.24","37.51","37.61","37.22","680.55K","-0.53%"
"05/18/2020","37.44","37.18","37.61","37.18","672.36K","2.55%"
"05/15/2020","36.51","36.46","36.67","36.35","708.66K","0.08%"
"05/14/2020","36.48","36.01","36.50","35.91","1.33M","-0.76%"
"05/13/2020","36.76","37.16","37.24","36.60","591.61K","-0.70%"
"05/12/2020","37.02","37.57","37.58","36.99","776.92K","-0.96%"
"05/11/2020","37.38","37.00","37.42","36.89","390.06K","0.35%"
"05/10/2020","37.25","37.25","37.25","37.25","","0.00%"
"05/09/2020","37.25","37.25","37.25","37.25","","0.00%"
"05/08/2020","37.25","37.12","37.27","36.98","482.98K","1.55%"
"05/07/2020","36.68","36.68","36.88","36.45","1.71M","0.94%"
"05/06/2020","36.34","36.66","36.66","36.34","2.38M","0.44%"
"05/05/2020","36.18","36.32","36.48","36.16","890.43K","-0.74%"
"05/04/2020","36.45","36.38","36.47","36.10","703.63K","0.16%"
"05/03/2020","36.39","36.39","36.39","36.39","","0.00%"
"05/02/2020","36.39","36.39","36.39","36.39","","0.00%"
"05/01/2020","36.39","36.63","36.74","36.27","583.33K","-1.33%"
"04/30/2020","36.88","37.30","37.37","36.76","889.11K","-1.44%"
"04/29/2020","37.42","37.57","37.66","37.39","1.04M","0.16%"
"04/28/2020","37.36","37.84","37.84","37.32","1.15M","0.54%"
"04/27/2020","37.16","36.90","37.26","36.84","702.21K","0.60%"
"04/24/2020","36.94","36.65","36.94","36.48","826.33K","2.04%"
"04/23/2020","36.20","36.55","36.97","36.10","1.16M","-1.50%"
"04/22/2020","36.75","36.85","36.85","36.63","698.93K","0.99%"
"04/21/2020","36.39","36.55","36.74","36.31","796.43K","-1.68%"
"04/20/2020","37.01","36.92","37.56","36.88","755.01K","-0.16%"
"04/17/2020","37.07","36.89","37.10","36.60","6.27M","2.54%"
"04/16/2020","36.15","36.15","36.23","35.77","5.20M","1.18%"
"04/15/2020","35.73","35.87","35.97","35.56","527.93K","-2.67%"
"04/14/2020","36.71","36.66","36.96","36.56","1.92M","2.14%"
"04/13/2020","35.94","36.10","36.21","35.71","545.36K","-0.94%"
"04/09/2020","36.28","36.01","36.48","35.90","625.27K","0.58%"
"04/08/2020","36.07","35.80","36.17","35.59","486.13K","1.32%"
"04/07/2020","35.60","36.45","36.51","35.58","1.06M","-0.36%"
"04/06/2020","35.73","35.50","35.92","35.36","697.53K","2.85%"
"04/03/2020","34.74","34.84","34.95","34.43","547.32K","-1.17%"
"04/02/2020","35.15","34.56","35.22","34.44","908.30K","1.88%"
"04/01/2020","34.50","34.68","35.10","34.44","1.14M","-2.43%"
"03/31/2020","35.36","35.26","35.63","34.93","781.34K","-0.95%"
"03/30/2020","35.70","34.80","35.74","34.65","6.48M","2.62%"
"03/28/2020","34.79","34.79","34.79","34.79","","0.00%"
"03/27/2020","34.79","34.01","35.37","33.98","5.16M","-1.47%"
"03/26/2020","35.31","33.88","35.41","33.88","1.24M","4.37%"
"03/25/2020","33.83","33.06","34.53","32.66","1.23M","3.30%"
"03/24/2020","32.75","32.53","33.01","32.12","1.16M","7.34%"
"03/23/2020","30.51","31.27","31.67","30.33","701.82K","-2.40%"
"03/21/2020","31.26","31.26","31.26","31.26","","0.00%"
"03/20/2020","31.26","32.50","32.88","31.23","1.71M","-3.82%"
"03/19/2020","32.50","31.63","33.26","31.48","1.02M","3.64%"
"03/18/2020","31.36","30.96","32.02","30.55","1.18M","-3.51%"
"03/17/2020","32.50","31.40","32.74","30.96","975.21K","4.67%"
"03/16/2020","31.05","30.00","32.33","29.55","1.60M","-9.71%"
"03/14/2020","34.39","34.39","34.39","34.39","","0.00%"
"03/13/2020","34.39","34.32","34.44","32.05","1.42M","7.77%"
"03/12/2020","31.91","33.30","33.51","31.62","1.60M","-10.52%"
"03/11/2020","35.66","36.75","36.85","35.40","1.03M","-4.96%"
"03/10/2020","37.52","37.54","37.62","36.23","2.73M","4.02%"
"03/09/2020","36.07","36.74","37.30","35.86","1.60M","-6.70%"
"03/06/2020","38.66","38.50","38.85","38.22","812.03K","-1.23%"
"03/05/2020","39.14","39.18","39.55","38.88","1.69M","-2.97%"
"03/04/2020","40.34","39.73","40.34","39.36","915.07K","3.97%"
"03/03/2020","38.80","39.65","39.96","38.54","799.77K","0.31%"
"03/02/2020","38.68","38.31","38.72","37.92","1.67M","2.11%"
"02/28/2020","37.88","37.48","38.01","37.22","4.70M","-0.81%"
"02/27/2020","38.19","38.73","39.12","38.17","2.74M","-2.73%"
"02/26/2020","39.26","39.60","39.87","39.24","1.30M","0.20%"
"02/25/2020","39.18","40.12","40.19","39.12","2.21M","-2.25%"
"02/24/2020","40.08","40.13","40.47","40.05","1.30M","-4.41%"
"02/21/2020","41.93","41.93","41.96","41.77","877.60K","-0.07%"
"02/20/2020","41.96","42.12","42.20","41.76","676.90K","-0.71%"
"02/19/2020","42.26","42.12","42.26","42.08","740.07K","0.84%"
"02/18/2020","41.91","41.82","41.94","41.78","347.67K","0.02%"
"02/17/2020","41.90","41.90","41.90","41.90","","0.00%"
"02/14/2020","41.90","41.91","41.94","41.82","564.79K","0.29%"
"02/13/2020","41.78","41.69","41.87","41.66","831.01K","-0.55%"
"02/12/2020","42.01","42.04","42.07","41.88","810.68K","0.10%"
"02/11/2020","41.97","41.98","42.05","41.90","734.32K","0.21%"
"02/10/2020","41.88","41.64","41.89","41.62","601.54K","0.67%"
"02/07/2020","41.60","41.63","41.68","41.52","822.56K","-0.43%"
"02/06/2020","41.78","41.81","41.81","41.72","493.32K","-0.24%"
"02/05/2020","41.88","41.81","41.90","41.66","695.41K","1.48%"
"02/04/2020","41.27","41.24","41.33","41.19","551.08K","1.20%"
"02/03/2020","40.78","40.85","41.01","40.75","831.44K","0.10%"
"01/31/2020","40.74","41.08","41.12","40.60","781.19K","-1.45%"
"01/30/2020","41.34","41.07","41.38","41.00","701.49K","0.29%"
"01/29/2020","41.22","41.28","41.38","41.17","645.79K","0.15%"
"01/28/2020","41.16","40.98","41.16","40.91","528.11K","0.88%"
"01/27/2020","40.80","40.72","40.94","40.72","584.19K","-1.26%"
"01/24/2020","41.32","41.66","41.68","41.28","1.07M","-0.60%"
"01/23/2020","41.57","41.53","41.58","41.33","924.92K","-0.45%"
"01/22/2020","41.76","41.80","41.86","41.71","734.09K","0.34%"
"01/21/2020","41.62","41.67","41.76","41.59","725.73K","0.07%"
"01/17/2020","41.59","41.50","41.62","41.42","520.66K","1.04%"
"01/16/2020","41.16","41.08","41.20","41.00","502.74K","0.39%"
"01/15/2020","41.00","41.03","41.09","40.96","590.58K","0.44%"
"01/14/2020","40.82","40.63","40.86","40.63","2.17M","0.44%"
"01/13/2020","40.64","40.54","40.67","40.42","551.04K","0.62%"
"01/10/2020","40.39","40.53","40.60","40.37","1.20M","-0.64%"
"01/09/2020","40.65","40.60","40.66","40.55","738.75K","-0.20%"
"01/08/2020","40.73","40.62","40.78","40.60","1.86M","0.07%"
"01/07/2020","40.70","40.86","40.86","40.67","525.32K","-0.44%"
"01/06/2020","40.88","40.61","40.89","40.61","701.99K","0.47%"
"01/03/2020","40.69","40.54","40.92","40.54","1.17M","-0.66%"
"01/02/2020","40.96","40.95","41.08","40.73","1.20M","0.79%"
"12/31/2019","40.64","40.53","40.65","40.32","558.55K","0.40%"
"12/30/2019","40.48","40.78","40.79","40.47","500.19K","-0.66%"
"12/27/2019","40.75","40.79","40.83","40.71","355.09K","0.57%"
"12/26/2019","40.52","40.48","40.59","40.48","390.57K","0.15%"
"12/24/2019","40.46","40.46","40.47","40.38","261.03K","-0.10%"
"12/23/2019","40.50","40.50","40.52","40.45","637.09K","0.50%"
"12/20/2019","40.30","40.20","40.32","40.16","676.59K","0.47%"
"12/19/2019","40.11","39.96","40.12","39.92","562.46K","0.25%"
"12/18/2019","40.01","40.03","40.09","39.84","1.22M","0.40%"
"12/17/2019","39.85","39.77","39.91","39.75","932.40K","0.13%"
"12/16/2019","39.80","39.79","39.90","39.72","403.11K","0.91%"
"12/13/2019","39.44","39.37","39.50","39.33","595.34K","0.05%"
"12/12/2019","39.42","39.25","39.44","39.17","953.38K","0.64%"
"12/11/2019","39.17","39.02","39.26","39.00","547.96K","0.23%"
"12/10/2019","39.08","39.00","39.13","38.94","593.28K","-0.15%"
"12/09/2019","39.14","39.15","39.24","39.12","392.86K","-0.15%"
"12/06/2019","39.20","39.18","39.22","39.10","1.01M","0.85%"
"12/05/2019","38.87","38.96","38.96","38.84","966.06K","0.03%"
"12/04/2019","38.86","38.73","38.86","38.70","692.42K","0.65%"
"12/03/2019","38.61","38.46","38.63","38.41","870.90K","-0.41%"
"12/02/2019","38.77","38.89","38.89","38.63","952.58K","-0.33%"
"11/29/2019","38.90","38.89","39.00","38.88","399.54K","-0.51%"
"11/27/2019","39.10","39.05","39.10","38.99","233.86K","0.15%"
"11/26/2019","39.04","39.02","39.10","39.00","1.03M","0.28%"
"11/25/2019","38.93","38.74","38.95","38.74","627.13K","0.72%"
"11/22/2019","38.65","38.77","38.79","38.60","706.11K","0.10%"
"11/21/2019","38.61","38.62","38.67","38.57","734.42K","-0.34%"
"11/20/2019","38.74","38.69","38.80","38.66","526.12K","-0.23%"
"11/19/2019","38.83","38.87","38.88","38.76","308.79K","-0.08%"
"11/18/2019","38.86","38.80","38.93","38.76","480.34K","0.26%"
"11/15/2019","38.76","38.69","38.78","38.65","424.41K","0.47%"
"11/14/2019","38.58","38.49","38.60","38.43","495.25K","-0.34%"
"11/13/2019","38.71","38.60","38.72","38.59","394.92K","0.39%"
"11/12/2019","38.56","38.46","38.59","38.45","642.06K","-0.13%"
"11/11/2019","38.61","38.49","38.61","38.49","353.66K","0.03%"
"11/08/2019","38.60","38.47","38.60","38.42","777.36K","-0.13%"
"11/07/2019","38.65","38.68","38.70","38.59","1.38M","0.03%"
"11/06/2019","38.64","38.63","38.70","38.58","686.94K","0.16%"
"11/05/2019","38.58","38.56","38.61","38.48","786.05K","-0.64%"
"11/04/2019","38.83","38.92","38.92","38.80","587.47K","0.31%"
"11/01/2019","38.71","38.64","38.71","38.57","658.61K","0.34%"
"10/31/2019","38.58","38.53","38.58","38.41","438.26K","0.00%"
"10/30/2019","38.58","38.35","38.58","38.26","703.57K","0.78%"
"10/29/2019","38.28","38.09","38.32","38.08","551.31K","0.34%"
"10/28/2019","38.15","38.12","38.23","38.10","374.36K","0.34%"
"10/25/2019","38.02","37.92","38.08","37.92","843.50K","0.42%"
"10/24/2019","37.86","37.87","37.92","37.78","948.75K","0.64%"
"10/23/2019","37.62","37.61","37.66","37.52","808.07K","0.48%"
"10/22/2019","37.44","37.52","37.65","37.44","1.01M","-0.58%"
"10/21/2019","37.66","37.69","37.75","37.61","705.08K","0.19%"
"10/18/2019","37.59","37.59","37.69","37.50","507.15K","-0.21%"
"10/17/2019","37.67","37.72","37.76","37.58","488.91K","0.19%"
"10/16/2019","37.60","37.55","37.61","37.48","642.67K","0.16%"
"10/15/2019","37.54","37.39","37.64","37.36","690.65K","0.78%"
"10/14/2019","37.25","37.31","37.37","37.22","429.90K","-0.43%"
"10/11/2019","37.41","37.37","37.54","37.32","1.23M","0.81%"
"10/10/2019","37.11","36.90","37.14","36.85","2.07M","0.41%"
"10/09/2019","36.96","36.93","37.02","36.84","994.14K","0.49%"
"10/08/2019","36.78","36.96","36.97","36.72","988.34K","-0.94%"
"10/07/2019","37.13","37.13","37.30","37.12","2.40M","0.27%"
"10/04/2019","37.03","36.75","37.03","36.75","705.30K","1.20%"
"10/03/2019","36.59","36.30","36.60","36.23","1.07M","0.60%"
"10/02/2019","36.37","36.67","36.70","36.33","785.83K","-2.36%"
"10/01/2019","37.25","37.48","37.49","37.15","983.01K","-1.19%"
"09/30/2019","37.70","37.58","37.72","37.58","689.66K","-0.03%"
"09/27/2019","37.71","37.72","37.76","37.60","942.08K","0.11%"
"09/26/2019","37.67","37.63","37.72","37.59","812.51K","0.91%"
"09/25/2019","37.33","37.38","37.39","37.21","880.84K","-0.85%"
"09/24/2019","37.65","37.69","37.79","37.60","2.61M","-0.05%"
"09/23/2019","37.67","37.54","37.68","37.51","606.27K","0.11%"
"09/20/2019","37.63","37.82","37.83","37.58","926.58K","-0.11%"
"09/19/2019","37.67","37.73","37.79","37.65","699.12K","0.37%"
"09/18/2019","37.53","37.54","37.59","37.36","665.44K","-0.05%"
"09/17/2019","37.55","37.39","37.59","37.37","583.41K","0.37%"
"09/16/2019","37.41","37.53","37.53","37.36","874.82K","-1.11%"
"09/13/2019","37.83","37.98","38.00","37.80","883.64K","-0.73%"
"09/12/2019","38.11","37.92","38.17","37.89","1.22M","0.40%"
"09/11/2019","37.96","37.69","37.98","37.69","1.34M","0.64%"
"09/10/2019","37.72","37.66","37.85","37.52","1.29M","-0.61%"
"09/09/2019","37.95","38.06","38.06","37.88","1.12M","-0.32%"
"09/06/2019","38.07","37.93","38.16","37.93","998.10K","0.77%"
"09/05/2019","37.78","37.91","37.98","37.77","817.87K","0.16%"
"09/04/2019","37.72","37.59","37.77","37.54","1.24M","1.34%"
"09/03/2019","37.22","37.21","37.27","37.13","7.17M","-0.67%"
"08/30/2019","37.47","37.44","37.49","37.23","1.30M","0.89%"
"08/29/2019","37.14","37.23","37.27","37.10","921.73K","0.49%"
"08/28/2019","36.96","36.82","37.09","36.73","811.44K","-0.14%"
"08/27/2019","37.01","37.09","37.17","37.00","1.30M","-0.19%"
"08/26/2019","37.08","37.00","37.09","36.89","1.40M","0.68%"
"08/23/2019","36.83","37.16","37.37","36.83","1.91M","-0.86%"
"08/22/2019","37.15","37.17","37.23","37.02","1.36M","-0.30%"
"08/21/2019","37.26","37.42","37.43","37.21","2.99M","0.59%"
"08/20/2019","37.04","37.23","37.23","37.02","843.66K","-0.38%"
"08/19/2019","37.18","37.28","37.30","37.14","803.03K","0.60%"
"08/16/2019","36.96","36.76","36.99","36.74","1.82M","1.07%"
"08/15/2019","36.57","36.51","36.69","36.40","2.29M","-0.16%"
"08/14/2019","36.63","36.93","36.97","36.60","2.04M","-2.19%"
"08/13/2019","37.45","37.26","37.55","37.21","2.00M","0.46%"
"08/12/2019","37.28","37.49","37.62","37.26","1.05M","-0.32%"
"08/09/2019","37.40","37.49","37.56","37.33","1.25M","0.27%"
"08/08/2019","37.30","37.03","37.39","36.98","2.02M","1.55%"
"08/07/2019","36.73","36.47","36.85","36.37","2.26M","0.66%"
"08/06/2019","36.49","36.66","36.71","36.28","3.13M","0.11%"
"08/05/2019","36.45","36.77","36.81","36.27","2.18M","-2.15%"
"08/02/2019","37.25","37.31","37.31","36.94","2.23M","-0.05%"
"08/01/2019","37.27","37.21","37.49","37.05","3.42M","0.27%"
"07/31/2019","37.17","37.27","37.46","36.89","2.48M","0.00%"
"07/30/2019","37.17","37.16","37.23","37.05","768.47K","-0.88%"
"07/29/2019","37.50","37.50","37.52","37.39","6.35M","0.56%"
"07/26/2019","37.29","37.36","37.40","37.26","955.16K","0.84%"
"07/25/2019","36.98","37.35","37.35","36.96","1.28M","-1.41%"
"07/24/2019","37.51","37.37","37.53","37.33","959.37K","-0.53%"
"07/23/2019","37.71","37.66","37.75","37.59","1.04M","0.35%"
"07/22/2019","37.58","37.60","37.64","37.51","584.34K","0.16%"
"07/19/2019","37.52","37.65","37.67","37.47","743.25K","-0.61%"
"07/18/2019","37.75","37.55","37.78","37.52","680.70K","1.02%"
"07/17/2019","37.37","37.52","37.58","37.35","1.10M","0.86%"
"07/16/2019","37.05","37.12","37.16","37.01","988.73K","0.00%"
"07/15/2019","37.05","37.04","37.13","37.01","852.94K","0.24%"
"07/12/2019","36.96","36.97","37.00","36.86","1.18M","-0.22%"
"07/11/2019","37.04","37.29","37.31","36.95","1.16M","-0.40%"
"07/10/2019","37.19","37.28","37.38","37.10","1.34M","0.24%"
"07/09/2019","37.10","36.95","37.13","36.93","949.00K","-0.38%"
"07/08/2019","37.24","37.20","37.30","37.16","448.91K","-0.21%"
"07/05/2019","37.32","37.39","37.39","37.18","783.31K","-1.40%"
"07/03/2019","37.85","37.77","37.85","37.76","396.04K","0.56%"
"07/02/2019","37.64","37.53","37.67","37.53","829.06K","0.51%"
"07/01/2019","37.45","37.64","37.65","37.35","1.06M","-0.29%"
"06/28/2019","37.56","37.51","37.62","37.45","999.92K","0.51%"
"06/27/2019","37.37","37.31","37.42","37.25","780.82K","0.21%"
"06/26/2019","37.29","37.37","37.42","37.26","388.92K","-0.29%"
"06/25/2019","37.40","37.62","37.67","37.37","999.96K","-0.69%"
"06/24/2019","37.66","37.64","37.72","37.53","564.35K","0.37%"
"06/21/2019","37.52","37.44","37.61","37.37","798.12K","-0.24%"
"06/20/2019","37.61","37.72","37.74","37.53","583.02K","1.32%"
"06/19/2019","37.12","36.97","37.18","36.92","727.88K","0.54%"
"06/18/2019","36.92","36.84","37.00","36.83","1.06M","1.18%"
"06/17/2019","36.49","36.47","36.58","36.43","515.51K","-2.15%"
"06/14/2019","37.29","37.30","37.32","37.21","448.54K","-0.40%"
"06/13/2019","37.44","37.55","37.55","37.38","613.97K","0.16%"
"06/12/2019","37.38","37.47","37.56","37.38","516.56K","-0.08%"
"06/11/2019","37.41","37.61","37.62","37.36","663.97K","0.03%"
"06/10/2019","37.40","37.41","37.50","37.32","861.39K","0.19%"
"06/07/2019","37.33","37.25","37.48","37.25","474.40K","1.17%"
"06/06/2019","36.90","36.94","37.05","36.90","1.15M","0.24%"
"06/05/2019","36.81","36.89","36.90","36.76","655.90K","0.57%"
"06/04/2019","36.60","36.61","36.61","36.43","743.74K","0.30%"
"06/03/2019","36.49","36.21","36.52","36.11","1.62M","1.47%"
"05/31/2019","35.96","35.83","35.98","35.76","1.00M","-0.39%"
"05/30/2019","36.10","35.91","36.14","35.89","2.55M","0.56%"
"05/29/2019","35.90","35.82","35.91","35.73","936.56K","-0.53%"
"05/28/2019","36.09","36.38","36.41","36.06","795.90K","-1.34%"
"05/24/2019","36.58","36.48","36.60","36.42","883.82K","1.13%"
"05/23/2019","36.17","36.02","36.23","35.95","1.06M","-0.22%"
"05/22/2019","36.25","36.09","36.33","36.09","756.89K","0.36%"
"05/21/2019","36.12","36.01","36.14","35.98","399.85K","0.56%"
"05/20/2019","35.92","35.84","36.00","35.78","511.74K","-0.28%"
"05/17/2019","36.02","36.04","36.16","35.99","857.95K","-0.28%"
"05/16/2019","36.12","35.90","36.22","35.90","750.83K","1.40%"
"05/15/2019","35.62","35.20","35.64","35.19","896.93K","0.71%"
"05/14/2019","35.37","35.21","35.43","35.20","692.25K","0.60%"
"05/13/2019","35.16","35.17","35.32","35.08","1.21M","-1.62%"
"05/10/2019","35.74","35.51","35.78","35.43","1.07M","1.02%"
"05/09/2019","35.38","35.36","35.49","35.22","1.62M","-0.95%"
"05/08/2019","35.72","35.70","35.83","35.65","828.01K","0.88%"
"05/07/2019","35.41","35.72","35.73","35.34","1.81M","-1.64%"
"05/06/2019","36.00","35.70","36.04","35.67","563.20K","-0.80%"
"05/03/2019","36.29","36.16","36.29","36.08","521.29K","0.58%"
"05/02/2019","36.08","36.08","36.10","35.97","859.00K","0.00%"
"05/01/2019","36.08","36.29","36.41","36.07","1.00M","-0.33%"
"04/30/2019","36.20","36.18","36.23","36.10","1.27M","0.25%"
"04/29/2019","36.11","36.00","36.14","36.00","336.05K","0.06%"
"04/26/2019","36.09","35.90","36.11","35.89","587.24K","0.42%"
"04/25/2019","35.94","35.77","35.97","35.75","750.52K","0.14%"
"04/24/2019","35.89","35.92","35.95","35.76","734.28K","0.34%"
"04/23/2019","35.77","35.64","35.81","35.60","634.85K","0.08%"
"04/22/2019","35.74","35.74","35.81","35.67","566.60K","-0.17%"
"04/18/2019","35.80","35.86","35.87","35.71","436.76K","-0.03%"
"04/17/2019","35.81","35.95","35.98","35.79","749.07K","0.08%"
"04/16/2019","35.78","35.96","35.96","35.78","642.04K","0.00%"
"04/15/2019","35.78","35.76","35.79","35.66","733.89K","0.48%"
"04/12/2019","35.61","35.56","35.66","35.54","887.98K","-0.14%"
"04/11/2019","35.66","35.69","35.73","35.60","549.81K","0.06%"
"04/10/2019","35.64","35.63","35.74","35.59","1.02M","-0.20%"
"04/09/2019","35.71","35.79","35.81","35.69","1.14M","-0.25%"
"04/08/2019","35.80","35.82","35.82","35.67","706.85K","0.34%"
"04/05/2019","35.68","35.66","35.77","35.63","2.03M","0.14%"
"04/04/2019","35.63","35.59","35.67","35.55","1.79M","-0.31%"
"04/03/2019","35.74","35.60","35.82","35.60","1.50M","0.45%"
"04/02/2019","35.58","35.52","35.62","35.47","581.45K","-0.06%"
"04/01/2019","35.60","35.60","35.60","35.48","955.62K","0.65%"
"03/29/2019","35.37","35.28","35.38","35.17","718.46K","0.71%"
"03/28/2019","35.12","35.20","35.23","35.01","904.50K","-0.11%"
"03/27/2019","35.16","35.16","35.24","34.93","976.07K","0.26%"
"03/26/2019","35.07","35.12","35.12","34.99","502.44K","0.72%"
"03/25/2019","34.82","34.81","34.90","34.74","711.28K","0.14%"
"03/22/2019","34.77","35.02","35.10","34.77","812.89K","-2.11%"
"03/21/2019","35.52","35.26","35.53","35.26","686.21K","0.17%"
"03/20/2019","35.46","35.28","35.60","35.18","1.10M","0.20%"
"03/19/2019","35.39","35.57","35.60","35.33","608.08K","0.14%"
"03/18/2019","35.34","35.29","35.36","35.22","376.41K","0.20%"
"03/15/2019","35.27","35.16","35.27","35.12","671.64K","0.54%"
"03/14/2019","35.08","34.93","35.14","34.92","785.13K","0.86%"
"03/13/2019","34.78","34.59","34.79","34.58","669.11K","1.13%"
"03/12/2019","34.39","34.37","34.45","34.34","1.34M","-0.15%"
"03/11/2019","34.44","34.26","34.48","34.26","532.20K","0.50%"
"03/08/2019","34.27","34.07","34.28","34.06","968.14K","0.12%"
"03/07/2019","34.23","34.49","34.52","34.21","948.99K","-0.98%"
"03/06/2019","34.57","34.70","34.71","34.56","1.09M","-0.40%"
"03/05/2019","34.71","34.62","34.77","34.60","1.33M","-0.12%"
"03/04/2019","34.75","34.90","34.92","34.59","808.76K","-0.20%"
"03/01/2019","34.82","34.76","34.86","34.73","650.58K","0.72%"
"02/28/2019","34.57","34.66","34.74","34.57","718.58K","-0.12%"
"02/27/2019","34.61","34.69","34.76","34.58","512.04K","-0.57%"
"02/26/2019","34.81","34.73","34.87","34.72","686.25K","0.87%"
"02/25/2019","34.51","34.61","34.66","34.51","392.97K","0.12%"
"02/22/2019","34.47","34.33","34.49","34.32","455.48K","0.41%"
"02/21/2019","34.33","34.39","34.39","34.28","570.84K","0.12%"
"02/20/2019","34.29","34.23","34.38","34.23","1.22M","0.44%"
"02/19/2019","34.14","33.89","34.17","33.89","569.81K","0.50%"
"02/15/2019","33.97","33.77","33.97","33.70","1.99M","1.37%"
"02/14/2019","33.51","33.54","33.61","33.40","862.60K","0.30%"
"02/13/2019","33.41","33.41","33.50","33.37","635.73K","0.18%"
"02/12/2019","33.35","33.19","33.35","33.19","864.52K","0.79%"
"02/11/2019","33.09","33.16","33.25","33.07","1.11M","-0.39%"
"02/08/2019","33.22","33.00","33.23","32.98","367.91K","0.24%"
"02/07/2019","33.14","33.38","33.38","33.12","1.13M","-1.10%"
"02/06/2019","33.51","33.64","33.67","33.49","395.82K","-0.27%"
"02/05/2019","33.60","33.48","33.67","33.47","1.35M","0.81%"
"02/04/2019","33.33","33.18","33.34","33.10","738.28K","0.42%"
"02/01/2019","33.19","33.23","33.35","33.14","935.48K","-0.39%"
"01/31/2019","33.32","33.16","33.35","33.06","1.10M","0.06%"
"01/30/2019","33.30","33.11","33.41","33.06","1.59M","0.48%"
"01/29/2019","33.14","33.21","33.30","33.10","703.26K","0.33%"
"01/28/2019","33.03","32.92","33.06","32.89","751.81K","-0.06%"
"01/25/2019","33.05","33.09","33.17","32.97","957.69K","-0.03%"
"01/24/2019","33.06","33.07","33.16","32.98","737.65K","-0.09%"
"01/23/2019","33.09","33.18","33.23","32.97","650.46K","0.55%"
"01/22/2019","32.91","33.01","33.10","32.86","717.60K","-1.38%"
"01/18/2019","33.37","33.28","33.38","33.18","645.78K","0.91%"
"01/17/2019","33.07","32.80","33.09","32.79","671.94K","0.73%"
"01/16/2019","32.83","32.78","32.91","32.78","1.29M","0.18%"
"01/15/2019","32.77","32.66","32.85","32.66","1.03M","0.15%"
"01/14/2019","32.72","32.62","32.81","32.61","739.84K","-0.34%"
"01/11/2019","32.83","32.82","32.91","32.74","1.04M","-0.09%"
"01/10/2019","32.86","32.84","32.92","32.76","816.05K","0.58%"
"01/09/2019","32.67","32.60","32.72","32.56","677.21K","1.18%"
"01/08/2019","32.29","32.34","32.37","32.20","772.10K","0.97%"
"01/07/2019","31.98","31.91","32.09","31.85","793.05K","-0.19%"
"01/04/2019","32.04","31.58","32.09","31.58","735.40K","2.50%"
"01/03/2019","31.26","31.33","31.41","31.22","2.07M","-0.06%"
"01/02/2019","31.28","31.07","31.39","31.07","2.05M","-0.76%"
"12/31/2018","31.52","31.60","31.60","31.41","1.46M","0.48%"
"12/28/2018","31.37","31.53","31.60","31.27","1.51M","1.59%"
"12/27/2018","30.88","30.59","30.90","30.24","1.55M","-1.03%"
"12/26/2018","31.20","30.47","31.22","30.35","1.37M","2.53%"
"12/24/2018","30.43","30.61","30.93","30.43","910.57K","-0.94%"
"12/21/2018","30.72","31.13","31.23","30.72","1.41M","-0.71%"
"12/20/2018","30.94","31.23","31.27","30.86","1.44M","-0.64%"
"12/19/2018","31.14","31.56","31.68","31.05","1.13M","-0.92%"
"12/18/2018","31.43","31.66","31.75","31.36","1.02M","-0.38%"
"12/17/2018","31.55","31.83","31.86","31.43","763.64K","-1.25%"
"12/14/2018","31.95","32.13","32.26","31.94","1.49M","-1.81%"
"12/13/2018","32.54","32.75","32.78","32.48","762.73K","-0.61%"
"12/12/2018","32.74","32.63","32.87","32.62","972.67K","1.68%"
"12/11/2018","32.20","32.41","32.43","32.05","1.42M","0.41%"
"12/10/2018","32.07","32.16","32.21","31.73","902.37K","-0.53%"
"12/07/2018","32.24","32.45","32.58","32.16","869.49K","-0.89%"
"12/06/2018","32.53","32.28","32.53","32.02","1.89M","-1.48%"
"12/04/2018","33.02","33.53","33.56","33.02","1.63M","-1.58%"
"12/03/2018","33.55","33.58","33.60","33.42","1.03M","1.02%"
"11/30/2018","33.21","33.15","33.24","33.10","871.48K","-0.06%"
"11/29/2018","33.23","33.19","33.34","33.15","488.12K","-0.06%"
"11/28/2018","33.25","32.84","33.26","32.71","761.20K","1.13%"
"11/27/2018","32.88","32.75","32.89","32.63","850.35K","-0.24%"
"11/26/2018","32.96","32.86","32.97","32.80","914.09K","1.23%"
"11/23/2018","32.56","32.41","32.66","32.41","494.89K","-0.31%"
"11/21/2018","32.66","32.49","32.73","32.47","799.64K","1.33%"
"11/20/2018","32.23","32.27","32.49","32.19","1.45M","-1.20%"
"11/19/2018","32.62","32.79","32.85","32.49","1.40M","-0.88%"
"11/16/2018","32.91","32.61","32.96","32.60","1.33M","0.43%"
"11/15/2018","32.77","32.57","32.83","32.38","1.25M","0.31%"
"11/14/2018","32.67","32.96","32.96","32.64","14.71M","-0.79%"
"11/13/2018","32.93","32.77","33.06","32.77","787.85K","0.34%"
"11/12/2018","32.82","33.06","33.06","32.80","831.38K","-1.71%"
"11/09/2018","33.39","33.31","33.39","33.22","632.87K","0.00%"
"11/08/2018","33.39","33.60","33.66","33.34","538.53K","-0.74%"
"11/07/2018","33.64","33.49","33.69","33.41","729.16K","1.05%"
"11/06/2018","33.29","33.14","33.29","33.13","917.57K","0.06%"
"11/05/2018","33.27","33.28","33.33","33.14","748.28K","0.18%"
"11/02/2018","33.21","33.48","33.54","33.08","874.71K","-0.54%"
"11/01/2018","33.39","33.34","33.40","33.20","843.39K","0.88%"
"10/31/2018","33.10","33.05","33.25","33.04","668.97K","1.04%"
"10/30/2018","32.76","32.46","32.77","32.42","1.08M","1.58%"
"10/29/2018","32.25","32.65","32.69","32.03","796.05K","-0.03%"
"10/26/2018","32.26","32.17","32.45","31.91","1.50M","0.12%"
"10/25/2018","32.22","32.02","32.37","31.92","1.24M","1.07%"
"10/24/2018","31.88","32.65","32.70","31.87","1.28M","-2.75%"
"10/23/2018","32.78","32.57","32.87","32.44","1.38M","-0.61%"
"10/22/2018","32.98","33.06","33.06","32.88","618.37K","0.18%"
"10/19/2018","32.92","32.92","33.05","32.89","699.59K","1.14%"
"10/18/2018","32.55","32.75","32.87","32.51","1.11M","-0.70%"
"10/17/2018","32.78","32.96","32.96","32.69","643.30K","-1.06%"
"10/16/2018","33.13","32.93","33.15","32.90","764.36K","2.03%"
"10/15/2018","32.47","32.52","32.62","32.45","1.13M","-0.09%"
"10/12/2018","32.50","32.70","32.70","32.23","1.25M","0.34%"
"10/11/2018","32.39","32.75","32.79","32.23","1.41M","-1.82%"
"10/10/2018","32.99","33.54","33.54","32.93","1.19M","-1.99%"
"10/09/2018","33.66","33.29","33.73","33.29","7.32M","0.06%"
"10/08/2018","33.64","33.42","33.67","33.42","786.79K","-0.80%"
"10/05/2018","33.91","34.00","34.02","33.80","555.75K","-0.82%"
"10/04/2018","34.19","34.30","34.34","34.07","384.11K","-1.30%"
"10/03/2018","34.64","34.71","34.74","34.58","391.03K","0.12%"
"10/02/2018","34.60","34.49","34.62","34.48","345.07K","-0.37%"
"10/01/2018","34.73","34.81","34.85","34.69","420.03K","0.12%"
"09/28/2018","34.69","34.77","34.92","34.64","440.08K","-0.60%"
"09/27/2018","34.90","34.89","35.03","34.85","289.49K","-0.48%"
"09/26/2018","35.07","34.94","35.25","34.92","521.26K","0.23%"
"09/25/2018","34.99","35.02","35.09","34.95","299.09K","0.37%"
"09/24/2018","34.86","35.14","35.14","34.84","232.41K","-1.13%"
"09/21/2018","35.26","35.32","35.34","35.20","305.03K","-0.20%"
"09/20/2018","35.33","35.10","35.35","35.10","781.08K","1.76%"
"09/19/2018","34.72","34.61","34.75","34.58","376.20K","-0.26%"
"09/18/2018","34.81","34.74","34.88","34.74","559.41K","0.09%"
"09/17/2018","34.78","34.78","34.90","34.74","401.54K","-0.11%"
"09/14/2018","34.82","34.85","34.87","34.71","464.37K","-0.03%"
"09/13/2018","34.83","34.87","34.88","34.71","434.53K","0.66%"
"09/12/2018","34.60","34.50","34.65","34.50","584.24K","0.52%"
"09/11/2018","34.42","34.27","34.44","34.23","791.50K","0.17%"
"09/10/2018","34.36","34.37","34.46","34.33","350.59K","0.50%"
"09/07/2018","34.19","34.11","34.29","34.11","367.37K","-0.20%"
"09/06/2018","34.26","34.29","34.35","34.09","665.50K","0.03%"
"09/05/2018","34.25","34.30","34.39","34.18","702.30K","-0.75%"
"09/04/2018","34.51","34.30","34.52","34.30","776.51K","-0.75%"
"08/31/2018","34.77","34.83","34.92","34.70","715.39K","-0.52%"
"08/30/2018","34.95","34.98","35.03","34.91","555.85K","-0.54%"
"08/29/2018","35.14","34.98","35.14","34.93","1.04M","0.86%"
"08/28/2018","34.84","34.95","35.03","34.82","1.15M","0.00%"
"08/27/2018","34.84","34.71","34.87","34.71","990.68K","0.87%"
"08/24/2018","34.54","34.52","34.61","34.46","988.33K","0.44%"
"08/23/2018","34.39","34.46","34.53","34.37","1.24M","-0.38%"
"08/22/2018","34.52","34.60","34.63","34.47","861.20K","0.00%"
"08/21/2018","34.52","34.55","34.61","34.46","3.16M","0.88%"
"08/20/2018","34.22","34.15","34.25","34.15","328.72K","0.65%"
"08/17/2018","34.00","33.77","34.06","33.77","679.61K","0.44%"
"08/16/2018","33.85","33.87","33.94","33.81","507.84K","0.18%"
"08/15/2018","33.79","33.69","33.88","33.57","1.03M","-0.94%"
"08/14/2018","34.11","34.05","34.12","33.99","1.62M","0.24%"
"08/13/2018","34.03","34.00","34.10","33.94","981.37K","0.00%"
"08/10/2018","34.03","34.16","34.22","34.03","505.77K","-1.68%"
"08/09/2018","34.61","34.62","34.70","34.59","269.64K","-0.06%"
"08/08/2018","34.63","34.57","34.70","34.49","501.80K","-0.12%"
"08/07/2018","34.67","34.72","34.74","34.63","435.78K","0.55%"
"08/06/2018","34.48","34.34","34.53","34.30","524.46K","-0.38%"
"08/03/2018","34.61","34.42","34.62","34.42","403.73K","-0.03%"
"08/02/2018","34.62","34.48","34.64","34.44","657.49K","0.09%"
"08/01/2018","34.59","34.57","34.62","34.47","880.69K","-0.32%"
"07/31/2018","34.70","34.82","34.84","34.63","2.45M","0.09%"
"07/30/2018","34.67","34.74","34.80","34.67","916.41K","0.43%"
"07/27/2018","34.52","34.53","34.62","34.47","386.67K","0.29%"
"07/26/2018","34.42","34.47","34.57","34.42","664.37K","0.35%"
"07/25/2018","34.30","34.06","34.33","33.99","665.59K","0.88%"
"07/24/2018","34.00","34.02","34.15","33.94","533.24K","0.15%"
"07/23/2018","33.95","34.01","34.02","33.92","387.87K","-0.06%"
"07/20/2018","33.97","33.79","34.03","33.79","621.79K","0.92%"
"07/19/2018","33.66","33.60","33.68","33.48","1.17M","0.21%"
"07/18/2018","33.59","33.60","33.66","33.53","454.10K","0.63%"
"07/17/2018","33.38","33.31","33.43","33.28","980.65K","-0.18%"
"07/16/2018","33.44","33.42","33.52","33.38","476.46K","0.45%"
"07/13/2018","33.29","33.19","33.30","33.16","588.38K","0.39%"
"07/12/2018","33.16","33.10","33.23","33.07","540.48K","0.70%"
"07/11/2018","32.93","33.09","33.17","32.86","677.06K","-1.23%"
"07/10/2018","33.34","33.32","33.38","33.30","834.81K","-0.03%"
"07/09/2018","33.35","33.33","33.38","33.26","519.90K","0.54%"
"07/06/2018","33.17","33.00","33.20","32.98","237.54K","0.52%"
"07/05/2018","33.00","32.97","33.01","32.86","1.02M","0.98%"
"07/03/2018","32.68","32.80","32.81","32.65","217.58K","0.74%"
"07/02/2018","32.44","32.27","32.47","32.26","571.56K","-0.43%"
"06/29/2018","32.58","32.64","32.71","32.55","602.17K","1.46%"
"06/28/2018","32.11","32.03","32.16","31.94","803.32K","0.22%"
"06/27/2018","32.04","32.33","32.47","32.03","445.66K","-0.87%"
"06/26/2018","32.32","32.29","32.38","32.17","516.38K","0.06%"
"06/25/2018","32.30","32.48","32.50","32.27","584.15K","-1.25%"
"06/22/2018","32.71","32.61","32.85","32.56","579.58K","1.81%"
"06/21/2018","32.13","32.37","32.40","32.10","1.15M","-0.74%"
"06/20/2018","32.37","32.47","32.47","32.34","743.14K","0.56%"
"06/19/2018","32.19","32.06","32.21","32.02","530.60K","-3.19%"
"06/18/2018","33.25","33.16","33.25","33.09","429.50K","-1.13%"
"06/15/2018","33.63","33.59","33.68","33.54","361.12K","-0.47%"
"06/14/2018","33.79","33.77","33.93","33.76","292.77K","-0.35%"
"06/13/2018","33.91","33.98","34.02","33.84","306.94K","0.09%"
"06/12/2018","33.88","34.03","34.04","33.87","446.84K","-0.12%"
"06/11/2018","33.92","33.83","34.00","33.77","281.28K","1.01%"
"06/08/2018","33.58","33.48","33.60","33.40","481.71K","0.06%"
"06/07/2018","33.56","33.75","33.76","33.52","480.71K","-0.39%"
"06/06/2018","33.69","33.43","33.69","33.36","726.52K","0.39%"
"06/05/2018","33.56","33.65","33.66","33.45","1.53M","-0.47%"
"06/04/2018","33.72","33.84","33.87","33.68","469.50K","0.03%"
"06/01/2018","33.71","33.62","33.75","33.56","428.10K","1.32%"
"05/31/2018","33.27","33.57","33.59","33.16","1.02M","-1.16%"
"05/30/2018","33.66","33.60","33.69","33.45","717.35K","0.57%"
"05/29/2018","33.47","33.61","33.72","33.38","847.57K","-1.53%"
"05/25/2018","33.99","34.04","34.14","33.94","272.22K","-0.23%"
"05/24/2018","34.07","34.16","34.18","33.93","435.83K","0.06%"
"05/23/2018","34.05","34.12","34.15","33.88","358.28K","-1.25%"
"05/22/2018","34.48","34.54","34.66","34.47","311.03K","-0.20%"
"05/21/2018","34.55","34.59","34.61","34.49","633.86K","0.49%"
"05/18/2018","34.38","34.44","34.52","34.35","378.76K","-0.17%"
"05/17/2018","34.44","34.41","34.49","34.37","357.29K","-0.03%"
"05/16/2018","34.45","34.48","34.54","34.41","590.78K","0.17%"
"05/15/2018","34.39","34.37","34.52","34.30","412.51K","-0.38%"
"05/14/2018","34.52","34.68","34.68","34.49","620.60K","0.06%"
"05/11/2018","34.50","34.56","34.61","34.46","766.93K","0.41%"
"05/10/2018","34.36","34.45","34.45","34.28","1.06M","0.06%"
"05/09/2018","34.34","34.21","34.40","34.17","596.10K","0.35%"
"05/08/2018","34.22","34.18","34.27","34.05","494.12K","-0.18%"
"05/07/2018","34.28","34.21","34.40","34.21","714.04K","0.62%"
"05/04/2018","34.07","33.80","34.09","33.80","495.49K","0.12%"
"05/03/2018","34.03","34.08","34.09","33.81","666.53K","0.41%"
"05/02/2018","33.89","34.10","34.14","33.88","1.03M","-0.09%"
"05/01/2018","33.92","34.05","34.14","33.82","632.87K","-0.35%"
"04/30/2018","34.04","34.24","34.34","34.04","484.31K","-0.50%"
"04/27/2018","34.21","34.14","34.26","34.05","528.59K","0.18%"
"04/26/2018","34.15","34.21","34.25","34.12","397.77K","0.56%"
"04/25/2018","33.96","33.85","33.99","33.74","560.67K","-0.32%"
"04/24/2018","34.07","34.35","34.38","33.97","1.04M","-0.64%"
"04/23/2018","34.29","34.28","34.38","34.21","721.23K","-0.20%"
"04/20/2018","34.36","34.36","34.50","34.31","656.32K","-0.49%"
"04/19/2018","34.53","34.66","34.70","34.42","1.03M","-0.43%"
"04/18/2018","34.68","34.74","34.76","34.62","783.62K","0.03%"
"04/17/2018","34.67","34.62","34.75","34.57","611.62K","0.52%"
"04/16/2018","34.49","34.55","34.60","34.43","545.13K","0.20%"
"04/13/2018","34.42","34.45","34.49","34.31","588.26K","0.17%"
"04/12/2018","34.36","34.30","34.40","34.26","513.43K","0.44%"
"04/11/2018","34.21","34.33","34.46","34.19","620.04K","-0.78%"
"04/10/2018","34.48","34.47","34.56","34.40","563.60K","0.79%"
"04/09/2018","34.21","34.26","34.45","34.17","748.35K","0.91%"
"04/06/2018","33.90","34.18","34.28","33.83","903.29K","-0.26%"
"04/05/2018","33.99","33.96","34.18","33.91","5.27M","0.38%"
"04/04/2018","33.86","33.43","33.86","33.43","1.13M","-0.03%"
"04/03/2018","33.87","33.92","33.95","33.66","1.70M","-0.12%"
"04/02/2018","33.91","34.46","34.47","33.77","927.91K","-1.34%"
"03/29/2018","34.37","34.29","34.49","34.23","939.12K","0.38%"
"03/28/2018","34.24","34.12","34.51","33.97","1.25M","1.06%"
"03/27/2018","33.88","34.20","34.30","33.82","1.25M","-0.85%"
"03/26/2018","34.17","34.21","34.30","33.79","996.36K","1.70%"
"03/23/2018","33.60","34.06","34.14","33.58","1.21M","-0.65%"
"03/22/2018","33.82","34.28","34.37","33.80","1.28M","-2.14%"
"03/21/2018","34.56","34.56","34.67","34.43","746.13K","-0.26%"
"03/20/2018","34.65","34.52","34.70","34.49","853.37K","-0.12%"
"03/19/2018","34.69","34.89","34.92","34.55","889.46K","-0.52%"
"03/16/2018","34.87","34.91","35.01","34.83","821.20K","-0.14%"
"03/15/2018","34.92","34.84","35.09","34.84","457.05K","-0.06%"
"03/14/2018","34.94","35.13","35.13","34.86","766.45K","0.17%"
"03/13/2018","34.88","35.28","35.31","34.87","608.86K","-0.80%"
"03/12/2018","35.16","35.12","35.21","35.10","602.97K","0.23%"
"03/09/2018","35.08","34.93","35.10","34.89","596.20K","0.83%"
"03/08/2018","34.79","34.81","34.91","34.70","1.05M","0.26%"
"03/07/2018","34.70","34.59","34.76","34.52","2.42M","-0.26%"
"03/06/2018","34.79","34.84","34.94","34.74","8.77M","0.17%"
"03/05/2018","34.73","34.44","34.78","34.42","956.13K","1.08%"
"03/02/2018","34.36","34.40","34.41","34.04","1.84M","0.17%"
"03/01/2018","34.30","34.55","34.68","34.09","1.21M","-1.78%"
"02/28/2018","34.92","35.30","35.33","34.91","1.29M","-1.47%"
"02/27/2018","35.44","35.57","35.62","35.40","4.94M","-1.14%"
"02/26/2018","35.85","35.62","35.87","35.51","863.90K","0.65%"
"02/23/2018","35.62","35.44","35.63","35.39","624.03K","0.45%"
"02/22/2018","35.46","35.40","35.61","35.33","567.51K","0.40%"
"02/21/2018","35.32","35.51","35.71","35.31","1.00M","-0.45%"
"02/20/2018","35.48","35.50","35.63","35.37","744.84K","-1.31%"
"02/16/2018","35.95","35.91","36.08","35.85","508.68K","-0.19%"
"02/15/2018","36.02","35.82","36.04","35.68","525.35K","0.87%"
"02/14/2018","35.71","34.93","35.72","34.90","522.00K","2.23%"
"02/13/2018","34.93","34.91","34.97","34.78","998.85K","-0.40%"
"02/12/2018","35.07","34.78","35.14","34.75","727.67K","1.24%"
"02/09/2018","34.64","34.62","34.82","34.02","2.29M","0.23%"
"02/08/2018","34.56","35.22","35.25","34.56","1.56M","-2.10%"
"02/07/2018","35.30","35.28","35.45","35.21","1.29M","-0.25%"
"02/06/2018","35.39","35.14","35.47","34.81","3.31M","0.14%"
"02/05/2018","35.34","36.16","36.21","35.26","3.05M","-3.31%"
"02/02/2018","36.55","36.86","36.89","36.51","1.08M","-1.93%"
"02/01/2018","37.27","37.18","37.35","37.15","1.10M","0.27%"
"01/31/2018","37.17","37.37","37.49","37.12","839.93K","-0.27%"
"01/30/2018","37.27","37.43","37.50","37.27","1.03M","-0.19%"
"01/29/2018","37.34","37.55","37.58","37.31","835.92K","-1.06%"
"01/26/2018","37.74","37.69","37.79","37.63","1.12M","1.02%"
"01/25/2018","37.36","37.68","37.84","37.33","1.81M","0.21%"
"01/24/2018","37.28","37.53","37.71","37.18","1.41M","0.81%"
"01/23/2018","36.98","36.95","37.08","36.92","589.36K","0.43%"
"01/22/2018","36.82","36.73","36.83","36.71","641.69K","0.11%"
"01/19/2018","36.78","36.78","36.80","36.64","667.70K","0.35%"
"01/18/2018","36.65","36.62","36.71","36.55","641.59K","0.22%"
"01/17/2018","36.57","36.51","36.68","36.40","778.07K","0.08%"
"01/16/2018","36.54","36.57","36.60","36.45","988.02K","0.03%"
"01/12/2018","36.53","36.33","36.55","36.30","788.58K","0.94%"
"01/11/2018","36.19","36.10","36.20","36.09","977.15K","0.30%"
"01/10/2018","36.08","36.17","36.17","36.02","1.03M","-0.44%"
"01/09/2018","36.24","36.19","36.26","36.10","1.92M","0.03%"
"01/08/2018","36.23","36.24","36.24","36.16","746.14K","-0.17%"
"01/05/2018","36.29","36.13","36.31","36.11","826.66K","0.47%"
"01/04/2018","36.12","36.05","36.14","36.03","1.02M","0.61%"
"01/03/2018","35.90","35.63","35.94","35.60","686.49K","0.50%"
"01/02/2018","35.72","35.67","35.72","35.52","853.14K","0.39%"
"12/29/2017","35.58","35.61","35.66","35.52","371.09K","0.14%"
"12/28/2017","35.53","35.57","35.62","35.53","374.91K","0.42%"
"12/27/2017","35.38","35.29","35.39","35.26","377.60K","0.65%"
"12/26/2017","35.15","35.18","35.22","35.01","556.82K","-0.11%"
"12/22/2017","35.19","35.12","35.20","35.08","496.47K","0.00%"
"12/21/2017","35.19","35.08","35.29","35.04","408.59K","0.63%"
"12/20/2017","34.97","35.12","35.17","34.94","771.11K","-0.77%"
"12/19/2017","35.24","35.33","35.34","35.16","810.74K","-0.51%"
"12/18/2017","35.42","35.33","35.50","35.28","897.00K","0.94%"
"12/15/2017","35.09","35.07","35.11","34.91","557.38K","0.23%"
"12/14/2017","35.01","35.16","35.20","35.01","535.86K","-0.14%"
"12/13/2017","35.06","35.07","35.18","35.02","1.46M","0.40%"
"12/12/2017","34.92","34.76","34.93","34.72","725.67K","0.23%"
"12/11/2017","34.84","34.80","34.84","34.74","666.07K","0.00%"
"12/08/2017","34.84","34.65","34.84","34.65","488.62K","0.55%"
"12/07/2017","34.65","34.64","34.70","34.59","781.99K","-0.23%"
"12/06/2017","34.73","34.74","34.83","34.71","377.47K","0.06%"
"12/05/2017","34.71","34.83","34.90","34.65","575.49K","-0.60%"
"12/04/2017","34.92","35.19","35.19","34.90","628.33K","-0.60%"
"12/01/2017","35.13","34.97","35.24","34.95","1.41M","0.43%"
"11/30/2017","34.98","35.09","35.15","34.91","938.66K","0.17%"
"11/29/2017","34.92","35.03","35.09","34.84","704.48K","-0.71%"
"11/28/2017","35.17","35.03","35.19","34.93","535.49K","0.72%"
"11/27/2017","34.92","35.05","35.10","34.90","576.69K","-0.82%"
"11/24/2017","35.21","35.25","35.28","35.15","343.19K","0.66%"
"11/22/2017","34.98","35.08","35.11","34.93","699.49K","0.46%"
"11/21/2017","34.82","34.84","34.92","34.80","669.63K","0.58%"
"11/20/2017","34.62","34.69","34.78","34.61","1.08M","0.67%"
"11/17/2017","34.39","34.25","34.46","34.18","1.43M","0.53%"
"11/16/2017","34.21","34.26","34.30","34.18","673.39K","0.53%"
"11/15/2017","34.03","34.10","34.12","34.03","561.23K","-0.53%"
"11/14/2017","34.21","34.18","34.26","34.12","593.13K","0.15%"
"11/13/2017","34.16","34.05","34.21","34.03","901.05K","0.03%"
"11/10/2017","34.15","34.20","34.22","34.06","439.53K","-0.50%"
"11/09/2017","34.32","34.21","34.38","34.15","1.73M","-0.38%"
"11/08/2017","34.45","34.34","34.51","34.32","726.43K","0.26%"
"11/07/2017","34.36","34.45","34.49","34.26","1.75M","-0.72%"
"11/06/2017","34.61","34.56","34.64","34.53","300.54K","-0.06%"
"11/03/2017","34.63","34.58","34.68","34.49","718.17K","0.23%"
"11/02/2017","34.55","34.50","34.58","34.45","807.91K","0.64%"
"11/01/2017","34.33","34.46","34.56","34.33","982.73K","-0.58%"
"10/31/2017","34.53","34.49","34.57","34.45","709.06K","0.52%"
"10/30/2017","34.35","34.21","34.38","34.21","242.60K","0.38%"
"10/27/2017","34.22","34.21","34.25","34.15","437.59K","-0.20%"
"10/26/2017","34.29","34.36","34.41","34.27","434.90K","0.06%"
"10/25/2017","34.27","34.42","34.45","34.08","970.64K","-0.61%"
"10/24/2017","34.48","34.54","34.56","34.44","757.91K","-0.69%"
"10/23/2017","34.72","34.85","34.85","34.69","614.11K","-0.37%"
"10/20/2017","34.85","34.84","34.86","34.73","997.24K","-0.60%"
"10/19/2017","35.06","35.07","35.13","35.02","652.81K","-0.20%"
"10/18/2017","35.13","35.07","35.15","35.05","685.47K","0.14%"
"10/17/2017","35.08","35.10","35.12","34.98","1.04M","-0.48%"
"10/16/2017","35.25","35.19","35.28","35.15","906.46K","-0.45%"
"10/13/2017","35.41","35.41","35.41","35.34","489.97K","0.28%"
"10/12/2017","35.31","35.29","35.37","35.26","882.17K","0.03%"
"10/11/2017","35.30","35.24","35.33","35.22","833.36K","0.06%"
"10/10/2017","35.28","35.15","35.28","35.12","503.71K","1.00%"
"10/09/2017","34.93","34.95","34.97","34.89","331.59K","-0.29%"
"10/06/2017","35.03","34.86","35.03","34.83","923.59K","-0.23%"
"10/05/2017","35.11","35.08","35.11","35.03","399.73K","-0.26%"
"10/04/2017","35.20","35.23","35.28","35.17","543.78K","-0.11%"
"10/03/2017","35.24","35.17","35.29","35.13","908.12K","0.51%"
"10/02/2017","35.06","35.07","35.12","34.99","699.44K","0.09%"
"09/29/2017","35.03","34.81","35.10","34.74","1.04M","1.01%"
"09/28/2017","34.68","34.61","34.75","34.61","431.82K","0.26%"
"09/27/2017","34.59","34.50","34.62","34.46","949.63K","-0.37%"
"09/26/2017","34.72","34.76","34.80","34.64","868.22K","-0.17%"
"09/25/2017","34.78","34.75","34.88","34.74","907.93K","-0.06%"
"09/22/2017","34.80","34.86","34.91","34.77","450.38K","0.20%"
"09/21/2017","34.73","34.64","34.77","34.63","404.91K","-0.26%"
"09/20/2017","34.82","34.99","35.03","34.68","522.99K","-0.34%"
"09/19/2017","34.94","34.90","34.95","34.87","515.18K","0.43%"
"09/18/2017","34.79","34.94","34.96","34.73","744.27K","-0.03%"
"09/15/2017","34.80","34.80","34.85","34.71","1.07M","0.12%"
"09/14/2017","34.76","34.64","34.76","34.60","752.89K","0.12%"
"09/13/2017","34.72","34.86","34.88","34.66","515.94K","-0.66%"
"09/12/2017","34.95","34.85","35.01","34.84","416.72K","0.26%"
"09/11/2017","34.86","34.83","34.95","34.82","507.76K","0.55%"
"09/08/2017","34.67","34.76","34.81","34.66","674.02K","0.23%"
"09/07/2017","34.59","34.50","34.66","34.45","690.71K","0.93%"
"09/06/2017","34.27","34.20","34.35","34.18","485.28K","0.29%"
"09/05/2017","34.17","34.22","34.32","34.04","1.05M","-0.26%"
"09/01/2017","34.26","34.39","34.45","34.21","607.39K","-0.15%"
"08/31/2017","34.31","34.13","34.35","34.09","378.90K","0.85%"
"08/30/2017","34.02","34.08","34.12","33.97","745.25K","-0.47%"
"08/29/2017","34.18","34.27","34.38","34.18","618.56K","-0.26%"
"08/28/2017","34.27","34.37","34.38","34.23","292.56K","-0.20%"
"08/25/2017","34.34","34.25","34.42","34.24","588.94K","0.53%"
"08/24/2017","34.16","34.37","34.39","34.16","521.20K","-0.18%"
"08/23/2017","34.22","34.14","34.25","34.13","361.59K","-0.12%"
"08/22/2017","34.26","34.18","34.28","34.14","876.42K","0.56%"
"08/21/2017","34.07","34.05","34.14","33.99","900.71K","0.47%"
"08/18/2017","33.91","34.06","34.10","33.89","629.40K","-0.29%"
"08/17/2017","34.01","34.22","34.30","34.00","793.26K","-0.87%"
"08/16/2017","34.31","34.14","34.34","34.10","635.57K","0.41%"
"08/15/2017","34.17","34.09","34.17","33.99","434.30K","-0.09%"
"08/14/2017","34.20","34.20","34.31","34.17","356.42K","0.59%"
"08/11/2017","34.00","34.00","34.07","33.93","605.78K","-0.26%"
"08/10/2017","34.09","34.35","34.37","34.07","1.09M","-1.42%"
"08/09/2017","34.58","34.52","34.61","34.41","784.05K","0.23%"
"08/08/2017","34.50","34.66","34.73","34.45","640.57K","-0.66%"
"08/07/2017","34.73","34.71","34.74","34.65","480.66K","-0.20%"
"08/04/2017","34.80","34.68","34.83","34.62","650.03K","0.23%"
"08/03/2017","34.72","34.74","34.88","34.71","494.73K","0.06%"
"08/02/2017","34.70","34.73","34.80","34.65","980.34K","0.14%"
"08/01/2017","34.65","34.74","34.75","34.62","885.59K","0.52%"
"07/31/2017","34.47","34.57","34.57","34.44","747.94K","0.29%"
"07/28/2017","34.37","34.23","34.40","34.20","702.27K","-0.15%"
"07/27/2017","34.42","34.66","34.66","34.30","909.98K","-0.89%"
"07/26/2017","34.73","34.54","34.77","34.47","1.11M","0.32%"
"07/25/2017","34.62","34.78","34.80","34.57","513.27K","-0.29%"
"07/24/2017","34.72","34.72","34.73","34.57","333.38K","-0.26%"
"07/21/2017","34.81","34.83","34.84","34.69","321.29K","-0.26%"
"07/20/2017","34.90","34.76","34.95","34.75","416.09K","0.17%"
"07/19/2017","34.84","34.84","34.90","34.80","452.42K","0.49%"
"07/18/2017","34.67","34.72","34.77","34.63","550.44K","0.35%"
"07/17/2017","34.55","34.60","34.64","34.53","403.12K","0.00%"
"07/14/2017","34.55","34.42","34.58","34.38","743.79K","0.44%"
"07/13/2017","34.40","34.38","34.41","34.24","1.07M","-0.03%"
"07/12/2017","34.41","34.31","34.47","34.29","1.76M","1.21%"
"07/11/2017","34.00","33.78","34.00","33.76","528.29K","-0.35%"
"07/10/2017","34.12","34.06","34.14","34.01","481.21K","0.18%"
"07/07/2017","34.06","33.88","34.06","33.83","596.57K","0.32%"
"07/06/2017","33.95","33.85","34.01","33.77","851.49K","-0.82%"
"07/05/2017","34.23","34.01","34.23","33.96","852.12K","-0.29%"
"07/03/2017","34.33","34.34","34.45","34.32","511.65K","0.06%"
"06/30/2017","34.31","34.44","34.47","34.18","779.32K","-0.06%"
"06/29/2017","34.33","34.52","34.52","34.17","687.43K","-1.24%"
"06/28/2017","34.76","34.66","34.76","34.58","562.44K","0.40%"
"06/27/2017","34.62","34.54","34.77","34.49","1.33M","0.44%"
"06/26/2017","34.47","34.57","34.61","34.45","1.44M","0.52%"
"06/23/2017","34.29","34.12","34.34","34.12","462.76K","0.41%"
"06/22/2017","34.15","34.14","34.26","34.09","747.90K","0.26%"
"06/21/2017","34.06","34.00","34.07","33.96","681.05K","0.00%"
"06/20/2017","34.06","34.32","34.32","34.02","1.09M","-2.60%"
"06/19/2017","34.97","34.89","35.01","34.88","1.33M","0.52%"
"06/16/2017","34.79","34.59","34.82","34.58","783.21K","1.52%"
"06/15/2017","34.27","34.01","34.30","34.00","941.61K","-0.58%"
"06/14/2017","34.47","34.68","34.73","34.34","607.98K","-0.20%"
"06/13/2017","34.54","34.50","34.59","34.48","704.78K","0.76%"
"06/12/2017","34.28","34.32","34.36","34.20","698.00K","-0.41%"
"06/09/2017","34.42","34.33","34.45","34.28","708.76K","0.00%"
"06/08/2017","34.42","34.45","34.47","34.29","915.17K","-0.92%"
"06/07/2017","34.74","34.86","34.88","34.60","826.17K","-0.32%"
"06/06/2017","34.85","34.88","34.89","34.79","1.05M","-0.37%"
"06/05/2017","34.98","35.11","35.15","34.86","1.75M","-1.13%"
"06/02/2017","35.38","35.20","35.39","35.14","652.99K","0.88%"
"06/01/2017","35.07","34.96","35.07","34.94","817.09K","0.40%"
"05/31/2017","34.93","35.04","35.11","34.91","687.42K","0.52%"
"05/30/2017","34.75","34.69","34.80","34.65","617.83K","-0.37%"
"05/26/2017","34.88","34.76","34.95","34.76","570.66K","-0.06%"
"05/25/2017","34.90","34.96","35.06","34.85","878.30K","0.11%"
"05/24/2017","34.86","34.75","34.88","34.72","813.00K","-0.17%"
"05/23/2017","34.92","35.00","35.04","34.87","2.03M","-0.31%"
"05/22/2017","35.03","35.11","35.15","34.97","1.14M","0.57%"
"05/19/2017","34.83","34.68","34.85","34.67","368.75K","1.46%"
"05/18/2017","34.33","34.16","34.36","34.16","1.09M","0.23%"
"05/17/2017","34.25","34.55","34.63","34.24","749.13K","-1.41%"
"05/16/2017","34.74","34.69","34.75","34.62","356.14K","1.19%"
"05/15/2017","34.33","34.22","34.35","34.22","595.37K","0.38%"
"05/12/2017","34.20","33.98","34.24","33.96","676.58K","0.83%"
"05/11/2017","33.92","33.85","33.92","33.79","858.92K","-0.12%"
"05/10/2017","33.96","33.92","33.97","33.83","857.97K","-0.21%"
"05/09/2017","34.03","34.02","34.09","33.92","1.49M","0.03%"
"05/08/2017","34.02","34.09","34.09","33.98","793.18K","-1.22%"
"05/05/2017","34.44","34.13","34.44","34.09","751.47K","0.85%"
"05/04/2017","34.15","33.79","34.15","33.76","894.82K","1.58%"
"05/03/2017","33.62","33.74","33.75","33.61","727.84K","0.00%"
"05/02/2017","33.62","33.49","33.64","33.43","798.04K","0.78%"
"05/01/2017","33.36","33.31","33.45","33.31","842.54K","0.36%"
"04/28/2017","33.24","33.31","33.33","33.20","737.53K","-0.36%"
"04/27/2017","33.36","33.31","33.41","33.27","580.65K","0.54%"
"04/26/2017","33.18","33.14","33.30","33.14","541.19K","0.03%"
"04/25/2017","33.17","33.01","33.19","32.98","743.28K","1.10%"
"04/24/2017","32.81","32.70","32.81","32.66","711.64K","2.02%"
"04/21/2017","32.16","32.04","32.18","32.04","509.93K","0.00%"
"04/20/2017","32.16","32.16","32.25","32.14","620.12K","0.91%"
"04/19/2017","31.87","31.97","32.00","31.85","664.77K","-0.41%"
"04/18/2017","32.00","32.00","32.01","31.82","563.72K","-0.47%"
"04/17/2017","32.15","32.13","32.15","32.01","434.83K","0.53%"
"04/13/2017","31.98","32.01","32.10","31.95","658.33K","-0.56%"
"04/12/2017","32.16","32.08","32.21","32.04","821.77K","0.34%"
"04/11/2017","32.05","31.94","32.05","31.86","535.74K","0.88%"
"04/10/2017","31.77","31.79","31.86","31.75","418.88K","-0.16%"
"04/07/2017","31.82","31.75","31.86","31.73","497.31K","-0.06%"
"04/06/2017","31.84","31.89","31.93","31.80","448.87K","0.32%"
"04/05/2017","31.74","31.89","31.97","31.73","466.40K","-0.87%"
"04/04/2017","32.02","31.88","32.03","31.84","554.93K","0.16%"
"04/03/2017","31.97","32.01","32.03","31.77","693.70K","-0.03%"
"03/31/2017","31.98","31.99","32.09","31.97","702.46K","-0.19%"
"03/30/2017","32.04","32.16","32.22","32.01","551.08K","-0.31%"
"03/29/2017","32.14","31.98","32.14","31.98","572.81K","-0.03%"
"03/28/2017","32.15","32.18","32.28","32.12","692.30K","-0.28%"
"03/27/2017","32.24","32.15","32.27","32.13","435.29K","0.53%"
"03/24/2017","32.07","31.99","32.11","31.97","731.88K","0.25%"
"03/23/2017","31.99","31.86","32.08","31.86","552.81K","0.25%"
"03/22/2017","31.91","31.79","31.98","31.79","469.82K","0.22%"
"03/21/2017","31.84","32.26","32.27","31.81","617.01K","-0.62%"
"03/20/2017","32.04","32.12","32.16","32.03","460.90K","-0.22%"
"03/17/2017","32.11","32.08","32.22","32.05","406.27K","0.12%"
"03/16/2017","32.07","31.96","32.07","31.94","481.56K","0.50%"
"03/15/2017","31.91","31.53","31.92","31.53","535.12K","1.17%"
"03/14/2017","31.54","31.51","31.57","31.49","573.74K","-0.44%"
"03/13/2017","31.68","31.59","31.70","31.59","1.23M","0.51%"
"03/10/2017","31.52","31.43","31.53","31.39","1.25M","0.61%"
"03/09/2017","31.33","31.19","31.34","31.17","1.32M","0.58%"
"03/08/2017","31.15","31.22","31.27","31.14","492.37K","-0.38%"
"03/07/2017","31.27","31.10","31.30","31.10","414.67K","-0.45%"
"03/06/2017","31.41","31.43","31.43","31.32","498.08K","-0.19%"
"03/03/2017","31.47","31.38","31.53","31.33","519.95K","0.67%"
"03/02/2017","31.26","31.31","31.41","31.26","616.01K","-0.10%"
"03/01/2017","31.29","31.07","31.33","31.04","591.47K","0.81%"
"02/28/2017","31.04","30.95","31.13","30.95","616.03K","0.29%"
"02/27/2017","30.95","30.84","30.98","30.84","359.42K","-0.06%"
"02/24/2017","30.97","30.80","30.98","30.80","941.21K","-0.45%"
"02/23/2017","31.11","31.06","31.13","31.06","688.35K","0.16%"
"02/22/2017","31.06","30.94","31.08","30.92","388.13K","-0.10%"
"02/21/2017","31.09","30.96","31.09","30.96","264.42K","0.13%"
"02/17/2017","31.05","30.97","31.09","30.92","328.80K","0.00%"
"02/16/2017","31.05","30.94","31.06","30.94","362.76K","0.58%"
"02/15/2017","30.87","30.63","30.87","30.61","403.23K","0.55%"
"02/14/2017","30.70","30.71","30.72","30.57","573.41K","-0.26%"
"02/13/2017","30.78","30.79","30.83","30.71","541.16K","-0.16%"
"02/10/2017","30.83","30.67","30.84","30.66","335.47K","0.03%"
"02/09/2017","30.82","30.75","30.82","30.70","445.08K","0.20%"
"02/08/2017","30.76","30.68","30.80","30.64","302.54K","0.20%"
"02/07/2017","30.70","30.67","30.72","30.64","482.05K","0.00%"
"02/06/2017","30.70","30.60","30.72","30.57","565.49K","-0.32%"
"02/03/2017","30.80","30.74","30.84","30.71","557.15K","0.59%"
"02/02/2017","30.62","30.67","30.75","30.54","806.84K","-0.39%"
"02/01/2017","30.74","30.87","30.88","30.63","786.20K","0.03%"
"01/31/2017","30.73","30.63","30.78","30.59","1.16M","0.39%"
"01/30/2017","30.61","30.43","30.64","30.39","848.10K","-0.33%"
"01/27/2017","30.71","30.67","30.73","30.59","553.35K","0.00%"
"01/26/2017","30.71","30.86","30.87","30.68","803.23K","0.07%"
"01/25/2017","30.69","30.54","30.72","30.52","893.52K","1.39%"
"01/24/2017","30.27","30.21","30.30","30.20","708.38K","0.03%"
"01/23/2017","30.26","30.16","30.29","30.09","1.98M","0.00%"
"01/20/2017","30.26","30.10","30.26","30.08","959.68K","0.60%"
"01/19/2017","30.08","30.10","30.12","29.95","725.39K","-0.63%"
"01/18/2017","30.27","30.25","30.33","30.20","1.19M","-0.30%"
"01/17/2017","30.36","30.40","30.40","30.29","692.23K","-0.52%"
"01/13/2017","30.52","30.50","30.52","30.41","669.84K","0.39%"
"01/12/2017","30.40","30.34","30.41","30.29","860.73K","0.46%"
"01/11/2017","30.26","30.09","30.27","30.06","2.02M","0.03%"
"01/10/2017","30.25","30.20","30.29","30.17","1.13M","0.13%"
"01/09/2017","30.21","30.12","30.23","30.06","532.96K","0.17%"
"01/06/2017","30.16","30.08","30.23","30.06","550.88K","-0.20%"
"01/05/2017","30.22","30.03","30.26","30.00","644.07K","1.21%"
"01/04/2017","29.86","29.59","29.87","29.57","689.64K","0.98%"
"01/03/2017","29.57","29.45","29.59","29.33","1.25M","0.37%"
"12/30/2016","29.46","29.57","29.66","29.41","749.29K","0.51%"
"12/29/2016","29.31","29.36","29.41","29.30","561.19K","0.62%"
"12/28/2016","29.13","29.28","29.28","29.11","497.10K","-0.41%"
"12/27/2016","29.25","29.31","29.31","29.22","333.53K","0.00%"
"12/23/2016","29.25","29.22","29.25","29.17","585.57K","0.07%"
"12/22/2016","29.23","29.27","29.30","29.19","550.22K","0.21%"
"12/21/2016","29.17","29.25","29.28","29.12","694.09K","-0.14%"
"12/20/2016","29.21","29.19","29.25","29.13","495.54K","0.27%"
"12/19/2016","29.13","29.17","29.34","29.13","825.36K","0.00%"
"12/16/2016","29.13","29.01","29.25","29.01","1.48M","0.66%"
"12/15/2016","28.94","28.94","29.00","28.86","983.21K","-0.31%"
"12/14/2016","29.03","29.39","29.47","28.99","859.06K","-1.36%"
"12/13/2016","29.43","29.31","29.52","29.31","604.55K","1.55%"
"12/12/2016","28.98","28.99","29.06","28.86","519.11K","-0.51%"
"12/09/2016","29.13","28.94","29.17","28.94","1.17M","1.39%"
"12/08/2016","28.73","28.64","28.76","28.59","1.75M","-0.79%"
"12/07/2016","28.96","28.80","29.00","28.74","854.22K","0.38%"
"12/06/2016","28.85","28.65","28.89","28.63","858.06K","0.73%"
"12/05/2016","28.64","28.59","28.69","28.50","2.69M","1.17%"
"12/02/2016","28.31","28.15","28.35","28.14","754.49K","0.46%"
"12/01/2016","28.18","28.18","28.27","28.07","1.35M","-0.60%"
"11/30/2016","28.35","28.49","28.49","28.33","1.11M","-0.25%"
"11/29/2016","28.42","28.22","28.51","28.18","1.36M","0.64%"
"11/28/2016","28.24","28.38","28.40","28.23","642.06K","-0.91%"
"11/25/2016","28.50","28.53","28.57","28.48","564.56K","1.60%"
"11/23/2016","28.05","27.91","28.07","27.87","782.06K","-0.74%"
"11/22/2016","28.26","28.31","28.32","28.11","883.47K","-1.05%"
"11/21/2016","28.56","28.52","28.58","28.40","950.14K","-0.24%"
"11/18/2016","28.63","28.70","28.72","28.60","703.52K","-1.04%"
"11/17/2016","28.93","28.92","29.01","28.86","768.56K","0.52%"
"11/16/2016","28.78","28.70","28.83","28.70","848.53K","-0.79%"
"11/15/2016","29.01","28.70","29.01","28.64","2.04M","0.42%"
"11/14/2016","28.89","28.70","28.91","28.69","547.18K","-0.99%"
"11/11/2016","29.18","29.27","29.30","29.01","1.19M","-0.65%"
"11/10/2016","29.37","29.36","29.46","29.09","1.37M","-0.37%"
"11/09/2016","29.48","29.30","29.58","29.21","2.85M","1.13%"
"11/08/2016","29.15","29.07","29.21","29.03","1.13M","0.14%"
"11/07/2016","29.11","29.10","29.16","28.99","599.53K","1.68%"
"11/04/2016","28.63","28.78","28.84","28.62","689.91K","-0.28%"
"11/03/2016","28.71","28.89","28.91","28.68","847.54K","-0.73%"
"11/02/2016","28.92","29.16","29.20","28.91","1.34M","-0.62%"
"11/01/2016","29.10","29.20","29.20","29.08","765.69K","0.31%"
"10/31/2016","29.01","29.08","29.11","28.97","597.23K","-0.21%"
"10/28/2016","29.07","29.04","29.14","29.01","582.86K","-0.07%"
"10/27/2016","29.09","29.15","29.20","29.06","493.48K","0.21%"
"10/26/2016","29.03","29.06","29.10","28.97","1.50M","-0.38%"
"10/25/2016","29.14","29.19","29.21","29.12","726.98K","-0.78%"
"10/24/2016","29.37","29.38","29.43","29.30","521.78K","-0.74%"
"10/21/2016","29.59","29.41","29.59","29.41","315.71K","-0.30%"
"10/20/2016","29.68","29.63","29.79","29.61","530.27K","-0.47%"
"10/19/2016","29.82","29.80","29.88","29.80","450.97K","0.24%"
"10/18/2016","29.75","29.68","29.80","29.64","281.92K","0.78%"
"10/17/2016","29.52","29.56","29.60","29.44","362.42K","-0.67%"
"10/14/2016","29.72","29.85","29.96","29.72","566.29K","0.30%"
"10/13/2016","29.63","29.41","29.70","29.36","712.96K","-0.50%"
"10/12/2016","29.78","29.78","29.84","29.66","767.60K","-0.40%"
"10/11/2016","29.90","30.19","30.19","29.83","629.41K","-0.93%"
"10/10/2016","30.18","30.09","30.30","30.09","830.71K","0.07%"
"10/07/2016","30.16","30.26","30.27","29.96","806.28K","-0.56%"
"10/06/2016","30.33","30.38","30.40","30.26","557.44K","-0.79%"
"10/05/2016","30.57","30.51","30.61","30.44","554.10K","0.49%"
"10/04/2016","30.42","30.41","30.57","30.33","649.40K","-0.20%"
"10/03/2016","30.48","30.54","30.55","30.41","627.32K","-0.23%"
"09/30/2016","30.55","30.32","30.58","30.29","970.58K","0.30%"
"09/29/2016","30.46","30.67","30.77","30.37","641.87K","-1.42%"
"09/28/2016","30.90","30.73","30.90","30.60","339.71K","0.75%"
"09/27/2016","30.67","30.39","30.67","30.36","370.95K","0.33%"
"09/26/2016","30.57","30.67","30.70","30.56","383.80K","-0.81%"
"09/23/2016","30.82","30.79","30.92","30.76","313.74K","-0.80%"
"09/22/2016","31.07","31.13","31.20","31.03","390.68K","1.14%"
"09/21/2016","30.72","30.50","30.74","30.41","769.04K","1.05%"
"09/20/2016","30.40","30.52","30.52","30.39","384.91K","0.76%"
"09/19/2016","30.17","30.25","30.32","30.13","508.60K","0.37%"
"09/16/2016","30.06","30.16","30.18","29.99","594.71K","-1.57%"
"09/15/2016","30.54","30.37","30.56","30.28","578.78K","0.73%"
"09/14/2016","30.32","30.30","30.46","30.26","796.40K","-0.03%"
"09/13/2016","30.33","30.57","30.62","30.24","1.04M","-1.33%"
"09/12/2016","30.74","30.33","30.75","30.32","1.01M","1.02%"
"09/09/2016","30.43","30.73","30.73","30.43","776.69K","-1.65%"
"09/08/2016","30.94","31.04","31.10","30.93","689.63K","-0.19%"
"09/07/2016","31.00","31.05","31.11","30.99","928.41K","0.10%"
"09/06/2016","30.97","30.80","30.99","30.78","563.00K","1.14%"
"09/02/2016","30.62","30.52","30.66","30.46","664.72K","1.19%"
"09/01/2016","30.26","30.14","30.27","30.06","680.23K","0.27%"
"08/31/2016","30.18","30.20","30.27","30.08","483.17K","-0.33%"
"08/30/2016","30.28","30.34","30.38","30.24","644.44K","-0.07%"
"08/29/2016","30.30","30.19","30.32","30.17","557.15K","0.33%"
"08/26/2016","30.20","30.41","30.68","30.06","964.60K","-0.63%"
"08/25/2016","30.39","30.45","30.50","30.35","365.37K","-0.56%"
"08/24/2016","30.56","30.70","30.75","30.54","670.97K","-0.75%"
"08/23/2016","30.79","30.85","30.95","30.77","705.29K","0.29%"
"08/22/2016","30.70","30.62","30.77","30.56","653.98K","0.16%"
"08/19/2016","30.65","30.66","30.68","30.52","302.51K","-1.10%"
"08/18/2016","30.99","30.78","31.00","30.77","506.78K","0.85%"
"08/17/2016","30.73","30.68","30.81","30.52","578.73K","-0.16%"
"08/16/2016","30.78","30.87","30.95","30.76","813.39K","0.03%"
"08/15/2016","30.77","30.76","30.86","30.74","256.41K","0.13%"
"08/12/2016","30.73","30.81","30.83","30.70","414.10K","0.00%"
"08/11/2016","30.73","30.69","30.89","30.68","572.51K","1.22%"
"08/10/2016","30.36","30.45","30.46","30.33","437.97K","0.56%"
"08/09/2016","30.19","30.07","30.26","30.07","527.56K","0.73%"
"08/08/2016","29.97","29.95","30.00","29.90","695.19K","-0.27%"
"08/05/2016","30.05","29.98","30.10","29.95","740.60K","0.30%"
"08/04/2016","29.96","29.83","29.99","29.82","642.04K","0.57%"
"08/03/2016","29.79","29.68","29.80","29.66","549.48K","-0.70%"
"08/02/2016","30.00","30.12","30.12","29.88","817.64K","-0.23%"
"08/01/2016","30.07","30.20","30.29","30.05","1.44M","-0.46%"
"07/29/2016","30.21","30.09","30.36","30.07","1.29M","1.58%"
"07/28/2016","29.74","29.92","29.93","29.63","793.69K","-0.50%"
"07/27/2016","29.89","29.83","29.96","29.58","953.20K","0.27%"
"07/26/2016","29.81","29.81","29.86","29.70","766.46K","0.00%"
"07/25/2016","29.81","29.94","29.94","29.75","1.42M","0.07%"
"07/22/2016","29.79","29.90","29.90","29.73","842.18K","0.27%"
"07/21/2016","29.71","29.79","29.84","29.68","538.48K","-0.34%"
"07/20/2016","29.81","29.76","29.90","29.69","801.92K","0.57%"
"07/19/2016","29.64","29.60","29.68","29.56","422.59K","-0.77%"
"07/18/2016","29.87","29.78","29.94","29.75","832.83K","0.23%"
"07/15/2016","29.80","29.82","29.85","29.73","788.09K","-0.50%"
"07/14/2016","29.95","29.94","30.01","29.91","630.30K","0.88%"
"07/13/2016","29.69","29.72","29.81","29.66","719.84K","0.37%"
"07/12/2016","29.58","29.69","29.75","29.58","625.29K","-0.07%"
"07/11/2016","29.60","29.54","29.69","29.53","593.04K","1.02%"
"07/08/2016","29.30","29.20","29.33","29.12","741.90K","0.83%"
"07/07/2016","29.06","29.13","29.27","28.97","807.25K","-0.27%"
"07/06/2016","29.14","28.83","29.16","28.72","1.60M","0.28%"
"07/05/2016","29.06","29.27","29.29","28.96","768.38K","-2.52%"
"07/01/2016","29.81","29.76","29.82","29.73","959.02K","0.54%"
"06/30/2016","29.65","29.29","29.66","29.27","1.65M","1.96%"
"06/29/2016","29.08","29.00","29.18","28.98","1.43M","1.36%"
"06/28/2016","28.69","28.57","28.69","28.36","1.44M","2.25%"
"06/27/2016","28.06","28.26","28.26","27.70","2.16M","-0.88%"
"06/24/2016","28.31","28.71","29.17","28.31","2.76M","-6.97%"
"06/23/2016","30.43","30.21","30.48","30.05","1.27M","2.22%"
"06/22/2016","29.77","29.86","30.06","29.75","1.83M","-2.74%"
"06/21/2016","30.61","30.51","30.81","30.41","1.27M","0.96%"
"06/20/2016","30.32","30.58","30.58","30.30","1.21M","1.10%"
"06/17/2016","29.99","29.87","30.02","29.71","1.22M","1.25%"
"06/16/2016","29.62","29.23","29.63","29.02","1.48M","0.27%"
"06/15/2016","29.54","29.67","29.77","29.50","871.39K","0.41%"
"06/14/2016","29.42","29.52","29.58","29.28","1.01M","-1.01%"
"06/13/2016","29.72","29.81","29.99","29.64","917.58K","-1.65%"
"06/10/2016","30.22","30.45","30.51","30.18","535.68K","-2.45%"
"06/09/2016","30.98","31.04","31.09","30.92","456.61K","-1.34%"
"06/08/2016","31.40","31.44","31.46","31.35","564.71K","0.19%"
"06/07/2016","31.34","31.39","31.44","31.34","704.49K","0.87%"
"06/06/2016","31.07","31.04","31.16","31.00","938.09K","0.45%"
"06/03/2016","30.93","30.81","30.97","30.72","853.29K","0.49%"
"06/02/2016","30.78","30.61","30.78","30.59","1.15M","0.33%"
"06/01/2016","30.68","30.62","30.73","30.60","706.88K","0.46%"
"05/31/2016","30.54","30.77","30.86","30.49","966.63K","-0.97%"
"05/27/2016","30.84","30.87","30.93","30.79","692.67K","0.16%"
"05/26/2016","30.79","30.77","30.86","30.74","646.75K","0.72%"
"05/25/2016","30.57","30.54","30.63","30.51","629.92K","0.53%"
"05/24/2016","30.41","30.21","30.47","30.21","621.79K","0.96%"
"05/23/2016","30.12","30.07","30.17","29.98","660.76K","0.20%"
"05/20/2016","30.06","30.00","30.10","29.97","865.95K","0.80%"
"05/19/2016","29.82","29.84","29.90","29.70","1.35M","-0.40%"
"05/18/2016","29.94","29.86","30.20","29.77","1.63M","0.03%"
"05/17/2016","29.93","30.07","30.23","29.89","974.76K","-0.83%"
"05/16/2016","30.18","29.93","30.18","29.87","1.02M","0.73%"
"05/13/2016","29.96","30.09","30.24","29.91","787.49K","-0.93%"
"05/12/2016","30.24","30.42","30.48","30.14","772.79K","0.13%"
"05/11/2016","30.20","30.14","30.33","30.14","791.49K","-0.17%"
"05/10/2016","30.25","30.10","30.30","30.10","478.64K","1.07%"
"05/09/2016","29.93","29.90","30.02","29.90","430.51K","0.54%"
"05/06/2016","29.77","29.60","29.77","29.56","582.15K","-0.10%"
"05/05/2016","29.80","29.93","29.98","29.69","1.10M","-0.93%"
"05/04/2016","30.08","30.24","30.26","30.01","633.57K","-1.28%"
"05/03/2016","30.47","30.71","30.71","30.45","557.51K","-1.49%"
"05/02/2016","30.93","30.80","31.01","30.78","983.06K","1.05%"
"04/29/2016","30.61","30.68","30.76","30.53","1.50M","-0.07%"
"04/28/2016","30.63","30.64","30.86","30.61","991.26K","-0.36%"
"04/27/2016","30.74","30.65","30.81","30.57","730.31K","0.42%"
"04/26/2016","30.61","30.70","30.73","30.58","356.03K","0.16%"
"04/25/2016","30.56","30.55","30.58","30.48","923.22K","-0.10%"
"04/22/2016","30.59","30.54","30.65","30.51","1.10M","-0.46%"
"04/21/2016","30.73","30.83","30.88","30.66","1.25M","-1.25%"
"04/20/2016","31.12","31.17","31.24","31.07","1.06M","-0.48%"
"04/19/2016","31.27","31.11","31.31","31.06","483.93K","1.79%"
"04/18/2016","30.72","30.45","30.77","30.45","706.14K","0.79%"
"04/15/2016","30.48","30.40","30.59","30.40","1.01M","-0.23%"
"04/14/2016","30.55","30.57","30.65","30.48","1.39M","0.49%"
"04/13/2016","30.40","30.39","30.42","30.25","503.70K","0.76%"
"04/12/2016","30.17","29.95","30.21","29.80","765.68K","0.97%"
"04/11/2016","29.88","30.09","30.18","29.87","909.63K","-0.57%"
"04/08/2016","30.05","30.00","30.13","29.92","2.24M","1.18%"
"04/07/2016","29.70","29.77","29.90","29.65","956.48K","-1.07%"
"04/06/2016","30.02","29.57","30.03","29.55","793.35K","2.18%"
"04/05/2016","29.38","29.41","29.50","29.35","554.61K","-0.84%"
"04/04/2016","29.63","29.72","29.75","29.60","811.49K","0.20%"
"04/01/2016","29.57","29.27","29.58","29.23","1.02M","-0.54%"
"03/31/2016","29.73","29.78","29.94","29.71","1.55M","-0.30%"
"03/30/2016","29.82","29.79","29.96","29.79","443.48K","0.64%"
"03/29/2016","29.63","29.11","29.63","29.09","1.08M","1.23%"
"03/28/2016","29.27","29.30","29.41","29.23","600.05K","0.38%"
"03/24/2016","29.16","29.12","29.20","29.02","746.56K","-0.98%"
"03/23/2016","29.45","29.62","29.66","29.43","639.10K","-0.27%"
"03/22/2016","29.53","29.29","29.62","29.29","665.21K","-0.27%"
"03/21/2016","29.61","29.53","29.68","29.53","330.60K","-0.17%"
"03/18/2016","29.66","29.55","29.68","29.50","807.41K","-0.44%"
"03/17/2016","29.79","29.56","29.88","29.51","972.06K","0.68%"
"03/16/2016","29.59","29.14","29.62","29.12","925.70K","0.71%"
"03/15/2016","29.38","29.42","29.44","29.32","518.11K","-0.74%"
"03/14/2016","29.60","29.64","29.72","29.56","470.77K","-0.60%"
"03/11/2016","29.78","29.53","29.80","29.52","611.48K","1.78%"
"03/10/2016","29.26","29.36","29.59","29.03","1.93M","0.31%"
"03/09/2016","29.17","29.18","29.27","29.09","658.52K","0.03%"
"03/08/2016","29.16","29.37","29.39","29.16","825.94K","-0.65%"
"03/07/2016","29.35","29.10","29.48","29.06","735.25K","0.34%"
"03/04/2016","29.25","29.30","29.40","29.20","908.27K","-0.44%"
"03/03/2016","29.38","29.19","29.38","29.18","474.92K","0.69%"
"03/02/2016","29.18","28.88","29.20","28.83","901.88K","0.52%"
"03/01/2016","29.03","28.67","29.08","28.64","594.57K","2.47%"
"02/29/2016","28.33","28.34","28.62","28.28","982.06K","-0.74%"
"02/26/2016","28.54","28.62","28.70","28.49","748.90K","-0.35%"
"02/25/2016","28.64","28.39","28.64","28.36","816.34K","1.17%"
"02/24/2016","28.31","27.87","28.43","27.84","848.69K","0.07%"
"02/23/2016","28.29","28.51","28.58","28.28","656.74K","-1.43%"
"02/22/2016","28.70","28.61","28.73","28.61","641.53K","0.35%"
"02/19/2016","28.60","28.46","28.67","28.38","607.27K","0.03%"
"02/18/2016","28.59","28.73","28.73","28.51","846.00K","-0.42%"
"02/17/2016","28.71","28.60","28.81","28.58","767.70K","0.56%"
"02/16/2016","28.55","28.34","28.55","28.14","600.77K","1.35%"
"02/12/2016","28.17","27.84","28.17","27.78","1.02M","1.55%"
"02/11/2016","27.74","27.80","27.85","27.52","1.62M","-1.46%"
"02/10/2016","28.15","28.28","28.43","28.13","1.30M","0.61%"
"02/09/2016","27.98","27.82","28.14","27.72","1.10M","-0.92%"
"02/08/2016","28.24","28.21","28.34","28.03","1.27M","-1.43%"
"02/05/2016","28.65","28.93","28.95","28.61","1.19M","-0.76%"
"02/04/2016","28.87","28.59","28.89","28.50","1.84M","-0.86%"
"02/03/2016","29.12","28.96","29.15","28.59","2.52M","1.82%"
"02/02/2016","28.60","28.79","28.79","28.52","1.42M","-1.79%"
"02/01/2016","29.12","29.00","29.16","28.94","992.93K","-0.14%"
"01/29/2016","29.16","28.79","29.16","28.79","1.95M","1.39%"
"01/28/2016","28.76","29.01","29.02","28.58","1.97M","-0.38%"
"01/27/2016","28.87","28.96","29.25","28.81","2.12M","-0.79%"
"01/26/2016","29.10","28.78","29.10","28.73","1.44M","1.46%"
"01/25/2016","28.68","28.74","28.89","28.65","2.05M","-0.76%"
"01/22/2016","28.90","28.86","29.01","28.69","1.51M","1.90%"
"01/21/2016","28.36","28.23","28.40","28.00","2.21M","-0.32%"
"01/20/2016","28.45","28.46","28.55","27.96","2.20M","-1.59%"
"01/19/2016","28.91","29.05","29.12","28.76","2.13M","1.08%"
"01/15/2016","28.60","28.70","28.99","28.50","1.89M","-3.21%"
"01/14/2016","29.55","29.27","29.62","29.09","1.55M","1.20%"
"01/13/2016","29.20","29.74","29.80","29.17","2.46M","-1.38%"
"01/12/2016","29.61","29.67","29.75","29.40","1.53M","1.30%"
"01/11/2016","29.23","29.45","29.45","29.07","2.09M","0.00%"
"01/08/2016","29.23","29.72","29.73","29.18","2.05M","-1.48%"
"01/07/2016","29.67","29.70","29.87","29.65","1.18M","-1.62%"
"01/06/2016","30.16","30.05","30.22","30.03","768.00K","-1.50%"
"01/05/2016","30.62","30.54","30.65","30.41","849.23K","-0.23%"
"01/04/2016","30.69","30.68","30.73","30.33","1.54M","-1.13%"
"12/31/2015","31.04","31.16","31.38","31.03","1.26M","-2.02%"
"12/30/2015","31.68","31.76","31.76","31.59","633.19K","-0.13%"
"12/29/2015","31.72","31.62","31.77","31.62","852.79K","0.79%"
"12/28/2015","31.47","31.46","31.51","31.36","675.36K","0.13%"
"12/24/2015","31.43","31.33","31.52","31.32","383.23K","0.22%"
"12/23/2015","31.36","31.06","31.38","31.01","1.72M","1.65%"
"12/22/2015","30.85","30.75","30.88","30.61","968.13K","0.92%"
"12/21/2015","30.57","30.79","30.80","30.47","1.24M","0.20%"
"12/18/2015","30.51","30.73","30.80","30.43","1.28M","-0.84%"
"12/17/2015","30.77","31.04","31.04","30.76","1.13M","-1.66%"
"12/16/2015","31.29","31.03","31.34","30.92","763.36K","1.99%"
"12/15/2015","30.68","30.68","30.80","30.64","1.18M","0.69%"
"12/14/2015","30.47","30.59","30.66","30.27","1.41M","-0.13%"
"12/11/2015","30.51","30.66","30.70","30.50","906.86K","-1.23%"
"12/10/2015","30.89","31.05","31.10","30.85","739.15K","-0.16%"
"12/09/2015","30.94","31.01","31.17","30.72","1.28M","-0.45%"
"12/08/2015","31.08","31.01","31.12","30.94","833.02K","-0.86%"
"12/07/2015","31.35","31.36","31.38","31.20","675.73K","-0.63%"
"12/04/2015","31.55","31.06","31.58","31.06","1.34M","0.99%"
"12/03/2015","31.24","31.34","31.34","31.09","1.16M","0.64%"
"12/02/2015","31.04","31.03","31.16","30.97","547.40K","-0.10%"
"12/01/2015","31.07","31.00","31.07","30.85","378.29K","0.58%"
"11/30/2015","30.89","30.93","31.07","30.89","589.94K","0.19%"
"11/27/2015","30.83","30.89","30.94","30.82","137.14K","-0.06%"
"11/25/2015","30.85","30.97","30.98","30.85","505.12K","0.52%"
"11/24/2015","30.69","30.52","30.77","30.52","478.89K","-0.39%"
"11/23/2015","30.81","30.88","30.96","30.73","519.23K","-1.03%"
"11/20/2015","31.13","31.40","31.42","31.10","442.69K","-0.64%"
"11/19/2015","31.33","31.34","31.41","31.23","610.73K","0.38%"
"11/18/2015","31.21","31.13","31.24","31.01","462.48K","0.71%"
"11/17/2015","30.99","31.00","31.12","30.92","420.11K","0.16%"
"11/16/2015","30.94","30.62","30.94","30.57","515.59K","1.08%"
"11/13/2015","30.61","30.73","30.77","30.59","930.15K","-1.00%"
"11/12/2015","30.92","30.95","31.23","30.90","566.75K","-0.96%"
"11/11/2015","31.22","31.37","31.40","31.20","1.39M","0.32%"
"11/10/2015","31.12","31.00","31.12","30.95","415.53K","-0.58%"
"11/09/2015","31.30","31.33","31.37","31.19","973.18K","-1.11%"
"11/06/2015","31.65","31.59","31.65","31.47","524.42K","-0.75%"
"11/05/2015","31.89","31.97","31.97","31.75","745.12K","0.16%"
"11/04/2015","31.84","32.07","32.09","31.78","422.08K","-0.53%"
"11/03/2015","32.01","31.83","32.03","31.75","462.69K","-0.34%"
"11/02/2015","32.12","32.00","32.13","31.97","416.45K","1.10%"
"10/30/2015","31.77","31.79","32.01","31.77","494.49K","-0.41%"
"10/29/2015","31.90","31.69","31.91","31.69","317.27K","0.19%"
"10/28/2015","31.84","31.89","32.07","31.56","599.51K","0.66%"
"10/27/2015","31.63","31.70","31.80","31.57","513.74K","-0.85%"
"10/26/2015","31.90","32.05","32.09","31.90","592.59K","-0.90%"
"10/23/2015","32.19","32.15","32.21","32.07","479.17K","0.88%"
"10/22/2015","31.91","31.63","32.02","31.60","618.51K","1.11%"
"10/21/2015","31.56","31.81","31.85","31.56","407.80K","-0.94%"
"10/20/2015","31.86","31.94","31.99","31.82","326.69K","-0.31%"
"10/19/2015","31.96","32.05","32.05","31.87","354.84K","-0.56%"
"10/16/2015","32.14","32.11","32.17","32.02","583.54K","-0.25%"
"10/15/2015","32.22","31.72","32.22","31.70","474.82K","1.42%"
"10/14/2015","31.77","31.71","31.83","31.63","1.08M","0.38%"
"10/13/2015","31.65","31.66","31.80","31.61","1.19M","-0.66%"
"10/12/2015","31.86","31.80","31.90","31.77","1.05M","-0.09%"
"10/09/2015","31.89","31.92","32.00","31.77","813.65K","0.22%"
"10/08/2015","31.82","31.36","31.86","31.35","999.97K","1.08%"
"10/07/2015","31.48","31.53","31.66","31.23","1.07M","-0.69%"
"10/06/2015","31.70","31.58","31.79","31.58","1.06M","0.57%"
"10/05/2015","31.52","31.21","31.52","31.21","868.64K","1.71%"
"10/02/2015","30.99","30.57","30.99","30.49","884.83K","1.31%"
"10/01/2015","30.59","30.69","30.73","30.36","1.45M","0.00%"
"09/30/2015","30.59","30.50","30.61","30.34","1.06M","2.21%"
"09/29/2015","29.93","29.91","30.08","29.83","669.94K","0.27%"
"09/28/2015","29.85","30.39","30.39","29.80","514.51K","-0.80%"
"09/25/2015","30.09","30.43","30.55","30.01","1.27M","0.27%"
"09/24/2015","30.01","30.08","30.11","29.85","1.20M","-0.63%"
"09/23/2015","30.20","30.60","30.61","30.15","671.52K","-1.53%"
"09/22/2015","30.67","30.76","30.80","30.43","1.05M","-2.70%"
"09/21/2015","31.52","31.74","31.75","31.42","563.17K","-0.32%"
"09/18/2015","31.62","31.82","32.02","31.60","766.44K","-1.62%"
"09/17/2015","32.14","31.91","32.38","31.83","971.83K","0.25%"
"09/16/2015","32.06","31.94","32.07","31.89","686.51K","1.10%"
"09/15/2015","31.71","31.51","31.74","31.48","660.98K","0.83%"
"09/14/2015","31.45","31.47","31.47","31.30","486.11K","-1.01%"
"09/11/2015","31.77","31.43","31.77","31.43","474.75K","0.35%"
"09/10/2015","31.66","31.49","31.81","31.45","884.54K","0.48%"
"09/09/2015","31.51","31.92","31.96","31.47","1.02M","-0.06%"
"09/08/2015","31.53","31.44","31.53","31.29","1.35M","1.61%"
"09/04/2015","31.03","30.98","31.13","30.86","683.04K","-1.27%"
"09/03/2015","31.43","31.50","31.64","31.34","818.99K","0.48%"
"09/02/2015","31.28","31.36","31.38","31.00","1.21M","0.64%"
"09/01/2015","31.08","31.26","31.35","31.04","1.03M","-2.33%"
"08/31/2015","31.82","31.85","32.01","31.70","1.03M","-0.16%"
"08/28/2015","31.87","31.77","32.05","31.75","1.74M","-0.81%"
"08/27/2015","32.13","32.00","32.20","31.86","1.21M","0.31%"
"08/26/2015","32.03","32.15","32.16","31.44","1.61M","0.91%"
"08/25/2015","31.74","32.70","32.70","31.65","2.31M","0.83%"
"08/24/2015","31.48","31.29","32.23","30.81","2.74M","-1.66%"
"08/21/2015","32.01","32.65","32.70","31.96","1.37M","-2.47%"
"08/20/2015","32.82","33.16","33.16","32.82","697.58K","-1.88%"
"08/19/2015","33.45","33.30","33.56","33.23","522.89K","0.03%"
"08/18/2015","33.44","33.50","33.56","33.41","367.36K","-0.45%"
"08/17/2015","33.59","33.38","33.60","33.34","266.49K","0.18%"
"08/14/2015","33.53","33.42","33.53","33.32","409.27K","0.48%"
"08/13/2015","33.37","33.47","33.49","33.31","284.07K","0.15%"
"08/12/2015","33.32","33.13","33.32","32.97","778.47K","-0.15%"
"08/11/2015","33.37","33.58","33.60","33.29","619.18K","-1.42%"
"08/10/2015","33.85","33.53","33.87","33.53","492.35K","1.04%"
"08/07/2015","33.50","33.44","33.59","33.38","515.70K","-0.62%"
"08/06/2015","33.71","33.82","33.84","33.63","500.60K","-0.77%"
"08/05/2015","33.97","33.88","34.00","33.88","657.23K","0.00%"
"08/04/2015","33.97","34.11","34.11","33.87","639.89K","-0.29%"
"08/03/2015","34.07","34.21","34.21","33.93","754.40K","-0.09%"
"07/31/2015","34.10","34.35","34.35","34.00","539.83K","0.53%"
"07/30/2015","33.92","33.80","33.93","33.65","438.37K","0.06%"
"07/29/2015","33.90","33.82","34.10","33.82","558.32K","0.33%"
"07/28/2015","33.79","33.50","33.79","33.40","472.04K","1.59%"
"07/27/2015","33.26","33.62","33.63","33.24","696.18K","-1.33%"
"07/24/2015","33.71","33.97","34.02","33.64","265.21K","-0.97%"
"07/23/2015","34.04","34.20","34.25","34.00","504.69K","0.77%"
"07/22/2015","33.78","33.75","33.83","33.67","381.47K","-1.14%"
"07/21/2015","34.17","34.24","34.26","34.07","200.44K","-0.52%"
"07/20/2015","34.35","34.36","34.36","34.17","264.52K","0.20%"
"07/17/2015","34.28","34.29","34.32","34.23","243.30K","-0.46%"
"07/16/2015","34.44","34.37","34.48","34.34","591.06K","1.18%"
"07/15/2015","34.04","34.19","34.20","33.92","555.53K","-1.05%"
"07/14/2015","34.40","34.32","34.42","34.22","833.82K","1.18%"
"07/13/2015","34.00","33.94","34.02","33.89","489.31K","0.00%"
"07/10/2015","34.00","34.06","34.06","33.80","1.27M","3.34%"
"07/09/2015","32.90","32.99","33.15","32.86","943.56K","1.32%"
"07/08/2015","32.47","32.54","32.61","32.39","722.78K","-1.04%"
"07/07/2015","32.81","32.66","32.92","32.21","562.93K","0.37%"
"07/06/2015","32.69","32.58","32.95","32.58","715.09K","-1.42%"
"07/02/2015","33.16","33.27","33.30","33.05","609.19K","0.76%"
"07/01/2015","32.91","33.10","33.22","32.77","1.07M","0.49%"
"06/30/2015","32.75","33.41","33.41","32.61","1.48M","-1.27%"
"06/29/2015","33.17","33.47","33.60","33.09","723.01K","-1.95%"
"06/26/2015","33.83","33.77","33.86","33.63","423.75K","0.83%"
"06/25/2015","33.55","33.82","33.90","33.55","616.76K","-3.06%"
"06/24/2015","34.61","34.75","34.88","34.57","838.66K","-1.42%"
"06/23/2015","35.11","34.99","35.12","34.94","262.83K","0.20%"
"06/22/2015","35.04","35.06","35.27","34.99","648.58K","1.18%"
"06/19/2015","34.63","34.68","34.73","34.52","431.09K","0.00%"
"06/18/2015","34.63","34.50","34.84","34.50","986.35K","0.55%"
"06/17/2015","34.44","34.51","34.57","34.24","752.18K","-0.17%"
"06/16/2015","34.50","34.59","34.65","34.45","391.08K","-0.03%"
"06/15/2015","34.51","34.21","34.53","34.19","964.41K","-1.06%"
"06/12/2015","34.88","35.02","35.08","34.85","375.27K","-0.82%"
"06/11/2015","35.17","35.17","35.17","34.93","585.51K","0.06%"
"06/10/2015","35.15","35.12","35.31","35.03","544.00K","1.56%"
"06/09/2015","34.61","34.72","34.77","34.56","428.46K","-0.77%"
"06/08/2015","34.88","34.76","34.95","34.72","762.99K","0.37%"
"06/05/2015","34.75","34.56","34.77","34.44","1.28M","-1.61%"
"06/04/2015","35.32","35.48","35.65","35.14","1.30M","-0.34%"
"06/03/2015","35.44","35.41","35.61","35.38","518.97K","0.28%"
"06/02/2015","35.34","35.29","35.48","35.21","475.87K","0.43%"
"06/01/2015","35.19","35.41","35.41","35.01","671.86K","-0.59%"
"05/29/2015","35.40","35.49","35.72","35.04","955.00K","-0.70%"
"05/28/2015","35.65","35.46","35.68","35.40","201.77K","0.56%"
"05/27/2015","35.45","35.18","35.50","35.12","511.07K","1.52%"
"05/26/2015","34.92","35.29","35.29","34.88","299.75K","-1.80%"
"05/22/2015","35.56","35.63","35.71","35.56","210.11K","-0.97%"
"05/21/2015","35.91","35.87","35.96","35.80","445.18K","0.50%"
"05/20/2015","35.73","35.63","35.82","35.55","257.90K","0.48%"
"05/19/2015","35.56","35.66","35.70","35.52","298.80K","-0.64%"
"05/18/2015","35.79","35.86","35.86","35.70","467.68K","-0.36%"
"05/15/2015","35.92","35.59","35.95","35.53","444.15K","-0.58%"
"05/14/2015","36.13","35.97","36.18","35.91","1.03M","1.86%"
"05/13/2015","35.47","35.33","35.52","35.31","618.89K","1.05%"
"05/12/2015","35.10","35.10","35.20","35.03","884.63K","0.06%"
"05/11/2015","35.08","34.99","35.22","34.98","1.96M","-0.14%"
"05/08/2015","35.13","35.22","35.35","35.06","281.82K","1.44%"
"05/07/2015","34.63","34.74","34.76","34.47","539.66K","-0.37%"
"05/06/2015","34.76","34.95","35.06","34.66","357.79K","-0.37%"
"05/05/2015","34.89","35.28","35.30","34.82","792.32K","-0.26%"
"05/04/2015","34.98","34.97","34.99","34.82","442.33K","-0.17%"
"05/01/2015","35.04","34.83","35.06","34.72","1.03M","1.45%"
"04/30/2015","34.54","34.45","34.63","34.38","465.12K","-0.17%"
"04/29/2015","34.60","34.63","34.94","34.52","471.56K","-0.12%"
"04/28/2015","34.64","34.38","34.71","34.38","263.90K","-0.26%"
"04/27/2015","34.73","34.80","35.06","34.70","395.26K","-0.23%"
"04/24/2015","34.81","34.81","34.86","34.61","273.34K","-0.34%"
"04/23/2015","34.93","34.56","34.98","34.49","382.76K","1.16%"
"04/22/2015","34.53","34.53","34.54","34.39","926.89K","-0.83%"
"04/21/2015","34.82","34.78","34.88","34.66","783.86K","0.99%"
"04/20/2015","34.48","34.54","34.66","34.44","706.90K","-0.38%"
"04/17/2015","34.61","34.57","34.64","34.44","1.25M","-1.03%"
"04/16/2015","34.97","34.71","35.03","34.67","525.11K","0.60%"
"04/15/2015","34.76","34.54","34.78","34.47","835.88K","0.87%"
"04/14/2015","34.46","34.39","34.48","34.34","306.96K","0.73%"
"04/13/2015","34.21","34.20","34.32","34.13","372.16K","-0.58%"
"04/10/2015","34.41","34.33","34.43","34.26","385.77K","0.47%"
"04/09/2015","34.25","34.34","34.35","34.14","851.35K","0.47%"
"04/08/2015","34.09","34.28","34.32","33.96","493.07K","0.24%"
"04/07/2015","34.01","34.16","34.30","33.99","799.32K","-0.03%"
"04/06/2015","34.02","33.96","34.21","33.87","547.16K","0.62%"
"04/02/2015","33.81","33.83","33.88","33.75","424.90K","0.63%"
"04/01/2015","33.60","33.55","33.62","33.36","1.18M","1.17%"
"03/31/2015","33.21","33.28","33.49","33.16","351.99K","-1.37%"
"03/30/2015","33.67","33.63","33.81","33.63","386.73K","0.03%"
"03/27/2015","33.66","33.56","33.72","33.53","437.34K","0.54%"
"03/26/2015","33.48","33.75","33.76","33.39","701.19K","-1.44%"
"03/25/2015","33.97","34.32","34.35","33.96","734.40K","-1.02%"
"03/24/2015","34.32","34.54","34.55","34.32","461.12K","-0.20%"
"03/23/2015","34.39","34.30","34.45","34.23","453.42K","1.15%"
"03/20/2015","34.00","33.91","34.15","33.83","341.08K","2.13%"
"03/19/2015","33.29","33.16","33.33","33.16","658.89K","-0.72%"
"03/18/2015","33.53","32.81","33.59","32.76","767.88K","3.07%"
"03/17/2015","32.53","32.53","32.59","32.44","395.82K","-0.06%"
"03/16/2015","32.55","32.53","32.70","32.48","1.09M","0.25%"
"03/13/2015","32.47","32.20","32.48","32.13","344.34K","0.31%"
"03/12/2015","32.37","32.33","32.40","32.19","323.31K","1.06%"
"03/11/2015","32.03","32.05","32.17","31.95","369.07K","-0.25%"
"03/10/2015","32.11","32.25","32.31","32.05","344.13K","-1.68%"
"03/09/2015","32.66","32.62","32.67","32.51","320.02K","-0.09%"
"03/06/2015","32.69","32.83","32.96","32.63","473.96K","-0.82%"
"03/05/2015","32.96","33.10","33.18","32.89","458.01K","-0.30%"
"03/04/2015","33.06","32.94","33.09","32.68","489.16K","0.03%"
"03/03/2015","33.05","33.28","33.30","32.98","2.13M","-0.78%"
"03/02/2015","33.31","33.26","33.40","33.17","699.82K","-0.03%"
"02/27/2015","33.32","33.44","33.51","33.30","456.01K","-0.27%"
"02/26/2015","33.41","33.33","33.44","33.28","259.03K","-0.06%"
"02/25/2015","33.43","33.31","33.43","33.23","326.82K","0.24%"
"02/24/2015","33.35","33.17","33.38","33.11","1.05M","0.21%"
"02/23/2015","33.28","33.33","33.37","33.15","513.56K","-0.45%"
"02/20/2015","33.43","32.99","33.52","32.90","905.22K","1.33%"
"02/19/2015","32.99","33.01","33.15","32.95","282.11K","0.09%"
"02/18/2015","32.96","32.99","33.03","32.80","308.67K","-0.18%"
"02/17/2015","33.02","32.97","33.09","32.85","494.06K","0.61%"
"02/13/2015","32.82","32.76","32.84","32.71","504.14K","0.06%"
"02/12/2015","32.80","32.40","32.81","32.40","406.44K","0.74%"
"02/11/2015","32.56","32.48","32.59","32.36","501.24K","-0.67%"
"02/10/2015","32.78","32.67","32.81","32.56","731.25K","0.21%"
"02/09/2015","32.71","32.60","32.81","32.60","626.14K","0.58%"
"02/06/2015","32.52","32.52","32.67","32.40","702.26K","-0.18%"
"02/05/2015","32.58","32.47","32.62","32.37","395.43K","0.40%"
"02/04/2015","32.45","32.55","32.69","32.42","623.91K","0.50%"
"02/03/2015","32.29","32.10","32.39","32.04","670.12K","0.87%"
"02/02/2015","32.01","31.81","32.07","31.70","414.04K","0.82%"
"01/30/2015","31.75","31.88","32.03","31.72","878.59K","-0.94%"
"01/29/2015","32.05","31.93","32.09","31.79","690.98K","0.91%"
"01/28/2015","31.76","32.26","32.34","31.72","887.74K","-2.46%"
"01/27/2015","32.56","32.45","32.66","32.38","582.70K","0.71%"
"01/26/2015","32.33","32.39","32.44","32.23","546.06K","-0.09%"
"01/23/2015","32.36","32.62","32.68","32.35","1.41M","0.06%"
"01/22/2015","32.34","32.11","32.38","32.03","1.65M","-0.89%"
"01/21/2015","32.63","32.65","32.84","32.35","663.75K","0.06%"
"01/20/2015","32.61","32.99","33.00","32.48","725.70K","0.00%"
"01/16/2015","32.61","32.41","32.77","32.13","1.80M","-0.97%"
"01/15/2015","32.93","33.06","33.13","32.15","1.78M","3.78%"
"01/14/2015","31.73","31.69","31.77","31.54","738.78K","0.25%"
"01/13/2015","31.65","31.81","31.93","31.49","352.41K","0.48%"
"01/12/2015","31.50","31.65","31.69","31.47","293.90K","-0.28%"
"01/09/2015","31.59","31.56","31.65","31.40","570.70K","0.54%"
"01/08/2015","31.42","31.24","31.51","31.21","428.50K","1.42%"
"01/07/2015","30.98","30.85","31.03","30.71","813.90K","0.65%"
"01/06/2015","30.78","31.17","31.21","30.76","1.11M","-1.06%"
"01/05/2015","31.11","31.40","31.40","31.04","953.10K","-1.33%"
"01/02/2015","31.53","31.72","31.82","31.46","1.19M","-0.50%"