"Date","Price","Open","High","Low","Vol.","Change %"
"08/17/2026","62.40","62.79","62.85","62.38","104.50K","-0.72%"
"08/14/2026","62.85","62.87","63.05","62.67","126.32K","0.29%"
"08/13/2026","62.67","63.05","63.05","62.59","103.77K","-0.21%"
"08/12/2026","62.80","63.05","63.08","62.60","381.47K","0.27%"
"08/11/2026","62.63","62.85","63.08","62.59","88.22K","0.35%"
"08/10/2026","62.41","62.61","62.74","62.40","822.32K","-0.40%"
"08/07/2026","62.66","62.81","62.86","62.49","149.15K","0.58%"
"08/06/2026","62.30","62.92","63.02","62.28","136.42K","0.19%"
"08/05/2026","62.18","62.56","62.56","61.94","207.13K","0.29%"
"08/04/2026","62.00","62.00","62.26","61.80","740.20K","0.06%"
"08/03/2026","61.96","61.62","61.98","61.15","914.10K","0.78%"
"07/31/2026","61.48","61.36","61.63","60.81","291.73K","0.07%"
"07/30/2026","61.44","60.82","61.58","60.49","218.62K","3.43%"
"07/29/2026","59.40","59.81","60.12","59.17","105.92K","-1.77%"
"07/28/2026","60.47","60.28","60.64","60.17","200.03K","-0.36%"
"07/27/2026","60.69","60.72","60.87","60.36","373.02K","1.64%"
"07/24/2026","59.71","59.49","60.07","59.45","569.68K","1.17%"
"07/23/2026","59.02","59.01","59.21","58.74","209.15K","-1.85%"
"07/22/2026","60.13","60.22","60.40","60.05","162.74K","1.13%"
"07/21/2026","59.46","59.13","59.55","59.04","410.39K","1.35%"
"07/20/2026","58.67","59.01","59.08","58.59","94.93K","-0.83%"
"07/17/2026","59.16","58.97","59.25","58.85","658.18K","-0.20%"
"07/16/2026","59.28","59.10","59.46","59.00","143.43K","-0.54%"
"07/15/2026","59.60","59.25","59.60","59.06","123.92K","0.59%"
"07/14/2026","59.25","59.28","59.76","59.23","697.59K","0.53%"
"07/13/2026","58.94","59.47","59.58","58.85","263.13K","-0.86%"
"07/10/2026","59.45","59.22","59.69","59.03","108.75K","0.47%"
"07/09/2026","59.17","58.97","59.41","58.97","664.62K","0.63%"
"07/08/2026","58.80","58.70","59.00","58.12","342.18K","-1.71%"
"07/07/2026","59.82","60.33","60.49","59.66","162.46K","-0.76%"
"07/06/2026","60.28","59.98","60.33","59.92","236.64K","1.04%"
"07/02/2026","59.66","60.04","60.44","59.44","2.32M","1.17%"
"07/01/2026","58.97","58.62","59.04","58.62","477.42K","-0.71%"
"06/30/2026","59.39","59.12","59.40","58.88","185.51K","0.27%"
"06/29/2026","59.23","59.03","59.26","58.81","349.30K","0.94%"
"06/26/2026","58.68","58.83","59.02","58.57","79.42K","-0.20%"
"06/25/2026","58.80","58.62","59.06","58.60","107.46K","0.75%"
"06/24/2026","58.36","58.36","58.56","58.13","126.20K","-1.14%"
"06/23/2026","59.03","58.89","59.23","58.85","144.71K","-0.72%"
"06/22/2026","59.46","59.25","59.65","59.25","119.42K","0.76%"
"06/18/2026","59.01","59.12","59.23","58.91","252.42K","0.27%"
"06/17/2026","58.85","59.52","59.88","58.69","412.51K","-0.02%"
"06/16/2026","58.86","58.71","59.10","58.58","234.30K","0.96%"
"06/15/2026","58.30","58.81","58.81","58.25","173.02K","-0.68%"
"06/12/2026","58.70","58.31","58.79","58.02","191.68K","0.63%"
"06/11/2026","58.33","56.70","58.37","56.69","211.73K","3.70%"
"06/10/2026","56.25","56.74","56.99","56.22","140.10K","-1.02%"
"06/09/2026","56.83","57.43","57.67","56.16","168.52K","0.30%"
"06/08/2026","56.66","57.25","57.27","56.60","196.86K","-0.23%"
"06/05/2026","56.79","57.65","57.76","56.55","381.73K","-1.23%"
"06/04/2026","57.50","57.47","57.64","57.23","305.90K","1.11%"
"06/03/2026","56.87","57.25","57.42","56.87","263.86K","-1.06%"
"06/02/2026","57.48","57.44","57.65","57.26","1.02M","0.02%"
"06/01/2026","57.47","56.86","57.58","56.81","561.82K","-0.76%"
"05/29/2026","57.91","57.87","58.38","57.73","329.00K","0.24%"
"05/28/2026","57.77","57.35","57.97","57.35","741.64K","-0.05%"
"05/27/2026","57.80","57.95","58.19","57.62","130.39K","0.02%"
"05/26/2026","57.79","57.94","58.19","57.58","130.87K","2.27%"
"05/22/2026","56.51","57.04","57.11","56.50","82.47K","-1.53%"
"05/21/2026","57.39","56.75","57.50","56.57","157.79K","0.44%"
"05/20/2026","57.14","55.94","57.28","55.94","157.84K","2.38%"
"05/19/2026","55.81","56.10","56.26","55.72","529.73K","-1.17%"
"05/18/2026","56.47","56.09","56.58","56.04","206.35K","1.51%"
"05/15/2026","55.63","55.87","55.87","55.38","214.72K","-1.14%"
"05/14/2026","56.27","56.60","56.67","56.27","142.72K","-0.28%"
"05/13/2026","56.43","55.98","56.47","55.92","1.98M","0.00%"
"05/12/2026","56.43","56.29","56.52","56.03","126.29K","-0.97%"
"05/11/2026","56.98","57.13","57.24","56.92","350.81K","-0.44%"
"05/08/2026","57.23","57.32","57.47","56.94","227.77K","0.77%"
"05/07/2026","56.79","57.51","57.83","56.76","142.35K","-1.51%"
"05/06/2026","57.66","57.59","57.73","57.31","151.16K","2.56%"
"05/05/2026","56.22","55.84","56.27","55.61","684.46K","2.46%"
"05/04/2026","54.87","55.68","55.85","54.64","1.41M","-3.07%"
"05/01/2026","56.61","56.91","57.13","56.57","286.36K","-0.11%"
"04/30/2026","56.67","55.74","56.76","55.74","345.02K","2.09%"
"04/29/2026","55.51","56.00","56.00","55.27","105.29K","-1.03%"
"04/28/2026","56.09","56.30","56.31","56.02","96.81K","0.27%"
"04/27/2026","55.94","56.11","56.29","55.82","242.25K","-0.05%"
"04/24/2026","55.97","55.82","56.07","55.67","646.90K","0.25%"
"04/23/2026","55.83","56.29","56.53","55.27","224.46K","-1.67%"
"04/22/2026","56.78","57.15","57.33","56.52","646.15K","0.02%"
"04/21/2026","56.77","57.88","57.96","56.67","164.11K","-2.19%"
"04/20/2026","58.04","58.06","58.16","57.59","171.59K","-0.60%"
"04/17/2026","58.39","58.68","58.99","58.34","348.75K","1.78%"
"04/16/2026","57.37","57.81","58.01","57.12","129.34K","-0.74%"
"04/15/2026","57.80","57.88","58.11","57.61","157.97K","-0.55%"
"04/14/2026","58.12","58.00","58.25","57.80","1.71M","0.87%"
"04/13/2026","57.62","56.56","57.64","56.54","170.46K","0.31%"
"04/10/2026","57.44","57.69","57.83","57.29","692.96K","0.02%"
"04/09/2026","57.43","56.93","57.68","56.76","266.09K","0.12%"
"04/08/2026","57.36","57.52","57.74","56.90","294.84K","3.76%"
"04/07/2026","55.28","54.92","55.32","54.45","803.92K","-0.02%"
"04/06/2026","55.29","54.95","55.51","54.86","932.76K","0.78%"
"04/02/2026","54.86","53.70","54.93","53.70","547.35K","-0.15%"
"04/01/2026","54.94","54.90","55.24","54.63","636.33K","1.16%"
"03/31/2026","54.31","53.33","54.36","52.99","1.05M","4.00%"
"03/30/2026","52.22","52.36","52.71","52.07","850.09K","0.50%"
"03/27/2026","51.96","52.15","52.66","51.80","294.58K","-0.95%"
"03/26/2026","52.46","52.78","53.11","52.38","501.19K","-2.00%"
"03/25/2026","53.53","53.59","53.83","53.26","457.54K","1.42%"
"03/24/2026","52.78","52.16","53.05","52.13","334.16K","-0.58%"
"03/23/2026","53.09","52.84","53.81","52.65","715.50K","2.83%"
"03/20/2026","51.63","53.09","53.19","51.43","922.30K","-3.10%"
"03/19/2026","53.28","52.20","53.78","52.10","1.14M","0.04%"
"03/18/2026","53.26","53.65","53.94","53.14","552.20K","-0.99%"
"03/17/2026","53.79","53.88","54.17","53.59","790.18K","0.81%"
"03/16/2026","53.36","53.07","53.51","53.00","970.99K","1.73%"
"03/13/2026","52.45","53.15","53.54","52.43","586.87K","-1.00%"
"03/12/2026","52.98","53.14","53.39","52.66","1.28M","-2.02%"
"03/11/2026","54.07","53.90","54.24","53.65","328.07K","0.13%"
"03/10/2026","54.00","54.29","54.92","53.93","410.19K","0.30%"
"03/09/2026","53.84","52.05","54.05","52.02","800.34K","1.20%"
"03/06/2026","53.20","52.43","53.42","52.09","647.82K","-0.65%"
"03/05/2026","53.55","54.10","54.22","53.04","974.41K","-2.03%"
"03/04/2026","54.66","54.22","54.66","54.04","1.09M","3.02%"
"03/03/2026","53.06","52.94","53.35","52.22","2.27M","-5.30%"
"03/02/2026","56.03","55.70","56.33","55.64","692.19K","-2.11%"
"02/27/2026","57.24","57.97","58.10","57.20","287.97K","-1.51%"
"02/26/2026","58.12","57.98","58.18","57.67","357.12K","-0.24%"
"02/25/2026","58.26","57.57","58.32","57.50","200.10K","1.94%"
"02/24/2026","57.15","56.98","57.24","56.89","326.00K","-0.23%"
"02/23/2026","57.28","57.69","57.88","56.98","501.76K","0.46%"
"02/20/2026","57.02","56.48","57.06","56.43","262.01K","1.55%"
"02/19/2026","56.15","55.95","56.19","55.74","579.69K","-1.20%"
"02/18/2026","56.83","56.89","57.13","56.66","354.26K","0.58%"
"02/17/2026","56.50","56.15","56.55","56.07","275.95K","1.60%"
"02/13/2026","55.61","55.89","55.89","55.29","1.36M","-0.98%"
"02/12/2026","56.16","56.80","56.89","55.96","447.73K","-1.25%"
"02/11/2026","56.87","57.10","57.19","56.45","371.64K","-0.42%"
"02/10/2026","57.11","57.58","57.60","57.03","316.46K","-0.70%"
"02/09/2026","57.51","56.86","57.63","56.75","681.85K","1.86%"
"02/06/2026","56.46","56.07","56.49","55.99","1.05M","2.26%"
"02/05/2026","55.21","55.66","55.98","55.17","607.08K","-2.59%"
"02/04/2026","56.68","57.24","57.26","56.27","932.88K","0.76%"
"02/03/2026","56.25","56.64","57.04","55.74","1.88M","-1.07%"
"02/02/2026","56.86","56.60","56.94","56.56","645.02K","1.01%"
"01/30/2026","56.29","56.69","56.86","56.11","486.69K","-0.12%"
"01/29/2026","56.36","56.60","56.68","55.65","540.29K","0.86%"
"01/28/2026","55.88","56.04","56.16","55.60","1.16M","-1.96%"
"01/27/2026","57.00","56.56","57.17","56.46","343.85K","1.79%"
"01/26/2026","56.00","55.71","56.02","55.66","1.53M","1.58%"
"01/23/2026","55.13","54.61","55.15","54.42","551.26K","0.38%"
"01/22/2026","54.92","54.77","55.08","54.49","642.43K","0.64%"
"01/21/2026","54.57","53.98","54.70","53.76","782.74K","1.37%"
"01/20/2026","53.83","54.36","54.36","53.71","394.03K","-1.50%"
"01/16/2026","54.65","54.45","54.66","54.34","710.99K","0.70%"
"01/15/2026","54.27","54.49","54.67","54.24","1.39M","-1.36%"
"01/14/2026","55.02","55.10","55.14","54.84","891.77K","0.38%"
"01/13/2026","54.81","54.89","54.92","54.64","365.29K","-0.27%"
"01/12/2026","54.96","54.77","54.97","54.72","473.42K","0.84%"
"01/09/2026","54.50","54.45","54.58","54.24","1.11M","-0.55%"
"01/08/2026","54.80","54.55","54.83","54.55","345.65K","0.61%"
"01/07/2026","54.47","54.64","54.66","54.44","402.48K","-0.15%"
"01/06/2026","54.55","55.22","55.25","54.52","884.52K","-0.82%"
"01/05/2026","55.00","54.59","55.01","54.44","706.94K","0.55%"
"01/02/2026","54.70","54.47","54.75","53.85","1.03M","1.47%"
"12/31/2025","53.91","54.10","54.10","53.85","1.11M","-0.37%"
"12/30/2025","54.11","54.12","54.35","54.08","238.14K","0.58%"
"12/29/2025","53.80","53.89","53.92","53.67","394.59K","-0.17%"
"12/26/2025","53.89","54.03","54.03","53.76","329.48K","-0.06%"
"12/25/2025","53.92","53.94","53.92","53.92","469.20K","0.00%"
"12/24/2025","53.92","53.94","53.96","53.84","469.20K","0.22%"
"12/23/2025","53.80","53.64","53.87","53.62","269.10K","0.32%"
"12/22/2025","53.63","53.52","53.72","53.47","326.99K","0.34%"
"12/19/2025","53.45","53.66","53.66","53.44","281.72K","0.45%"
"12/18/2025","53.21","53.24","53.43","53.01","1.26M","0.78%"
"12/17/2025","52.80","52.86","53.09","52.78","1.28M","-0.15%"
"12/16/2025","52.88","53.28","53.31","52.74","796.02K","-2.09%"
"12/15/2025","54.01","53.95","54.11","53.88","494.90K","1.22%"
"12/12/2025","53.36","53.73","53.80","53.10","816.85K","-0.22%"
"12/11/2025","53.48","53.40","53.58","53.36","347.49K","0.79%"
"12/10/2025","53.06","52.54","53.15","52.48","380.55K","1.34%"
"12/09/2025","52.36","52.48","52.64","52.25","969.72K","0.10%"
"12/08/2025","52.31","52.49","52.56","52.21","2.96M","0.04%"
"12/05/2025","52.29","52.63","52.72","52.23","611.88K","-0.38%"
"12/04/2025","52.49","52.41","52.66","52.37","388.96K","0.15%"
"12/03/2025","52.41","52.68","52.77","52.10","1.29M","0.75%"
"12/02/2025","52.02","52.03","52.08","51.80","384.91K","0.87%"
"12/01/2025","51.57","51.61","51.79","51.54","511.97K","-0.17%"
"11/28/2025","51.66","51.40","51.69","51.38","694.80K","0.14%"
"11/26/2025","51.59","51.09","51.63","51.09","531.22K","1.48%"
"11/25/2025","50.84","50.60","50.89","50.48","239.02K","1.80%"
"11/24/2025","49.94","49.91","50.21","49.78","283.99K","0.42%"
"11/21/2025","49.73","49.52","49.86","49.34","549.24K","0.73%"
"11/20/2025","49.37","50.44","50.54","49.33","975.56K","-1.08%"
"11/19/2025","49.91","50.07","50.25","49.77","613.82K","-0.16%"
"11/18/2025","49.99","49.99","50.15","49.77","1.49M","-1.56%"
"11/17/2025","50.78","51.14","51.25","50.61","504.94K","-1.68%"
"11/14/2025","51.65","51.44","51.74","51.38","375.57K","-1.07%"
"11/13/2025","52.21","52.67","52.78","52.17","938.76K","-0.59%"
"11/12/2025","52.52","52.34","52.57","52.34","1.87M","1.19%"
"11/11/2025","51.90","51.57","51.90","51.57","357.01K","1.25%"
"11/10/2025","51.26","50.88","51.29","50.81","977.79K","1.46%"
"11/07/2025","50.52","50.13","50.53","50.03","543.57K","-0.26%"
"11/06/2025","50.65","50.48","50.78","50.48","595.01K","0.50%"
"11/05/2025","50.40","49.86","50.46","49.86","177.69K","1.35%"
"11/04/2025","49.73","49.68","50.03","49.54","1.24M","-0.80%"
"11/03/2025","50.13","50.18","50.23","50.06","675.43K","-0.08%"
"10/31/2025","50.17","50.18","50.19","49.94","238.48K","-0.22%"
"10/30/2025","50.28","49.99","50.40","49.96","293.85K","-0.73%"
"10/29/2025","50.65","50.77","51.03","50.41","237.97K","0.10%"
"10/28/2025","50.60","50.33","50.75","50.33","438.20K","0.74%"
"10/27/2025","50.23","50.02","50.28","50.00","691.01K","1.07%"
"10/24/2025","49.70","49.48","49.79","49.43","489.63K","0.26%"
"10/23/2025","49.57","49.58","49.67","49.44","266.45K","0.47%"
"10/22/2025","49.34","49.47","49.61","49.18","542.64K","0.26%"
"10/21/2025","49.21","49.64","49.64","49.16","223.22K","-1.42%"
"10/20/2025","49.92","49.84","49.94","49.73","936.47K","0.91%"
"10/17/2025","49.47","49.40","49.47","49.08","320.26K","0.08%"
"10/16/2025","49.43","48.77","49.84","48.66","1.27M","0.98%"
"10/15/2025","48.95","49.12","49.18","48.63","452.28K","-0.35%"
"10/14/2025","49.12","48.65","49.22","48.59","2.61M","0.80%"
"10/13/2025","48.73","48.50","48.77","48.45","458.51K","0.83%"
"10/10/2025","48.33","49.00","49.09","48.28","446.32K","-0.70%"
"10/09/2025","48.67","49.11","49.11","48.57","541.58K","-1.34%"
"10/08/2025","49.33","49.22","49.58","49.14","139.37K","0.84%"
"10/07/2025","48.92","49.20","49.20","48.86","195.54K","-0.61%"
"10/06/2025","49.22","49.52","49.55","49.22","217.84K","-0.87%"
"10/03/2025","49.65","49.77","49.84","49.51","231.97K","0.59%"
"10/02/2025","49.36","49.56","49.63","49.13","266.67K","-0.56%"
"10/01/2025","49.64","49.55","49.72","49.40","3.29M","0.28%"
"09/30/2025","49.50","49.17","49.57","49.15","366.41K","1.19%"
"09/29/2025","48.92","49.09","49.14","48.83","155.83K","-0.24%"
"09/26/2025","49.04","48.72","49.05","48.72","338.56K","1.64%"
"09/25/2025","48.25","48.33","48.34","48.07","298.64K","-0.66%"
"09/24/2025","48.57","48.53","48.77","48.48","337.57K","0.04%"
"09/23/2025","48.55","48.64","48.79","48.51","1.40M","0.25%"
"09/22/2025","48.43","48.36","48.44","48.14","323.20K","-0.82%"
"09/19/2025","48.83","48.73","48.97","48.69","170.19K","0.35%"
"09/18/2025","48.66","48.40","48.72","48.32","257.83K","-0.18%"
"09/17/2025","48.75","48.78","49.19","48.59","305.59K","-0.41%"
"09/16/2025","48.95","49.01","49.07","48.78","250.60K","-0.57%"
"09/15/2025","49.23","49.18","49.29","49.06","283.73K","0.47%"
"09/12/2025","49.00","48.45","49.01","48.45","253.39K","0.04%"
"09/11/2025","48.98","48.64","49.00","48.64","478.93K","1.05%"
"09/10/2025","48.47","48.43","48.69","48.42","331.19K","0.81%"
"09/09/2025","48.08","47.78","48.15","47.78","250.50K","0.02%"
"09/08/2025","48.07","48.01","48.14","47.90","262.88K","0.99%"
"09/05/2025","47.60","47.76","47.89","47.45","697.16K","0.25%"
"09/04/2025","47.48","47.39","47.51","47.20","198.67K","0.91%"
"09/03/2025","47.05","46.83","47.13","46.81","345.33K","0.06%"
"09/02/2025","47.02","46.63","47.04","46.56","403.75K","-1.45%"
"08/29/2025","47.71","47.57","47.80","47.55","374.64K","-0.65%"
"08/28/2025","48.02","47.88","48.11","47.77","348.96K","0.76%"
"08/27/2025","47.66","47.58","47.66","47.33","227.35K","-0.89%"
"08/26/2025","48.09","48.17","48.30","47.99","237.84K","-0.43%"
"08/25/2025","48.30","48.76","48.87","48.30","328.24K","-1.91%"
"08/22/2025","49.24","48.72","49.38","48.72","276.04K","1.57%"
"08/21/2025","48.48","48.46","48.59","48.35","194.18K","-0.39%"
"08/20/2025","48.67","48.66","48.74","48.57","263.61K","0.45%"
"08/19/2025","48.45","48.77","48.83","48.41","395.76K","-0.31%"
"08/18/2025","48.60","48.43","48.60","48.34","347.76K","-0.49%"
"08/15/2025","48.84","48.77","48.90","48.68","501.96K","0.87%"
"08/14/2025","48.42","48.09","48.47","48.07","307.25K","0.94%"
"08/13/2025","47.97","47.89","48.05","47.89","235.68K","1.25%"
"08/12/2025","47.38","47.15","47.44","47.15","247.23K","0.62%"
"08/11/2025","47.09","46.95","47.16","46.85","187.98K","-0.11%"
"08/08/2025","47.14","46.98","47.17","46.88","569.16K","1.01%"
"08/07/2025","46.67","46.51","46.67","46.30","412.39K","1.10%"
"08/06/2025","46.16","45.96","46.26","45.94","625.54K","1.50%"
"08/05/2025","45.48","45.31","45.55","45.15","545.68K","0.40%"
"08/04/2025","45.30","45.22","45.31","45.11","349.23K","1.75%"
"08/01/2025","44.52","44.52","44.61","44.19","1.23M","-0.45%"
"07/31/2025","44.72","44.69","44.90","44.60","279.65K","0.09%"
"07/30/2025","44.68","44.67","44.96","44.50","737.98K","-0.64%"
"07/29/2025","44.97","44.87","45.12","44.78","389.64K","0.47%"
"07/28/2025","44.76","45.18","45.18","44.63","337.60K","-1.56%"
"07/25/2025","45.47","45.16","45.49","45.06","547.49K","0.31%"
"07/24/2025","45.33","45.50","45.54","45.32","366.01K","-0.04%"
"07/23/2025","45.35","44.71","45.37","44.57","824.21K","1.39%"
"07/22/2025","44.73","44.45","44.76","44.25","756.91K","1.13%"
"07/21/2025","44.23","44.03","44.51","44.01","266.09K","0.75%"
"07/18/2025","43.90","44.31","44.31","43.85","553.12K","-0.25%"
"07/17/2025","44.01","43.76","44.06","43.76","289.82K","-0.05%"
"07/16/2025","44.03","43.75","44.06","43.60","383.43K","1.26%"
"07/15/2025","43.48","43.88","43.92","43.45","453.28K","-1.94%"
"07/14/2025","44.34","44.08","44.39","44.06","497.93K","0.41%"
"07/11/2025","44.16","44.27","44.29","44.10","1.25M","-0.79%"
"07/10/2025","44.51","44.73","44.78","44.49","780.86K","-1.70%"
"07/09/2025","45.28","45.11","45.33","45.00","284.41K","1.30%"
"07/08/2025","44.70","44.45","44.80","44.38","229.19K","0.88%"
"07/07/2025","44.31","44.23","44.49","44.11","350.12K","-0.76%"
"07/03/2025","44.65","44.66","44.77","44.54","751.26K","0.11%"
"07/02/2025","44.60","44.29","44.60","44.09","335.60K","0.79%"
"07/01/2025","44.25","44.19","44.26","44.00","213.93K","0.50%"
"06/30/2025","44.03","43.67","44.09","43.64","232.49K","0.69%"
"06/27/2025","43.73","43.70","43.91","43.55","302.62K","0.92%"
"06/26/2025","43.33","43.31","43.42","43.23","433.24K","0.56%"
"06/25/2025","43.09","43.04","43.09","42.85","1.93M","-1.40%"
"06/24/2025","43.70","43.53","43.81","43.44","770.39K","1.53%"
"06/23/2025","43.04","42.36","43.06","42.36","237.72K","0.82%"
"06/20/2025","42.69","42.70","42.87","42.59","532.24K","-0.12%"
"06/18/2025","42.74","42.58","42.97","42.56","321.85K","0.71%"
"06/17/2025","42.44","43.00","43.06","42.39","1.60M","-2.55%"
"06/16/2025","43.55","43.54","43.71","43.44","443.36K","0.69%"
"06/13/2025","43.25","43.01","43.40","42.91","507.71K","-1.64%"
"06/12/2025","43.97","43.87","44.07","43.87","205.64K","1.13%"
"06/11/2025","43.48","43.40","43.72","43.40","728.01K","-0.05%"
"06/10/2025","43.50","43.73","43.85","43.46","329.13K","0.00%"
"06/09/2025","43.50","43.52","43.72","43.50","188.13K","-0.32%"
"06/06/2025","43.64","43.65","43.77","43.53","251.38K","0.09%"
"06/05/2025","43.60","43.50","43.83","43.46","286.02K","0.88%"
"06/04/2025","43.22","43.12","43.46","43.05","587.31K","-0.14%"
"06/03/2025","43.28","43.20","43.32","43.06","275.11K","-1.39%"
"06/02/2025","43.89","43.35","43.89","43.31","1.23M","1.39%"
"05/30/2025","43.29","43.26","43.35","43.00","251.16K","0.49%"
"05/29/2025","43.08","43.21","43.21","42.98","429.94K","0.47%"
"05/28/2025","42.88","42.91","43.06","42.78","329.88K","-1.49%"
"05/27/2025","43.53","43.52","43.58","43.44","294.21K","0.51%"
"05/23/2025","43.31","42.69","43.38","42.69","1.19M","-0.12%"
"05/22/2025","43.36","43.17","43.46","43.04","225.30K","0.46%"
"05/21/2025","43.16","43.61","43.70","43.16","385.94K","-0.78%"
"05/20/2025","43.50","43.27","43.50","43.17","530.75K","1.87%"
"05/19/2025","42.70","42.35","42.70","42.35","255.95K","1.16%"
"05/16/2025","42.21","42.00","42.22","41.85","259.04K","1.08%"
"05/15/2025","41.76","41.64","41.82","41.54","1.49M","0.53%"
"05/14/2025","41.54","41.38","41.62","41.37","365.05K","0.95%"
"05/13/2025","41.15","41.12","41.21","40.94","1.09M","1.13%"
"05/12/2025","40.69","40.56","40.69","40.40","356.34K","-0.85%"
"05/09/2025","41.04","40.99","41.08","40.90","246.29K","0.76%"
"05/08/2025","40.73","41.13","41.13","40.69","536.99K","-1.07%"
"05/07/2025","41.17","41.08","41.30","41.00","921.13K","0.02%"
"05/06/2025","41.16","41.17","41.31","41.04","504.21K","0.29%"
"05/05/2025","41.04","41.22","41.22","41.04","158.23K","0.47%"
"05/02/2025","40.85","40.78","40.98","40.71","726.48K","0.94%"
"05/01/2025","40.47","40.88","40.88","40.42","1.62M","-0.32%"
"04/30/2025","40.60","40.26","40.70","40.08","387.35K","-1.26%"
"04/29/2025","41.12","41.08","41.17","41.03","267.67K","-0.46%"
"04/28/2025","41.31","41.00","41.33","40.93","330.77K","1.10%"
"04/25/2025","40.86","40.54","40.88","40.49","202.23K","1.19%"
"04/24/2025","40.38","39.95","40.41","39.93","236.75K","0.87%"
"04/23/2025","40.03","40.07","40.33","39.88","775.68K","-0.27%"
"04/22/2025","40.14","39.86","40.21","39.75","404.81K","2.58%"
"04/21/2025","39.13","39.60","39.79","38.90","272.31K","-0.31%"
"04/17/2025","39.25","39.09","39.52","39.03","1.23M","0.98%"
"04/16/2025","38.87","38.99","39.24","38.76","508.90K","0.49%"
"04/15/2025","38.68","38.71","38.85","38.58","224.57K","1.66%"
"04/14/2025","38.05","37.78","38.24","37.72","533.46K","0.74%"
"04/11/2025","37.77","37.17","37.92","37.03","349.59K","2.39%"
"04/10/2025","36.89","36.76","37.05","36.01","2.53M","-0.43%"
"04/09/2025","37.05","34.67","37.39","34.46","572.25K","8.49%"
"04/08/2025","34.15","35.49","35.51","33.85","389.35K","-0.93%"
"04/07/2025","34.47","34.37","35.76","34.10","1.48M","-3.55%"
"04/04/2025","35.74","36.94","37.12","35.72","646.54K","-8.10%"
"04/03/2025","38.89","39.02","39.35","38.80","770.06K","0.41%"
"04/02/2025","38.73","38.30","38.76","38.30","259.11K","1.20%"
"04/01/2025","38.27","38.19","38.44","38.04","277.67K","0.55%"
"03/31/2025","38.06","37.74","38.15","37.61","248.56K","-0.91%"
"03/28/2025","38.41","38.46","38.51","38.29","487.37K","-0.41%"
"03/27/2025","38.57","38.48","38.72","38.43","103.16K","0.78%"
"03/26/2025","38.27","38.59","38.67","38.17","197.31K","-1.34%"
"03/25/2025","38.79","38.70","38.79","38.56","157.82K","1.62%"
"03/24/2025","38.17","38.32","38.41","38.04","1.40M","-0.70%"
"03/21/2025","38.44","38.30","38.46","38.27","236.68K","0.31%"
"03/20/2025","38.32","38.02","38.36","37.97","504.91K","-1.26%"
"03/19/2025","38.81","38.73","38.97","38.61","241.22K","-0.15%"
"03/18/2025","38.87","38.60","38.96","38.55","477.44K","1.41%"
"03/17/2025","38.33","37.96","38.37","37.96","285.58K","1.35%"
"03/14/2025","37.82","37.49","37.83","37.44","334.06K","2.24%"
"03/13/2025","36.99","36.98","37.07","36.84","1.19M","0.11%"
"03/12/2025","36.95","36.99","37.08","36.76","179.22K","-0.46%"
"03/11/2025","37.12","37.20","37.30","36.77","281.44K","0.24%"
"03/10/2025","37.03","37.23","37.35","36.77","353.02K","-2.19%"
"03/07/2025","37.86","37.50","37.96","37.50","233.31K","2.27%"
"03/06/2025","37.02","37.03","37.60","37.02","558.19K","-1.33%"
"03/05/2025","37.52","37.15","37.57","37.15","558.07K","2.77%"
"03/04/2025","36.51","35.94","36.87","35.64","299.04K","0.38%"
"03/03/2025","36.37","36.74","36.86","36.16","464.21K","0.80%"
"02/28/2025","36.08","36.20","36.31","35.84","862.61K","0.75%"
"02/27/2025","35.81","36.06","36.15","35.80","247.49K","-1.32%"
"02/26/2025","36.29","36.43","36.69","36.26","673.27K","0.39%"
"02/25/2025","36.15","36.23","36.30","35.97","303.30K","1.95%"
"02/24/2025","35.46","35.54","35.67","35.35","161.65K","0.74%"
"02/21/2025","35.20","35.31","35.33","35.10","269.18K","-0.90%"
"02/20/2025","35.52","35.35","35.56","35.16","4.61M","1.75%"
"02/19/2025","34.91","35.12","35.19","34.88","385.70K","-1.75%"
"02/18/2025","35.53","35.47","35.66","35.40","93.56K","0.97%"
"02/14/2025","35.19","35.29","35.37","35.19","118.25K","0.74%"
"02/13/2025","34.93","34.81","35.01","34.63","352.71K","0.11%"
"02/12/2025","34.89","34.54","34.99","34.51","158.16K","1.87%"
"02/11/2025","34.25","34.16","34.35","34.08","447.12K","0.91%"
"02/10/2025","33.94","33.84","33.97","33.79","241.18K","0.35%"
"02/07/2025","33.82","34.14","34.16","33.72","248.94K","-0.85%"
"02/06/2025","34.11","34.01","34.16","34.01","99.92K","0.59%"
"02/05/2025","33.91","33.78","33.95","33.73","91.45K","2.23%"
"02/04/2025","33.17","32.87","33.20","32.87","172.64K","2.53%"
"02/03/2025","32.35","32.20","32.63","32.05","263.48K","-1.94%"
"01/31/2025","32.99","33.26","33.37","32.90","473.95K","-1.17%"
"01/30/2025","33.38","33.42","33.61","33.28","135.32K","1.09%"
"01/29/2025","33.02","32.93","33.15","32.91","82.85K","0.24%"
"01/28/2025","32.94","32.93","32.97","32.75","135.32K","0.40%"
"01/27/2025","32.81","32.73","32.82","32.63","341.27K","0.89%"
"01/24/2025","32.52","32.50","32.66","32.48","94.04K","0.15%"
"01/23/2025","32.47","32.24","32.52","32.17","97.61K","1.53%"
"01/22/2025","31.98","32.20","32.20","31.98","158.88K","-1.05%"
"01/21/2025","32.32","32.15","32.32","32.09","360.69K","1.76%"
"01/17/2025","31.76","31.83","32.01","31.76","115.61K","0.51%"
"01/16/2025","31.60","31.62","31.71","31.53","1.06M","-0.32%"
"01/15/2025","31.70","31.85","31.92","31.68","170.99K","0.70%"
"01/14/2025","31.48","31.27","31.52","31.24","222.30K","1.19%"
"01/13/2025","31.11","30.88","31.11","30.84","61.51K","0.03%"
"01/10/2025","31.10","31.32","31.39","31.03","278.85K","-1.36%"
"01/08/2025","31.53","31.31","31.54","31.24","281.32K","-0.16%"
"01/07/2025","31.58","31.96","31.99","31.53","341.43K","-0.32%"
"01/06/2025","31.68","31.52","31.90","31.48","195.45K","1.47%"
"01/03/2025","31.22","31.21","31.23","31.09","79.82K","0.84%"
"01/02/2025","30.96","31.08","31.15","30.89","175.90K","-0.29%"
"12/31/2024","31.05","31.30","31.30","30.95","123.64K","0.03%"
"12/30/2024","31.04","31.05","31.13","30.91","85.63K","0.06%"
"12/27/2024","31.02","30.96","31.10","30.93","218.67K","-0.45%"
"12/26/2024","31.16","31.00","31.22","31.00","124.95K","0.39%"
"12/24/2024","31.04","30.86","31.08","30.80","94.20K","0.62%"
"12/23/2024","30.85","30.72","30.92","30.64","160.36K","0.26%"
"12/20/2024","30.77","30.57","31.00","30.54","259.92K","0.39%"
"12/19/2024","30.65","30.82","30.82","30.59","227.49K","-0.23%"
"12/18/2024","30.72","31.51","31.67","30.69","276.70K","-2.51%"
"12/17/2024","31.51","31.59","31.62","31.45","310.83K","-4.05%"
"12/16/2024","32.84","32.70","32.92","32.68","238.02K","0.06%"
"12/13/2024","32.82","32.87","32.87","32.70","92.42K","0.37%"
"12/12/2024","32.70","32.83","33.01","32.69","213.81K","-0.58%"
"12/11/2024","32.89","33.02","33.02","32.79","157.54K","-1.38%"
"12/10/2024","33.35","33.49","33.50","33.29","199.15K","-0.24%"
"12/09/2024","33.43","33.75","33.79","33.42","99.49K","-0.74%"
"12/06/2024","33.68","33.96","33.96","33.62","78.23K","-0.65%"
"12/05/2024","33.90","33.80","33.95","33.78","367.43K","2.11%"
"12/04/2024","33.20","33.23","33.37","33.08","1.92M","0.30%"
"12/03/2024","33.10","33.14","33.27","33.01","402.03K","1.01%"
"12/02/2024","32.77","32.80","32.81","32.44","696.71K","0.12%"
"11/29/2024","32.73","32.54","32.82","32.52","50.05K","0.06%"
"11/27/2024","32.71","32.57","32.79","32.53","824.23K","0.77%"
"11/26/2024","32.46","32.68","32.72","32.41","374.59K","-0.92%"
"11/25/2024","32.76","33.01","33.03","32.65","181.18K","1.02%"
"11/22/2024","32.43","32.23","32.45","32.22","207.95K","-0.43%"
"11/21/2024","32.57","32.61","32.67","32.46","259.12K","-0.73%"
"11/20/2024","32.81","32.75","32.82","32.51","158.97K","-0.06%"
"11/19/2024","32.83","32.54","32.92","32.51","520.07K","-0.73%"
"11/18/2024","33.07","32.80","33.13","32.77","854.40K","0.67%"
"11/15/2024","32.85","32.83","32.89","32.76","93.11K","1.55%"
"11/14/2024","32.35","32.47","32.62","32.31","459.14K","0.75%"
"11/13/2024","32.11","32.27","32.27","31.89","210.05K","-0.74%"
"11/12/2024","32.35","32.70","32.70","32.12","299.30K","-1.82%"
"11/11/2024","32.95","33.06","33.10","32.90","134.14K","-0.42%"
"11/08/2024","33.09","33.25","33.25","32.90","409.85K","-1.05%"
"11/07/2024","33.44","33.52","33.60","33.31","448.13K","1.36%"
"11/06/2024","32.99","32.93","33.02","32.75","186.45K","-4.96%"
"11/05/2024","34.71","34.58","34.78","34.50","175.43K","1.02%"
"11/04/2024","34.36","34.66","34.70","34.35","606.13K","0.26%"
"11/01/2024","34.27","34.36","34.44","34.24","653.39K","1.03%"
"10/31/2024","33.92","33.98","34.00","33.74","600.67K","0.09%"
"10/30/2024","33.89","33.64","33.99","33.63","87.28K","0.06%"
"10/29/2024","33.87","33.98","34.04","33.77","212.56K","-1.22%"
"10/28/2024","34.29","34.10","34.33","34.07","172.15K","1.24%"
"10/25/2024","33.87","34.17","34.17","33.85","910.10K","-0.91%"
"10/24/2024","34.18","34.27","34.31","34.00","189.44K","0.32%"
"10/23/2024","34.07","33.97","34.13","33.94","355.07K","-0.18%"
"10/22/2024","34.13","33.94","34.14","33.90","105.11K","-0.44%"
"10/21/2024","34.28","34.48","34.51","34.19","174.06K","-0.95%"
"10/18/2024","34.61","34.47","34.62","34.39","84.05K","0.84%"
"10/17/2024","34.32","34.52","34.52","34.29","290.76K","-1.21%"
"10/16/2024","34.74","34.77","34.89","34.64","4.79M","0.61%"
"10/15/2024","34.53","34.62","34.82","34.52","492.67K","-0.09%"
"10/14/2024","34.56","34.35","34.57","34.34","55.12K","0.91%"
"10/11/2024","34.25","34.13","34.26","34.12","202.84K","0.71%"
"10/10/2024","34.01","34.13","34.13","33.88","134.77K","-1.16%"
"10/09/2024","34.41","34.30","34.46","34.30","24.33K","-0.20%"
"10/08/2024","34.48","34.46","34.56","34.34","37.32K","0.44%"
"10/07/2024","34.33","34.54","34.54","34.21","60.77K","-0.06%"
"10/04/2024","34.35","34.07","34.36","34.04","78.90K","0.41%"
"10/03/2024","34.21","34.20","34.27","34.08","65.78K","0.00%"
"10/02/2024","34.21","34.23","34.26","34.08","48.86K","-0.70%"
"10/01/2024","34.45","34.85","34.85","34.29","405.76K","-2.38%"
"09/30/2024","35.29","35.47","35.50","35.15","77.08K","-0.56%"
"09/27/2024","35.49","35.74","35.77","35.47","75.03K","-0.34%"
"09/26/2024","35.61","35.51","35.64","35.37","120.16K","1.95%"
"09/25/2024","34.93","35.23","35.23","34.92","144.09K","-0.71%"
"09/24/2024","35.18","34.93","35.19","34.89","218.55K","0.51%"
"09/23/2024","35.00","35.05","35.17","34.99","50.73K","0.09%"
"09/20/2024","34.97","35.19","35.19","34.92","193.50K","-0.29%"
"09/19/2024","35.07","34.94","35.14","34.74","112.99K","0.72%"
"09/18/2024","34.82","34.85","35.24","34.71","115.94K","0.06%"
"09/17/2024","34.80","34.92","34.94","34.66","304.34K","0.37%"
"09/16/2024","34.67","34.33","34.68","34.33","65.00K","1.23%"
"09/13/2024","34.25","34.07","34.29","34.07","176.05K","1.33%"
"09/12/2024","33.80","33.60","33.81","33.47","160.92K","0.54%"
"09/11/2024","33.62","33.38","33.63","33.04","437.46K","1.11%"
"09/10/2024","33.25","33.48","33.48","33.09","2.04M","-0.86%"
"09/09/2024","33.54","33.45","33.63","33.43","137.69K","0.99%"
"09/06/2024","33.21","33.72","33.75","33.21","117.35K","-1.40%"
"09/05/2024","33.68","33.76","33.80","33.57","447.65K","1.29%"
"09/04/2024","33.25","33.29","33.44","33.24","342.12K","0.06%"
"09/03/2024","33.23","33.52","33.64","33.19","662.70K","-1.95%"
"08/30/2024","33.89","33.80","33.92","33.74","149.14K","0.71%"
"08/29/2024","33.65","33.83","33.85","33.60","266.76K","-0.59%"
"08/28/2024","33.85","33.80","33.93","33.76","393.48K","-0.21%"
"08/27/2024","33.92","33.87","33.97","33.83","32.05K","0.80%"
"08/26/2024","33.65","33.66","33.76","33.60","274.14K","-0.38%"
"08/23/2024","33.78","33.33","33.84","33.32","185.74K","2.12%"
"08/22/2024","33.08","33.32","33.32","33.05","76.37K","-0.24%"
"08/21/2024","33.16","33.10","33.23","32.98","339.85K","0.58%"
"08/20/2024","32.97","32.89","33.01","32.85","111.74K","-0.18%"
"08/19/2024","33.03","32.85","33.08","32.85","67.52K","1.76%"
"08/16/2024","32.46","32.22","32.47","32.21","261.94K","0.93%"
"08/15/2024","32.16","32.04","32.21","32.02","66.00K","0.78%"
"08/14/2024","31.91","31.85","31.93","31.80","38.36K","0.19%"
"08/13/2024","31.85","31.51","31.88","31.50","81.76K","1.59%"
"08/12/2024","31.35","31.37","31.39","31.23","86.45K","-0.06%"
"08/09/2024","31.37","31.16","31.41","31.09","110.86K","0.64%"
"08/08/2024","31.17","31.05","31.24","30.96","79.09K","1.04%"
"08/07/2024","30.85","31.24","31.36","30.85","187.43K","0.52%"
"08/06/2024","30.69","30.35","30.84","30.33","524.25K","-0.26%"
"08/05/2024","30.77","30.83","30.97","30.64","277.19K","-2.29%"
"08/02/2024","31.49","31.60","31.65","31.36","133.81K","0.06%"
"08/01/2024","31.47","32.03","32.06","31.33","516.17K","-2.99%"
"07/31/2024","32.44","32.43","32.58","32.28","115.70K","-1.13%"
"07/30/2024","32.81","32.73","32.82","32.68","141.74K","0.61%"
"07/29/2024","32.61","32.66","32.66","32.39","59.80K","-0.70%"
"07/26/2024","32.84","32.67","32.87","32.64","126.32K","0.71%"
"07/25/2024","32.61","32.54","32.86","32.45","156.17K","-0.21%"
"07/24/2024","32.68","32.84","32.97","32.67","42.48K","-0.31%"
"07/23/2024","32.78","32.72","32.85","32.67","128.11K","-0.24%"
"07/22/2024","32.86","32.76","32.90","32.63","187.32K","1.17%"
"07/19/2024","32.48","32.51","32.59","32.41","173.85K","-0.46%"
"07/18/2024","32.63","32.91","32.97","32.56","177.85K","-0.09%"
"07/17/2024","32.66","32.67","32.78","32.63","70.97K","0.21%"
"07/16/2024","32.59","32.29","32.59","32.20","224.64K","0.18%"
"07/15/2024","32.53","32.77","32.77","32.48","153.40K","-1.00%"
"07/12/2024","32.86","32.88","32.99","32.83","130.44K","0.67%"
"07/11/2024","32.64","32.64","32.78","32.58","106.69K","0.93%"
"07/10/2024","32.34","32.17","32.34","32.13","150.12K","1.86%"
"07/09/2024","31.75","31.82","31.84","31.66","221.01K","-0.94%"
"07/08/2024","32.05","32.41","32.41","32.04","205.86K","-0.37%"
"07/05/2024","32.17","31.99","32.19","31.84","979.17K","0.63%"
"07/03/2024","31.97","31.83","31.98","31.81","135.59K","1.82%"
"07/02/2024","31.40","31.30","31.41","31.20","639.74K","-0.85%"
"07/01/2024","31.67","31.75","31.87","31.57","262.50K","1.41%"
"06/28/2024","31.23","31.12","31.25","31.08","141.44K","-0.06%"
"06/27/2024","31.25","31.28","31.31","31.15","244.32K","-0.45%"
"06/26/2024","31.39","31.27","31.44","31.19","156.76K","-1.10%"
"06/25/2024","31.74","31.59","31.78","31.50","218.07K","-0.35%"
"06/24/2024","31.85","31.76","31.92","31.72","144.84K","1.66%"
"06/21/2024","31.33","31.30","31.43","31.15","495.38K","-1.38%"
"06/20/2024","31.77","31.58","31.80","31.56","328.11K","0.38%"
"06/18/2024","31.65","31.49","31.65","31.46","155.85K","0.92%"
"06/17/2024","31.36","31.19","31.38","31.01","168.03K","0.22%"
"06/14/2024","31.29","31.02","31.32","30.89","289.57K","-1.11%"
"06/13/2024","31.64","32.00","32.00","31.53","390.26K","-2.01%"
"06/12/2024","32.29","32.48","32.51","32.25","429.63K","0.72%"
"06/11/2024","32.06","31.96","32.15","31.74","750.48K","-3.23%"
"06/10/2024","33.13","32.95","33.16","32.88","214.77K","-0.51%"
"06/07/2024","33.30","33.48","33.49","33.27","73.65K","-1.25%"
"06/06/2024","33.72","33.53","33.73","33.53","89.45K","0.63%"
"06/05/2024","33.51","33.55","33.55","33.27","272.21K","0.39%"
"06/04/2024","33.38","33.37","33.49","33.31","168.39K","-1.30%"
"06/03/2024","33.82","33.72","33.82","33.63","422.81K","0.48%"
"05/31/2024","33.66","33.45","33.67","33.32","181.17K","0.87%"
"05/30/2024","33.37","33.29","33.44","33.23","212.90K","1.96%"
"05/29/2024","32.73","32.88","32.93","32.72","225.30K","-1.98%"
"05/28/2024","33.39","33.40","33.42","33.23","650.57K","0.63%"
"05/24/2024","33.18","32.98","33.20","32.95","507.31K","0.48%"
"05/23/2024","33.02","33.44","33.44","32.93","309.35K","-0.87%"
"05/22/2024","33.31","33.45","33.51","33.21","260.53K","-0.86%"
"05/21/2024","33.60","33.49","33.61","33.46","69.88K","0.33%"
"05/20/2024","33.49","33.67","33.67","33.47","111.15K","-0.51%"
"05/17/2024","33.66","33.46","33.66","33.44","91.31K","0.75%"
"05/16/2024","33.41","33.61","33.63","33.40","165.59K","-1.07%"
"05/15/2024","33.77","33.58","33.77","33.50","264.62K","1.75%"
"05/14/2024","33.19","32.95","33.19","32.93","214.07K","1.47%"
"05/13/2024","32.71","32.68","32.79","32.68","336.00K","0.40%"
"05/10/2024","32.58","32.71","32.71","32.54","153.77K","0.49%"
"05/09/2024","32.42","32.36","32.50","32.36","381.20K","-0.77%"
"05/08/2024","32.67","32.56","32.68","32.55","137.35K","0.77%"
"05/07/2024","32.42","32.46","32.53","32.41","133.07K","0.93%"
"05/06/2024","32.12","31.87","32.14","31.85","240.60K","1.10%"
"05/03/2024","31.77","31.87","31.88","31.56","221.91K","0.41%"
"05/02/2024","31.64","31.58","31.68","31.36","606.23K","1.28%"
"05/01/2024","31.24","31.26","31.59","31.04","399.80K","-0.13%"
"04/30/2024","31.28","31.53","31.74","31.28","570.65K","-3.25%"
"04/29/2024","32.33","32.26","32.39","32.19","237.63K","0.37%"
"04/26/2024","32.21","32.21","32.27","32.14","122.91K","1.13%"
"04/25/2024","31.85","31.56","31.90","31.43","161.34K","-0.16%"
"04/24/2024","31.90","31.89","31.95","31.79","267.20K","-0.44%"
"04/23/2024","32.04","31.83","32.11","31.82","200.37K","1.81%"
"04/22/2024","31.47","31.20","31.54","31.20","301.01K","1.68%"
"04/19/2024","30.95","30.97","31.07","30.87","3.25M","-0.03%"
"04/18/2024","30.96","30.95","31.18","30.92","274.18K","0.58%"
"04/17/2024","30.78","30.84","30.92","30.67","246.07K","1.38%"
"04/16/2024","30.36","30.44","30.50","30.22","263.05K","-0.56%"
"04/15/2024","30.53","30.89","30.99","30.50","460.82K","-0.65%"
"04/12/2024","30.73","30.82","31.00","30.66","141.14K","-1.06%"
"04/11/2024","31.06","31.18","31.18","30.73","311.80K","-0.86%"
"04/10/2024","31.33","31.30","31.47","31.13","285.59K","-1.91%"
"04/09/2024","31.94","32.16","32.16","31.81","237.62K","-0.25%"
"04/08/2024","32.02","32.00","32.12","31.94","215.67K","0.44%"
"04/05/2024","31.88","31.85","31.96","31.68","219.16K","-0.47%"
"04/04/2024","32.03","32.54","32.57","32.03","405.29K","-0.19%"
"04/03/2024","32.09","32.01","32.18","31.97","322.28K","0.66%"
"04/02/2024","31.88","31.92","31.92","31.78","760.60K","-0.41%"
"04/01/2024","32.01","32.16","32.29","31.97","715.63K","-0.50%"
"03/28/2024","32.17","32.22","32.31","32.12","166.99K","-0.59%"
"03/27/2024","32.36","32.20","32.37","32.20","106.06K","1.44%"
"03/26/2024","31.90","32.05","32.08","31.90","83.20K","0.16%"
"03/25/2024","31.85","31.83","32.01","31.79","145.85K","0.28%"
"03/22/2024","31.76","31.80","31.82","31.71","107.84K","0.51%"
"03/21/2024","31.60","31.75","31.85","31.58","204.63K","-0.06%"
"03/20/2024","31.62","31.03","31.65","31.03","149.49K","1.64%"
"03/19/2024","31.11","31.03","31.16","30.95","212.70K","0.61%"
"03/18/2024","30.92","31.05","31.06","30.88","177.49K","-0.23%"
"03/15/2024","30.99","31.00","31.07","30.91","143.98K","1.18%"
"03/14/2024","30.63","30.92","30.94","30.50","158.75K","-1.45%"
"03/13/2024","31.08","31.12","31.19","31.08","303.12K","1.07%"
"03/12/2024","30.75","30.66","30.78","30.59","156.38K","0.26%"
"03/11/2024","30.67","30.60","30.69","30.50","153.92K","0.46%"
"03/08/2024","30.53","30.70","30.76","30.48","180.08K","-0.16%"
"03/07/2024","30.58","30.43","30.64","30.43","104.37K","1.93%"
"03/06/2024","30.00","30.09","30.16","29.98","88.39K","1.04%"
"03/05/2024","29.69","29.61","29.76","29.59","204.37K","0.54%"
"03/04/2024","29.53","29.42","29.57","29.42","119.05K","0.14%"
"03/01/2024","29.49","29.44","29.54","29.22","145.73K","0.79%"
"02/29/2024","29.26","29.54","29.54","29.11","386.99K","-0.61%"
"02/28/2024","29.44","29.54","29.57","29.44","120.52K","-0.78%"
"02/27/2024","29.67","29.62","29.75","29.60","96.13K","-0.10%"
"02/26/2024","29.70","29.77","29.77","29.67","168.52K","-0.07%"
"02/23/2024","29.72","29.68","29.81","29.66","315.48K","-0.30%"
"02/22/2024","29.81","29.86","29.88","29.65","375.34K","0.13%"
"02/21/2024","29.77","29.64","29.79","29.62","242.91K","0.74%"
"02/20/2024","29.55","29.39","29.55","29.39","900.85K","2.57%"
"02/16/2024","28.81","28.84","28.95","28.74","261.81K","-1.23%"
"02/15/2024","29.17","28.88","29.19","28.88","311.45K","0.55%"
"02/14/2024","29.01","28.95","29.02","28.88","550.77K","0.87%"
"02/13/2024","28.76","29.06","29.06","28.71","492.15K","-1.64%"
"02/12/2024","29.24","29.16","29.31","29.14","114.59K","0.31%"
"02/09/2024","29.15","28.95","29.16","28.88","461.63K","0.34%"
"02/08/2024","29.05","29.04","29.07","28.99","327.58K","-0.14%"
"02/07/2024","29.09","29.14","29.14","28.93","297.21K","-0.92%"
"02/06/2024","29.36","29.20","29.38","29.20","166.21K","0.41%"
"02/05/2024","29.24","29.25","29.28","29.06","406.75K","-1.52%"
"02/02/2024","29.69","29.68","29.70","29.57","2.97M","-0.30%"
"02/01/2024","29.78","29.69","29.80","29.46","605.11K","0.81%"
"01/31/2024","29.54","29.88","29.92","29.49","239.14K","-0.27%"
"01/30/2024","29.62","29.50","29.64","29.50","429.56K","1.40%"
"01/29/2024","29.21","29.00","29.22","28.94","135.70K","-0.51%"
"01/26/2024","29.36","29.32","29.39","29.26","324.37K","0.20%"
"01/25/2024","29.30","29.31","29.31","29.13","136.45K","-0.54%"
"01/24/2024","29.46","29.68","29.68","29.46","178.94K","0.79%"
"01/23/2024","29.23","29.24","29.29","29.06","228.33K","-0.98%"
"01/22/2024","29.52","29.55","29.65","29.48","388.76K","0.31%"
"01/19/2024","29.43","29.30","29.43","29.13","638.44K","0.10%"
"01/18/2024","29.40","29.41","29.42","29.24","358.78K","0.20%"
"01/17/2024","29.34","29.23","29.37","29.16","1.04M","-1.08%"
"01/16/2024","29.66","29.79","29.82","29.63","259.61K","-2.24%"
"01/12/2024","30.34","30.40","30.52","30.29","1.46M","0.20%"
"01/11/2024","30.28","30.38","30.46","30.06","141.31K","-0.39%"
"01/10/2024","30.40","30.24","30.45","30.23","162.65K","0.70%"
"01/09/2024","30.19","30.09","30.26","30.05","240.81K","-2.11%"
"01/08/2024","30.84","30.70","30.86","30.69","138.49K","0.88%"
"01/05/2024","30.57","30.49","30.84","30.49","118.28K","-0.03%"
"01/04/2024","30.58","30.46","30.72","30.46","151.21K","1.43%"
"01/03/2024","30.15","30.18","30.25","30.07","462.01K","-1.15%"
"01/02/2024","30.50","30.52","30.68","30.47","763.88K","-0.39%"
"12/29/2023","30.62","30.68","30.74","30.58","112.35K","0.13%"
"12/28/2023","30.58","30.62","30.73","30.56","159.16K","-0.75%"
"12/27/2023","30.81","30.70","30.87","30.67","145.62K","0.39%"
"12/26/2023","30.69","30.51","30.78","30.51","194.33K","0.66%"
"12/22/2023","30.49","30.57","30.64","30.41","84.54K","0.10%"
"12/21/2023","30.46","30.39","30.47","30.27","172.83K","1.57%"
"12/20/2023","29.99","30.24","30.35","29.96","1.04M","-3.01%"
"12/19/2023","30.92","30.78","30.95","30.78","2.13M","0.91%"
"12/18/2023","30.64","30.74","30.75","30.54","171.44K","0.13%"
"12/15/2023","30.60","30.60","30.83","30.60","1.48M","-2.08%"
"12/14/2023","31.25","31.12","31.30","31.08","434.73K","0.90%"
"12/13/2023","30.97","30.49","31.00","30.37","1.12M","1.47%"
"12/12/2023","30.52","30.49","30.53","30.42","234.83K","-0.36%"
"12/11/2023","30.63","30.60","30.66","30.51","216.98K","-0.62%"
"12/08/2023","30.82","30.60","30.82","30.59","400.30K","0.69%"
"12/07/2023","30.61","30.47","30.65","30.39","126.93K","-0.03%"
"12/06/2023","30.62","30.90","30.96","30.61","126.87K","-0.29%"
"12/05/2023","30.71","30.75","30.86","30.69","270.75K","0.00%"
"12/04/2023","30.71","30.55","30.73","30.55","281.14K","0.10%"
"12/01/2023","30.68","30.48","30.73","30.38","651.13K","0.52%"
"11/30/2023","30.52","30.57","30.57","30.44","194.43K","-0.59%"
"11/29/2023","30.70","30.78","30.84","30.65","110.96K","0.59%"
"11/28/2023","30.52","30.47","30.61","30.41","340.61K","0.73%"
"11/27/2023","30.30","30.30","30.31","30.18","613.99K","0.33%"
"11/24/2023","30.20","30.12","30.27","30.12","90.34K","1.04%"
"11/22/2023","29.89","29.81","29.92","29.74","113.58K","0.30%"
"11/21/2023","29.80","29.90","29.90","29.76","722.21K","-0.57%"
"11/20/2023","29.97","29.86","29.99","29.84","139.06K","0.74%"
"11/17/2023","29.75","29.53","29.75","29.49","379.28K","1.36%"
"11/16/2023","29.35","29.32","29.48","29.28","185.24K","0.93%"
"11/15/2023","29.08","29.17","29.21","29.06","115.98K","-0.48%"
"11/14/2023","29.22","28.95","29.23","28.95","320.10K","3.40%"
"11/13/2023","28.26","28.10","28.30","28.06","214.74K","0.43%"
"11/10/2023","28.14","28.04","28.18","27.81","205.93K","0.97%"
"11/09/2023","27.87","27.97","28.16","27.83","745.23K","0.25%"
"11/08/2023","27.80","27.75","27.85","27.69","2.23M","0.76%"
"11/07/2023","27.59","27.45","27.67","27.43","1.98M","-0.47%"
"11/06/2023","27.72","27.90","27.90","27.66","106.03K","-0.47%"
"11/03/2023","27.85","27.96","28.05","27.84","110.36K","0.61%"
"11/02/2023","27.68","27.51","27.68","27.45","107.16K","2.75%"
"11/01/2023","26.94","26.71","26.94","26.65","97.45K","0.67%"
"10/31/2023","26.76","26.67","26.77","26.61","109.91K","-0.07%"
"10/30/2023","26.78","26.69","26.82","26.64","334.53K","2.29%"
"10/27/2023","26.18","26.52","26.52","26.11","393.46K","-0.68%"
"10/26/2023","26.36","26.32","26.43","26.20","657.89K","0.08%"
"10/25/2023","26.34","26.42","26.55","26.28","183.41K","-0.38%"
"10/24/2023","26.44","26.38","26.50","26.35","244.81K","-0.19%"
"10/23/2023","26.49","26.37","26.67","26.30","249.47K","-0.26%"
"10/20/2023","26.56","26.72","26.80","26.55","190.49K","-1.01%"
"10/19/2023","26.83","26.83","27.12","26.76","526.93K","-0.19%"
"10/18/2023","26.88","27.08","27.13","26.84","228.00K","-1.57%"
"10/17/2023","27.31","27.05","27.46","27.05","230.27K","0.04%"
"10/16/2023","27.30","27.19","27.33","27.09","203.13K","1.26%"
"10/13/2023","26.96","27.16","27.24","26.90","196.29K","-0.96%"
"10/12/2023","27.22","27.54","27.54","27.13","234.57K","-1.56%"
"10/11/2023","27.65","27.61","27.70","27.47","161.83K","0.95%"
"10/10/2023","27.39","27.33","27.51","27.33","249.76K","1.97%"
"10/09/2023","26.86","26.62","26.86","26.62","89.76K","-0.78%"
"10/06/2023","27.07","26.55","27.14","26.37","201.94K","1.31%"
"10/05/2023","26.72","26.61","26.78","26.57","480.58K","0.68%"
"10/04/2023","26.54","26.57","26.59","26.27","369.08K","0.30%"
"10/03/2023","26.46","26.58","26.64","26.36","401.01K","-1.42%"
"10/02/2023","26.84","27.40","27.42","26.79","1.05M","-2.40%"
"09/29/2023","27.50","27.84","27.88","27.42","282.99K","-0.07%"
"09/28/2023","27.52","27.42","27.63","27.38","281.67K","1.44%"
"09/27/2023","27.13","27.29","27.29","26.95","191.67K","-0.55%"
"09/26/2023","27.28","27.39","27.52","27.26","557.84K","-0.91%"
"09/25/2023","27.53","27.46","27.54","27.31","752.86K","-1.15%"
"09/22/2023","27.85","28.02","28.13","27.81","181.15K","-0.57%"
"09/21/2023","28.01","28.09","28.20","27.98","302.15K","-1.16%"
"09/20/2023","28.34","28.58","28.69","28.33","306.48K","0.46%"
"09/19/2023","28.21","28.18","28.29","28.15","180.30K","0.71%"
"09/18/2023","28.01","28.05","28.07","27.90","1.96M","-0.21%"
"09/15/2023","28.07","28.07","28.21","28.05","165.94K","-0.35%"
"09/14/2023","28.17","28.00","28.19","27.98","146.90K","1.37%"
"09/13/2023","27.79","27.93","28.00","27.75","153.59K","-0.86%"
"09/12/2023","28.03","27.92","28.10","27.88","523.77K","0.14%"
"09/11/2023","27.99","27.84","28.03","27.80","344.94K","1.30%"
"09/08/2023","27.63","27.56","27.69","27.50","1.27M","0.73%"
"09/07/2023","27.43","27.52","27.58","27.41","1.05M","-0.15%"
"09/06/2023","27.47","27.52","27.58","27.41","296.49K","-1.04%"
"09/05/2023","27.76","27.93","27.95","27.69","324.56K","-1.32%"
"09/01/2023","28.13","28.49","28.51","28.09","106.06K","-1.23%"
"08/31/2023","28.48","28.72","28.74","28.39","154.04K","-1.21%"
"08/30/2023","28.83","28.96","29.04","28.78","85.91K","-0.48%"
"08/29/2023","28.97","28.45","28.98","28.42","1.60M","1.86%"
"08/28/2023","28.44","28.25","28.47","28.19","548.51K","1.64%"
"08/25/2023","27.98","28.03","28.07","27.75","111.77K","0.87%"
"08/24/2023","27.74","27.88","28.09","27.73","238.38K","-0.82%"
"08/23/2023","27.97","27.83","28.00","27.81","106.43K","0.65%"
"08/22/2023","27.79","27.97","28.01","27.76","123.71K","-0.47%"
"08/21/2023","27.92","27.90","27.95","27.73","184.76K","0.40%"
"08/18/2023","27.81","27.57","27.86","27.57","483.30K","0.58%"
"08/17/2023","27.65","27.96","27.98","27.63","127.05K","-1.04%"
"08/16/2023","27.94","28.20","28.25","27.92","358.50K","-0.39%"
"08/15/2023","28.05","28.23","28.26","27.99","211.86K","-1.34%"
"08/14/2023","28.43","28.36","28.51","28.27","156.65K","-0.80%"
"08/11/2023","28.66","28.64","28.73","28.58","465.49K","-0.45%"
"08/10/2023","28.79","28.86","29.08","28.77","660.78K","1.62%"
"08/09/2023","28.33","28.30","28.45","28.29","487.54K","0.14%"
"08/08/2023","28.29","28.05","28.32","27.95","784.71K","-0.67%"
"08/07/2023","28.48","28.45","28.53","28.28","106.80K","0.49%"
"08/04/2023","28.34","28.34","28.59","28.28","842.55K","0.53%"
"08/03/2023","28.19","28.08","28.22","27.98","188.64K","0.04%"
"08/02/2023","28.18","28.30","28.36","28.09","347.81K","-1.91%"
"08/01/2023","28.73","29.07","29.10","28.69","2.68M","-2.08%"
"07/31/2023","29.34","29.51","29.64","29.32","139.62K","-0.71%"
"07/28/2023","29.55","29.62","29.70","29.50","167.63K","0.51%"
"07/27/2023","29.40","29.73","29.74","29.33","2.15M","-1.18%"
"07/26/2023","29.75","29.27","29.78","29.25","970.07K","2.06%"
"07/25/2023","29.15","29.12","29.22","29.07","154.84K","-0.44%"
"07/24/2023","29.28","29.30","29.40","29.24","405.91K","-0.81%"
"07/21/2023","29.52","29.50","29.59","29.39","91.92K","0.31%"
"07/20/2023","29.43","29.50","29.59","29.36","214.40K","0.34%"
"07/19/2023","29.33","29.35","29.45","29.26","181.42K","-0.37%"
"07/18/2023","29.44","29.24","29.45","29.24","161.45K","0.17%"
"07/17/2023","29.39","29.22","29.42","29.22","188.12K","0.48%"
"07/14/2023","29.25","29.50","29.50","29.21","690.03K","-0.58%"
"07/13/2023","29.42","29.39","29.49","29.32","255.79K","1.27%"
"07/12/2023","29.05","28.78","29.11","28.78","188.88K","2.22%"
"07/11/2023","28.42","28.28","28.45","28.15","420.32K","1.21%"
"07/10/2023","28.08","28.00","28.08","27.97","162.95K","0.21%"
"07/07/2023","28.02","27.86","28.13","27.80","210.91K","0.57%"
"07/06/2023","27.86","28.10","28.10","27.70","287.35K","-1.62%"
"07/05/2023","28.32","28.51","28.51","28.28","402.29K","-2.24%"
"07/03/2023","28.97","28.91","29.02","28.88","105.90K","0.24%"
"06/30/2023","28.90","28.93","28.96","28.81","210.82K","1.26%"
"06/29/2023","28.54","28.39","28.56","28.39","228.36K","0.11%"
"06/28/2023","28.51","28.43","28.52","28.41","207.95K","0.64%"
"06/27/2023","28.33","28.05","28.36","28.05","104.34K","1.91%"
"06/26/2023","27.80","27.79","27.87","27.74","64.15K","0.54%"
"06/23/2023","27.65","27.65","27.78","27.60","230.71K","-1.81%"
"06/22/2023","28.16","28.17","28.22","28.10","141.46K","-0.98%"
"06/21/2023","28.44","28.26","28.51","28.23","137.73K","0.39%"
"06/20/2023","28.33","28.40","28.41","28.29","188.74K","-0.25%"
"06/16/2023","28.40","28.52","28.70","28.36","225.58K","0.18%"
"06/15/2023","28.35","28.10","28.38","28.06","1.17M","1.76%"
"06/14/2023","27.86","28.03","28.13","27.78","309.60K","1.05%"
"06/13/2023","27.57","27.51","27.61","27.50","1.46M","0.00%"
"06/12/2023","27.57","27.52","27.58","27.45","118.27K","0.44%"
"06/09/2023","27.45","27.48","27.48","27.38","98.52K","-0.47%"
"06/08/2023","27.58","27.58","27.61","27.50","143.84K","0.66%"
"06/07/2023","27.40","27.54","27.61","27.39","123.67K","-1.65%"
"06/06/2023","27.86","27.58","27.89","27.55","222.24K","0.58%"
"06/05/2023","27.70","27.80","27.80","27.68","228.34K","-0.65%"
"06/02/2023","27.88","27.71","27.90","27.69","546.62K","1.27%"
"06/01/2023","27.53","27.18","27.53","27.16","162.29K","1.89%"
"05/31/2023","27.02","27.05","27.10","26.77","275.18K","-1.39%"
"05/30/2023","27.40","27.49","27.51","27.31","94.77K","-0.47%"
"05/26/2023","27.53","27.37","27.57","27.32","143.47K","0.84%"
"05/25/2023","27.30","27.31","27.33","27.19","112.56K","-0.55%"
"05/24/2023","27.45","27.53","27.55","27.42","99.52K","-0.87%"
"05/23/2023","27.69","27.87","27.98","27.69","163.05K","-1.32%"
"05/22/2023","28.06","28.05","28.13","28.02","119.09K","0.57%"
"05/19/2023","27.90","27.98","28.06","27.86","137.67K","0.50%"
"05/18/2023","27.76","27.85","27.85","27.62","103.96K","-0.89%"
"05/17/2023","28.01","27.93","28.07","27.80","121.15K","0.32%"
"05/16/2023","27.92","28.04","28.10","27.85","112.89K","-0.71%"
"05/15/2023","28.12","27.99","28.12","27.92","125.34K","0.00%"
"05/12/2023","28.12","28.24","28.25","28.01","297.38K","0.00%"
"05/11/2023","28.12","28.03","28.14","27.89","129.90K","-0.39%"
"05/10/2023","28.23","28.33","28.35","28.05","136.91K","-0.07%"
"05/09/2023","28.25","28.10","28.28","28.04","279.50K","-0.35%"
"05/08/2023","28.35","28.46","28.52","28.32","113.68K","0.00%"
"05/05/2023","28.35","28.01","28.40","28.01","114.52K","1.21%"
"05/04/2023","28.01","27.89","28.06","27.79","612.04K","-0.04%"
"05/03/2023","28.02","28.05","28.29","28.01","927.48K","-0.11%"
"05/02/2023","28.05","28.26","28.26","27.95","638.18K","-1.89%"
"05/01/2023","28.59","28.50","28.74","28.50","2.36M","0.07%"
"04/28/2023","28.57","28.36","28.62","28.34","683.21K","-1.28%"
"04/27/2023","28.94","28.66","28.95","28.62","637.05K","1.76%"
"04/26/2023","28.44","28.62","28.68","28.41","2.42M","0.42%"
"04/25/2023","28.32","28.66","28.66","28.32","56.86K","-2.85%"
"04/24/2023","29.15","29.00","29.17","29.00","572.16K","0.69%"
"04/21/2023","28.95","28.86","29.00","28.75","245.16K","-0.21%"
"04/20/2023","29.01","29.05","29.08","28.93","65.78K","-0.48%"
"04/19/2023","29.15","28.93","29.18","28.92","111.95K","0.90%"
"04/18/2023","28.89","28.86","28.90","28.79","127.08K","0.80%"
"04/17/2023","28.66","28.71","28.75","28.56","397.36K","-0.62%"
"04/14/2023","28.84","28.91","28.94","28.71","213.89K","-0.28%"
"04/13/2023","28.92","28.81","28.92","28.77","161.39K","1.19%"
"04/12/2023","28.58","28.67","28.78","28.58","222.76K","1.20%"
"04/11/2023","28.24","28.30","28.33","28.20","170.10K","-1.22%"
"04/10/2023","28.59","28.50","28.66","28.42","192.17K","-0.21%"
"04/06/2023","28.65","28.50","28.72","28.50","121.68K","1.27%"
"04/05/2023","28.29","28.29","28.38","28.18","205.70K","0.68%"
"04/04/2023","28.10","28.08","28.19","28.02","97.57K","0.64%"
"04/03/2023","27.92","27.72","27.94","27.72","1.40M","0.18%"
"03/31/2023","27.87","27.94","27.98","27.80","195.42K","-0.21%"
"03/30/2023","27.93","27.94","27.95","27.83","731.58K","1.75%"
"03/29/2023","27.45","27.33","27.47","27.25","71.65K","1.74%"
"03/28/2023","26.98","26.88","27.03","26.87","60.17K","0.30%"
"03/27/2023","26.90","26.72","26.92","26.65","145.31K","1.55%"
"03/24/2023","26.49","26.34","26.51","26.14","216.92K","-0.90%"
"03/23/2023","26.73","27.17","27.30","26.58","197.97K","-0.52%"
"03/22/2023","26.87","27.12","27.40","26.85","155.43K","-0.85%"
"03/21/2023","27.10","27.10","27.16","27.00","165.30K","2.96%"
"03/20/2023","26.32","26.03","26.42","26.03","129.50K","2.09%"
"03/17/2023","25.78","25.88","25.88","25.54","352.88K","-2.20%"
"03/16/2023","26.36","25.74","26.38","25.72","250.26K","1.19%"
"03/15/2023","26.05","25.50","26.07","25.50","408.56K","-4.02%"
"03/14/2023","27.14","27.10","27.20","26.97","309.71K","2.38%"
"03/13/2023","26.51","26.53","26.76","26.45","347.58K","-1.63%"
"03/10/2023","26.95","27.23","27.32","26.89","205.88K","-1.06%"
"03/09/2023","27.24","27.47","27.55","27.19","301.53K","-1.23%"
"03/08/2023","27.58","27.45","27.66","27.40","509.50K","0.95%"
"03/07/2023","27.32","27.80","27.80","27.30","1.02M","-2.15%"
"03/06/2023","27.92","27.82","27.97","27.79","126.02K","0.36%"
"03/03/2023","27.82","27.51","27.83","27.47","148.24K","1.87%"
"03/02/2023","27.31","27.16","27.36","27.14","169.85K","-0.62%"
"03/01/2023","27.48","27.48","27.53","27.35","231.42K","0.26%"
"02/28/2023","27.41","27.60","27.60","27.38","330.31K","0.62%"
"02/27/2023","27.24","27.20","27.30","27.13","153.54K","1.34%"
"02/24/2023","26.88","26.77","26.90","26.74","329.85K","-0.74%"
"02/23/2023","27.08","27.02","27.09","26.83","387.92K","1.08%"
"02/22/2023","26.79","26.90","26.94","26.74","243.80K","-1.00%"
"02/21/2023","27.06","27.15","27.31","27.01","278.56K","-1.64%"
"02/17/2023","27.51","27.23","27.54","27.22","159.67K","0.55%"
"02/16/2023","27.36","27.25","27.48","27.24","244.24K","-0.29%"
"02/15/2023","27.44","27.16","27.44","27.16","205.80K","-0.18%"
"02/14/2023","27.49","27.28","27.55","27.23","266.17K","1.10%"
"02/13/2023","27.19","26.99","27.23","26.99","249.90K","1.38%"
"02/10/2023","26.82","26.83","26.89","26.70","231.42K","-1.22%"
"02/09/2023","27.15","27.39","27.44","27.06","97.78K","-0.15%"
"02/08/2023","27.19","27.27","27.27","27.12","153.57K","-0.11%"
"02/07/2023","27.22","26.93","27.23","26.83","236.16K","0.81%"
"02/06/2023","27.00","27.09","27.11","26.90","177.63K","-0.95%"
"02/03/2023","27.26","27.42","27.55","27.19","282.21K","-1.45%"
"02/02/2023","27.66","27.70","27.72","27.42","557.88K","1.10%"
"02/01/2023","27.36","27.07","27.50","26.93","890.64K","1.67%"
"01/31/2023","26.91","26.70","26.91","26.62","381.72K","0.82%"
"01/30/2023","26.69","26.83","26.91","26.67","145.11K","-0.34%"
"01/27/2023","26.78","26.75","26.85","26.69","3.18M","-0.74%"
"01/26/2023","26.98","26.90","26.99","26.70","293.72K","0.60%"
"01/25/2023","26.82","26.61","26.82","26.57","334.34K","0.37%"
"01/24/2023","26.72","26.60","26.74","26.53","218.38K","0.04%"
"01/23/2023","26.71","26.60","26.72","26.50","370.43K","0.26%"
"01/20/2023","26.64","26.45","26.65","26.37","276.35K","1.45%"
"01/19/2023","26.26","26.01","26.32","25.99","592.49K","-0.38%"
"01/18/2023","26.36","26.77","26.77","26.33","533.66K","-0.08%"
"01/17/2023","26.38","26.51","26.55","26.31","334.95K","-0.64%"
"01/13/2023","26.55","26.26","26.56","26.25","350.30K","0.76%"
"01/12/2023","26.35","26.18","26.41","25.98","364.30K","1.78%"
"01/11/2023","25.89","25.88","25.96","25.76","393.99K","0.19%"
"01/10/2023","25.84","25.72","25.84","25.65","349.92K","1.25%"
"01/09/2023","25.52","25.61","25.77","25.52","405.23K","0.16%"
"01/06/2023","25.48","25.05","25.53","24.97","346.34K","2.33%"
"01/05/2023","24.90","24.87","24.95","24.81","235.27K","-0.28%"
"01/04/2023","24.97","24.85","25.01","24.78","330.23K","2.59%"
"01/03/2023","24.34","24.41","24.54","24.24","674.83K","0.66%"
"12/30/2022","24.18","24.25","24.37","24.16","233.00K","-0.66%"
"12/29/2022","24.34","24.30","24.47","24.29","304.74K","1.37%"
"12/28/2022","24.01","24.26","24.31","24.00","190.90K","-0.58%"
"12/27/2022","24.15","24.16","24.25","24.13","166.37K","-0.12%"
"12/23/2022","24.18","24.07","24.21","24.02","453.11K","0.17%"
"12/22/2022","24.14","24.20","24.22","23.95","420.94K","-0.54%"
"12/21/2022","24.27","24.20","24.35","24.20","271.90K","1.25%"
"12/20/2022","23.97","23.94","24.14","23.93","189.74K","1.14%"
"12/19/2022","23.70","23.81","23.85","23.63","166.89K","-0.21%"
"12/16/2022","23.75","23.74","23.85","23.61","273.57K","-1.21%"
"12/15/2022","24.04","24.24","24.27","23.93","205.58K","-1.64%"
"12/14/2022","24.44","24.42","24.61","24.27","266.04K","0.49%"
"12/13/2022","24.32","24.63","24.68","24.21","255.11K","-0.41%"
"12/12/2022","24.42","24.39","24.43","24.28","477.90K","0.33%"
"12/09/2022","24.34","24.29","24.49","24.29","138.55K","0.08%"
"12/08/2022","24.32","24.28","24.34","24.17","217.19K","-0.41%"
"12/07/2022","24.42","24.44","24.51","24.31","268.29K","0.25%"
"12/06/2022","24.36","24.54","24.57","24.26","383.63K","-0.41%"
"12/05/2022","24.46","24.70","24.77","24.39","244.36K","-0.65%"
"12/02/2022","24.62","24.49","24.69","24.44","303.72K","-0.53%"
"12/01/2022","24.75","24.81","24.87","24.57","294.24K","0.98%"
"11/30/2022","24.51","24.17","24.53","23.99","364.24K","1.87%"
"11/29/2022","24.06","23.92","24.18","23.92","93.43K","0.33%"
"11/28/2022","23.98","24.29","24.37","23.92","119.15K","-1.96%"
"11/25/2022","24.46","24.26","24.48","24.26","81.78K","1.20%"
"11/23/2022","24.17","23.97","24.21","23.96","347.54K","0.79%"
"11/22/2022","23.98","23.75","24.00","23.75","817.66K","2.26%"
"11/21/2022","23.45","23.33","23.48","23.33","512.57K","0.17%"
"11/18/2022","23.41","23.39","23.47","23.32","217.00K","0.52%"
"11/17/2022","23.29","23.05","23.31","23.00","667.39K","-0.64%"
"11/16/2022","23.44","23.44","23.56","23.37","2.37M","0.21%"
"11/15/2022","23.39","23.58","23.62","23.08","519.94K","0.69%"
"11/14/2022","23.23","23.37","23.49","23.22","378.31K","-0.47%"
"11/11/2022","23.34","23.09","23.35","22.95","482.50K","1.35%"
"11/10/2022","23.03","22.75","23.03","22.68","186.02K","3.74%"
"11/09/2022","22.20","22.35","22.52","22.19","172.00K","-0.58%"
"11/08/2022","22.33","22.21","22.42","22.15","183.41K","0.72%"
"11/07/2022","22.17","22.09","22.22","22.05","134.28K","0.18%"
"11/04/2022","22.13","21.87","22.14","21.74","222.74K","3.80%"
"11/03/2022","21.32","21.26","21.40","21.23","143.94K","-1.48%"
"11/02/2022","21.64","21.99","22.21","21.61","308.45K","-1.77%"
"11/01/2022","22.03","22.29","22.30","21.85","225.76K","0.50%"
"10/31/2022","21.92","21.80","21.97","21.78","226.76K","-0.95%"
"10/28/2022","22.13","21.90","22.14","21.75","395.13K","1.33%"
"10/27/2022","21.84","21.94","22.13","21.81","488.50K","-0.50%"
"10/26/2022","21.95","21.64","22.07","21.64","734.87K","1.43%"
"10/25/2022","21.64","21.32","21.65","21.32","259.13K","2.46%"
"10/24/2022","21.12","21.11","21.29","21.02","255.87K","1.20%"
"10/21/2022","20.87","20.34","20.88","20.29","284.19K","1.21%"
"10/20/2022","20.62","20.70","20.89","20.56","276.46K","0.39%"
"10/19/2022","20.54","20.56","20.65","20.44","448.42K","-1.58%"
"10/18/2022","20.87","20.98","21.04","20.71","645.32K","1.51%"
"10/17/2022","20.56","20.49","20.65","20.45","637.51K","3.68%"
"10/14/2022","19.83","20.19","20.29","19.82","639.03K","-1.25%"
"10/13/2022","20.08","19.31","20.14","19.27","894.49K","3.29%"
"10/12/2022","19.44","19.49","19.58","19.43","488.77K","-1.12%"
"10/11/2022","19.66","19.79","19.98","19.59","782.70K","-1.45%"
"10/10/2022","19.95","19.97","20.11","19.85","607.47K","-0.84%"
"10/07/2022","20.12","20.30","20.32","20.04","481.98K","-1.37%"
"10/06/2022","20.40","20.56","20.64","20.38","422.96K","-2.53%"
"10/05/2022","20.93","20.80","21.03","20.65","412.17K","-1.97%"
"10/04/2022","21.35","21.08","21.36","21.08","568.06K","4.55%"
"10/03/2022","20.42","20.14","20.51","20.09","1.23M","3.03%"
"09/30/2022","19.82","19.91","20.11","19.81","998.57K","-0.85%"
"09/29/2022","19.99","19.85","20.00","19.64","1.05M","-1.43%"
"09/28/2022","20.28","19.80","20.32","19.73","523.81K","2.32%"
"09/27/2022","19.82","20.06","20.17","19.69","656.02K","-1.64%"
"09/26/2022","20.15","20.27","20.47","20.05","515.81K","-2.09%"
"09/23/2022","20.58","20.81","20.81","20.41","697.51K","-3.88%"
"09/22/2022","21.41","21.60","21.63","21.30","682.33K","0.19%"
"09/21/2022","21.37","21.75","21.82","21.35","689.33K","-2.15%"
"09/20/2022","21.84","21.94","21.98","21.67","344.73K","-2.33%"
"09/19/2022","22.36","22.03","22.36","21.99","323.54K","0.54%"
"09/16/2022","22.24","22.12","22.29","22.08","256.60K","-0.63%"
"09/15/2022","22.38","22.28","22.55","22.27","338.21K","0.31%"
"09/14/2022","22.31","22.26","22.40","22.17","193.83K","0.72%"
"09/13/2022","22.15","22.48","22.67","22.14","276.20K","-3.57%"
"09/12/2022","22.97","22.87","23.07","22.87","371.01K","2.09%"
"09/09/2022","22.50","22.43","22.52","22.36","205.39K","2.60%"
"09/08/2022","21.93","21.52","21.95","21.49","363.39K","0.05%"
"09/07/2022","21.92","21.43","21.93","21.42","319.13K","2.48%"
"09/06/2022","21.39","21.55","21.64","21.34","567.81K","-0.05%"
"09/02/2022","21.40","21.83","22.06","21.33","588.57K","-1.25%"
"09/01/2022","21.67","21.66","21.70","21.44","304.97K","-0.46%"
"08/31/2022","21.77","21.88","22.02","21.75","344.08K","-1.18%"
"08/30/2022","22.03","22.27","22.28","21.99","419.56K","-0.50%"
"08/29/2022","22.14","22.09","22.25","22.00","195.80K","0.36%"
"08/26/2022","22.06","22.64","22.69","22.06","373.72K","-2.65%"
"08/25/2022","22.66","22.47","22.67","22.43","101.10K","0.58%"
"08/24/2022","22.53","22.42","22.62","22.39","257.54K","-0.35%"
"08/23/2022","22.61","22.62","22.77","22.56","458.14K","-0.18%"
"08/22/2022","22.65","22.75","22.75","22.61","365.54K","-1.74%"
"08/19/2022","23.05","23.16","23.16","22.98","351.98K","-1.62%"
"08/18/2022","23.43","23.63","23.63","23.36","334.07K","-0.93%"
"08/17/2022","23.65","23.55","23.77","23.55","334.68K","-0.71%"
"08/16/2022","23.82","23.69","23.89","23.69","275.54K","0.63%"
"08/15/2022","23.67","23.60","23.68","23.51","805.25K","-0.71%"
"08/12/2022","23.84","23.70","23.85","23.62","204.09K","0.72%"
"08/11/2022","23.67","23.88","23.90","23.62","346.20K","0.17%"
"08/10/2022","23.63","23.64","23.73","23.57","388.80K","1.42%"
"08/09/2022","23.30","23.30","23.45","23.28","325.00K","1.13%"
"08/08/2022","23.04","23.06","23.19","23.01","275.87K","0.57%"
"08/05/2022","22.91","22.72","22.94","22.70","1.67M","0.31%"
"08/04/2022","22.84","22.71","22.88","22.70","589.79K","0.71%"
"08/03/2022","22.68","22.66","22.72","22.52","381.40K","0.93%"
"08/02/2022","22.47","22.69","22.69","22.47","420.38K","-0.79%"
"08/01/2022","22.65","22.76","22.81","22.55","440.90K","-1.26%"
"07/29/2022","22.94","22.66","22.95","22.61","463.38K","1.50%"
"07/28/2022","22.60","22.40","22.63","22.20","618.58K","-0.92%"
"07/27/2022","22.81","22.50","22.87","22.41","445.60K","2.52%"
"07/26/2022","22.25","22.27","22.39","22.20","378.15K","-1.33%"
"07/25/2022","22.55","22.53","22.59","22.38","700.93K","1.30%"
"07/22/2022","22.26","22.30","22.48","22.18","729.58K","0.00%"
"07/21/2022","22.26","22.06","22.32","22.03","673.93K","0.68%"
"07/20/2022","22.11","22.37","22.38","21.94","625.60K","-2.51%"
"07/19/2022","22.68","22.55","22.78","22.55","701.23K","3.94%"
"07/18/2022","21.82","21.94","22.14","21.79","1.71M","-0.09%"
"07/15/2022","21.84","21.70","21.92","21.57","659.16K","1.82%"
"07/14/2022","21.45","21.25","21.47","21.12","1.71M","-2.05%"
"07/13/2022","21.90","21.66","22.03","21.65","842.09K","0.18%"
"07/12/2022","21.86","21.85","22.10","21.81","1.43M","-1.97%"
"07/11/2022","22.30","22.33","22.45","22.25","591.64K","-1.28%"
"07/08/2022","22.59","22.58","22.69","22.45","1.49M","-0.26%"
"07/07/2022","22.65","22.53","22.67","22.53","721.26K","1.25%"
"07/06/2022","22.37","22.35","22.41","22.16","679.46K","-1.89%"
"07/05/2022","22.80","22.67","22.80","22.41","1.15M","-3.55%"
"07/01/2022","23.64","23.17","23.65","23.08","718.46K","1.37%"
"06/30/2022","23.32","22.85","23.37","22.77","881.24K","-0.17%"
"06/29/2022","23.36","23.57","23.57","23.33","689.30K","-1.10%"
"06/28/2022","23.62","23.93","24.04","23.61","711.32K","-0.38%"
"06/27/2022","23.71","23.65","23.90","23.58","623.71K","-0.63%"
"06/24/2022","23.86","23.46","23.87","23.46","718.37K","2.23%"
"06/23/2022","23.34","23.23","23.36","23.02","731.49K","0.26%"
"06/22/2022","23.28","23.18","23.56","23.14","1.12M","-0.72%"
"06/21/2022","23.45","23.59","23.63","23.45","550.02K","0.86%"
"06/17/2022","23.25","23.36","23.47","23.10","881.20K","0.13%"
"06/16/2022","23.22","23.03","23.38","22.98","1.19M","-0.43%"
"06/15/2022","23.32","23.28","23.49","22.90","932.26K","2.24%"
"06/14/2022","22.81","23.15","23.24","22.62","1.04M","-1.64%"
"06/13/2022","23.19","23.34","23.45","23.12","1.08M","-3.17%"
"06/10/2022","23.95","24.09","24.09","23.81","1.72M","-3.78%"
"06/09/2022","24.89","25.33","25.40","24.87","588.39K","-4.23%"
"06/08/2022","25.99","26.12","26.21","25.97","420.83K","-1.22%"
"06/07/2022","26.31","26.06","26.33","26.02","460.98K","0.73%"
"06/06/2022","26.12","26.22","26.29","26.06","381.31K","0.73%"
"06/03/2022","25.93","25.86","25.99","25.83","626.90K","-0.95%"
"06/02/2022","26.18","25.88","26.18","25.77","806.78K","1.43%"
"06/01/2022","25.81","26.16","26.17","25.71","1.37M","-1.68%"
"05/31/2022","26.25","26.30","26.40","26.18","724.79K","-1.06%"
"05/27/2022","26.53","26.43","26.55","26.35","304.14K","0.49%"
"05/26/2022","26.40","26.27","26.48","26.26","550.17K","1.15%"
"05/25/2022","26.10","25.84","26.25","25.84","808.91K","0.73%"
"05/24/2022","25.91","25.68","26.00","25.62","905.80K","1.33%"
"05/23/2022","25.57","25.29","25.59","25.27","1.39M","2.44%"
"05/20/2022","24.96","25.01","25.05","24.64","699.25K","0.97%"
"05/19/2022","24.72","24.56","24.89","24.54","1.43M","1.10%"
"05/18/2022","24.45","24.78","24.85","24.42","720.43K","-1.57%"
"05/17/2022","24.84","24.69","24.84","24.58","1.97M","2.48%"
"05/16/2022","24.24","24.13","24.36","24.00","481.30K","0.58%"
"05/13/2022","24.10","23.81","24.14","23.79","442.72K","2.38%"
"05/12/2022","23.54","23.65","23.84","23.34","1.17M","-1.42%"
"05/11/2022","23.88","24.05","24.45","23.86","802.20K","0.13%"
"05/10/2022","23.85","24.10","24.12","23.68","985.98K","0.59%"
"05/09/2022","23.71","23.91","24.04","23.66","717.46K","-2.47%"
"05/06/2022","24.31","24.43","24.43","24.12","2.40M","-0.53%"
"05/05/2022","24.44","24.81","24.82","24.23","693.64K","-3.44%"
"05/04/2022","25.31","24.84","25.36","24.60","981.58K","1.73%"
"05/03/2022","24.88","24.89","24.96","24.75","733.67K","1.68%"
"05/02/2022","24.47","24.54","24.60","24.19","741.76K","-0.41%"
"04/29/2022","24.57","24.91","25.01","24.54","866.87K","-0.97%"
"04/28/2022","24.81","24.55","24.84","24.34","617.90K","1.47%"
"04/27/2022","24.45","24.40","24.64","24.38","741.22K","-0.20%"
"04/26/2022","24.50","24.94","24.98","24.50","865.40K","-4.15%"
"04/25/2022","25.56","25.40","25.59","25.17","1.14M","0.39%"
"04/22/2022","25.46","25.95","25.95","25.44","535.28K","-1.47%"
"04/21/2022","25.84","26.40","26.43","25.75","702.86K","-1.00%"
"04/20/2022","26.10","26.22","26.25","26.00","414.82K","0.58%"
"04/19/2022","25.95","25.69","25.96","25.69","374.71K","0.78%"
"04/18/2022","25.75","25.82","25.92","25.67","429.01K","-0.23%"
"04/14/2022","25.81","25.84","25.97","25.64","604.52K","0.16%"
"04/13/2022","25.77","25.52","25.81","25.52","428.13K","1.38%"
"04/12/2022","25.42","25.66","25.75","25.37","598.56K","-0.70%"
"04/11/2022","25.60","25.79","25.88","25.58","694.46K","-0.58%"
"04/08/2022","25.75","25.68","25.86","25.62","670.31K","0.59%"
"04/07/2022","25.60","25.79","25.79","25.36","805.29K","0.27%"
"04/06/2022","25.53","25.49","25.67","25.33","871.62K","-0.78%"
"04/05/2022","25.73","25.93","26.01","25.68","873.15K","0.04%"
"04/04/2022","25.72","25.51","25.75","25.49","572.18K","-0.35%"
"04/01/2022","25.81","25.79","25.84","25.58","650.07K","1.37%"
"03/31/2022","25.46","25.84","25.90","25.46","682.33K","-2.11%"
"03/30/2022","26.01","26.00","26.12","25.89","791.66K","-0.46%"
"03/29/2022","26.13","26.09","26.17","25.89","831.22K","3.44%"
"03/28/2022","25.26","25.15","25.26","25.00","616.97K","0.72%"
"03/25/2022","25.08","24.97","25.13","24.90","518.25K","0.28%"
"03/24/2022","25.01","24.88","25.07","24.83","818.49K","0.40%"
"03/23/2022","24.91","24.98","25.09","24.89","791.52K","-2.62%"
"03/22/2022","25.58","25.39","25.60","25.36","593.28K","1.39%"
"03/21/2022","25.23","25.44","25.46","25.14","1.14M","-0.98%"
"03/18/2022","25.48","25.06","25.52","25.02","1.16M","-0.12%"
"03/17/2022","25.51","25.15","25.60","25.15","1.11M","0.67%"
"03/16/2022","25.34","25.06","25.51","24.74","2.06M","2.38%"
"03/15/2022","24.75","24.72","24.84","24.48","1.91M","1.14%"
"03/14/2022","24.47","24.58","24.74","24.38","1.11M","1.66%"
"03/11/2022","24.07","24.65","24.71","24.07","1.86M","-1.15%"
"03/10/2022","24.35","24.25","24.61","24.22","1.91M","-1.38%"
"03/09/2022","24.69","24.40","24.93","24.31","2.69M","4.53%"
"03/08/2022","23.62","23.56","24.17","23.09","3.50M","5.16%"
"03/07/2022","22.46","23.18","23.23","22.29","3.33M","-3.31%"
"03/04/2022","23.23","23.35","23.40","22.92","1.85M","-3.69%"
"03/03/2022","24.12","24.52","24.54","23.98","1.72M","-3.87%"
"03/02/2022","25.09","25.09","25.22","24.95","2.15M","2.16%"
"03/01/2022","24.56","25.36","25.39","24.33","2.36M","-3.99%"
"02/28/2022","25.58","25.49","25.98","25.41","2.37M","-2.14%"
"02/25/2022","26.14","25.73","26.15","25.73","2.48M","3.40%"
"02/24/2022","25.28","24.52","25.35","24.48","3.53M","-1.13%"
"02/23/2022","25.57","26.20","26.21","25.52","1.94M","-1.24%"
"02/22/2022","25.89","25.95","26.17","25.69","1.91M","-1.37%"
"02/18/2022","26.25","26.35","26.47","26.19","1.23M","-0.64%"
"02/17/2022","26.42","26.71","26.72","26.39","1.32M","-1.86%"
"02/16/2022","26.92","26.64","26.98","26.64","1.27M","0.52%"
"02/15/2022","26.78","26.61","26.82","26.56","1.14M","2.41%"
"02/14/2022","26.15","26.38","26.40","25.96","1.66M","-1.17%"
"02/11/2022","26.46","27.09","27.18","26.37","3.85M","-3.04%"
"02/10/2022","27.29","27.21","27.68","27.19","2.39M","-0.33%"
"02/09/2022","27.38","27.31","27.41","27.30","1.20M","1.60%"
"02/08/2022","26.95","26.74","26.95","26.71","1.06M","1.43%"
"02/07/2022","26.57","26.63","26.77","26.53","1.95M","-1.30%"
"02/04/2022","26.92","26.71","27.04","26.64","1.81M","0.15%"
"02/03/2022","26.88","26.97","27.03","26.83","1.84M","0.07%"
"02/02/2022","26.86","26.86","26.90","26.70","1.35M","0.30%"
"02/01/2022","26.78","26.65","26.81","26.53","1.25M","1.52%"
"01/31/2022","26.38","26.00","26.44","25.97","2.03M","0.53%"
"01/28/2022","26.24","26.08","26.32","25.90","1.33M","0.42%"
"01/27/2022","26.13","26.36","26.46","26.03","2.19M","0.38%"
"01/26/2022","26.03","26.44","26.48","25.89","1.99M","-0.12%"
"01/25/2022","26.06","25.87","26.22","25.64","2.64M","-0.69%"
"01/24/2022","26.24","25.86","26.24","25.47","3.69M","-0.15%"
"01/21/2022","26.28","26.56","26.56","26.28","1.66M","-0.90%"
"01/20/2022","26.52","26.86","26.95","26.50","1.04M","-0.49%"
"01/19/2022","26.65","26.91","26.92","26.65","1.08M","-0.63%"
"01/18/2022","26.82","26.95","26.98","26.77","3.39M","-1.43%"
"01/14/2022","27.21","27.05","27.24","27.02","1.14M","0.96%"
"01/13/2022","26.95","27.25","27.25","26.94","2.89M","-0.52%"
"01/12/2022","27.09","26.96","27.12","26.91","535.69K","0.15%"
"01/11/2022","27.05","26.69","27.05","26.64","1.23M","1.12%"
"01/10/2022","26.75","26.69","26.77","26.51","1.07M","-0.19%"
"01/07/2022","26.80","26.54","26.82","26.52","797.55K","0.79%"
"01/06/2022","26.59","26.53","26.67","26.39","965.88K","1.26%"
"01/05/2022","26.26","26.69","26.74","26.26","1.15M","-1.13%"
"01/04/2022","26.56","26.57","26.69","26.51","887.54K","0.04%"
"01/03/2022","26.55","26.49","26.59","26.41","1.26M","1.07%"
"12/31/2021","26.27","26.23","26.44","26.23","609.62K","0.00%"
"12/30/2021","26.27","26.41","26.45","26.26","711.73K","-0.38%"
"12/29/2021","26.37","26.27","26.39","26.22","1.08M","0.50%"
"12/28/2021","26.24","26.24","26.35","26.21","1.22M","0.42%"
"12/27/2021","26.13","26.06","26.16","25.96","2.95M","1.04%"
"12/23/2021","25.86","25.78","25.92","25.77","558.95K","1.13%"
"12/22/2021","25.57","25.32","25.61","25.27","687.63K","1.19%"
"12/21/2021","25.27","25.11","25.28","25.10","1.24M","1.32%"
"12/20/2021","24.94","24.76","24.94","24.68","1.46M","0.69%"
"12/17/2021","24.77","24.89","24.94","24.73","1.82M","-1.31%"
"12/16/2021","25.10","25.25","25.30","25.00","1.36M","0.36%"
"12/15/2021","25.01","24.84","25.03","24.64","1.54M","0.16%"
"12/14/2021","24.97","24.91","25.09","24.86","1.20M","0.52%"
"12/13/2021","24.84","25.00","25.03","24.76","534.88K","-2.47%"
"12/10/2021","25.47","25.43","25.49","25.34","497.31K","0.24%"
"12/09/2021","25.41","25.68","25.68","25.40","619.40K","-1.97%"
"12/08/2021","25.92","25.96","25.97","25.85","622.61K","0.19%"
"12/07/2021","25.87","25.76","25.91","25.75","622.56K","0.62%"
"12/06/2021","25.71","25.48","25.75","25.41","930.06K","2.27%"
"12/03/2021","25.14","25.37","25.37","25.00","1.49M","-0.95%"
"12/02/2021","25.38","25.26","25.46","25.23","1.41M","0.55%"
"12/01/2021","25.24","25.73","25.83","25.24","2.88M","-0.55%"
"11/30/2021","25.38","25.64","25.75","25.15","2.19M","-1.05%"
"11/29/2021","25.65","25.83","25.83","25.49","1.00M","0.51%"
"11/26/2021","25.52","25.73","25.78","25.40","1.01M","-3.55%"
"11/24/2021","26.46","26.34","26.47","26.32","944.42K","-0.79%"
"11/23/2021","26.67","26.61","26.69","26.55","807.61K","0.57%"
"11/22/2021","26.52","26.40","26.70","26.38","793.76K","0.11%"
"11/19/2021","26.49","26.66","26.66","26.46","1.61M","-2.43%"
"11/18/2021","27.15","27.12","27.18","27.00","1.06M","-0.80%"
"11/17/2021","27.37","27.41","27.44","27.33","468.25K","-0.26%"
"11/16/2021","27.44","27.69","27.70","27.43","425.20K","-0.97%"
"11/15/2021","27.71","27.90","27.90","27.70","417.81K","-0.50%"
"11/12/2021","27.85","27.81","27.89","27.80","504.80K","-0.29%"
"11/11/2021","27.93","27.99","28.04","27.92","613.69K","-0.50%"
"11/10/2021","28.07","28.36","28.39","28.04","1.42M","-0.28%"
"11/09/2021","28.15","28.31","28.34","28.12","3.42M","-0.32%"
"11/08/2021","28.24","28.25","28.29","28.18","862.75K","-0.28%"
"11/05/2021","28.32","28.32","28.38","28.19","556.31K","0.89%"
"11/04/2021","28.07","28.14","28.14","27.93","810.05K","-1.13%"
"11/03/2021","28.39","28.07","28.42","28.06","732.99K","-0.21%"
"11/02/2021","28.45","28.51","28.53","28.41","1.26M","-1.11%"
"11/01/2021","28.77","28.56","28.77","28.54","838.59K","1.77%"
"10/29/2021","28.27","28.32","28.37","28.14","918.79K","-0.46%"
"10/28/2021","28.40","28.19","28.42","28.15","546.82K","1.87%"
"10/27/2021","27.88","27.96","28.05","27.88","753.84K","-0.54%"
"10/26/2021","28.03","28.07","28.14","27.99","622.38K","0.68%"
"10/25/2021","27.84","27.82","27.87","27.75","713.30K","-0.29%"
"10/22/2021","27.92","27.94","28.06","27.79","805.48K","-0.25%"
"10/21/2021","27.99","28.03","28.07","27.92","536.28K","-0.96%"
"10/20/2021","28.26","28.09","28.30","28.09","669.93K","0.75%"
"10/19/2021","28.05","28.00","28.09","27.99","676.12K","0.94%"
"10/18/2021","27.79","27.69","27.82","27.63","634.95K","-0.64%"
"10/15/2021","27.97","27.94","28.01","27.86","3.82M","0.47%"
"10/14/2021","27.84","28.07","28.07","27.76","4.93M","0.40%"
"10/13/2021","27.73","27.65","27.75","27.53","590.72K","0.14%"
"10/12/2021","27.69","27.64","27.76","27.58","733.41K","0.87%"
"10/11/2021","27.45","27.65","27.70","27.44","540.96K","-1.29%"
"10/08/2021","27.81","27.80","27.90","27.77","732.96K","0.43%"
"10/07/2021","27.69","27.70","27.81","27.64","665.56K","1.43%"
"10/06/2021","27.30","27.07","27.32","27.00","878.14K","-0.73%"
"10/05/2021","27.50","27.27","27.62","27.23","521.10K","1.14%"
"10/04/2021","27.19","27.24","27.44","27.11","696.95K","0.04%"
"10/01/2021","27.18","27.03","27.27","26.84","763.96K","0.78%"
"09/30/2021","26.97","27.13","27.23","26.93","1.29M","-1.17%"
"09/29/2021","27.29","27.20","27.47","27.16","949.18K","-0.04%"
"09/28/2021","27.30","27.70","27.73","27.26","1.08M","-2.43%"
"09/27/2021","27.98","27.99","28.06","27.96","484.44K","1.30%"
"09/24/2021","27.62","27.59","27.67","27.56","524.19K","-0.11%"
"09/23/2021","27.65","27.56","27.72","27.54","524.52K","1.65%"
"09/22/2021","27.20","27.31","27.50","27.20","1.06M","0.52%"
"09/21/2021","27.06","27.17","27.31","27.04","1.05M","1.16%"
"09/20/2021","26.75","26.83","26.96","26.56","1.35M","-2.19%"
"09/17/2021","27.35","27.69","27.73","27.32","3.83M","-0.65%"
"09/16/2021","27.53","27.49","27.55","27.38","575.62K","0.11%"
"09/15/2021","27.50","27.53","27.56","27.33","1.05M","-0.87%"
"09/14/2021","27.74","28.12","28.13","27.72","1.59M","-0.93%"
"09/13/2021","28.00","27.95","28.07","27.90","968.60K","1.89%"
"09/10/2021","27.48","27.68","27.69","27.46","735.31K","-1.33%"
"09/09/2021","27.85","27.78","28.00","27.78","3.29M","-0.61%"
"09/08/2021","28.02","28.13","28.24","27.98","1.04M","-0.60%"
"09/07/2021","28.19","28.17","28.33","28.17","599.98K","-0.39%"
"09/03/2021","28.30","28.40","28.42","28.28","986.46K","-1.08%"
"09/02/2021","28.61","28.59","28.73","28.59","1.42M","0.07%"
"09/01/2021","28.59","28.62","28.75","28.25","933.85K","1.71%"
"08/31/2021","28.11","28.08","28.21","28.02","1.39M","-0.07%"
"08/30/2021","28.13","28.18","28.19","28.10","895.32K","-0.74%"
"08/27/2021","28.34","28.05","28.36","28.03","450.70K","0.96%"
"08/26/2021","28.07","28.21","28.30","28.06","479.97K","-1.20%"
"08/25/2021","28.41","28.37","28.46","28.33","430.53K","0.25%"
"08/24/2021","28.34","28.14","28.38","28.14","471.81K","-0.21%"
"08/23/2021","28.40","28.33","28.49","28.28","753.52K","0.57%"
"08/20/2021","28.24","27.99","28.28","27.98","624.37K","0.57%"
"08/19/2021","28.08","28.16","28.25","28.02","769.18K","-0.25%"
"08/18/2021","28.15","28.08","28.34","28.07","722.94K","0.82%"
"08/17/2021","27.92","27.94","28.03","27.77","965.20K","-1.52%"
"08/16/2021","28.35","28.29","28.35","28.17","941.55K","-0.77%"
"08/13/2021","28.57","28.50","28.57","28.47","812.60K","0.46%"
"08/12/2021","28.44","28.39","28.44","28.32","2.01M","-0.11%"
"08/11/2021","28.47","28.32","28.47","28.30","640.17K","1.14%"
"08/10/2021","28.15","28.01","28.15","28.00","1.54M","0.29%"
"08/09/2021","28.07","28.09","28.12","28.04","1.58M","-0.43%"
"08/08/2021","28.19","28.19","28.19","28.19","","0.00%"
"08/07/2021","28.19","28.19","28.19","28.19","","0.00%"
"08/06/2021","28.19","28.18","28.19","28.12","593.66K","0.36%"
"08/05/2021","28.09","28.03","28.20","28.03","364.99K","0.29%"
"08/04/2021","28.01","28.04","28.14","27.97","654.91K","-0.67%"
"08/03/2021","28.20","28.14","28.20","27.94","943.68K","0.82%"
"08/02/2021","27.97","28.06","28.12","27.92","856.72K","0.68%"
"07/30/2021","27.78","27.84","27.89","27.69","565.43K","-1.07%"
"07/29/2021","28.08","28.23","28.24","28.08","466.92K","0.68%"
"07/28/2021","27.89","27.78","27.91","27.71","548.25K","0.00%"
"07/27/2021","27.89","27.65","27.90","27.58","744.34K","-0.32%"
"07/26/2021","27.98","27.84","27.99","27.84","924.57K","0.94%"
"07/23/2021","27.72","27.81","27.85","27.68","1.06M","0.98%"
"07/22/2021","27.45","27.71","27.71","27.38","1.45M","0.04%"
"07/21/2021","27.44","27.05","27.47","27.05","1.39M","2.62%"
"07/20/2021","26.74","26.33","26.77","26.30","1.09M","0.87%"
"07/19/2021","26.51","26.57","26.64","26.41","687.14K","-2.10%"
"07/16/2021","27.08","27.28","27.28","26.95","810.43K","-0.66%"
"07/15/2021","27.26","27.23","27.33","27.14","376.46K","-1.69%"
"07/14/2021","27.73","27.83","27.85","27.66","984.84K","-0.25%"
"07/13/2021","27.80","27.95","27.97","27.74","617.06K","-2.04%"
"07/12/2021","28.38","28.13","28.39","28.11","761.84K","0.42%"
"07/09/2021","28.26","27.98","28.30","27.93","743.20K","1.62%"
"07/08/2021","27.81","27.85","27.88","27.67","2.07M","-1.66%"
"07/07/2021","28.28","28.30","28.37","28.16","946.29K","-0.25%"
"07/06/2021","28.35","28.57","28.62","28.25","684.59K","-0.77%"
"07/05/2021","28.57","28.57","28.57","28.57","","0.00%"
"07/04/2021","28.57","28.57","28.57","28.57","","0.00%"
"07/03/2021","28.57","28.57","28.57","28.57","","0.00%"
"07/02/2021","28.57","28.53","28.58","28.40","401.97K","-0.42%"
"07/01/2021","28.69","28.63","28.72","28.54","623.02K","0.95%"
"06/30/2021","28.42","28.34","28.51","28.28","640.02K","-1.15%"
"06/29/2021","28.75","28.79","28.85","28.69","425.56K","-0.24%"
"06/28/2021","28.82","28.93","28.95","28.76","421.75K","-1.81%"
"06/25/2021","29.35","29.26","29.36","29.24","283.22K","0.31%"
"06/24/2021","29.26","29.18","29.29","29.18","319.67K","1.32%"
"06/23/2021","28.88","29.13","29.13","28.86","709.07K","-1.20%"
"06/22/2021","29.23","29.09","29.27","29.04","623.63K","-0.17%"
"06/21/2021","29.28","28.96","29.29","28.95","523.73K","1.14%"
"06/18/2021","28.95","28.89","29.04","28.81","541.91K","-2.06%"
"06/17/2021","29.56","29.74","29.77","29.43","678.61K","-1.24%"
"06/16/2021","29.93","30.21","30.24","29.85","1.50M","-1.19%"
"06/15/2021","30.29","30.16","30.30","30.16","1.54M","-0.23%"
"06/14/2021","30.36","30.21","30.41","30.20","333.43K","0.83%"
"06/11/2021","30.11","29.96","30.12","29.94","1.09M","0.40%"
"06/10/2021","29.99","30.02","30.07","29.89","987.58K","-1.77%"
"06/09/2021","30.53","30.60","30.60","30.43","1.80M","0.26%"
"06/08/2021","30.45","30.34","30.50","30.32","616.37K","-0.33%"
"06/07/2021","30.55","30.40","30.58","30.40","975.82K","0.89%"
"06/04/2021","30.28","30.35","30.35","30.20","489.07K","-0.33%"
"06/03/2021","30.38","30.35","30.39","30.27","909.76K","-0.82%"
"06/02/2021","30.63","30.50","30.64","30.47","692.14K","-0.33%"
"06/01/2021","30.73","30.80","30.88","30.68","577.02K","-0.03%"
"05/28/2021","30.74","30.63","30.82","30.61","688.09K","0.36%"
"05/27/2021","30.63","30.69","30.79","30.54","721.78K","0.03%"
"05/26/2021","30.62","30.58","30.66","30.51","417.39K","-0.49%"
"05/25/2021","30.77","30.85","30.87","30.74","1.84M","0.33%"
"05/24/2021","30.67","30.58","30.71","30.52","619.14K","0.20%"
"05/21/2021","30.61","30.57","30.64","30.47","600.45K","0.66%"
"05/20/2021","30.41","30.18","30.43","30.10","392.72K","1.00%"
"05/19/2021","30.11","30.16","30.24","29.86","672.13K","-1.12%"
"05/18/2021","30.45","30.52","30.57","30.38","874.28K","0.30%"
"05/17/2021","30.36","30.18","30.38","30.18","732.09K","-0.20%"
"05/14/2021","30.42","30.03","30.43","30.03","663.35K","2.53%"
"05/13/2021","29.67","29.37","29.71","29.36","1.07M","0.58%"
"05/12/2021","29.50","29.64","29.83","29.45","584.03K","-0.71%"
"05/11/2021","29.71","29.63","29.85","29.61","899.96K","-0.93%"
"05/10/2021","29.99","30.19","30.24","29.96","1.36M","-0.37%"
"05/07/2021","30.10","29.61","30.11","29.61","2.37M","1.69%"
"05/06/2021","29.60","29.33","29.61","29.22","351.91K","0.89%"
"05/05/2021","29.34","29.26","29.38","29.19","203.05K","1.17%"
"05/04/2021","29.00","29.18","29.24","28.80","490.19K","-0.68%"
"05/03/2021","29.20","29.12","29.26","29.08","613.44K","0.97%"
"04/30/2021","28.92","29.10","29.15","28.80","429.16K","-1.03%"
"04/29/2021","29.22","29.21","29.22","28.98","1.09M","0.59%"
"04/28/2021","29.05","28.80","29.06","28.80","564.97K","0.76%"
"04/27/2021","28.83","28.66","28.85","28.57","462.59K","1.16%"
"04/26/2021","28.50","28.42","28.53","28.42","1.15M","0.78%"
"04/23/2021","28.28","28.15","28.32","28.09","905.99K","0.53%"
"04/22/2021","28.13","28.19","28.27","28.09","548.90K","0.32%"
"04/21/2021","28.04","27.55","28.05","27.52","474.74K","0.90%"
"04/20/2021","27.79","27.98","28.00","27.69","1.08M","-2.39%"
"04/19/2021","28.47","28.49","28.57","28.42","768.48K","1.21%"
"04/16/2021","28.13","28.01","28.13","27.96","605.66K","0.57%"
"04/15/2021","27.97","28.01","28.01","27.84","1.77M","0.07%"
"04/14/2021","27.95","27.88","28.02","27.88","504.20K","0.47%"
"04/13/2021","27.82","27.58","27.86","27.56","737.53K","0.22%"
"04/12/2021","27.76","27.73","27.80","27.66","516.55K","-0.43%"
"04/09/2021","27.88","27.82","27.89","27.77","386.23K","-0.54%"
"04/08/2021","28.03","27.82","28.04","27.76","395.13K","0.47%"
"04/07/2021","27.90","27.84","27.91","27.78","514.83K","0.18%"
"04/06/2021","27.85","27.74","27.85","27.72","579.18K","-0.85%"
"04/05/2021","28.09","27.94","28.13","27.80","754.52K","1.66%"
"04/01/2021","27.63","27.39","27.69","27.33","1.17M","0.88%"
"03/31/2021","27.39","27.49","27.57","27.39","1.35M","-0.25%"
"03/30/2021","27.46","27.34","27.51","27.32","684.39K","0.26%"
"03/29/2021","27.39","27.29","27.43","27.19","366.71K","0.00%"
"03/26/2021","27.39","27.28","27.44","27.21","555.41K","1.03%"
"03/25/2021","27.11","26.85","27.14","26.75","495.10K","0.26%"
"03/24/2021","27.04","26.91","27.24","26.91","244.19K","0.04%"
"03/23/2021","27.03","27.22","27.29","26.98","394.48K","-0.33%"
"03/22/2021","27.12","27.21","27.22","27.05","560.59K","-1.60%"
"03/19/2021","27.56","27.51","27.62","27.36","501.04K","-0.29%"
"03/18/2021","27.64","27.82","28.01","27.63","912.73K","-0.79%"
"03/17/2021","27.86","27.63","27.89","27.58","345.63K","0.22%"
"03/16/2021","27.80","27.84","27.84","27.65","285.45K","-0.14%"
"03/15/2021","27.84","27.87","27.90","27.66","361.43K","-0.43%"
"03/12/2021","27.96","27.65","27.96","27.65","1.00M","0.79%"
"03/11/2021","27.74","27.52","27.77","27.45","790.37K","1.06%"
"03/10/2021","27.45","27.44","27.52","27.32","613.30K","0.44%"
"03/09/2021","27.33","27.36","27.36","27.14","434.93K","1.26%"
"03/08/2021","26.99","26.86","27.15","26.84","648.12K","-0.55%"
"03/05/2021","27.14","27.10","27.16","26.68","880.04K","0.67%"
"03/04/2021","26.96","27.18","27.34","26.77","2.37M","0.11%"
"03/03/2021","26.93","27.02","27.15","26.92","725.01K","-1.64%"
"03/02/2021","27.38","27.45","27.50","27.28","515.18K","-0.07%"
"03/01/2021","27.40","27.20","27.50","27.19","720.55K","1.37%"
"02/26/2021","27.03","27.23","27.24","26.98","1.61M","-0.88%"
"02/25/2021","27.27","27.76","27.86","27.23","941.55K","-0.73%"
"02/24/2021","27.47","27.22","27.50","27.16","888.65K","0.07%"
"02/23/2021","27.45","27.28","27.48","27.06","754.42K","1.86%"
"02/22/2021","26.95","26.86","27.07","26.83","383.74K","-0.59%"
"02/19/2021","27.11","27.10","27.22","27.04","425.25K","0.74%"
"02/18/2021","26.91","26.92","26.93","26.72","558.52K","-0.59%"
"02/17/2021","27.07","26.88","27.07","26.77","1.23M","-0.37%"
"02/16/2021","27.17","27.08","27.24","27.04","430.45K","0.67%"
"02/12/2021","26.99","26.71","26.99","26.71","490.57K","0.22%"
"02/11/2021","26.93","26.81","26.93","26.72","519.49K","0.22%"
"02/10/2021","26.87","27.02","27.05","26.76","704.72K","-0.63%"
"02/09/2021","27.04","26.98","27.05","26.88","440.18K","-0.88%"
"02/08/2021","27.28","27.28","27.38","27.15","787.72K","0.22%"
"02/05/2021","27.22","27.12","27.23","27.03","683.68K","1.53%"
"02/04/2021","26.81","26.66","26.82","26.65","344.27K","0.30%"
"02/03/2021","26.73","26.64","26.73","26.46","607.14K","1.21%"
"02/02/2021","26.41","26.44","26.44","26.26","5.14M","1.15%"
"02/01/2021","26.11","26.18","26.18","26.01","1.11M","0.35%"
"01/29/2021","26.02","26.28","26.33","25.92","674.96K","-2.29%"
"01/28/2021","26.63","26.52","26.80","26.50","692.26K","1.64%"
"01/27/2021","26.20","26.40","26.49","26.06","757.78K","-2.89%"
"01/26/2021","26.98","26.98","27.05","26.83","617.78K","0.48%"
"01/25/2021","26.85","26.64","26.86","26.54","679.60K","-0.96%"
"01/22/2021","27.11","27.06","27.17","26.99","574.58K","-1.17%"
"01/21/2021","27.43","27.62","27.65","27.25","493.98K","-0.54%"
"01/20/2021","27.58","27.39","27.59","27.34","349.17K","-0.36%"
"01/19/2021","27.68","27.71","27.71","27.53","393.76K","0.58%"
"01/15/2021","27.52","27.79","27.80","27.39","549.84K","-2.76%"
"01/14/2021","28.30","28.09","28.30","28.05","2.37M","0.04%"
"01/13/2021","28.29","28.19","28.32","28.14","1.13M","0.39%"
"01/12/2021","28.18","28.10","28.20","28.00","1.25M","-0.21%"
"01/11/2021","28.24","28.05","28.32","28.05","4.02M","-1.02%"
"01/08/2021","28.53","28.55","28.57","28.26","677.43K","0.35%"
"01/07/2021","28.43","28.25","28.44","28.17","788.77K","0.25%"
"01/06/2021","28.36","28.09","28.52","28.07","1.89M","3.20%"
"01/05/2021","27.48","27.29","27.57","27.29","1.66M","0.81%"
"01/04/2021","27.26","27.66","27.69","27.15","1.26M","0.81%"
"12/31/2020","27.04","27.21","27.26","27.00","848.43K","-1.49%"
"12/30/2020","27.45","27.53","27.64","27.41","489.53K","-0.22%"
"12/29/2020","27.51","27.72","27.75","27.44","639.08K","0.33%"
"12/28/2020","27.42","27.38","27.51","27.35","507.45K","0.70%"
"12/24/2020","27.23","27.12","27.27","27.12","146.74K","0.41%"
"12/23/2020","27.12","26.91","27.14","26.91","737.29K","2.22%"
"12/22/2020","26.53","26.58","26.64","26.48","421.77K","-0.04%"
"12/21/2020","26.54","26.17","26.64","26.07","1.33M","-1.99%"
"12/18/2020","27.08","27.27","27.29","27.01","693.61K","-1.31%"
"12/17/2020","27.44","27.44","27.53","27.43","648.62K","0.62%"
"12/16/2020","27.27","27.32","27.33","27.11","605.07K","-0.33%"
"12/15/2020","27.36","27.17","27.39","27.14","2.02M","0.51%"
"12/14/2020","27.22","27.39","27.43","27.18","754.39K","-0.91%"
"12/11/2020","27.47","27.37","27.48","27.32","830.24K","-0.90%"
"12/10/2020","27.72","27.51","27.78","27.49","474.49K","-0.22%"
"12/09/2020","27.78","27.88","27.88","27.61","423.99K","-0.25%"
"12/08/2020","27.85","27.76","27.87","27.76","509.40K","-0.04%"
"12/07/2020","27.86","27.96","28.00","27.82","623.95K","-0.96%"
"12/04/2020","28.13","27.95","28.17","27.93","1.06M","1.81%"
"12/03/2020","27.63","27.74","27.80","27.58","525.69K","-0.29%"
"12/02/2020","27.71","27.43","27.75","27.41","934.34K","1.21%"
"12/01/2020","27.38","27.07","27.39","27.07","1.26M","2.28%"
"11/30/2020","26.77","27.32","27.34","26.73","1.99M","-1.83%"
"11/27/2020","27.27","27.13","27.31","27.13","404.82K","0.52%"
"11/25/2020","27.13","26.99","27.18","26.92","954.64K","-0.07%"
"11/24/2020","27.15","26.74","27.17","26.71","993.42K","2.53%"
"11/23/2020","26.48","26.53","26.57","26.29","3.39M","0.46%"
"11/20/2020","26.36","26.38","26.44","26.33","560.34K","-0.34%"
"11/19/2020","26.45","26.25","26.48","26.16","536.98K","1.26%"
"11/18/2020","26.12","26.33","26.47","26.12","573.23K","-0.72%"
"11/17/2020","26.31","26.08","26.41","26.05","716.15K","-0.15%"
"11/16/2020","26.35","26.46","26.50","26.20","631.40K","1.62%"
"11/13/2020","25.93","25.61","25.95","25.61","1.43M","2.65%"
"11/12/2020","25.26","25.49","25.55","25.19","1.55M","-1.48%"
"11/11/2020","25.64","25.53","25.67","25.47","3.89M","0.47%"
"11/10/2020","25.52","25.22","25.62","25.09","5.60M","4.46%"
"11/09/2020","24.43","24.73","24.76","24.40","2.89M","7.29%"
"11/06/2020","22.77","22.89","22.89","22.72","871.36K","0.00%"
"11/05/2020","22.77","22.79","22.93","22.66","1.27M","3.41%"
"11/04/2020","22.02","21.92","22.24","21.78","1.16M","-0.59%"
"11/03/2020","22.15","21.92","22.22","21.92","717.15K","3.22%"
"11/02/2020","21.46","21.36","21.49","21.27","754.06K","2.14%"
"10/30/2020","21.01","21.00","21.02","20.80","1.15M","0.24%"
"10/29/2020","20.96","20.85","21.06","20.68","2.02M","-0.62%"
"10/28/2020","21.09","21.29","21.39","21.02","1.13M","-3.57%"
"10/27/2020","21.87","22.20","22.25","21.83","895.62K","-2.41%"
"10/26/2020","22.41","22.56","22.56","22.25","842.57K","-1.54%"
"10/23/2020","22.76","22.77","22.77","22.60","463.17K","1.52%"
"10/22/2020","22.42","22.31","22.49","22.25","1.08M","-0.22%"
"10/21/2020","22.47","22.52","22.65","22.45","562.76K","-1.36%"
"10/20/2020","22.78","22.81","22.97","22.75","836.83K","2.24%"
"10/19/2020","22.28","22.42","22.56","22.23","545.67K","-0.22%"
"10/16/2020","22.33","22.29","22.43","22.21","587.30K","0.27%"
"10/15/2020","22.27","22.12","22.29","22.11","549.32K","-1.15%"
"10/14/2020","22.53","22.67","22.74","22.51","497.80K","0.58%"
"10/13/2020","22.40","22.65","22.65","22.36","630.98K","-1.97%"
"10/12/2020","22.85","22.78","22.87","22.76","286.22K","-0.04%"
"10/09/2020","22.86","22.92","22.92","22.76","440.28K","-0.22%"
"10/08/2020","22.91","22.81","22.92","22.77","526.95K","1.28%"
"10/07/2020","22.62","22.65","22.73","22.56","454.30K","1.07%"
"10/06/2020","22.38","22.85","22.85","22.36","881.15K","-0.31%"
"10/05/2020","22.45","22.22","22.46","22.22","617.58K","2.00%"
"10/04/2020","22.01","22.01","22.01","22.01","","0.00%"
"10/03/2020","22.01","22.01","22.01","22.01","","0.00%"
"10/02/2020","22.01","21.70","22.07","21.70","334.88K","0.46%"
"10/01/2020","21.91","21.91","21.96","21.78","613.87K","0.69%"
"09/30/2020","21.76","21.92","22.03","21.72","891.63K","-0.46%"
"09/29/2020","21.86","21.98","22.06","21.75","543.26K","-0.50%"
"09/28/2020","21.97","21.83","22.00","21.83","567.39K","2.23%"
"09/27/2020","21.49","21.49","21.49","21.49","","0.00%"
"09/26/2020","21.49","21.49","21.49","21.49","","0.00%"
"09/25/2020","21.49","21.26","21.55","21.22","1.77M","-0.23%"
"09/24/2020","21.54","21.50","21.72","21.35","712.16K","0.89%"
"09/23/2020","21.35","21.84","21.86","21.32","455.16K","-1.43%"
"09/22/2020","21.66","21.86","21.86","21.48","2.29M","-1.68%"
"09/21/2020","22.03","21.99","22.06","21.74","906.61K","-2.91%"
"09/18/2020","22.69","22.83","22.84","22.57","509.59K","-2.11%"
"09/17/2020","23.18","22.99","23.19","22.99","748.21K","0.61%"
"09/16/2020","23.04","23.09","23.27","23.00","432.10K","-0.35%"
"09/15/2020","23.12","23.18","23.22","23.05","248.13K","1.14%"
"09/14/2020","22.86","22.94","22.98","22.82","797.65K","0.26%"
"09/13/2020","22.80","22.80","22.80","22.80","","0.00%"
"09/11/2020","22.80","22.88","22.91","22.68","691.26K","0.22%"
"09/10/2020","22.75","23.17","23.30","22.74","487.71K","-1.17%"
"09/09/2020","23.02","22.95","23.14","22.93","1.06M","1.68%"
"09/08/2020","22.64","22.61","22.84","22.58","927.74K","-2.16%"
"09/04/2020","23.14","23.20","23.25","22.75","758.58K","0.96%"
"09/03/2020","22.92","23.32","23.48","22.84","663.06K","-0.91%"
"09/02/2020","23.13","23.01","23.15","22.84","4.96M","0.39%"
"09/01/2020","23.04","23.09","23.23","22.96","695.82K","-0.48%"
"08/31/2020","23.15","23.39","23.41","23.08","1.20M","-1.91%"
"08/30/2020","23.60","23.60","23.60","23.60","","0.00%"
"08/28/2020","23.60","23.52","23.64","23.40","551.42K","1.81%"
"08/27/2020","23.18","23.46","23.46","23.06","549.03K","-0.94%"
"08/26/2020","23.40","23.42","23.46","23.36","177.32K","-0.17%"
"08/25/2020","23.44","23.72","23.72","23.27","497.58K","0.26%"
"08/24/2020","23.38","23.35","23.43","23.27","327.99K","1.70%"
"08/23/2020","22.99","22.99","22.99","22.99","","0.00%"
"08/22/2020","22.99","22.99","22.99","22.99","","0.00%"
"08/21/2020","22.99","22.77","22.99","22.70","324.19K","-0.69%"
"08/20/2020","23.15","23.01","23.21","22.98","440.06K","-0.60%"
"08/19/2020","23.29","23.48","23.56","23.25","475.52K","-0.38%"
"08/18/2020","23.38","23.62","23.66","23.36","867.54K","-0.30%"
"08/17/2020","23.45","23.50","23.54","23.40","552.09K","-0.21%"
"08/14/2020","23.50","23.49","23.62","23.45","1.19M","-1.09%"
"08/13/2020","23.76","23.92","24.01","23.73","305.30K","-0.71%"
"08/12/2020","23.93","23.97","24.02","23.86","577.98K","1.92%"
"08/11/2020","23.48","23.80","23.89","23.46","510.93K","1.38%"
"08/10/2020","23.16","23.01","23.18","23.01","340.49K","0.87%"
"08/09/2020","22.96","22.96","22.96","22.96","","0.00%"
"08/08/2020","22.96","22.96","22.96","22.96","","0.00%"
"08/07/2020","22.96","22.68","22.96","22.68","295.01K","-0.95%"
"08/06/2020","23.18","23.01","23.19","22.92","489.31K","0.00%"
"08/05/2020","23.18","23.33","23.39","23.17","569.34K","0.04%"
"08/04/2020","23.17","22.80","23.17","22.80","723.14K","0.91%"
"08/03/2020","22.96","22.69","22.98","22.66","589.54K","1.41%"
"08/02/2020","22.64","22.64","22.64","22.64","","0.00%"
"07/31/2020","22.64","23.04","23.04","22.46","964.58K","-2.87%"
"07/30/2020","23.31","23.07","23.32","22.80","825.64K","-2.02%"
"07/29/2020","23.79","23.57","23.82","23.54","640.78K","0.55%"
"07/28/2020","23.66","23.54","23.82","23.49","454.10K","0.00%"
"07/27/2020","23.66","23.53","23.67","23.46","471.51K","-0.04%"
"07/26/2020","23.67","23.67","23.67","23.67","","0.00%"
"07/25/2020","23.67","23.67","23.67","23.67","","0.00%"
"07/24/2020","23.67","23.66","23.79","23.62","529.38K","-0.08%"
"07/23/2020","23.69","23.86","23.97","23.64","458.22K","-1.09%"
"07/22/2020","23.95","23.87","23.98","23.83","264.59K","0.04%"
"07/21/2020","23.94","24.06","24.17","23.91","475.03K","0.00%"
"07/20/2020","23.94","23.80","23.97","23.75","388.28K","0.59%"
"07/17/2020","23.80","23.66","23.85","23.62","573.24K","0.21%"
"07/16/2020","23.75","23.75","23.86","23.66","370.26K","-0.08%"
"07/15/2020","23.77","23.79","23.93","23.69","457.95K","1.45%"
"07/14/2020","23.43","23.01","23.46","23.01","644.50K","1.34%"
"07/13/2020","23.12","23.48","23.55","23.08","532.21K","-0.34%"
"07/12/2020","23.20","23.20","23.20","23.20","","0.00%"
"07/11/2020","23.20","23.20","23.20","23.20","","0.00%"
"07/10/2020","23.20","22.85","23.23","22.84","2.66M","1.84%"
"07/09/2020","22.78","23.09","23.10","22.62","437.85K","-2.02%"
"07/08/2020","23.25","22.98","23.25","22.98","445.04K","0.91%"
"07/07/2020","23.04","23.27","23.34","23.02","522.67K","-1.96%"
"07/06/2020","23.50","23.59","23.72","23.45","850.42K","1.86%"
"07/05/2020","23.07","23.07","23.07","23.07","","0.00%"
"07/04/2020","23.07","23.07","23.07","23.07","","0.00%"
"07/02/2020","23.07","23.26","23.39","23.05","362.07K","2.67%"
"07/01/2020","22.47","22.33","22.57","22.33","565.13K","0.04%"
"06/30/2020","22.46","22.24","22.55","22.16","717.47K","-0.31%"
"06/29/2020","22.53","22.42","22.60","22.28","452.40K","2.13%"
"06/26/2020","22.06","22.50","22.50","22.05","620.54K","-2.60%"
"06/25/2020","22.65","22.25","22.68","22.12","1.58M","1.98%"
"06/24/2020","22.21","22.54","22.62","22.13","1.09M","-3.01%"
"06/23/2020","22.90","23.10","23.14","22.88","936.44K","0.70%"
"06/22/2020","22.74","22.49","22.74","22.38","736.76K","1.52%"
"06/19/2020","22.40","22.86","22.87","22.35","1.13M","-0.49%"
"06/18/2020","22.51","22.45","22.64","22.41","426.48K","-1.23%"
"06/17/2020","22.79","22.96","22.99","22.71","493.84K","-0.09%"
"06/16/2020","22.81","23.12","23.26","22.62","7.72M","0.75%"
"06/15/2020","22.64","21.86","22.70","21.76","821.47K","0.09%"
"06/12/2020","22.62","22.85","22.90","22.25","661.90K","1.66%"
"06/11/2020","22.25","22.83","22.98","22.18","1.05M","-6.51%"
"06/10/2020","23.80","24.13","24.17","23.73","1.01M","-1.37%"
"06/09/2020","24.13","23.96","24.19","23.90","976.55K","-1.95%"
"06/08/2020","24.61","24.52","24.64","24.29","573.69K","2.07%"
"06/07/2020","24.11","24.11","24.11","24.11","","0.00%"
"06/05/2020","24.11","24.25","24.41","24.07","745.52K","2.73%"
"06/04/2020","23.47","23.34","23.66","23.28","1.18M","-0.55%"
"06/03/2020","23.60","23.20","23.64","23.16","1.67M","3.92%"
"06/02/2020","22.71","22.57","22.83","22.52","888.21K","2.39%"
"06/01/2020","22.18","21.88","22.20","21.86","696.67K","2.12%"
"05/29/2020","21.72","21.79","21.88","21.51","1.46M","-0.32%"
"05/28/2020","21.79","21.91","22.02","21.75","855.54K","-0.05%"
"05/27/2020","21.80","21.75","21.82","21.52","911.04K","2.93%"
"05/26/2020","21.18","21.04","21.32","21.04","712.83K","4.75%"
"05/22/2020","20.22","20.23","20.24","20.07","582.60K","0.05%"
"05/21/2020","20.21","20.37","20.47","20.12","438.45K","0.45%"
"05/20/2020","20.12","19.99","20.29","19.95","535.94K","2.24%"
"05/19/2020","19.68","19.94","19.95","19.68","1.05M","-4.42%"
"05/18/2020","20.59","20.07","20.65","20.06","951.51K","5.48%"
"05/15/2020","19.52","19.61","19.65","19.40","369.32K","-1.11%"
"05/14/2020","19.74","19.38","19.75","19.25","541.60K","-0.05%"
"05/13/2020","19.75","20.13","20.13","19.65","488.40K","-1.30%"
"05/12/2020","20.01","20.16","20.35","19.99","6.85M","0.25%"
"05/11/2020","19.96","19.94","20.00","19.81","531.30K","-1.38%"
"05/10/2020","20.24","20.24","20.24","20.24","","0.00%"
"05/09/2020","20.24","20.24","20.24","20.24","","0.00%"
"05/08/2020","20.24","20.21","20.28","20.17","245.97K","1.35%"
"05/07/2020","19.97","19.96","20.10","19.89","265.47K","1.01%"
"05/06/2020","19.77","20.12","20.12","19.77","282.31K","-1.30%"
"05/05/2020","20.03","20.23","20.29","19.97","442.68K","-0.84%"
"05/04/2020","20.20","20.24","20.33","20.02","718.35K","-0.83%"
"05/03/2020","20.37","20.37","20.37","20.37","","0.00%"
"05/02/2020","20.37","20.37","20.37","20.37","","0.00%"
"05/01/2020","20.37","20.44","20.61","20.29","407.18K","-1.93%"
"04/30/2020","20.77","20.83","20.92","20.63","629.17K","-1.61%"
"04/29/2020","21.11","20.96","21.20","20.81","347.67K","4.40%"
"04/28/2020","20.22","20.43","20.50","20.17","572.93K","0.60%"
"04/27/2020","20.10","19.87","20.13","19.85","212.23K","1.16%"
"04/24/2020","19.87","19.84","19.91","19.61","418.31K","0.86%"
"04/23/2020","19.70","20.06","20.25","19.64","909.62K","-1.25%"
"04/22/2020","19.95","20.04","20.05","19.86","202.07K","1.12%"
"04/21/2020","19.73","19.80","20.03","19.66","368.11K","-1.40%"
"04/20/2020","20.01","20.04","20.35","19.95","506.36K","-2.68%"
"04/17/2020","20.56","20.51","20.67","20.31","406.16K","2.44%"
"04/16/2020","20.07","20.41","20.41","19.93","529.48K","-1.86%"
"04/15/2020","20.45","20.47","20.54","20.30","644.17K","-3.54%"
"04/14/2020","21.20","21.27","21.43","21.13","617.72K","1.10%"
"04/13/2020","20.97","21.18","21.23","20.73","294.69K","-0.76%"
"04/09/2020","21.13","21.18","21.20","20.89","727.25K","2.13%"
"04/08/2020","20.69","20.56","20.73","20.40","942.59K","0.93%"
"04/07/2020","20.50","21.26","21.26","20.47","2.04M","0.15%"
"04/06/2020","20.47","20.25","20.53","20.14","1.33M","4.44%"
"04/03/2020","19.60","19.61","19.72","19.38","1.14M","-0.56%"
"04/02/2020","19.71","19.40","19.92","19.24","744.17K","1.23%"
"04/01/2020","19.47","19.87","19.95","19.41","1.09M","-4.18%"
"03/31/2020","20.32","20.23","20.98","20.04","1.96M","-0.29%"
"03/30/2020","20.38","20.13","20.45","19.95","6.47M","0.74%"
"03/28/2020","20.23","20.23","20.23","20.23","","0.00%"
"03/27/2020","20.23","20.40","20.70","20.11","7.42M","-5.73%"
"03/26/2020","21.46","20.70","21.50","20.70","762.13K","4.73%"
"03/25/2020","20.49","19.99","20.95","19.77","674.91K","3.85%"
"03/24/2020","19.73","19.24","20.00","19.04","654.87K","7.34%"
"03/23/2020","18.38","18.44","18.73","18.16","1.36M","0.27%"
"03/21/2020","18.33","18.33","18.33","18.33","","0.00%"
"03/20/2020","18.33","19.14","19.35","18.29","2.22M","-1.50%"
"03/19/2020","18.61","18.56","19.01","18.52","1.12M","2.70%"
"03/18/2020","18.12","18.67","18.96","17.79","3.57M","-7.31%"
"03/17/2020","19.55","18.57","19.66","18.35","870.88K","8.01%"
"03/16/2020","18.10","17.82","18.66","17.60","1.79M","-13.44%"
"03/14/2020","20.91","20.91","20.91","20.91","","0.00%"
"03/13/2020","20.91","20.77","20.96","19.38","3.08M","8.91%"
"03/12/2020","19.20","20.60","20.66","18.95","3.02M","-14.59%"
"03/11/2020","22.48","22.91","23.00","22.21","4.09M","-4.71%"
"03/10/2020","23.59","23.94","23.94","22.77","5.46M","1.16%"
"03/09/2020","23.32","23.75","24.28","23.23","3.47M","-9.19%"
"03/06/2020","25.68","25.74","25.91","25.41","3.54M","-1.80%"
"03/05/2020","26.15","26.36","26.51","26.05","3.29M","-4.46%"
"03/04/2020","27.37","26.82","27.37","26.64","3.23M","3.52%"
"03/03/2020","26.44","27.06","27.36","26.26","4.23M","-1.64%"
"03/02/2020","26.88","26.30","26.89","26.13","3.86M","2.24%"
"02/28/2020","26.29","25.88","26.40","25.60","3.64M","-0.68%"
"02/27/2020","26.47","26.86","27.16","26.47","3.03M","-2.76%"
"02/26/2020","27.22","27.44","27.66","27.21","2.18M","0.81%"
"02/25/2020","27.00","27.70","27.70","26.99","2.35M","-3.23%"
"02/24/2020","27.90","27.87","28.08","27.81","2.32M","-3.89%"
"02/21/2020","29.03","29.00","29.09","28.93","1.67M","-0.24%"
"02/20/2020","29.10","29.27","29.32","28.98","910.59K","-1.15%"
"02/19/2020","29.44","29.46","29.50","29.39","539.89K","0.55%"
"02/18/2020","29.28","29.24","29.36","29.24","1.04M","0.34%"
"02/17/2020","29.18","29.18","29.18","29.18","","0.00%"
"02/14/2020","29.18","29.18","29.21","29.10","1.03M","0.52%"
"02/13/2020","29.03","28.98","29.10","28.88","461.87K","-0.65%"
"02/12/2020","29.22","29.28","29.28","29.16","688.34K","0.48%"
"02/11/2020","29.08","29.04","29.11","29.02","369.80K","0.45%"
"02/10/2020","28.95","28.80","28.95","28.80","563.01K","0.28%"
"02/07/2020","28.87","28.96","28.99","28.85","828.38K","-0.41%"
"02/06/2020","28.99","29.03","29.03","28.94","634.00K","0.55%"
"02/05/2020","28.83","28.79","28.87","28.74","904.64K","1.26%"
"02/04/2020","28.47","28.44","28.54","28.41","2.99M","1.68%"
"02/03/2020","28.00","27.98","28.14","27.98","562.76K","-0.04%"
"01/31/2020","28.01","28.14","28.15","27.89","927.08K","-1.62%"
"01/30/2020","28.47","28.16","28.48","28.16","801.63K","0.71%"
"01/29/2020","28.27","28.29","28.41","28.26","455.17K","0.43%"
"01/28/2020","28.15","28.01","28.18","27.96","486.19K","1.19%"
"01/27/2020","27.82","27.83","28.00","27.80","1.03M","-1.49%"
"01/24/2020","28.24","28.52","28.52","28.16","933.87K","-0.88%"
"01/23/2020","28.49","28.47","28.54","28.30","541.77K","-0.11%"
"01/22/2020","28.52","28.51","28.57","28.47","588.83K","-0.14%"
"01/21/2020","28.56","28.74","28.74","28.52","698.44K","-1.14%"
"01/17/2020","28.89","28.90","28.92","28.80","423.25K","0.56%"
"01/16/2020","28.73","28.70","28.76","28.62","2.54M","1.09%"
"01/15/2020","28.42","28.47","28.51","28.42","610.63K","-0.28%"
"01/14/2020","28.50","28.43","28.55","28.40","1.55M","-0.56%"
"01/13/2020","28.66","28.51","28.66","28.42","632.36K","0.42%"
"01/10/2020","28.54","28.69","28.74","28.52","786.72K","-0.56%"
"01/09/2020","28.70","28.73","28.73","28.59","629.25K","0.00%"
"01/08/2020","28.70","28.62","28.80","28.60","1.06M","0.21%"
"01/07/2020","28.64","28.76","28.76","28.64","428.25K","-1.28%"
"01/06/2020","29.01","28.87","29.02","28.86","612.13K","0.48%"
"01/03/2020","28.87","28.86","29.05","28.86","1.50M","-1.47%"
"01/02/2020","29.30","29.15","29.32","29.11","1.29M","1.31%"
"12/31/2019","28.92","28.82","28.94","28.70","659.20K","-0.07%"
"12/30/2019","28.94","29.08","29.11","28.90","933.50K","-0.48%"
"12/27/2019","29.08","29.03","29.12","29.03","1.17M","0.48%"
"12/26/2019","28.94","28.76","28.95","28.76","328.70K","0.59%"
"12/24/2019","28.77","28.82","28.82","28.75","375.71K","-0.17%"
"12/23/2019","28.82","28.82","28.88","28.79","1.16M","0.00%"
"12/20/2019","28.82","28.85","28.88","28.78","582.06K","0.00%"
"12/19/2019","28.82","28.70","28.83","28.70","1.52M","0.07%"
"12/18/2019","28.80","28.86","28.89","28.76","1.99M","-0.21%"
"12/17/2019","28.86","28.86","28.91","28.83","848.71K","0.03%"
"12/16/2019","28.85","28.79","28.93","28.79","1.76M","-1.27%"
"12/13/2019","29.22","29.34","29.57","29.15","1.05M","0.41%"
"12/12/2019","29.10","28.89","29.14","28.85","1.75M","1.43%"
"12/11/2019","28.69","28.60","28.72","28.60","746.05K","0.99%"
"12/10/2019","28.41","28.46","28.52","28.36","795.42K","-0.11%"
"12/09/2019","28.44","28.58","28.61","28.42","649.91K","-0.32%"
"12/06/2019","28.53","28.59","28.61","28.50","1.20M","1.06%"
"12/05/2019","28.23","28.41","28.42","28.19","5.62M","-0.42%"
"12/04/2019","28.35","28.28","28.35","28.23","661.27K","1.14%"
"12/03/2019","28.03","27.90","28.03","27.82","951.91K","0.18%"
"12/02/2019","27.98","28.11","28.13","27.93","1.49M","-1.37%"
"11/29/2019","28.37","28.42","28.46","28.35","407.19K","-0.07%"
"11/27/2019","28.39","28.41","28.46","28.37","633.54K","0.32%"
"11/26/2019","28.30","28.28","28.35","28.25","547.55K","-0.18%"
"11/25/2019","28.35","28.34","28.38","28.30","739.76K","0.57%"
"11/22/2019","28.19","28.30","28.35","28.14","892.13K","0.21%"
"11/21/2019","28.13","28.18","28.19","28.04","720.33K","0.14%"
"11/20/2019","28.09","28.11","28.20","28.01","1.53M","-0.53%"
"11/19/2019","28.24","28.36","28.36","28.18","1.24M","0.07%"
"11/18/2019","28.22","28.06","28.24","28.06","586.25K","0.39%"
"11/15/2019","28.11","28.04","28.16","28.01","700.32K","0.90%"
"11/14/2019","27.86","27.83","27.90","27.73","633.79K","-0.21%"
"11/13/2019","27.92","27.76","27.93","27.75","1.03M","-1.24%"
"11/12/2019","28.27","28.48","28.48","28.25","1.97M","-1.46%"
"11/11/2019","28.69","28.57","28.71","28.56","372.95K","0.07%"
"11/08/2019","28.67","28.69","28.69","28.58","749.57K","-0.35%"
"11/07/2019","28.77","28.86","28.91","28.77","1.61M","0.03%"
"11/06/2019","28.76","28.75","28.83","28.68","615.48K","-0.45%"
"11/05/2019","28.89","28.93","28.93","28.78","711.64K","-0.34%"
"11/04/2019","28.99","29.08","29.14","28.96","850.91K","0.66%"
"11/01/2019","28.80","28.76","28.83","28.65","1.53M","0.70%"
"10/31/2019","28.60","28.61","28.64","28.44","1.23M","-0.21%"
"10/30/2019","28.66","28.48","28.70","28.34","1.28M","-0.76%"
"10/29/2019","28.88","28.74","28.89","28.73","589.53K","-0.28%"
"10/28/2019","28.96","28.88","29.00","28.86","2.08M","0.42%"
"10/25/2019","28.84","28.84","28.90","28.80","542.20K","0.00%"
"10/24/2019","28.84","28.98","29.02","28.79","761.61K","-0.28%"
"10/23/2019","28.92","28.86","28.95","28.84","698.45K","0.52%"
"10/22/2019","28.77","28.84","28.95","28.72","958.29K","-0.42%"
"10/21/2019","28.89","29.03","29.05","28.89","713.14K","0.38%"
"10/18/2019","28.78","28.65","28.84","28.64","812.37K","0.42%"
"10/17/2019","28.66","28.85","28.85","28.55","731.78K","0.10%"
"10/16/2019","28.63","28.53","28.70","28.53","932.02K","0.63%"
"10/15/2019","28.45","28.15","28.52","28.11","925.95K","1.32%"
"10/14/2019","28.08","28.04","28.11","27.96","207.92K","-0.14%"
"10/11/2019","28.12","28.01","28.21","28.01","1.15M","2.11%"
"10/10/2019","27.54","27.41","27.62","27.40","1.41M","1.18%"
"10/09/2019","27.22","27.19","27.31","27.15","496.84K","0.89%"
"10/08/2019","26.98","27.09","27.14","26.97","1.43M","-1.28%"
"10/07/2019","27.33","27.25","27.42","27.24","661.23K","0.22%"
"10/04/2019","27.27","27.03","27.27","27.02","482.82K","0.52%"
"10/03/2019","27.13","27.03","27.14","26.87","847.88K","0.37%"
"10/02/2019","27.03","27.25","27.27","26.91","2.09M","-2.21%"
"10/01/2019","27.64","27.79","27.79","27.58","888.21K","-0.72%"
"09/30/2019","27.84","27.73","27.87","27.70","477.32K","0.69%"
"09/27/2019","27.65","27.67","27.77","27.61","454.99K","0.11%"
"09/26/2019","27.62","27.59","27.66","27.56","443.83K","0.36%"
"09/25/2019","27.52","27.41","27.52","27.30","624.88K","-0.33%"
"09/24/2019","27.61","27.73","27.77","27.56","1.16M","0.00%"
"09/23/2019","27.61","27.53","27.64","27.45","462.38K","-0.72%"
"09/20/2019","27.81","27.92","28.00","27.78","968.56K","-0.04%"
"09/19/2019","27.82","27.95","27.96","27.81","377.75K","0.51%"
"09/18/2019","27.68","27.65","27.71","27.55","333.51K","0.25%"
"09/17/2019","27.61","27.49","27.64","27.45","842.69K","0.07%"
"09/16/2019","27.59","27.74","27.75","27.59","930.74K","-1.36%"
"09/13/2019","27.97","28.02","28.07","27.92","883.80K","0.50%"
"09/12/2019","27.83","27.56","27.87","27.53","1.23M","0.91%"
"09/11/2019","27.58","27.51","27.60","27.43","836.78K","-0.25%"
"09/10/2019","27.65","27.47","27.70","27.43","724.04K","1.02%"
"09/09/2019","27.37","27.41","27.42","27.31","537.93K","0.44%"
"09/06/2019","27.25","27.31","27.31","27.23","366.20K","0.07%"
"09/05/2019","27.23","27.35","27.42","27.21","474.76K","1.04%"
"09/04/2019","26.95","26.88","26.96","26.86","458.60K","1.09%"
"09/03/2019","26.66","26.52","26.67","26.52","953.75K","-0.22%"
"08/30/2019","26.72","26.88","26.91","26.60","1.28M","-0.11%"
"08/29/2019","26.75","26.80","26.90","26.72","642.21K","0.34%"
"08/28/2019","26.66","26.65","26.76","26.60","518.52K","0.15%"
"08/27/2019","26.62","26.79","26.84","26.61","803.01K","0.00%"
"08/26/2019","26.62","26.66","26.68","26.54","668.35K","0.91%"
"08/23/2019","26.38","26.62","26.83","26.36","1.44M","-1.20%"
"08/22/2019","26.70","26.80","26.84","26.57","886.91K","0.53%"
"08/21/2019","26.56","26.67","26.68","26.50","1.17M","0.80%"
"08/20/2019","26.35","26.52","26.56","26.35","596.40K","-1.05%"
"08/19/2019","26.63","26.84","26.86","26.62","388.54K","0.08%"
"08/16/2019","26.61","26.40","26.69","26.39","785.06K","1.60%"
"08/15/2019","26.19","26.21","26.35","26.07","1.26M","0.31%"
"08/14/2019","26.11","26.45","26.45","26.10","5.24M","-3.08%"
"08/13/2019","26.94","26.77","27.16","26.77","4.57M","0.45%"
"08/12/2019","26.82","26.96","27.07","26.79","963.94K","-1.36%"
"08/09/2019","27.19","27.23","27.28","27.10","1.07M","-0.40%"
"08/08/2019","27.30","27.31","27.54","27.26","1.12M","0.18%"
"08/07/2019","27.25","27.01","27.30","26.96","1.28M","0.44%"
"08/06/2019","27.13","27.18","27.19","26.97","871.32K","0.56%"
"08/05/2019","26.98","27.23","27.26","26.84","1.51M","-1.10%"
"08/02/2019","27.28","27.48","27.51","27.21","1.99M","-0.11%"
"08/01/2019","27.31","27.40","27.69","27.17","1.34M","-0.47%"
"07/31/2019","27.44","27.54","27.68","27.23","1.44M","-0.83%"
"07/30/2019","27.67","27.80","27.89","27.61","572.96K","-2.81%"
"07/29/2019","28.47","28.43","28.49","28.41","627.72K","0.18%"
"07/26/2019","28.42","28.48","28.48","28.34","848.97K","-0.66%"
"07/25/2019","28.61","28.92","28.92","28.58","787.65K","-0.83%"
"07/24/2019","28.85","28.80","28.86","28.80","471.97K","0.45%"
"07/23/2019","28.72","28.73","28.78","28.69","1.83M","0.95%"
"07/22/2019","28.45","28.50","28.51","28.40","360.89K","-0.14%"
"07/19/2019","28.49","28.60","28.63","28.48","599.45K","-1.38%"
"07/18/2019","28.89","28.77","28.91","28.64","1.07M","0.07%"
"07/17/2019","28.87","29.05","29.06","28.85","335.73K","-0.99%"
"07/16/2019","29.16","29.15","29.24","29.12","2.50M","0.17%"
"07/15/2019","29.11","29.17","29.23","29.09","371.40K","0.07%"
"07/12/2019","29.09","29.05","29.10","29.01","418.23K","-0.07%"
"07/11/2019","29.11","29.03","29.11","29.00","472.12K","0.69%"
"07/10/2019","28.91","29.01","29.08","28.91","1.23M","0.31%"
"07/09/2019","28.82","28.74","28.86","28.74","705.07K","-0.14%"
"07/08/2019","28.86","28.88","28.93","28.84","518.04K","-0.89%"
"07/05/2019","29.12","29.20","29.20","28.99","4.07M","-0.99%"
"07/03/2019","29.41","29.35","29.45","29.35","333.49K","1.13%"
"07/02/2019","29.08","29.01","29.12","28.97","1.43M","0.21%"
"07/01/2019","29.02","29.15","29.17","28.93","1.43M","0.38%"
"06/28/2019","28.91","28.90","29.00","28.86","1.29M","0.52%"
"06/27/2019","28.76","28.84","28.86","28.76","840.59K","-0.17%"
"06/26/2019","28.81","28.89","28.91","28.79","748.92K","-0.10%"
"06/25/2019","28.84","28.93","29.01","28.80","808.43K","-0.62%"
"06/24/2019","29.02","29.08","29.14","28.99","464.17K","0.10%"
"06/21/2019","28.99","28.94","29.06","28.88","1.21M","0.35%"
"06/20/2019","28.89","28.90","29.00","28.77","1.84M","0.42%"
"06/19/2019","28.77","28.72","28.85","28.69","1.03M","0.42%"
"06/18/2019","28.65","28.58","28.74","28.58","1.16M","1.06%"
"06/17/2019","28.35","28.40","28.50","28.33","536.49K","-1.84%"
"06/14/2019","28.88","28.96","28.97","28.84","328.99K","-0.86%"
"06/13/2019","29.13","29.19","29.23","29.10","2.52M","-0.10%"
"06/12/2019","29.16","29.33","29.35","29.16","344.77K","-0.82%"
"06/11/2019","29.40","29.56","29.56","29.32","1.28M","0.07%"
"06/10/2019","29.38","29.40","29.47","29.35","1.31M","0.24%"
"06/07/2019","29.31","29.21","29.37","29.21","1.45M","1.21%"
"06/06/2019","28.96","28.97","29.04","28.84","369.94K","0.66%"
"06/05/2019","28.77","28.82","28.86","28.70","859.82K","-0.17%"
"06/04/2019","28.82","28.71","28.82","28.65","577.45K","1.73%"
"06/03/2019","28.33","28.15","28.38","28.09","837.50K","0.68%"
"05/31/2019","28.14","28.10","28.24","28.04","1.03M","-1.68%"
"05/30/2019","28.62","28.49","28.64","28.48","1.43M","0.95%"
"05/29/2019","28.35","28.38","28.41","28.23","1.52M","-0.87%"
"05/28/2019","28.60","28.87","28.92","28.58","603.91K","-0.76%"
"05/24/2019","28.82","28.80","28.86","28.77","927.72K","1.09%"
"05/23/2019","28.51","28.45","28.60","28.39","532.70K","-0.87%"
"05/22/2019","28.76","28.78","28.90","28.75","521.77K","-0.38%"
"05/21/2019","28.87","28.85","28.95","28.75","590.66K","0.49%"
"05/20/2019","28.73","28.75","28.85","28.64","447.23K","-0.52%"
"05/17/2019","28.88","28.83","28.97","28.81","469.53K","-0.52%"
"05/16/2019","29.03","28.86","29.11","28.84","523.71K","1.26%"
"05/15/2019","28.67","28.34","28.75","28.32","845.33K","0.53%"
"05/14/2019","28.52","28.44","28.64","28.41","1.07M","0.53%"
"05/13/2019","28.37","28.46","28.50","28.30","1.58M","-1.80%"
"05/10/2019","28.89","28.66","28.93","28.57","532.35K","0.91%"
"05/09/2019","28.63","28.50","28.70","28.47","986.80K","-0.62%"
"05/08/2019","28.81","28.83","28.95","28.76","603.61K","0.28%"
"05/07/2019","28.73","28.98","29.01","28.66","548.42K","-1.91%"
"05/06/2019","29.29","28.98","29.29","28.96","1.01M","-0.81%"
"05/03/2019","29.53","29.40","29.55","29.34","636.55K","0.41%"
"05/02/2019","29.41","29.58","29.61","29.34","512.10K","-1.08%"
"05/01/2019","29.73","29.96","30.12","29.71","813.80K","-0.83%"
"04/30/2019","29.98","29.85","30.00","29.76","1.75M","0.98%"
"04/29/2019","29.69","29.45","29.74","29.44","432.53K","0.75%"
"04/26/2019","29.47","29.43","29.56","29.37","561.33K","0.14%"
"04/25/2019","29.43","29.24","29.44","29.19","729.63K","0.89%"
"04/24/2019","29.17","29.32","29.33","29.10","909.93K","-1.65%"
"04/23/2019","29.66","29.53","29.66","29.47","1.37M","-0.57%"
"04/22/2019","29.83","29.87","29.91","29.79","389.81K","0.07%"
"04/18/2019","29.81","29.78","29.89","29.69","457.99K","-0.80%"
"04/17/2019","30.05","30.01","30.06","29.93","347.10K","1.14%"
"04/16/2019","29.71","29.72","29.75","29.66","408.68K","-0.24%"
"04/15/2019","29.78","29.82","29.82","29.69","533.89K","-0.03%"
"04/12/2019","29.79","29.81","29.82","29.70","606.36K","0.98%"
"04/11/2019","29.50","29.47","29.59","29.41","513.32K","0.37%"
"04/10/2019","29.39","29.41","29.46","29.28","884.35K","0.00%"
"04/09/2019","29.39","29.41","29.47","29.36","910.04K","-0.34%"
"04/08/2019","29.49","29.49","29.54","29.38","565.81K","-0.34%"
"04/05/2019","29.59","29.44","29.61","29.43","1.15M","-0.13%"
"04/04/2019","29.63","29.49","29.63","29.48","697.76K","0.61%"
"04/03/2019","29.45","29.39","29.49","29.34","823.36K","1.17%"
"04/02/2019","29.11","28.98","29.11","28.88","661.30K","0.10%"
"04/01/2019","29.08","28.88","29.08","28.87","836.76K","1.64%"
"03/29/2019","28.61","28.67","28.72","28.45","745.27K","0.32%"
"03/28/2019","28.52","28.61","28.65","28.39","577.68K","-1.08%"
"03/27/2019","28.83","28.89","28.94","28.62","502.83K","0.91%"
"03/26/2019","28.57","28.68","28.71","28.50","840.27K","-0.49%"
"03/25/2019","28.71","28.80","28.89","28.64","978.39K","0.00%"
"03/22/2019","28.71","28.90","28.94","28.67","859.89K","-3.01%"
"03/21/2019","29.60","29.48","29.60","29.42","906.28K","-0.67%"
"03/20/2019","29.80","29.74","29.99","29.58","1.10M","0.00%"
"03/19/2019","29.80","30.00","30.01","29.73","587.65K","0.34%"
"03/18/2019","29.70","29.59","29.70","29.50","639.09K","1.37%"
"03/15/2019","29.30","29.11","29.31","29.11","661.04K","1.60%"
"03/14/2019","28.84","28.91","28.98","28.79","379.17K","-0.07%"
"03/13/2019","28.86","28.77","28.90","28.73","425.94K","1.12%"
"03/12/2019","28.54","28.52","28.59","28.44","924.27K","0.04%"
"03/11/2019","28.53","28.29","28.53","28.29","308.79K","0.60%"
"03/08/2019","28.36","28.21","28.39","28.19","365.99K","-0.21%"
"03/07/2019","28.42","28.77","28.77","28.41","1.06M","-2.07%"
"03/06/2019","29.02","29.10","29.10","28.92","1.77M","0.69%"
"03/05/2019","28.82","28.80","28.88","28.68","333.34K","-0.14%"
"03/04/2019","28.86","28.97","28.97","28.76","484.94K","-0.86%"
"03/01/2019","29.11","29.23","29.29","29.00","605.36K","0.10%"
"02/28/2019","29.08","29.07","29.21","29.07","731.46K","0.94%"
"02/27/2019","28.81","28.87","28.93","28.80","641.25K","-0.35%"
"02/26/2019","28.91","28.71","28.96","28.71","493.21K","0.73%"
"02/25/2019","28.70","28.83","28.86","28.68","340.56K","0.03%"
"02/22/2019","28.69","28.68","28.76","28.65","718.83K","0.24%"
"02/21/2019","28.62","28.67","28.70","28.56","535.11K","-0.03%"
"02/20/2019","28.63","28.52","28.78","28.50","1.25M","0.07%"
"02/19/2019","28.61","28.32","28.64","28.32","1.40M","0.85%"
"02/15/2019","28.37","28.22","28.37","28.18","351.81K","1.98%"
"02/14/2019","27.82","27.83","27.96","27.79","731.24K","0.04%"
"02/13/2019","27.81","27.95","27.97","27.81","611.36K","-0.71%"
"02/12/2019","28.01","28.02","28.09","27.95","198.16K","1.05%"
"02/11/2019","27.72","27.75","27.77","27.68","350.73K","-0.07%"
"02/08/2019","27.74","27.65","27.75","27.52","281.37K","-0.50%"
"02/07/2019","27.88","28.12","28.16","27.84","992.20K","-1.93%"
"02/06/2019","28.43","28.46","28.52","28.40","426.53K","-0.28%"
"02/05/2019","28.51","28.42","28.55","28.31","717.21K","0.78%"
"02/04/2019","28.29","28.10","28.30","28.02","5.95M","-0.25%"
"02/01/2019","28.36","28.41","28.53","28.28","6.57M","-1.05%"
"01/31/2019","28.66","28.55","28.69","28.47","758.40K","-0.52%"
"01/30/2019","28.81","28.63","28.95","28.52","579.04K","0.24%"
"01/29/2019","28.74","28.82","28.90","28.72","509.77K","0.21%"
"01/28/2019","28.68","28.60","28.70","28.54","453.83K","-0.59%"
"01/25/2019","28.85","28.81","28.95","28.80","436.19K","0.91%"
"01/24/2019","28.59","28.68","28.70","28.48","605.60K","-0.28%"
"01/23/2019","28.67","28.71","28.79","28.59","327.55K","1.74%"
"01/22/2019","28.18","28.26","28.34","28.16","773.16K","-1.23%"
"01/18/2019","28.53","28.50","28.55","28.40","640.47K","1.35%"
"01/17/2019","28.15","28.01","28.22","28.01","677.69K","0.18%"
"01/16/2019","28.10","28.01","28.16","27.97","297.07K","0.39%"
"01/15/2019","27.99","27.89","28.02","27.79","703.19K","-0.11%"
"01/14/2019","28.02","27.84","28.05","27.83","285.33K","-0.36%"
"01/11/2019","28.12","28.09","28.19","28.02","431.85K","-0.32%"
"01/10/2019","28.21","28.11","28.25","28.08","1.25M","0.25%"
"01/09/2019","28.14","28.16","28.25","28.04","576.41K","0.29%"
"01/08/2019","28.06","28.07","28.10","27.93","1.10M","0.50%"
"01/07/2019","27.92","27.75","28.00","27.68","1.22M","1.12%"
"01/04/2019","27.61","27.46","27.72","27.38","737.67K","2.53%"
"01/03/2019","26.93","26.98","27.04","26.89","635.04K","0.22%"
"01/02/2019","26.87","26.55","26.93","26.55","775.54K","0.19%"
"12/31/2018","26.82","26.91","27.04","26.73","1.31M","0.26%"
"12/28/2018","26.75","26.86","26.91","26.68","1.38M","0.26%"
"12/27/2018","26.68","26.28","26.70","26.02","1.12M","-0.07%"
"12/26/2018","26.70","26.30","26.70","25.95","1.07M","1.68%"
"12/24/2018","26.26","26.62","26.81","26.23","1.11M","-0.61%"
"12/21/2018","26.42","26.75","26.91","26.34","1.09M","-1.60%"
"12/20/2018","26.85","27.07","27.18","26.82","7.31M","-1.10%"
"12/19/2018","27.15","27.50","27.77","27.02","689.19K","-0.15%"
"12/18/2018","27.19","27.32","27.37","27.13","1.06M","-2.61%"
"12/17/2018","27.92","28.15","28.20","27.81","4.93M","-0.14%"
"12/14/2018","27.96","27.91","28.08","27.91","2.86M","-0.89%"
"12/13/2018","28.21","28.35","28.37","28.16","577.89K","0.79%"
"12/12/2018","27.99","27.90","28.15","27.89","347.93K","2.15%"
"12/11/2018","27.40","27.64","27.69","27.26","602.29K","-0.15%"
"12/10/2018","27.44","27.60","27.63","27.20","692.07K","-1.05%"
"12/07/2018","27.73","28.01","28.10","27.65","532.62K","-0.93%"
"12/06/2018","27.99","27.78","28.00","27.52","919.40K","-0.11%"
"12/04/2018","28.02","28.71","28.77","27.95","488.41K","-2.98%"
"12/03/2018","28.88","28.86","28.90","28.77","842.43K","1.33%"
"11/30/2018","28.50","28.52","28.54","28.37","434.24K","-0.73%"
"11/29/2018","28.71","28.63","28.75","28.59","413.06K","-1.00%"
"11/28/2018","29.00","28.53","29.03","28.39","806.01K","1.61%"
"11/27/2018","28.54","28.36","28.54","28.27","2.42M","-0.24%"
"11/26/2018","28.61","28.50","28.65","28.49","1.32M","2.36%"
"11/23/2018","27.95","27.91","28.02","27.91","157.11K","-0.82%"
"11/21/2018","28.18","28.22","28.33","28.17","332.49K","0.82%"
"11/20/2018","27.95","28.09","28.16","27.86","427.71K","-2.14%"
"11/19/2018","28.56","28.77","28.77","28.49","428.35K","-0.73%"
"11/16/2018","28.77","28.60","28.79","28.53","800.19K","0.03%"
"11/15/2018","28.76","28.41","28.83","28.31","857.94K","0.03%"
"11/14/2018","28.75","28.75","28.82","28.42","9.43M","1.05%"
"11/13/2018","28.45","28.42","28.68","28.37","577.76K","1.03%"
"11/12/2018","28.16","28.46","28.46","28.15","272.28K","-2.36%"
"11/09/2018","28.84","28.65","28.86","28.53","928.17K","0.49%"
"11/08/2018","28.70","29.08","29.13","28.68","585.10K","-1.41%"
"11/07/2018","29.11","29.08","29.14","29.00","486.25K","0.87%"
"11/06/2018","28.86","28.30","28.90","28.27","1.05M","1.87%"
"11/05/2018","28.33","28.45","28.51","28.24","404.36K","-0.14%"
"11/02/2018","28.37","28.46","28.48","28.17","403.31K","0.64%"
"11/01/2018","28.19","28.13","28.21","28.02","403.66K","1.81%"
"10/31/2018","27.69","27.77","27.91","27.66","633.87K","0.07%"
"10/30/2018","27.67","27.58","27.70","27.48","483.15K","0.58%"
"10/29/2018","27.51","27.74","27.85","27.30","699.77K","0.40%"
"10/26/2018","27.40","27.13","27.54","27.00","1.05M","0.22%"
"10/25/2018","27.34","27.31","27.53","27.23","775.89K","1.30%"
"10/24/2018","26.99","27.50","27.50","26.99","711.79K","-2.81%"
"10/23/2018","27.77","27.62","27.89","27.45","915.08K","0.04%"
"10/22/2018","27.76","27.97","28.02","27.73","482.87K","-1.70%"
"10/19/2018","28.24","28.06","28.36","28.02","471.82K","1.69%"
"10/18/2018","27.77","28.26","28.34","27.69","743.33K","-2.70%"
"10/17/2018","28.54","28.63","28.70","28.46","330.68K","-1.31%"
"10/16/2018","28.92","28.92","28.95","28.84","510.84K","1.69%"
"10/15/2018","28.44","28.31","28.54","28.28","413.52K","0.49%"
"10/12/2018","28.30","28.54","28.55","28.03","730.76K","-0.84%"
"10/11/2018","28.54","28.99","29.01","28.41","1.31M","-1.01%"
"10/10/2018","28.83","29.25","29.25","28.80","838.36K","-1.30%"
"10/09/2018","29.21","29.07","29.31","29.02","505.53K","0.07%"
"10/08/2018","29.19","28.96","29.20","28.93","492.94K","0.10%"
"10/05/2018","29.16","29.22","29.26","29.05","399.33K","-0.61%"
"10/04/2018","29.34","29.48","29.52","29.19","459.62K","-0.34%"
"10/03/2018","29.44","29.62","29.68","29.42","633.37K","0.38%"
"10/02/2018","29.33","29.39","29.42","29.25","368.83K","-0.95%"
"10/01/2018","29.61","29.86","29.90","29.58","316.81K","0.00%"
"09/28/2018","29.61","29.60","29.84","29.55","2.42M","-2.12%"
"09/27/2018","30.25","30.35","30.49","30.23","337.04K","-0.85%"
"09/26/2018","30.51","30.50","30.74","30.45","663.69K","-0.20%"
"09/25/2018","30.57","30.67","30.70","30.52","313.17K","0.03%"
"09/24/2018","30.56","30.88","30.88","30.55","239.68K","-0.91%"
"09/21/2018","30.84","30.75","30.88","30.74","747.20K","-0.71%"
"09/20/2018","31.06","30.92","31.12","30.80","4.62M","2.27%"
"09/19/2018","30.37","30.22","30.37","30.21","768.59K","0.70%"
"09/18/2018","30.16","30.11","30.23","30.11","317.14K","0.73%"
"09/17/2018","29.94","30.06","30.13","29.92","247.79K","0.81%"
"09/14/2018","29.70","29.74","29.84","29.63","439.64K","-0.30%"
"09/13/2018","29.79","29.89","29.98","29.73","306.88K","1.22%"
"09/12/2018","29.43","29.35","29.55","29.33","389.02K","-0.20%"
"09/11/2018","29.49","29.22","29.50","29.21","424.55K","0.07%"
"09/10/2018","29.47","29.52","29.55","29.43","921.27K","1.83%"
"09/07/2018","28.94","28.92","29.07","28.86","570.72K","-1.46%"
"09/06/2018","29.37","29.51","29.63","29.28","820.68K","-1.04%"
"09/05/2018","29.68","29.78","29.83","29.60","435.86K","-0.30%"
"09/04/2018","29.77","29.44","29.77","29.39","690.71K","0.17%"
"08/31/2018","29.72","29.90","30.00","29.61","703.22K","-1.26%"
"08/30/2018","30.10","30.15","30.18","30.05","329.00K","-1.57%"
"08/29/2018","30.58","30.30","30.59","30.29","376.55K","0.07%"
"08/28/2018","30.56","30.77","30.77","30.56","272.22K","-0.36%"
"08/27/2018","30.67","30.48","30.69","30.48","357.97K","1.25%"
"08/24/2018","30.29","30.26","30.37","30.21","269.19K","1.03%"
"08/23/2018","29.98","30.05","30.19","29.96","368.97K","-0.93%"
"08/22/2018","30.26","30.20","30.29","30.19","269.75K","0.60%"
"08/21/2018","30.08","30.04","30.20","29.96","413.46K","1.93%"
"08/20/2018","29.51","29.44","29.58","29.43","269.15K","0.41%"
"08/17/2018","29.39","29.17","29.43","29.13","367.14K","0.69%"
"08/16/2018","29.19","29.20","29.39","29.17","1.05M","0.52%"
"08/15/2018","29.04","28.96","29.09","28.80","703.14K","-1.86%"
"08/14/2018","29.59","29.56","29.63","29.43","366.79K","0.00%"
"08/13/2018","29.59","29.66","29.79","29.56","611.60K","-0.74%"
"08/10/2018","29.81","29.93","30.00","29.75","1.27M","-3.03%"
"08/09/2018","30.74","30.86","30.94","30.71","295.02K","-0.90%"
"08/08/2018","31.02","30.90","31.07","30.81","190.76K","-0.06%"
"08/07/2018","31.04","31.12","31.16","31.03","364.04K","0.81%"
"08/06/2018","30.79","30.79","30.85","30.68","442.33K","-0.58%"
"08/03/2018","30.97","30.86","31.01","30.80","467.39K","0.06%"
"08/02/2018","30.95","30.82","30.98","30.75","653.19K","-1.05%"
"08/01/2018","31.28","31.41","31.46","31.26","417.01K","-0.92%"
"07/31/2018","31.57","31.82","31.82","31.50","726.32K","0.16%"
"07/30/2018","31.52","31.49","31.66","31.49","1.04M","0.77%"
"07/27/2018","31.28","31.29","31.40","31.23","473.66K","0.84%"
"07/26/2018","31.02","31.18","31.20","31.01","500.54K","-0.86%"
"07/25/2018","31.29","31.09","31.34","30.90","601.47K","0.58%"
"07/24/2018","31.11","31.27","31.36","31.08","524.32K","-0.03%"
"07/23/2018","31.12","31.03","31.14","31.01","326.78K","0.26%"
"07/20/2018","31.04","30.86","31.11","30.86","809.85K","0.65%"
"07/19/2018","30.84","30.67","30.92","30.63","636.56K","-0.16%"
"07/18/2018","30.89","30.82","30.98","30.78","706.30K","-0.23%"
"07/17/2018","30.96","30.83","31.03","30.80","11.28M","-0.42%"
"07/16/2018","31.09","31.05","31.22","31.00","355.55K","0.36%"
"07/13/2018","30.98","30.93","31.00","30.84","379.56K","-0.55%"
"07/12/2018","31.15","31.03","31.19","31.00","351.13K","0.48%"
"07/11/2018","31.00","31.28","31.34","30.90","844.31K","-2.15%"
"07/10/2018","31.68","31.56","31.70","31.53","630.92K","-0.44%"
"07/09/2018","31.82","31.86","31.96","31.78","666.76K","0.57%"
"07/06/2018","31.64","31.50","31.71","31.48","967.70K","0.67%"
"07/05/2018","31.43","31.40","31.49","31.34","959.95K","3.18%"
"07/03/2018","30.46","30.48","30.64","30.43","343.94K","0.73%"
"07/02/2018","30.24","30.05","30.27","30.03","690.33K","-0.36%"
"06/29/2018","30.35","30.44","30.61","30.32","921.22K","0.80%"
"06/28/2018","30.11","30.11","30.16","29.95","722.83K","0.50%"
"06/27/2018","29.96","30.29","30.50","29.94","2.47M","-1.35%"
"06/26/2018","30.37","30.50","30.51","30.29","692.63K","-0.10%"
"06/25/2018","30.40","30.57","30.64","30.32","898.96K","-0.88%"
"06/22/2018","30.67","30.75","30.82","30.56","384.07K","1.05%"
"06/21/2018","30.35","30.47","30.50","30.25","507.93K","-0.95%"
"06/20/2018","30.64","30.87","30.88","30.59","809.73K","-0.13%"
"06/19/2018","30.68","30.38","30.70","30.29","1.05M","-1.16%"
"06/18/2018","31.04","30.96","31.09","30.89","1.36M","-0.99%"
"06/15/2018","31.35","31.25","31.39","31.18","529.07K","-0.85%"
"06/14/2018","31.62","31.67","31.81","31.62","608.73K","-0.88%"
"06/13/2018","31.90","31.95","32.01","31.77","560.04K","0.00%"
"06/12/2018","31.90","32.19","32.21","31.87","711.28K","-0.34%"
"06/11/2018","32.01","31.84","32.16","31.80","1.64M","1.52%"
"06/08/2018","31.53","31.46","31.56","31.34","1.04M","-0.25%"
"06/07/2018","31.61","31.86","31.93","31.55","3.16M","-0.03%"
"06/06/2018","31.62","31.32","31.64","31.23","2.45M","2.23%"
"06/05/2018","30.93","31.14","31.23","30.90","4.17M","-0.77%"
"06/04/2018","31.17","31.35","31.38","31.15","593.92K","0.97%"
"06/01/2018","30.87","30.93","30.97","30.60","853.59K","1.18%"
"05/31/2018","30.51","30.40","30.61","30.08","3.26M","-0.42%"
"05/30/2018","30.64","30.49","30.77","30.32","3.34M","2.75%"
"05/29/2018","29.82","30.16","30.39","29.62","4.34M","-5.48%"
"05/25/2018","31.55","31.32","31.55","31.18","3.38M","-2.53%"
"05/24/2018","32.37","32.37","32.42","32.17","835.76K","-0.22%"
"05/23/2018","32.44","32.36","32.47","32.27","1.88M","-1.52%"
"05/22/2018","32.94","32.98","33.04","32.89","460.32K","0.67%"
"05/21/2018","32.72","32.79","32.81","32.60","478.15K","-0.34%"
"05/18/2018","32.83","32.90","32.94","32.77","410.98K","-1.11%"
"05/17/2018","33.20","33.21","33.29","33.16","1.07M","0.39%"
"05/16/2018","33.07","33.00","33.12","32.91","1.14M","-1.31%"
"05/15/2018","33.51","33.45","33.60","33.31","718.55K","-1.09%"
"05/14/2018","33.88","33.96","34.03","33.86","315.06K","-0.18%"
"05/11/2018","33.94","33.92","34.02","33.90","696.46K","0.27%"
"05/10/2018","33.85","33.67","33.86","33.60","318.70K","0.83%"
"05/09/2018","33.57","33.46","33.63","33.45","788.95K","0.63%"
"05/08/2018","33.36","33.20","33.40","33.16","695.25K","-0.09%"
"05/07/2018","33.39","33.41","33.51","33.34","438.17K","-0.18%"
"05/04/2018","33.45","33.09","33.54","33.09","1.25M","0.27%"
"05/03/2018","33.36","33.40","33.43","33.15","834.58K","0.24%"
"05/02/2018","33.28","33.51","33.53","33.26","682.39K","0.73%"
"05/01/2018","33.04","33.25","33.29","32.87","333.64K","-0.66%"
"04/30/2018","33.26","33.32","33.47","33.25","849.57K","-0.24%"
"04/27/2018","33.34","33.30","33.38","33.16","297.07K","0.45%"
"04/26/2018","33.19","33.31","33.31","33.10","507.85K","-0.15%"
"04/25/2018","33.24","33.10","33.26","33.08","546.12K","0.06%"
"04/24/2018","33.22","33.40","33.48","33.12","775.71K","-1.16%"
"04/23/2018","33.61","33.60","33.67","33.49","406.42K","-0.03%"
"04/20/2018","33.62","33.63","33.72","33.50","1.09M","-0.41%"
"04/19/2018","33.76","33.79","33.82","33.66","2.36M","-0.06%"
"04/18/2018","33.78","33.74","33.83","33.70","1.82M","0.66%"
"04/17/2018","33.56","33.49","33.61","33.44","1.43M","0.24%"
"04/16/2018","33.48","33.39","33.51","33.34","1.59M","0.75%"
"04/13/2018","33.23","33.50","33.50","33.15","612.09K","0.36%"
"04/12/2018","33.11","33.08","33.16","33.04","1.85M","0.03%"
"04/11/2018","33.10","33.23","33.30","33.09","618.30K","-0.21%"
"04/10/2018","33.17","33.18","33.24","33.06","517.93K","0.91%"
"04/09/2018","32.87","32.96","33.12","32.86","739.24K","1.08%"
"04/06/2018","32.52","32.76","32.84","32.45","467.01K","-0.34%"
"04/05/2018","32.63","32.61","32.76","32.60","412.73K","1.02%"
"04/04/2018","32.30","31.90","32.31","31.89","955.45K","0.12%"
"04/03/2018","32.26","32.21","32.30","32.04","912.75K","0.40%"
"04/02/2018","32.13","32.54","32.58","31.78","1.19M","-1.17%"
"03/29/2018","32.51","32.62","32.72","32.41","456.39K","0.68%"
"03/28/2018","32.29","32.19","32.56","32.12","1.07M","1.22%"
"03/27/2018","31.90","32.24","32.35","31.78","1.19M","-1.45%"
"03/26/2018","32.37","32.18","32.37","31.96","881.07K","2.60%"
"03/23/2018","31.55","31.84","31.88","31.52","1.23M","-0.50%"
"03/22/2018","31.71","32.05","32.09","31.69","888.97K","-2.37%"
"03/21/2018","32.48","32.48","32.61","32.32","583.07K","-0.22%"
"03/20/2018","32.55","32.53","32.63","32.47","1.10M","-0.49%"
"03/19/2018","32.71","32.87","32.89","32.55","753.00K","-0.49%"
"03/16/2018","32.87","32.92","33.02","32.84","527.41K","0.61%"
"03/15/2018","32.67","32.72","32.83","32.63","488.82K","-0.73%"
"03/14/2018","32.91","33.02","33.05","32.76","805.92K","0.18%"
"03/13/2018","32.85","33.18","33.21","32.82","610.92K","-0.39%"
"03/12/2018","32.98","32.89","32.99","32.88","525.61K","0.33%"
"03/09/2018","32.87","32.72","32.88","32.64","725.63K","0.52%"
"03/08/2018","32.70","32.87","32.92","32.60","438.67K","-0.46%"
"03/07/2018","32.85","32.62","32.90","32.60","963.72K","0.15%"
"03/06/2018","32.80","32.85","32.87","32.68","1.12M","0.52%"
"03/05/2018","32.63","32.31","32.66","32.23","1.74M","0.18%"
"03/02/2018","32.57","32.43","32.60","32.20","1.85M","0.12%"
"03/01/2018","32.53","32.66","32.91","32.32","2.50M","-0.97%"
"02/28/2018","32.85","33.23","33.26","32.82","900.85K","-1.17%"
"02/27/2018","33.24","33.59","33.62","33.23","1.13M","-1.54%"
"02/26/2018","33.76","33.44","33.81","33.38","4.61M","0.84%"
"02/23/2018","33.48","33.23","33.51","33.17","2.63M","0.42%"
"02/22/2018","33.34","33.29","33.53","33.23","760.62K","1.15%"
"02/21/2018","32.96","33.24","33.46","32.94","786.24K","-1.38%"
"02/20/2018","33.42","33.51","33.60","33.33","580.61K","-0.36%"
"02/16/2018","33.54","33.47","33.70","33.45","595.35K","0.06%"
"02/15/2018","33.52","33.41","33.55","33.17","464.67K","0.36%"
"02/14/2018","33.40","32.65","33.43","32.65","1.11M","1.43%"
"02/13/2018","32.93","32.81","32.98","32.79","602.48K","-0.75%"
"02/12/2018","33.18","32.91","33.26","32.84","1.19M","1.56%"
"02/09/2018","32.67","32.66","32.79","31.73","2.91M","0.46%"
"02/08/2018","32.52","33.34","33.50","32.51","1.55M","-2.90%"
"02/07/2018","33.49","33.60","33.83","33.44","869.98K","-1.93%"
"02/06/2018","34.15","33.21","34.16","33.15","2.81M","2.37%"
"02/05/2018","33.36","34.37","34.56","33.21","3.48M","-4.03%"
"02/02/2018","34.76","35.13","35.13","34.69","1.20M","-2.85%"
"02/01/2018","35.78","35.48","35.86","35.44","1.61M","0.48%"
"01/31/2018","35.61","35.71","35.80","35.56","608.81K","0.48%"
"01/30/2018","35.44","35.69","35.73","35.44","659.55K","-1.03%"
"01/29/2018","35.81","35.76","35.89","35.69","624.67K","-1.19%"
"01/26/2018","36.24","36.17","36.30","36.07","408.10K","0.42%"
"01/25/2018","36.09","36.29","36.38","36.04","680.14K","0.42%"
"01/24/2018","35.94","36.00","36.04","35.81","441.05K","0.50%"
"01/23/2018","35.76","35.69","35.81","35.65","491.42K","0.08%"
"01/22/2018","35.73","35.55","35.78","35.51","797.94K","1.45%"
"01/19/2018","35.22","35.20","35.24","35.02","749.90K","0.46%"
"01/18/2018","35.06","35.08","35.12","34.96","748.11K","-0.28%"
"01/17/2018","35.16","35.13","35.30","35.00","1.87M","-0.14%"
"01/16/2018","35.21","35.33","35.41","35.18","1.12M","0.69%"
"01/12/2018","34.97","34.92","34.98","34.76","337.16K","1.22%"
"01/11/2018","34.55","34.57","34.64","34.49","607.80K","1.29%"
"01/10/2018","34.11","34.26","34.26","34.07","1.08M","0.38%"
"01/09/2018","33.98","33.94","34.02","33.82","594.69K","0.03%"
"01/08/2018","33.97","34.05","34.07","33.90","493.10K","-0.64%"
"01/05/2018","34.19","34.10","34.27","34.02","616.98K","0.68%"
"01/04/2018","33.96","33.79","34.03","33.78","923.93K","2.35%"
"01/03/2018","33.18","33.03","33.21","33.00","805.50K","0.15%"
"01/02/2018","33.13","33.00","33.15","32.95","851.22K","1.10%"
"12/29/2017","32.77","32.83","32.94","32.74","305.32K","-0.15%"
"12/28/2017","32.82","32.87","32.91","32.79","324.83K","-0.12%"
"12/27/2017","32.86","32.85","32.97","32.82","386.36K","-0.21%"
"12/26/2017","32.93","32.94","33.00","32.78","431.27K","0.03%"
"12/22/2017","32.92","32.90","32.95","32.77","909.59K","-0.60%"
"12/21/2017","33.12","33.03","33.38","33.01","1.06M","0.33%"
"12/20/2017","33.01","32.94","33.14","32.93","505.82K","0.06%"
"12/19/2017","32.99","33.05","33.07","32.89","605.62K","-1.29%"
"12/18/2017","33.42","33.48","33.56","33.37","785.08K","1.24%"
"12/15/2017","33.01","33.19","33.20","32.94","601.55K","-0.15%"
"12/14/2017","33.06","33.37","33.45","33.03","1.25M","-0.87%"
"12/13/2017","33.35","33.37","33.45","33.27","451.13K","-0.09%"
"12/12/2017","33.38","33.31","33.40","33.22","665.68K","-0.33%"
"12/11/2017","33.49","33.47","33.55","33.45","672.35K","-0.09%"
"12/08/2017","33.52","33.59","33.63","33.46","339.92K","0.78%"
"12/07/2017","33.26","33.16","33.42","33.16","470.15K","0.73%"
"12/06/2017","33.02","32.99","33.11","32.95","384.07K","-0.48%"
"12/05/2017","33.18","33.33","33.44","33.14","1.08M","-0.45%"
"12/04/2017","33.33","33.47","33.49","33.29","419.87K","-0.15%"
"12/01/2017","33.38","33.40","33.47","33.19","922.16K","-0.77%"
"11/30/2017","33.64","33.85","33.92","33.62","760.05K","0.00%"
"11/29/2017","33.64","33.65","33.81","33.61","1.05M","0.81%"
"11/28/2017","33.37","33.29","33.44","33.22","626.91K","0.79%"
"11/27/2017","33.11","33.24","33.32","33.09","666.64K","-0.12%"
"11/24/2017","33.15","33.17","33.22","33.13","432.49K","1.28%"
"11/22/2017","32.73","32.82","32.84","32.59","455.76K","0.86%"
"11/21/2017","32.45","32.51","32.57","32.40","450.39K","-0.06%"
"11/20/2017","32.47","32.63","32.63","32.44","902.33K","-0.76%"
"11/17/2017","32.72","32.76","32.78","32.62","1.08M","-0.58%"
"11/16/2017","32.91","32.94","32.97","32.84","1.08M","0.70%"
"11/15/2017","32.68","32.48","32.80","32.48","964.50K","0.28%"
"11/14/2017","32.59","32.61","32.63","32.48","1.13M","0.22%"
"11/13/2017","32.52","32.34","32.55","32.32","1.30M","-0.28%"
"11/10/2017","32.61","32.72","32.78","32.56","902.98K","-0.21%"
"11/09/2017","32.68","32.66","32.73","32.49","1.88M","-0.34%"
"11/08/2017","32.79","32.68","32.87","32.62","780.51K","0.24%"
"11/07/2017","32.71","32.96","32.98","32.66","842.55K","-1.24%"
"11/06/2017","33.12","32.99","33.13","32.97","548.08K","-0.30%"
"11/03/2017","33.22","33.26","33.26","33.09","2.12M","-1.69%"
"11/02/2017","33.79","33.56","33.80","33.53","923.21K","-0.06%"
"11/01/2017","33.81","33.81","33.87","33.66","2.79M","-0.09%"
"10/31/2017","33.84","33.73","33.93","33.67","1.85M","1.17%"
"10/30/2017","33.45","33.29","33.50","33.27","1.37M","2.80%"
"10/27/2017","32.54","32.41","32.61","32.29","2.91M","-1.75%"
"10/26/2017","33.12","33.59","33.60","33.01","3.93M","0.42%"
"10/25/2017","32.98","33.08","33.12","32.87","871.38K","0.12%"
"10/24/2017","32.94","32.88","33.08","32.85","1.06M","0.92%"
"10/23/2017","32.64","32.86","32.89","32.63","940.09K","-1.33%"
"10/20/2017","33.08","33.18","33.22","33.06","1.17M","-0.33%"
"10/19/2017","33.19","33.20","33.27","33.13","1.70M","-0.42%"
"10/18/2017","33.33","32.99","33.38","32.99","2.52M","0.88%"
"10/17/2017","33.04","33.07","33.15","32.90","4.24M","0.36%"
"10/16/2017","32.92","33.02","33.03","32.83","1.05M","-1.20%"
"10/13/2017","33.32","33.35","33.43","33.29","2.49M","-0.21%"
"10/12/2017","33.39","33.41","33.49","33.26","3.20M","-0.39%"
"10/11/2017","33.52","33.43","33.59","33.40","4.19M","-0.03%"
"10/10/2017","33.53","32.81","33.67","32.79","12.41M","1.58%"
"10/09/2017","33.01","33.10","33.14","32.95","2.99M","0.43%"
"10/06/2017","32.87","32.82","32.97","32.73","10.13M","0.37%"
"10/05/2017","32.75","32.62","33.13","32.59","13.15M","2.12%"
"10/04/2017","32.07","32.36","32.38","32.02","8.46M","-3.08%"
"10/03/2017","33.09","32.92","33.18","32.92","2.41M","-0.15%"
"10/02/2017","33.14","32.87","33.17","32.87","2.74M","-1.78%"
"09/29/2017","33.74","33.55","33.75","33.51","909.62K","0.84%"
"09/28/2017","33.46","33.57","33.58","33.42","1.47M","-0.42%"
"09/27/2017","33.60","33.51","33.65","33.51","908.36K","1.94%"
"09/26/2017","32.96","33.01","33.05","32.84","1.13M","-0.84%"
"09/25/2017","33.24","33.40","33.45","33.14","716.10K","-1.69%"
"09/22/2017","33.81","33.83","33.91","33.81","440.84K","0.18%"
"09/21/2017","33.75","33.71","33.78","33.59","766.83K","-0.12%"
"09/20/2017","33.79","33.76","33.88","33.61","1.01M","-0.97%"
"09/19/2017","34.12","34.08","34.14","34.02","270.80K","0.74%"
"09/18/2017","33.87","33.99","34.04","33.80","1.03M","0.27%"
"09/15/2017","33.78","33.81","33.83","33.69","745.28K","-0.06%"
"09/14/2017","33.80","33.63","33.85","33.60","508.06K","0.03%"
"09/13/2017","33.79","33.92","33.97","33.76","741.55K","-0.35%"
"09/12/2017","33.91","33.89","33.98","33.85","542.84K","-0.03%"
"09/11/2017","33.92","33.81","34.02","33.81","909.50K","1.65%"
"09/08/2017","33.37","33.45","33.50","33.32","1.31M","-0.15%"
"09/07/2017","33.42","33.48","33.50","33.30","594.98K","0.54%"
"09/06/2017","33.24","33.25","33.32","33.19","1.07M","0.21%"
"09/05/2017","33.17","33.38","33.44","33.04","1.92M","-1.69%"
"09/01/2017","33.74","33.81","33.81","33.63","693.62K","0.09%"
"08/31/2017","33.71","33.64","33.77","33.56","1.42M","0.69%"
"08/30/2017","33.48","33.50","33.58","33.45","324.94K","-0.36%"
"08/29/2017","33.60","33.50","33.68","33.50","739.21K","-0.44%"
"08/28/2017","33.75","33.87","33.88","33.73","448.52K","-0.21%"
"08/25/2017","33.82","33.69","33.90","33.69","852.76K","0.83%"
"08/24/2017","33.54","33.68","33.72","33.52","655.50K","-0.06%"
"08/23/2017","33.56","33.48","33.56","33.40","514.03K","-0.24%"
"08/22/2017","33.64","33.47","33.66","33.46","332.01K","0.33%"
"08/21/2017","33.53","33.57","33.65","33.44","1.56M","0.27%"
"08/18/2017","33.44","33.35","33.57","33.28","1.09M","0.36%"
"08/17/2017","33.32","33.67","33.77","33.30","1.44M","-1.97%"
"08/16/2017","33.99","33.95","34.10","33.90","662.06K","0.38%"
"08/15/2017","33.86","33.80","33.88","33.64","502.12K","-0.03%"
"08/14/2017","33.87","33.81","33.98","33.79","1.36M","1.65%"
"08/11/2017","33.32","33.45","33.48","33.23","1.78M","-0.66%"
"08/10/2017","33.54","33.94","33.96","33.52","1.72M","-2.44%"
"08/09/2017","34.38","34.09","34.39","34.03","3.06M","-0.41%"
"08/08/2017","34.52","34.75","34.82","34.51","1.07M","-0.46%"
"08/07/2017","34.68","34.62","34.70","34.59","426.03K","0.23%"
"08/04/2017","34.60","34.70","34.72","34.47","2.66M","0.44%"
"08/03/2017","34.45","34.30","34.52","34.28","2.68M","0.32%"
"08/02/2017","34.34","34.35","34.40","34.24","903.53K","0.03%"
"08/01/2017","34.33","34.45","34.51","34.31","900.01K","0.59%"
"07/31/2017","34.13","34.17","34.22","34.01","681.54K","-0.03%"
"07/28/2017","34.14","34.01","34.15","33.93","630.70K","0.59%"
"07/27/2017","33.94","34.05","34.05","33.82","1.14M","0.15%"
"07/26/2017","33.89","33.83","34.02","33.70","924.19K","0.62%"
"07/25/2017","33.68","33.95","33.97","33.67","608.04K","0.63%"
"07/24/2017","33.47","33.40","33.50","33.33","478.03K","0.21%"
"07/21/2017","33.40","33.35","33.41","33.20","548.51K","-0.74%"
"07/20/2017","33.65","33.60","33.70","33.55","793.18K","0.66%"
"07/19/2017","33.43","33.30","33.46","33.27","436.79K","0.09%"
"07/18/2017","33.40","33.46","33.52","33.33","647.17K","-0.24%"
"07/17/2017","33.48","33.47","33.51","33.42","367.30K","-0.36%"
"07/14/2017","33.60","33.46","33.64","33.40","667.15K","0.36%"
"07/13/2017","33.48","33.41","33.50","33.30","943.71K","1.03%"
"07/12/2017","33.14","33.08","33.20","33.03","918.39K","0.33%"
"07/11/2017","33.03","32.82","33.05","32.77","813.13K","0.33%"
"07/10/2017","32.92","32.82","32.96","32.77","1.97M","-0.27%"
"07/07/2017","33.01","32.86","33.05","32.75","902.55K","0.21%"
"07/06/2017","32.94","32.71","33.08","32.71","1.16M","0.03%"
"07/05/2017","32.93","32.93","32.96","32.80","969.47K","-0.15%"
"07/03/2017","32.98","32.94","33.12","32.94","407.55K","0.43%"
"06/30/2017","32.84","32.97","33.02","32.57","1.29M","-0.39%"
"06/29/2017","32.97","33.29","33.31","32.81","1.62M","-1.32%"
"06/28/2017","33.41","33.07","33.45","33.07","1.24M","1.80%"
"06/27/2017","32.82","32.85","32.96","32.75","1.37M","0.92%"
"06/26/2017","32.52","32.82","32.89","32.52","3.07M","0.18%"
"06/23/2017","32.46","32.40","32.56","32.34","434.89K","-0.15%"
"06/22/2017","32.51","32.55","32.65","32.45","549.53K","-0.37%"
"06/21/2017","32.63","32.56","32.73","32.55","636.73K","0.06%"
"06/20/2017","32.61","32.93","32.93","32.56","884.50K","-2.48%"
"06/19/2017","33.44","33.52","33.58","33.38","1.00M","0.33%"
"06/16/2017","33.33","33.05","33.36","32.99","789.86K","1.28%"
"06/15/2017","32.91","32.64","32.91","32.60","790.61K","-1.53%"
"06/14/2017","33.42","33.73","33.74","33.24","1.17M","-0.54%"
"06/13/2017","33.60","33.60","33.72","33.50","1.01M","0.66%"
"06/12/2017","33.38","33.50","33.52","33.29","653.60K","-0.77%"
"06/09/2017","33.64","33.60","33.78","33.48","1.39M","-0.41%"
"06/08/2017","33.78","33.46","33.81","33.45","644.68K","0.69%"
"06/07/2017","33.55","33.50","33.71","33.37","1.38M","0.54%"
"06/06/2017","33.37","33.45","33.61","33.31","970.98K","-0.51%"
"06/05/2017","33.54","33.54","33.57","33.46","594.71K","-0.45%"
"06/02/2017","33.69","33.67","33.71","33.52","833.90K","0.78%"
"06/01/2017","33.43","33.27","33.46","33.20","448.51K","0.18%"
"05/31/2017","33.37","33.50","33.62","33.35","1.09M","0.48%"
"05/30/2017","33.21","33.22","33.36","33.15","674.64K","-0.24%"
"05/26/2017","33.29","33.20","33.31","33.18","475.28K","-0.80%"
"05/25/2017","33.56","33.54","33.64","33.49","741.94K","0.21%"
"05/24/2017","33.49","33.40","33.51","33.31","703.56K","0.12%"
"05/23/2017","33.45","33.55","33.59","33.37","1.49M","1.00%"
"05/22/2017","33.12","33.23","33.28","33.08","1.30M","-0.54%"
"05/19/2017","33.30","33.03","33.32","33.02","3.51M","2.40%"
"05/18/2017","32.52","32.23","32.55","32.21","1.54M","-0.37%"
"05/17/2017","32.64","33.00","33.07","32.64","1.06M","-2.19%"
"05/16/2017","33.37","33.33","33.39","33.21","914.57K","1.06%"
"05/15/2017","33.02","32.87","33.05","32.87","464.22K","0.92%"
"05/12/2017","32.72","32.53","32.72","32.47","502.19K","0.71%"
"05/11/2017","32.49","32.40","32.49","32.22","832.36K","-1.34%"
"05/10/2017","32.93","32.84","32.93","32.79","855.20K","0.12%"
"05/09/2017","32.89","33.15","33.19","32.84","2.09M","-1.14%"
"05/08/2017","33.27","33.27","33.34","33.20","1.38M","-1.95%"
"05/05/2017","33.93","33.39","33.94","33.37","3.08M","2.14%"
"05/04/2017","33.22","32.80","33.23","32.78","2.57M","2.53%"
"05/03/2017","32.40","32.38","32.46","32.30","674.82K","0.06%"
"05/02/2017","32.38","32.22","32.39","32.20","869.17K","1.00%"
"05/01/2017","32.06","31.79","32.17","31.79","775.82K","0.44%"
"04/28/2017","31.92","32.08","32.09","31.90","888.84K","0.22%"
"04/27/2017","31.85","31.84","31.90","31.75","864.14K","-0.47%"
"04/26/2017","32.00","31.99","32.11","31.94","2.37M","-0.87%"
"04/25/2017","32.28","32.17","32.32","32.13","931.29K","1.00%"
"04/24/2017","31.96","31.82","31.98","31.80","3.74M","5.17%"
"04/21/2017","30.39","30.35","30.40","30.25","1.60M","0.16%"
"04/20/2017","30.34","30.48","30.55","30.34","2.16M","0.70%"
"04/19/2017","30.13","30.16","30.28","30.11","1.12M","0.63%"
"04/18/2017","29.94","29.75","30.00","29.75","975.63K","-0.20%"
"04/17/2017","30.00","29.93","30.05","29.91","707.63K","0.70%"
"04/13/2017","29.79","29.71","29.86","29.66","792.52K","-0.67%"
"04/12/2017","29.99","29.95","30.00","29.82","1.65M","-0.56%"
"04/11/2017","30.16","30.17","30.21","29.94","898.55K","0.20%"
"04/10/2017","30.10","30.14","30.20","30.07","610.77K","-1.12%"
"04/07/2017","30.44","30.40","30.50","30.36","978.91K","-0.26%"
"04/06/2017","30.52","30.48","30.66","30.46","1.08M","1.19%"
"04/05/2017","30.16","30.43","30.49","30.16","1.17M","-0.13%"
"04/04/2017","30.20","30.08","30.21","29.99","749.70K","0.17%"
"04/03/2017","30.15","30.28","30.34","29.87","1.87M","-0.85%"
"03/31/2017","30.41","30.30","30.52","30.26","836.16K","0.20%"
"03/30/2017","30.35","30.37","30.49","30.30","3.91M","-0.62%"
"03/29/2017","30.54","30.33","30.54","30.25","1.27M","-0.59%"
"03/28/2017","30.72","30.62","30.79","30.60","1.60M","0.42%"
"03/27/2017","30.59","30.41","30.62","30.39","3.08M","0.92%"
"03/24/2017","30.31","30.33","30.41","30.27","1.19M","0.30%"
"03/23/2017","30.22","30.16","30.31","30.12","1.16M","0.33%"
"03/22/2017","30.12","30.02","30.23","30.01","840.07K","0.80%"
"03/21/2017","29.88","30.33","30.39","29.86","1.49M","0.20%"
"03/20/2017","29.82","29.91","29.96","29.74","1.02M","-0.20%"
"03/17/2017","29.88","29.84","30.00","29.78","780.36K","0.20%"
"03/16/2017","29.82","29.56","29.95","29.53","4.92M","2.76%"
"03/15/2017","29.02","28.72","29.05","28.72","1.02M","1.61%"
"03/14/2017","28.56","28.66","28.67","28.51","1.07M","-1.42%"
"03/13/2017","28.97","28.95","28.98","28.89","631.50K","-0.28%"
"03/10/2017","29.05","28.83","29.09","28.78","2.94M","1.22%"
"03/09/2017","28.70","28.65","28.72","28.57","1.24M","2.35%"
"03/08/2017","28.04","28.20","28.25","28.01","695.42K","-0.18%"
"03/07/2017","28.09","27.95","28.11","27.90","760.42K","-0.18%"
"03/06/2017","28.14","28.11","28.15","28.04","711.52K","0.07%"
"03/03/2017","28.12","27.95","28.16","27.87","2.21M","1.96%"
"03/02/2017","27.58","27.63","27.71","27.55","912.66K","-0.97%"
"03/01/2017","27.85","27.70","27.93","27.70","2.00M","2.01%"
"02/28/2017","27.30","27.35","27.47","27.27","1.14M","0.44%"
"02/27/2017","27.18","27.02","27.20","26.99","434.59K","0.59%"
"02/24/2017","27.02","26.90","27.05","26.87","976.34K","-0.59%"
"02/23/2017","27.18","27.20","27.26","27.09","698.23K","0.30%"
"02/22/2017","27.10","26.85","27.11","26.77","1.85M","-0.81%"
"02/21/2017","27.32","27.22","27.33","27.22","703.15K","-0.26%"
"02/17/2017","27.39","27.26","27.39","27.21","955.94K","-0.94%"
"02/16/2017","27.65","27.51","27.66","27.50","771.46K","0.47%"
"02/15/2017","27.52","27.24","27.53","27.24","767.86K","0.81%"
"02/14/2017","27.30","27.25","27.30","27.16","620.09K","0.37%"
"02/13/2017","27.20","27.25","27.26","27.17","331.95K","0.44%"
"02/10/2017","27.08","26.91","27.10","26.91","1.65M","-0.84%"
"02/09/2017","27.31","27.16","27.34","27.15","1.50M","1.04%"
"02/08/2017","27.03","26.92","27.05","26.76","987.39K","-0.30%"
"02/07/2017","27.11","27.13","27.18","27.02","944.78K","-0.44%"
"02/06/2017","27.23","27.34","27.37","27.18","1.53M","-1.94%"
"02/03/2017","27.77","27.74","27.82","27.68","697.57K","0.65%"
"02/02/2017","27.59","27.64","27.70","27.51","988.43K","0.88%"
"02/01/2017","27.35","27.35","27.41","27.18","1.61M","-0.47%"
"01/31/2017","27.48","27.47","27.53","27.32","1.23M","0.55%"
"01/30/2017","27.33","27.21","27.34","27.14","1.03M","-1.05%"
"01/27/2017","27.62","27.50","27.64","27.49","518.05K","0.15%"
"01/26/2017","27.58","27.69","27.70","27.49","865.54K","-1.08%"
"01/25/2017","27.88","27.81","27.94","27.81","968.17K","1.94%"
"01/24/2017","27.35","27.24","27.39","27.24","1.65M","0.81%"
"01/23/2017","27.13","27.08","27.13","26.97","997.26K","-0.11%"
"01/20/2017","27.16","27.16","27.20","27.05","732.38K","0.33%"
"01/19/2017","27.07","27.14","27.14","26.96","960.89K","-0.07%"
"01/18/2017","27.09","27.16","27.17","27.00","918.52K","-0.66%"
"01/17/2017","27.27","27.22","27.30","27.18","908.76K","-0.29%"
"01/13/2017","27.35","27.41","27.45","27.30","1.11M","0.59%"
"01/12/2017","27.19","27.22","27.23","27.12","1.11M","0.70%"
"01/11/2017","27.00","26.74","27.00","26.67","1.13M","-0.22%"
"01/10/2017","27.06","27.09","27.16","27.02","1.29M","-0.44%"
"01/09/2017","27.18","27.11","27.21","27.05","816.23K","-0.18%"
"01/06/2017","27.23","27.18","27.29","27.13","1.56M","-0.18%"
"01/05/2017","27.28","27.07","27.33","27.06","2.91M","1.30%"
"01/04/2017","26.93","26.84","26.93","26.69","1.31M","0.30%"
"01/03/2017","26.85","26.69","26.88","26.66","3.76M","1.28%"
"12/30/2016","26.51","26.50","26.62","26.44","1.34M","0.80%"
"12/29/2016","26.30","26.27","26.39","26.26","541.05K","0.80%"
"12/28/2016","26.09","26.16","26.18","26.03","786.48K","-1.25%"
"12/27/2016","26.42","26.44","26.49","26.41","618.63K","0.00%"
"12/23/2016","26.42","26.34","26.44","26.34","767.68K","0.53%"
"12/22/2016","26.28","26.33","26.36","26.26","1.15M","-0.57%"
"12/21/2016","26.43","26.24","26.43","26.24","2.05M","-2.36%"
"12/20/2016","27.07","26.95","27.08","26.92","905.70K","0.74%"
"12/19/2016","26.87","27.04","27.05","26.86","1.42M","-0.70%"
"12/16/2016","27.06","27.01","27.26","26.97","1.53M","0.63%"
"12/15/2016","26.89","26.79","26.94","26.76","1.68M","0.49%"
"12/14/2016","26.76","27.20","27.25","26.66","3.49M","-2.05%"
"12/13/2016","27.32","27.19","27.47","27.19","1.48M","1.52%"
"12/12/2016","26.91","26.93","26.99","26.86","1.34M","0.26%"
"12/09/2016","26.84","26.68","26.88","26.63","799.69K","0.04%"
"12/08/2016","26.83","26.83","26.87","26.72","1.92M","0.26%"
"12/07/2016","26.76","26.43","26.84","26.39","1.09M","1.36%"
"12/06/2016","26.40","26.02","26.44","26.00","2.44M","3.00%"
"12/05/2016","25.63","25.38","25.66","25.38","3.10M","1.79%"
"12/02/2016","25.18","25.13","25.28","25.05","1.04M","-0.28%"
"12/01/2016","25.25","25.28","25.32","25.14","1.29M","0.32%"
"11/30/2016","25.17","25.23","25.30","25.11","846.63K","-0.04%"
"11/29/2016","25.18","25.01","25.24","24.97","1.89M","0.92%"
"11/28/2016","24.95","25.09","25.11","24.92","1.12M","-0.91%"
"11/25/2016","25.18","25.14","25.20","25.14","718.81K","0.44%"
"11/23/2016","25.07","24.99","25.08","24.93","495.82K","-1.10%"
"11/22/2016","25.35","25.25","25.35","25.18","537.92K","0.48%"
"11/21/2016","25.23","25.08","25.25","25.07","770.10K","0.64%"
"11/18/2016","25.07","25.17","25.18","25.01","1.53M","-1.65%"
"11/17/2016","25.49","25.55","25.62","25.42","612.34K","0.43%"
"11/16/2016","25.38","25.35","25.52","25.29","622.26K","-1.44%"
"11/15/2016","25.75","25.48","25.76","25.43","763.00K","0.98%"
"11/14/2016","25.50","25.51","25.59","25.41","2.44M","-1.35%"
"11/11/2016","25.85","25.90","25.96","25.69","1.05M","-1.97%"
"11/10/2016","26.37","26.57","26.62","26.07","1.64M","-1.60%"
"11/09/2016","26.80","26.46","26.92","26.45","2.50M","-1.25%"
"11/08/2016","27.14","26.91","27.18","26.87","1.62M","0.22%"
"11/07/2016","27.08","27.04","27.08","26.92","2.54M","1.46%"
"11/04/2016","26.69","26.75","26.86","26.65","979.01K","-1.15%"
"11/03/2016","27.00","27.02","27.09","26.92","1.27M","0.04%"
"11/02/2016","26.99","27.11","27.18","26.94","2.50M","-1.14%"
"11/01/2016","27.30","27.61","27.61","27.22","875.89K","-0.55%"
"10/31/2016","27.45","27.47","27.52","27.33","473.23K","0.04%"
"10/28/2016","27.44","27.43","27.53","27.38","1.13M","0.22%"
"10/27/2016","27.38","27.44","27.48","27.35","578.02K","0.74%"
"10/26/2016","27.18","27.23","27.33","27.13","698.96K","-0.07%"
"10/25/2016","27.20","27.13","27.26","27.06","742.95K","-0.69%"
"10/24/2016","27.39","27.47","27.54","27.36","475.53K","1.22%"
"10/21/2016","27.06","26.90","27.07","26.84","434.85K","0.04%"
"10/20/2016","27.05","26.94","27.11","26.91","1.37M","0.93%"
"10/19/2016","26.80","26.68","26.85","26.68","438.67K","0.68%"
"10/18/2016","26.62","26.61","26.70","26.52","572.54K","1.49%"
"10/17/2016","26.23","26.24","26.29","26.16","452.03K","0.19%"
"10/14/2016","26.18","26.32","26.43","26.17","1.09M","0.58%"
"10/13/2016","26.03","25.80","26.09","25.74","595.24K","-0.57%"
"10/12/2016","26.18","26.14","26.27","26.09","939.13K","-0.08%"
"10/11/2016","26.20","26.39","26.41","26.12","888.61K","-0.80%"
"10/10/2016","26.41","26.38","26.52","26.38","323.81K","0.11%"
"10/07/2016","26.38","26.39","26.42","26.16","1.13M","-1.35%"
"10/06/2016","26.74","26.87","26.88","26.66","872.34K","-0.52%"
"10/05/2016","26.88","26.81","26.91","26.70","1.29M","1.09%"
"10/04/2016","26.59","26.69","26.76","26.44","944.87K","-0.41%"
"10/03/2016","26.70","26.72","26.77","26.61","619.02K","-0.45%"
"09/30/2016","26.82","26.50","26.91","26.44","1.03M","1.71%"
"09/29/2016","26.37","26.86","26.94","26.25","1.40M","-1.71%"
"09/28/2016","26.83","26.69","26.84","26.50","572.49K","0.98%"
"09/27/2016","26.57","26.32","26.62","26.30","483.61K","-0.08%"
"09/26/2016","26.59","26.67","26.73","26.59","977.21K","-1.04%"
"09/23/2016","26.87","26.79","26.97","26.79","518.18K","-1.21%"
"09/22/2016","27.20","27.40","27.44","27.15","1.33M","1.04%"
"09/21/2016","26.92","26.63","26.96","26.57","1.13M","2.12%"
"09/20/2016","26.36","26.49","26.52","26.35","386.37K","-0.11%"
"09/19/2016","26.39","26.48","26.54","26.33","558.02K","0.42%"
"09/16/2016","26.28","26.27","26.32","26.16","1.17M","-1.94%"
"09/15/2016","26.80","26.63","26.84","26.51","628.41K","0.56%"
"09/14/2016","26.65","26.67","26.84","26.61","1.54M","-0.37%"
"09/13/2016","26.75","26.97","27.00","26.61","1.42M","-2.66%"
"09/12/2016","27.48","26.97","27.48","26.95","1.70M","0.26%"
"09/09/2016","27.41","27.76","27.78","27.40","1.47M","-1.72%"
"09/08/2016","27.89","27.82","27.99","27.72","4.01M","1.49%"
"09/07/2016","27.48","27.52","27.59","27.45","1.41M","0.70%"
"09/06/2016","27.29","27.37","27.42","27.19","1.02M","0.55%"
"09/02/2016","27.14","27.03","27.16","26.91","1.49M","1.16%"
"09/01/2016","26.83","26.85","26.96","26.65","844.87K","1.25%"
"08/31/2016","26.50","26.59","26.66","26.43","727.92K","0.65%"
"08/30/2016","26.33","26.42","26.49","26.29","920.71K","0.23%"
"08/29/2016","26.27","26.16","26.29","26.16","489.89K","0.23%"
"08/26/2016","26.21","26.50","26.78","26.10","2.77M","-0.42%"
"08/25/2016","26.32","26.39","26.45","26.31","452.95K","-0.23%"
"08/24/2016","26.38","26.48","26.56","26.38","1.36M","0.23%"
"08/23/2016","26.32","26.46","26.53","26.31","1.09M","0.57%"
"08/22/2016","26.17","25.95","26.20","25.92","717.69K","0.38%"
"08/19/2016","26.07","25.95","26.12","25.86","804.49K","-1.14%"
"08/18/2016","26.37","26.24","26.39","26.23","1.17M","0.19%"
"08/17/2016","26.32","26.25","26.35","26.08","618.45K","-0.53%"
"08/16/2016","26.46","26.59","26.65","26.44","1.59M","-0.41%"
"08/15/2016","26.57","26.57","26.65","26.53","523.31K","0.26%"
"08/12/2016","26.50","26.61","26.62","26.46","1.36M","0.19%"
"08/11/2016","26.45","26.42","26.58","26.41","960.91K","0.34%"
"08/10/2016","26.36","26.40","26.45","26.33","639.39K","1.07%"
"08/09/2016","26.08","26.04","26.25","26.03","2.86M","0.97%"
"08/08/2016","25.83","25.85","25.91","25.76","1.24M","0.35%"
"08/05/2016","25.74","25.59","25.76","25.57","685.59K","1.18%"
"08/04/2016","25.44","25.42","25.51","25.37","833.58K","0.75%"
"08/03/2016","25.25","25.14","25.26","25.09","906.44K","-0.55%"
"08/02/2016","25.39","25.47","25.50","25.28","585.02K","-1.70%"
"08/01/2016","25.83","26.02","26.08","25.79","781.31K","-1.64%"
"07/29/2016","26.26","26.20","26.30","26.09","1.08M","1.74%"
"07/28/2016","25.81","25.86","25.86","25.65","557.88K","-1.07%"
"07/27/2016","26.09","26.13","26.21","25.87","827.87K","1.68%"
"07/26/2016","25.66","25.58","25.73","25.57","380.26K","0.04%"
"07/25/2016","25.65","25.73","25.76","25.57","536.26K","-0.47%"
"07/22/2016","25.77","25.87","25.88","25.70","699.77K","0.12%"
"07/21/2016","25.74","25.82","25.98","25.67","558.29K","0.16%"
"07/20/2016","25.70","25.64","25.77","25.59","726.07K","0.78%"
"07/19/2016","25.50","25.43","25.54","25.39","474.86K","-0.62%"
"07/18/2016","25.66","25.55","25.87","25.46","827.34K","-0.16%"
"07/15/2016","25.70","25.88","25.90","25.65","718.59K","-0.50%"
"07/14/2016","25.83","25.90","26.00","25.82","4.32M","0.86%"
"07/13/2016","25.61","25.80","25.87","25.59","848.86K","0.04%"
"07/12/2016","25.60","25.73","25.78","25.59","1.85M","2.77%"
"07/11/2016","24.91","25.03","25.09","24.91","1.48M","0.93%"
"07/08/2016","24.68","24.71","24.78","24.59","2.53M","2.66%"
"07/07/2016","24.04","24.20","24.37","23.97","1.35M","-0.66%"
"07/06/2016","24.20","23.98","24.24","23.70","1.71M","-0.08%"
"07/05/2016","24.22","24.75","24.77","24.19","1.60M","-3.08%"
"07/01/2016","24.99","25.11","25.14","24.98","1.31M","0.04%"
"06/30/2016","24.98","24.48","25.00","24.34","2.35M","2.13%"
"06/29/2016","24.46","24.38","24.55","24.34","1.77M","2.64%"
"06/28/2016","23.83","23.84","23.87","23.53","2.39M","3.07%"
"06/27/2016","23.12","23.04","23.12","22.58","2.28M","-0.04%"
"06/24/2016","23.13","23.42","23.91","23.11","4.51M","-16.29%"
"06/23/2016","27.63","27.29","27.70","27.06","1.55M","3.95%"
"06/22/2016","26.58","26.83","26.91","26.58","1.38M","-2.21%"
"06/21/2016","27.18","27.08","27.31","26.88","1.62M","0.85%"
"06/20/2016","26.95","27.14","27.17","26.95","1.47M","2.12%"
"06/17/2016","26.39","26.11","26.43","25.99","2.06M","2.01%"
"06/16/2016","25.87","25.23","25.90","25.04","2.19M","0.90%"
"06/15/2016","25.64","25.72","25.88","25.60","2.51M","0.71%"
"06/14/2016","25.46","25.57","25.74","25.31","1.71M","-1.89%"
"06/13/2016","25.95","25.99","26.31","25.87","1.81M","-1.93%"
"06/10/2016","26.46","26.82","26.84","26.39","1.32M","-4.10%"
"06/09/2016","27.59","27.69","27.79","27.52","637.02K","-1.46%"
"06/08/2016","28.00","28.01","28.06","27.88","547.63K","0.00%"
"06/07/2016","28.00","28.06","28.16","28.00","1.13M","0.50%"
"06/06/2016","27.86","27.81","28.00","27.79","666.55K","0.18%"
"06/03/2016","27.81","27.82","27.82","27.61","1.44M","-0.39%"
"06/02/2016","27.92","27.86","27.97","27.78","747.83K","0.58%"
"06/01/2016","27.76","27.61","27.80","27.58","721.50K","-0.64%"
"05/31/2016","27.94","28.27","28.27","27.83","1.13M","-0.68%"
"05/27/2016","28.13","28.26","28.31","28.10","832.59K","-0.46%"
"05/26/2016","28.26","28.34","28.39","28.18","1.36M","-0.42%"
"05/25/2016","28.38","28.30","28.48","28.29","660.72K","2.16%"
"05/24/2016","27.78","27.47","27.83","27.47","504.79K","1.98%"
"05/23/2016","27.24","27.16","27.31","27.15","542.16K","-0.55%"
"05/20/2016","27.39","27.43","27.49","27.33","765.47K","0.77%"
"05/19/2016","27.18","27.32","27.38","27.10","1.18M","-0.69%"
"05/18/2016","27.37","27.35","27.67","27.23","1.26M","0.40%"
"05/17/2016","27.26","27.49","27.58","27.25","976.60K","-0.91%"
"05/16/2016","27.51","27.26","27.53","27.26","853.36K","1.40%"
"05/13/2016","27.13","27.32","27.49","27.06","2.43M","-1.17%"
"05/12/2016","27.45","27.62","27.68","27.33","1.14M","0.29%"
"05/11/2016","27.37","27.35","27.53","27.28","913.19K","-1.37%"
"05/10/2016","27.75","27.51","27.75","27.51","1.82M","1.24%"
"05/09/2016","27.41","27.57","27.63","27.36","1.08M","-1.08%"
"05/06/2016","27.71","27.39","27.75","27.38","1.19M","0.98%"
"05/05/2016","27.44","27.63","27.64","27.38","1.05M","-0.69%"
"05/04/2016","27.63","27.71","27.84","27.55","983.33K","-1.57%"
"05/03/2016","28.07","28.31","28.31","28.02","1.35M","-2.91%"
"05/02/2016","28.91","28.88","28.94","28.72","937.82K","0.24%"
"04/29/2016","28.84","28.97","29.03","28.69","1.63M","-0.52%"
"04/28/2016","28.99","28.93","29.21","28.91","1.23M","-1.16%"
"04/27/2016","29.33","29.25","29.41","29.12","895.79K","0.65%"
"04/26/2016","29.14","29.17","29.21","29.05","1.28M","1.85%"
"04/25/2016","28.61","28.60","28.64","28.46","995.83K","-0.59%"
"04/22/2016","28.78","28.70","28.86","28.70","952.35K","0.31%"
"04/21/2016","28.69","28.93","28.93","28.62","1.48M","0.28%"
"04/20/2016","28.61","28.58","28.73","28.55","1.22M","1.20%"
"04/19/2016","28.27","28.20","28.31","28.10","1.36M","1.62%"
"04/18/2016","27.82","27.54","27.89","27.50","804.52K","0.80%"
"04/15/2016","27.60","27.71","27.74","27.58","798.92K","0.18%"
"04/14/2016","27.55","27.64","27.65","27.49","870.77K","0.04%"
"04/13/2016","27.54","27.48","27.57","27.36","868.41K","2.42%"
"04/12/2016","26.89","26.71","26.94","26.43","1.13M","1.09%"
"04/11/2016","26.60","26.86","26.99","26.60","1.02M","0.72%"
"04/08/2016","26.41","26.43","26.55","26.30","3.41M","2.40%"
"04/07/2016","25.79","26.09","26.16","25.74","863.45K","-2.61%"
"04/06/2016","26.48","26.28","26.48","26.16","736.03K","0.91%"
"04/05/2016","26.24","26.38","26.38","26.24","603.17K","-2.20%"
"04/04/2016","26.83","26.88","27.02","26.78","648.79K","-0.70%"
"04/01/2016","27.02","26.76","27.05","26.70","2.36M","-0.59%"
"03/31/2016","27.18","27.38","27.49","27.18","1.21M","-1.56%"
"03/30/2016","27.61","27.69","27.80","27.55","708.74K","0.29%"
"03/29/2016","27.53","27.09","27.53","27.02","1.28M","1.14%"
"03/28/2016","27.22","27.20","27.28","27.12","458.89K","0.37%"
"03/24/2016","27.12","26.99","27.16","26.96","675.42K","-0.73%"
"03/23/2016","27.32","27.65","27.65","27.29","868.92K","-1.62%"
"03/22/2016","27.77","27.55","27.81","27.53","897.27K","-0.57%"
"03/21/2016","27.93","28.00","28.07","27.87","711.90K","-0.50%"
"03/18/2016","28.07","28.10","28.18","27.98","982.44K","0.54%"
"03/17/2016","27.92","27.69","27.96","27.57","2.12M","0.72%"
"03/16/2016","27.72","27.13","27.75","27.13","1.72M","0.65%"
"03/15/2016","27.54","27.54","27.61","27.42","2.07M","-1.57%"
"03/14/2016","27.98","28.07","28.10","27.93","767.20K","-0.29%"
"03/11/2016","28.06","27.70","28.07","27.69","1.19M","4.00%"
"03/10/2016","26.98","27.20","27.58","26.75","5.02M","2.08%"
"03/09/2016","26.43","26.53","26.59","26.34","775.88K","0.08%"
"03/08/2016","26.41","26.72","26.72","26.39","1.16M","-0.56%"
"03/07/2016","26.56","26.24","26.62","26.21","1.32M","0.00%"
"03/04/2016","26.56","26.63","26.70","26.50","1.28M","0.00%"
"03/03/2016","26.56","26.21","26.56","26.19","926.79K","1.49%"
"03/02/2016","26.17","25.83","26.20","25.76","906.57K","1.47%"
"03/01/2016","25.79","25.41","25.79","25.32","925.33K","3.00%"
"02/29/2016","25.04","25.08","25.25","24.99","1.40M","0.12%"
"02/26/2016","25.01","25.17","25.22","24.95","710.71K","0.00%"
"02/25/2016","25.01","24.85","25.01","24.73","1.57M","1.63%"
"02/24/2016","24.61","24.26","24.68","24.11","1.47M","-1.40%"
"02/23/2016","24.96","25.27","25.30","24.91","1.55M","-1.58%"
"02/22/2016","25.36","25.20","25.37","25.20","728.35K","1.68%"
"02/19/2016","24.94","24.77","24.99","24.65","533.48K","-0.72%"
"02/18/2016","25.12","25.71","25.71","25.11","954.97K","-2.07%"
"02/17/2016","25.65","25.38","25.67","25.34","971.23K","2.31%"
"02/16/2016","25.07","25.12","25.15","24.79","867.36K","2.33%"
"02/12/2016","24.50","24.22","24.50","24.05","1.05M","0.86%"
"02/11/2016","24.29","24.40","24.50","24.06","2.58M","-2.65%"
"02/10/2016","24.95","24.98","25.26","24.88","1.06M","1.30%"
"02/09/2016","24.63","24.40","24.80","24.34","1.41M","-1.68%"
"02/08/2016","25.05","25.19","25.19","24.83","1.61M","-3.69%"
"02/05/2016","26.01","26.22","26.30","25.93","1.09M","-0.23%"
"02/04/2016","26.07","25.61","26.12","25.54","1.08M","2.20%"
"02/03/2016","25.51","25.31","25.55","24.76","2.22M","0.71%"
"02/02/2016","25.33","25.68","25.68","25.26","1.32M","-3.80%"
"02/01/2016","26.33","26.28","26.42","26.13","1.96M","-0.11%"
"01/29/2016","26.36","26.11","26.36","25.98","1.47M","2.01%"
"01/28/2016","25.84","26.07","26.10","25.56","1.63M","0.16%"
"01/27/2016","25.80","25.95","26.19","25.74","1.88M","-0.77%"
"01/26/2016","26.00","25.60","26.02","25.57","1.22M","2.60%"
"01/25/2016","25.34","25.56","25.58","25.33","855.43K","-2.58%"
"01/22/2016","26.01","25.96","26.10","25.82","1.49M","3.13%"
"01/21/2016","25.22","24.97","25.36","24.73","2.47M","1.00%"
"01/20/2016","24.97","25.17","25.20","24.54","3.75M","-2.16%"
"01/19/2016","25.52","25.70","25.77","25.34","2.22M","-0.08%"
"01/15/2016","25.54","25.85","25.97","25.45","2.58M","-3.73%"
"01/14/2016","26.53","26.33","26.65","26.14","2.79M","1.14%"
"01/13/2016","26.23","26.84","26.92","26.18","3.40M","-2.02%"
"01/12/2016","26.77","26.88","26.90","26.48","7.83M","0.71%"
"01/11/2016","26.58","26.74","26.77","26.40","3.90M","0.34%"
"01/08/2016","26.49","26.94","26.96","26.41","2.31M","-0.93%"
"01/07/2016","26.74","26.79","27.06","26.73","2.20M","-1.44%"
"01/06/2016","27.13","26.97","27.18","26.94","887.11K","-1.88%"
"01/05/2016","27.65","27.65","27.66","27.37","1.95M","-0.86%"
"01/04/2016","27.89","27.90","27.93","27.45","1.44M","-1.34%"
"12/31/2015","28.27","28.53","28.53","28.26","1.08M","-1.77%"
"12/30/2015","28.78","28.91","28.94","28.73","954.24K","-0.55%"
"12/29/2015","28.94","28.86","29.01","28.80","2.52M","0.24%"
"12/28/2015","28.87","28.89","28.99","28.75","651.47K","-0.82%"
"12/24/2015","29.11","29.10","29.20","29.09","279.84K","0.17%"
"12/23/2015","29.06","28.77","29.06","28.71","1.62M","2.25%"
"12/22/2015","28.42","28.27","28.48","28.18","2.55M","0.78%"
"12/21/2015","28.20","28.31","28.43","28.04","2.35M","-3.69%"
"12/18/2015","29.28","29.45","29.45","29.22","1.93M","-1.45%"
"12/17/2015","29.71","30.10","30.10","29.70","1.54M","-1.07%"
"12/16/2015","30.03","29.82","30.17","29.60","1.72M","1.59%"
"12/15/2015","29.56","29.62","29.75","29.48","1.28M","1.20%"
"12/14/2015","29.21","29.37","29.45","28.97","1.78M","-0.48%"
"12/11/2015","29.35","29.60","29.65","29.27","1.47M","-1.54%"
"12/10/2015","29.81","29.82","29.94","29.71","1.63M","-0.60%"
"12/09/2015","29.99","29.92","30.33","29.78","2.95M","0.50%"
"12/08/2015","29.84","29.86","29.98","29.73","1.50M","-1.84%"
"12/07/2015","30.40","30.48","30.49","30.27","1.17M","-1.62%"
"12/04/2015","30.90","30.44","30.94","30.40","1.77M","1.51%"
"12/03/2015","30.44","30.93","30.95","30.32","1.98M","0.33%"
"12/02/2015","30.34","30.55","30.65","30.27","1.12M","-1.62%"
"12/01/2015","30.84","30.72","30.85","30.66","954.02K","1.28%"
"11/30/2015","30.45","30.66","30.67","30.45","1.28M","0.33%"
"11/27/2015","30.35","30.45","30.45","30.31","522.56K","0.53%"
"11/25/2015","30.19","30.00","30.29","29.97","976.10K","-0.72%"
"11/24/2015","30.41","30.06","30.46","30.05","1.37M","0.50%"
"11/23/2015","30.26","30.46","30.49","30.21","1.05M","-0.66%"
"11/20/2015","30.46","30.83","30.86","30.43","1.22M","-1.42%"
"11/19/2015","30.90","30.92","31.07","30.85","693.74K","0.91%"
"11/18/2015","30.62","30.55","30.67","30.33","994.42K","0.99%"
"11/17/2015","30.32","30.54","30.61","30.25","935.22K","0.03%"
"11/16/2015","30.31","29.89","30.31","29.89","1.16M","0.87%"
"11/13/2015","30.05","30.00","30.16","29.84","1.23M","-0.43%"
"11/12/2015","30.18","30.17","30.38","30.14","1.42M","-1.85%"
"11/11/2015","30.75","31.01","31.03","30.74","1.17M","-0.03%"
"11/10/2015","30.76","30.61","30.76","30.51","873.95K","-0.49%"
"11/09/2015","30.91","31.06","31.09","30.76","605.16K","-1.25%"
"11/06/2015","31.30","31.13","31.30","30.98","2.61M","-0.25%"
"11/05/2015","31.38","31.68","31.68","31.32","1.84M","-0.57%"
"11/04/2015","31.56","32.00","32.02","31.43","1.42M","-0.91%"
"11/03/2015","31.85","31.67","31.94","31.64","2.56M","0.03%"
"11/02/2015","31.84","31.87","31.98","31.75","1.46M","1.24%"
"10/30/2015","31.45","31.43","31.66","31.42","1.14M","-0.47%"
"10/29/2015","31.60","31.38","31.61","31.35","677.64K","-0.63%"
"10/28/2015","31.80","31.69","32.09","31.46","868.13K","0.22%"
"10/27/2015","31.73","31.72","31.82","31.61","471.06K","-1.49%"
"10/26/2015","32.21","32.16","32.27","32.11","282.88K","-0.03%"
"10/23/2015","32.22","32.24","32.30","31.99","916.28K","-0.12%"
"10/22/2015","32.26","32.18","32.41","32.16","821.32K","0.62%"
"10/21/2015","32.06","32.18","32.24","32.04","1.09M","0.09%"
"10/20/2015","32.03","31.97","32.05","31.92","427.85K","-0.65%"
"10/19/2015","32.24","32.27","32.28","32.14","519.89K","-0.80%"
"10/16/2015","32.50","32.39","32.54","32.33","580.03K","0.62%"
"10/15/2015","32.30","32.05","32.30","32.01","561.69K","0.44%"
"10/14/2015","32.16","32.18","32.25","32.00","1.23M","0.56%"
"10/13/2015","31.98","31.94","32.23","31.90","984.80K","-1.45%"
"10/12/2015","32.45","32.57","32.60","32.41","2.39M","-0.67%"
"10/09/2015","32.67","32.68","32.78","32.50","1.27M","0.93%"
"10/08/2015","32.37","31.91","32.39","31.88","995.63K","0.72%"
"10/07/2015","32.14","32.18","32.19","31.85","937.07K","1.64%"
"10/06/2015","31.62","31.39","31.76","31.38","541.03K","1.18%"
"10/05/2015","31.25","31.03","31.29","30.98","806.85K","2.83%"
"10/02/2015","30.39","29.67","30.40","29.64","962.28K","1.60%"
"10/01/2015","29.91","29.98","30.04","29.59","901.61K","0.84%"
"09/30/2015","29.66","29.72","29.76","29.43","924.30K","0.88%"
"09/29/2015","29.40","29.38","29.48","29.23","846.54K","1.07%"
"09/28/2015","29.09","29.16","29.36","29.04","844.05K","-0.51%"
"09/25/2015","29.24","29.52","29.62","29.17","2.08M","-0.10%"
"09/24/2015","29.27","29.05","29.40","28.89","2.28M","-0.34%"
"09/23/2015","29.37","29.56","29.61","29.18","1.09M","-1.21%"
"09/22/2015","29.73","29.76","29.82","29.48","927.60K","-2.87%"
"09/21/2015","30.61","30.73","30.79","30.47","611.87K","-1.10%"
"09/18/2015","30.95","31.11","31.28","30.89","1.10M","-3.04%"
"09/17/2015","31.92","31.76","32.25","31.62","1.41M","2.05%"
"09/16/2015","31.28","31.11","31.31","31.01","583.59K","1.46%"
"09/15/2015","30.83","30.60","30.87","30.58","823.78K","0.85%"
"09/14/2015","30.57","30.56","30.60","30.39","1.01M","-1.04%"
"09/11/2015","30.89","30.59","30.90","30.56","464.32K","-0.55%"
"09/10/2015","31.06","30.81","31.14","30.70","968.32K","0.94%"
"09/09/2015","30.77","31.41","31.49","30.75","1.44M","-0.32%"
"09/08/2015","30.87","30.75","30.88","30.58","1.04M","1.85%"
"09/04/2015","30.31","30.14","30.40","30.11","1.39M","-1.65%"
"09/03/2015","30.82","30.94","31.16","30.73","3.66M","-1.44%"
"09/02/2015","31.27","31.41","31.41","30.95","1.13M","0.51%"
"09/01/2015","31.11","31.39","31.40","31.00","2.75M","-2.87%"
"08/31/2015","32.03","32.05","32.10","31.79","1.58M","-0.68%"
"08/28/2015","32.25","32.11","32.31","32.02","1.49M","-0.34%"
"08/27/2015","32.36","32.20","32.40","32.00","2.45M","0.81%"
"08/26/2015","32.10","32.06","32.11","31.39","3.06M","2.23%"
"08/25/2015","31.40","32.39","32.41","31.19","2.41M","0.19%"
"08/24/2015","31.34","31.10","32.24","30.83","4.33M","-3.00%"
"08/21/2015","32.31","32.88","33.05","32.16","1.38M","-1.49%"
"08/20/2015","32.80","33.25","33.27","32.76","1.13M","-2.12%"
"08/19/2015","33.51","33.29","33.68","33.23","1.32M","0.09%"
"08/18/2015","33.48","33.64","33.67","33.46","561.07K","-0.95%"
"08/17/2015","33.80","33.49","33.80","33.40","425.48K","-0.50%"
"08/14/2015","33.97","33.85","33.99","33.76","312.19K","-0.32%"
"08/13/2015","34.08","34.13","34.17","34.02","622.69K","-0.99%"
"08/12/2015","34.42","34.09","34.47","33.93","993.51K","-0.12%"
"08/11/2015","34.46","34.65","34.65","34.29","2.01M","-0.92%"
"08/10/2015","34.78","34.48","34.79","34.47","969.66K","1.58%"
"08/07/2015","34.24","34.00","34.27","33.95","552.47K","0.00%"
"08/06/2015","34.24","34.22","34.31","34.07","1.19M","0.18%"
"08/05/2015","34.18","34.18","34.34","34.05","2.85M","0.77%"
"08/04/2015","33.92","34.07","34.12","33.82","664.81K","-1.28%"
"08/03/2015","34.36","34.53","34.54","34.18","880.09K","0.29%"
"07/31/2015","34.26","34.20","34.44","34.11","1.08M","0.32%"
"07/30/2015","34.15","34.12","34.16","33.88","2.02M","-1.39%"
"07/29/2015","34.63","34.42","34.87","34.42","1.09M","-0.37%"
"07/28/2015","34.76","34.67","34.80","34.50","941.84K","1.11%"
"07/27/2015","34.38","34.70","34.70","34.32","2.39M","0.00%"
"07/24/2015","34.38","34.61","34.76","34.38","914.36K","-1.49%"
"07/23/2015","34.90","35.15","35.20","34.85","1.12M","-0.34%"
"07/22/2015","35.02","34.95","35.07","34.86","1.74M","0.23%"
"07/21/2015","34.94","34.93","35.09","34.84","407.59K","-0.11%"
"07/20/2015","34.98","35.03","35.08","34.91","678.45K","0.49%"
"07/17/2015","34.81","34.92","34.92","34.72","1.62M","-0.46%"
"07/16/2015","34.97","34.94","35.10","34.92","1.23M","1.30%"
"07/15/2015","34.52","34.62","34.70","34.33","1.01M","-0.14%"
"07/14/2015","34.57","34.45","34.62","34.34","3.79M","0.38%"
"07/13/2015","34.44","34.59","34.66","34.38","2.71M","-0.29%"
"07/10/2015","34.54","34.45","34.63","34.28","2.38M","5.40%"
"07/09/2015","32.77","33.02","33.13","32.73","2.28M","2.18%"
"07/08/2015","32.07","32.10","32.34","31.92","4.77M","-1.75%"
"07/07/2015","32.64","31.88","32.84","31.51","2.08M","0.87%"
"07/06/2015","32.36","32.34","32.76","32.16","1.59M","-3.49%"
"07/02/2015","33.53","33.57","33.61","33.42","789.21K","0.00%"
"07/01/2015","33.53","33.84","33.84","33.36","2.49M","-0.06%"
"06/30/2015","33.55","34.03","34.07","33.19","5.63M","0.15%"
"06/29/2015","33.50","33.88","34.11","33.37","2.16M","-5.18%"
"06/26/2015","35.33","35.40","35.58","35.22","732.68K","0.66%"
"06/25/2015","35.10","35.19","35.29","34.96","775.61K","-1.52%"
"06/24/2015","35.64","35.79","35.90","35.59","814.66K","-1.25%"
"06/23/2015","36.09","36.16","36.31","36.03","954.27K","-0.82%"
"06/22/2015","36.39","36.24","36.79","36.22","2.10M","3.53%"
"06/19/2015","35.15","35.23","35.61","35.05","2.51M","-0.09%"
"06/18/2015","35.18","34.74","35.87","34.74","2.38M","1.94%"
"06/17/2015","34.51","34.56","34.62","34.13","1.30M","-0.26%"
"06/16/2015","34.60","34.35","34.66","34.26","786.06K","-0.29%"
"06/15/2015","34.70","34.37","34.72","34.28","773.84K","-1.31%"
"06/12/2015","35.16","34.95","35.32","34.75","801.23K","-1.18%"
"06/11/2015","35.58","35.56","35.67","35.25","694.01K","0.37%"
"06/10/2015","35.45","35.16","35.65","35.08","891.29K","2.46%"
"06/09/2015","34.60","34.63","34.84","34.41","1.28M","-0.26%"
"06/08/2015","34.69","34.74","34.75","34.51","3.41M","-0.06%"
"06/05/2015","34.71","34.63","34.97","34.47","811.65K","-0.86%"
"06/04/2015","35.01","35.46","35.98","34.89","862.42K","-1.88%"
"06/03/2015","35.68","35.51","35.95","35.51","705.65K","0.79%"
"06/02/2015","35.40","35.41","35.66","35.34","1.47M","1.96%"
"06/01/2015","34.72","34.93","34.97","34.47","1.30M","-0.29%"
"05/29/2015","34.82","35.08","35.13","34.63","2.14M","-1.08%"
"05/28/2015","35.20","35.07","35.23","34.73","1.26M","0.31%"
"05/27/2015","35.09","34.66","35.16","34.58","5.09M","1.47%"
"05/26/2015","34.58","34.96","34.97","34.44","1.45M","-3.94%"
"05/22/2015","36.00","36.16","36.16","35.92","1.03M","-1.23%"
"05/21/2015","36.45","36.24","36.52","36.19","1.45M","0.41%"
"05/20/2015","36.30","36.25","36.48","36.15","788.71K","0.28%"
"05/19/2015","36.20","36.10","36.34","36.10","1.10M","-0.63%"
"05/18/2015","36.43","36.30","36.56","36.22","721.11K","-1.17%"
"05/15/2015","36.86","36.60","36.91","36.45","957.86K","-0.19%"
"05/14/2015","36.93","36.76","36.95","36.68","2.19M","1.48%"
"05/13/2015","36.39","36.58","36.73","36.36","2.60M","1.06%"
"05/12/2015","36.01","36.08","36.17","35.96","602.72K","-0.08%"
"05/11/2015","36.04","36.06","36.21","35.96","774.20K","-0.77%"
"05/08/2015","36.32","35.91","36.38","35.87","782.57K","2.28%"
"05/07/2015","35.51","35.40","35.75","35.29","649.05K","-0.28%"
"05/06/2015","35.61","35.62","35.94","35.49","1.26M","1.22%"
"05/05/2015","35.18","35.67","35.68","35.07","1.29M","-2.44%"
"05/04/2015","36.06","36.18","36.25","36.04","699.09K","-0.58%"
"05/01/2015","36.27","36.07","36.31","35.98","498.43K","0.97%"
"04/30/2015","35.92","35.89","36.17","35.83","1.39M","0.56%"
"04/29/2015","35.72","35.85","36.14","35.55","1.10M","-0.72%"
"04/28/2015","35.98","35.78","36.00","35.76","800.74K","1.01%"
"04/27/2015","35.62","35.58","35.87","35.58","1.08M","0.94%"
"04/24/2015","35.29","35.11","35.40","34.91","1.50M","0.89%"
"04/23/2015","34.98","34.45","35.08","34.44","2.59M","0.98%"
"04/22/2015","34.64","34.46","34.67","34.25","812.52K","0.06%"
"04/21/2015","34.62","34.62","34.71","34.56","503.34K","0.58%"
"04/20/2015","34.42","34.28","34.57","34.24","586.17K","-0.58%"
"04/17/2015","34.62","34.59","34.73","34.34","1.39M","-1.79%"
"04/16/2015","35.25","35.28","35.42","35.01","992.34K","-0.37%"
"04/15/2015","35.38","35.38","35.50","35.13","1.03M","0.17%"
"04/14/2015","35.32","35.20","35.34","35.14","2.03M","0.40%"
"04/13/2015","35.18","35.25","35.40","35.09","2.57M","0.20%"
"04/10/2015","35.11","34.99","35.12","34.86","754.89K","-0.51%"
"04/09/2015","35.29","35.43","35.47","35.17","1.35M","-0.62%"
"04/08/2015","35.51","35.81","35.81","35.37","1.03M","-0.53%"
"04/07/2015","35.70","35.94","36.08","35.69","3.57M","-1.41%"
"04/06/2015","36.21","35.89","36.49","35.64","3.69M","1.06%"
"04/02/2015","35.83","35.55","35.83","35.54","3.02M","1.70%"
"04/01/2015","35.23","35.21","35.25","34.84","2.84M","1.29%"
"03/31/2015","34.78","34.66","34.96","34.65","1.85M","-0.71%"
"03/30/2015","35.03","35.08","35.21","35.02","3.58M","0.11%"
"03/27/2015","34.99","34.86","35.05","34.68","1.95M","0.23%"
"03/26/2015","34.91","34.93","35.09","34.55","1.57M","-0.60%"
"03/25/2015","35.12","35.24","35.37","35.10","2.45M","-0.48%"
"03/24/2015","35.29","35.37","35.49","35.23","1.26M","0.77%"
"03/23/2015","35.02","34.95","35.12","34.78","1.03M","1.74%"
"03/20/2015","34.42","34.00","34.68","33.88","1.66M","4.65%"
"03/19/2015","32.89","32.93","33.03","32.75","1.36M","-1.44%"
"03/18/2015","33.37","32.74","33.53","32.55","1.13M","1.58%"
"03/17/2015","32.85","32.67","32.86","32.52","1.21M","-0.03%"
"03/16/2015","32.86","32.85","32.98","32.82","745.35K","1.05%"
"03/13/2015","32.52","32.62","32.64","32.31","927.00K","-0.94%"
"03/12/2015","32.83","32.74","32.89","32.58","945.76K","0.89%"
"03/11/2015","32.54","32.49","32.73","32.29","1.07M","-0.34%"
"03/10/2015","32.65","32.85","32.94","32.63","1.81M","-3.03%"
"03/09/2015","33.67","33.60","33.70","33.43","940.90K","0.45%"
"03/06/2015","33.52","33.88","33.91","33.49","1.53M","-2.42%"
"03/05/2015","34.35","34.39","34.51","34.24","1.09M","0.03%"
"03/04/2015","34.34","34.29","34.37","33.99","1.10M","-0.87%"
"03/03/2015","34.64","34.67","34.75","34.46","782.07K","-1.23%"
"03/02/2015","35.07","35.09","35.11","34.92","682.51K","0.29%"
"02/27/2015","34.97","34.87","35.12","34.69","670.67K","0.34%"
"02/26/2015","34.85","34.87","34.98","34.79","1.28M","-0.46%"
"02/25/2015","35.01","34.98","35.09","34.97","1.67M","-0.34%"
"02/24/2015","35.13","34.91","35.15","34.85","828.65K","0.89%"
"02/23/2015","34.82","34.79","34.95","34.68","1.50M","-1.11%"
"02/20/2015","35.21","34.20","35.28","34.04","2.08M","1.85%"
"02/19/2015","34.57","34.61","34.80","34.45","4.64M","-0.03%"
"02/18/2015","34.58","34.44","34.70","34.29","2.93M","0.17%"
"02/17/2015","34.52","34.25","34.56","33.92","1.50M","0.32%"
"02/13/2015","34.41","34.34","34.53","34.22","937.46K","1.24%"
"02/12/2015","33.99","33.53","33.99","33.52","1.26M","3.47%"
"02/11/2015","32.85","32.97","32.97","32.61","1.24M","-1.41%"
"02/10/2015","33.32","33.26","33.39","32.98","944.46K","1.80%"
"02/09/2015","32.73","32.62","32.86","32.56","655.10K","-1.39%"
"02/06/2015","33.19","33.46","33.63","33.09","1.07M","-1.78%"
"02/05/2015","33.79","33.42","33.80","33.34","781.93K","1.75%"
"02/04/2015","33.21","33.59","33.81","33.17","1.29M","-2.75%"
"02/03/2015","34.15","33.74","34.16","33.74","1.70M","3.83%"
"02/02/2015","32.89","32.34","32.91","32.28","1.65M","0.80%"
"01/30/2015","32.63","33.05","33.23","32.58","1.21M","-2.68%"
"01/29/2015","33.53","33.09","33.55","32.97","1.95M","3.33%"
"01/28/2015","32.45","33.20","33.24","32.43","2.70M","-3.94%"
"01/27/2015","33.78","33.66","33.86","33.47","2.09M","0.15%"
"01/26/2015","33.73","33.64","33.84","33.53","961.89K","2.09%"
"01/23/2015","33.04","33.25","33.39","33.04","2.05M","-2.16%"
"01/22/2015","33.77","33.60","33.88","33.41","5.03M","0.36%"
"01/21/2015","33.65","33.15","33.66","33.09","1.29M","0.78%"
"01/20/2015","33.39","33.48","33.55","33.21","1.23M","1.99%"
"01/16/2015","32.74","32.31","32.82","32.22","2.08M","1.02%"
"01/15/2015","32.41","32.49","32.64","32.27","1.69M","-0.64%"
"01/14/2015","32.62","32.48","32.72","32.39","4.34M","0.68%"
"01/13/2015","32.40","32.65","32.84","32.06","3.84M","0.43%"
"01/12/2015","32.26","32.39","32.50","32.03","1.20M","-0.22%"
"01/09/2015","32.33","32.47","32.54","31.79","1.93M","-1.49%"
"01/08/2015","32.82","32.98","33.51","32.76","1.99M","-1.32%"
"01/07/2015","33.26","33.10","33.33","32.66","1.80M","0.91%"
"01/06/2015","32.96","33.47","33.67","32.84","1.29M","-1.67%"
"01/05/2015","33.52","34.04","34.04","33.46","1.16M","-4.17%"
"01/02/2015","34.98","35.21","35.33","34.89","1.17M","1.01%"