"Date","Price","Open","High","Low","Vol.","Change %"
"08/17/2026","47.14","47.37","47.37","47.13","84.23K","-0.70%"
"08/14/2026","47.47","47.31","47.58","47.39","176.26K","0.21%"
"08/13/2026","47.37","47.39","47.50","47.29","194.78K","-0.29%"
"08/12/2026","47.51","47.50","47.66","47.43","194.73K","-0.38%"
"08/11/2026","47.69","47.80","47.92","47.64","375.83K","-0.13%"
"08/10/2026","47.75","47.65","47.86","47.63","128.20K","-0.31%"
"08/07/2026","47.90","47.91","47.97","47.78","115.38K","0.63%"
"08/06/2026","47.60","47.77","47.90","47.54","123.05K","0.13%"
"08/05/2026","47.54","47.53","47.65","47.44","219.45K","0.02%"
"08/04/2026","47.53","47.22","47.76","47.10","1.11M","1.11%"
"08/03/2026","47.01","46.95","47.11","46.88","366.77K","0.99%"
"07/31/2026","46.55","46.36","46.63","46.15","266.18K","0.17%"
"07/30/2026","46.47","46.14","46.50","46.12","267.86K","2.11%"
"07/29/2026","45.51","45.30","45.96","45.17","308.26K","-0.37%"
"07/28/2026","45.68","45.25","45.80","45.22","365.05K","0.84%"
"07/27/2026","45.30","45.34","45.53","45.17","318.91K","0.78%"
"07/24/2026","44.95","44.83","45.14","44.81","206.97K","0.58%"
"07/23/2026","44.69","44.73","44.78","44.49","174.67K","-1.82%"
"07/22/2026","45.52","45.65","45.69","45.49","229.50K","0.73%"
"07/21/2026","45.19","44.90","45.22","44.74","332.04K","1.01%"
"07/20/2026","44.74","45.13","45.13","44.69","166.58K","-0.89%"
"07/17/2026","45.14","44.94","45.22","44.91","245.13K","-0.09%"
"07/16/2026","45.18","45.12","45.33","45.01","275.05K","-0.64%"
"07/15/2026","45.47","45.27","45.55","45.15","215.23K","0.95%"
"07/14/2026","45.04","45.26","45.38","45.03","207.10K","0.47%"
"07/13/2026","44.83","45.12","45.21","44.78","206.18K","-0.47%"
"07/10/2026","45.04","45.00","45.17","44.77","231.67K","0.00%"
"07/09/2026","45.04","44.99","45.17","44.87","1.03M","0.24%"
"07/08/2026","44.93","44.81","44.96","44.44","261.11K","-1.25%"
"07/07/2026","45.50","46.01","46.02","45.39","167.80K","-1.24%"
"07/06/2026","46.07","45.89","46.08","45.75","109.68K","0.33%"
"07/02/2026","45.92","45.71","46.10","45.69","288.95K","2.14%"
"07/01/2026","44.96","44.94","45.06","44.83","379.58K","-1.03%"
"06/30/2026","45.43","45.13","45.48","45.04","530.07K","0.58%"
"06/29/2026","45.17","45.09","45.21","44.98","612.49K","0.78%"
"06/26/2026","44.82","45.10","45.19","44.80","308.80K","-0.71%"
"06/25/2026","45.14","45.08","45.38","45.08","422.10K","0.67%"
"06/24/2026","44.84","44.67","45.01","44.67","472.30K","0.20%"
"06/23/2026","44.75","44.80","44.97","44.74","235.34K","-1.02%"
"06/22/2026","45.21","45.25","45.39","45.13","149.44K","-1.31%"
"06/18/2026","45.81","45.67","45.93","45.64","207.77K","1.01%"
"06/17/2026","45.35","46.17","46.25","45.25","420.97K","-1.71%"
"06/16/2026","46.14","46.22","46.33","46.08","281.33K","0.85%"
"06/15/2026","45.75","46.22","46.29","45.72","331.10K","-1.87%"
"06/12/2026","46.62","46.56","46.71","46.32","183.61K","0.17%"
"06/11/2026","46.54","45.75","46.60","45.44","342.16K","2.83%"
"06/10/2026","45.26","45.64","45.84","45.24","489.34K","-1.35%"
"06/09/2026","45.88","46.16","46.29","45.32","569.81K","0.72%"
"06/08/2026","45.55","45.70","45.85","45.47","371.95K","0.42%"
"06/05/2026","45.36","46.16","46.16","45.23","280.10K","-2.01%"
"06/04/2026","46.29","46.31","46.35","46.08","155.88K","1.67%"
"06/03/2026","45.53","45.73","45.78","45.53","384.11K","-1.19%"
"06/02/2026","46.08","45.87","46.16","45.87","218.23K","0.57%"
"06/01/2026","45.82","45.61","45.99","45.42","275.00K","-0.33%"
"05/29/2026","45.97","46.22","46.40","45.96","402.35K","-0.07%"
"05/28/2026","46.00","45.87","46.16","45.70","373.60K","0.00%"
"05/27/2026","46.00","46.21","46.38","45.85","407.41K","0.17%"
"05/26/2026","45.92","45.89","46.05","45.69","229.06K","1.66%"
"05/22/2026","45.17","45.43","45.49","45.12","330.35K","-0.73%"
"05/21/2026","45.50","45.01","45.69","44.90","546.67K","0.02%"
"05/20/2026","45.49","44.87","45.72","44.65","279.53K","2.41%"
"05/19/2026","44.42","44.69","44.79","44.36","291.95K","-0.91%"
"05/18/2026","44.83","44.66","44.94","44.40","353.81K","1.52%"
"05/15/2026","44.16","44.41","44.48","44.09","195.50K","-1.93%"
"05/14/2026","45.03","45.17","45.27","45.00","135.83K","-0.24%"
"05/13/2026","45.14","44.75","45.16","44.66","690.85K","0.07%"
"05/12/2026","45.11","45.02","45.13","44.77","162.79K","-0.84%"
"05/11/2026","45.49","45.50","45.51","45.31","1.91M","-0.59%"
"05/08/2026","45.76","45.60","45.85","45.47","193.61K","0.48%"
"05/07/2026","45.54","46.55","46.60","45.51","255.48K","-2.53%"
"05/06/2026","46.72","46.47","46.78","46.46","331.44K","3.55%"
"05/05/2026","45.12","44.81","45.17","44.69","190.63K","1.92%"
"05/04/2026","44.27","44.67","44.84","44.03","405.07K","-2.42%"
"05/01/2026","45.37","45.50","45.77","45.37","267.70K","0.09%"
"04/30/2026","45.33","44.93","45.40","44.73","331.80K","1.84%"
"04/29/2026","44.51","44.86","44.86","44.37","175.86K","-0.85%"
"04/28/2026","44.89","45.06","45.06","44.82","185.77K","-0.69%"
"04/27/2026","45.20","45.42","45.45","45.08","172.48K","-0.40%"
"04/24/2026","45.38","45.17","45.47","45.12","367.09K","0.40%"
"04/23/2026","45.20","45.44","45.65","44.72","446.11K","-0.33%"
"04/22/2026","45.35","45.68","45.68","45.10","444.83K","-0.02%"
"04/21/2026","45.36","46.08","46.24","45.30","327.87K","-2.39%"
"04/20/2026","46.47","46.40","46.52","46.17","233.36K","-0.62%"
"04/17/2026","46.76","47.06","47.26","46.69","263.70K","1.52%"
"04/16/2026","46.06","46.40","46.46","45.81","226.71K","-0.15%"
"04/15/2026","46.13","46.33","46.33","46.10","396.07K","-0.80%"
"04/14/2026","46.50","46.33","46.62","46.33","331.58K","0.93%"
"04/13/2026","46.07","45.41","46.09","45.33","279.06K","0.48%"
"04/10/2026","45.85","46.16","46.16","45.71","148.45K","-0.04%"
"04/09/2026","45.87","45.54","46.01","45.32","240.24K","0.00%"
"04/08/2026","45.87","45.95","46.17","45.56","807.16K","4.20%"
"04/07/2026","44.02","43.69","44.09","43.22","826.32K","-0.32%"
"04/06/2026","44.16","43.67","44.20","43.67","953.53K","0.94%"
"04/02/2026","43.75","42.99","43.79","42.99","848.10K","-0.23%"
"04/01/2026","43.85","43.82","44.12","43.65","888.37K","1.08%"
"03/31/2026","43.38","42.57","43.51","42.56","961.64K","3.36%"
"03/30/2026","41.97","42.03","42.29","41.79","332.42K","0.24%"
"03/27/2026","41.87","42.08","42.37","41.72","464.54K","-0.90%"
"03/26/2026","42.25","42.49","42.96","42.19","728.45K","-1.68%"
"03/25/2026","42.97","43.12","43.23","42.78","548.75K","1.25%"
"03/24/2026","42.44","42.08","42.70","42.07","539.35K","-0.93%"
"03/23/2026","42.84","42.65","43.37","42.40","1.20M","2.78%"
"03/20/2026","41.68","42.84","42.89","41.58","662.21K","-3.52%"
"03/19/2026","43.20","42.44","43.48","42.29","793.50K","0.21%"
"03/18/2026","43.11","43.62","43.76","43.09","423.14K","-1.24%"
"03/17/2026","43.65","43.79","43.98","43.60","1.23M","0.39%"
"03/16/2026","43.48","43.22","43.61","43.22","515.71K","1.59%"
"03/13/2026","42.80","43.54","43.72","42.76","490.55K","-1.79%"
"03/12/2026","43.58","43.68","43.79","43.22","625.22K","-1.40%"
"03/11/2026","44.20","43.91","44.31","43.88","529.74K","0.27%"
"03/10/2026","44.08","44.49","44.82","43.95","693.47K","-0.27%"
"03/09/2026","44.20","43.07","44.41","42.75","802.24K","0.14%"
"03/06/2026","44.14","43.26","44.22","43.26","630.68K","-0.32%"
"03/05/2026","44.28","44.61","44.78","43.93","548.40K","-2.10%"
"03/04/2026","45.23","45.26","45.31","45.01","657.46K","0.36%"
"03/03/2026","45.07","44.59","45.28","44.26","1.10M","-3.22%"
"03/02/2026","46.57","46.46","46.80","46.40","542.43K","-2.72%"
"02/27/2026","47.87","47.94","48.25","47.81","377.68K","-0.99%"
"02/26/2026","48.35","48.13","48.39","47.97","372.57K","0.69%"
"02/25/2026","48.02","47.68","48.03","47.64","308.19K","0.84%"
"02/24/2026","47.62","47.50","47.74","47.50","156.39K","0.27%"
"02/23/2026","47.49","47.70","47.71","47.40","214.72K","-0.40%"
"02/20/2026","47.68","47.11","47.72","47.11","398.53K","1.64%"
"02/19/2026","46.91","46.68","47.04","46.54","276.57K","-0.26%"
"02/18/2026","47.03","47.05","47.26","46.90","250.38K","-0.04%"
"02/17/2026","47.05","46.68","47.09","46.53","292.36K","0.75%"
"02/13/2026","46.70","46.67","46.83","46.48","367.48K","0.04%"
"02/12/2026","46.68","47.14","47.23","46.58","425.64K","-0.85%"
"02/11/2026","47.08","46.86","47.20","46.56","413.67K","0.53%"
"02/10/2026","46.83","46.99","47.08","46.83","309.17K","-0.34%"
"02/09/2026","46.99","46.67","47.04","46.60","431.70K","1.27%"
"02/06/2026","46.40","46.07","46.42","46.06","251.20K","1.47%"
"02/05/2026","45.73","45.77","46.01","45.58","400.02K","-0.65%"
"02/04/2026","46.03","46.00","46.24","45.80","388.71K","0.74%"
"02/03/2026","45.69","45.30","45.69","45.25","452.39K","0.02%"
"02/02/2026","45.68","45.62","45.72","45.52","481.74K","0.73%"
"01/30/2026","45.35","45.66","45.74","45.26","362.78K","-1.03%"
"01/29/2026","45.82","45.98","45.98","45.42","327.93K","0.64%"
"01/28/2026","45.53","45.56","45.63","45.36","384.25K","-1.34%"
"01/27/2026","46.15","46.00","46.37","45.99","338.37K","1.10%"
"01/26/2026","45.65","45.72","45.76","45.62","273.30K","0.31%"
"01/23/2026","45.51","45.10","45.53","45.03","354.92K","0.78%"
"01/22/2026","45.16","45.21","45.35","45.09","248.89K","0.24%"
"01/21/2026","45.05","44.67","45.24","44.38","733.81K","1.12%"
"01/20/2026","44.55","44.46","44.84","44.46","745.51K","-1.63%"
"01/16/2026","45.29","45.25","45.37","45.08","259.98K","-0.24%"
"01/15/2026","45.40","45.57","45.61","45.38","330.48K","-1.02%"
"01/14/2026","45.87","45.94","46.01","45.72","1.01M","-0.20%"
"01/13/2026","45.96","45.98","46.01","45.79","468.26K","-0.30%"
"01/12/2026","46.10","46.08","46.13","45.92","223.54K","0.48%"
"01/09/2026","45.88","45.70","45.94","45.54","297.26K","0.92%"
"01/08/2026","45.46","45.20","45.47","45.20","315.96K","0.13%"
"01/07/2026","45.40","45.45","45.51","45.27","269.52K","-0.44%"
"01/06/2026","45.60","45.37","45.69","45.33","382.80K","0.40%"
"01/05/2026","45.42","45.10","45.50","45.07","258.00K","0.24%"
"01/02/2026","45.31","45.30","45.38","45.14","477.76K","0.71%"
"12/31/2025","44.99","45.16","45.16","44.92","310.11K","-0.33%"
"12/30/2025","45.14","45.11","45.33","45.11","211.27K","0.33%"
"12/29/2025","44.99","45.06","45.14","44.85","275.27K","-0.42%"
"12/26/2025","45.18","45.11","45.28","45.01","336.18K","0.44%"
"12/25/2025","44.98","44.99","44.98","44.98","216.06K","0.00%"
"12/24/2025","44.98","44.99","45.03","44.96","216.06K","0.18%"
"12/23/2025","44.90","44.96","45.01","44.84","481.33K","-0.13%"
"12/22/2025","44.96","44.89","45.01","44.85","242.59K","0.11%"
"12/19/2025","44.91","44.96","45.08","44.85","770.46K","0.25%"
"12/18/2025","44.80","44.81","45.10","44.72","587.55K","0.40%"
"12/17/2025","44.62","44.66","44.83","44.62","155.29K","-0.71%"
"12/16/2025","44.94","44.99","45.06","44.79","370.65K","-0.53%"
"12/15/2025","45.18","45.27","45.33","45.04","352.85K","0.67%"
"12/12/2025","44.88","45.14","45.21","44.69","243.58K","-0.27%"
"12/11/2025","45.00","44.84","45.09","44.83","317.33K","0.94%"
"12/10/2025","44.58","44.14","44.68","44.10","288.58K","0.84%"
"12/09/2025","44.21","44.38","44.42","44.14","180.30K","-0.99%"
"12/08/2025","44.65","44.57","44.79","44.42","286.79K","0.07%"
"12/05/2025","44.62","44.79","44.83","44.59","232.75K","-0.29%"
"12/04/2025","44.75","44.81","44.88","44.67","127.73K","-0.09%"
"12/03/2025","44.79","44.51","44.81","44.50","218.43K","0.79%"
"12/02/2025","44.44","44.50","44.56","44.33","399.88K","0.07%"
"12/01/2025","44.41","44.45","44.62","44.37","445.00K","-0.36%"
"11/28/2025","44.57","44.40","44.62","44.32","85.75K","0.32%"
"11/26/2025","44.43","44.10","44.52","44.10","244.23K","0.84%"
"11/25/2025","44.06","43.75","44.12","43.75","176.40K","1.68%"
"11/24/2025","43.33","43.46","43.63","43.19","268.79K","-0.82%"
"11/21/2025","43.69","43.40","43.76","43.23","607.28K","1.63%"
"11/20/2025","42.99","43.76","43.85","42.94","283.36K","-1.04%"
"11/19/2025","43.44","43.59","43.70","43.29","270.24K","-0.44%"
"11/18/2025","43.63","43.71","43.79","43.41","350.99K","-1.29%"
"11/17/2025","44.20","44.43","44.59","44.05","374.76K","-1.43%"
"11/14/2025","44.84","44.57","44.84","44.57","242.70K","-0.44%"
"11/13/2025","45.04","45.36","45.46","44.99","274.54K","-0.22%"
"11/12/2025","45.14","44.97","45.24","44.97","465.60K","0.96%"
"11/11/2025","44.71","44.58","44.78","44.57","190.93K","1.18%"
"11/10/2025","44.19","44.04","44.21","43.88","185.10K","0.94%"
"11/07/2025","43.78","43.38","43.79","43.27","426.14K","0.83%"
"11/06/2025","43.42","43.51","43.60","43.29","331.23K","-1.05%"
"11/05/2025","43.88","43.75","43.90","43.69","275.23K","0.57%"
"11/04/2025","43.63","43.57","43.82","43.51","1.14M","-1.00%"
"11/03/2025","44.07","44.13","44.22","44.00","664.59K","-0.47%"
"10/31/2025","44.28","44.34","44.37","44.09","291.07K","-0.36%"
"10/30/2025","44.44","44.46","44.65","44.40","168.94K","-0.94%"
"10/29/2025","44.86","45.10","45.21","44.65","451.62K","-0.62%"
"10/28/2025","45.14","45.22","45.35","45.12","123.87K","-0.42%"
"10/27/2025","45.33","45.15","45.41","45.12","206.66K","0.49%"
"10/24/2025","45.11","45.14","45.22","45.00","165.95K","-0.35%"
"10/23/2025","45.27","45.27","45.29","45.09","290.12K","0.80%"
"10/22/2025","44.91","45.09","45.13","44.84","177.24K","-0.16%"
"10/21/2025","44.98","45.18","45.35","44.98","356.07K","-0.49%"
"10/20/2025","45.20","45.11","45.32","45.06","143.58K","-0.07%"
"10/17/2025","45.23","45.13","45.33","45.01","156.19K","0.18%"
"10/16/2025","45.15","44.88","45.36","44.82","300.73K","1.64%"
"10/15/2025","44.42","44.46","44.56","44.11","206.61K","0.66%"
"10/14/2025","44.13","43.21","44.32","43.20","208.41K","1.80%"
"10/13/2025","43.35","43.30","43.44","43.21","134.61K","0.14%"
"10/10/2025","43.29","43.89","43.95","43.20","279.92K","-1.37%"
"10/09/2025","43.89","44.36","44.38","43.83","202.54K","-0.93%"
"10/08/2025","44.30","44.21","44.36","44.14","284.48K","1.16%"
"10/07/2025","43.79","44.06","44.08","43.79","307.01K","-0.91%"
"10/06/2025","44.19","44.16","44.33","44.06","671.68K","-1.60%"
"10/03/2025","44.91","44.74","44.92","44.74","457.71K","0.31%"
"10/02/2025","44.77","44.86","44.92","44.55","326.17K","0.63%"
"10/01/2025","44.49","44.19","44.54","44.19","467.38K","1.27%"
"09/30/2025","43.93","43.65","44.04","43.61","169.82K","0.34%"
"09/29/2025","43.78","43.84","43.85","43.69","165.03K","0.44%"
"09/26/2025","43.59","43.44","43.67","43.43","203.53K","1.25%"
"09/25/2025","43.05","43.05","43.13","42.90","165.06K","-0.83%"
"09/24/2025","43.41","43.37","43.57","43.36","231.99K","-1.09%"
"09/23/2025","43.89","44.02","44.17","43.79","230.44K","0.25%"
"09/22/2025","43.78","43.61","43.83","43.43","126.12K","0.23%"
"09/19/2025","43.68","43.82","43.83","43.58","204.23K","-0.36%"
"09/18/2025","43.84","43.69","43.89","43.61","194.46K","0.71%"
"09/17/2025","43.53","43.63","43.98","43.41","287.27K","-0.66%"
"09/16/2025","43.82","43.97","43.97","43.69","273.92K","-0.16%"
"09/15/2025","43.89","43.87","43.97","43.81","252.25K","0.92%"
"09/12/2025","43.49","43.40","43.54","43.28","196.01K","-0.09%"
"09/11/2025","43.53","43.33","43.56","43.27","258.77K","1.47%"
"09/10/2025","42.90","43.05","43.12","42.86","230.55K","-0.37%"
"09/09/2025","43.06","43.01","43.14","42.91","461.18K","0.16%"
"09/08/2025","42.99","42.90","43.08","42.83","1.09M","1.01%"
"09/05/2025","42.56","42.68","42.81","42.41","158.82K","0.00%"
"09/04/2025","42.56","42.42","42.57","42.30","191.30K","0.05%"
"09/03/2025","42.54","42.46","42.63","42.35","318.32K","0.59%"
"09/02/2025","42.29","42.05","42.40","42.05","403.30K","-0.70%"
"08/29/2025","42.59","42.63","42.75","42.56","197.22K","-0.72%"
"08/28/2025","42.90","42.93","42.95","42.75","119.28K","0.80%"
"08/27/2025","42.56","42.44","42.65","42.28","123.58K","-0.05%"
"08/26/2025","42.58","42.58","42.66","42.45","278.43K","-0.88%"
"08/25/2025","42.96","43.92","43.94","42.90","350.44K","-2.76%"
"08/22/2025","44.18","43.64","44.25","43.64","115.07K","1.45%"
"08/21/2025","43.55","43.60","43.63","43.50","111.49K","-0.96%"
"08/20/2025","43.97","44.05","44.15","43.90","120.21K","0.34%"
"08/19/2025","43.82","43.92","44.06","43.79","159.60K","0.62%"
"08/18/2025","43.55","43.49","43.58","43.39","233.80K","-0.77%"
"08/15/2025","43.89","43.75","43.91","43.75","108.64K","0.90%"
"08/14/2025","43.50","43.12","43.61","43.12","132.55K","0.44%"
"08/13/2025","43.31","43.14","43.31","43.11","178.12K","0.98%"
"08/12/2025","42.89","42.44","42.90","42.44","128.80K","1.28%"
"08/11/2025","42.35","42.40","42.44","42.19","186.37K","-0.77%"
"08/08/2025","42.68","42.53","42.86","42.51","320.21K","0.45%"
"08/07/2025","42.49","42.60","42.63","42.30","325.43K","1.12%"
"08/06/2025","42.02","41.97","42.12","41.94","321.14K","0.45%"
"08/05/2025","41.83","41.80","41.85","41.62","225.19K","-0.07%"
"08/04/2025","41.86","41.82","41.86","41.66","267.28K","1.04%"
"08/01/2025","41.43","41.39","41.47","41.08","742.35K","-1.22%"
"07/31/2025","41.94","42.16","42.23","41.81","293.77K","-1.25%"
"07/30/2025","42.47","42.78","42.86","42.31","463.59K","-1.03%"
"07/29/2025","42.91","43.06","43.06","42.77","240.57K","0.26%"
"07/28/2025","42.80","43.14","43.18","42.69","339.85K","-2.10%"
"07/25/2025","43.72","43.30","43.72","43.21","207.14K","0.74%"
"07/24/2025","43.40","43.48","43.60","43.40","227.99K","-2.25%"
"07/23/2025","44.40","43.47","44.40","43.44","503.70K","2.87%"
"07/22/2025","43.16","42.91","43.18","42.80","156.00K","0.30%"
"07/21/2025","43.03","42.95","43.23","42.83","559.45K","0.26%"
"07/18/2025","42.92","43.30","43.30","42.85","190.10K","-0.14%"
"07/17/2025","42.98","42.82","42.99","42.71","214.96K","0.56%"
"07/16/2025","42.74","42.56","42.86","42.45","870.65K","0.42%"
"07/15/2025","42.56","43.11","43.11","42.51","238.97K","-1.30%"
"07/14/2025","43.12","43.00","43.18","42.97","117.77K","-0.37%"
"07/11/2025","43.28","43.36","43.37","43.20","114.87K","-1.07%"
"07/10/2025","43.75","43.67","43.77","43.52","121.89K","-0.21%"
"07/09/2025","43.84","43.66","43.85","43.56","161.76K","1.32%"
"07/08/2025","43.27","42.78","43.28","42.73","356.54K","1.38%"
"07/07/2025","42.68","42.81","42.92","42.55","211.97K","-0.93%"
"07/03/2025","43.08","43.19","43.27","43.00","247.39K","-0.44%"
"07/02/2025","43.27","43.02","43.31","42.96","256.35K","0.93%"
"07/01/2025","42.87","42.61","42.87","42.58","252.68K","0.16%"
"06/30/2025","42.80","42.60","42.83","42.48","591.29K","0.45%"
"06/27/2025","42.61","42.58","42.90","42.38","2.88M","1.12%"
"06/26/2025","42.14","42.02","42.15","41.92","96.67K","0.60%"
"06/25/2025","41.89","41.77","41.92","41.65","368.23K","-0.36%"
"06/24/2025","42.04","41.97","42.14","41.86","241.25K","1.13%"
"06/23/2025","41.57","40.93","41.61","40.91","250.35K","0.68%"
"06/20/2025","41.29","41.74","41.74","41.28","215.43K","-0.91%"
"06/18/2025","41.67","41.74","41.93","41.55","171.33K","-0.17%"
"06/17/2025","41.74","42.10","42.14","41.67","263.41K","-1.11%"
"06/16/2025","42.21","42.54","42.69","42.20","181.16K","-1.45%"
"06/13/2025","42.83","42.84","43.10","42.72","309.69K","-1.70%"
"06/12/2025","43.57","43.47","43.64","43.43","231.23K","1.07%"
"06/11/2025","43.11","43.34","43.36","43.08","152.46K","-0.23%"
"06/10/2025","43.21","43.26","43.27","43.08","470.87K","0.30%"
"06/09/2025","43.08","42.99","43.20","42.98","204.13K","0.09%"
"06/06/2025","43.04","43.01","43.16","42.99","220.66K","0.00%"
"06/05/2025","43.04","43.36","43.37","42.94","194.42K","-0.09%"
"06/04/2025","43.08","43.03","43.27","42.97","308.67K","0.56%"
"06/03/2025","42.84","42.55","42.95","42.52","953.04K","-0.70%"
"06/02/2025","43.14","42.53","43.15","42.39","824.74K","1.53%"
"05/30/2025","42.49","42.65","42.65","42.26","282.76K","-0.63%"
"05/29/2025","42.76","42.85","42.85","42.54","236.22K","0.68%"
"05/28/2025","42.47","42.62","42.69","42.40","268.83K","-1.05%"
"05/27/2025","42.92","43.01","43.02","42.77","183.11K","1.23%"
"05/23/2025","42.40","41.80","42.44","41.77","722.18K","-0.59%"
"05/22/2025","42.65","42.47","42.80","42.41","464.19K","-0.14%"
"05/21/2025","42.71","43.07","43.26","42.69","289.86K","-0.90%"
"05/20/2025","43.10","42.89","43.10","42.88","197.93K","0.87%"
"05/19/2025","42.73","42.41","42.75","42.40","174.62K","1.14%"
"05/16/2025","42.25","42.11","42.28","41.98","170.63K","0.38%"
"05/15/2025","42.09","41.99","42.10","41.88","189.14K","0.50%"
"05/14/2025","41.88","42.08","42.11","41.81","214.91K","-0.52%"
"05/13/2025","42.10","41.99","42.21","41.90","228.87K","0.69%"
"05/12/2025","41.81","41.83","41.86","41.48","200.71K","0.31%"
"05/09/2025","41.68","41.80","41.81","41.60","74.67K","0.87%"
"05/08/2025","41.32","41.56","41.60","41.32","151.61K","0.00%"
"05/07/2025","41.32","41.37","41.50","41.20","444.15K","-0.72%"
"05/06/2025","41.62","41.68","41.77","41.58","278.43K","-0.53%"
"05/05/2025","41.84","41.95","41.95","41.74","256.02K","-0.05%"
"05/02/2025","41.86","41.82","42.07","41.77","338.48K","1.92%"
"05/01/2025","41.07","41.38","41.38","40.95","780.82K","0.07%"
"04/30/2025","41.04","40.79","41.24","40.62","221.33K","0.24%"
"04/29/2025","40.94","40.88","41.03","40.87","114.63K","-0.24%"
"04/28/2025","41.04","41.04","41.13","40.84","272.68K","0.22%"
"04/25/2025","40.95","40.73","40.95","40.65","108.39K","0.56%"
"04/24/2025","40.72","40.34","40.76","40.26","142.99K","1.50%"
"04/23/2025","40.12","40.41","40.76","40.04","521.40K","0.70%"
"04/22/2025","39.84","39.48","40.02","39.47","403.41K","2.23%"
"04/21/2025","38.97","39.37","39.59","38.64","369.62K","-0.64%"
"04/17/2025","39.22","39.11","39.51","39.02","406.62K","0.67%"
"04/16/2025","38.96","39.19","39.42","38.88","262.52K","-0.10%"
"04/15/2025","39.00","39.02","39.30","38.96","522.50K","0.39%"
"04/14/2025","38.85","38.90","39.30","38.51","479.66K","-0.31%"
"04/11/2025","38.97","38.00","39.00","37.98","357.52K","2.58%"
"04/10/2025","37.99","37.88","38.16","37.03","447.52K","-1.61%"
"04/09/2025","38.61","35.95","38.83","35.72","401.55K","8.30%"
"04/08/2025","35.65","37.07","37.07","35.24","449.97K","-0.89%"
"04/07/2025","35.97","35.91","37.63","35.46","876.37K","-3.33%"
"04/04/2025","37.21","38.05","38.18","37.20","915.33K","-5.75%"
"04/03/2025","39.48","39.85","39.92","39.40","317.64K","-1.74%"
"04/02/2025","40.18","39.80","40.25","39.78","757.10K","0.32%"
"04/01/2025","40.05","40.00","40.13","39.79","795.91K","0.63%"
"03/31/2025","39.80","39.72","39.90","39.51","324.93K","-1.36%"
"03/28/2025","40.35","40.39","40.53","40.26","411.83K","-0.49%"
"03/27/2025","40.55","40.48","40.73","40.44","145.15K","0.17%"
"03/26/2025","40.48","40.81","41.03","40.38","159.03K","-1.82%"
"03/25/2025","41.23","41.26","41.32","41.08","152.03K","0.78%"
"03/24/2025","40.91","40.83","40.96","40.66","213.43K","0.00%"
"03/21/2025","40.91","40.88","41.01","40.75","259.16K","-0.90%"
"03/20/2025","41.28","41.13","41.38","41.11","236.39K","-1.64%"
"03/19/2025","41.97","41.77","42.09","41.67","346.05K","0.38%"
"03/18/2025","41.81","41.73","41.89","41.57","292.06K","0.31%"
"03/17/2025","41.68","41.35","41.76","41.35","263.62K","0.94%"
"03/14/2025","41.29","41.11","41.34","40.99","426.46K","2.03%"
"03/13/2025","40.47","40.61","40.78","40.38","534.61K","-1.22%"
"03/12/2025","40.97","41.24","41.24","40.79","331.38K","-0.29%"
"03/11/2025","41.09","41.25","41.31","40.71","442.21K","0.22%"
"03/10/2025","41.00","41.27","41.43","40.63","393.60K","-2.08%"
"03/07/2025","41.87","41.38","41.91","41.29","978.44K","1.06%"
"03/06/2025","41.43","41.50","42.02","41.40","781.87K","-1.40%"
"03/05/2025","42.02","41.50","42.08","41.49","793.71K","3.04%"
"03/04/2025","40.78","39.94","41.19","39.58","1.52M","1.04%"
"03/03/2025","40.36","40.66","40.72","40.03","1.09M","2.07%"
"02/28/2025","39.54","39.59","39.76","39.15","1.06M","0.25%"
"02/27/2025","39.44","39.68","39.78","39.42","501.25K","-1.13%"
"02/26/2025","39.89","40.12","40.33","39.81","1.11M","0.00%"
"02/25/2025","39.89","39.97","40.03","39.68","184.26K","0.78%"
"02/24/2025","39.58","39.85","39.85","39.58","542.36K","-0.50%"
"02/21/2025","39.78","40.08","40.15","39.76","385.23K","-0.77%"
"02/20/2025","40.09","39.90","40.12","39.77","105.35K","0.93%"
"02/19/2025","39.72","39.75","39.83","39.55","590.98K","-1.41%"
"02/18/2025","40.29","40.24","40.41","40.21","251.12K","0.00%"
"02/14/2025","40.29","40.43","40.52","40.28","170.45K","1.03%"
"02/13/2025","39.88","39.76","40.06","39.49","587.51K","0.68%"
"02/12/2025","39.61","38.98","39.71","38.92","375.51K","1.07%"
"02/11/2025","39.19","38.96","39.23","38.92","456.31K","1.03%"
"02/10/2025","38.79","38.68","38.87","38.66","1.20M","0.41%"
"02/07/2025","38.63","39.05","39.07","38.59","388.35K","-1.08%"
"02/06/2025","39.05","38.89","39.13","38.89","210.72K","1.01%"
"02/05/2025","38.66","38.69","38.74","38.54","342.42K","0.13%"
"02/04/2025","38.61","38.40","38.63","38.37","216.12K","1.74%"
"02/03/2025","37.95","37.76","38.22","37.60","384.10K","-1.76%"
"01/31/2025","38.63","38.87","39.06","38.53","709.86K","-0.77%"
"01/30/2025","38.93","38.94","39.15","38.74","133.11K","0.80%"
"01/29/2025","38.62","38.47","38.69","38.40","344.64K","-0.34%"
"01/28/2025","38.75","39.03","39.03","38.41","629.23K","-1.02%"
"01/27/2025","39.15","38.99","39.18","38.98","442.75K","0.08%"
"01/24/2025","39.12","39.08","39.22","38.99","182.81K","0.93%"
"01/23/2025","38.76","38.56","38.86","38.44","398.62K","1.17%"
"01/22/2025","38.31","38.42","38.42","38.29","180.84K","0.37%"
"01/21/2025","38.17","37.97","38.19","37.90","384.87K","2.36%"
"01/17/2025","37.29","37.35","37.54","37.26","158.89K","0.59%"
"01/16/2025","37.07","36.84","37.15","36.76","784.07K","2.32%"
"01/15/2025","36.23","36.47","36.52","36.14","206.08K","0.47%"
"01/14/2025","36.06","36.07","36.13","35.90","1.04M","0.67%"
"01/13/2025","35.82","35.52","35.87","35.49","457.36K","-0.22%"
"01/10/2025","35.90","36.19","36.21","35.74","247.41K","-0.61%"
"01/08/2025","36.12","35.97","36.19","35.83","441.09K","-0.63%"
"01/07/2025","36.35","36.73","36.76","36.29","532.36K","0.30%"
"01/06/2025","36.24","36.02","36.51","35.95","236.36K","2.52%"
"01/03/2025","35.35","35.49","35.51","35.22","149.61K","-0.53%"
"01/02/2025","35.54","35.77","35.84","35.43","545.65K","-0.95%"
"12/31/2024","35.88","36.17","36.17","35.79","401.76K","0.20%"
"12/30/2024","35.81","35.90","35.91","35.65","361.45K","-0.69%"
"12/27/2024","36.06","35.96","36.14","35.90","758.90K","-0.17%"
"12/26/2024","36.12","35.96","36.20","35.94","216.57K","0.42%"
"12/24/2024","35.97","35.73","36.01","35.62","187.14K","0.62%"
"12/23/2024","35.75","35.61","35.78","35.48","248.43K","0.31%"
"12/20/2024","35.64","35.31","35.88","35.31","305.98K","0.34%"
"12/19/2024","35.52","35.74","35.77","35.49","376.18K","0.06%"
"12/18/2024","35.50","36.40","36.54","35.47","481.43K","-2.26%"
"12/17/2024","36.32","36.39","36.54","36.32","800.57K","-0.77%"
"12/16/2024","36.60","36.54","36.76","36.49","533.47K","-0.68%"
"12/13/2024","36.85","37.08","37.08","36.73","198.79K","0.27%"
"12/12/2024","36.75","36.93","37.13","36.74","290.85K","-0.76%"
"12/11/2024","37.03","37.02","37.08","36.83","270.77K","0.49%"
"12/10/2024","36.85","37.09","37.10","36.80","368.89K","-1.18%"
"12/09/2024","37.29","37.55","37.65","37.29","465.36K","0.19%"
"12/06/2024","37.22","37.30","37.30","37.06","361.39K","1.42%"
"12/05/2024","36.70","36.69","36.79","36.62","477.69K","1.10%"
"12/04/2024","36.30","36.43","36.52","36.20","3.58M","0.36%"
"12/03/2024","36.17","36.16","36.26","35.99","869.95K","0.47%"
"12/02/2024","36.00","36.10","36.13","35.68","795.90K","-0.69%"
"11/29/2024","36.25","35.89","36.26","35.85","381.69K","1.20%"
"11/27/2024","35.82","35.73","35.88","35.68","416.18K","0.48%"
"11/26/2024","35.65","36.03","36.04","35.54","854.00K","-0.78%"
"11/25/2024","35.93","36.16","36.21","35.87","1.54M","0.28%"
"11/22/2024","35.83","35.64","35.88","35.63","413.44K","-0.08%"
"11/21/2024","35.86","35.80","35.96","35.65","298.26K","-0.53%"
"11/20/2024","36.05","36.09","36.12","35.79","585.33K","-0.58%"
"11/19/2024","36.26","35.88","36.33","35.85","799.04K","-0.36%"
"11/18/2024","36.39","36.25","36.48","36.22","382.97K","0.30%"
"11/15/2024","36.28","36.41","36.46","36.19","201.77K","-0.03%"
"11/14/2024","36.29","36.52","36.62","36.27","219.13K","0.44%"
"11/13/2024","36.13","36.15","36.21","35.80","222.96K","-0.71%"
"11/12/2024","36.39","36.83","36.83","36.19","362.82K","-2.62%"
"11/11/2024","37.37","37.47","37.52","37.35","97.42K","0.03%"
"11/08/2024","37.36","37.51","37.52","37.15","165.69K","-2.05%"
"11/07/2024","38.14","37.92","38.19","37.84","260.52K","1.87%"
"11/06/2024","37.44","37.48","37.56","37.24","344.80K","-2.47%"
"11/05/2024","38.39","38.11","38.45","38.10","127.78K","1.19%"
"11/04/2024","37.94","38.15","38.22","37.90","158.74K","-0.05%"
"11/01/2024","37.96","38.20","38.24","37.91","228.64K","0.13%"
"10/31/2024","37.91","38.03","38.03","37.62","170.80K","-0.94%"
"10/30/2024","38.27","37.94","38.35","37.91","127.79K","-0.42%"
"10/29/2024","38.43","38.58","38.65","38.37","190.02K","-1.00%"
"10/28/2024","38.82","38.60","38.87","38.54","115.63K","1.49%"
"10/25/2024","38.25","38.51","38.58","38.17","249.84K","-0.47%"
"10/24/2024","38.43","38.64","38.64","38.30","154.44K","0.47%"
"10/23/2024","38.25","38.29","38.53","38.08","582.69K","-0.96%"
"10/22/2024","38.62","38.56","38.67","38.51","226.33K","-0.21%"
"10/21/2024","38.70","38.97","39.01","38.64","410.91K","-1.40%"
"10/18/2024","39.25","39.24","39.27","39.14","953.62K","0.93%"
"10/17/2024","38.89","39.18","39.22","38.82","558.89K","0.28%"
"10/16/2024","38.78","38.67","38.79","38.63","407.49K","0.57%"
"10/15/2024","38.56","39.04","39.04","38.39","1.55M","-1.98%"
"10/14/2024","39.34","39.15","39.40","39.12","56.34K","0.00%"
"10/11/2024","39.34","39.25","39.38","39.21","290.11K","0.43%"
"10/10/2024","39.17","39.15","39.18","38.93","181.60K","-0.05%"
"10/09/2024","39.19","39.08","39.29","39.07","91.86K","-0.05%"
"10/08/2024","39.21","39.20","39.25","39.05","157.99K","-0.20%"
"10/07/2024","39.29","39.39","39.47","39.16","72.68K","-0.48%"
"10/04/2024","39.48","39.22","39.48","39.17","91.57K","1.05%"
"10/03/2024","39.07","39.28","39.28","38.95","462.27K","-1.41%"
"10/02/2024","39.63","39.68","39.74","39.50","459.62K","-0.43%"
"10/01/2024","39.80","40.20","40.20","39.58","794.06K","-1.49%"
"09/30/2024","40.40","40.67","40.67","40.21","1.65M","-1.75%"
"09/27/2024","41.12","41.21","41.38","41.03","357.25K","0.05%"
"09/26/2024","41.10","40.82","41.16","40.75","235.23K","3.09%"
"09/25/2024","39.87","40.23","40.25","39.83","877.84K","-0.92%"
"09/24/2024","40.24","40.08","40.26","40.00","416.47K","1.51%"
"09/23/2024","39.64","39.54","39.65","39.47","222.65K","-0.15%"
"09/20/2024","39.70","39.89","39.92","39.59","347.35K","-1.51%"
"09/19/2024","40.31","39.97","40.44","39.83","1.90M","2.83%"
"09/18/2024","39.20","39.30","39.67","39.06","472.96K","-0.28%"
"09/17/2024","39.31","39.49","39.49","39.17","73.10K","-0.35%"
"09/16/2024","39.45","39.19","39.45","39.15","64.01K","0.90%"
"09/13/2024","39.10","39.06","39.28","39.01","117.29K","0.28%"
"09/12/2024","38.99","38.68","39.03","38.56","104.60K","0.33%"
"09/11/2024","38.86","38.72","38.87","38.30","164.43K","0.41%"
"09/10/2024","38.70","38.79","38.79","38.44","167.52K","-0.23%"
"09/09/2024","38.79","38.68","38.90","38.67","151.33K","0.81%"
"09/06/2024","38.48","39.03","39.15","38.43","697.44K","-1.41%"
"09/05/2024","39.03","39.11","39.17","38.90","1.21M","-0.48%"
"09/04/2024","39.22","39.14","39.41","39.13","253.75K","-0.36%"
"09/03/2024","39.36","39.78","39.82","39.26","281.84K","-1.30%"
"08/30/2024","39.88","40.00","40.06","39.69","234.04K","0.13%"
"08/29/2024","39.83","40.00","40.08","39.81","170.87K","0.13%"
"08/28/2024","39.78","39.85","39.93","39.60","90.94K","-0.50%"
"08/27/2024","39.98","39.96","40.04","39.85","139.64K","-0.12%"
"08/26/2024","40.03","40.04","40.12","39.96","124.67K","-0.10%"
"08/23/2024","40.07","39.62","40.09","39.59","271.10K","1.88%"
"08/22/2024","39.33","39.73","39.73","39.31","162.90K","-0.98%"
"08/21/2024","39.72","39.48","39.76","39.41","197.52K","1.12%"
"08/20/2024","39.28","39.28","39.34","39.22","223.28K","0.10%"
"08/19/2024","39.24","39.04","39.29","39.04","125.76K","1.13%"
"08/16/2024","38.80","38.58","38.81","38.58","120.60K","0.78%"
"08/15/2024","38.50","38.40","38.57","38.38","229.41K","0.84%"
"08/14/2024","38.18","38.10","38.22","38.09","277.46K","0.69%"
"08/13/2024","37.92","37.50","37.94","37.49","209.11K","1.20%"
"08/12/2024","37.47","37.53","37.56","37.35","176.83K","-0.37%"
"08/09/2024","37.61","37.42","37.63","37.35","301.15K","0.43%"
"08/08/2024","37.45","37.29","37.50","37.17","213.25K","1.00%"
"08/07/2024","37.08","37.47","37.69","37.06","491.58K","0.35%"
"08/06/2024","36.95","36.58","37.15","36.53","1.58M","-0.16%"
"08/05/2024","37.01","36.80","37.22","36.65","792.04K","-1.46%"
"08/02/2024","37.56","37.49","37.66","37.30","661.32K","0.32%"
"08/01/2024","37.44","37.94","37.99","37.33","1.20M","-2.78%"
"07/31/2024","38.51","38.68","38.74","38.48","244.92K","0.57%"
"07/30/2024","38.29","38.33","38.37","38.15","184.49K","0.18%"
"07/29/2024","38.22","38.19","38.28","37.99","300.02K","-1.19%"
"07/26/2024","38.68","38.44","38.72","38.44","174.22K","1.74%"
"07/25/2024","38.02","37.84","38.33","37.72","248.95K","-0.37%"
"07/24/2024","38.16","38.51","38.60","38.14","333.72K","-1.22%"
"07/23/2024","38.63","38.81","38.86","38.60","332.22K","-1.43%"
"07/22/2024","39.19","39.12","39.25","39.00","226.99K","1.50%"
"07/19/2024","38.61","38.67","38.78","38.53","282.41K","-0.69%"
"07/18/2024","38.88","39.25","39.33","38.78","356.58K","-0.36%"
"07/17/2024","39.02","38.89","39.17","38.89","353.87K","0.00%"
"07/16/2024","39.02","38.74","39.03","38.71","337.05K","-0.15%"
"07/15/2024","39.08","39.25","39.29","39.01","269.75K","-1.14%"
"07/12/2024","39.53","39.37","39.76","39.37","552.29K","1.41%"
"07/11/2024","38.98","38.99","39.10","38.92","689.31K","0.91%"
"07/10/2024","38.63","38.49","38.67","38.41","762.50K","1.23%"
"07/09/2024","38.16","38.40","38.42","38.06","419.46K","-1.75%"
"07/08/2024","38.84","39.18","39.23","38.75","689.68K","-0.87%"
"07/05/2024","39.18","39.30","39.39","38.90","1.15M","0.77%"
"07/03/2024","38.88","38.76","38.90","38.73","575.83K","1.89%"
"07/02/2024","38.16","38.01","38.20","37.97","491.84K","-0.31%"
"07/01/2024","38.28","38.54","38.64","38.10","700.96K","1.32%"
"06/28/2024","37.78","37.61","37.82","37.55","1.02M","-0.50%"
"06/27/2024","37.97","38.21","38.24","37.90","301.24K","-0.81%"
"06/26/2024","38.28","38.08","38.35","38.01","306.88K","-1.19%"
"06/25/2024","38.74","38.40","38.79","38.37","409.72K","-0.05%"
"06/24/2024","38.76","38.81","39.04","38.73","443.97K","0.99%"
"06/21/2024","38.38","38.37","38.50","38.24","368.51K","-0.75%"
"06/20/2024","38.67","38.50","38.77","38.47","768.39K","0.10%"
"06/18/2024","38.63","38.40","38.63","38.38","1.94M","0.81%"
"06/17/2024","38.32","38.03","38.33","37.82","672.36K","1.78%"
"06/14/2024","37.65","37.69","37.81","37.42","903.06K","-3.34%"
"06/13/2024","38.95","39.35","39.40","38.78","659.61K","-2.31%"
"06/12/2024","39.87","39.97","40.10","39.79","693.94K","1.27%"
"06/11/2024","39.37","39.36","39.47","39.08","529.08K","-3.79%"
"06/10/2024","40.92","40.60","40.94","40.49","645.72K","-1.42%"
"06/07/2024","41.51","41.60","41.81","41.49","295.07K","-1.54%"
"06/06/2024","42.16","42.02","42.16","41.99","560.31K","0.43%"
"06/05/2024","41.98","41.94","42.03","41.66","3.01M","0.91%"
"06/04/2024","41.60","41.58","41.68","41.39","256.80K","-0.31%"
"06/03/2024","41.73","41.79","41.90","41.53","843.23K","0.07%"
"05/31/2024","41.70","41.56","41.74","41.45","276.77K","0.72%"
"05/30/2024","41.40","41.32","41.52","41.29","176.00K","0.75%"
"05/29/2024","41.09","41.18","41.32","41.07","271.57K","-1.75%"
"05/28/2024","41.82","41.97","42.00","41.69","156.60K","-0.36%"
"05/24/2024","41.97","41.87","41.98","41.80","169.09K","0.87%"
"05/23/2024","41.61","42.15","42.15","41.51","265.61K","-0.48%"
"05/22/2024","41.81","41.89","41.93","41.65","811.70K","-0.92%"
"05/21/2024","42.20","42.04","42.22","42.02","420.80K","-0.12%"
"05/20/2024","42.25","42.38","42.39","42.24","74.01K","0.00%"
"05/17/2024","42.25","42.08","42.26","42.01","153.35K","0.09%"
"05/16/2024","42.21","42.36","42.40","42.15","359.69K","-0.87%"
"05/15/2024","42.58","42.43","42.60","42.34","149.32K","0.52%"
"05/14/2024","42.36","42.21","42.38","42.15","218.75K","0.79%"
"05/13/2024","42.03","41.99","42.11","41.94","188.21K","0.07%"
"05/10/2024","42.00","42.09","42.10","41.92","161.77K","0.07%"
"05/09/2024","41.97","41.64","41.97","41.64","242.06K","1.08%"
"05/08/2024","41.52","41.48","41.62","41.44","246.32K","0.78%"
"05/07/2024","41.20","41.18","41.29","41.13","300.45K","0.73%"
"05/06/2024","40.90","40.89","40.94","40.82","154.57K","0.64%"
"05/03/2024","40.64","40.81","40.87","40.48","152.48K","0.87%"
"05/02/2024","40.29","40.16","40.36","39.97","652.73K","1.00%"
"05/01/2024","39.89","40.00","40.46","39.82","832.08K","-0.37%"
"04/30/2024","40.04","40.42","40.53","40.03","323.49K","-1.38%"
"04/29/2024","40.60","40.58","40.63","40.49","122.03K","-0.17%"
"04/26/2024","40.67","40.49","40.74","40.49","139.60K","0.74%"
"04/25/2024","40.37","39.94","40.44","39.86","325.53K","-0.59%"
"04/24/2024","40.61","40.73","40.73","40.44","306.14K","-0.10%"
"04/23/2024","40.65","40.40","40.72","40.35","352.55K","1.07%"
"04/22/2024","40.22","39.98","40.34","39.93","326.34K","0.78%"
"04/19/2024","39.91","39.96","40.05","39.77","861.43K","0.25%"
"04/18/2024","39.81","39.79","40.15","39.66","1.06M","0.15%"
"04/17/2024","39.75","40.02","40.07","39.62","569.08K","0.71%"
"04/16/2024","39.47","39.42","39.64","39.25","1.48M","-0.30%"
"04/15/2024","39.59","40.25","40.31","39.53","799.49K","-0.05%"
"04/12/2024","39.61","39.81","39.99","39.54","433.77K","-1.83%"
"04/11/2024","40.35","40.45","40.50","39.86","555.70K","0.10%"
"04/10/2024","40.31","40.19","40.48","40.07","757.08K","-1.47%"
"04/09/2024","40.91","41.08","41.13","40.73","391.67K","-0.49%"
"04/08/2024","41.11","41.19","41.23","41.07","334.99K","0.71%"
"04/05/2024","40.82","40.59","40.87","40.47","790.07K","0.15%"
"04/04/2024","40.76","41.40","41.47","40.70","549.16K","-1.21%"
"04/03/2024","41.26","41.01","41.30","41.01","559.52K","0.78%"
"04/02/2024","40.94","40.90","40.96","40.82","761.52K","-1.06%"
"04/01/2024","41.38","41.45","41.69","41.29","1.08M","-0.07%"
"03/28/2024","41.41","41.48","41.51","41.36","553.22K","-0.46%"
"03/27/2024","41.60","41.44","41.60","41.39","365.12K","0.80%"
"03/26/2024","41.27","41.38","41.45","41.26","380.70K","0.22%"
"03/25/2024","41.18","41.07","41.29","41.07","342.15K","0.17%"
"03/22/2024","41.11","41.20","41.20","41.04","879.41K","-0.60%"
"03/21/2024","41.36","41.46","41.56","41.36","452.25K","-1.15%"
"03/20/2024","41.84","41.19","41.88","41.19","719.42K","1.53%"
"03/19/2024","41.21","41.40","41.53","41.19","697.38K","-0.10%"
"03/18/2024","41.25","41.46","41.46","41.22","454.42K","-0.77%"
"03/15/2024","41.57","41.57","41.69","41.42","460.86K","0.19%"
"03/14/2024","41.49","41.73","41.76","41.31","580.76K","-0.31%"
"03/13/2024","41.62","41.57","41.72","41.55","401.33K","0.73%"
"03/12/2024","41.32","41.01","41.33","40.85","355.97K","0.73%"
"03/11/2024","41.02","40.91","41.03","40.71","463.05K","0.29%"
"03/08/2024","40.90","41.19","41.20","40.85","461.87K","-0.37%"
"03/07/2024","41.05","40.80","41.07","40.77","350.33K","1.33%"
"03/06/2024","40.51","40.47","40.59","40.41","485.78K","0.80%"
"03/05/2024","40.19","40.26","40.42","40.04","386.10K","-0.45%"
"03/04/2024","40.37","40.26","40.44","40.24","254.62K","0.32%"
"03/01/2024","40.24","40.15","40.28","39.90","509.06K","0.07%"
"02/29/2024","40.21","40.35","40.39","40.02","327.79K","-0.20%"
"02/28/2024","40.29","40.23","40.38","40.18","164.61K","-0.32%"
"02/27/2024","40.42","40.32","40.42","40.28","304.76K","0.42%"
"02/26/2024","40.25","40.31","40.31","40.17","358.92K","-0.22%"
"02/23/2024","40.34","40.35","40.41","40.29","634.66K","0.40%"
"02/22/2024","40.18","40.00","40.22","39.97","791.50K","1.18%"
"02/21/2024","39.71","39.47","39.72","39.45","418.75K","0.58%"
"02/20/2024","39.48","39.44","39.55","39.38","259.58K","1.00%"
"02/16/2024","39.09","39.09","39.26","39.03","498.10K","-0.26%"
"02/15/2024","39.19","38.96","39.21","38.96","320.84K","1.24%"
"02/14/2024","38.71","38.50","38.71","38.48","352.15K","1.52%"
"02/13/2024","38.13","38.26","38.33","38.01","359.59K","-1.75%"
"02/12/2024","38.81","38.78","38.92","38.76","410.66K","-0.10%"
"02/09/2024","38.85","38.66","38.87","38.55","400.78K","0.49%"
"02/08/2024","38.66","38.77","38.83","38.61","1.09M","0.18%"
"02/07/2024","38.59","38.61","38.63","38.47","357.08K","-0.21%"
"02/06/2024","38.67","38.44","38.67","38.42","421.46K","0.70%"
"02/05/2024","38.40","38.33","38.47","38.13","342.48K","-0.52%"
"02/02/2024","38.60","38.65","38.66","38.43","483.51K","-0.92%"
"02/01/2024","38.96","38.70","38.97","38.58","1.25M","0.49%"
"01/31/2024","38.77","39.30","39.35","38.72","686.63K","-1.07%"
"01/30/2024","39.19","39.19","39.25","39.08","307.96K","0.20%"
"01/29/2024","39.11","38.89","39.17","38.81","259.71K","0.26%"
"01/26/2024","39.01","39.09","39.14","38.98","422.14K","1.56%"
"01/25/2024","38.41","38.11","38.42","37.94","776.10K","0.87%"
"01/24/2024","38.08","38.37","38.38","38.06","511.74K","0.85%"
"01/23/2024","37.76","37.69","37.76","37.57","573.02K","-0.37%"
"01/22/2024","37.90","37.97","38.03","37.87","1.10M","-0.05%"
"01/19/2024","37.92","37.69","37.94","37.55","813.11K","0.03%"
"01/18/2024","37.91","37.72","37.92","37.62","947.04K","1.34%"
"01/17/2024","37.41","37.27","37.42","37.10","1.02M","-0.72%"
"01/16/2024","37.68","37.75","37.86","37.60","862.32K","-1.88%"
"01/12/2024","38.40","38.42","38.56","38.33","313.73K","0.26%"
"01/11/2024","38.30","38.34","38.40","37.91","826.36K","0.00%"
"01/10/2024","38.30","38.13","38.36","38.07","478.24K","0.55%"
"01/09/2024","38.09","38.09","38.21","38.04","316.33K","-1.12%"
"01/08/2024","38.52","38.22","38.53","38.21","247.80K","1.16%"
"01/05/2024","38.08","37.98","38.42","37.98","464.07K","-0.37%"
"01/04/2024","38.22","38.16","38.40","38.16","411.85K","0.53%"
"01/03/2024","38.02","37.91","38.15","37.84","652.55K","-1.53%"
"01/02/2024","38.61","38.68","38.81","38.59","695.49K","-1.45%"
"12/29/2023","39.18","39.22","39.33","39.06","318.81K","0.13%"
"12/28/2023","39.13","39.24","39.33","39.12","369.99K","-0.96%"
"12/27/2023","39.51","39.36","39.54","39.35","339.53K","0.36%"
"12/26/2023","39.37","39.18","39.47","39.18","383.53K","0.61%"
"12/22/2023","39.13","39.23","39.27","38.99","291.14K","-0.13%"
"12/21/2023","39.18","39.00","39.20","38.87","247.75K","1.46%"
"12/20/2023","38.62","38.93","39.12","38.59","517.00K","-1.87%"
"12/19/2023","39.35","39.17","39.37","39.15","329.28K","0.85%"
"12/18/2023","39.02","39.01","39.06","38.88","395.81K","0.15%"
"12/15/2023","38.96","39.13","39.26","38.94","535.13K","-0.92%"
"12/14/2023","39.32","39.28","39.42","39.14","662.15K","0.87%"
"12/13/2023","38.98","38.45","39.03","38.24","391.42K","1.33%"
"12/12/2023","38.47","38.38","38.49","38.28","313.71K","0.26%"
"12/11/2023","38.37","38.23","38.38","38.21","742.79K","0.16%"
"12/08/2023","38.31","38.00","38.31","37.99","281.39K","1.19%"
"12/07/2023","37.86","37.74","37.92","37.65","423.73K","0.58%"
"12/06/2023","37.64","37.83","37.96","37.64","243.91K","0.11%"
"12/05/2023","37.60","37.64","37.74","37.55","351.49K","0.13%"
"12/04/2023","37.55","37.38","37.57","37.37","342.84K","-0.53%"
"12/01/2023","37.75","37.46","37.80","37.42","1.13M","0.48%"
"11/30/2023","37.57","37.61","37.67","37.47","5.55M","-0.16%"
"11/29/2023","37.63","37.67","37.79","37.53","1.51M","0.11%"
"11/28/2023","37.59","37.44","37.69","37.40","207.15K","-0.03%"
"11/27/2023","37.60","37.63","37.68","37.49","163.36K","-0.29%"
"11/24/2023","37.71","37.55","37.71","37.55","95.44K","0.91%"
"11/22/2023","37.37","37.32","37.39","37.19","281.87K","0.24%"
"11/21/2023","37.28","37.36","37.40","37.22","353.00K","-0.48%"
"11/20/2023","37.46","37.33","37.54","37.33","170.22K","0.40%"
"11/17/2023","37.31","37.14","37.31","37.06","387.24K","1.28%"
"11/16/2023","36.84","36.82","36.97","36.71","364.38K","-0.11%"
"11/15/2023","36.88","36.87","37.01","36.85","490.61K","-0.08%"
"11/14/2023","36.91","36.56","36.97","36.56","291.60K","3.22%"
"11/13/2023","35.76","35.54","35.81","35.50","306.78K","0.03%"
"11/10/2023","35.75","35.56","35.78","35.26","349.99K","0.45%"
"11/09/2023","35.59","35.85","36.01","35.56","490.55K","0.23%"
"11/08/2023","35.51","35.51","35.64","35.37","1.16M","0.79%"
"11/07/2023","35.23","35.18","35.35","35.14","1.01M","-0.59%"
"11/06/2023","35.44","35.59","35.64","35.35","404.02K","-0.59%"
"11/03/2023","35.65","35.75","35.88","35.62","393.55K","0.37%"
"11/02/2023","35.52","35.53","35.62","35.34","813.48K","2.36%"
"11/01/2023","34.70","34.45","34.72","34.31","585.51K","0.73%"
"10/31/2023","34.45","34.46","34.55","34.25","983.66K","0.38%"
"10/30/2023","34.32","34.24","34.34","34.10","1.79M","1.66%"
"10/27/2023","33.76","34.25","34.25","33.66","947.57K","-1.32%"
"10/26/2023","34.21","34.34","34.43","34.05","408.10K","-0.32%"
"10/25/2023","34.32","34.35","34.62","34.22","399.80K","-0.61%"
"10/24/2023","34.53","34.45","34.59","34.33","386.08K","0.61%"
"10/23/2023","34.32","34.09","34.55","33.99","383.31K","0.76%"
"10/20/2023","34.06","34.23","34.31","34.05","476.40K","-0.82%"
"10/19/2023","34.34","34.52","34.77","34.27","452.89K","-0.43%"
"10/18/2023","34.49","34.75","34.81","34.44","592.22K","-1.74%"
"10/17/2023","35.10","34.70","35.28","34.70","391.08K","0.11%"
"10/16/2023","35.06","34.87","35.12","34.85","442.74K","1.01%"
"10/13/2023","34.71","34.99","35.06","34.60","2.43M","-1.34%"
"10/12/2023","35.18","35.58","35.58","35.05","477.06K","-1.59%"
"10/11/2023","35.75","35.80","35.91","35.51","1.49M","0.42%"
"10/10/2023","35.60","35.66","35.90","35.55","751.24K","1.08%"
"10/09/2023","35.22","34.95","35.25","34.87","370.91K","-0.65%"
"10/06/2023","35.45","34.88","35.55","34.68","483.37K","1.31%"
"10/05/2023","34.99","34.87","35.03","34.76","408.46K","0.43%"
"10/04/2023","34.84","34.92","34.95","34.54","410.76K","0.61%"
"10/03/2023","34.63","34.70","34.81","34.53","532.90K","-0.77%"
"10/02/2023","34.90","35.31","35.36","34.82","494.63K","-1.94%"
"09/29/2023","35.59","36.05","36.06","35.50","298.34K","0.20%"
"09/28/2023","35.52","35.31","35.65","35.26","399.00K","1.14%"
"09/27/2023","35.12","35.32","35.35","34.85","401.42K","-0.45%"
"09/26/2023","35.28","35.37","35.52","35.24","391.45K","-1.26%"
"09/25/2023","35.73","35.64","35.75","35.46","392.14K","-0.83%"
"09/22/2023","36.03","36.14","36.37","35.98","381.71K","-0.33%"
"09/21/2023","36.15","36.45","36.51","36.13","390.42K","-1.71%"
"09/20/2023","36.78","37.09","37.32","36.78","376.19K","-0.24%"
"09/19/2023","36.87","36.77","36.89","36.68","288.84K","0.27%"
"09/18/2023","36.77","36.81","36.88","36.64","536.61K","-1.02%"
"09/15/2023","37.15","37.35","37.46","37.13","449.80K","0.49%"
"09/14/2023","36.97","36.73","37.01","36.73","382.47K","1.04%"
"09/13/2023","36.59","36.77","36.84","36.51","352.65K","-0.68%"
"09/12/2023","36.84","36.79","36.99","36.74","238.65K","-0.86%"
"09/11/2023","37.16","37.10","37.20","36.97","293.16K","1.12%"
"09/08/2023","36.75","36.72","36.87","36.65","601.21K","0.57%"
"09/07/2023","36.54","36.58","36.67","36.43","331.98K","-0.19%"
"09/06/2023","36.61","36.67","36.76","36.48","484.63K","-0.68%"
"09/05/2023","36.86","37.14","37.18","36.86","305.07K","-1.52%"
"09/01/2023","37.43","37.97","37.99","37.34","616.59K","-0.61%"
"08/31/2023","37.66","37.98","38.01","37.55","718.90K","-1.47%"
"08/30/2023","38.22","38.23","38.39","38.15","287.78K","0.10%"
"08/29/2023","38.18","37.62","38.21","37.59","504.66K","1.27%"
"08/28/2023","37.70","37.54","37.74","37.53","549.54K","1.24%"
"08/25/2023","37.24","37.23","37.40","36.89","479.15K","0.89%"
"08/24/2023","36.91","37.25","37.41","36.90","264.74K","-1.39%"
"08/23/2023","37.43","37.17","37.49","37.15","1.43M","0.56%"
"08/22/2023","37.22","37.45","37.48","37.18","326.75K","-0.37%"
"08/21/2023","37.36","37.28","37.41","37.11","315.62K","0.86%"
"08/18/2023","37.04","36.63","37.11","36.63","532.84K","0.11%"
"08/17/2023","37.00","37.43","37.49","36.95","337.60K","-0.99%"
"08/16/2023","37.37","37.53","37.76","37.35","354.37K","-0.56%"
"08/15/2023","37.58","37.89","37.91","37.53","341.39K","-1.49%"
"08/14/2023","38.15","37.88","38.19","37.78","319.79K","-0.21%"
"08/11/2023","38.23","38.26","38.39","38.13","1.34M","-1.04%"
"08/10/2023","38.63","38.84","39.12","38.58","405.95K","1.05%"
"08/09/2023","38.23","38.19","38.40","38.16","512.88K","0.50%"
"08/08/2023","38.04","37.77","38.07","37.63","265.19K","-0.78%"
"08/07/2023","38.34","38.24","38.37","38.09","520.49K","0.71%"
"08/04/2023","38.07","38.06","38.44","37.94","382.38K","0.74%"
"08/03/2023","37.79","37.60","37.92","37.56","370.54K","-0.37%"
"08/02/2023","37.93","38.26","38.31","37.87","443.85K","-1.89%"
"08/01/2023","38.66","38.77","38.88","38.51","333.14K","-1.25%"
"07/31/2023","39.15","39.32","39.41","39.15","251.76K","-0.10%"
"07/28/2023","39.19","38.97","39.31","38.95","245.05K","1.14%"
"07/27/2023","38.75","39.11","39.18","38.65","645.39K","0.05%"
"07/26/2023","38.73","38.31","38.87","38.29","516.42K","-0.13%"
"07/25/2023","38.78","38.90","39.07","38.78","773.53K","-1.05%"
"07/24/2023","39.19","39.12","39.25","39.11","205.66K","-0.61%"
"07/21/2023","39.43","39.44","39.47","39.29","226.18K","0.61%"
"07/20/2023","39.19","39.28","39.41","39.11","303.31K","-0.03%"
"07/19/2023","39.20","39.25","39.37","39.12","287.74K","-0.18%"
"07/18/2023","39.27","39.08","39.31","39.07","216.77K","0.18%"
"07/17/2023","39.20","39.04","39.22","39.01","443.48K","-0.56%"
"07/14/2023","39.42","39.65","39.72","39.42","493.52K","-0.38%"
"07/13/2023","39.57","39.50","39.64","39.42","2.00M","1.44%"
"07/12/2023","39.01","38.55","39.06","38.53","3.74M","2.63%"
"07/11/2023","38.01","37.90","38.01","37.72","454.80K","1.33%"
"07/10/2023","37.51","37.29","37.51","37.29","351.89K","0.89%"
"07/07/2023","37.18","36.99","37.35","36.93","555.70K","0.92%"
"07/06/2023","36.84","37.02","37.02","36.60","586.48K","-2.49%"
"07/05/2023","37.78","37.98","37.99","37.72","794.18K","-1.64%"
"07/03/2023","38.41","38.43","38.47","38.35","564.45K","-0.31%"
"06/30/2023","38.53","38.47","38.58","38.40","971.53K","1.50%"
"06/29/2023","37.96","37.83","37.96","37.83","411.62K","0.05%"
"06/28/2023","37.94","37.85","37.97","37.79","399.30K","0.32%"
"06/27/2023","37.82","37.52","37.85","37.46","254.08K","1.61%"
"06/26/2023","37.22","37.27","37.35","37.22","248.02K","0.38%"
"06/23/2023","37.08","36.96","37.19","36.91","245.30K","-1.28%"
"06/22/2023","37.56","37.52","37.62","37.47","257.65K","-0.69%"
"06/21/2023","37.82","37.61","37.97","37.59","322.00K","-0.08%"
"06/20/2023","37.85","37.86","37.94","37.74","437.17K","-1.15%"
"06/16/2023","38.29","38.46","38.51","38.28","835.43K","0.74%"
"06/15/2023","38.01","37.64","38.03","37.57","592.31K","1.04%"
"06/14/2023","37.62","37.74","37.83","37.43","474.78K","0.45%"
"06/13/2023","37.45","37.33","37.55","37.33","780.30K","0.67%"
"06/12/2023","37.20","37.11","37.22","37.05","347.68K","0.90%"
"06/09/2023","36.87","36.94","36.97","36.80","368.13K","-0.49%"
"06/08/2023","37.05","36.87","37.05","36.83","967.69K","1.34%"
"06/07/2023","36.56","36.85","36.88","36.54","667.90K","-2.66%"
"06/06/2023","37.56","37.28","37.56","37.28","448.19K","0.51%"
"06/05/2023","37.37","37.61","37.63","37.34","973.72K","-1.14%"
"06/02/2023","37.80","37.84","37.94","37.78","884.72K","1.23%"
"06/01/2023","37.34","36.94","37.40","36.94","3.25M","0.92%"
"05/31/2023","37.00","37.01","37.08","36.66","1.37M","-1.46%"
"05/30/2023","37.55","37.83","37.83","37.43","284.87K","-1.08%"
"05/26/2023","37.96","37.75","38.03","37.75","489.87K","1.01%"
"05/25/2023","37.58","37.53","37.64","37.40","437.83K","-0.19%"
"05/24/2023","37.65","37.81","37.81","37.62","422.46K","-1.36%"
"05/23/2023","38.17","38.55","38.55","38.17","318.01K","-2.18%"
"05/22/2023","39.02","38.98","39.12","38.96","538.50K","-0.10%"
"05/19/2023","39.06","39.07","39.16","38.92","609.71K","0.80%"
"05/18/2023","38.75","38.72","38.77","38.53","311.36K","-0.26%"
"05/17/2023","38.85","38.75","38.89","38.55","270.72K","0.44%"
"05/16/2023","38.68","38.85","38.87","38.65","231.19K","-0.74%"
"05/15/2023","38.97","38.83","39.00","38.76","1.41M","0.65%"
"05/12/2023","38.72","38.83","38.92","38.58","3.20M","-0.54%"
"05/11/2023","38.93","38.64","38.93","38.54","1.31M","-0.08%"
"05/10/2023","38.96","39.09","39.09","38.65","335.45K","-0.10%"
"05/09/2023","39.00","38.83","39.12","38.82","262.00K","-0.94%"
"05/08/2023","39.37","39.51","39.56","39.32","606.76K","-0.08%"
"05/05/2023","39.40","39.05","39.52","39.01","944.39K","1.36%"
"05/04/2023","38.87","38.86","38.99","38.71","737.72K","-0.82%"
"05/03/2023","39.19","39.28","39.55","39.13","795.52K","0.23%"
"05/02/2023","39.10","39.09","39.17","38.85","869.97K","-1.21%"
"05/01/2023","39.58","39.65","39.75","39.53","829.55K","0.03%"
"04/28/2023","39.57","39.31","39.68","39.23","438.70K","-0.43%"
"04/27/2023","39.74","39.45","39.76","39.37","997.76K","1.27%"
"04/26/2023","39.24","39.60","39.63","39.19","3.83M","-0.15%"
"04/25/2023","39.30","39.71","39.71","39.28","1.12M","-1.60%"
"04/24/2023","39.94","39.76","39.95","39.73","3.12M","0.58%"
"04/21/2023","39.71","39.46","39.72","39.35","363.45K","0.94%"
"04/20/2023","39.34","39.18","39.47","39.18","528.57K","-0.13%"
"04/19/2023","39.39","39.27","39.43","39.27","306.10K","0.00%"
"04/18/2023","39.39","39.26","39.39","39.22","759.29K","0.82%"
"04/17/2023","39.07","39.05","39.10","38.87","384.82K","-0.64%"
"04/14/2023","39.32","39.40","39.47","39.12","516.60K","-0.33%"
"04/13/2023","39.45","39.27","39.45","39.23","532.52K","1.54%"
"04/12/2023","38.85","38.73","39.03","38.53","547.90K","1.22%"
"04/11/2023","38.38","38.43","38.50","38.35","547.88K","0.50%"
"04/10/2023","38.19","37.94","38.20","37.92","555.13K","0.00%"
"04/06/2023","38.19","37.96","38.29","37.92","478.80K","0.39%"
"04/05/2023","38.04","38.14","38.23","37.90","429.81K","-0.55%"
"04/04/2023","38.25","38.24","38.41","38.17","418.35K","0.03%"
"04/03/2023","38.24","37.92","38.24","37.92","1.16M","1.16%"
"03/31/2023","37.80","37.79","37.97","37.74","785.87K","0.35%"
"03/30/2023","37.67","37.69","37.74","37.58","690.08K","1.43%"
"03/29/2023","37.14","37.07","37.17","36.94","509.80K","1.75%"
"03/28/2023","36.50","36.42","36.59","36.38","457.10K","-0.03%"
"03/27/2023","36.51","36.40","36.54","36.24","624.32K","1.14%"
"03/24/2023","36.10","35.95","36.14","35.71","2.58M","-0.96%"
"03/23/2023","36.45","36.88","37.10","36.28","881.69K","-0.05%"
"03/22/2023","36.47","36.66","37.20","36.47","826.75K","-0.33%"
"03/21/2023","36.59","36.65","36.67","36.38","624.71K","1.98%"
"03/20/2023","35.88","35.65","36.02","35.60","867.99K","2.08%"
"03/17/2023","35.15","35.11","35.29","34.88","909.52K","-1.71%"
"03/16/2023","35.76","34.79","35.78","34.76","1.05M","1.88%"
"03/15/2023","35.10","34.46","35.15","34.45","1.43M","-3.73%"
"03/14/2023","36.46","36.39","36.54","36.17","1.26M","2.13%"
"03/13/2023","35.70","35.58","36.01","35.49","2.00M","-1.14%"
"03/10/2023","36.11","36.57","36.64","36.07","1.07M","-0.66%"
"03/09/2023","36.35","36.70","36.87","36.33","966.94K","-0.98%"
"03/08/2023","36.71","36.73","36.88","36.59","502.84K","-0.05%"
"03/07/2023","36.73","37.30","37.32","36.67","483.55K","-1.66%"
"03/06/2023","37.35","37.34","37.51","37.31","250.12K","0.11%"
"03/03/2023","37.31","37.02","37.32","36.88","1.07M","1.33%"
"03/02/2023","36.82","36.51","36.85","36.48","1.32M","0.16%"
"03/01/2023","36.76","36.97","37.04","36.60","1.48M","0.66%"
"02/28/2023","36.52","36.81","36.89","36.49","987.68K","-0.92%"
"02/27/2023","36.86","36.83","36.95","36.73","237.92K","1.68%"
"02/24/2023","36.25","36.31","36.42","36.06","393.34K","-2.29%"
"02/23/2023","37.10","37.01","37.13","36.74","330.58K","0.79%"
"02/22/2023","36.81","36.90","37.06","36.74","379.87K","-0.35%"
"02/21/2023","36.94","37.13","37.29","36.93","258.83K","-1.62%"
"02/17/2023","37.55","37.22","37.57","37.16","237.19K","0.51%"
"02/16/2023","37.36","37.22","37.61","37.20","348.40K","0.08%"
"02/15/2023","37.33","37.03","37.35","36.99","375.07K","0.38%"
"02/14/2023","37.19","36.86","37.31","36.80","299.88K","0.65%"
"02/13/2023","36.95","36.60","36.97","36.60","288.15K","1.48%"
"02/10/2023","36.41","36.34","36.41","36.18","325.32K","-0.74%"
"02/09/2023","36.68","37.10","37.13","36.60","632.34K","0.49%"
"02/08/2023","36.50","36.68","36.71","36.39","383.76K","-0.79%"
"02/07/2023","36.79","36.33","36.82","36.23","725.29K","0.52%"
"02/06/2023","36.60","36.69","36.73","36.41","441.36K","-1.48%"
"02/03/2023","37.15","37.06","37.53","37.02","649.83K","-0.67%"
"02/02/2023","37.40","37.42","37.52","37.08","642.00K","0.11%"
"02/01/2023","37.36","36.93","37.52","36.36","650.81K","1.08%"
"01/31/2023","36.96","36.66","36.97","36.56","484.95K","0.87%"
"01/30/2023","36.64","36.76","36.97","36.63","232.48K","-0.57%"
"01/27/2023","36.85","36.69","36.97","36.67","370.96K","-0.35%"
"01/26/2023","36.98","37.02","37.08","36.76","345.90K","0.19%"
"01/25/2023","36.91","36.50","36.93","36.50","406.48K","0.49%"
"01/24/2023","36.73","36.45","36.76","36.35","307.24K","0.25%"
"01/23/2023","36.64","36.39","36.66","36.33","328.99K","0.41%"
"01/20/2023","36.49","36.16","36.49","36.06","762.87K","0.97%"
"01/19/2023","36.14","36.09","36.24","35.89","1.06M","-0.69%"
"01/18/2023","36.39","36.98","37.00","36.38","512.37K","-0.30%"
"01/17/2023","36.50","36.68","36.79","36.39","972.25K","0.11%"
"01/13/2023","36.46","36.06","36.55","36.06","908.37K","0.58%"
"01/12/2023","36.25","36.05","36.32","35.70","281.99K","1.51%"
"01/11/2023","35.71","35.65","35.74","35.51","484.36K","0.93%"
"01/10/2023","35.38","35.15","35.38","35.09","370.96K","0.65%"
"01/09/2023","35.15","35.32","35.52","35.15","451.28K","0.57%"
"01/06/2023","34.95","34.22","34.97","34.01","304.27K","2.85%"
"01/05/2023","33.98","34.07","34.22","33.94","287.75K","-1.08%"
"01/04/2023","34.35","34.26","34.44","34.08","456.22K","2.72%"
"01/03/2023","33.44","33.68","33.82","33.31","1.12M","0.97%"
"12/30/2022","33.12","33.31","33.38","33.06","288.07K","-1.13%"
"12/29/2022","33.50","33.31","33.65","33.31","590.36K","1.79%"
"12/28/2022","32.91","33.35","33.45","32.90","318.41K","-1.20%"
"12/27/2022","33.31","33.28","33.42","33.24","251.22K","0.63%"
"12/23/2022","33.10","32.95","33.15","32.83","1.09M","-0.12%"
"12/22/2022","33.14","33.16","33.22","32.77","629.14K","-0.51%"
"12/21/2022","33.31","33.11","33.44","33.11","297.87K","1.52%"
"12/20/2022","32.81","32.73","32.94","32.67","337.32K","0.06%"
"12/19/2022","32.79","32.88","32.97","32.68","612.98K","-0.09%"
"12/16/2022","32.82","32.79","32.90","32.63","532.89K","-1.14%"
"12/15/2022","33.20","33.60","33.62","33.08","1.15M","-2.75%"
"12/14/2022","34.14","34.17","34.42","33.95","598.03K","0.06%"
"12/13/2022","34.12","34.66","34.71","33.97","1.57M","0.89%"
"12/12/2022","33.82","33.69","33.85","33.53","1.33M","0.54%"
"12/09/2022","33.64","33.66","33.82","33.59","719.15K","-0.24%"
"12/08/2022","33.72","33.54","33.79","33.45","443.71K","0.24%"
"12/07/2022","33.64","33.59","33.79","33.46","623.57K","0.00%"
"12/06/2022","33.64","33.69","33.76","33.40","641.66K","-0.03%"
"12/05/2022","33.65","33.93","33.99","33.56","945.52K","-1.26%"
"12/02/2022","34.08","33.81","34.17","33.76","1.64M","0.29%"
"12/01/2022","33.98","34.05","34.10","33.79","1.37M","0.59%"
"11/30/2022","33.78","33.36","33.88","33.07","779.42K","2.15%"
"11/29/2022","33.07","33.01","33.19","32.93","362.80K","0.55%"
"11/28/2022","32.89","33.28","33.37","32.85","314.26K","-1.62%"
"11/25/2022","33.43","33.22","33.48","33.22","164.06K","0.57%"
"11/23/2022","33.24","32.88","33.27","32.88","332.59K","0.91%"
"11/22/2022","32.94","32.62","32.95","32.59","366.47K","1.01%"
"11/21/2022","32.61","32.53","32.65","32.46","438.70K","-0.73%"
"11/18/2022","32.85","32.95","32.95","32.73","438.66K","0.18%"
"11/17/2022","32.79","32.29","32.80","32.29","464.89K","-0.15%"
"11/16/2022","32.84","32.89","32.97","32.71","2.08M","0.52%"
"11/15/2022","32.67","33.11","33.19","32.23","1.14M","0.46%"
"11/14/2022","32.52","32.75","32.96","32.52","460.08K","-1.19%"
"11/11/2022","32.91","32.55","32.96","32.37","4.03M","2.14%"
"11/10/2022","32.22","31.86","32.24","31.58","995.42K","5.02%"
"11/09/2022","30.68","30.87","31.09","30.66","370.07K","-1.06%"
"11/08/2022","31.01","30.79","31.20","30.76","538.42K","0.68%"
"11/07/2022","30.80","30.78","30.92","30.65","368.12K","0.26%"
"11/04/2022","30.72","30.34","30.77","30.18","562.73K","5.57%"
"11/03/2022","29.10","28.96","29.30","28.95","496.49K","-0.75%"
"11/02/2022","29.32","29.87","30.29","29.31","681.44K","-2.30%"
"11/01/2022","30.01","30.34","30.38","29.83","539.50K","1.08%"
"10/31/2022","29.69","29.76","29.83","29.62","388.30K","-1.66%"
"10/28/2022","30.19","29.87","30.19","29.75","459.77K","1.51%"
"10/27/2022","29.74","29.96","30.21","29.73","820.11K","-1.46%"
"10/26/2022","30.18","29.95","30.40","29.92","486.48K","0.97%"
"10/25/2022","29.89","29.32","29.92","29.32","321.98K","2.68%"
"10/24/2022","29.11","28.95","29.24","28.84","559.84K","1.01%"
"10/21/2022","28.82","28.12","28.82","28.01","769.94K","1.55%"
"10/20/2022","28.38","28.41","28.75","28.27","685.80K","0.28%"
"10/19/2022","28.30","28.43","28.57","28.09","458.30K","-1.70%"
"10/18/2022","28.79","29.03","29.08","28.55","460.35K","1.20%"
"10/17/2022","28.45","28.28","28.57","28.28","430.03K","3.38%"
"10/14/2022","27.52","28.17","28.30","27.51","545.29K","-1.08%"
"10/13/2022","27.82","26.57","27.97","26.49","1.18M","2.88%"
"10/12/2022","27.04","27.04","27.21","26.95","368.84K","-0.07%"
"10/11/2022","27.06","27.09","27.51","26.91","647.18K","-0.70%"
"10/10/2022","27.25","27.36","27.49","27.02","571.63K","-0.40%"
"10/07/2022","27.36","27.72","27.72","27.23","459.84K","-1.87%"
"10/06/2022","27.88","28.05","28.23","27.86","581.27K","-2.31%"
"10/05/2022","28.54","28.40","28.74","28.16","509.73K","-1.28%"
"10/04/2022","28.91","28.51","28.97","28.45","828.92K","5.51%"
"10/03/2022","27.40","27.07","27.52","26.94","791.39K","2.24%"
"09/30/2022","26.80","26.70","27.22","26.69","937.78K","0.04%"
"09/29/2022","26.79","26.68","26.81","26.35","2.05M","-1.43%"
"09/28/2022","27.18","26.41","27.25","26.29","739.53K","2.60%"
"09/27/2022","26.49","26.80","26.97","26.26","610.01K","-0.49%"
"09/26/2022","26.62","26.85","27.09","26.53","514.43K","-1.41%"
"09/23/2022","27.00","27.33","27.36","26.81","837.28K","-3.98%"
"09/22/2022","28.12","28.29","28.38","27.94","513.99K","-0.50%"
"09/21/2022","28.26","28.67","28.93","28.25","1.22M","-1.40%"
"09/20/2022","28.66","28.72","28.82","28.39","607.15K","-2.55%"
"09/19/2022","29.41","28.82","29.43","28.82","477.81K","0.14%"
"09/16/2022","29.37","29.16","29.47","29.11","462.50K","-0.64%"
"09/15/2022","29.56","29.59","29.88","29.49","388.00K","-1.34%"
"09/14/2022","29.96","29.83","30.08","29.73","755.57K","0.67%"
"09/13/2022","29.76","30.31","30.51","29.74","559.61K","-3.60%"
"09/12/2022","30.87","30.78","31.00","30.75","371.10K","2.08%"
"09/09/2022","30.24","30.04","30.25","30.02","391.77K","2.65%"
"09/08/2022","29.46","29.08","29.52","29.00","811.81K","-0.64%"
"09/07/2022","29.65","29.04","29.65","29.02","430.59K","2.10%"
"09/06/2022","29.04","29.24","29.36","28.90","886.57K","0.31%"
"09/02/2022","28.95","29.61","29.92","28.84","913.51K","-0.96%"
"09/01/2022","29.23","29.10","29.26","28.77","567.30K","-1.38%"
"08/31/2022","29.64","29.92","30.00","29.60","442.07K","-0.94%"
"08/30/2022","29.92","30.28","30.34","29.82","440.31K","-0.47%"
"08/29/2022","30.06","29.95","30.23","29.94","938.84K","0.30%"
"08/26/2022","29.97","30.99","30.99","29.95","655.57K","-3.07%"
"08/25/2022","30.92","30.69","30.93","30.60","287.82K","0.78%"
"08/24/2022","30.68","30.49","30.82","30.45","370.94K","0.39%"
"08/23/2022","30.56","30.53","30.85","30.50","1.62M","0.03%"
"08/22/2022","30.55","30.84","30.84","30.46","420.39K","-2.99%"
"08/19/2022","31.49","31.65","31.69","31.42","2.42M","-1.41%"
"08/18/2022","31.94","31.99","32.07","31.84","422.43K","-0.65%"
"08/17/2022","32.15","32.06","32.32","31.94","815.38K","-0.99%"
"08/16/2022","32.47","32.15","32.55","32.13","3.51M","0.62%"
"08/15/2022","32.27","32.22","32.29","32.10","712.73K","-1.04%"
"08/12/2022","32.61","32.38","32.62","32.28","1.02M","0.59%"
"08/11/2022","32.42","32.49","32.60","32.37","519.98K","0.03%"
"08/10/2022","32.41","32.48","32.65","32.31","467.75K","1.73%"
"08/09/2022","31.86","32.02","32.10","31.81","309.96K","-0.19%"
"08/08/2022","31.92","32.11","32.26","31.86","563.86K","0.31%"
"08/05/2022","31.82","31.62","31.88","31.58","346.68K","-0.81%"
"08/04/2022","32.08","31.95","32.16","31.89","388.94K","1.10%"
"08/03/2022","31.73","31.67","31.80","31.44","393.69K","1.44%"
"08/02/2022","31.28","31.61","31.66","31.27","595.31K","-1.79%"
"08/01/2022","31.85","31.86","32.03","31.68","342.24K","-0.38%"
"07/29/2022","31.97","31.61","32.00","31.51","613.74K","2.01%"
"07/28/2022","31.34","30.91","31.39","30.75","817.52K","0.97%"
"07/27/2022","31.04","30.54","31.10","30.46","2.63M","2.99%"
"07/26/2022","30.14","30.40","30.44","30.14","601.81K","-2.17%"
"07/25/2022","30.81","30.81","30.89","30.61","561.81K","1.08%"
"07/22/2022","30.48","30.69","30.89","30.36","717.73K","-0.39%"
"07/21/2022","30.60","30.27","30.63","30.22","671.03K","1.22%"
"07/20/2022","30.23","30.48","30.58","30.02","648.02K","-1.47%"
"07/19/2022","30.68","30.29","30.72","30.29","755.25K","3.72%"
"07/18/2022","29.58","29.90","30.00","29.52","897.93K","0.58%"
"07/15/2022","29.41","29.06","29.47","28.92","527.96K","2.01%"
"07/14/2022","28.83","28.55","28.89","28.30","634.81K","-1.44%"
"07/13/2022","29.25","28.77","29.38","28.77","632.95K","0.38%"
"07/12/2022","29.14","29.03","29.46","29.03","594.98K","0.31%"
"07/11/2022","29.05","29.12","29.30","28.97","520.11K","-1.66%"
"07/08/2022","29.54","29.45","29.68","29.29","373.32K","-0.07%"
"07/07/2022","29.56","29.47","29.63","29.41","289.32K","1.09%"
"07/06/2022","29.24","28.99","29.33","28.95","590.35K","0.31%"
"07/05/2022","29.15","28.74","29.15","28.60","2.02M","-3.19%"
"07/01/2022","30.11","29.66","30.12","29.50","510.27K","0.33%"
"06/30/2022","30.01","29.46","30.05","29.36","825.71K","-0.69%"
"06/29/2022","30.22","30.51","30.55","30.22","533.38K","-0.92%"
"06/28/2022","30.50","30.97","31.12","30.49","730.98K","-0.68%"
"06/27/2022","30.71","30.85","30.98","30.66","470.08K","-1.32%"
"06/24/2022","31.12","30.44","31.16","30.44","778.94K","3.87%"
"06/23/2022","29.96","29.84","29.98","29.58","703.97K","-0.03%"
"06/22/2022","29.97","29.79","30.28","29.74","507.66K","-0.56%"
"06/21/2022","30.14","30.28","30.37","30.11","590.59K","1.48%"
"06/17/2022","29.70","29.78","29.98","29.50","761.06K","-0.17%"
"06/16/2022","29.75","29.61","30.01","29.50","1.06M","-2.20%"
"06/15/2022","30.42","30.26","30.64","29.80","1.41M","2.11%"
"06/14/2022","29.79","30.11","30.23","29.52","1.01M","-1.19%"
"06/13/2022","30.15","30.32","30.55","30.08","889.77K","-3.67%"
"06/10/2022","31.30","31.44","31.51","31.21","757.37K","-2.64%"
"06/09/2022","32.15","32.66","32.74","32.14","727.62K","-5.30%"
"06/08/2022","33.95","34.13","34.24","33.89","629.80K","-1.59%"
"06/07/2022","34.50","34.12","34.55","34.10","266.14K","-0.03%"
"06/06/2022","34.51","34.73","34.87","34.45","366.72K","0.47%"
"06/03/2022","34.35","34.41","34.47","34.22","454.60K","-1.21%"
"06/02/2022","34.77","34.25","34.77","34.16","664.75K","2.99%"
"06/01/2022","33.76","34.44","34.44","33.60","718.01K","-1.57%"
"05/31/2022","34.30","34.30","34.52","34.13","567.49K","-0.72%"
"05/27/2022","34.55","34.26","34.57","34.25","536.21K","1.77%"
"05/26/2022","33.95","33.46","34.04","33.46","478.33K","1.95%"
"05/25/2022","33.30","32.99","33.50","32.99","546.66K","-0.06%"
"05/24/2022","33.32","33.25","33.42","33.06","814.03K","-0.33%"
"05/23/2022","33.43","33.05","33.51","32.95","761.71K","2.29%"
"05/20/2022","32.68","32.96","32.98","32.26","804.35K","-0.03%"
"05/19/2022","32.69","32.23","32.91","32.20","853.52K","0.96%"
"05/18/2022","32.38","32.95","33.00","32.33","864.18K","-3.11%"
"05/17/2022","33.42","33.24","33.44","33.08","953.41K","2.61%"
"05/16/2022","32.57","32.37","32.72","32.17","504.64K","0.43%"
"05/13/2022","32.43","32.02","32.53","31.99","684.08K","3.12%"
"05/12/2022","31.45","31.31","31.83","31.17","1.62M","-0.73%"
"05/11/2022","31.68","32.05","32.53","31.67","1.53M","-0.25%"
"05/10/2022","31.76","32.07","32.13","31.47","1.00M","0.92%"
"05/09/2022","31.47","31.77","31.87","31.34","1.20M","-2.54%"
"05/06/2022","32.29","32.46","32.61","32.11","1.35M","-1.40%"
"05/05/2022","32.75","33.35","33.36","32.36","1.39M","-3.08%"
"05/04/2022","33.79","33.14","33.83","32.80","941.55K","2.02%"
"05/03/2022","33.12","33.16","33.26","32.98","1.36M","0.88%"
"05/02/2022","32.83","32.81","33.11","32.46","1.33M","-0.36%"
"04/29/2022","32.95","33.45","33.71","32.92","1.03M","-1.49%"
"04/28/2022","33.45","33.17","33.56","32.84","1.25M","1.39%"
"04/27/2022","32.99","32.92","33.26","32.68","1.07M","0.09%"
"04/26/2022","32.96","33.78","33.81","32.96","1.67M","-2.94%"
"04/25/2022","33.96","33.81","33.99","33.46","1.73M","-0.61%"
"04/22/2022","34.17","34.67","34.67","34.13","889.88K","-1.39%"
"04/21/2022","34.65","35.54","35.65","34.56","935.95K","-0.37%"
"04/20/2022","34.78","34.74","34.88","34.63","792.53K","1.13%"
"04/19/2022","34.39","33.99","34.40","33.99","1.09M","0.23%"
"04/18/2022","34.31","34.12","34.59","34.12","5.16M","0.06%"
"04/14/2022","34.29","34.45","34.51","34.19","1.13M","-0.32%"
"04/13/2022","34.40","33.86","34.44","33.84","2.40M","1.27%"
"04/12/2022","33.97","34.29","34.38","33.84","913.23K","-0.64%"
"04/11/2022","34.19","34.52","34.66","34.16","613.07K","0.09%"
"04/08/2022","34.16","33.98","34.41","33.96","728.42K","-0.20%"
"04/07/2022","34.23","34.33","34.39","33.84","582.33K","0.41%"
"04/06/2022","34.09","34.16","34.34","33.88","772.65K","-1.98%"
"04/05/2022","34.78","34.96","35.18","34.68","920.59K","-2.50%"
"04/04/2022","35.67","35.41","35.74","35.41","479.08K","0.08%"
"04/01/2022","35.64","35.59","35.68","35.36","776.03K","0.88%"
"03/31/2022","35.33","35.70","35.89","35.25","541.88K","-2.43%"
"03/30/2022","36.21","36.18","36.29","36.01","477.95K","-0.55%"
"03/29/2022","36.41","36.44","36.60","35.99","468.42K","3.61%"
"03/28/2022","35.14","34.96","35.17","34.74","510.45K","0.72%"
"03/25/2022","34.89","34.93","35.04","34.56","485.92K","0.06%"
"03/24/2022","34.87","34.67","34.93","34.55","473.83K","0.78%"
"03/23/2022","34.60","34.68","34.81","34.53","518.04K","-2.04%"
"03/22/2022","35.32","35.11","35.36","35.06","660.99K","1.79%"
"03/21/2022","34.70","34.96","35.01","34.51","756.59K","-1.42%"
"03/18/2022","35.20","34.52","35.28","34.44","1.53M","-0.09%"
"03/17/2022","35.23","34.78","35.39","34.70","1.86M","0.54%"
"03/16/2022","35.04","34.46","35.28","34.10","1.90M","4.41%"
"03/15/2022","33.56","33.43","33.62","33.12","1.29M","0.75%"
"03/14/2022","33.31","33.38","33.72","33.18","922.36K","2.46%"
"03/11/2022","32.51","33.35","33.39","32.46","1.15M","-1.04%"
"03/10/2022","32.85","32.76","33.21","32.64","1.36M","-2.75%"
"03/09/2022","33.78","33.31","34.21","33.10","1.71M","6.80%"
"03/08/2022","31.63","31.49","32.51","30.92","2.28M","2.66%"
"03/07/2022","30.81","31.88","31.97","30.46","1.57M","-3.51%"
"03/04/2022","31.93","32.23","32.28","31.56","1.35M","-5.25%"
"03/03/2022","33.70","34.63","34.65","33.55","3.45M","-2.71%"
"03/02/2022","34.64","34.36","34.85","34.25","1.18M","1.79%"
"03/01/2022","34.03","34.85","34.92","33.63","1.55M","-3.68%"
"02/28/2022","35.33","35.25","35.99","35.09","1.33M","-3.63%"
"02/25/2022","36.66","36.05","36.67","35.99","1.22M","3.12%"
"02/24/2022","35.55","34.60","35.71","34.49","2.73M","-2.25%"
"02/23/2022","36.37","37.22","37.28","36.29","2.89M","-0.79%"
"02/22/2022","36.66","36.82","37.14","36.39","1.27M","-2.27%"
"02/18/2022","37.51","37.63","37.81","37.35","1.08M","-0.16%"
"02/17/2022","37.57","37.84","37.87","37.53","843.14K","-1.39%"
"02/16/2022","38.10","37.76","38.18","37.71","919.20K","0.29%"
"02/15/2022","37.99","37.66","38.03","37.66","931.56K","2.76%"
"02/14/2022","36.97","37.07","37.16","36.65","1.52M","-1.04%"
"02/11/2022","37.36","38.29","38.41","37.24","1.85M","-3.04%"
"02/10/2022","38.53","38.40","39.08","38.39","1.06M","-1.51%"
"02/09/2022","39.12","39.00","39.12","38.90","750.10K","1.74%"
"02/08/2022","38.45","38.26","38.51","38.13","647.56K","0.47%"
"02/07/2022","38.27","38.17","38.46","38.16","774.29K","0.13%"
"02/04/2022","38.22","38.02","38.42","37.95","1.29M","0.26%"
"02/03/2022","38.12","38.26","38.42","38.08","829.13K","-1.19%"
"02/02/2022","38.58","38.67","38.72","38.39","824.63K","0.42%"
"02/01/2022","38.42","38.31","38.42","38.04","1.34M","1.40%"
"01/31/2022","37.89","37.23","37.94","37.23","973.60K","1.17%"
"01/28/2022","37.45","36.98","37.46","36.77","1.05M","0.27%"
"01/27/2022","37.35","37.48","37.67","37.19","1.35M","0.03%"
"01/26/2022","37.34","37.92","38.03","37.10","1.55M","0.35%"
"01/25/2022","37.21","37.02","37.44","36.66","2.45M","-0.93%"
"01/24/2022","37.56","37.07","37.57","36.39","2.68M","-1.26%"
"01/21/2022","38.04","38.37","38.47","38.03","2.14M","-1.40%"
"01/20/2022","38.58","38.91","39.16","38.55","1.68M","-0.85%"
"01/19/2022","38.91","39.11","39.21","38.86","1.32M","0.46%"
"01/18/2022","38.73","38.88","39.00","38.63","2.25M","-1.30%"
"01/14/2022","39.24","39.08","39.33","38.98","997.19K","-0.10%"
"01/13/2022","39.28","39.70","39.70","39.18","2.34M","-1.21%"
"01/12/2022","39.76","39.55","39.79","39.49","1.13M","0.91%"
"01/11/2022","39.40","39.01","39.40","38.88","940.11K","1.13%"
"01/10/2022","38.96","38.82","38.96","38.58","1.43M","-1.04%"
"01/07/2022","39.37","39.15","39.43","39.07","2.25M","0.72%"
"01/06/2022","39.09","39.34","39.47","39.01","1.07M","-0.84%"
"01/05/2022","39.42","39.93","40.04","39.40","809.56K","-0.18%"
"01/04/2022","39.49","39.56","39.68","39.40","652.35K","0.69%"
"01/03/2022","39.22","39.22","39.27","39.01","524.75K","0.87%"
"12/31/2021","38.88","38.81","39.08","38.78","1.31M","0.18%"
"12/30/2021","38.81","38.91","38.99","38.78","517.25K","-0.36%"
"12/29/2021","38.95","38.91","39.02","38.84","396.32K","0.28%"
"12/28/2021","38.84","38.81","38.95","38.80","467.74K","-0.15%"
"12/27/2021","38.90","38.60","38.90","38.60","716.36K","0.93%"
"12/23/2021","38.54","38.37","38.67","38.37","490.54K","0.36%"
"12/22/2021","38.40","37.89","38.45","37.88","431.34K","1.48%"
"12/21/2021","37.84","37.55","37.85","37.50","485.75K","1.20%"
"12/20/2021","37.39","37.08","37.40","37.01","931.63K","0.67%"
"12/17/2021","37.14","37.44","37.49","37.10","1.61M","-1.80%"
"12/16/2021","37.82","38.02","38.03","37.67","974.21K","-0.37%"
"12/15/2021","37.96","37.42","37.97","37.25","1.00M","1.69%"
"12/14/2021","37.33","37.39","37.58","37.15","727.96K","-0.43%"
"12/13/2021","37.49","37.73","37.77","37.46","972.27K","-3.90%"
"12/10/2021","39.01","38.95","39.06","38.84","388.86K","0.28%"
"12/09/2021","38.90","39.02","39.04","38.86","614.20K","-1.02%"
"12/08/2021","39.30","39.26","39.33","39.14","450.19K","0.33%"
"12/07/2021","39.17","38.85","39.19","38.85","455.26K","2.38%"
"12/06/2021","38.26","38.15","38.35","38.03","442.40K","1.19%"
"12/03/2021","37.81","38.11","38.12","37.51","845.99K","-0.53%"
"12/02/2021","38.01","37.88","38.18","37.87","877.25K","1.25%"
"12/01/2021","37.54","38.27","38.58","37.54","1.32M","-0.66%"
"11/30/2021","37.79","37.94","38.13","37.33","1.26M","-0.18%"
"11/29/2021","37.86","38.08","38.08","37.65","829.72K","0.40%"
"11/26/2021","37.71","38.00","38.07","37.56","747.20K","-3.28%"
"11/24/2021","38.99","38.61","39.00","38.57","536.42K","-0.71%"
"11/23/2021","39.27","39.31","39.40","39.03","505.46K","-0.03%"
"11/22/2021","39.28","39.44","39.60","39.25","583.87K","-0.68%"
"11/19/2021","39.55","39.69","39.74","39.50","472.75K","-1.42%"
"11/18/2021","40.12","40.06","40.14","39.94","337.27K","0.27%"
"11/17/2021","40.01","40.01","40.07","39.94","363.25K","0.18%"
"11/16/2021","39.94","40.08","40.12","39.93","378.05K","-0.05%"
"11/15/2021","39.96","40.27","40.28","39.94","300.86K","-0.25%"
"11/12/2021","40.06","40.05","40.13","39.99","398.96K","0.43%"
"11/11/2021","39.89","39.90","40.01","39.83","241.71K","0.20%"
"11/10/2021","39.81","40.23","40.25","39.76","625.34K","-1.56%"
"11/09/2021","40.44","40.65","40.66","40.36","675.66K","-0.02%"
"11/08/2021","40.45","40.51","40.57","40.42","428.64K","0.12%"
"11/05/2021","40.40","40.27","40.40","40.16","332.19K","0.75%"
"11/04/2021","40.10","39.99","40.10","39.87","380.66K","-0.22%"
"11/03/2021","40.19","39.83","40.20","39.79","483.66K","1.06%"
"11/02/2021","39.77","39.71","39.83","39.68","697.16K","0.03%"
"11/01/2021","39.76","39.48","39.77","39.41","1.32M","1.14%"
"10/29/2021","39.31","39.11","39.31","39.07","475.47K","-0.33%"
"10/28/2021","39.44","39.19","39.47","39.17","325.26K","1.78%"
"10/27/2021","38.75","38.92","38.95","38.74","636.60K","-0.26%"
"10/26/2021","38.85","38.91","38.93","38.78","700.60K","0.54%"
"10/25/2021","38.64","38.69","38.70","38.58","653.56K","-0.85%"
"10/22/2021","38.97","38.88","39.00","38.77","873.44K","0.80%"
"10/21/2021","38.66","38.64","38.73","38.61","1.56M","-0.23%"
"10/20/2021","38.75","38.56","38.79","38.56","507.13K","0.78%"
"10/19/2021","38.45","38.46","38.55","38.42","516.92K","0.08%"
"10/18/2021","38.42","38.30","38.47","38.25","512.42K","-0.88%"
"10/15/2021","38.76","38.68","38.76","38.63","827.49K","0.62%"
"10/14/2021","38.52","38.34","38.57","38.29","4.19M","1.50%"
"10/13/2021","37.95","37.63","38.00","37.58","609.59K","1.58%"
"10/12/2021","37.36","37.32","37.49","37.22","661.17K","0.05%"
"10/11/2021","37.34","37.48","37.64","37.32","430.24K","-0.51%"
"10/08/2021","37.53","37.68","37.70","37.44","465.39K","-0.29%"
"10/07/2021","37.64","37.61","37.83","37.61","894.04K","0.64%"
"10/06/2021","37.40","37.01","37.41","36.94","1.64M","-0.72%"
"10/05/2021","37.67","37.47","37.81","37.39","875.56K","0.75%"
"10/04/2021","37.39","37.62","37.68","37.24","1.32M","-0.53%"
"10/01/2021","37.59","37.49","37.72","37.26","1.33M","0.94%"
"09/30/2021","37.24","37.47","37.49","37.12","1.29M","-0.85%"
"09/29/2021","37.56","37.79","37.79","37.52","656.00K","-0.21%"
"09/28/2021","37.64","37.84","37.87","37.48","837.02K","-2.23%"
"09/27/2021","38.50","38.48","38.54","38.36","623.16K","0.23%"
"09/24/2021","38.41","38.35","38.50","38.34","1.05M","-1.16%"
"09/23/2021","38.86","38.72","38.95","38.72","1.14M","1.75%"
"09/22/2021","38.19","38.30","38.56","38.19","1.10M","1.06%"
"09/21/2021","37.79","37.88","38.00","37.72","2.68M","1.50%"
"09/20/2021","37.23","37.13","37.38","36.94","1.99M","-2.00%"
"09/17/2021","37.99","38.44","38.50","37.80","935.43K","-1.38%"
"09/16/2021","38.52","38.47","38.57","38.27","657.29K","-0.03%"
"09/15/2021","38.53","38.38","38.55","38.24","575.92K","-0.18%"
"09/14/2021","38.60","38.90","38.90","38.54","888.41K","-0.54%"
"09/13/2021","38.81","38.98","38.99","38.69","481.19K","0.47%"
"09/10/2021","38.63","38.97","39.01","38.60","709.40K","-0.44%"
"09/09/2021","38.80","38.81","39.01","38.77","410.49K","0.00%"
"09/08/2021","38.80","38.96","39.04","38.74","927.21K","-0.74%"
"09/07/2021","39.09","39.21","39.28","39.07","479.54K","0.15%"
"09/03/2021","39.03","39.08","39.20","38.99","583.14K","-1.09%"
"09/02/2021","39.46","39.48","39.52","39.42","481.55K","0.10%"
"09/01/2021","39.42","39.16","39.54","39.15","1.03M","1.94%"
"08/31/2021","38.67","38.69","38.72","38.54","1.00M","0.39%"
"08/30/2021","38.52","38.53","38.59","38.47","424.22K","0.00%"
"08/27/2021","38.52","38.20","38.56","38.17","403.74K","0.89%"
"08/26/2021","38.18","38.25","38.33","38.16","819.71K","-0.52%"
"08/25/2021","38.38","38.25","38.40","38.24","549.29K","0.31%"
"08/24/2021","38.26","38.11","38.29","38.10","850.15K","-0.23%"
"08/23/2021","38.35","38.27","38.39","38.24","602.90K","1.00%"
"08/20/2021","37.97","37.67","37.97","37.66","833.97K","0.48%"
"08/19/2021","37.79","37.73","37.88","37.63","1.67M","-1.77%"
"08/18/2021","38.47","38.61","38.75","38.45","1.33M","-1.05%"
"08/17/2021","38.88","38.88","38.95","38.69","1.51M","-1.07%"
"08/16/2021","39.30","39.23","39.30","39.09","395.24K","-0.66%"
"08/13/2021","39.56","39.48","39.56","39.42","280.05K","0.66%"
"08/12/2021","39.30","39.29","39.34","39.23","424.03K","0.15%"
"08/11/2021","39.24","39.17","39.26","39.11","371.58K","0.62%"
"08/10/2021","39.00","38.93","39.00","38.91","588.46K","0.10%"
"08/09/2021","38.96","39.04","39.04","38.94","263.87K","-0.33%"
"08/08/2021","39.09","39.09","39.09","39.09","","0.00%"
"08/07/2021","39.09","39.09","39.09","39.09","","0.00%"
"08/06/2021","39.09","39.16","39.17","39.02","667.65K","-0.05%"
"08/05/2021","39.11","39.09","39.19","39.04","428.24K","0.67%"
"08/04/2021","38.85","39.05","39.08","38.83","558.55K","-0.26%"
"08/03/2021","38.95","39.00","39.01","38.78","553.41K","0.99%"
"08/02/2021","38.57","38.74","38.80","38.52","538.19K","0.60%"
"07/30/2021","38.34","38.47","38.52","38.26","620.28K","-0.23%"
"07/29/2021","38.43","38.53","38.59","38.42","465.02K","0.71%"
"07/28/2021","38.16","37.93","38.22","37.91","577.70K","0.77%"
"07/27/2021","37.87","37.81","37.88","37.68","428.61K","-0.29%"
"07/26/2021","37.98","37.86","37.99","37.86","569.41K","0.58%"
"07/23/2021","37.76","37.75","37.87","37.70","311.46K","1.07%"
"07/22/2021","37.36","37.54","37.57","37.26","387.45K","-0.08%"
"07/21/2021","37.39","37.08","37.41","37.06","959.08K","1.91%"
"07/20/2021","36.69","36.32","36.79","36.28","857.44K","0.96%"
"07/19/2021","36.34","36.45","36.48","36.16","718.06K","-2.31%"
"07/16/2021","37.20","37.39","37.39","37.07","1.65M","-0.69%"
"07/15/2021","37.46","37.41","37.51","37.30","1.34M","-1.08%"
"07/14/2021","37.87","37.85","37.92","37.80","532.87K","0.37%"
"07/13/2021","37.73","37.86","37.90","37.70","901.53K","-0.79%"
"07/12/2021","38.03","37.88","38.10","37.86","1.00M","0.32%"
"07/09/2021","37.91","37.71","37.95","37.70","1.43M","2.16%"
"07/08/2021","37.11","37.09","37.18","36.87","2.16M","-1.62%"
"07/07/2021","37.72","37.65","37.77","37.51","1.42M","0.32%"
"07/06/2021","37.60","38.07","38.07","37.50","683.53K","-1.23%"
"07/05/2021","38.07","38.07","38.07","38.07","","0.00%"
"07/04/2021","38.07","38.07","38.07","38.07","","0.00%"
"07/03/2021","38.07","38.07","38.07","38.07","","0.00%"
"07/02/2021","38.07","37.99","38.07","37.85","410.45K","0.00%"
"07/01/2021","38.07","37.93","38.08","37.89","566.52K","0.58%"
"06/30/2021","37.85","37.83","37.99","37.68","805.73K","-0.84%"
"06/29/2021","38.17","38.27","38.31","38.12","500.47K","-0.26%"
"06/28/2021","38.27","38.42","38.42","38.17","442.75K","-0.96%"
"06/25/2021","38.64","38.66","38.67","38.57","417.19K","-0.03%"
"06/24/2021","38.65","38.60","38.69","38.59","456.37K","1.36%"
"06/23/2021","38.13","38.36","38.42","38.09","874.67K","-0.81%"
"06/22/2021","38.44","38.32","38.55","38.24","654.33K","0.00%"
"06/21/2021","38.44","38.18","38.48","38.16","464.08K","1.02%"
"06/18/2021","38.05","38.07","38.15","37.94","726.56K","-1.73%"
"06/17/2021","38.72","38.72","38.81","38.52","671.43K","-0.62%"
"06/16/2021","38.96","39.31","39.34","38.84","599.71K","-0.92%"
"06/15/2021","39.32","39.29","39.35","39.23","625.56K","0.36%"
"06/14/2021","39.18","39.08","39.21","39.04","733.25K","0.15%"
"06/11/2021","39.12","39.10","39.14","38.97","2.57M","0.57%"
"06/10/2021","38.90","38.89","39.05","38.87","814.95K","-1.49%"
"06/09/2021","39.49","39.60","39.60","39.44","813.21K","0.20%"
"06/08/2021","39.41","39.49","39.53","39.37","639.20K","0.03%"
"06/07/2021","39.40","39.30","39.46","39.29","466.61K","0.48%"
"06/04/2021","39.21","39.13","39.21","39.03","681.64K","0.69%"
"06/03/2021","38.94","39.00","39.02","38.90","425.91K","-0.89%"
"06/02/2021","39.29","39.19","39.35","39.13","514.11K","0.15%"
"06/01/2021","39.23","39.38","39.41","39.17","815.15K","0.64%"
"05/28/2021","38.98","38.93","39.15","38.88","1.12M","0.39%"
"05/27/2021","38.83","38.85","38.96","38.70","591.02K","0.67%"
"05/26/2021","38.57","38.64","38.71","38.55","958.01K","-0.54%"
"05/25/2021","38.78","38.84","38.89","38.66","3.13M","0.26%"
"05/24/2021","38.68","38.53","38.73","38.47","575.13K","0.70%"
"05/21/2021","38.41","38.36","38.46","38.28","459.41K","0.13%"
"05/20/2021","38.36","38.00","38.41","37.96","2.90M","1.75%"
"05/19/2021","37.70","37.48","37.85","37.30","3.00M","-1.08%"
"05/18/2021","38.11","38.29","38.30","38.09","663.70K","-0.29%"
"05/17/2021","38.22","38.11","38.23","38.04","896.81K","-0.36%"
"05/14/2021","38.36","38.00","38.40","37.98","794.13K","2.18%"
"05/13/2021","37.54","37.29","37.62","37.28","1.71M","1.02%"
"05/12/2021","37.16","37.30","37.52","37.08","860.47K","-0.88%"
"05/11/2021","37.49","37.43","37.62","37.33","769.03K","-1.26%"
"05/10/2021","37.97","38.28","38.29","37.93","807.24K","-0.78%"
"05/07/2021","38.27","37.81","38.27","37.79","1.15M","1.14%"
"05/06/2021","37.84","37.52","37.84","37.44","916.33K","1.18%"
"05/05/2021","37.40","37.34","37.41","37.23","534.54K","1.14%"
"05/04/2021","36.98","37.10","37.19","36.80","1.04M","-1.15%"
"05/03/2021","37.41","37.26","37.44","37.23","443.59K","1.16%"
"04/30/2021","36.98","37.33","37.40","36.84","1.07M","-1.70%"
"04/29/2021","37.62","37.70","37.70","37.34","529.26K","0.21%"
"04/28/2021","37.54","37.38","37.59","37.30","419.21K","0.72%"
"04/27/2021","37.27","37.13","37.29","37.11","314.04K","0.13%"
"04/26/2021","37.22","37.19","37.24","37.14","597.81K","0.30%"
"04/23/2021","37.11","36.88","37.19","36.87","592.73K","0.84%"
"04/22/2021","36.80","36.95","36.98","36.70","436.19K","-0.14%"
"04/21/2021","36.85","36.42","36.88","36.42","484.89K","1.13%"
"04/20/2021","36.44","36.69","36.72","36.34","650.12K","-1.99%"
"04/19/2021","37.18","37.20","37.24","37.03","666.55K","0.32%"
"04/16/2021","37.06","36.82","37.07","36.80","747.74K","1.15%"
"04/15/2021","36.64","36.58","36.64","36.52","1.51M","0.63%"
"04/14/2021","36.41","36.39","36.50","36.35","381.64K","0.03%"
"04/13/2021","36.40","36.10","36.40","36.09","2.48M","1.00%"
"04/12/2021","36.04","36.05","36.09","35.94","217.44K","-0.22%"
"04/09/2021","36.12","35.96","36.12","35.90","377.09K","0.33%"
"04/08/2021","36.00","35.89","36.05","35.85","584.57K","0.56%"
"04/07/2021","35.80","35.75","35.85","35.67","400.74K","0.45%"
"04/06/2021","35.64","35.52","35.64","35.52","415.57K","-1.03%"
"04/05/2021","36.01","35.75","36.06","35.68","934.18K","1.75%"
"04/01/2021","35.39","35.10","35.45","35.06","857.10K","1.61%"
"03/31/2021","34.83","34.87","34.98","34.78","3.14M","-0.26%"
"03/30/2021","34.92","34.79","34.98","34.77","243.70K","0.32%"
"03/29/2021","34.81","34.71","34.85","34.64","465.35K","-0.09%"
"03/26/2021","34.84","34.59","34.87","34.53","413.67K","0.96%"
"03/25/2021","34.51","34.25","34.56","34.18","1.61M","0.52%"
"03/24/2021","34.33","34.41","34.58","34.32","424.42K","-0.32%"
"03/23/2021","34.44","34.69","34.77","34.39","375.41K","-1.32%"
"03/22/2021","34.90","34.92","35.00","34.84","504.55K","-0.31%"
"03/19/2021","35.01","34.96","35.09","34.81","417.39K","0.00%"
"03/18/2021","35.01","35.30","35.49","35.01","630.96K","-1.74%"
"03/17/2021","35.63","35.27","35.68","35.26","301.50K","0.99%"
"03/16/2021","35.28","35.36","35.38","35.22","397.51K","-0.20%"
"03/15/2021","35.35","35.41","35.42","35.13","555.56K","-0.65%"
"03/12/2021","35.58","35.20","35.58","35.20","373.09K","0.48%"
"03/11/2021","35.41","35.22","35.47","35.14","913.84K","0.91%"
"03/10/2021","35.09","34.99","35.10","34.84","844.67K","1.33%"
"03/09/2021","34.63","34.64","34.70","34.53","787.63K","1.02%"
"03/08/2021","34.28","34.15","34.49","34.11","1.85M","0.29%"
"03/05/2021","34.18","34.21","34.24","33.80","709.90K","0.29%"
"03/04/2021","34.08","34.46","34.60","33.85","1.88M","-0.84%"
"03/03/2021","34.37","34.43","34.59","34.26","427.12K","-0.43%"
"03/02/2021","34.52","34.48","34.62","34.40","515.80K","0.41%"
"03/01/2021","34.38","34.23","34.42","34.22","494.23K","1.51%"
"02/26/2021","33.87","34.24","34.24","33.83","563.97K","-1.20%"
"02/25/2021","34.28","34.89","35.02","34.21","587.03K","-1.24%"
"02/24/2021","34.71","34.38","34.77","34.34","316.26K","0.40%"
"02/23/2021","34.57","34.46","34.63","34.20","318.46K","0.55%"
"02/22/2021","34.38","34.31","34.58","34.31","257.49K","0.03%"
"02/19/2021","34.37","34.39","34.53","34.31","259.56K","0.47%"
"02/18/2021","34.21","34.15","34.24","34.00","221.75K","-0.38%"
"02/17/2021","34.34","34.23","34.34","34.12","424.90K","-0.61%"
"02/16/2021","34.55","34.46","34.57","34.42","223.57K","1.08%"
"02/12/2021","34.18","33.90","34.18","33.90","216.95K","0.56%"
"02/11/2021","33.99","34.02","34.06","33.84","1.36M","0.32%"
"02/10/2021","33.88","34.12","34.16","33.80","773.76K","-0.59%"
"02/09/2021","34.08","33.94","34.12","33.90","4.09M","0.47%"
"02/08/2021","33.92","33.97","34.01","33.78","307.27K","0.53%"
"02/05/2021","33.74","33.68","33.77","33.52","172.62K","1.57%"
"02/04/2021","33.22","33.15","33.27","33.11","221.48K","0.03%"
"02/03/2021","33.21","33.15","33.21","33.01","194.46K","-0.12%"
"02/02/2021","33.25","33.17","33.27","33.04","306.88K","1.59%"
"02/01/2021","32.73","32.87","32.87","32.56","811.65K","1.05%"
"01/29/2021","32.39","32.74","32.81","32.26","1.05M","-1.97%"
"01/28/2021","33.04","32.97","33.25","32.95","718.00K","1.72%"
"01/27/2021","32.48","32.55","32.88","32.26","766.79K","-2.67%"
"01/26/2021","33.37","33.33","33.44","33.21","496.20K","0.97%"
"01/25/2021","33.05","32.97","33.06","32.70","623.29K","-1.28%"
"01/22/2021","33.48","33.42","33.60","33.39","426.63K","-0.65%"
"01/21/2021","33.70","33.78","33.78","33.52","531.65K","-0.33%"
"01/20/2021","33.81","33.72","33.82","33.63","411.20K","0.42%"
"01/19/2021","33.67","33.73","33.73","33.52","592.11K","0.60%"
"01/15/2021","33.47","33.67","33.69","33.27","299.19K","-1.91%"
"01/14/2021","34.12","34.01","34.21","33.97","929.53K","0.35%"
"01/13/2021","34.00","34.02","34.13","33.89","628.12K","-0.21%"
"01/12/2021","34.07","33.85","34.13","33.69","7.46M","0.50%"
"01/11/2021","33.90","33.71","33.98","33.71","554.73K","-1.65%"
"01/08/2021","34.47","34.40","34.47","34.13","362.72K","0.55%"
"01/07/2021","34.28","34.20","34.32","34.17","456.61K","0.44%"
"01/06/2021","34.13","33.92","34.30","33.87","3.12M","0.89%"
"01/05/2021","33.83","33.58","33.90","33.47","2.87M","0.59%"
"01/04/2021","33.63","34.20","34.25","33.46","786.32K","1.11%"
"12/31/2020","33.26","33.52","33.59","33.18","1.26M","-1.33%"
"12/30/2020","33.71","33.91","33.99","33.71","322.57K","0.03%"
"12/29/2020","33.70","33.91","33.96","33.64","388.93K","0.45%"
"12/28/2020","33.55","33.57","33.72","33.52","239.30K","0.93%"
"12/24/2020","33.24","33.12","33.26","33.10","430.69K","-0.06%"
"12/23/2020","33.26","33.21","33.31","33.12","366.39K","1.43%"
"12/22/2020","32.79","32.84","32.88","32.69","431.78K","-0.09%"
"12/21/2020","32.82","32.30","32.90","32.17","983.76K","-1.47%"
"12/18/2020","33.31","33.41","33.44","33.20","679.07K","-0.54%"
"12/17/2020","33.49","33.60","33.69","33.46","717.71K","0.42%"
"12/16/2020","33.35","33.24","33.40","33.11","535.43K","-0.03%"
"12/15/2020","33.36","33.15","33.36","33.06","1.32M","1.18%"
"12/14/2020","32.97","33.25","33.27","32.94","509.71K","-0.48%"
"12/11/2020","33.13","33.10","33.16","32.93","919.79K","-0.45%"
"12/10/2020","33.28","33.04","33.42","33.04","541.09K","0.24%"
"12/09/2020","33.20","33.39","33.41","32.99","1.47M","-0.72%"
"12/08/2020","33.44","33.26","33.44","33.25","498.68K","0.27%"
"12/07/2020","33.35","33.42","33.50","33.29","615.42K","-0.95%"
"12/04/2020","33.67","33.64","33.72","33.59","745.25K","0.90%"
"12/03/2020","33.37","33.47","33.59","33.31","615.62K","-0.15%"
"12/02/2020","33.42","33.24","33.44","33.19","767.82K","0.15%"
"12/01/2020","33.37","33.08","33.41","33.06","1.11M","2.71%"
"11/30/2020","32.49","33.27","33.27","32.47","1.03M","-1.99%"
"11/27/2020","33.15","33.06","33.24","33.06","1.01M","0.73%"
"11/25/2020","32.91","32.74","32.96","32.67","626.60K","0.09%"
"11/24/2020","32.88","32.63","32.88","32.60","1.03M","1.70%"
"11/23/2020","32.33","32.49","32.52","32.17","571.31K","0.03%"
"11/20/2020","32.32","32.25","32.39","32.24","379.16K","-0.22%"
"11/19/2020","32.39","32.09","32.40","32.04","387.86K","0.84%"
"11/18/2020","32.12","32.39","32.48","32.12","462.96K","-0.59%"
"11/17/2020","32.31","32.22","32.40","32.09","377.59K","0.28%"
"11/16/2020","32.22","32.28","32.32","32.01","788.28K","1.54%"
"11/13/2020","31.73","31.47","31.76","31.47","940.16K","1.70%"
"11/12/2020","31.20","31.36","31.50","31.09","815.86K","-1.79%"
"11/11/2020","31.77","31.71","31.79","31.60","748.36K","0.16%"
"11/10/2020","31.72","31.64","31.87","31.62","1.72M","2.79%"
"11/09/2020","30.86","31.57","31.64","30.86","1.72M","5.65%"
"11/06/2020","29.21","29.32","29.35","29.16","659.19K","0.14%"
"11/05/2020","29.17","29.20","29.33","29.00","5.02M","2.57%"
"11/04/2020","28.44","28.22","28.73","28.11","1.04M","1.54%"
"11/03/2020","28.01","27.79","28.11","27.77","755.93K","3.13%"
"11/02/2020","27.16","27.10","27.23","26.93","639.49K","1.84%"
"10/30/2020","26.67","26.67","26.73","26.45","635.63K","0.04%"
"10/29/2020","26.66","26.45","26.77","26.29","713.71K","0.53%"
"10/28/2020","26.52","26.74","26.84","26.43","1.29M","-4.19%"
"10/27/2020","27.68","28.04","28.08","27.64","621.17K","-2.29%"
"10/26/2020","28.33","28.65","28.65","28.12","758.23K","-2.48%"
"10/23/2020","29.05","29.07","29.07","28.82","527.12K","1.36%"
"10/22/2020","28.66","28.56","28.71","28.42","615.48K","0.28%"
"10/21/2020","28.58","28.79","28.93","28.56","805.27K","-1.41%"
"10/20/2020","28.99","29.08","29.22","28.97","450.46K","1.08%"
"10/19/2020","28.68","28.96","29.05","28.62","592.77K","-0.24%"
"10/16/2020","28.75","28.74","28.92","28.66","900.94K","0.88%"
"10/15/2020","28.50","28.04","28.54","28.01","1.74M","-0.73%"
"10/14/2020","28.71","28.90","28.96","28.68","1.00M","-0.38%"
"10/13/2020","28.82","28.93","28.93","28.75","609.93K","-1.54%"
"10/12/2020","29.27","29.19","29.30","29.18","886.15K","0.62%"
"10/09/2020","29.09","29.07","29.15","28.98","717.93K","0.94%"
"10/08/2020","28.82","28.73","28.82","28.69","973.25K","0.73%"
"10/07/2020","28.61","28.55","28.65","28.46","729.44K","0.92%"
"10/06/2020","28.35","28.80","28.82","28.27","1.59M","-0.94%"
"10/05/2020","28.62","28.40","28.62","28.40","668.31K","1.85%"
"10/04/2020","28.10","28.10","28.10","28.10","","0.00%"
"10/03/2020","28.10","28.10","28.10","28.10","","0.00%"
"10/02/2020","28.10","27.72","28.16","27.71","797.04K","0.00%"
"10/01/2020","28.10","28.12","28.18","27.97","1.05M","0.57%"
"09/30/2020","27.94","28.04","28.22","27.81","1.24M","-0.46%"
"09/29/2020","28.07","28.05","28.18","27.92","1.05M","0.29%"
"09/28/2020","27.99","27.94","28.04","27.90","832.78K","1.78%"
"09/27/2020","27.50","27.50","27.50","27.50","","0.00%"
"09/26/2020","27.50","27.50","27.50","27.50","","0.00%"
"09/25/2020","27.50","27.08","27.53","27.02","1.15M","-0.15%"
"09/24/2020","27.54","27.51","27.75","27.32","1.30M","0.22%"
"09/23/2020","27.48","28.02","28.03","27.45","845.17K","-1.43%"
"09/22/2020","27.88","28.04","28.05","27.61","1.01M","-0.78%"
"09/21/2020","28.10","28.18","28.18","27.75","1.15M","-3.54%"
"09/18/2020","29.13","29.25","29.30","29.02","1.27M","-1.39%"
"09/17/2020","29.54","29.31","29.58","29.30","1.68M","0.27%"
"09/16/2020","29.46","29.60","29.75","29.44","721.44K","-0.67%"
"09/15/2020","29.66","29.81","29.82","29.58","609.80K","0.30%"
"09/14/2020","29.57","29.68","29.72","29.53","581.82K","0.58%"
"09/13/2020","29.40","29.40","29.40","29.40","","0.00%"
"09/11/2020","29.40","29.42","29.58","29.23","1.93M","0.96%"
"09/10/2020","29.12","29.69","29.80","29.09","853.02K","-1.12%"
"09/09/2020","29.45","29.36","29.63","29.32","790.69K","2.22%"
"09/08/2020","28.81","28.84","29.10","28.72","1.61M","-1.71%"
"09/04/2020","29.31","29.44","29.52","28.78","6.06M","0.21%"
"09/03/2020","29.25","29.95","30.02","29.07","1.25M","-1.88%"
"09/02/2020","29.81","29.56","29.81","29.39","643.86K","2.05%"
"09/01/2020","29.21","29.25","29.36","29.07","425.11K","-0.17%"
"08/31/2020","29.26","29.55","29.65","29.25","1.16M","-1.12%"
"08/30/2020","29.59","29.59","29.59","29.59","","0.00%"
"08/28/2020","29.59","29.59","29.64","29.42","468.56K","0.99%"
"08/27/2020","29.30","29.67","29.67","29.19","545.89K","-1.41%"
"08/26/2020","29.72","29.45","29.74","29.45","337.85K","0.85%"
"08/25/2020","29.47","29.73","29.73","29.29","539.21K","0.51%"
"08/24/2020","29.32","29.39","29.39","29.21","667.75K","1.88%"
"08/23/2020","28.78","28.78","28.78","28.78","","0.00%"
"08/22/2020","28.78","28.78","28.78","28.78","","0.00%"
"08/21/2020","28.78","28.46","28.78","28.44","545.62K","-0.76%"
"08/20/2020","29.00","28.82","29.05","28.77","397.96K","-0.55%"
"08/19/2020","29.16","29.37","29.45","29.12","1.01M","-0.27%"
"08/18/2020","29.24","29.53","29.55","29.20","2.88M","-0.27%"
"08/17/2020","29.32","29.34","29.37","29.29","379.49K","0.65%"
"08/14/2020","29.13","29.11","29.25","29.05","510.98K","-1.42%"
"08/13/2020","29.55","29.67","29.78","29.44","1.45M","-0.40%"
"08/12/2020","29.67","29.64","29.84","29.59","651.35K","2.28%"
"08/11/2020","29.01","29.43","29.51","28.97","610.56K","0.83%"
"08/10/2020","28.77","28.69","28.80","28.63","1.42M","0.21%"
"08/09/2020","28.71","28.71","28.71","28.71","","0.00%"
"08/08/2020","28.71","28.71","28.71","28.71","","0.00%"
"08/07/2020","28.71","28.51","28.73","28.47","671.18K","-0.69%"
"08/06/2020","28.91","28.69","28.97","28.64","529.49K","0.21%"
"08/05/2020","28.85","28.94","29.08","28.84","681.37K","0.73%"
"08/04/2020","28.64","28.28","28.66","28.23","1.59M","0.60%"
"08/03/2020","28.47","28.22","28.47","28.13","451.08K","1.86%"
"08/02/2020","27.95","27.95","27.95","27.95","","0.00%"
"07/31/2020","27.95","28.52","28.56","27.73","1.28M","-2.38%"
"07/30/2020","28.63","28.40","28.69","28.04","856.46K","-1.48%"
"07/29/2020","29.06","28.88","29.08","28.83","769.41K","1.75%"
"07/28/2020","28.56","28.54","28.73","28.54","610.47K","-0.73%"
"07/27/2020","28.77","28.73","28.91","28.68","808.82K","0.66%"
"07/26/2020","28.58","28.58","28.58","28.58","","0.00%"
"07/25/2020","28.58","28.58","28.58","28.58","","0.00%"
"07/24/2020","28.58","28.52","28.61","28.44","517.22K","-0.42%"
"07/23/2020","28.70","28.88","29.00","28.62","626.43K","-1.07%"
"07/22/2020","29.01","28.97","29.05","28.86","717.98K","0.21%"
"07/21/2020","28.95","29.04","29.14","28.89","602.53K","0.35%"
"07/20/2020","28.85","28.75","28.90","28.64","384.63K","0.17%"
"07/17/2020","28.80","28.66","28.82","28.55","1.30M","0.42%"
"07/16/2020","28.68","28.72","28.91","28.62","484.66K","-0.55%"
"07/15/2020","28.84","28.96","29.06","28.69","943.34K","1.66%"
"07/14/2020","28.37","27.93","28.41","27.86","877.71K","1.79%"
"07/13/2020","27.87","28.25","28.46","27.82","881.68K","-0.21%"
"07/12/2020","27.93","27.93","27.93","27.93","","0.00%"
"07/11/2020","27.93","27.93","27.93","27.93","","0.00%"
"07/10/2020","27.93","27.72","27.93","27.64","2.00M","1.31%"
"07/09/2020","27.57","27.99","28.00","27.38","776.19K","-1.99%"
"07/08/2020","28.13","27.89","28.14","27.82","826.45K","0.82%"
"07/07/2020","27.90","28.15","28.23","27.89","393.21K","-1.66%"
"07/06/2020","28.37","28.35","28.72","28.23","585.20K","1.90%"
"07/05/2020","27.84","27.84","27.84","27.84","","0.00%"
"07/04/2020","27.84","27.84","27.84","27.84","","0.00%"
"07/02/2020","27.84","28.01","28.17","27.79","418.57K","1.38%"
"07/01/2020","27.46","27.25","27.54","27.25","1.05M","0.15%"
"06/30/2020","27.42","27.09","27.50","27.03","639.49K","0.07%"
"06/29/2020","27.40","27.26","27.49","27.10","1.55M","1.63%"
"06/26/2020","26.96","27.38","27.41","26.91","1.14M","-1.71%"
"06/25/2020","27.43","26.90","27.46","26.79","1.14M","2.01%"
"06/24/2020","26.89","27.28","27.31","26.78","588.82K","-2.57%"
"06/23/2020","27.60","27.90","27.91","27.60","491.66K","0.62%"
"06/22/2020","27.43","27.23","27.49","27.11","382.37K","1.63%"
"06/19/2020","26.99","27.69","27.69","26.97","459.08K","-0.84%"
"06/18/2020","27.22","27.12","27.37","27.04","330.69K","-0.77%"
"06/17/2020","27.43","27.67","27.67","27.36","496.25K","0.18%"
"06/16/2020","27.38","27.60","27.69","27.00","733.49K","0.96%"
"06/15/2020","27.12","26.44","27.23","26.35","641.77K","0.41%"
"06/12/2020","27.01","27.45","27.50","26.60","991.65K","2.04%"
"06/11/2020","26.47","27.51","27.58","26.43","1.83M","-6.80%"
"06/10/2020","28.40","28.67","28.70","28.27","808.28K","-0.66%"
"06/09/2020","28.59","28.49","28.78","28.44","1.68M","-2.16%"
"06/08/2020","29.22","29.08","29.23","28.85","619.75K","1.21%"
"06/07/2020","28.87","28.87","28.87","28.87","","0.00%"
"06/05/2020","28.87","28.94","29.11","28.81","658.99K","2.67%"
"06/04/2020","28.12","27.96","28.33","27.89","4.57M","0.32%"
"06/03/2020","28.03","27.61","28.14","27.59","1.48M","3.70%"
"06/02/2020","27.03","26.88","27.07","26.82","1.21M","2.08%"
"06/01/2020","26.48","26.12","26.50","26.12","2.05M","2.12%"
"05/29/2020","25.93","26.03","26.11","25.63","1.57M","0.12%"
"05/28/2020","25.90","25.90","26.25","25.81","1.03M","1.17%"
"05/27/2020","25.60","25.56","25.67","25.30","1.05M","2.52%"
"05/26/2020","24.97","25.06","25.18","24.97","456.62K","3.52%"
"05/22/2020","24.12","24.08","24.15","23.93","506.57K","0.08%"
"05/21/2020","24.10","24.33","24.43","24.02","423.11K","-0.90%"
"05/20/2020","24.32","24.27","24.45","24.16","559.47K","2.06%"
"05/19/2020","23.83","24.06","24.13","23.82","1.06M","-2.22%"
"05/18/2020","24.37","23.92","24.48","23.87","1.01M","5.64%"
"05/15/2020","23.07","22.99","23.15","22.86","276.84K","0.13%"
"05/14/2020","23.04","22.65","23.05","22.46","629.74K","-0.73%"
"05/13/2020","23.21","23.64","23.65","23.05","839.33K","-2.23%"
"05/12/2020","23.74","24.08","24.15","23.73","352.95K","-1.70%"
"05/11/2020","24.15","24.06","24.19","23.94","434.05K","-0.98%"
"05/10/2020","24.39","24.39","24.39","24.39","","0.00%"
"05/09/2020","24.39","24.39","24.39","24.39","","0.00%"
"05/08/2020","24.39","24.33","24.43","24.24","854.79K","1.71%"
"05/07/2020","23.98","23.88","24.06","23.78","640.11K","2.17%"
"05/06/2020","23.47","23.91","23.91","23.46","303.40K","-1.22%"
"05/05/2020","23.76","23.93","24.07","23.71","483.81K","-0.04%"
"05/04/2020","23.77","23.69","23.77","23.48","738.61K","-1.00%"
"05/03/2020","24.01","24.01","24.01","24.01","","0.00%"
"05/02/2020","24.01","24.01","24.01","24.01","","0.00%"
"05/01/2020","24.01","24.21","24.25","23.88","530.79K","-1.92%"
"04/30/2020","24.48","24.54","24.68","24.30","765.36K","-1.88%"
"04/29/2020","24.95","24.68","25.04","24.63","764.86K","3.44%"
"04/28/2020","24.12","24.52","24.52","24.10","531.14K","0.46%"
"04/27/2020","24.01","23.73","24.08","23.73","308.65K","1.78%"
"04/24/2020","23.59","23.51","23.65","23.28","797.93K","1.38%"
"04/23/2020","23.27","23.43","23.89","23.23","1.08M","-0.85%"
"04/22/2020","23.47","23.47","23.50","23.33","641.79K","0.82%"
"04/21/2020","23.28","23.37","23.60","23.16","690.12K","-1.94%"
"04/20/2020","23.74","23.78","24.19","23.72","857.76K","-1.58%"
"04/17/2020","24.12","23.93","24.17","23.77","1.24M","4.33%"
"04/16/2020","23.12","23.36","23.36","22.85","1.47M","-0.64%"
"04/15/2020","23.27","23.40","23.49","23.20","734.00K","-4.47%"
"04/14/2020","24.36","24.47","24.66","24.28","1.58M","1.37%"
"04/13/2020","24.03","24.27","24.36","23.83","658.13K","-1.48%"
"04/09/2020","24.39","24.17","24.54","24.03","1.04M","2.87%"
"04/08/2020","23.71","23.55","23.84","23.34","1.07M","1.72%"
"04/07/2020","23.31","24.00","24.06","23.31","1.61M","0.34%"
"04/06/2020","23.23","22.74","23.36","22.72","1.73M","6.32%"
"04/03/2020","21.85","22.10","22.13","21.73","1.39M","-3.10%"
"04/02/2020","22.55","22.20","22.77","22.09","1.05M","1.62%"
"04/01/2020","22.19","22.63","22.69","22.11","1.61M","-5.33%"
"03/31/2020","23.44","23.49","23.63","23.10","1.29M","-1.18%"
"03/30/2020","23.72","23.33","23.74","23.16","1.25M","0.34%"
"03/28/2020","23.64","23.64","23.64","23.64","","0.00%"
"03/27/2020","23.64","23.41","24.01","23.04","1.52M","-4.06%"
"03/26/2020","24.64","23.46","24.64","23.42","1.70M","5.25%"
"03/25/2020","23.41","22.55","23.84","22.33","1.76M","4.93%"
"03/24/2020","22.31","21.91","22.45","21.67","1.40M","9.10%"
"03/23/2020","20.45","20.89","21.19","20.35","1.20M","-0.10%"
"03/21/2020","20.47","20.47","20.47","20.47","","0.00%"
"03/20/2020","20.47","21.02","21.42","20.43","4.33M","1.99%"
"03/19/2020","20.07","19.80","20.46","19.60","1.25M","0.20%"
"03/18/2020","20.03","19.97","20.43","19.29","2.89M","-6.84%"
"03/17/2020","21.50","20.73","21.56","20.34","1.14M","4.17%"
"03/16/2020","20.64","20.08","21.52","20.03","1.86M","-12.65%"
"03/14/2020","23.63","23.63","23.63","23.63","","0.00%"
"03/13/2020","23.63","23.86","23.89","22.09","2.07M","7.26%"
"03/12/2020","22.03","23.30","23.32","21.85","3.04M","-12.68%"
"03/11/2020","25.23","26.09","26.15","25.01","3.30M","-5.89%"
"03/10/2020","26.81","26.88","26.96","25.80","4.20M","3.55%"
"03/09/2020","25.89","26.66","27.11","25.82","4.62M","-9.29%"
"03/06/2020","28.54","28.56","28.75","28.21","5.08M","-2.19%"
"03/05/2020","29.18","29.36","29.60","29.04","2.36M","-3.51%"
"03/04/2020","30.24","29.78","30.30","29.55","2.03M","3.49%"
"03/03/2020","29.22","29.84","30.23","29.05","2.89M","-1.35%"
"03/02/2020","29.62","29.03","29.66","28.81","2.61M","2.39%"
"02/28/2020","28.93","28.57","29.03","28.27","2.15M","-0.86%"
"02/27/2020","29.18","29.61","30.03","29.16","1.82M","-2.67%"
"02/26/2020","29.98","30.31","30.52","29.98","2.30M","-0.10%"
"02/25/2020","30.01","30.70","30.72","30.01","1.27M","-2.41%"
"02/24/2020","30.75","30.71","30.97","30.57","1.08M","-4.18%"
"02/21/2020","32.09","32.11","32.17","32.00","556.42K","-0.43%"
"02/20/2020","32.23","32.37","32.44","32.09","776.01K","-0.46%"
"02/19/2020","32.38","32.31","32.41","32.30","606.80K","0.59%"
"02/18/2020","32.19","32.14","32.27","32.14","630.13K","-0.31%"
"02/17/2020","32.29","32.29","32.29","32.29","","0.00%"
"02/14/2020","32.29","32.34","32.38","32.23","391.73K","-0.19%"
"02/13/2020","32.35","32.26","32.41","32.19","1.30M","-0.68%"
"02/12/2020","32.57","32.56","32.58","32.49","445.37K","0.68%"
"02/11/2020","32.35","32.33","32.42","32.31","290.87K","0.28%"
"02/10/2020","32.26","32.09","32.26","32.09","782.33K","0.09%"
"02/07/2020","32.23","32.20","32.34","32.16","1.87M","-0.59%"
"02/06/2020","32.42","32.40","32.42","32.32","463.94K","0.50%"
"02/05/2020","32.26","32.27","32.29","32.16","1.05M","0.88%"
"02/04/2020","31.98","31.99","32.04","31.95","1.47M","1.46%"
"02/03/2020","31.52","31.51","31.70","31.51","472.90K","0.38%"
"01/31/2020","31.40","31.63","31.63","31.27","997.89K","-1.41%"
"01/30/2020","31.85","31.58","31.89","31.56","1.35M","-0.31%"
"01/29/2020","31.95","32.05","32.10","31.92","323.04K","0.31%"
"01/28/2020","31.85","31.71","31.90","31.67","312.13K","0.95%"
"01/27/2020","31.55","31.52","31.68","31.48","974.35K","-2.17%"
"01/24/2020","32.25","32.50","32.50","32.20","434.41K","-0.49%"
"01/23/2020","32.41","32.35","32.45","32.16","367.94K","-0.18%"
"01/22/2020","32.47","32.65","32.66","32.47","374.94K","-0.34%"
"01/21/2020","32.58","32.74","32.75","32.58","364.19K","-1.15%"
"01/17/2020","32.96","32.98","32.99","32.89","657.30K","0.40%"
"01/16/2020","32.83","32.80","32.83","32.73","397.13K","0.40%"
"01/15/2020","32.70","32.68","32.79","32.67","607.81K","-0.06%"
"01/14/2020","32.72","32.61","32.76","32.60","1.45M","0.06%"
"01/13/2020","32.70","32.59","32.72","32.56","625.44K","0.52%"
"01/10/2020","32.53","32.64","32.70","32.51","888.56K","-0.46%"
"01/09/2020","32.68","32.69","32.69","32.56","264.06K","0.09%"
"01/08/2020","32.65","32.46","32.77","32.46","725.82K","0.34%"
"01/07/2020","32.54","32.67","32.67","32.52","306.61K","-0.64%"
"01/06/2020","32.75","32.57","32.77","32.57","257.26K","0.46%"
"01/03/2020","32.60","32.56","32.80","32.54","410.13K","-1.03%"
"01/02/2020","32.94","32.86","32.95","32.79","839.58K","0.70%"
"12/31/2019","32.71","32.58","32.73","32.41","675.13K","0.58%"
"12/30/2019","32.52","32.73","32.75","32.50","820.98K","-0.46%"
"12/27/2019","32.67","32.79","32.79","32.67","505.15K","0.18%"
"12/26/2019","32.61","32.47","32.61","32.43","348.31K","0.59%"
"12/24/2019","32.42","32.47","32.47","32.35","275.84K","-0.22%"
"12/23/2019","32.49","32.46","32.52","32.45","585.72K","0.43%"
"12/20/2019","32.35","32.33","32.42","32.32","494.93K","0.12%"
"12/19/2019","32.31","32.18","32.31","32.16","537.24K","0.31%"
"12/18/2019","32.21","32.28","32.30","32.17","764.77K","-0.43%"
"12/17/2019","32.35","32.39","32.41","32.31","812.58K","-0.25%"
"12/16/2019","32.43","32.43","32.50","32.40","1.08M","0.97%"
"12/13/2019","32.12","32.14","32.37","32.06","777.19K","0.34%"
"12/12/2019","32.01","31.78","32.05","31.75","1.21M","0.72%"
"12/11/2019","31.78","31.60","31.80","31.59","1.66M","0.47%"
"12/10/2019","31.63","31.50","31.68","31.46","937.31K","0.54%"
"12/09/2019","31.46","31.56","31.62","31.44","10.58M","-0.73%"
"12/06/2019","31.69","31.67","31.69","31.58","621.89K","0.64%"
"12/05/2019","31.49","31.56","31.56","31.40","2.38M","0.29%"
"12/04/2019","31.40","31.38","31.45","31.33","526.12K","0.74%"
"12/03/2019","31.17","30.96","31.17","30.82","824.28K","-0.54%"
"12/02/2019","31.34","31.56","31.56","31.24","1.88M","-1.01%"
"11/29/2019","31.66","31.68","31.75","31.65","494.69K","-0.47%"
"11/27/2019","31.81","31.79","31.82","31.73","554.82K","-0.28%"
"11/26/2019","31.90","31.83","31.90","31.79","845.17K","0.22%"
"11/25/2019","31.83","31.76","31.83","31.75","918.01K","0.41%"
"11/22/2019","31.70","31.79","31.79","31.61","1.03M","0.09%"
"11/21/2019","31.67","31.73","31.75","31.61","581.27K","-0.09%"
"11/20/2019","31.70","31.76","31.80","31.57","785.44K","-0.50%"
"11/19/2019","31.86","32.00","32.00","31.80","514.95K","-0.38%"
"11/18/2019","31.98","31.80","31.99","31.78","518.67K","0.16%"
"11/15/2019","31.93","31.82","31.95","31.80","652.88K","0.69%"
"11/14/2019","31.71","31.57","31.71","31.56","479.48K","0.19%"
"11/13/2019","31.65","31.60","31.66","31.57","873.70K","-0.19%"
"11/12/2019","31.71","31.71","31.79","31.67","712.97K","-0.06%"
"11/11/2019","31.73","31.66","31.76","31.64","961.26K","0.16%"
"11/08/2019","31.68","31.56","31.70","31.50","715.21K","0.09%"
"11/07/2019","31.65","31.71","31.74","31.63","1.23M","0.06%"
"11/06/2019","31.63","31.65","31.70","31.55","709.02K","0.29%"
"11/05/2019","31.54","31.57","31.59","31.48","877.44K","-0.22%"
"11/04/2019","31.61","31.68","31.73","31.57","736.16K","0.57%"
"11/01/2019","31.43","31.41","31.45","31.34","758.80K","0.64%"
"10/31/2019","31.23","31.28","31.30","31.10","2.27M","-0.45%"
"10/30/2019","31.37","31.15","31.38","30.98","866.78K","0.64%"
"10/29/2019","31.17","31.02","31.18","31.02","412.66K","0.35%"
"10/28/2019","31.06","31.00","31.08","31.00","528.98K","0.45%"
"10/25/2019","30.92","30.78","30.93","30.78","542.34K","0.36%"
"10/24/2019","30.81","30.77","30.82","30.69","786.19K","0.36%"
"10/23/2019","30.70","30.54","30.70","30.53","356.06K","0.56%"
"10/22/2019","30.53","30.64","30.75","30.49","712.30K","-0.52%"
"10/21/2019","30.69","30.80","30.81","30.62","7.38M","0.03%"
"10/18/2019","30.68","30.62","30.72","30.54","756.14K","-0.26%"
"10/17/2019","30.76","30.89","30.89","30.67","552.94K","0.29%"
"10/16/2019","30.67","30.62","30.76","30.61","536.42K","0.10%"
"10/15/2019","30.64","30.39","30.76","30.39","1.01M","1.22%"
"10/14/2019","30.27","30.26","30.33","30.21","380.83K","-0.23%"
"10/11/2019","30.34","30.33","30.51","30.30","2.40M","1.74%"
"10/10/2019","29.82","29.64","29.88","29.57","2.74M","1.19%"
"10/09/2019","29.47","29.41","29.54","29.33","915.00K","1.20%"
"10/08/2019","29.12","29.28","29.31","29.11","973.73K","-1.19%"
"10/07/2019","29.47","29.46","29.65","29.46","715.02K","-0.10%"
"10/04/2019","29.50","29.31","29.50","29.29","500.35K","0.85%"
"10/03/2019","29.25","29.12","29.28","28.91","1.93M","0.93%"
"10/02/2019","28.98","29.27","29.27","28.92","4.29M","-2.69%"
"10/01/2019","29.78","30.08","30.09","29.75","1.55M","-1.19%"
"09/30/2019","30.14","30.01","30.18","30.01","696.61K","0.70%"
"09/27/2019","29.93","29.97","30.09","29.89","1.08M","-0.07%"
"09/26/2019","29.95","30.03","30.07","29.90","2.90M","0.20%"
"09/25/2019","29.89","29.80","29.91","29.65","729.65K","-0.63%"
"09/24/2019","30.08","30.31","30.32","30.06","2.30M","-0.43%"
"09/23/2019","30.21","30.13","30.24","30.10","1.17M","-0.66%"
"09/20/2019","30.41","30.53","30.58","30.40","1.03M","-0.07%"
"09/19/2019","30.43","30.52","30.55","30.43","434.88K","0.40%"
"09/18/2019","30.31","30.29","30.41","30.17","410.06K","-0.07%"
"09/17/2019","30.33","30.14","30.36","30.12","694.73K","0.80%"
"09/16/2019","30.09","30.20","30.22","30.06","792.38K","-1.38%"
"09/13/2019","30.51","30.60","30.61","30.49","675.18K","0.23%"
"09/12/2019","30.44","30.21","30.53","30.18","1.29M","0.86%"
"09/11/2019","30.18","30.11","30.20","30.08","1.03M","0.40%"
"09/10/2019","30.06","30.04","30.18","29.98","1.13M","-0.13%"
"09/09/2019","30.10","30.15","30.15","30.07","906.37K","0.07%"
"09/06/2019","30.08","30.12","30.20","30.08","541.75K","-0.07%"
"09/05/2019","30.10","30.22","30.27","30.07","3.32M","0.94%"
"09/04/2019","29.82","29.73","29.85","29.70","899.26K","1.74%"
"09/03/2019","29.31","29.24","29.34","29.15","728.52K","-0.61%"
"08/30/2019","29.49","29.62","29.65","29.35","1.40M","0.37%"
"08/29/2019","29.38","29.38","29.45","29.29","921.17K","1.31%"
"08/28/2019","29.00","28.87","29.10","28.80","1.29M","-0.17%"
"08/27/2019","29.05","29.19","29.25","29.03","1.30M","0.03%"
"08/26/2019","29.04","29.02","29.11","28.91","1.33M","0.94%"
"08/23/2019","28.77","29.03","29.30","28.77","1.53M","-1.34%"
"08/22/2019","29.16","29.32","29.35","29.07","1.49M","-0.55%"
"08/21/2019","29.32","29.51","29.52","29.31","4.83M","1.31%"
"08/20/2019","28.94","28.99","29.04","28.86","582.72K","-0.34%"
"08/19/2019","29.04","29.14","29.18","29.02","494.25K","1.08%"
"08/16/2019","28.73","28.47","28.78","28.47","1.15M","1.02%"
"08/15/2019","28.44","28.41","28.55","28.28","2.10M","0.00%"
"08/14/2019","28.44","28.73","28.78","28.44","1.32M","-3.17%"
"08/13/2019","29.37","28.99","29.50","28.93","1.68M","1.14%"
"08/12/2019","29.04","29.12","29.25","29.00","1.99M","-0.85%"
"08/09/2019","29.29","29.29","29.37","29.11","2.58M","-0.10%"
"08/08/2019","29.32","29.24","29.49","29.19","1.76M","0.96%"
"08/07/2019","29.04","28.76","29.07","28.68","2.05M","0.83%"
"08/06/2019","28.80","28.84","28.88","28.63","2.15M","0.81%"
"08/05/2019","28.57","28.76","28.81","28.40","1.14M","-2.09%"
"08/02/2019","29.18","29.40","29.43","29.07","3.34M","-1.59%"
"08/01/2019","29.65","29.80","30.07","29.53","1.63M","-0.47%"
"07/31/2019","29.79","30.02","30.12","29.54","2.54M","-0.57%"
"07/30/2019","29.96","30.01","30.03","29.89","1.05M","-1.80%"
"07/29/2019","30.51","30.55","30.55","30.46","573.37K","0.26%"
"07/26/2019","30.43","30.49","30.52","30.43","2.57M","0.50%"
"07/25/2019","30.28","30.58","30.58","30.25","837.82K","-1.11%"
"07/24/2019","30.62","30.51","30.64","30.50","732.63K","-0.10%"
"07/23/2019","30.65","30.62","30.69","30.57","1.16M","0.66%"
"07/22/2019","30.45","30.46","30.49","30.39","496.99K","0.13%"
"07/19/2019","30.41","30.47","30.51","30.33","785.95K","-0.49%"
"07/18/2019","30.56","30.46","30.59","30.34","837.38K","0.26%"
"07/17/2019","30.48","30.69","30.69","30.46","960.68K","-0.46%"
"07/16/2019","30.62","30.68","30.76","30.60","937.62K","-0.13%"
"07/15/2019","30.66","30.65","30.70","30.62","340.94K","0.13%"
"07/12/2019","30.62","30.57","30.64","30.52","753.08K","0.46%"
"07/11/2019","30.48","30.63","30.65","30.42","676.99K","-0.42%"
"07/10/2019","30.61","30.66","30.73","30.52","1.85M","0.36%"
"07/09/2019","30.50","30.41","30.51","30.37","603.27K","-0.13%"
"07/08/2019","30.54","30.53","30.58","30.48","780.51K","-0.39%"
"07/05/2019","30.66","30.66","30.70","30.48","4.04M","-1.00%"
"07/03/2019","30.97","30.92","30.98","30.89","717.53K","0.91%"
"07/02/2019","30.69","30.67","30.75","30.65","867.97K","0.07%"
"07/01/2019","30.67","30.88","30.90","30.61","1.06M","0.07%"
"06/28/2019","30.65","30.60","30.76","30.60","1.14M","0.72%"
"06/27/2019","30.43","30.43","30.54","30.39","5.43M","0.10%"
"06/26/2019","30.40","30.52","30.52","30.39","541.40K","-0.13%"
"06/25/2019","30.44","30.62","30.65","30.40","1.47M","-0.43%"
"06/24/2019","30.57","30.62","30.65","30.56","592.78K","0.33%"
"06/21/2019","30.47","30.44","30.57","30.39","1.54M","-0.23%"
"06/20/2019","30.54","30.60","30.64","30.41","2.13M","0.89%"
"06/19/2019","30.27","30.17","30.34","30.11","772.78K","0.73%"
"06/18/2019","30.05","29.93","30.14","29.93","3.28M","2.00%"
"06/17/2019","29.46","29.44","29.57","29.41","351.27K","-1.96%"
"06/14/2019","30.05","30.07","30.09","30.00","273.58K","-0.73%"
"06/13/2019","30.27","30.33","30.33","30.23","834.54K","-0.03%"
"06/12/2019","30.28","30.43","30.46","30.27","425.95K","-0.95%"
"06/11/2019","30.57","30.70","30.71","30.49","1.63M","0.63%"
"06/10/2019","30.38","30.34","30.40","30.27","1.75M","0.23%"
"06/07/2019","30.31","30.26","30.45","30.21","1.35M","2.12%"
"06/06/2019","29.68","29.74","29.76","29.60","464.72K","0.07%"
"06/05/2019","29.66","29.77","29.77","29.62","647.14K","0.24%"
"06/04/2019","29.59","29.53","29.63","29.45","872.39K","1.27%"
"06/03/2019","29.22","29.15","29.29","29.04","1.26M","0.76%"
"05/31/2019","29.00","28.81","29.01","28.76","987.72K","-0.68%"
"05/30/2019","29.20","29.07","29.20","29.05","1.06M","0.59%"
"05/29/2019","29.03","28.97","29.04","28.89","327.55K","-0.89%"
"05/28/2019","29.29","29.65","29.70","29.29","667.90K","-1.18%"
"05/24/2019","29.64","29.56","29.64","29.52","700.27K","1.30%"
"05/23/2019","29.26","29.18","29.30","29.07","747.72K","-1.35%"
"05/22/2019","29.66","29.64","29.78","29.64","679.03K","-0.50%"
"05/21/2019","29.81","29.76","29.84","29.67","616.56K","0.71%"
"05/20/2019","29.60","29.54","29.75","29.46","458.04K","-1.04%"
"05/17/2019","29.91","29.87","30.02","29.86","481.60K","-0.53%"
"05/16/2019","30.07","29.82","30.14","29.81","367.21K","0.91%"
"05/15/2019","29.80","29.35","29.83","29.35","1.20M","0.57%"
"05/14/2019","29.63","29.49","29.72","29.47","1.19M","1.33%"
"05/13/2019","29.24","29.30","29.35","29.17","2.02M","-2.37%"
"05/10/2019","29.95","29.71","29.98","29.58","502.68K","0.64%"
"05/09/2019","29.76","29.51","29.79","29.50","720.93K","-0.57%"
"05/08/2019","29.93","29.88","30.03","29.84","796.45K","0.71%"
"05/07/2019","29.72","30.02","30.02","29.64","1.08M","-2.20%"
"05/06/2019","30.39","30.02","30.40","30.01","943.22K","-1.07%"
"05/03/2019","30.72","30.56","30.72","30.55","416.84K","0.66%"
"05/02/2019","30.52","30.68","30.68","30.45","1.37M","-0.55%"
"05/01/2019","30.69","30.92","31.03","30.68","1.31M","-0.65%"
"04/30/2019","30.89","30.76","30.90","30.68","585.57K","0.42%"
"04/29/2019","30.76","30.60","30.76","30.57","328.30K","0.72%"
"04/26/2019","30.54","30.52","30.59","30.44","413.64K","0.23%"
"04/25/2019","30.47","30.39","30.47","30.34","470.57K","-0.39%"
"04/24/2019","30.59","30.61","30.66","30.50","610.50K","-0.55%"
"04/23/2019","30.76","30.67","30.79","30.64","553.53K","-0.36%"
"04/22/2019","30.87","30.76","31.34","30.75","447.84K","0.29%"
"04/18/2019","30.78","30.77","30.88","30.74","416.58K","-0.26%"
"04/17/2019","30.86","30.83","30.87","30.77","384.48K","0.72%"
"04/16/2019","30.64","30.63","30.67","30.61","278.75K","0.23%"
"04/15/2019","30.57","30.57","30.57","30.50","308.61K","0.03%"
"04/12/2019","30.56","30.54","30.57","30.48","412.37K","0.96%"
"04/11/2019","30.27","30.30","30.36","30.20","790.04K","0.30%"
"04/10/2019","30.18","30.07","30.25","30.05","3.66M","0.43%"
"04/09/2019","30.05","30.19","30.19","30.04","1.81M","-0.73%"
"04/08/2019","30.27","30.34","30.34","30.23","269.65K","0.07%"
"04/05/2019","30.25","30.17","30.28","30.15","1.81M","0.23%"
"04/04/2019","30.18","30.04","30.18","30.04","1.39M","0.07%"
"04/03/2019","30.16","30.07","30.21","30.05","1.92M","0.94%"
"04/02/2019","29.88","29.72","29.91","29.72","864.50K","0.23%"
"04/01/2019","29.81","29.67","29.82","29.66","650.09K","1.15%"
"03/29/2019","29.47","29.40","29.47","29.27","778.21K","0.82%"
"03/28/2019","29.23","29.23","29.30","29.10","651.37K","-0.48%"
"03/27/2019","29.37","29.42","29.45","29.13","465.43K","0.27%"
"03/26/2019","29.29","29.36","29.41","29.25","421.19K","0.34%"
"03/25/2019","29.19","29.17","29.25","29.08","465.23K","0.00%"
"03/22/2019","29.19","29.43","29.48","29.11","827.10K","-3.06%"
"03/21/2019","30.11","29.93","30.11","29.91","957.64K","-0.56%"
"03/20/2019","30.28","30.18","30.40","29.96","965.83K","0.30%"
"03/19/2019","30.19","30.32","30.32","30.11","588.16K","0.23%"
"03/18/2019","30.12","30.14","30.14","30.03","900.89K","0.13%"
"03/15/2019","30.08","29.96","30.08","29.93","945.79K","1.35%"
"03/14/2019","29.68","29.64","29.74","29.62","1.76M","0.41%"
"03/13/2019","29.56","29.39","29.56","29.39","679.82K","1.06%"
"03/12/2019","29.25","29.18","29.29","29.18","1.29M","0.27%"
"03/11/2019","29.17","28.99","29.19","28.98","437.86K","0.52%"
"03/08/2019","29.02","28.83","29.02","28.83","835.44K","0.48%"
"03/07/2019","28.88","29.20","29.20","28.86","1.10M","-1.57%"
"03/06/2019","29.34","29.54","29.54","29.33","4.08M","-0.41%"
"03/05/2019","29.46","29.47","29.48","29.36","557.78K","-0.17%"
"03/04/2019","29.51","29.65","29.65","29.37","1.46M","-0.24%"
"03/01/2019","29.58","29.59","29.63","29.49","930.14K","0.78%"
"02/28/2019","29.35","29.29","29.42","29.26","494.14K","0.55%"
"02/27/2019","29.19","29.28","29.31","29.17","673.98K","-0.38%"
"02/26/2019","29.30","29.19","29.35","29.17","393.13K","0.51%"
"02/25/2019","29.15","29.24","29.27","29.14","842.06K","0.31%"
"02/22/2019","29.06","29.07","29.13","29.01","1.03M","0.45%"
"02/21/2019","28.93","28.99","29.00","28.88","1.86M","-0.10%"
"02/20/2019","28.96","28.81","29.07","28.79","8.47M","0.35%"
"02/19/2019","28.86","28.59","28.87","28.58","6.30M","0.73%"
"02/15/2019","28.65","28.53","28.65","28.46","2.23M","1.85%"
"02/14/2019","28.13","28.15","28.23","28.05","1.28M","0.21%"
"02/13/2019","28.07","28.20","28.23","28.07","1.03M","-0.25%"
"02/12/2019","28.14","28.07","28.16","28.05","1.07M","1.37%"
"02/11/2019","27.76","27.80","27.84","27.71","651.02K","0.00%"
"02/08/2019","27.76","27.69","27.78","27.55","500.47K","-0.50%"
"02/07/2019","27.90","28.03","28.07","27.82","699.42K","-1.62%"
"02/06/2019","28.36","28.41","28.44","28.31","572.22K","-0.49%"
"02/05/2019","28.50","28.47","28.53","28.43","646.88K","0.92%"
"02/04/2019","28.24","28.09","28.25","27.96","661.06K","-0.04%"
"02/01/2019","28.25","28.25","28.35","28.17","417.26K","0.36%"
"01/31/2019","28.15","28.04","28.19","27.99","730.04K","-0.07%"
"01/30/2019","28.17","27.90","28.25","27.82","877.74K","1.48%"
"01/29/2019","27.76","27.78","27.82","27.69","529.65K","0.69%"
"01/28/2019","27.57","27.46","27.59","27.45","465.80K","-0.14%"
"01/25/2019","27.61","27.56","27.68","27.54","886.72K","1.66%"
"01/24/2019","27.16","27.22","27.27","27.06","1.30M","0.07%"
"01/23/2019","27.14","27.26","27.29","27.05","370.99K","0.67%"
"01/22/2019","26.96","27.08","27.14","26.94","541.06K","-1.21%"
"01/18/2019","27.29","27.36","27.36","27.24","449.90K","1.04%"
"01/17/2019","27.01","26.80","27.08","26.80","577.60K","0.15%"
"01/16/2019","26.97","26.96","27.04","26.96","446.36K","0.19%"
"01/15/2019","26.92","26.88","27.00","26.78","625.10K","0.04%"
"01/14/2019","26.91","26.82","27.00","26.80","414.76K","-0.41%"
"01/11/2019","27.02","27.06","27.09","26.95","772.05K","-1.13%"
"01/10/2019","27.33","27.14","27.33","27.13","660.11K","-0.15%"
"01/09/2019","27.37","27.29","27.43","27.23","593.62K","1.41%"
"01/08/2019","26.99","27.05","27.08","26.89","504.46K","1.12%"
"01/07/2019","26.69","26.56","26.76","26.48","552.96K","0.30%"
"01/04/2019","26.61","26.23","26.67","26.19","953.58K","2.70%"
"01/03/2019","25.91","26.06","26.06","25.85","811.25K","-1.45%"
"01/02/2019","26.29","26.10","26.29","26.07","1.27M","-0.87%"
"12/31/2018","26.52","26.61","26.61","26.33","2.20M","0.76%"
"12/28/2018","26.32","26.47","26.48","26.23","940.39K","0.38%"
"12/27/2018","26.22","25.81","26.23","25.59","960.32K","-0.15%"
"12/26/2018","26.26","25.58","26.26","25.53","1.41M","2.74%"
"12/24/2018","25.56","25.93","26.10","25.56","850.37K","-1.58%"
"12/21/2018","25.97","26.22","26.34","25.91","1.09M","-1.33%"
"12/20/2018","26.32","26.42","26.55","26.24","1.28M","-0.42%"
"12/19/2018","26.43","26.81","27.04","26.33","1.56M","-0.83%"
"12/18/2018","26.65","26.78","26.83","26.59","1.51M","-0.45%"
"12/17/2018","26.77","26.93","26.95","26.66","992.96K","-0.74%"
"12/14/2018","26.97","27.01","27.15","26.95","862.11K","-1.75%"
"12/13/2018","27.45","27.50","27.59","27.39","1.26M","-0.25%"
"12/12/2018","27.52","27.50","27.70","27.48","1.83M","2.12%"
"12/11/2018","26.95","27.12","27.15","26.76","847.58K","0.41%"
"12/10/2018","26.84","26.94","27.00","26.58","577.86K","-0.74%"
"12/07/2018","27.04","27.35","27.46","26.95","1.05M","-0.81%"
"12/06/2018","27.26","27.08","27.29","26.76","1.41M","-1.41%"
"12/04/2018","27.65","28.31","28.34","27.59","1.26M","-2.40%"
"12/03/2018","28.33","28.36","28.40","28.26","701.08K","0.89%"
"11/30/2018","28.08","28.01","28.10","27.92","765.53K","-0.60%"
"11/29/2018","28.25","28.22","28.33","28.14","521.07K","-0.18%"
"11/28/2018","28.30","27.89","28.34","27.75","682.35K","1.47%"
"11/27/2018","27.89","27.82","27.90","27.69","1.24M","-0.36%"
"11/26/2018","27.99","27.93","28.04","27.89","5.85M","1.30%"
"11/23/2018","27.63","27.58","27.71","27.58","2.36M","-0.97%"
"11/21/2018","27.90","27.89","28.02","27.85","4.45M","0.94%"
"11/20/2018","27.64","27.67","27.86","27.54","747.04K","-1.85%"
"11/19/2018","28.16","28.42","28.42","28.09","540.54K","-0.98%"
"11/16/2018","28.44","28.21","28.48","28.14","496.75K","-0.04%"
"11/15/2018","28.45","28.10","28.50","27.94","791.22K","0.21%"
"11/14/2018","28.39","28.67","28.67","28.23","727.38K","0.28%"
"11/13/2018","28.31","28.26","28.51","28.20","754.29K","0.71%"
"11/12/2018","28.11","28.34","28.35","28.09","627.38K","-2.02%"
"11/09/2018","28.69","28.64","28.71","28.52","876.17K","-0.52%"
"11/08/2018","28.84","29.08","29.13","28.78","396.70K","-1.20%"
"11/07/2018","29.19","29.15","29.22","29.06","627.48K","1.39%"
"11/06/2018","28.79","28.69","28.81","28.65","630.40K","0.00%"
"11/05/2018","28.79","28.80","28.86","28.68","403.88K","0.00%"
"11/02/2018","28.79","29.02","29.11","28.62","742.10K","0.17%"
"11/01/2018","28.74","28.65","28.75","28.52","664.64K","1.16%"
"10/31/2018","28.41","28.42","28.61","28.38","574.45K","1.03%"
"10/30/2018","28.12","27.82","28.13","27.78","667.26K","0.57%"
"10/29/2018","27.96","28.25","28.31","27.72","1.14M","-0.32%"
"10/26/2018","28.05","27.78","28.23","27.58","1.18M","-0.57%"
"10/25/2018","28.21","28.22","28.39","28.10","742.82K","1.84%"
"10/24/2018","27.70","28.34","28.37","27.68","1.04M","-2.91%"
"10/23/2018","28.53","28.23","28.62","28.07","867.23K","-0.66%"
"10/22/2018","28.72","28.88","28.91","28.62","496.92K","-0.86%"
"10/19/2018","28.97","28.81","29.13","28.79","654.02K","0.28%"
"10/18/2018","28.89","29.30","29.31","28.77","1.07M","-1.57%"
"10/17/2018","29.35","29.45","29.49","29.19","505.39K","-0.88%"
"10/16/2018","29.61","29.52","29.64","29.46","524.70K","1.93%"
"10/15/2018","29.05","29.11","29.18","29.04","597.17K","-0.48%"
"10/12/2018","29.19","29.32","29.34","28.88","1.07M","0.24%"
"10/11/2018","29.12","29.41","29.50","28.93","1.60M","-0.82%"
"10/10/2018","29.36","29.84","29.84","29.27","998.73K","-2.65%"
"10/09/2018","30.16","29.91","30.23","29.86","963.61K","-0.10%"
"10/08/2018","30.19","29.95","30.21","29.95","329.14K","-0.85%"
"10/05/2018","30.45","30.58","30.59","30.31","528.76K","-0.91%"
"10/04/2018","30.73","30.90","30.93","30.57","843.68K","-1.44%"
"10/03/2018","31.18","31.33","31.35","31.16","454.66K","0.16%"
"10/02/2018","31.13","31.14","31.22","31.04","565.39K","-0.73%"
"10/01/2018","31.36","31.56","31.59","31.34","564.30K","-0.10%"
"09/28/2018","31.39","31.31","31.55","31.31","699.23K","-0.95%"
"09/27/2018","31.69","31.80","31.95","31.68","431.25K","-0.50%"
"09/26/2018","31.85","31.76","32.09","31.76","399.26K","0.25%"
"09/25/2018","31.77","31.87","31.92","31.73","486.95K","0.22%"
"09/24/2018","31.70","31.84","31.86","31.69","352.86K","-0.28%"
"09/21/2018","31.79","31.77","31.83","31.75","349.11K","0.22%"
"09/20/2018","31.72","31.65","31.76","31.55","447.34K","1.90%"
"09/19/2018","31.13","31.05","31.18","31.04","475.17K","0.45%"
"09/18/2018","30.99","30.97","31.08","30.93","368.53K","0.49%"
"09/17/2018","30.84","30.94","31.00","30.80","357.15K","0.19%"
"09/14/2018","30.78","30.93","30.96","30.71","907.08K","-0.36%"
"09/13/2018","30.89","30.95","31.01","30.78","696.97K","0.82%"
"09/12/2018","30.64","30.55","30.78","30.54","1.36M","0.76%"
"09/11/2018","30.41","30.13","30.42","30.08","934.32K","0.30%"
"09/10/2018","30.32","30.38","30.41","30.28","787.43K","1.00%"
"09/07/2018","30.02","29.99","30.14","29.93","2.78M","-0.89%"
"09/06/2018","30.29","30.34","30.46","30.14","1.75M","0.00%"
"09/05/2018","30.29","30.43","30.44","30.21","777.19K","-1.17%"
"09/04/2018","30.65","30.43","30.66","30.42","586.02K","-1.19%"
"08/31/2018","31.02","31.05","31.21","30.86","583.23K","-1.56%"
"08/30/2018","31.51","31.53","31.61","31.45","533.65K","-1.07%"
"08/29/2018","31.85","31.65","31.85","31.63","621.91K","0.41%"
"08/28/2018","31.72","31.89","31.89","31.72","731.95K","0.28%"
"08/27/2018","31.63","31.44","31.65","31.43","739.70K","1.31%"
"08/24/2018","31.22","31.13","31.27","31.08","533.10K","1.07%"
"08/23/2018","30.89","30.97","31.09","30.87","697.10K","-0.61%"
"08/22/2018","31.08","31.08","31.13","31.00","662.44K","0.58%"
"08/21/2018","30.90","30.84","31.04","30.78","785.95K","1.38%"
"08/20/2018","30.48","30.42","30.53","30.41","609.54K","0.69%"
"08/17/2018","30.27","29.99","30.35","29.97","943.10K","0.87%"
"08/16/2018","30.01","29.95","30.19","29.95","697.81K","0.84%"
"08/15/2018","29.76","29.88","29.88","29.57","1.51M","-1.94%"
"08/14/2018","30.35","30.40","30.44","30.26","1.20M","-0.16%"
"08/13/2018","30.40","30.54","30.61","30.36","761.00K","-0.07%"
"08/10/2018","30.42","30.58","30.61","30.34","2.42M","-2.78%"
"08/09/2018","31.29","31.44","31.48","31.29","1.88M","-0.51%"
"08/08/2018","31.45","31.47","31.51","31.41","527.09K","-0.29%"
"08/07/2018","31.54","31.59","31.64","31.53","1.01M","1.06%"
"08/06/2018","31.21","31.12","31.29","31.07","612.99K","-0.57%"
"08/03/2018","31.39","31.23","31.39","31.18","510.13K","0.13%"
"08/02/2018","31.35","31.25","31.40","31.22","2.18M","-0.67%"
"08/01/2018","31.56","31.73","31.75","31.53","811.35K","-0.50%"
"07/31/2018","31.72","31.83","31.89","31.67","873.65K","0.41%"
"07/30/2018","31.59","31.70","31.76","31.59","611.64K","0.22%"
"07/27/2018","31.52","31.60","31.68","31.50","712.41K","0.48%"
"07/26/2018","31.37","31.44","31.50","31.36","537.05K","-0.98%"
"07/25/2018","31.68","31.41","31.74","31.21","918.69K","1.05%"
"07/24/2018","31.35","31.43","31.53","31.30","590.94K","0.77%"
"07/23/2018","31.11","31.13","31.18","31.05","2.18M","-0.54%"
"07/20/2018","31.28","31.06","31.34","31.03","595.96K","0.26%"
"07/19/2018","31.20","31.06","31.25","31.06","505.89K","-0.51%"
"07/18/2018","31.36","31.37","31.44","31.30","389.15K","-0.13%"
"07/17/2018","31.40","31.22","31.43","31.22","603.98K","-0.03%"
"07/16/2018","31.41","31.38","31.42","31.32","1.53M","0.13%"
"07/13/2018","31.37","31.23","31.39","31.20","420.44K","0.45%"
"07/12/2018","31.23","31.13","31.30","31.08","482.73K","1.04%"
"07/11/2018","30.91","31.09","31.16","30.81","773.75K","-1.81%"
"07/10/2018","31.48","31.37","31.52","31.37","728.61K","0.45%"
"07/09/2018","31.34","31.37","31.37","31.27","421.05K","0.55%"
"07/06/2018","31.17","31.13","31.24","31.06","975.41K","0.45%"
"07/05/2018","31.03","30.96","31.06","30.93","885.36K","1.80%"
"07/03/2018","30.48","30.61","30.65","30.47","2.00M","0.46%"
"07/02/2018","30.34","30.19","30.36","30.15","624.22K","-0.59%"
"06/29/2018","30.52","30.64","30.80","30.50","611.02K","1.09%"
"06/28/2018","30.19","30.09","30.26","30.03","1.41M","0.07%"
"06/27/2018","30.17","30.60","30.75","30.16","1.24M","-0.85%"
"06/26/2018","30.43","30.53","30.55","30.40","564.37K","-0.33%"
"06/25/2018","30.53","30.79","30.81","30.44","603.16K","-0.97%"
"06/22/2018","30.83","30.86","30.98","30.74","552.23K","1.18%"
"06/21/2018","30.47","30.61","30.62","30.39","706.46K","-0.88%"
"06/20/2018","30.74","30.81","30.83","30.67","612.44K","-0.65%"
"06/19/2018","30.94","30.70","30.94","30.62","948.20K","-3.07%"
"06/18/2018","31.92","31.77","31.94","31.70","1.50M","-1.08%"
"06/15/2018","32.27","32.28","32.32","32.16","574.68K","-0.06%"
"06/14/2018","32.29","32.41","32.48","32.27","708.75K","0.00%"
"06/13/2018","32.29","32.38","32.39","32.16","738.51K","0.31%"
"06/12/2018","32.19","32.42","32.43","32.15","722.95K","-0.98%"
"06/11/2018","32.51","32.38","32.56","32.35","1.42M","0.81%"
"06/08/2018","32.25","32.20","32.33","32.06","550.07K","0.44%"
"06/07/2018","32.11","32.39","32.41","32.07","628.08K","-1.05%"
"06/06/2018","32.45","32.19","32.47","32.11","986.85K","0.93%"
"06/05/2018","32.15","32.19","32.25","32.04","1.29M","-0.06%"
"06/04/2018","32.17","32.30","32.35","32.14","504.82K","0.25%"
"06/01/2018","32.09","32.07","32.13","31.88","1.05M","0.85%"
"05/31/2018","31.82","31.76","31.86","31.52","1.50M","0.03%"
"05/30/2018","31.81","31.63","31.91","31.44","1.11M","1.76%"
"05/29/2018","31.26","31.49","31.62","31.05","1.52M","-3.13%"
"05/25/2018","32.27","32.21","32.31","32.09","2.17M","-1.04%"
"05/24/2018","32.61","32.49","32.61","32.27","5.18M","0.25%"
"05/23/2018","32.53","32.38","32.53","32.27","4.09M","-1.30%"
"05/22/2018","32.96","33.03","33.06","32.92","391.70K","0.06%"
"05/21/2018","32.94","32.92","32.97","32.84","604.45K","0.73%"
"05/18/2018","32.70","32.74","32.80","32.68","383.40K","-0.18%"
"05/17/2018","32.76","32.73","32.85","32.69","1.22M","0.46%"
"05/16/2018","32.61","32.54","32.68","32.48","523.17K","-0.06%"
"05/15/2018","32.63","32.60","32.72","32.51","517.33K","-0.70%"
"05/14/2018","32.86","32.96","32.99","32.81","330.18K","0.06%"
"05/11/2018","32.84","32.86","32.92","32.82","446.33K","0.12%"
"05/10/2018","32.80","32.69","32.80","32.59","393.66K","0.92%"
"05/09/2018","32.50","32.43","32.57","32.43","726.21K","0.12%"
"05/08/2018","32.46","32.36","32.47","32.26","630.72K","-0.31%"
"05/07/2018","32.56","32.58","32.64","32.49","5.40M","-0.37%"
"05/04/2018","32.68","32.46","32.73","32.44","799.74K","-0.12%"
"05/03/2018","32.72","32.70","32.79","32.46","986.94K","0.52%"
"05/02/2018","32.55","32.78","32.80","32.52","761.05K","-0.06%"
"05/01/2018","32.57","32.68","32.73","32.36","498.85K","-0.34%"
"04/30/2018","32.68","32.69","32.85","32.68","1.19M","-0.31%"
"04/27/2018","32.78","32.65","32.80","32.54","752.35K","0.55%"
"04/26/2018","32.60","32.66","32.71","32.52","599.82K","0.40%"
"04/25/2018","32.47","32.46","32.52","32.33","549.04K","-0.31%"
"04/24/2018","32.57","32.67","32.80","32.47","1.06M","-0.28%"
"04/23/2018","32.66","32.71","32.73","32.57","562.83K","-0.18%"
"04/20/2018","32.72","32.73","32.80","32.64","1.16M","-0.43%"
"04/19/2018","32.86","32.91","32.97","32.75","1.22M","0.03%"
"04/18/2018","32.85","32.80","32.91","32.78","1.52M","0.40%"
"04/17/2018","32.72","32.64","32.76","32.59","1.62M","0.71%"
"04/16/2018","32.49","32.44","32.52","32.35","1.46M","0.53%"
"04/13/2018","32.32","32.40","32.40","32.22","1.06M","0.12%"
"04/12/2018","32.28","32.12","32.29","32.12","1.04M","0.47%"
"04/11/2018","32.13","32.17","32.30","32.09","888.68K","-0.46%"
"04/10/2018","32.28","32.20","32.35","32.17","937.30K","1.10%"
"04/09/2018","31.93","31.92","32.11","31.84","810.88K","0.95%"
"04/06/2018","31.63","31.77","31.90","31.55","2.32M","-0.28%"
"04/05/2018","31.72","31.64","31.80","31.62","733.08K","0.99%"
"04/04/2018","31.41","30.91","31.42","30.91","3.40M","0.54%"
"04/03/2018","31.24","31.19","31.28","31.03","1.41M","0.84%"
"04/02/2018","30.98","31.40","31.46","30.77","2.33M","-1.34%"
"03/29/2018","31.40","31.46","31.52","31.27","1.24M","0.77%"
"03/28/2018","31.16","31.13","31.43","31.01","1.40M","0.78%"
"03/27/2018","30.92","31.34","31.39","30.81","1.60M","-1.40%"
"03/26/2018","31.36","31.27","31.40","30.94","943.51K","1.98%"
"03/23/2018","30.75","31.08","31.15","30.72","1.16M","-0.81%"
"03/22/2018","31.00","31.21","31.35","31.00","1.42M","-2.08%"
"03/21/2018","31.66","31.62","31.81","31.55","613.89K","0.06%"
"03/20/2018","31.64","31.56","31.74","31.54","652.74K","-0.28%"
"03/19/2018","31.73","31.84","31.85","31.58","547.15K","-0.47%"
"03/16/2018","31.88","31.84","31.99","31.82","617.10K","-0.03%"
"03/15/2018","31.89","31.85","32.01","31.83","529.88K","-0.06%"
"03/14/2018","31.91","32.04","32.09","31.75","661.78K","0.35%"
"03/13/2018","31.80","32.11","32.13","31.75","681.20K","-0.63%"
"03/12/2018","32.00","31.94","32.02","31.89","726.91K","0.06%"
"03/09/2018","31.98","31.90","31.98","31.82","696.99K","0.53%"
"03/08/2018","31.81","31.93","31.99","31.72","739.34K","0.13%"
"03/07/2018","31.77","31.50","31.77","31.48","785.90K","0.47%"
"03/06/2018","31.62","31.65","31.67","31.49","330.69K","0.60%"
"03/05/2018","31.43","31.04","31.43","31.04","636.33K","0.19%"
"03/02/2018","31.37","31.18","31.38","30.96","1.44M","-0.10%"
"03/01/2018","31.40","31.48","31.61","31.05","1.70M","-0.73%"
"02/28/2018","31.63","32.04","32.04","31.63","829.21K","-0.66%"
"02/27/2018","31.84","32.19","32.22","31.84","767.59K","-1.70%"
"02/26/2018","32.39","32.30","32.41","32.10","416.74K","0.62%"
"02/23/2018","32.19","32.03","32.21","31.98","582.58K","0.63%"
"02/22/2018","31.99","31.98","32.14","31.87","822.81K","0.66%"
"02/21/2018","31.78","32.02","32.27","31.77","839.99K","-0.31%"
"02/20/2018","31.88","32.03","32.12","31.81","690.27K","-0.84%"
"02/16/2018","32.15","32.18","32.35","32.09","496.45K","0.19%"
"02/15/2018","32.09","32.10","32.14","31.86","632.46K","0.98%"
"02/14/2018","31.78","30.98","31.80","30.98","697.05K","2.09%"
"02/13/2018","31.13","31.05","31.16","30.99","418.90K","-0.16%"
"02/12/2018","31.18","30.95","31.21","30.88","1.06M","1.60%"
"02/09/2018","30.69","30.72","30.85","29.84","2.93M","0.10%"
"02/08/2018","30.66","31.46","31.46","30.64","1.92M","-2.60%"
"02/07/2018","31.48","31.50","31.78","31.36","1.76M","-1.75%"
"02/06/2018","32.04","31.10","32.04","31.08","2.85M","2.82%"
"02/05/2018","31.16","32.19","32.35","31.02","2.95M","-4.33%"
"02/02/2018","32.57","32.93","32.97","32.52","950.25K","-2.78%"
"02/01/2018","33.50","33.27","33.52","33.23","564.38K","0.51%"
"01/31/2018","33.33","33.48","33.49","33.26","528.66K","0.33%"
"01/30/2018","33.22","33.41","33.43","33.17","581.00K","-0.66%"
"01/29/2018","33.44","33.44","33.47","33.29","397.07K","-0.86%"
"01/26/2018","33.73","33.60","33.73","33.55","575.68K","1.14%"
"01/25/2018","33.35","33.60","33.62","33.26","577.05K","-0.12%"
"01/24/2018","33.39","33.47","33.49","33.26","497.94K","0.09%"
"01/23/2018","33.36","33.28","33.37","33.23","401.86K","0.06%"
"01/22/2018","33.34","33.18","33.37","33.16","347.57K","0.60%"
"01/19/2018","33.14","33.12","33.19","33.02","563.07K","0.58%"
"01/18/2018","32.95","32.93","32.99","32.81","473.95K","-0.12%"
"01/17/2018","32.99","32.92","33.12","32.82","3.77M","0.33%"
"01/16/2018","32.88","32.94","33.00","32.85","903.12K","0.27%"
"01/12/2018","32.79","32.67","32.81","32.62","634.13K","1.36%"
"01/11/2018","32.35","32.27","32.38","32.26","286.55K","0.68%"
"01/10/2018","32.13","32.32","32.32","32.09","658.15K","-0.56%"
"01/09/2018","32.31","32.20","32.33","32.12","2.58M","0.53%"
"01/08/2018","32.14","32.20","32.20","32.11","797.39K","-0.34%"
"01/05/2018","32.25","32.16","32.30","32.09","528.33K","0.94%"
"01/04/2018","31.95","32.00","32.11","31.92","1.04M","1.59%"
"01/03/2018","31.45","31.38","31.53","31.34","2.36M","0.51%"
"01/02/2018","31.29","31.19","31.32","31.15","1.37M","0.22%"
"12/29/2017","31.22","31.37","31.39","31.18","874.47K","-0.16%"
"12/28/2017","31.27","31.36","31.38","31.23","1.73M","0.13%"
"12/27/2017","31.23","31.27","31.33","31.19","2.61M","0.03%"
"12/26/2017","31.22","31.16","31.33","31.15","606.65K","0.10%"
"12/22/2017","31.19","31.15","31.21","31.06","279.05K","-0.06%"
"12/21/2017","31.21","31.10","31.31","31.09","243.10K","0.29%"
"12/20/2017","31.12","31.16","31.20","31.08","339.19K","-0.32%"
"12/19/2017","31.22","31.30","31.32","31.13","536.26K","-0.35%"
"12/18/2017","31.33","31.35","31.48","31.29","391.15K","1.26%"
"12/15/2017","30.94","30.89","30.97","30.78","434.69K","0.06%"
"12/14/2017","30.92","31.25","31.29","30.89","389.06K","-1.06%"
"12/13/2017","31.25","31.20","31.28","31.11","606.40K","-0.03%"
"12/12/2017","31.26","31.17","31.26","31.12","483.10K","0.00%"
"12/11/2017","31.26","31.21","31.27","31.19","450.38K","-0.03%"
"12/08/2017","31.27","31.22","31.27","31.14","380.20K","0.26%"
"12/07/2017","31.19","31.11","31.27","31.08","452.79K","0.35%"
"12/06/2017","31.08","31.03","31.16","30.99","232.39K","-0.13%"
"12/05/2017","31.12","31.13","31.27","31.06","789.18K","-0.42%"
"12/04/2017","31.25","31.32","31.41","31.19","2.93M","0.26%"
"12/01/2017","31.17","31.18","31.28","30.99","1.38M","-0.61%"
"11/30/2017","31.36","31.49","31.55","31.35","680.18K","0.00%"
"11/29/2017","31.36","31.52","31.58","31.33","465.82K","-0.19%"
"11/28/2017","31.42","31.41","31.49","31.35","270.74K","0.35%"
"11/27/2017","31.31","31.45","31.46","31.28","212.16K","-0.60%"
"11/24/2017","31.50","31.51","31.55","31.48","212.70K","1.58%"
"11/22/2017","31.01","31.06","31.11","30.89","503.65K","0.45%"
"11/21/2017","30.87","30.86","30.94","30.85","261.49K","0.59%"
"11/20/2017","30.69","30.76","30.79","30.69","439.75K","-0.10%"
"11/17/2017","30.72","30.76","30.78","30.68","391.07K","-0.42%"
"11/16/2017","30.85","30.84","30.86","30.77","507.72K","0.82%"
"11/15/2017","30.60","30.57","30.71","30.52","366.95K","-0.39%"
"11/14/2017","30.72","30.61","30.75","30.55","498.24K","0.56%"
"11/13/2017","30.55","30.35","30.58","30.31","444.80K","-0.65%"
"11/10/2017","30.75","30.80","30.82","30.70","372.00K","-0.13%"
"11/09/2017","30.79","30.79","30.88","30.66","561.25K","-0.93%"
"11/08/2017","31.08","31.00","31.11","30.96","368.99K","-0.03%"
"11/07/2017","31.09","31.15","31.17","30.97","1.19M","-0.73%"
"11/06/2017","31.32","31.22","31.33","31.20","448.84K","-0.10%"
"11/03/2017","31.35","31.40","31.41","31.25","747.01K","-0.38%"
"11/02/2017","31.47","31.37","31.50","31.34","501.75K","0.38%"
"11/01/2017","31.35","31.41","31.46","31.34","672.85K","-0.13%"
"10/31/2017","31.39","31.34","31.43","31.29","476.67K","0.29%"
"10/30/2017","31.30","31.25","31.32","31.20","488.40K","0.32%"
"10/27/2017","31.20","31.16","31.25","31.11","551.81K","0.10%"
"10/26/2017","31.17","31.23","31.32","31.13","569.70K","0.10%"
"10/25/2017","31.14","31.23","31.27","31.02","574.59K","0.06%"
"10/24/2017","31.12","31.11","31.23","31.06","626.35K","0.39%"
"10/23/2017","31.00","31.13","31.14","30.97","2.14M","-0.13%"
"10/20/2017","31.04","31.11","31.12","31.02","286.20K","-0.51%"
"10/19/2017","31.20","31.08","31.22","31.08","1.11M","0.13%"
"10/18/2017","31.16","31.11","31.19","31.09","438.02K","0.55%"
"10/17/2017","30.99","30.97","31.01","30.94","411.04K","-0.16%"
"10/16/2017","31.04","31.09","31.09","31.02","370.52K","-0.10%"
"10/13/2017","31.07","31.12","31.19","31.05","619.10K","-0.26%"
"10/12/2017","31.15","31.14","31.19","31.11","448.08K","-0.19%"
"10/11/2017","31.21","31.12","31.25","31.10","518.02K","0.19%"
"10/10/2017","31.15","31.02","31.16","30.98","844.21K","0.97%"
"10/09/2017","30.85","30.85","30.91","30.80","294.85K","-0.16%"
"10/06/2017","30.90","30.77","30.91","30.74","349.11K","0.00%"
"10/05/2017","30.90","30.82","30.95","30.82","424.95K","-0.03%"
"10/04/2017","30.91","30.89","30.96","30.86","1.36M","-0.13%"
"10/03/2017","30.95","30.95","31.01","30.94","367.59K","0.39%"
"10/02/2017","30.83","30.77","30.88","30.75","905.54K","-0.23%"
"09/29/2017","30.90","30.71","30.91","30.69","570.77K","1.08%"
"09/28/2017","30.57","30.58","30.64","30.56","365.87K","0.33%"
"09/27/2017","30.47","30.40","30.54","30.39","522.58K","-0.03%"
"09/26/2017","30.48","30.48","30.52","30.37","887.70K","-0.42%"
"09/25/2017","30.61","30.66","30.75","30.53","680.05K","-0.94%"
"09/22/2017","30.90","30.91","30.98","30.89","378.33K","0.39%"
"09/21/2017","30.78","30.72","30.83","30.71","419.33K","0.33%"
"09/20/2017","30.68","30.79","30.85","30.52","572.83K","-0.23%"
"09/19/2017","30.75","30.74","30.77","30.67","366.41K","0.52%"
"09/18/2017","30.59","30.59","30.64","30.52","395.71K","0.16%"
"09/15/2017","30.54","30.52","30.57","30.45","1.21M","0.07%"
"09/14/2017","30.52","30.39","30.52","30.38","364.34K","0.46%"
"09/13/2017","30.38","30.53","30.56","30.34","223.18K","-0.62%"
"09/12/2017","30.57","30.50","30.58","30.50","597.33K","0.53%"
"09/11/2017","30.41","30.37","30.48","30.37","257.30K","0.83%"
"09/08/2017","30.16","30.20","30.22","30.13","343.57K","0.00%"
"09/07/2017","30.16","30.20","30.22","30.07","446.38K","0.87%"
"09/06/2017","29.90","29.83","29.99","29.82","639.56K","1.05%"
"09/05/2017","29.59","29.73","29.83","29.48","985.56K","-0.70%"
"09/01/2017","29.80","29.89","29.92","29.77","564.51K","0.34%"
"08/31/2017","29.70","29.61","29.74","29.54","930.37K","0.61%"
"08/30/2017","29.52","29.57","29.59","29.49","1.13M","-0.37%"
"08/29/2017","29.63","29.52","29.69","29.50","476.58K","-0.44%"
"08/28/2017","29.76","29.80","29.80","29.72","610.34K","0.03%"
"08/25/2017","29.75","29.62","29.85","29.61","672.42K","0.71%"
"08/24/2017","29.54","29.62","29.64","29.53","369.12K","-0.34%"
"08/23/2017","29.64","29.54","29.64","29.53","548.92K","0.27%"
"08/22/2017","29.56","29.49","29.59","29.48","293.58K","0.54%"
"08/21/2017","29.40","29.38","29.46","29.28","1.06M","0.00%"
"08/18/2017","29.40","29.30","29.50","29.24","508.10K","0.24%"
"08/17/2017","29.33","29.61","29.66","29.33","537.27K","-1.28%"
"08/16/2017","29.71","29.73","29.78","29.63","784.88K","0.51%"
"08/15/2017","29.56","29.55","29.60","29.45","630.40K","0.07%"
"08/14/2017","29.54","29.50","29.62","29.50","1.66M","0.99%"
"08/11/2017","29.25","29.29","29.36","29.16","1.08M","-0.27%"
"08/10/2017","29.33","29.49","29.49","29.24","751.01K","-1.15%"
"08/09/2017","29.67","29.42","29.68","29.40","649.93K","-0.54%"
"08/08/2017","29.83","30.02","30.06","29.80","969.66K","-0.60%"
"08/07/2017","30.01","29.95","30.01","29.95","686.26K","0.23%"
"08/04/2017","29.94","29.95","30.02","29.85","459.59K","0.54%"
"08/03/2017","29.78","29.77","29.88","29.74","1.04M","0.44%"
"08/02/2017","29.65","29.64","29.73","29.55","645.25K","0.27%"
"08/01/2017","29.57","29.66","29.72","29.57","1.25M","0.44%"
"07/31/2017","29.44","29.46","29.48","29.33","915.85K","-0.20%"
"07/28/2017","29.50","29.35","29.50","29.34","374.63K","-0.10%"
"07/27/2017","29.53","29.69","29.69","29.41","1.25M","-0.51%"
"07/26/2017","29.68","29.57","29.75","29.51","656.46K","0.85%"
"07/25/2017","29.43","29.66","29.68","29.40","845.78K","0.44%"
"07/24/2017","29.30","29.26","29.33","29.17","868.68K","-0.31%"
"07/21/2017","29.39","29.32","29.40","29.12","669.70K","-0.71%"
"07/20/2017","29.60","29.59","29.62","29.46","1.03M","0.44%"
"07/19/2017","29.47","29.32","29.48","29.32","422.25K","0.37%"
"07/18/2017","29.36","29.30","29.37","29.26","584.49K","-0.03%"
"07/17/2017","29.37","29.34","29.38","29.29","409.66K","-0.14%"
"07/14/2017","29.41","29.26","29.42","29.19","608.75K","0.62%"
"07/13/2017","29.23","29.23","29.23","29.11","597.12K","0.38%"
"07/12/2017","29.12","29.14","29.17","29.08","1.37M","0.69%"
"07/11/2017","28.92","28.72","28.92","28.67","285.20K","0.42%"
"07/10/2017","28.80","28.69","28.83","28.67","308.32K","0.31%"
"07/07/2017","28.71","28.64","28.75","28.55","554.00K","0.07%"
"07/06/2017","28.69","28.57","28.80","28.51","846.11K","-0.24%"
"07/05/2017","28.76","28.67","28.78","28.61","928.52K","0.03%"
"07/03/2017","28.75","28.76","28.86","28.73","644.03K","-0.03%"
"06/30/2017","28.76","28.85","28.89","28.51","1.36M","-0.10%"
"06/29/2017","28.79","28.99","28.99","28.64","1.02M","-1.71%"
"06/28/2017","29.29","29.15","29.32","29.11","821.09K","0.86%"
"06/27/2017","29.04","29.00","29.16","28.96","479.02K","0.24%"
"06/26/2017","28.97","29.17","29.20","28.95","619.58K","0.35%"
"06/23/2017","28.87","28.78","28.92","28.74","547.21K","0.35%"
"06/22/2017","28.77","28.73","28.86","28.68","1.30M","-0.07%"
"06/21/2017","28.79","28.71","28.83","28.68","1.00M","0.07%"
"06/20/2017","28.77","29.02","29.03","28.72","670.29K","-2.57%"
"06/19/2017","29.53","29.54","29.62","29.49","1.03M","0.58%"
"06/16/2017","29.36","29.20","29.37","29.14","798.96K","1.28%"
"06/15/2017","28.99","28.76","28.99","28.71","1.07M","-1.26%"
"06/14/2017","29.36","29.58","29.59","29.19","2.84M","-0.07%"
"06/13/2017","29.38","29.27","29.41","29.22","1.20M","0.93%"
"06/12/2017","29.11","29.21","29.23","29.02","501.03K","-0.92%"
"06/09/2017","29.38","29.36","29.44","29.24","648.65K","0.00%"
"06/08/2017","29.38","29.29","29.38","29.25","371.91K","-0.47%"
"06/07/2017","29.52","29.62","29.67","29.33","624.52K","0.20%"
"06/06/2017","29.46","29.42","29.51","29.39","757.08K","-0.57%"
"06/05/2017","29.63","29.62","29.65","29.58","567.04K","-0.90%"
"06/02/2017","29.90","29.85","29.93","29.74","1.15M","0.88%"
"06/01/2017","29.64","29.52","29.65","29.49","510.89K","0.85%"
"05/31/2017","29.39","29.57","29.62","29.35","469.02K","0.27%"
"05/30/2017","29.31","29.26","29.35","29.23","385.09K","-0.20%"
"05/26/2017","29.37","29.27","29.38","29.27","668.96K","-0.17%"
"05/25/2017","29.42","29.51","29.52","29.37","709.79K","-0.10%"
"05/24/2017","29.45","29.37","29.47","29.30","1.11M","0.17%"
"05/23/2017","29.40","29.54","29.56","29.37","1.33M","-0.24%"
"05/22/2017","29.47","29.47","29.53","29.39","921.47K","0.37%"
"05/19/2017","29.36","29.24","29.38","29.21","609.82K","1.31%"
"05/18/2017","28.98","28.83","28.99","28.78","1.17M","0.03%"
"05/17/2017","28.97","29.25","29.28","28.95","779.35K","-1.76%"
"05/16/2017","29.49","29.42","29.50","29.39","435.35K","1.10%"
"05/15/2017","29.17","29.02","29.18","29.01","562.66K","0.69%"
"05/12/2017","28.97","28.78","28.98","28.76","824.06K","1.01%"
"05/11/2017","28.68","28.65","28.70","28.48","1.57M","-0.28%"
"05/10/2017","28.76","28.74","28.77","28.68","1.04M","0.00%"
"05/09/2017","28.76","28.80","28.89","28.68","1.98M","-0.48%"
"05/08/2017","28.90","28.92","28.96","28.80","1.46M","-1.93%"
"05/05/2017","29.47","29.08","29.48","29.02","4.06M","1.76%"
"05/04/2017","28.96","28.63","28.96","28.57","2.52M","2.40%"
"05/03/2017","28.28","28.26","28.33","28.20","2.36M","-0.39%"
"05/02/2017","28.39","28.22","28.39","28.13","2.47M","0.89%"
"05/01/2017","28.14","28.07","28.22","28.05","1.15M","0.43%"
"04/28/2017","28.02","28.11","28.12","28.01","1.53M","0.00%"
"04/27/2017","28.02","27.99","28.04","27.90","1.59M","0.07%"
"04/26/2017","28.00","27.99","28.11","27.99","2.27M","-0.71%"
"04/25/2017","28.20","28.05","28.22","27.99","1.29M","0.89%"
"04/24/2017","27.95","27.81","27.96","27.76","2.16M","5.83%"
"04/21/2017","26.41","26.32","26.41","26.29","3.26M","-0.08%"
"04/20/2017","26.43","26.44","26.63","26.42","6.83M","1.77%"
"04/19/2017","25.97","26.07","26.09","25.92","4.79M","-0.04%"
"04/18/2017","25.98","25.99","26.04","25.82","2.58M","-0.95%"
"04/17/2017","26.23","26.16","26.34","26.16","1.33M","0.46%"
"04/13/2017","26.11","26.12","26.20","26.04","1.41M","-0.95%"
"04/12/2017","26.36","26.29","26.37","26.19","867.56K","0.11%"
"04/11/2017","26.33","26.30","26.35","26.14","948.17K","0.19%"
"04/10/2017","26.28","26.27","26.34","26.24","469.93K","-0.57%"
"04/07/2017","26.43","26.37","26.48","26.36","1.18M","0.00%"
"04/06/2017","26.43","26.46","26.51","26.39","745.54K","0.53%"
"04/05/2017","26.29","26.45","26.49","26.27","785.37K","-0.68%"
"04/04/2017","26.47","26.37","26.48","26.30","559.29K","0.08%"
"04/03/2017","26.45","26.44","26.45","26.22","640.01K","-0.23%"
"03/31/2017","26.51","26.35","26.59","26.34","757.12K","0.61%"
"03/30/2017","26.35","26.42","26.49","26.32","510.65K","-0.49%"
"03/29/2017","26.48","26.32","26.49","26.32","312.46K","-0.23%"
"03/28/2017","26.54","26.42","26.58","26.42","659.36K","0.23%"
"03/27/2017","26.48","26.43","26.50","26.37","570.13K","0.72%"
"03/24/2017","26.29","26.28","26.36","26.24","864.45K","0.19%"
"03/23/2017","26.24","26.10","26.30","26.10","586.37K","0.31%"
"03/22/2017","26.16","26.04","26.20","26.04","892.49K","0.23%"
"03/21/2017","26.10","26.44","26.44","26.08","1.38M","0.12%"
"03/20/2017","26.07","26.15","26.19","26.01","823.48K","-0.15%"
"03/17/2017","26.11","26.12","26.18","26.03","624.13K","-0.08%"
"03/16/2017","26.13","26.02","26.15","25.98","598.16K","1.04%"
"03/15/2017","25.86","25.56","25.88","25.54","1.12M","1.21%"
"03/14/2017","25.55","25.58","25.62","25.50","465.12K","-0.97%"
"03/13/2017","25.80","25.79","25.82","25.74","467.04K","0.00%"
"03/10/2017","25.80","25.73","25.83","25.65","625.83K","1.26%"
"03/09/2017","25.48","25.42","25.51","25.37","538.64K","1.07%"
"03/08/2017","25.21","25.31","25.36","25.20","592.59K","-0.28%"
"03/07/2017","25.28","25.28","25.34","25.22","382.08K","-0.82%"
"03/06/2017","25.49","25.48","25.50","25.39","359.63K","-0.51%"
"03/03/2017","25.62","25.43","25.65","25.38","1.28M","1.75%"
"03/02/2017","25.18","25.16","25.23","25.15","377.24K","-0.24%"
"03/01/2017","25.24","25.19","25.34","25.18","557.25K","1.32%"
"02/28/2017","24.91","24.89","25.00","24.87","492.71K","0.04%"
"02/27/2017","24.90","24.81","24.96","24.80","648.84K","0.16%"
"02/24/2017","24.86","24.72","24.88","24.71","2.43M","-0.88%"
"02/23/2017","25.08","25.09","25.12","25.01","951.08K","0.16%"
"02/22/2017","25.04","24.80","25.04","24.74","819.85K","0.24%"
"02/21/2017","24.98","24.88","24.98","24.88","403.48K","-0.16%"
"02/17/2017","25.02","25.06","25.08","24.96","513.59K","-1.18%"
"02/16/2017","25.32","25.25","25.34","25.25","265.65K","0.20%"
"02/15/2017","25.27","25.07","25.30","25.03","482.43K","0.64%"
"02/14/2017","25.11","25.11","25.13","24.99","296.46K","0.20%"
"02/13/2017","25.06","25.18","25.20","25.04","187.05K","0.52%"
"02/10/2017","24.93","24.83","24.94","24.83","145.72K","0.00%"
"02/09/2017","24.93","24.89","24.96","24.84","185.36K","0.77%"
"02/08/2017","24.74","24.63","24.74","24.56","308.16K","0.20%"
"02/07/2017","24.69","24.69","24.71","24.62","283.49K","-0.84%"
"02/06/2017","24.90","24.86","24.90","24.79","245.58K","-1.27%"
"02/03/2017","25.22","25.23","25.30","25.18","225.94K","0.48%"
"02/02/2017","25.10","25.16","25.22","25.01","506.80K","0.16%"
"02/01/2017","25.06","25.13","25.17","24.96","773.18K","0.20%"
"01/31/2017","25.01","25.05","25.10","24.91","1.07M","0.36%"
"01/30/2017","24.92","24.82","24.93","24.74","355.77K","-0.88%"
"01/27/2017","25.14","25.11","25.15","25.08","326.79K","-0.16%"
"01/26/2017","25.18","25.23","25.26","25.13","252.23K","-1.06%"
"01/25/2017","25.45","25.38","25.46","25.36","670.98K","0.83%"
"01/24/2017","25.24","25.18","25.26","25.13","799.30K","0.08%"
"01/23/2017","25.22","25.17","25.22","25.07","569.79K","0.16%"
"01/20/2017","25.18","25.11","25.18","25.06","331.02K","0.72%"
"01/19/2017","25.00","25.03","25.05","24.87","330.61K","-0.16%"
"01/18/2017","25.04","25.01","25.10","24.95","359.13K","-0.71%"
"01/17/2017","25.22","25.24","25.25","25.16","475.90K","-0.08%"
"01/13/2017","25.24","25.28","25.29","25.21","448.62K","0.48%"
"01/12/2017","25.12","25.13","25.14","25.06","456.92K","0.36%"
"01/11/2017","25.03","24.80","25.05","24.78","690.27K","0.48%"
"01/10/2017","24.91","24.95","25.02","24.90","328.52K","-0.08%"
"01/09/2017","24.93","24.83","24.97","24.80","341.92K","-0.12%"
"01/06/2017","24.96","24.92","25.02","24.92","286.55K","-0.40%"
"01/05/2017","25.06","24.92","25.09","24.91","357.01K","0.93%"
"01/04/2017","24.83","24.70","24.84","24.66","233.39K","0.69%"
"01/03/2017","24.66","24.68","24.70","24.61","657.20K","-0.04%"
"12/30/2016","24.67","24.73","24.82","24.64","847.06K","0.73%"
"12/29/2016","24.49","24.41","24.52","24.41","313.57K","0.82%"
"12/28/2016","24.29","24.36","24.36","24.22","344.86K","-0.70%"
"12/27/2016","24.46","24.46","24.53","24.43","420.83K","0.12%"
"12/23/2016","24.43","24.42","24.45","24.41","414.69K","0.25%"
"12/22/2016","24.37","24.42","24.45","24.34","1.02M","0.12%"
"12/21/2016","24.34","24.33","24.36","24.29","695.07K","0.04%"
"12/20/2016","24.33","24.28","24.37","24.25","405.32K","0.37%"
"12/19/2016","24.24","24.34","24.39","24.23","277.58K","-0.49%"
"12/16/2016","24.36","24.32","24.46","24.30","629.42K","0.41%"
"12/15/2016","24.26","24.24","24.32","24.19","402.87K","-0.08%"
"12/14/2016","24.28","24.62","24.68","24.23","750.10K","-1.54%"
"12/13/2016","24.66","24.57","24.77","24.57","307.02K","0.82%"
"12/12/2016","24.46","24.46","24.52","24.39","573.03K","0.08%"
"12/09/2016","24.44","24.37","24.46","24.31","1.05M","0.29%"
"12/08/2016","24.37","24.41","24.44","24.27","1.65M","-1.06%"
"12/07/2016","24.63","24.27","24.70","24.24","3.20M","1.82%"
"12/06/2016","24.19","23.93","24.21","23.92","715.14K","1.30%"
"12/05/2016","23.88","23.67","23.92","23.67","753.13K","2.09%"
"12/02/2016","23.39","23.29","23.50","23.26","616.72K","-0.30%"
"12/01/2016","23.46","23.47","23.51","23.37","493.50K","0.04%"
"11/30/2016","23.45","23.58","23.59","23.43","1.06M","-0.21%"
"11/29/2016","23.50","23.27","23.55","23.26","2.01M","1.56%"
"11/28/2016","23.14","23.20","23.26","23.12","263.17K","-0.98%"
"11/25/2016","23.37","23.35","23.38","23.34","253.78K","0.69%"
"11/23/2016","23.21","23.12","23.23","23.07","376.20K","-1.15%"
"11/22/2016","23.48","23.54","23.54","23.38","3.10M","0.26%"
"11/21/2016","23.42","23.31","23.43","23.29","325.78K","1.17%"
"11/18/2016","23.15","23.21","23.22","23.10","211.15K","-0.98%"
"11/17/2016","23.38","23.35","23.45","23.31","603.77K","0.26%"
"11/16/2016","23.32","23.29","23.37","23.22","2.91M","-1.27%"
"11/15/2016","23.62","23.44","23.63","23.41","1.54M","0.64%"
"11/14/2016","23.47","23.37","23.51","23.33","650.86K","-0.64%"
"11/11/2016","23.62","23.73","23.76","23.50","512.64K","-1.17%"
"11/10/2016","23.90","24.03","24.10","23.70","552.86K","-0.71%"
"11/09/2016","24.07","23.75","24.17","23.75","455.53K","0.33%"
"11/08/2016","23.99","23.86","24.05","23.82","322.00K","0.42%"
"11/07/2016","23.89","23.82","23.89","23.78","283.83K","1.53%"
"11/04/2016","23.53","23.57","23.68","23.50","1.29M","-1.13%"
"11/03/2016","23.80","23.86","23.91","23.78","1.14M","0.04%"
"11/02/2016","23.79","23.91","23.94","23.75","870.54K","-0.67%"
"11/01/2016","23.95","24.07","24.11","23.86","630.31K","-0.42%"
"10/31/2016","24.05","24.01","24.06","23.91","199.20K","-0.04%"
"10/28/2016","24.06","24.01","24.16","24.00","597.40K","0.67%"
"10/27/2016","23.90","23.97","23.99","23.86","575.03K","0.29%"
"10/26/2016","23.83","23.85","23.95","23.78","475.55K","-0.38%"
"10/25/2016","23.92","23.93","23.95","23.80","217.46K","-0.37%"
"10/24/2016","24.01","24.10","24.11","23.95","435.27K","0.33%"
"10/21/2016","23.93","23.79","23.93","23.76","515.75K","-0.33%"
"10/20/2016","24.01","23.91","24.07","23.89","266.83K","0.13%"
"10/19/2016","23.98","23.94","24.03","23.92","281.07K","0.08%"
"10/18/2016","23.96","23.96","24.02","23.89","244.59K","1.01%"
"10/17/2016","23.72","23.72","23.79","23.63","517.99K","-0.04%"
"10/14/2016","23.73","23.90","23.97","23.73","350.63K","0.34%"
"10/13/2016","23.65","23.39","23.71","23.35","190.88K","-0.34%"
"10/12/2016","23.73","23.73","23.81","23.67","1.13M","-0.34%"
"10/11/2016","23.81","24.10","24.11","23.76","431.39K","-1.37%"
"10/10/2016","24.14","24.10","24.19","24.10","252.59K","0.50%"
"10/07/2016","24.02","24.09","24.11","23.83","539.80K","-0.58%"
"10/06/2016","24.16","24.21","24.24","24.11","237.42K","-0.45%"
"10/05/2016","24.27","24.26","24.30","24.22","344.83K","0.54%"
"10/04/2016","24.14","24.24","24.31","24.02","716.57K","0.21%"
"10/03/2016","24.09","24.09","24.11","24.02","436.73K","-0.29%"
"09/30/2016","24.16","23.91","24.20","23.88","580.28K","1.51%"
"09/29/2016","23.80","24.18","24.23","23.70","448.62K","-1.77%"
"09/28/2016","24.23","24.09","24.23","23.94","202.31K","1.25%"
"09/27/2016","23.93","23.66","23.95","23.65","485.17K","-0.04%"
"09/26/2016","23.94","24.00","24.04","23.93","245.07K","-1.16%"
"09/23/2016","24.22","24.26","24.34","24.22","1.17M","-0.66%"
"09/22/2016","24.38","24.50","24.60","24.35","271.24K","1.50%"
"09/21/2016","24.02","23.82","24.03","23.72","449.03K","1.35%"
"09/20/2016","23.70","23.85","23.87","23.69","273.34K","0.21%"
"09/19/2016","23.65","23.70","23.79","23.62","497.79K","0.90%"
"09/16/2016","23.44","23.44","23.47","23.35","627.01K","-1.55%"
"09/15/2016","23.81","23.67","23.86","23.58","410.86K","0.38%"
"09/14/2016","23.72","23.70","23.88","23.66","2.57M","-0.55%"
"09/13/2016","23.85","24.02","24.09","23.75","1.26M","-2.01%"
"09/12/2016","24.34","23.90","24.36","23.88","373.50K","0.79%"
"09/09/2016","24.15","24.45","24.45","24.13","263.87K","-1.99%"
"09/08/2016","24.64","24.65","24.75","24.56","246.78K","-0.04%"
"09/07/2016","24.65","24.65","24.72","24.59","215.86K","0.20%"
"09/06/2016","24.60","24.51","24.64","24.50","236.89K","0.53%"
"09/02/2016","24.47","24.42","24.51","24.29","362.77K","1.54%"
"09/01/2016","24.10","24.01","24.11","23.91","487.62K","0.96%"
"08/31/2016","23.87","24.01","24.03","23.80","380.13K","-0.21%"
"08/30/2016","23.92","23.98","24.03","23.89","364.47K","-0.04%"
"08/29/2016","23.93","23.74","23.95","23.74","290.66K","0.25%"
"08/26/2016","23.87","24.10","24.35","23.74","644.34K","-0.21%"
"08/25/2016","23.92","23.97","24.01","23.91","149.69K","-0.50%"
"08/24/2016","24.04","24.13","24.17","24.03","197.68K","-0.17%"
"08/23/2016","24.08","24.19","24.27","24.08","305.48K","0.04%"
"08/22/2016","24.07","23.94","24.08","23.91","147.24K","-0.21%"
"08/19/2016","24.12","23.96","24.12","23.91","248.14K","-0.78%"
"08/18/2016","24.31","24.12","24.31","24.12","150.04K","0.58%"
"08/17/2016","24.17","24.09","24.25","24.00","180.80K","-0.33%"
"08/16/2016","24.25","24.25","24.34","24.22","177.26K","0.00%"
"08/15/2016","24.25","24.28","24.33","24.24","129.41K","0.17%"
"08/12/2016","24.21","24.26","24.30","24.18","547.79K","0.12%"
"08/11/2016","24.18","24.13","24.26","24.13","309.43K","0.83%"
"08/10/2016","23.98","24.05","24.06","23.96","116.88K","0.59%"
"08/09/2016","23.84","23.79","23.94","23.79","589.59K","0.97%"
"08/08/2016","23.61","23.62","23.65","23.57","152.36K","0.13%"
"08/05/2016","23.58","23.52","23.62","23.49","316.45K","0.64%"
"08/04/2016","23.43","23.35","23.44","23.32","465.07K","0.30%"
"08/03/2016","23.36","23.25","23.37","23.25","259.97K","-0.64%"
"08/02/2016","23.51","23.59","23.61","23.43","201.31K","-0.80%"
"08/01/2016","23.70","23.76","23.85","23.67","475.48K","-1.04%"
"07/29/2016","23.95","23.85","23.98","23.77","388.02K","0.67%"
"07/28/2016","23.79","23.80","23.82","23.67","282.89K","0.51%"
"07/27/2016","23.67","23.68","23.72","23.47","600.51K","1.28%"
"07/26/2016","23.37","23.30","23.40","23.23","273.15K","0.60%"
"07/25/2016","23.23","23.32","23.32","23.17","655.77K","0.04%"
"07/22/2016","23.22","23.29","23.29","23.16","294.22K","0.13%"
"07/21/2016","23.19","23.17","23.28","23.12","397.52K","-0.17%"
"07/20/2016","23.23","23.18","23.28","23.14","342.69K","0.82%"
"07/19/2016","23.04","23.01","23.06","22.96","480.60K","-0.90%"
"07/18/2016","23.25","23.14","23.35","23.10","536.24K","-0.13%"
"07/15/2016","23.28","23.33","23.37","23.22","575.23K","-0.81%"
"07/14/2016","23.47","23.50","23.58","23.45","419.67K","1.03%"
"07/13/2016","23.23","23.26","23.32","23.17","2.30M","0.52%"
"07/12/2016","23.11","23.20","23.24","23.10","3.27M","1.85%"
"07/11/2016","22.69","22.70","22.79","22.67","481.09K","1.52%"
"07/08/2016","22.35","22.35","22.38","22.26","1.14M","1.82%"
"07/07/2016","21.95","22.14","22.24","21.85","884.89K","-0.68%"
"07/06/2016","22.10","21.92","22.11","21.70","1.03M","-0.36%"
"07/05/2016","22.18","22.51","22.52","22.11","685.84K","-3.10%"
"07/01/2016","22.89","23.01","23.03","22.86","959.84K","0.09%"
"06/30/2016","22.87","22.55","22.94","22.48","1.92M","1.96%"
"06/29/2016","22.43","22.43","22.51","22.35","1.85M","1.77%"
"06/28/2016","22.04","21.93","22.05","21.77","899.42K","3.04%"
"06/27/2016","21.39","21.44","21.46","21.00","1.14M","-2.33%"
"06/24/2016","21.90","22.02","22.57","21.83","2.49M","-11.34%"
"06/23/2016","24.70","24.42","24.78","24.22","1.29M","3.69%"
"06/22/2016","23.82","24.03","24.07","23.82","2.11M","-2.58%"
"06/21/2016","24.45","24.40","24.61","24.26","1.15M","0.99%"
"06/20/2016","24.21","24.38","24.41","24.20","1.42M","2.41%"
"06/17/2016","23.64","23.40","23.65","23.30","1.20M","1.33%"
"06/16/2016","23.33","22.85","23.36","22.66","1.38M","0.60%"
"06/15/2016","23.19","23.23","23.37","23.14","1.82M","0.78%"
"06/14/2016","23.01","23.17","23.23","22.88","3.28M","-2.29%"
"06/13/2016","23.55","23.59","23.82","23.49","721.65K","-1.59%"
"06/10/2016","23.93","24.16","24.20","23.88","621.86K","-3.20%"
"06/09/2016","24.72","24.74","24.86","24.67","473.89K","-1.67%"
"06/08/2016","25.14","25.17","25.19","25.07","305.79K","0.00%"
"06/07/2016","25.14","25.14","25.22","25.12","1.47M","0.76%"
"06/06/2016","24.95","24.89","25.00","24.85","1.51M","0.36%"
"06/03/2016","24.86","24.79","24.88","24.67","516.02K","0.49%"
"06/02/2016","24.74","24.65","24.74","24.57","780.41K","0.20%"
"06/01/2016","24.69","24.55","24.73","24.55","691.65K","-0.04%"
"05/31/2016","24.70","24.84","24.91","24.63","653.74K","-0.20%"
"05/27/2016","24.75","24.77","24.78","24.67","677.24K","-0.40%"
"05/26/2016","24.85","24.88","24.92","24.80","577.32K","0.85%"
"05/25/2016","24.64","24.57","24.69","24.57","653.86K","0.98%"
"05/24/2016","24.40","24.21","24.45","24.21","522.41K","1.92%"
"05/23/2016","23.94","23.88","24.01","23.87","247.25K","-0.50%"
"05/20/2016","24.06","23.99","24.11","23.99","778.26K","1.18%"
"05/19/2016","23.78","23.75","23.80","23.66","756.65K","-0.38%"
"05/18/2016","23.87","23.83","24.14","23.76","978.29K","-0.17%"
"05/17/2016","23.91","24.03","24.13","23.88","648.02K","-1.08%"
"05/16/2016","24.17","23.96","24.18","23.96","536.60K","1.05%"
"05/13/2016","23.92","24.06","24.17","23.85","842.66K","-1.40%"
"05/12/2016","24.26","24.49","24.50","24.15","749.67K","-0.29%"
"05/11/2016","24.33","24.27","24.43","24.27","1.81M","-0.57%"
"05/10/2016","24.47","24.30","24.47","24.29","3.66M","1.20%"
"05/09/2016","24.18","24.29","24.37","24.17","513.56K","-0.21%"
"05/06/2016","24.23","24.02","24.24","24.01","934.72K","0.41%"
"05/05/2016","24.13","24.15","24.21","24.05","1.41M","-0.66%"
"05/04/2016","24.29","24.39","24.45","24.25","778.49K","-1.14%"
"05/03/2016","24.57","24.75","24.75","24.55","738.01K","-1.76%"
"05/02/2016","25.01","24.91","25.02","24.86","496.71K","1.05%"
"04/29/2016","24.75","24.83","24.89","24.65","2.40M","-0.44%"
"04/28/2016","24.86","24.80","25.04","24.80","1.68M","-0.96%"
"04/27/2016","25.10","24.99","25.17","24.99","840.91K","0.72%"
"04/26/2016","24.92","24.95","24.96","24.82","557.04K","0.20%"
"04/25/2016","24.87","24.78","24.87","24.74","884.70K","-0.08%"
"04/22/2016","24.89","24.87","24.96","24.80","1.21M","-0.20%"
"04/21/2016","24.94","25.09","25.10","24.90","982.89K","-0.52%"
"04/20/2016","25.07","25.14","25.19","25.01","1.44M","-0.12%"
"04/19/2016","25.10","25.03","25.15","25.00","1.09M","1.74%"
"04/18/2016","24.67","24.47","24.73","24.46","752.01K","0.78%"
"04/15/2016","24.48","24.56","24.61","24.47","366.16K","-0.24%"
"04/14/2016","24.54","24.61","24.62","24.52","458.88K","0.04%"
"04/13/2016","24.53","24.46","24.58","24.42","398.05K","1.91%"
"04/12/2016","24.07","23.90","24.12","23.76","885.01K","1.30%"
"04/11/2016","23.76","23.96","24.06","23.75","664.92K","0.04%"
"04/08/2016","23.75","23.79","23.88","23.66","2.49M","1.63%"
"04/07/2016","23.37","23.50","23.57","23.32","1.18M","-1.89%"
"04/06/2016","23.82","23.52","23.82","23.47","641.65K","1.53%"
"04/05/2016","23.46","23.46","23.56","23.40","697.26K","-2.17%"
"04/04/2016","23.98","24.03","24.09","23.94","752.11K","0.04%"
"04/01/2016","23.97","23.65","24.01","23.65","662.75K","-0.87%"
"03/31/2016","24.18","24.37","24.40","24.18","737.60K","-1.14%"
"03/30/2016","24.46","24.47","24.61","24.42","783.84K","1.37%"
"03/29/2016","24.13","23.73","24.13","23.70","1.20M","1.64%"
"03/28/2016","23.74","23.81","23.81","23.70","821.97K","0.21%"
"03/24/2016","23.69","23.54","23.70","23.50","740.83K","-1.17%"
"03/23/2016","23.97","24.18","24.18","23.92","1.08M","-0.70%"
"03/22/2016","24.14","23.95","24.20","23.92","636.50K","-0.49%"
"03/21/2016","24.26","24.28","24.35","24.18","778.07K","-0.74%"
"03/18/2016","24.44","24.40","24.51","24.37","645.73K","0.33%"
"03/17/2016","24.36","24.25","24.43","24.16","813.09K","0.00%"
"03/16/2016","24.36","23.92","24.36","23.92","1.06M","1.00%"
"03/15/2016","24.12","24.03","24.15","23.98","400.54K","-0.54%"
"03/14/2016","24.25","24.25","24.32","24.18","2.75M","-0.25%"
"03/11/2016","24.31","24.13","24.32","24.11","1.48M","3.05%"
"03/10/2016","23.59","23.90","24.07","23.37","3.72M","0.21%"
"03/09/2016","23.54","23.56","23.60","23.47","2.54M","0.51%"
"03/08/2016","23.42","23.60","23.61","23.39","1.02M","-0.93%"
"03/07/2016","23.64","23.34","23.69","23.33","1.18M","0.04%"
"03/04/2016","23.63","23.69","23.77","23.62","786.82K","0.55%"
"03/03/2016","23.50","23.24","23.52","23.23","1.07M","1.08%"
"03/02/2016","23.25","23.08","23.27","23.01","1.41M","-0.13%"
"03/01/2016","23.28","23.05","23.32","22.99","949.42K","2.56%"
"02/29/2016","22.70","22.74","22.92","22.69","716.99K","-0.26%"
"02/26/2016","22.76","22.98","23.00","22.71","677.56K","-0.48%"
"02/25/2016","22.87","22.70","22.87","22.64","690.85K","1.33%"
"02/24/2016","22.57","22.16","22.59","22.05","1.01M","-0.18%"
"02/23/2016","22.61","22.89","22.90","22.60","615.13K","-1.57%"
"02/22/2016","22.97","22.88","23.02","22.88","532.98K","0.75%"
"02/19/2016","22.80","22.63","22.82","22.55","513.70K","0.09%"
"02/18/2016","22.78","22.94","22.96","22.75","757.03K","-0.61%"
"02/17/2016","22.92","22.72","22.97","22.71","745.66K","2.23%"
"02/16/2016","22.42","22.39","22.43","22.17","880.52K","2.47%"
"02/12/2016","21.88","21.67","21.89","21.58","1.14M","0.88%"
"02/11/2016","21.69","21.74","21.80","21.50","1.69M","-1.77%"
"02/10/2016","22.08","22.22","22.33","22.04","2.69M","0.32%"
"02/09/2016","22.01","21.77","22.10","21.77","3.37M","-0.95%"
"02/08/2016","22.22","22.16","22.28","22.00","1.84M","-2.33%"
"02/05/2016","22.75","22.99","23.01","22.65","1.02M","-1.43%"
"02/04/2016","23.08","22.86","23.15","22.81","1.84M","0.35%"
"02/03/2016","23.00","22.85","23.01","22.49","2.89M","1.81%"
"02/02/2016","22.59","22.81","22.83","22.54","1.29M","-2.96%"
"02/01/2016","23.28","23.13","23.34","23.06","1.07M","-0.04%"
"01/29/2016","23.29","22.93","23.29","22.92","2.30M","1.53%"
"01/28/2016","22.94","23.04","23.06","22.69","2.01M","0.53%"
"01/27/2016","22.82","22.90","23.14","22.74","2.41M","-0.70%"
"01/26/2016","22.98","22.66","22.98","22.66","1.85M","2.18%"
"01/25/2016","22.49","22.62","22.70","22.49","1.67M","-1.19%"
"01/22/2016","22.76","22.73","22.83","22.59","908.69K","3.08%"
"01/21/2016","22.08","21.88","22.22","21.70","4.15M","0.73%"
"01/20/2016","21.92","21.93","22.05","21.49","3.12M","-2.10%"
"01/19/2016","22.39","22.48","22.54","22.21","2.18M","1.27%"
"01/15/2016","22.11","22.17","22.34","22.01","3.01M","-3.11%"
"01/14/2016","22.82","22.69","22.95","22.52","2.40M","0.88%"
"01/13/2016","22.62","23.15","23.20","22.57","3.84M","-1.91%"
"01/12/2016","23.06","23.13","23.17","22.85","2.32M","1.32%"
"01/11/2016","22.76","22.95","22.97","22.61","1.47M","0.22%"
"01/08/2016","22.71","23.07","23.12","22.67","1.42M","-0.83%"
"01/07/2016","22.90","22.91","23.14","22.88","1.27M","-1.38%"
"01/06/2016","23.22","23.05","23.27","23.05","651.68K","-1.57%"
"01/05/2016","23.59","23.59","23.61","23.37","809.59K","-0.97%"
"01/04/2016","23.82","23.73","23.82","23.36","1.31M","-1.61%"
"12/31/2015","24.21","24.29","24.35","24.20","1.40M","-1.43%"
"12/30/2015","24.56","24.68","24.68","24.54","767.91K","-0.73%"
"12/29/2015","24.74","24.65","24.78","24.60","592.50K","0.94%"
"12/28/2015","24.51","24.52","24.54","24.38","554.13K","-0.41%"
"12/24/2015","24.61","24.60","24.70","24.59","358.80K","-0.32%"
"12/23/2015","24.69","24.47","24.69","24.47","1.24M","1.65%"
"12/22/2015","24.29","24.18","24.33","24.08","1.54M","0.62%"
"12/21/2015","24.14","24.40","24.41","24.04","1.30M","0.33%"
"12/18/2015","24.06","24.21","24.28","24.06","2.32M","-1.47%"
"12/17/2015","24.42","24.74","24.74","24.41","1.14M","-1.45%"
"12/16/2015","24.78","24.58","24.87","24.42","1.53M","1.81%"
"12/15/2015","24.34","24.37","24.44","24.27","815.62K","1.00%"
"12/14/2015","24.10","24.19","24.22","23.85","1.50M","0.12%"
"12/11/2015","24.07","24.18","24.24","24.03","1.06M","-1.67%"
"12/10/2015","24.48","24.56","24.63","24.46","1.26M","-0.20%"
"12/09/2015","24.53","24.63","24.87","24.36","2.94M","-0.81%"
"12/08/2015","24.73","24.68","24.77","24.58","445.73K","-1.36%"
"12/07/2015","25.07","25.04","25.09","24.93","736.85K","-0.08%"
"12/04/2015","25.09","24.77","25.11","24.76","806.65K","1.33%"
"12/03/2015","24.76","25.16","25.16","24.68","1.55M","-0.80%"
"12/02/2015","24.96","25.11","25.21","24.92","787.57K","-1.27%"
"12/01/2015","25.28","25.27","25.32","25.15","492.34K","0.36%"
"11/30/2015","25.19","25.26","25.27","25.17","609.73K","0.20%"
"11/27/2015","25.14","25.17","25.19","25.13","191.79K","0.80%"
"11/25/2015","24.94","24.91","25.04","24.88","331.17K","0.61%"
"11/24/2015","24.79","24.57","24.83","24.57","1.72M","-0.72%"
"11/23/2015","24.97","25.04","25.11","24.90","452.97K","-0.83%"
"11/20/2015","25.18","25.38","25.40","25.18","369.18K","-0.83%"
"11/19/2015","25.39","25.43","25.50","25.34","362.10K","0.28%"
"11/18/2015","25.32","25.18","25.38","25.10","688.98K","0.92%"
"11/17/2015","25.09","25.21","25.29","25.04","959.37K","0.28%"
"11/16/2015","25.02","24.68","25.02","24.68","768.79K","0.89%"
"11/13/2015","24.80","24.78","24.90","24.64","681.72K","-1.08%"
"11/12/2015","25.07","25.12","25.27","25.07","897.19K","-1.57%"
"11/11/2015","25.47","25.61","25.61","25.44","406.90K","0.47%"
"11/10/2015","25.35","25.18","25.37","25.15","726.13K","-0.43%"
"11/09/2015","25.46","25.55","25.59","25.33","653.14K","-1.43%"
"11/06/2015","25.83","25.77","25.85","25.62","728.06K","-0.77%"
"11/05/2015","26.03","26.10","26.16","25.95","514.86K","0.70%"
"11/04/2015","25.85","26.03","26.04","25.79","714.22K","-0.77%"
"11/03/2015","26.05","25.87","26.09","25.79","588.20K","-0.42%"
"11/02/2015","26.16","26.15","26.18","26.03","349.02K","1.43%"
"10/30/2015","25.79","25.87","25.99","25.79","658.47K","0.08%"
"10/29/2015","25.77","25.60","25.80","25.59","514.06K","-0.50%"
"10/28/2015","25.90","25.93","26.12","25.60","835.26K","0.39%"
"10/27/2015","25.80","25.85","25.87","25.75","438.17K","-0.88%"
"10/26/2015","26.03","26.04","26.09","25.95","384.73K","-0.65%"
"10/23/2015","26.20","26.13","26.23","26.04","621.76K","1.55%"
"10/22/2015","25.80","25.71","25.95","25.69","737.91K","1.02%"
"10/21/2015","25.54","25.71","25.74","25.50","598.99K","-0.04%"
"10/20/2015","25.55","25.50","25.60","25.49","371.76K","-0.58%"
"10/19/2015","25.70","25.65","25.70","25.57","319.81K","-0.35%"
"10/16/2015","25.79","25.76","25.80","25.65","400.56K","-0.12%"
"10/15/2015","25.82","25.58","25.85","25.57","914.53K","1.02%"
"10/14/2015","25.56","25.50","25.64","25.44","1.03M","0.67%"
"10/13/2015","25.39","25.30","25.54","25.29","641.11K","-0.94%"
"10/12/2015","25.63","25.62","25.69","25.58","194.03K","-0.31%"
"10/09/2015","25.71","25.73","25.77","25.62","1.67M","0.19%"
"10/08/2015","25.66","25.27","25.68","25.27","510.83K","0.79%"
"10/07/2015","25.46","25.47","25.53","25.21","473.18K","0.87%"
"10/06/2015","25.24","25.14","25.37","25.13","406.73K","0.76%"
"10/05/2015","25.05","24.93","25.07","24.88","580.57K","2.29%"
"10/02/2015","24.49","23.94","24.49","23.91","683.15K","1.79%"
"10/01/2015","24.06","24.11","24.15","23.80","877.19K","-0.04%"
"09/30/2015","24.07","24.10","24.13","23.84","1.07M","1.78%"
"09/29/2015","23.65","23.51","23.67","23.43","880.49K","0.55%"
"09/28/2015","23.52","23.66","23.72","23.50","719.03K","-2.16%"
"09/25/2015","24.04","24.20","24.26","23.91","1.34M","1.18%"
"09/24/2015","23.76","23.64","23.88","23.48","1.24M","-0.50%"
"09/23/2015","23.88","24.01","24.02","23.76","667.48K","-0.08%"
"09/22/2015","23.90","23.89","23.95","23.68","477.74K","-2.96%"
"09/21/2015","24.63","24.76","24.78","24.51","404.70K","-0.04%"
"09/18/2015","24.64","24.69","24.89","24.60","879.95K","-3.26%"
"09/17/2015","25.47","25.18","25.70","25.18","1.77M","1.15%"
"09/16/2015","25.18","25.07","25.21","25.00","593.88K","1.37%"
"09/15/2015","24.84","24.70","24.89","24.63","986.90K","0.77%"
"09/14/2015","24.65","24.66","24.69","24.51","536.53K","-1.20%"
"09/11/2015","24.95","24.74","24.95","24.71","396.23K","-0.32%"
"09/10/2015","25.03","24.77","25.10","24.73","2.78M","1.17%"
"09/09/2015","24.74","25.23","25.24","24.70","971.96K","-0.48%"
"09/08/2015","24.86","24.78","24.89","24.65","521.87K","2.77%"
"09/04/2015","24.19","24.18","24.27","24.05","880.51K","-2.18%"
"09/03/2015","24.73","24.83","24.99","24.65","1.04M","-0.08%"
"09/02/2015","24.75","24.76","24.78","24.50","866.44K","1.35%"
"09/01/2015","24.42","24.55","24.61","24.35","1.49M","-2.40%"
"08/31/2015","25.02","24.99","25.12","24.89","759.49K","-0.16%"
"08/28/2015","25.06","25.10","25.18","25.00","986.31K","-0.79%"
"08/27/2015","25.26","25.14","25.29","25.03","1.44M","0.96%"
"08/26/2015","25.02","25.03","25.04","24.49","1.70M","2.12%"
"08/25/2015","24.50","25.31","25.31","24.41","2.62M","0.41%"
"08/24/2015","24.40","24.64","25.03","23.83","3.40M","-2.94%"
"08/21/2015","25.14","25.55","25.72","25.03","1.24M","-1.57%"
"08/20/2015","25.54","25.90","25.91","25.52","675.49K","-2.48%"
"08/19/2015","26.19","26.08","26.30","25.97","851.32K","-0.61%"
"08/18/2015","26.35","26.44","26.45","26.28","342.50K","-1.01%"
"08/17/2015","26.62","26.37","26.64","26.31","233.64K","0.00%"
"08/14/2015","26.62","26.53","26.66","26.47","291.37K","-0.15%"
"08/13/2015","26.66","26.64","26.75","26.59","369.35K","-0.37%"
"08/12/2015","26.76","26.58","26.76","26.33","643.55K","-1.15%"
"08/11/2015","27.07","27.16","27.18","26.95","1.66M","-1.35%"
"08/10/2015","27.44","27.17","27.46","27.14","492.28K","1.11%"
"08/07/2015","27.14","26.99","27.16","26.94","491.71K","-0.11%"
"08/06/2015","27.17","27.22","27.26","27.09","450.78K","0.37%"
"08/05/2015","27.07","27.03","27.15","27.00","483.55K","1.12%"
"08/04/2015","26.77","26.86","26.92","26.70","549.91K","-0.30%"
"08/03/2015","26.85","26.92","27.00","26.75","1.35M","0.26%"
"07/31/2015","26.78","26.88","26.94","26.71","481.55K","1.06%"
"07/30/2015","26.50","26.43","26.51","26.24","652.71K","-0.15%"
"07/29/2015","26.54","26.42","26.72","26.42","1.30M","0.11%"
"07/28/2015","26.51","26.33","26.53","26.22","1.35M","1.11%"
"07/27/2015","26.22","26.38","26.41","26.18","591.72K","-1.09%"
"07/24/2015","26.51","26.69","26.71","26.48","551.73K","-0.67%"
"07/23/2015","26.69","26.77","26.85","26.66","543.49K","0.11%"
"07/22/2015","26.66","26.54","26.66","26.53","293.84K","-0.45%"
"07/21/2015","26.78","26.74","26.81","26.72","441.54K","0.15%"
"07/20/2015","26.74","26.82","26.82","26.73","284.54K","0.30%"
"07/17/2015","26.66","26.72","26.72","26.59","709.20K","-0.26%"
"07/16/2015","26.73","26.76","26.83","26.68","538.87K","1.06%"
"07/15/2015","26.45","26.54","26.57","26.31","725.19K","-0.49%"
"07/14/2015","26.58","26.47","26.62","26.41","649.18K","0.80%"
"07/13/2015","26.37","26.47","26.49","26.34","680.15K","-0.15%"
"07/10/2015","26.41","26.36","26.48","26.20","2.69M","5.35%"
"07/09/2015","25.07","25.24","25.34","25.04","632.88K","1.99%"
"07/08/2015","24.58","24.78","24.79","24.49","1.18M","-1.64%"
"07/07/2015","24.99","24.59","25.06","24.24","1.39M","0.16%"
"07/06/2015","24.95","25.28","25.30","24.83","1.30M","-3.26%"
"07/02/2015","25.79","25.89","25.90","25.70","810.23K","-0.50%"
"07/01/2015","25.92","26.15","26.17","25.79","924.95K","0.74%"
"06/30/2015","25.73","26.28","26.29","25.58","2.18M","-1.23%"
"06/29/2015","26.05","26.32","26.46","25.98","1.98M","-3.95%"
"06/26/2015","27.12","27.22","27.33","27.03","977.20K","0.48%"
"06/25/2015","26.99","27.08","27.15","26.91","733.09K","-1.60%"
"06/24/2015","27.43","27.52","27.62","27.41","838.51K","-0.65%"
"06/23/2015","27.61","27.63","27.68","27.58","626.08K","-0.07%"
"06/22/2015","27.63","27.58","27.89","27.50","971.01K","3.60%"
"06/19/2015","26.67","26.71","26.79","26.61","494.08K","-0.26%"
"06/18/2015","26.74","26.57","27.16","26.55","1.95M","1.06%"
"06/17/2015","26.46","26.52","26.55","26.20","868.53K","-0.60%"
"06/16/2015","26.62","26.48","26.67","26.42","226.33K","-0.04%"
"06/15/2015","26.63","26.44","26.65","26.40","542.25K","-1.26%"
"06/12/2015","26.97","26.83","27.05","26.66","583.92K","-1.46%"
"06/11/2015","27.37","27.39","27.54","27.19","723.36K","0.40%"
"06/10/2015","27.26","27.04","27.41","26.99","444.89K","2.37%"
"06/09/2015","26.63","26.64","26.78","26.45","1.14M","-0.15%"
"06/08/2015","26.67","26.66","26.74","26.55","1.09M","-0.11%"
"06/05/2015","26.70","26.65","26.84","26.51","901.24K","-1.69%"
"06/04/2015","27.16","27.39","27.76","27.07","824.66K","-1.63%"
"06/03/2015","27.61","27.53","27.77","27.51","506.33K","1.32%"
"06/02/2015","27.25","27.15","27.41","27.12","500.32K","1.49%"
"06/01/2015","26.85","26.97","27.00","26.69","572.56K","-0.30%"
"05/29/2015","26.93","27.19","27.22","26.76","608.58K","-1.79%"
"05/28/2015","27.42","27.35","27.43","27.08","306.87K","-0.15%"
"05/27/2015","27.46","27.01","27.50","26.99","800.29K","1.82%"
"05/26/2015","26.97","27.26","27.28","26.88","473.10K","-2.14%"
"05/22/2015","27.56","27.64","27.66","27.53","2.32M","-0.86%"
"05/21/2015","27.80","27.70","27.87","27.66","197.57K","0.32%"
"05/20/2015","27.71","27.61","27.80","27.55","488.06K","0.22%"
"05/19/2015","27.65","27.62","27.71","27.55","393.74K","0.18%"
"05/18/2015","27.60","27.56","27.68","27.48","424.22K","-0.97%"
"05/15/2015","27.87","27.73","27.90","27.58","502.33K","0.22%"
"05/14/2015","27.81","27.69","27.83","27.65","673.97K","1.98%"
"05/13/2015","27.27","27.54","27.62","27.25","605.30K","0.81%"
"05/12/2015","27.05","27.14","27.17","26.98","1.36M","-0.37%"
"05/11/2015","27.15","27.19","27.28","27.09","287.24K","-1.42%"
"05/08/2015","27.54","27.39","27.64","27.38","224.34K","2.00%"
"05/07/2015","27.00","27.02","27.12","26.88","440.53K","-0.81%"
"05/06/2015","27.22","27.19","27.36","27.09","486.91K","1.26%"
"05/05/2015","26.88","27.20","27.20","26.84","670.30K","-1.68%"
"05/04/2015","27.34","27.48","27.53","27.32","857.49K","-0.62%"
"05/01/2015","27.51","27.33","27.53","27.25","1.04M","1.29%"
"04/30/2015","27.16","27.13","27.36","27.07","1.07M","0.30%"
"04/29/2015","27.08","27.23","27.35","26.98","672.05K","-1.20%"
"04/28/2015","27.41","27.30","27.42","27.17","593.23K","-0.29%"
"04/27/2015","27.49","27.47","27.64","27.46","420.33K","1.22%"
"04/24/2015","27.16","27.07","27.25","26.92","598.94K","0.33%"
"04/23/2015","27.07","26.77","27.13","26.71","230.38K","0.48%"
"04/22/2015","26.94","26.84","26.98","26.73","217.81K","0.15%"
"04/21/2015","26.90","26.82","26.94","26.79","361.39K","0.82%"
"04/20/2015","26.68","26.62","26.81","26.62","238.70K","0.04%"
"04/17/2015","26.67","26.65","26.74","26.53","580.33K","-1.22%"
"04/16/2015","27.00","26.99","27.14","26.81","709.18K","0.19%"
"04/15/2015","26.95","26.89","27.00","26.72","472.88K","0.63%"
"04/14/2015","26.78","26.76","26.82","26.69","253.62K","0.60%"
"04/13/2015","26.62","26.70","26.78","26.52","404.46K","-0.49%"
"04/10/2015","26.75","26.66","26.76","26.58","237.11K","0.00%"
"04/09/2015","26.75","26.81","26.81","26.64","748.27K","0.15%"
"04/08/2015","26.71","26.90","26.91","26.59","511.22K","-0.04%"
"04/07/2015","26.72","26.86","26.96","26.69","724.05K","-0.45%"
"04/06/2015","26.84","26.50","27.02","26.50","647.23K","1.05%"
"04/02/2015","26.56","26.46","26.57","26.40","305.10K","1.14%"
"04/01/2015","26.26","26.35","26.35","26.05","608.84K","1.08%"
"03/31/2015","25.98","25.97","26.11","25.91","338.23K","-1.52%"
"03/30/2015","26.38","26.45","26.50","26.37","522.25K","-0.15%"
"03/27/2015","26.42","26.22","26.47","26.15","572.47K","1.07%"
"03/26/2015","26.14","26.17","26.26","25.91","539.00K","-0.91%"
"03/25/2015","26.38","26.62","26.67","26.37","716.00K","-0.86%"
"03/24/2015","26.61","26.67","26.76","26.58","561.18K","0.23%"
"03/23/2015","26.55","26.52","26.63","26.41","327.14K","0.49%"
"03/20/2015","26.42","26.29","26.61","26.21","408.83K","2.72%"
"03/19/2015","25.72","25.75","25.83","25.62","466.05K","-1.79%"
"03/18/2015","26.19","25.64","26.27","25.60","535.77K","2.11%"
"03/17/2015","25.65","25.66","25.70","25.52","413.65K","-0.50%"
"03/16/2015","25.78","25.63","25.81","25.63","841.40K","1.74%"
"03/13/2015","25.34","25.35","25.40","25.22","730.23K","-0.74%"
"03/12/2015","25.53","25.49","25.55","25.38","421.29K","0.71%"
"03/11/2015","25.35","25.31","25.47","25.21","593.74K","0.72%"
"03/10/2015","25.17","25.34","25.39","25.15","553.41K","-2.52%"
"03/09/2015","25.82","25.80","25.87","25.72","409.67K","0.04%"
"03/06/2015","25.81","26.00","26.05","25.79","595.25K","-1.94%"
"03/05/2015","26.32","26.30","26.41","26.22","300.48K","0.61%"
"03/04/2015","26.16","26.13","26.19","25.98","329.38K","-0.42%"
"03/03/2015","26.27","26.37","26.41","26.18","224.71K","-0.87%"
"03/02/2015","26.50","26.46","26.51","26.37","352.89K","0.00%"
"02/27/2015","26.50","26.48","26.64","26.38","359.81K","0.49%"
"02/26/2015","26.37","26.38","26.45","26.32","294.23K","-0.94%"
"02/25/2015","26.62","26.56","26.67","26.52","593.82K","-0.26%"
"02/24/2015","26.69","26.45","26.72","26.37","429.35K","0.76%"
"02/23/2015","26.49","26.45","26.54","26.42","819.88K","-0.67%"
"02/20/2015","26.67","26.07","26.80","26.03","987.66K","1.29%"
"02/19/2015","26.33","26.39","26.48","26.31","486.40K","0.04%"
"02/18/2015","26.32","26.21","26.39","26.13","778.77K","0.30%"
"02/17/2015","26.24","26.04","26.26","25.89","868.23K","0.23%"
"02/13/2015","26.18","26.16","26.23","26.06","748.58K","0.11%"
"02/12/2015","26.15","25.83","26.15","25.83","803.07K","2.51%"
"02/11/2015","25.51","25.47","25.57","25.36","747.89K","-0.58%"
"02/10/2015","25.66","25.59","25.69","25.44","358.24K","1.38%"
"02/09/2015","25.31","25.09","25.41","25.09","445.10K","-0.35%"
"02/06/2015","25.40","25.62","25.71","25.34","1.22M","-2.31%"
"02/05/2015","26.00","25.75","26.02","25.68","968.15K","2.12%"
"02/04/2015","25.46","25.63","25.80","25.44","1.15M","-1.85%"
"02/03/2015","25.94","25.63","25.96","25.63","1.55M","2.45%"
"02/02/2015","25.32","25.03","25.34","25.00","1.14M","1.48%"
"01/30/2015","24.95","25.09","25.21","24.90","1.08M","-1.93%"
"01/29/2015","25.44","25.16","25.45","25.11","1.18M","2.87%"
"01/28/2015","24.73","25.18","25.29","24.72","1.37M","-2.60%"
"01/27/2015","25.39","25.24","25.43","25.16","1.23M","-0.08%"
"01/26/2015","25.41","25.20","25.47","25.13","563.84K","1.84%"
"01/23/2015","24.95","24.94","25.17","24.92","2.10M","-0.52%"
"01/22/2015","25.08","24.89","25.17","24.81","595.34K","0.44%"
"01/21/2015","24.97","24.65","24.97","24.62","1.02M","0.97%"
"01/20/2015","24.73","24.78","24.79","24.60","812.38K","0.86%"
"01/16/2015","24.52","24.12","24.55","24.11","776.46K","1.95%"
"01/15/2015","24.05","24.14","24.24","23.97","582.16K","-0.08%"
"01/14/2015","24.07","24.01","24.18","23.90","1.62M","0.00%"
"01/13/2015","24.07","24.27","24.37","23.82","811.15K","0.33%"
"01/12/2015","23.99","24.02","24.11","23.74","501.47K","0.59%"
"01/09/2015","23.85","24.03","24.03","23.65","576.23K","-0.79%"
"01/08/2015","24.04","23.83","24.18","23.81","539.05K","1.82%"
"01/07/2015","23.61","23.45","23.66","23.30","773.75K","0.98%"
"01/06/2015","23.38","23.58","23.76","23.30","835.69K","-1.10%"
"01/05/2015","23.64","23.94","23.95","23.56","955.18K","-3.59%"
"01/02/2015","24.52","24.70","24.96","24.46","1.65M","-0.53%"