"Date","Price","Open","High","Low","Vol.","Change %"
"08/17/2026","336.88","335.00","338.96","332.95","2.04M","-0.58%"
"08/14/2026","338.86","340.81","340.81","336.01","3.07M","-0.83%"
"08/13/2026","341.70","347.00","347.75","340.51","2.44M","-0.50%"
"08/12/2026","343.43","352.00","353.87","343.03","3.97M","-3.12%"
"08/11/2026","354.48","352.29","358.36","350.60","2.55M","1.05%"
"08/10/2026","350.78","352.10","354.00","347.06","3.12M","-1.36%"
"08/07/2026","355.62","351.51","356.83","348.74","3.58M","1.75%"
"08/06/2026","349.52","353.50","353.55","347.51","2.62M","-1.03%"
"08/05/2026","353.14","350.15","354.55","348.15","3.14M","1.41%"
"08/04/2026","348.24","340.23","350.86","339.35","4.28M","2.42%"
"08/03/2026","340.02","339.80","343.64","333.72","2.91M","2.43%"
"07/31/2026","331.96","332.44","334.00","328.80","4.96M","-0.42%"
"07/30/2026","333.35","334.99","335.69","330.25","6.28M","-1.45%"
"07/29/2026","338.27","340.38","345.27","336.96","4.03M","-1.80%"
"07/28/2026","344.47","342.64","349.42","342.60","4.31M","2.49%"
"07/27/2026","336.09","339.39","341.89","335.35","3.62M","0.93%"
"07/24/2026","332.98","325.07","333.46","323.23","3.87M","2.55%"
"07/23/2026","324.71","325.30","328.23","323.05","4.52M","-2.03%"
"07/22/2026","331.45","333.53","336.55","330.71","2.91M","-0.05%"
"07/21/2026","331.60","331.30","333.00","327.00","3.11M","-0.43%"
"07/20/2026","333.04","339.97","340.20","331.40","4.13M","-1.72%"
"07/17/2026","338.87","348.93","353.98","338.09","4.43M","-2.63%"
"07/16/2026","348.02","341.55","350.81","340.64","3.81M","1.93%"
"07/15/2026","341.44","338.99","346.25","337.26","3.95M","1.10%"
"07/14/2026","337.74","339.52","341.74","336.57","2.81M","0.19%"
"07/13/2026","337.11","344.00","345.11","335.42","3.65M","-1.80%"
"07/10/2026","343.30","339.55","344.40","337.90","2.75M","1.35%"
"07/09/2026","338.73","337.76","340.73","335.61","2.78M","0.75%"
"07/08/2026","336.21","337.98","337.98","330.66","4.19M","-2.61%"
"07/07/2026","345.21","355.06","355.42","344.48","3.59M","-1.55%"
"07/06/2026","350.65","357.82","358.85","345.80","4.46M","-2.03%"
"07/02/2026","357.90","352.84","358.19","347.65","3.12M","2.01%"
"07/01/2026","350.84","353.98","357.12","350.84","4.04M","-0.52%"
"06/30/2026","352.68","350.68","353.50","347.30","4.58M","0.53%"
"06/29/2026","350.81","348.86","351.35","345.54","5.79M","0.56%"
"06/26/2026","348.86","347.90","350.50","345.85","7.77M","1.12%"
"06/25/2026","345.00","342.25","348.64","341.82","6.98M","0.62%"
"06/24/2026","342.86","329.12","342.96","327.70","6.39M","5.67%"
"06/23/2026","324.45","323.86","329.02","321.70","4.79M","-0.66%"
"06/22/2026","326.62","330.00","331.73","326.34","4.71M","-2.29%"
"06/18/2026","334.28","331.70","338.02","330.90","10.60M","2.08%"
"06/17/2026","327.48","336.01","341.15","326.17","6.09M","-2.85%"
"06/16/2026","337.09","331.91","338.27","329.75","5.13M","2.20%"
"06/15/2026","329.82","333.76","338.00","329.54","4.69M","0.44%"
"06/12/2026","328.39","328.50","331.02","325.29","3.65M","0.73%"
"06/11/2026","326.01","322.29","327.03","318.55","4.66M","2.22%"
"06/10/2026","318.92","323.27","324.00","318.80","4.82M","-0.75%"
"06/09/2026","321.33","311.35","322.89","310.27","4.88M","3.75%"
"06/08/2026","309.71","308.88","313.77","307.07","4.38M","-0.34%"
"06/05/2026","310.78","310.83","314.05","308.63","3.95M","0.27%"
"06/04/2026","309.95","317.83","320.75","308.11","4.56M","-0.96%"
"06/03/2026","312.97","307.94","313.52","307.12","4.33M","0.47%"
"06/02/2026","311.52","309.98","312.20","308.57","4.31M","0.27%"
"06/01/2026","310.69","315.13","315.89","307.69","4.54M","-2.03%"
"05/29/2026","317.14","320.48","322.10","317.00","6.97M","-1.27%"
"05/28/2026","321.21","317.45","321.88","315.16","6.82M","1.06%"
"05/27/2026","317.85","314.75","321.00","314.51","5.99M","2.35%"
"05/26/2026","310.54","315.06","316.79","308.96","6.98M","-0.81%"
"05/22/2026","313.07","314.50","314.96","311.46","2.97M","-0.23%"
"05/21/2026","313.78","306.36","313.99","304.38","4.52M","1.03%"
"05/20/2026","310.58","301.06","311.01","296.67","5.81M","2.69%"
"05/19/2026","302.44","291.86","303.18","289.10","8.69M","0.88%"
"05/18/2026","299.81","299.25","303.78","297.30","6.37M","0.77%"
"05/15/2026","297.51","300.31","302.92","296.88","6.12M","-2.25%"
"05/14/2026","304.35","305.06","305.98","301.42","5.07M","0.59%"
"05/13/2026","302.55","307.61","307.69","299.27","6.31M","-2.55%"
"05/12/2026","310.46","313.23","314.78","309.11","4.23M","-0.30%"
"05/11/2026","311.40","316.50","317.12","309.71","4.34M","-1.91%"
"05/08/2026","317.45","322.68","324.00","316.80","5.00M","-1.61%"
"05/07/2026","322.64","325.01","327.49","322.43","4.41M","-0.13%"
"05/06/2026","323.05","321.96","325.24","319.35","5.46M","2.42%"
"05/05/2026","315.42","313.41","317.63","310.40","6.39M","0.96%"
"05/04/2026","312.42","322.08","322.08","312.26","6.40M","-3.54%"
"05/01/2026","323.88","330.10","330.52","323.36","3.87M","-1.50%"
"04/30/2026","328.80","322.24","330.12","322.24","4.32M","1.86%"
"04/29/2026","322.81","325.66","325.84","319.05","4.15M","-1.90%"
"04/28/2026","329.06","334.45","335.93","327.36","4.28M","-0.98%"
"04/27/2026","332.30","334.48","337.38","332.14","3.28M","-1.07%"
"04/24/2026","335.89","337.88","340.27","334.68","3.26M","-1.26%"
"04/23/2026","340.16","339.50","340.83","336.88","2.71M","0.19%"
"04/22/2026","339.50","343.95","345.24","337.92","2.86M","-1.29%"
"04/21/2026","343.92","352.93","353.55","342.97","3.08M","-2.01%"
"04/20/2026","350.99","348.33","351.17","343.62","3.26M","0.46%"
"04/17/2026","349.40","342.84","352.02","342.84","4.93M","3.63%"
"04/16/2026","337.15","339.99","341.98","336.69","2.86M","-0.52%"
"04/15/2026","338.91","341.85","342.27","336.62","3.37M","-1.11%"
"04/14/2026","342.71","341.00","342.76","338.34","2.88M","0.45%"
"04/13/2026","341.16","335.54","341.44","331.93","3.74M","1.13%"
"04/10/2026","337.34","341.04","341.23","335.81","3.21M","-0.66%"
"04/09/2026","339.58","331.26","340.57","328.45","3.00M","1.02%"
"04/08/2026","336.16","333.26","338.78","332.25","4.61M","5.46%"
"04/07/2026","318.77","323.00","324.38","315.31","4.66M","-2.41%"
"04/06/2026","326.65","319.70","326.68","318.92","2.45M","1.56%"
"04/02/2026","321.63","323.60","326.30","318.66","3.73M","-2.41%"
"04/01/2026","329.56","329.37","333.09","327.81","3.39M","0.20%"
"03/31/2026","328.89","328.49","331.44","323.41","5.75M","1.67%"
"03/30/2026","323.50","325.72","327.99","322.58","4.07M","0.58%"
"03/27/2026","321.65","327.50","327.54","320.74","3.98M","-2.06%"
"03/26/2026","328.43","331.44","334.12","326.58","3.45M","-1.23%"
"03/25/2026","332.51","335.00","337.18","326.99","4.40M","0.48%"
"03/24/2026","330.91","325.90","332.52","323.02","4.57M","0.00%"
"03/23/2026","330.90","331.99","334.72","328.21","5.81M","3.16%"
"03/20/2026","320.75","327.75","330.23","320.26","9.67M","-2.27%"
"03/19/2026","328.21","328.96","330.23","324.63","3.85M","-0.82%"
"03/18/2026","330.93","338.60","339.80","330.14","3.59M","-3.08%"
"03/17/2026","341.43","344.89","346.78","340.94","3.08M","-0.34%"
"03/16/2026","342.58","342.44","345.24","340.65","3.19M","1.05%"
"03/13/2026","339.03","341.69","343.42","338.03","2.53M","0.03%"
"03/12/2026","338.93","346.04","348.67","338.70","3.89M","-3.39%"
"03/11/2026","350.84","355.46","356.32","349.11","3.20M","-1.77%"
"03/10/2026","357.15","353.04","361.64","351.02","3.99M","1.02%"
"03/09/2026","353.56","355.60","356.49","345.64","4.22M","-1.22%"
"03/06/2026","357.92","357.54","359.45","353.22","4.17M","-1.04%"
"03/05/2026","361.68","366.12","366.98","359.20","4.76M","-2.01%"
"03/04/2026","369.11","366.20","369.57","361.51","4.32M","0.60%"
"03/03/2026","366.92","363.73","368.77","360.12","3.97M","-1.05%"
"03/02/2026","370.81","375.00","375.11","369.00","4.54M","-2.60%"
"02/27/2026","380.72","373.86","382.19","372.34","4.82M","1.50%"
"02/26/2026","375.09","378.40","381.48","374.93","2.89M","-0.13%"
"02/25/2026","375.57","381.07","381.43","371.37","5.04M","-2.32%"
"02/24/2026","384.48","389.11","394.35","382.21","5.68M","1.99%"
"02/23/2026","376.99","380.99","384.14","369.58","5.50M","-1.38%"
"02/20/2026","382.25","377.45","384.82","375.95","3.98M","0.97%"
"02/19/2026","378.58","383.74","383.74","377.39","2.93M","-1.29%"
"02/18/2026","383.52","382.75","385.12","379.54","2.98M","0.13%"
"02/17/2026","383.04","392.23","394.00","380.50","3.49M","-2.05%"
"02/13/2026","391.05","390.20","394.00","387.10","2.88M","0.21%"
"02/12/2026","390.22","393.55","397.63","389.00","3.70M","-0.12%"
"02/11/2026","390.68","385.00","391.42","382.08","3.23M","0.26%"
"02/10/2026","389.68","383.81","391.74","381.93","3.16M","2.28%"
"02/09/2026","381.00","384.36","385.78","378.20","3.64M","-1.08%"
"02/06/2026","385.15","381.34","386.37","379.10","4.69M","0.73%"
"02/05/2026","382.37","386.68","387.00","380.83","3.76M","-1.25%"
"02/04/2026","387.20","384.59","390.53","384.36","5.57M","1.60%"
"02/03/2026","381.10","377.29","391.78","377.00","5.68M","0.79%"
"02/02/2026","378.12","374.24","379.65","368.24","4.76M","0.94%"
"01/30/2026","374.59","372.41","375.12","368.55","3.76M","0.75%"
"01/29/2026","371.81","374.90","377.09","370.15","4.74M","-0.93%"
"01/28/2026","375.30","380.21","381.00","373.65","3.37M","-1.33%"
"01/27/2026","380.36","384.95","386.50","378.27","3.47M","-1.60%"
"01/26/2026","386.53","385.00","387.42","381.95","3.98M","0.72%"
"01/23/2026","383.77","381.50","384.37","379.21","3.14M","0.72%"
"01/22/2026","381.03","386.45","390.60","380.52","4.83M","-0.94%"
"01/21/2026","384.64","375.80","385.92","374.67","5.17M","2.54%"
"01/20/2026","375.11","372.24","377.34","371.30","5.35M","-1.33%"
"01/16/2026","380.17","379.25","382.77","377.51","3.71M","0.27%"
"01/15/2026","379.16","376.02","380.18","374.46","2.99M","0.85%"
"01/14/2026","375.95","376.69","380.09","373.96","4.96M","-1.00%"
"01/13/2026","379.74","375.86","380.18","370.82","4.79M","1.28%"
"01/12/2026","374.94","374.64","376.42","369.25","5.86M","0.08%"
"01/09/2026","374.64","363.50","375.49","361.31","7.09M","4.19%"
"01/08/2026","359.56","345.31","363.24","344.10","5.20M","3.01%"
"01/07/2026","349.06","353.34","358.50","349.03","4.44M","-0.07%"
"01/06/2026","349.29","341.50","350.68","337.71","4.68M","1.51%"
"01/05/2026","344.09","342.70","347.35","341.25","4.73M","-0.50%"
"01/02/2026","345.82","343.43","348.49","340.92","3.76M","0.50%"
"12/31/2025","344.10","345.50","346.71","343.97","2.32M","-0.65%"
"12/30/2025","346.35","346.03","346.98","343.72","2.39M","-0.32%"
"12/29/2025","347.45","350.00","350.32","344.75","3.79M","-0.67%"
"12/26/2025","349.78","346.99","350.05","346.57","1.79M","0.70%"
"12/24/2025","347.34","344.34","348.26","343.90","1.37M","0.69%"
"12/23/2025","344.97","344.00","347.50","341.94","3.87M","-0.41%"
"12/22/2025","346.39","345.30","347.90","343.70","3.52M","0.40%"
"12/19/2025","345.00","354.11","354.11","344.92","12.83M","-2.81%"
"12/18/2025","354.99","363.54","366.30","354.55","4.81M","-0.49%"
"12/17/2025","356.75","351.97","357.50","350.98","3.88M","1.15%"
"12/16/2025","352.68","356.90","358.74","351.81","3.50M","-1.21%"
"12/15/2025","356.99","359.39","362.67","355.62","4.39M","-0.74%"
"12/12/2025","359.65","359.26","360.76","356.05","3.86M","0.61%"
"12/11/2025","357.46","356.00","362.72","353.94","6.61M","1.80%"
"12/10/2025","351.13","344.10","352.02","344.00","6.32M","1.70%"
"12/09/2025","345.27","347.76","356.67","344.96","5.06M","-1.33%"
"12/08/2025","349.91","351.95","352.09","345.70","7.27M","-1.33%"
"12/05/2025","354.61","350.65","355.62","349.52","5.96M","0.98%"
"12/04/2025","351.17","356.29","357.51","350.00","4.02M","-1.88%"
"12/03/2025","357.91","354.50","360.47","353.75","4.17M","1.10%"
"12/02/2025","354.03","356.83","357.50","351.30","3.97M","-0.92%"
"12/01/2025","357.33","354.05","362.29","352.88","5.11M","0.11%"
"11/28/2025","356.92","354.93","357.83","353.50","2.12M","0.41%"
"11/26/2025","355.47","350.26","357.33","349.00","4.52M","1.25%"
"11/25/2025","351.07","339.00","353.00","338.85","6.32M","4.31%"
"11/24/2025","336.58","342.20","343.71","336.55","6.13M","-1.96%"
"11/21/2025","343.32","334.57","346.92","333.00","7.44M","3.29%"
"11/20/2025","332.38","336.36","338.90","332.13","4.03M","-0.63%"
"11/19/2025","334.50","340.97","341.75","331.37","7.60M","-0.59%"
"11/18/2025","336.48","339.98","348.80","336.01","10.17M","-6.02%"
"11/17/2025","358.03","361.13","363.78","356.10","5.13M","-1.19%"
"11/14/2025","362.36","365.91","367.33","359.80","3.41M","-1.55%"
"11/13/2025","368.07","371.66","373.52","366.62","3.04M","-0.82%"
"11/12/2025","371.13","372.06","373.56","369.01","3.38M","-0.83%"
"11/11/2025","374.24","371.99","376.00","370.91","2.41M","1.03%"
"11/10/2025","370.43","369.79","370.66","363.45","3.26M","-0.18%"
"11/07/2025","371.11","368.99","373.65","367.57","2.77M","0.55%"
"11/06/2025","369.07","371.82","372.66","367.55","3.62M","-1.28%"
"11/05/2025","373.84","382.79","383.42","370.53","4.76M","-2.41%"
"11/04/2025","383.08","377.35","383.68","376.75","2.59M","1.25%"
"11/03/2025","378.35","377.01","378.48","373.68","2.90M","-0.33%"
"10/31/2025","379.59","376.96","380.94","375.01","2.64M","0.01%"
"10/30/2025","379.55","377.71","384.70","376.11","2.38M","0.40%"
"10/29/2025","378.04","383.00","385.00","375.20","3.85M","-2.00%"
"10/28/2025","385.75","384.42","390.01","382.83","2.37M","0.12%"
"10/27/2025","385.27","387.70","389.29","382.90","3.07M","-0.36%"
"10/24/2025","386.68","389.70","389.70","385.67","2.43M","0.43%"
"10/23/2025","385.03","387.13","388.72","381.30","2.77M","-1.01%"
"10/22/2025","388.97","391.24","393.05","388.17","2.86M","-0.49%"
"10/21/2025","390.90","387.56","393.63","385.86","2.31M","0.52%"
"10/20/2025","388.89","391.41","393.18","388.09","2.76M","-0.77%"
"10/17/2025","391.90","388.50","393.11","387.20","2.66M","1.16%"
"10/16/2025","387.39","389.66","390.00","383.96","2.78M","-0.23%"
"10/15/2025","388.30","389.23","394.37","386.73","3.69M","0.15%"
"10/14/2025","387.72","378.87","388.89","378.01","4.40M","2.20%"
"10/13/2025","379.37","379.07","382.31","377.19","2.93M","0.96%"
"10/10/2025","375.75","380.26","380.26","374.78","2.99M","-0.51%"
"10/09/2025","377.69","382.90","384.36","377.46","3.32M","-1.59%"
"10/08/2025","383.79","386.46","386.46","382.98","2.52M","-0.78%"
"10/07/2025","386.81","389.45","389.75","385.51","2.51M","-0.65%"
"10/06/2025","389.33","394.50","394.50","385.72","3.65M","-1.45%"
"10/03/2025","395.06","394.13","397.32","392.63","2.95M","0.01%"
"10/02/2025","395.01","395.50","397.38","393.79","2.96M","-0.51%"
"10/01/2025","397.02","404.39","405.13","395.31","3.79M","-2.02%"
"09/30/2025","405.19","406.63","407.00","403.48","3.21M","-0.40%"
"09/29/2025","406.80","410.05","410.95","403.85","3.01M","-0.80%"
"09/26/2025","410.09","408.16","411.41","405.84","2.32M","0.65%"
"09/25/2025","407.45","406.65","410.86","405.61","2.55M","-0.57%"
"09/24/2025","409.77","406.79","410.65","405.01","3.22M","-0.28%"
"09/23/2025","410.91","412.00","413.73","407.46","2.60M","-0.26%"
"09/22/2025","412.00","414.11","414.88","411.13","2.66M","-0.89%"
"09/19/2025","415.69","417.37","418.58","415.10","6.72M","-0.43%"
"09/18/2025","417.48","417.55","421.39","415.86","3.68M","0.12%"
"09/17/2025","417.00","424.44","426.75","415.81","4.77M","-1.06%"
"09/16/2025","421.45","423.75","424.53","420.09","3.73M","-0.30%"
"09/15/2025","422.71","422.47","423.30","417.75","4.88M","0.00%"
"09/12/2025","422.69","420.27","423.51","418.88","5.00M","-0.17%"
"09/11/2025","423.42","415.70","425.22","414.25","5.32M","2.47%"
"09/10/2025","413.23","415.52","417.43","411.73","2.90M","-0.51%"
"09/09/2025","415.34","418.12","418.72","412.75","3.52M","-1.10%"
"09/08/2025","419.94","418.50","420.58","415.75","3.74M","0.24%"
"09/05/2025","418.95","416.58","420.40","414.02","5.86M","1.76%"
"09/04/2025","411.69","408.51","413.22","407.20","3.87M","0.98%"
"09/03/2025","407.71","404.94","409.02","403.57","3.03M","0.34%"
"09/02/2025","406.31","403.68","408.59","402.75","3.33M","-0.11%"
"08/29/2025","406.77","407.73","408.90","405.40","2.21M","-0.17%"
"08/28/2025","407.45","407.00","408.95","404.81","4.05M","-0.19%"
"08/27/2025","408.24","408.79","411.69","407.20","2.49M","0.17%"
"08/26/2025","407.54","408.00","409.04","404.71","3.18M","-0.33%"
"08/25/2025","408.90","410.36","411.07","407.55","3.58M","-0.94%"
"08/22/2025","412.79","400.87","414.50","398.31","5.28M","3.79%"
"08/21/2025","397.70","399.91","404.43","396.17","2.94M","-1.01%"
"08/20/2025","401.74","409.68","411.17","401.67","4.20M","-1.34%"
"08/19/2025","407.20","401.02","414.36","401.02","7.63M","3.17%"
"08/18/2025","394.70","396.57","398.14","392.51","4.41M","-1.17%"
"08/15/2025","399.38","402.21","402.79","395.42","3.84M","-0.23%"
"08/14/2025","400.32","401.20","403.61","399.36","3.60M","-1.68%"
"08/13/2025","407.18","399.48","407.82","398.75","5.19M","2.82%"
"08/12/2025","396.00","391.42","396.38","389.00","2.91M","2.19%"
"08/11/2025","387.53","389.98","391.52","383.30","2.61M","-0.08%"
"08/08/2025","387.85","387.08","389.29","386.20","2.33M","0.44%"
"08/07/2025","386.17","388.62","391.45","383.36","2.43M","-0.16%"
"08/06/2025","386.80","386.08","388.93","384.52","2.81M","0.36%"
"08/05/2025","385.41","381.86","386.93","380.96","2.93M","1.21%"
"08/04/2025","380.82","374.84","381.89","373.69","2.84M","1.92%"
"08/01/2025","373.66","367.82","374.80","365.75","3.01M","1.67%"
"07/31/2025","367.51","369.17","372.81","366.84","3.09M","-1.23%"
"07/30/2025","372.08","377.68","378.52","369.63","3.11M","-1.39%"
"07/29/2025","377.34","377.00","379.73","374.77","2.93M","0.03%"
"07/28/2025","377.23","373.74","381.08","372.98","4.06M","0.50%"
"07/25/2025","375.34","374.66","375.99","373.05","2.22M","0.60%"
"07/24/2025","373.09","375.48","377.88","372.26","3.09M","-0.87%"
"07/23/2025","376.35","371.70","377.88","371.55","3.24M","1.44%"
"07/22/2025","371.01","364.48","372.20","363.72","3.10M","1.91%"
"07/21/2025","364.04","360.72","365.78","359.84","3.50M","1.29%"
"07/18/2025","359.40","359.98","360.60","356.97","3.36M","0.10%"
"07/17/2025","359.04","356.54","360.32","354.66","3.13M","0.46%"
"07/16/2025","357.40","359.86","360.95","352.46","4.26M","-0.35%"
"07/15/2025","358.64","369.98","370.75","358.52","3.87M","-3.10%"
"07/14/2025","370.11","370.48","371.29","366.45","2.48M","0.01%"
"07/11/2025","370.07","370.36","371.80","367.11","3.07M","-0.87%"
"07/10/2025","373.30","369.00","377.94","368.51","3.70M","0.61%"
"07/09/2025","371.04","367.51","371.07","364.79","3.38M","0.96%"
"07/08/2025","367.50","366.02","370.40","365.11","2.53M","-0.04%"
"07/07/2025","367.64","371.00","372.79","364.73","3.43M","-1.09%"
"07/03/2025","371.68","371.81","373.18","368.33","2.57M","-0.05%"
"07/02/2025","371.85","373.64","373.97","369.37","3.01M","-0.35%"
"07/01/2025","373.16","364.34","379.69","362.95","5.15M","1.78%"
"06/30/2025","366.64","369.28","370.95","364.72","4.60M","-0.57%"
"06/27/2025","368.74","363.61","370.15","363.00","5.50M","1.44%"
"06/26/2025","363.50","363.21","365.23","360.60","3.19M","0.45%"
"06/25/2025","361.86","359.12","363.60","358.34","4.16M","0.40%"
"06/24/2025","360.42","356.67","361.71","355.78","4.09M","0.97%"
"06/23/2025","356.96","349.97","357.07","348.52","3.86M","2.10%"
"06/20/2025","349.62","347.49","351.21","346.82","8.06M","0.75%"
"06/18/2025","347.03","350.08","350.90","345.80","4.45M","-0.50%"
"06/17/2025","348.78","351.94","354.29","347.41","4.23M","-1.35%"
"06/16/2025","353.56","355.88","357.11","351.90","3.69M","-0.31%"
"06/13/2025","354.66","360.00","362.79","352.80","3.36M","-2.34%"
"06/12/2025","363.16","360.81","365.07","358.51","2.92M","0.75%"
"06/11/2025","360.46","369.14","369.14","359.31","3.79M","-2.02%"
"06/10/2025","367.91","365.94","368.55","362.55","3.01M","0.74%"
"06/09/2025","365.20","367.32","367.35","364.36","2.62M","-0.58%"
"06/06/2025","367.33","371.51","372.65","365.96","2.35M","-0.53%"
"06/05/2025","369.28","370.99","371.56","367.51","2.32M","-0.84%"
"06/04/2025","372.40","373.08","375.37","371.66","2.43M","-0.18%"
"06/03/2025","373.08","367.96","373.54","367.00","3.36M","1.39%"
"06/02/2025","367.96","365.15","368.04","361.83","2.51M","-0.09%"
"05/30/2025","368.29","367.05","369.64","365.12","4.11M","0.00%"
"05/29/2025","368.29","370.00","370.35","364.06","3.04M","0.06%"
"05/28/2025","368.06","368.82","371.15","367.43","2.99M","-0.63%"
"05/27/2025","370.40","365.89","370.55","365.16","4.00M","2.12%"
"05/23/2025","362.71","362.38","364.72","361.15","3.12M","-0.93%"
"05/22/2025","366.13","368.00","369.23","364.57","2.96M","-1.27%"
"05/21/2025","370.84","377.98","378.33","368.60","3.97M","-1.65%"
"05/20/2025","377.05","386.37","389.75","374.05","6.29M","-0.61%"
"05/19/2025","379.38","374.19","381.16","374.16","4.43M","-0.37%"
"05/16/2025","380.78","380.23","381.17","378.15","3.13M","0.57%"
"05/15/2025","378.63","372.10","379.33","371.52","2.83M","1.56%"
"05/14/2025","372.81","371.90","375.79","370.83","2.59M","-0.21%"
"05/13/2025","373.60","381.00","381.00","372.95","2.73M","-0.79%"
"05/12/2025","376.59","375.00","378.72","373.48","3.83M","3.83%"
"05/09/2025","362.71","362.13","365.57","361.50","1.97M","-0.59%"
"05/08/2025","364.86","364.01","369.31","362.26","3.04M","0.58%"
"05/07/2025","362.75","360.48","363.78","359.76","2.66M","0.94%"
"05/06/2025","359.38","358.68","362.27","357.13","2.30M","-0.65%"
"05/05/2025","361.73","362.13","364.26","359.73","2.56M","-0.77%"
"05/02/2025","364.52","362.08","366.23","361.16","2.28M","1.74%"
"05/01/2025","358.30","360.31","362.88","357.72","3.21M","-0.61%"
"04/30/2025","360.49","356.50","361.27","352.38","3.74M","0.42%"
"04/29/2025","359.00","355.89","360.58","354.73","2.84M","0.58%"
"04/28/2025","356.92","357.99","360.10","354.51","2.41M","-0.18%"
"04/25/2025","357.58","357.70","359.00","354.74","2.81M","-0.57%"
"04/24/2025","359.64","356.50","360.40","354.61","2.75M","0.90%"
"04/23/2025","356.42","361.92","364.84","354.85","3.28M","0.56%"
"04/22/2025","354.43","351.16","356.21","350.42","2.80M","2.17%"
"04/21/2025","346.90","354.29","354.36","341.80","4.02M","-2.30%"
"04/17/2025","355.06","348.55","357.50","348.37","3.23M","2.62%"
"04/16/2025","345.99","351.84","353.80","344.32","2.64M","-2.29%"
"04/15/2025","354.11","356.56","361.44","353.32","2.88M","-0.87%"
"04/14/2025","357.20","357.80","359.02","353.60","2.84M","0.94%"
"04/11/2025","353.86","350.31","354.47","344.20","3.58M","0.07%"
"04/10/2025","353.62","352.85","355.29","339.66","5.57M","-0.50%"
"04/09/2025","355.39","328.60","356.04","326.31","6.79M","6.01%"
"04/08/2025","335.24","350.38","354.00","329.74","4.87M","-1.84%"
"04/07/2025","341.51","344.30","354.22","333.50","6.95M","-3.50%"
"04/04/2025","353.90","350.71","365.44","349.04","7.53M","-0.56%"
"04/03/2025","355.91","355.78","360.04","351.71","5.41M","-4.04%"
"04/02/2025","370.89","362.56","372.31","362.26","3.19M","1.47%"
"04/01/2025","365.52","364.14","367.29","361.92","2.80M","-0.26%"
"03/31/2025","366.49","353.49","368.74","352.65","4.50M","2.33%"
"03/28/2025","358.15","363.16","363.20","356.17","2.98M","-1.26%"
"03/27/2025","362.73","361.90","365.21","361.15","3.04M","0.17%"
"03/26/2025","362.13","360.39","364.73","360.12","3.14M","0.32%"
"03/25/2025","360.99","361.53","363.65","358.54","2.80M","-0.76%"
"03/24/2025","363.77","354.62","364.43","354.28","4.02M","3.59%"
"03/21/2025","351.15","352.09","353.39","346.27","8.21M","-1.23%"
"03/20/2025","355.52","354.69","361.77","352.20","3.39M","0.59%"
"03/19/2025","353.42","352.00","354.43","348.98","2.99M","1.10%"
"03/18/2025","349.57","353.53","353.89","347.59","3.01M","-1.29%"
"03/17/2025","354.13","351.76","355.55","350.96","3.68M","0.80%"
"03/14/2025","351.31","350.65","351.39","345.42","5.51M","1.17%"
"03/13/2025","347.25","361.91","362.00","345.26","7.06M","-4.79%"
"03/12/2025","364.73","371.97","372.00","361.75","3.37M","-0.93%"
"03/11/2025","368.16","374.22","374.93","365.73","4.01M","-1.73%"
"03/10/2025","374.65","377.44","383.12","372.61","3.71M","-0.57%"
"03/07/2025","376.80","379.50","380.65","368.90","4.57M","-1.29%"
"03/06/2025","381.73","383.50","387.76","380.73","4.22M","-1.20%"
"03/05/2025","386.35","379.00","387.12","378.01","2.78M","1.22%"
"03/04/2025","381.68","386.15","387.96","378.90","4.38M","-2.06%"
"03/03/2025","389.69","396.95","397.07","386.47","3.40M","-1.74%"
"02/28/2025","396.60","394.42","396.87","390.28","4.26M","1.62%"
"02/27/2025","390.27","389.91","395.47","388.33","2.83M","-0.05%"
"02/26/2025","390.48","395.24","398.87","388.56","3.87M","-0.71%"
"02/25/2025","393.29","385.00","401.01","384.19","6.82M","2.84%"
"02/24/2025","382.42","386.09","386.55","378.20","5.72M","-0.75%"
"02/21/2025","385.30","396.40","397.82","383.90","5.29M","-2.37%"
"02/20/2025","394.64","393.00","394.76","391.10","2.70M","-0.20%"
"02/19/2025","395.43","397.22","398.64","392.93","3.78M","-1.95%"
"02/18/2025","403.31","408.31","408.87","400.22","3.99M","-1.51%"
"02/14/2025","409.50","415.00","418.00","408.56","3.00M","-0.71%"
"02/13/2025","412.43","408.71","412.98","407.49","3.07M","1.30%"
"02/12/2025","407.14","408.58","409.65","402.12","3.39M","-2.21%"
"02/11/2025","416.36","414.00","416.57","412.74","1.44M","0.57%"
"02/10/2025","413.99","410.64","414.95","408.79","2.62M","1.63%"
"02/07/2025","407.37","413.20","414.29","406.50","2.53M","-1.64%"
"02/06/2025","414.16","414.91","417.79","413.00","2.02M","0.08%"
"02/05/2025","413.82","415.15","415.15","408.14","2.21M","0.57%"
"02/04/2025","411.49","409.51","412.58","406.08","2.15M","0.67%"
"02/03/2025","408.76","406.12","411.90","401.01","2.90M","-0.78%"
"01/31/2025","411.98","413.17","416.38","410.32","2.76M","-0.61%"
"01/30/2025","414.50","416.41","417.32","411.52","3.08M","0.26%"
"01/29/2025","413.42","420.22","421.37","411.79","2.39M","-1.29%"
"01/28/2025","418.83","423.24","423.24","416.70","2.82M","-1.42%"
"01/27/2025","424.87","414.90","426.19","414.00","3.70M","2.50%"
"01/24/2025","414.50","414.09","415.01","410.76","2.37M","0.03%"
"01/23/2025","414.39","411.57","414.69","408.75","3.84M","1.05%"
"01/22/2025","410.10","417.55","417.55","409.33","3.58M","-1.99%"
"01/21/2025","418.43","413.00","420.22","413.00","3.57M","2.21%"
"01/17/2025","409.38","413.49","414.45","408.53","3.23M","0.01%"
"01/16/2025","409.33","406.27","410.11","403.92","2.31M","0.80%"
"01/15/2025","406.09","406.65","408.00","401.76","4.58M","3.39%"
"01/14/2025","392.78","390.59","394.20","389.63","3.41M","0.93%"
"01/13/2025","389.18","389.99","395.86","387.70","3.51M","-0.18%"
"01/10/2025","389.89","388.91","392.91","384.61","5.32M","0.69%"
"01/08/2025","387.20","383.00","387.69","380.10","2.85M","0.77%"
"01/07/2025","384.23","390.90","391.90","383.10","2.27M","-1.32%"
"01/06/2025","389.37","390.50","393.99","388.03","3.27M","0.05%"
"01/03/2025","389.18","389.82","391.01","385.81","2.23M","0.19%"
"01/02/2025","388.46","392.13","392.67","386.38","2.42M","-0.14%"
"12/31/2024","388.99","390.01","391.46","387.30","2.18M","-0.11%"
"12/30/2024","389.43","390.53","391.21","385.68","2.44M","-0.87%"
"12/27/2024","392.86","392.14","395.47","391.37","1.94M","-0.58%"
"12/26/2024","395.14","392.52","395.78","391.62","1.32M","-0.25%"
"12/24/2024","396.14","392.13","396.14","390.50","1.39M","0.94%"
"12/23/2024","392.45","391.10","393.24","387.03","2.43M","-0.04%"
"12/20/2024","392.60","383.37","393.29","383.05","8.05M","1.97%"
"12/19/2024","385.02","394.74","395.14","384.89","4.58M","-2.23%"
"12/18/2024","393.82","407.00","410.71","393.38","4.23M","-3.59%"
"12/17/2024","408.47","410.00","410.40","406.23","3.73M","-0.55%"
"12/16/2024","410.71","417.85","418.48","410.69","2.88M","-1.50%"
"12/13/2024","416.98","415.77","418.14","414.18","2.65M","0.62%"
"12/12/2024","414.42","421.43","422.75","413.18","3.67M","-1.65%"
"12/11/2024","421.38","425.23","428.00","421.26","4.21M","-0.29%"
"12/10/2024","422.59","426.90","427.31","421.41","3.35M","-1.54%"
"12/09/2024","429.18","432.35","436.36","428.03","3.43M","-0.51%"
"12/06/2024","431.37","428.70","435.75","427.01","3.16M","1.13%"
"12/05/2024","426.54","426.60","429.76","425.88","2.52M","-0.32%"
"12/04/2024","427.92","426.41","428.83","425.50","1.97M","-0.33%"
"12/03/2024","429.35","429.73","430.68","423.32","2.71M","0.56%"
"12/02/2024","426.96","429.00","430.40","423.15","2.62M","-0.51%"
"11/29/2024","429.13","428.56","431.00","427.54","2.03M","0.45%"
"11/27/2024","427.19","428.60","430.10","425.96","2.29M","-0.54%"
"11/26/2024","429.52","428.60","439.37","424.70","2.76M","0.20%"
"11/25/2024","428.67","425.00","430.25","424.46","4.54M","2.06%"
"11/22/2024","420.00","412.09","420.14","410.95","4.93M","2.33%"
"11/21/2024","410.45","401.33","411.39","400.38","3.72M","2.61%"
"11/20/2024","400.00","406.00","406.70","399.92","4.73M","-1.67%"
"11/19/2024","406.80","408.38","409.16","399.36","3.24M","-0.89%"
"11/18/2024","410.44","405.50","412.54","403.95","3.39M","0.55%"
"11/15/2024","408.18","402.90","408.91","402.90","3.24M","0.61%"
"11/14/2024","405.72","408.00","411.50","404.39","3.35M","-1.09%"
"11/13/2024","410.19","409.13","412.74","406.72","3.08M","1.76%"
"11/12/2024","403.08","414.25","416.02","402.19","5.65M","-1.28%"
"11/11/2024","408.29","407.77","411.60","405.83","4.07M","0.59%"
"11/08/2024","405.90","404.00","406.40","402.30","3.45M","1.62%"
"11/07/2024","399.44","391.00","399.76","390.80","4.32M","2.85%"
"11/06/2024","388.37","394.04","394.04","381.72","7.13M","-2.93%"
"11/05/2024","400.09","394.97","400.23","393.86","2.50M","1.14%"
"11/04/2024","395.57","391.95","400.48","391.07","2.69M","0.76%"
"11/01/2024","392.59","394.80","398.71","392.01","3.28M","-0.29%"
"10/31/2024","393.75","390.50","395.67","390.50","2.52M","0.31%"
"10/30/2024","392.52","395.00","397.69","391.94","2.80M","-0.65%"
"10/29/2024","395.07","393.94","399.11","389.05","3.82M","-1.94%"
"10/28/2024","402.89","403.45","405.84","401.95","2.59M","1.00%"
"10/25/2024","398.91","403.52","403.52","397.83","1.94M","-0.94%"
"10/24/2024","402.68","402.29","404.20","398.09","2.55M","0.76%"
"10/23/2024","399.64","400.56","404.28","396.69","3.16M","-0.55%"
"10/22/2024","401.85","398.50","402.95","396.21","4.49M","-1.12%"
"10/21/2024","406.40","416.07","416.55","404.37","3.70M","-2.07%"
"10/18/2024","415.00","416.65","416.66","413.24","2.44M","-0.14%"
"10/17/2024","415.60","418.61","419.00","414.56","2.01M","-0.72%"
"10/16/2024","418.61","413.87","418.74","413.87","2.43M","0.73%"
"10/15/2024","415.58","417.95","421.56","415.02","3.69M","0.04%"
"10/14/2024","415.42","411.48","416.42","411.30","2.09M","0.85%"
"10/11/2024","411.90","410.56","413.14","408.84","2.72M","0.47%"
"10/10/2024","409.96","409.72","414.48","407.63","3.04M","-1.47%"
"10/09/2024","416.07","420.00","420.03","410.75","3.63M","0.46%"
"10/08/2024","414.18","409.80","415.29","408.44","3.69M","1.50%"
"10/07/2024","408.06","404.89","409.81","401.24","3.27M","-0.07%"
"10/04/2024","408.36","410.07","411.82","399.45","3.99M","-0.78%"
"10/03/2024","411.58","409.00","412.97","406.80","3.32M","0.08%"
"10/02/2024","411.26","407.70","411.46","404.96","3.43M","0.54%"
"10/01/2024","409.05","404.02","410.56","401.41","3.48M","0.95%"
"09/30/2024","405.20","400.20","405.31","399.02","3.44M","1.42%"
"09/27/2024","399.53","399.65","403.54","398.31","2.45M","0.71%"
"09/26/2024","396.70","399.50","400.00","395.49","2.85M","-0.06%"
"09/25/2024","396.93","400.66","400.66","395.62","2.79M","-0.93%"
"09/24/2024","400.66","394.70","401.11","393.63","4.06M","2.22%"
"09/23/2024","391.96","390.83","392.65","387.26","2.50M","0.54%"
"09/20/2024","389.86","388.33","391.83","387.00","6.58M","-0.12%"
"09/19/2024","390.34","390.84","391.87","387.01","3.75M","1.65%"
"09/18/2024","384.01","384.09","392.67","381.07","3.55M","0.20%"
"09/17/2024","383.24","383.43","387.94","381.68","2.95M","0.32%"
"09/16/2024","382.01","382.00","384.00","379.53","2.88M","0.53%"
"09/13/2024","379.99","375.56","382.00","375.51","2.51M","1.48%"
"09/12/2024","374.43","371.94","374.99","370.56","2.37M","1.06%"
"09/11/2024","370.49","369.55","371.21","362.14","2.94M","-0.10%"
"09/10/2024","370.87","365.70","371.56","362.48","2.79M","1.46%"
"09/09/2024","365.52","362.76","366.16","360.03","2.75M","1.52%"
"09/06/2024","360.05","362.92","365.44","359.42","2.23M","-0.50%"
"09/05/2024","361.85","364.90","365.15","357.58","2.79M","-0.77%"
"09/04/2024","364.67","364.17","365.93","360.01","3.22M","-0.02%"
"09/03/2024","364.74","367.90","369.38","362.90","3.60M","-1.02%"
"08/30/2024","368.50","369.24","370.41","364.88","3.22M","0.39%"
"08/29/2024","367.06","372.61","373.32","366.93","2.70M","-1.51%"
"08/28/2024","372.69","373.00","375.41","370.20","2.22M","-0.13%"
"08/27/2024","373.18","373.49","374.28","371.00","1.78M","-0.25%"
"08/26/2024","374.11","377.08","378.58","373.37","2.45M","-0.39%"
"08/23/2024","375.59","366.66","376.32","365.19","3.43M","2.80%"
"08/22/2024","365.36","371.50","372.46","364.61","4.10M","-1.38%"
"08/21/2024","370.46","369.45","372.87","368.52","4.59M","0.87%"
"08/20/2024","367.27","360.65","367.64","360.50","3.46M","1.16%"
"08/19/2024","363.07","362.50","364.69","362.10","3.63M","0.28%"
"08/16/2024","362.06","359.97","363.70","359.97","3.31M","0.55%"
"08/15/2024","360.07","362.46","365.41","358.14","3.58M","1.24%"
"08/14/2024","355.66","349.55","359.69","349.40","4.81M","1.60%"
"08/13/2024","350.07","341.87","353.39","339.37","6.39M","1.23%"
"08/12/2024","345.81","350.77","351.50","342.13","3.83M","-0.81%"
"08/09/2024","348.64","347.89","351.53","345.39","2.31M","0.09%"
"08/08/2024","348.34","342.24","348.74","341.34","3.59M","1.73%"
"08/07/2024","342.40","355.18","356.27","342.28","3.43M","-3.25%"
"08/06/2024","353.91","348.75","358.66","347.28","2.83M","1.11%"
"08/05/2024","350.01","350.88","353.94","345.24","3.83M","-1.52%"
"08/02/2024","355.43","354.93","355.57","346.74","3.76M","-0.88%"
"08/01/2024","358.58","369.99","371.48","353.75","3.76M","-2.60%"
"07/31/2024","368.16","365.00","372.49","363.04","3.53M","1.23%"
"07/30/2024","363.69","362.82","364.68","359.26","2.79M","0.56%"
"07/29/2024","361.67","359.21","362.89","358.95","2.14M","0.60%"
"07/26/2024","359.51","355.01","361.67","355.01","2.44M","1.76%"
"07/25/2024","353.29","350.20","358.83","349.33","3.30M","0.85%"
"07/24/2024","350.31","358.93","361.45","350.00","3.51M","-2.59%"
"07/23/2024","359.62","365.43","365.43","359.38","2.54M","-1.00%"
"07/22/2024","363.25","364.50","367.28","361.08","4.05M","-0.03%"
"07/19/2024","363.36","366.43","367.60","361.95","2.47M","-0.74%"
"07/18/2024","366.08","369.90","375.74","365.77","2.39M","-1.56%"
"07/17/2024","371.89","366.64","375.19","365.42","3.99M","0.75%"
"07/16/2024","369.12","360.06","369.42","359.50","3.21M","2.97%"
"07/15/2024","358.46","359.14","361.18","355.03","2.88M","-0.36%"
"07/12/2024","359.77","355.00","363.95","354.09","4.02M","1.69%"
"07/11/2024","353.79","350.78","354.13","345.00","4.15M","2.79%"
"07/10/2024","344.18","338.64","344.29","337.62","3.26M","2.10%"
"07/09/2024","337.09","338.95","339.26","335.57","2.26M","-0.74%"
"07/08/2024","339.60","335.88","340.76","335.00","3.53M","1.50%"
"07/05/2024","334.58","332.71","335.92","331.64","3.44M","0.28%"
"07/03/2024","333.64","337.00","339.64","333.54","1.73M","-0.40%"
"07/02/2024","334.97","335.00","336.83","332.53","3.00M","-0.36%"
"07/01/2024","336.19","343.92","344.64","335.39","2.64M","-2.34%"
"06/28/2024","344.24","341.35","345.28","340.71","6.34M","0.81%"
"06/27/2024","341.49","342.83","344.76","338.45","2.91M","-0.10%"
"06/26/2024","341.82","339.46","342.59","337.53","3.37M","1.03%"
"06/25/2024","338.32","346.31","346.99","334.53","4.98M","-3.58%"
"06/24/2024","350.88","356.90","357.68","350.72","4.28M","-1.38%"
"06/21/2024","355.80","354.84","356.25","352.05","6.60M","0.67%"
"06/20/2024","353.44","352.00","354.92","349.59","3.66M","-0.12%"
"06/18/2024","353.87","352.95","356.41","352.11","3.65M","1.25%"
"06/17/2024","349.50","344.89","350.69","344.40","2.68M","0.77%"
"06/14/2024","346.84","344.81","347.49","341.69","2.59M","-0.30%"
"06/13/2024","347.88","345.90","348.69","343.07","3.38M","1.09%"
"06/12/2024","344.14","347.03","350.49","343.06","4.79M","2.51%"
"06/11/2024","335.72","333.00","336.31","330.32","3.25M","0.95%"
"06/10/2024","332.56","327.00","332.80","326.50","2.69M","1.69%"
"06/07/2024","327.03","325.73","328.82","323.93","2.58M","-1.23%"
"06/06/2024","331.10","329.80","331.84","328.06","2.98M","0.25%"
"06/05/2024","330.26","328.50","330.46","325.92","2.42M","0.61%"
"06/04/2024","328.26","326.87","329.79","325.10","4.30M","0.08%"
"06/03/2024","328.01","333.65","333.65","326.84","3.71M","-2.05%"
"05/31/2024","334.87","330.05","335.17","328.01","5.56M","1.73%"
"05/30/2024","329.18","326.26","330.22","325.70","2.92M","1.00%"
"05/29/2024","325.91","326.53","326.79","323.77","3.51M","-0.85%"
"05/28/2024","328.70","325.39","330.99","324.48","3.81M","1.11%"
"05/24/2024","325.10","326.39","327.54","324.42","2.74M","-0.55%"
"05/23/2024","326.89","330.98","331.00","325.99","4.02M","-1.12%"
"05/22/2024","330.59","334.66","335.25","328.93","4.02M","-1.65%"
"05/21/2024","336.15","339.00","339.00","332.33","4.28M","-0.49%"
"05/20/2024","337.82","341.13","342.55","337.54","3.24M","-1.86%"
"05/17/2024","344.21","344.76","344.93","340.59","2.74M","0.43%"
"05/16/2024","342.73","348.00","348.25","342.67","3.10M","-1.70%"
"05/15/2024","348.67","345.18","350.44","344.69","4.15M","2.40%"
"05/14/2024","340.50","335.05","344.25","333.00","5.85M","-0.13%"
"05/13/2024","340.96","348.06","348.79","340.40","4.06M","-1.58%"
"05/10/2024","346.43","347.46","349.81","344.70","3.41M","-0.29%"
"05/09/2024","347.44","339.25","348.01","338.88","3.80M","2.54%"
"05/08/2024","338.83","338.78","340.44","337.63","3.12M","-0.55%"
"05/07/2024","340.69","343.60","345.54","340.38","2.93M","-0.47%"
"05/06/2024","342.29","346.00","346.38","340.44","3.37M","-0.16%"
"05/03/2024","342.85","341.28","346.88","340.37","4.17M","2.18%"
"05/02/2024","335.53","335.50","336.00","330.98","3.21M","1.07%"
"05/01/2024","331.97","333.01","335.39","329.43","3.27M","-0.67%"
"04/30/2024","334.22","335.72","337.44","332.86","3.09M","-0.77%"
"04/29/2024","336.80","335.00","337.33","334.14","2.60M","0.51%"
"04/26/2024","335.09","331.00","335.83","330.99","2.47M","0.94%"
"04/25/2024","331.98","329.72","332.91","326.90","3.79M","-0.31%"
"04/24/2024","333.01","337.07","337.55","331.82","4.03M","-1.77%"
"04/23/2024","339.00","338.00","340.19","336.29","3.70M","0.86%"
"04/22/2024","336.11","338.22","339.45","333.71","3.11M","0.22%"
"04/19/2024","335.36","334.71","335.87","332.58","3.08M","0.74%"
"04/18/2024","332.89","335.65","336.95","331.33","3.72M","0.02%"
"04/17/2024","332.83","336.78","337.25","331.94","4.27M","-0.60%"
"04/16/2024","334.83","336.82","338.11","332.96","4.53M","-0.92%"
"04/15/2024","337.93","345.92","346.08","337.19","4.21M","-1.44%"
"04/12/2024","342.87","346.12","346.12","341.51","3.55M","-1.30%"
"04/11/2024","347.37","351.04","351.91","345.79","4.10M","-0.91%"
"04/10/2024","350.56","351.87","353.99","348.74","4.81M","-3.00%"
"04/09/2024","361.42","363.63","364.45","358.73","3.02M","-0.17%"
"04/08/2024","362.05","358.07","362.57","357.26","4.34M","1.17%"
"04/05/2024","357.87","357.68","359.33","356.02","3.24M","0.05%"
"04/04/2024","357.68","362.61","365.00","356.91","4.38M","-0.62%"
"04/03/2024","359.90","362.00","362.40","359.00","4.72M","-0.85%"
"04/02/2024","363.00","364.50","366.86","362.96","4.65M","-1.37%"
"04/01/2024","368.03","381.47","383.14","367.84","4.33M","-4.06%"
"03/28/2024","383.60","387.13","387.61","379.72","4.11M","-0.59%"
"03/27/2024","385.89","380.85","386.32","380.74","2.54M","1.57%"
"03/26/2024","379.93","382.41","384.26","379.40","2.72M","-0.93%"
"03/25/2024","383.51","389.10","389.86","382.89","2.68M","-1.73%"
"03/22/2024","390.28","394.69","396.42","390.09","2.91M","-1.24%"
"03/21/2024","395.20","388.41","396.87","388.29","4.21M","2.81%"
"03/20/2024","384.41","379.42","384.88","376.23","2.75M","1.32%"
"03/19/2024","379.41","374.89","379.46","373.13","3.49M","2.02%"
"03/18/2024","371.91","376.49","377.60","371.14","3.46M","-0.35%"
"03/15/2024","373.23","374.12","378.42","372.54","9.23M","-0.54%"
"03/14/2024","375.27","378.00","380.20","372.17","3.88M","-0.98%"
"03/13/2024","378.99","376.03","382.71","375.78","3.76M","1.19%"
"03/12/2024","374.54","372.51","375.90","372.40","2.84M","0.81%"
"03/11/2024","371.52","371.56","372.98","368.87","2.83M","-0.49%"
"03/08/2024","373.35","375.00","376.62","372.10","2.16M","-0.85%"
"03/07/2024","376.55","377.87","380.30","375.58","2.37M","-0.24%"
"03/06/2024","377.44","378.53","379.82","375.89","2.50M","-0.27%"
"03/05/2024","378.45","380.10","380.98","377.02","3.01M","-0.50%"
"03/04/2024","380.37","382.90","384.53","380.11","2.62M","-1.06%"
"03/01/2024","384.45","380.36","385.10","379.83","2.75M","1.01%"
"02/29/2024","380.61","378.79","381.78","378.15","4.38M","0.79%"
"02/28/2024","377.61","375.56","379.84","375.06","2.28M","0.55%"
"02/27/2024","375.56","372.66","375.80","370.61","2.80M","1.07%"
"02/26/2024","371.60","373.51","374.88","370.72","2.46M","-0.10%"
"02/23/2024","371.96","372.08","374.24","370.25","3.40M","0.17%"
"02/22/2024","371.34","367.44","372.96","367.15","3.39M","1.98%"
"02/21/2024","364.13","360.59","365.11","358.95","3.28M","0.43%"
"02/20/2024","362.57","355.31","365.25","354.56","4.83M","0.06%"
"02/16/2024","362.35","360.68","363.99","359.15","3.90M","0.35%"
"02/15/2024","361.08","358.90","361.64","356.85","2.66M","0.80%"
"02/14/2024","358.23","357.17","358.98","353.98","3.00M","0.18%"
"02/13/2024","357.59","358.47","359.43","353.88","3.11M","-2.15%"
"02/12/2024","365.45","364.22","368.72","364.05","3.12M","0.63%"
"02/09/2024","363.15","364.13","364.43","360.80","2.39M","-0.16%"
"02/08/2024","363.72","362.86","365.65","361.65","2.52M","0.28%"
"02/07/2024","362.69","358.48","363.73","357.72","3.27M","1.81%"
"02/06/2024","356.25","354.85","358.00","354.30","2.05M","0.31%"
"02/05/2024","355.14","353.66","356.07","350.76","2.65M","-0.59%"
"02/02/2024","357.23","354.18","359.55","350.02","3.70M","-0.79%"
"02/01/2024","360.07","353.40","360.14","352.32","2.44M","2.01%"
"01/31/2024","352.96","357.92","358.98","352.35","3.38M","-1.16%"
"01/30/2024","357.10","354.50","358.93","354.04","2.34M","0.39%"
"01/29/2024","355.70","355.15","356.37","353.01","2.73M","0.11%"
"01/26/2024","355.30","351.47","357.05","351.02","3.18M","1.23%"
"01/25/2024","350.97","352.59","352.88","348.26","3.06M","1.07%"
"01/24/2024","347.27","351.94","352.87","347.07","3.47M","-1.00%"
"01/23/2024","350.78","355.85","355.88","349.06","3.88M","-1.66%"
"01/22/2024","356.69","359.36","361.46","355.69","4.00M","-1.58%"
"01/19/2024","362.41","358.81","362.96","356.28","3.23M","1.26%"
"01/18/2024","357.90","356.12","358.71","354.03","2.51M","0.62%"
"01/17/2024","355.70","356.63","359.76","354.05","2.65M","-0.76%"
"01/16/2024","358.43","358.06","359.64","356.21","3.67M","0.76%"
"01/12/2024","355.71","358.53","358.53","353.43","1.96M","-0.23%"
"01/11/2024","356.53","357.09","361.00","353.26","3.53M","-0.08%"
"01/10/2024","356.80","350.62","356.86","350.31","4.11M","3.06%"
"01/09/2024","346.19","345.81","349.11","345.25","2.34M","-0.50%"
"01/08/2024","347.93","343.43","348.46","343.25","2.74M","1.46%"
"01/05/2024","342.94","337.87","343.83","337.82","2.66M","1.28%"
"01/04/2024","338.59","339.93","342.92","338.54","3.65M","0.10%"
"01/03/2024","338.26","342.48","342.70","336.59","3.31M","-1.98%"
"01/02/2024","345.08","344.21","347.30","343.22","2.83M","-0.42%"
"12/29/2023","346.55","345.83","347.55","343.02","10.33M","-0.23%"
"12/28/2023","347.36","348.50","349.04","345.80","2.86M","-0.34%"
"12/27/2023","348.53","349.91","350.00","347.18","2.76M","-0.22%"
"12/26/2023","349.31","348.43","350.09","348.16","1.59M","0.21%"
"12/22/2023","348.59","349.04","351.34","346.69","2.03M","-0.11%"
"12/21/2023","348.97","351.87","352.25","347.00","2.79M","0.09%"
"12/20/2023","348.66","351.00","354.77","348.31","3.26M","-0.97%"
"12/19/2023","352.07","351.46","352.96","350.40","4.65M","0.36%"
"12/18/2023","350.81","353.71","354.92","350.32","4.42M","-0.90%"
"12/15/2023","354.00","348.22","354.38","346.75","11.21M","0.62%"
"12/14/2023","351.81","349.74","353.07","348.00","7.59M","2.45%"
"12/13/2023","343.40","334.90","343.83","331.91","5.82M","3.06%"
"12/12/2023","333.20","330.44","334.52","330.32","2.89M","0.56%"
"12/11/2023","331.33","329.81","332.09","328.81","3.52M","1.49%"
"12/08/2023","326.47","326.00","327.28","325.06","2.89M","0.09%"
"12/07/2023","326.17","326.11","327.41","324.68","2.74M","0.02%"
"12/06/2023","326.11","325.00","328.31","324.21","3.03M","0.81%"
"12/05/2023","323.50","322.00","323.92","320.01","3.27M","-0.16%"
"12/04/2023","324.02","319.62","325.08","318.96","3.83M","1.38%"
"12/01/2023","319.62","313.83","320.10","313.00","3.61M","1.96%"
"11/30/2023","313.49","312.54","313.76","308.59","4.49M","0.79%"
"11/29/2023","311.02","314.06","314.06","310.91","3.08M","-0.74%"
"11/28/2023","313.34","310.71","314.58","309.39","3.12M","0.78%"
"11/27/2023","310.92","310.69","312.89","309.75","2.99M","0.07%"
"11/24/2023","310.70","309.18","311.38","308.31","1.26M","0.49%"
"11/22/2023","309.20","307.39","309.86","306.48","2.87M","1.26%"
"11/21/2023","305.34","305.57","306.07","302.34","2.98M","-0.92%"
"11/20/2023","308.19","307.19","309.67","305.74","3.46M","0.30%"
"11/17/2023","307.27","308.50","308.71","305.45","2.77M","0.27%"
"11/16/2023","306.44","305.88","307.95","304.33","3.11M","-0.57%"
"11/15/2023","308.19","304.10","308.93","304.01","3.99M","1.50%"
"11/14/2023","303.63","300.89","308.24","300.14","7.95M","5.40%"
"11/13/2023","288.07","287.79","289.93","287.24","4.59M","-1.21%"
"11/10/2023","291.59","289.23","291.59","286.79","3.65M","1.29%"
"11/09/2023","287.87","291.95","292.74","287.68","4.06M","-2.72%"
"11/08/2023","295.92","295.03","298.01","294.11","2.46M","0.39%"
"11/07/2023","294.77","294.61","296.00","293.56","2.63M","0.07%"
"11/06/2023","294.57","294.75","296.44","293.22","2.89M","-0.35%"
"11/03/2023","295.61","294.18","297.81","294.17","3.07M","0.37%"
"11/02/2023","294.53","290.25","294.66","290.00","3.63M","2.76%"
"11/01/2023","286.63","285.59","286.83","282.02","2.75M","0.68%"
"10/31/2023","284.69","282.59","285.40","281.61","3.04M","1.14%"
"10/30/2023","281.48","277.47","282.32","276.96","3.07M","1.82%"
"10/27/2023","276.46","278.98","279.67","274.26","2.91M","-0.55%"
"10/26/2023","278.00","280.53","283.24","277.75","3.11M","-1.04%"
"10/25/2023","280.93","281.75","283.23","279.20","2.96M","-0.84%"
"10/24/2023","283.31","286.74","287.91","282.03","2.71M","-0.62%"
"10/23/2023","285.07","285.82","288.25","284.33","2.59M","-0.47%"
"10/20/2023","286.41","285.86","287.18","283.61","2.89M","-0.13%"
"10/19/2023","286.77","291.00","291.34","286.42","3.03M","-1.20%"
"10/18/2023","290.24","293.00","293.33","289.58","2.72M","-1.93%"
"10/17/2023","295.94","296.69","298.36","294.50","2.14M","-0.47%"
"10/16/2023","297.33","294.43","298.37","293.58","2.57M","1.85%"
"10/13/2023","291.92","292.94","294.73","290.89","2.09M","-0.38%"
"10/12/2023","293.02","297.70","297.70","290.77","2.55M","-1.69%"
"10/11/2023","298.05","299.74","300.85","295.90","2.29M","-0.39%"
"10/10/2023","299.22","296.69","300.67","295.17","3.12M","1.31%"
"10/09/2023","295.36","290.30","295.53","289.68","1.93M","0.87%"
"10/06/2023","292.82","290.76","294.54","287.39","2.92M","0.38%"
"10/05/2023","291.70","292.00","292.67","290.23","2.47M","-0.24%"
"10/04/2023","292.39","293.36","294.21","290.36","2.96M","0.15%"
"10/03/2023","291.94","297.91","298.30","290.07","3.61M","-2.63%"
"10/02/2023","299.83","300.52","303.45","298.46","2.81M","-0.77%"
"09/29/2023","302.16","304.95","305.67","299.82","3.50M","-0.44%"
"09/28/2023","303.49","301.67","304.87","300.75","2.37M","0.55%"
"09/27/2023","301.82","303.00","304.22","299.90","2.51M","-0.24%"
"09/26/2023","302.54","304.52","305.81","301.63","2.66M","-1.29%"
"09/25/2023","306.49","304.51","307.29","304.51","1.88M","0.25%"
"09/22/2023","305.73","306.16","307.65","305.46","2.29M","-0.34%"
"09/21/2023","306.76","309.40","310.23","306.36","2.77M","-1.32%"
"09/20/2023","310.86","315.00","316.35","310.80","2.32M","-1.19%"
"09/19/2023","314.61","315.95","316.93","312.34","2.78M","-0.84%"
"09/18/2023","317.26","320.16","321.65","316.91","2.74M","-1.29%"
"09/15/2023","321.40","327.32","329.17","320.33","7.12M","-2.50%"
"09/14/2023","329.63","327.39","330.30","325.27","2.71M","1.15%"
"09/13/2023","325.88","326.04","327.96","325.00","2.56M","-0.12%"
"09/12/2023","326.28","326.83","328.77","325.89","2.19M","-0.64%"
"09/11/2023","328.37","329.29","329.88","327.57","2.09M","-0.10%"
"09/08/2023","328.71","327.50","329.49","326.68","2.21M","0.09%"
"09/07/2023","328.42","325.03","329.92","324.30","2.45M","0.74%"
"09/06/2023","326.00","327.53","328.61","325.55","3.20M","-0.54%"
"09/05/2023","327.78","331.84","332.30","327.37","3.14M","-1.59%"
"09/01/2023","333.08","332.00","333.45","331.14","2.32M","0.84%"
"08/31/2023","330.30","331.20","332.60","329.67","2.91M","-0.10%"
"08/30/2023","330.63","328.00","331.62","327.87","2.26M","0.38%"
"08/29/2023","329.38","326.79","329.84","326.77","2.63M","1.06%"
"08/28/2023","325.91","323.20","327.44","322.87","2.10M","0.94%"
"08/25/2023","322.86","323.43","326.34","321.20","2.42M","0.08%"
"08/24/2023","322.59","325.12","329.00","322.30","2.49M","-1.07%"
"08/23/2023","326.09","324.52","326.93","324.08","2.73M","0.50%"
"08/22/2023","324.48","325.27","326.31","322.03","2.58M","0.13%"
"08/21/2023","324.06","326.61","327.87","323.50","3.11M","-1.01%"
"08/18/2023","327.37","325.06","328.89","324.42","3.47M","0.03%"
"08/17/2023","327.28","333.77","335.65","327.06","3.89M","-1.73%"
"08/16/2023","333.03","332.62","337.81","331.68","3.75M","0.27%"
"08/15/2023","332.14","331.76","338.17","328.52","5.86M","0.66%"
"08/14/2023","329.95","331.46","333.79","328.43","3.97M","-0.35%"
"08/11/2023","331.11","328.52","331.59","328.35","3.11M","0.52%"
"08/10/2023","329.40","330.66","332.89","328.94","3.08M","0.36%"
"08/09/2023","328.21","327.35","330.92","326.76","2.70M","0.12%"
"08/08/2023","327.81","326.58","328.52","323.39","3.27M","-0.41%"
"08/07/2023","329.17","327.21","329.40","326.59","2.11M","0.84%"
"08/04/2023","326.43","328.16","329.52","325.33","3.59M","-1.04%"
"08/03/2023","329.85","327.68","332.10","327.64","2.45M","0.41%"
"08/02/2023","328.50","330.03","332.53","327.92","2.75M","-1.08%"
"08/01/2023","332.07","331.76","334.97","330.88","2.55M","-0.53%"
"07/31/2023","333.84","331.65","334.07","331.48","2.69M","0.75%"
"07/28/2023","331.37","332.00","333.00","329.50","2.27M","0.50%"
"07/27/2023","329.71","331.71","333.43","328.93","2.61M","0.04%"
"07/26/2023","329.59","324.69","330.96","324.24","3.45M","1.37%"
"07/25/2023","325.13","325.07","326.90","323.83","2.89M","0.01%"
"07/24/2023","325.11","320.97","325.66","320.95","2.62M","1.45%"
"07/21/2023","320.47","321.07","321.89","319.49","3.67M","0.43%"
"07/20/2023","319.09","320.34","321.45","317.88","2.10M","-0.12%"
"07/19/2023","319.48","317.00","319.94","316.68","2.36M","0.86%"
"07/18/2023","316.76","314.53","318.32","312.13","2.32M","0.22%"
"07/17/2023","316.05","315.72","317.82","314.15","2.00M","-0.14%"
"07/14/2023","316.50","314.84","316.90","314.22","2.94M","0.60%"
"07/13/2023","314.60","318.10","318.42","313.47","3.24M","-0.92%"
"07/12/2023","317.52","316.31","321.26","316.01","5.30M","1.23%"
"07/11/2023","313.66","312.91","314.57","310.74","2.91M","1.09%"
"07/10/2023","310.28","303.20","310.53","303.20","3.25M","2.47%"
"07/07/2023","302.81","301.99","305.63","300.89","2.95M","0.26%"
"07/06/2023","302.02","306.84","307.98","301.54","4.83M","-2.82%"
"07/05/2023","310.80","310.50","312.30","309.99","2.50M","0.25%"
"07/03/2023","310.02","309.78","311.40","308.90","1.48M","-0.20%"
"06/30/2023","310.64","309.58","311.43","308.30","3.23M","0.92%"
"06/29/2023","307.82","306.78","308.13","304.03","3.28M","0.43%"
"06/28/2023","306.51","312.00","312.94","306.06","4.03M","-2.30%"
"06/27/2023","313.74","308.15","315.46","307.89","5.34M","1.90%"
"06/26/2023","307.89","302.67","309.21","301.98","4.44M","2.35%"
"06/23/2023","300.81","300.32","302.32","299.10","8.53M","-0.12%"
"06/22/2023","301.18","301.50","302.83","299.60","3.05M","0.16%"
"06/21/2023","300.70","302.87","303.57","300.18","2.71M","-0.24%"
"06/20/2023","301.41","299.77","302.75","298.23","3.37M","0.34%"
"06/16/2023","300.38","304.34","305.98","300.14","10.81M","-0.54%"
"06/15/2023","302.02","300.84","303.43","299.58","4.11M","0.77%"
"06/14/2023","299.71","300.99","302.55","295.63","4.18M","-0.12%"
"06/13/2023","300.08","302.40","304.12","298.67","4.04M","-0.26%"
"06/12/2023","300.86","298.40","302.61","297.65","4.46M","1.18%"
"06/09/2023","297.35","300.98","301.43","296.10","3.49M","-1.24%"
"06/08/2023","301.09","302.16","305.45","300.79","3.76M","-0.20%"
"06/07/2023","301.70","297.31","302.20","297.11","4.84M","1.93%"
"06/06/2023","296.00","291.82","296.92","291.65","2.86M","0.99%"
"06/05/2023","293.10","295.62","295.75","291.36","3.22M","-0.96%"
"06/02/2023","295.94","290.65","296.21","289.72","4.52M","2.62%"
"06/01/2023","288.39","284.05","289.22","279.98","4.31M","1.74%"
"05/31/2023","283.45","289.59","290.00","281.96","18.29M","-3.06%"
"05/30/2023","292.40","293.28","294.45","288.95","5.19M","-0.15%"
"05/26/2023","292.83","287.00","293.30","285.69","4.63M","2.12%"
"05/25/2023","286.75","291.79","291.79","286.06","5.36M","-1.49%"
"05/24/2023","291.10","297.37","297.52","290.18","4.98M","-1.30%"
"05/23/2023","294.94","289.28","297.77","289.28","5.35M","1.47%"
"05/22/2023","290.66","290.73","292.99","288.08","3.74M","-0.08%"
"05/19/2023","290.88","295.76","295.76","289.95","4.47M","-1.45%"
"05/18/2023","295.16","292.65","295.93","291.60","4.55M","0.95%"
"05/17/2023","292.39","282.15","294.05","281.21","7.96M","3.56%"
"05/16/2023","282.33","281.75","286.09","277.09","12.37M","-2.15%"
"05/15/2023","288.54","289.92","290.92","286.94","5.35M","-0.66%"
"05/12/2023","290.47","288.00","290.97","287.45","3.44M","0.97%"
"05/11/2023","287.69","288.74","289.45","285.02","3.86M","-0.46%"
"05/10/2023","289.03","291.71","293.57","285.92","3.57M","-0.53%"
"05/09/2023","290.58","286.17","291.06","285.76","2.57M","0.92%"
"05/08/2023","287.93","289.00","289.84","284.44","3.74M","-0.58%"
"05/05/2023","289.62","287.17","290.87","286.10","3.81M","1.35%"
"05/04/2023","285.75","292.72","294.59","285.33","4.42M","-2.50%"
"05/03/2023","293.08","294.56","298.76","292.50","2.74M","-0.41%"
"05/02/2023","294.28","298.44","298.67","291.05","3.41M","-1.15%"
"05/01/2023","297.70","298.98","299.56","297.37","2.97M","-0.94%"
"04/28/2023","300.54","293.77","300.82","293.38","4.06M","2.25%"
"04/27/2023","293.93","288.00","294.71","287.80","3.13M","2.03%"
"04/26/2023","288.07","295.43","295.97","287.08","4.04M","-2.79%"
"04/25/2023","296.33","301.50","302.69","296.13","4.53M","-1.76%"
"04/24/2023","301.64","300.00","301.90","299.22","2.52M","0.53%"
"04/21/2023","300.04","301.62","303.20","299.35","3.51M","0.49%"
"04/20/2023","298.57","295.97","301.31","295.50","3.37M","0.56%"
"04/19/2023","296.91","296.45","298.29","295.05","2.89M","-0.68%"
"04/18/2023","298.95","296.32","299.24","295.92","2.85M","1.20%"
"04/17/2023","295.40","291.70","295.50","291.55","2.62M","1.10%"
"04/14/2023","292.19","292.15","296.20","291.38","2.65M","0.01%"
"04/13/2023","292.15","290.89","292.47","286.37","3.51M","0.59%"
"04/12/2023","290.44","296.20","298.44","289.58","3.34M","-1.13%"
"04/11/2023","293.77","292.69","295.10","291.76","2.50M","0.89%"
"04/10/2023","291.17","286.13","292.64","285.66","2.80M","0.89%"
"04/06/2023","288.61","287.25","289.79","284.24","3.19M","-0.02%"
"04/05/2023","288.67","295.00","295.71","288.48","4.00M","-2.13%"
"04/04/2023","294.96","297.50","299.80","294.39","2.97M","-0.93%"
"04/03/2023","297.73","294.87","297.97","294.73","4.01M","0.88%"
"03/31/2023","295.12","286.99","295.55","286.76","5.80M","3.42%"
"03/30/2023","285.36","285.36","286.10","283.85","3.43M","0.71%"
"03/29/2023","283.36","281.25","283.99","281.25","3.61M","0.90%"
"03/28/2023","280.82","280.80","283.29","279.93","3.63M","-0.16%"
"03/27/2023","281.27","283.75","284.94","280.91","4.27M","-0.62%"
"03/24/2023","283.02","282.56","284.93","280.83","3.85M","-0.31%"
"03/23/2023","283.91","285.26","286.11","280.22","6.01M","0.46%"
"03/22/2023","282.61","290.09","291.20","282.45","3.72M","-2.36%"
"03/21/2023","289.43","291.43","292.89","287.60","4.79M","0.06%"
"03/20/2023","289.26","287.43","289.83","286.61","3.68M","0.30%"
"03/17/2023","288.39","287.82","291.95","286.26","8.34M","0.58%"
"03/16/2023","286.73","287.00","288.03","285.00","4.40M","-0.43%"
"03/15/2023","287.97","283.95","289.16","282.67","4.84M","0.84%"
"03/14/2023","285.57","289.30","289.80","281.39","5.12M","-0.33%"
"03/13/2023","286.52","283.99","292.34","282.60","3.89M","0.07%"
"03/10/2023","286.31","288.56","293.16","284.10","4.73M","-0.59%"
"03/09/2023","288.00","293.05","294.37","287.75","3.25M","-1.20%"
"03/08/2023","291.49","289.44","292.46","288.27","4.68M","0.27%"
"03/07/2023","290.70","299.06","299.06","290.42","4.51M","-2.52%"
"03/06/2023","298.21","298.00","300.11","296.98","3.76M","-0.08%"
"03/03/2023","298.45","294.64","298.61","293.76","4.04M","1.85%"
"03/02/2023","293.02","288.46","294.11","287.27","4.10M","0.77%"
"03/01/2023","290.79","291.92","293.72","288.66","5.91M","-1.94%"
"02/28/2023","296.54","295.00","298.70","294.31","3.95M","0.18%"
"02/27/2023","296.01","299.36","300.49","295.04","3.24M","-0.22%"
"02/24/2023","296.66","292.40","298.33","292.00","3.71M","-0.89%"
"02/23/2023","299.31","296.79","299.88","294.62","4.35M","1.02%"
"02/22/2023","296.30","297.55","300.40","295.09","5.92M","0.27%"
"02/21/2023","295.50","305.55","308.01","295.03","10.89M","-7.06%"
"02/17/2023","317.95","318.68","320.60","312.95","4.99M","-1.02%"
"02/16/2023","321.24","315.00","323.74","314.93","3.17M","0.17%"
"02/15/2023","320.69","315.88","321.53","315.79","2.59M","0.71%"
"02/14/2023","318.43","320.61","322.96","315.67","3.38M","-1.58%"
"02/13/2023","323.53","317.34","323.69","315.61","2.43M","2.21%"
"02/10/2023","316.54","313.85","317.20","312.75","2.77M","0.31%"
"02/09/2023","315.55","323.10","323.89","314.83","3.06M","-1.63%"
"02/08/2023","320.79","322.94","323.99","319.57","2.78M","-1.36%"
"02/07/2023","325.20","324.00","327.00","320.72","3.87M","-1.24%"
"02/06/2023","329.27","328.99","331.01","327.46","2.23M","-0.67%"
"02/03/2023","331.50","332.53","334.71","330.33","3.39M","-2.44%"
"02/02/2023","339.79","333.45","341.47","332.69","4.78M","3.57%"
"02/01/2023","328.09","322.39","330.55","317.64","3.08M","1.21%"
"01/31/2023","324.17","315.99","324.35","315.10","3.53M","3.16%"
"01/30/2023","314.24","315.83","318.14","313.69","2.64M","-0.77%"
"01/27/2023","316.69","312.02","318.24","311.33","2.76M","0.92%"
"01/26/2023","313.81","314.15","319.26","312.53","3.56M","-1.09%"
"01/25/2023","317.26","315.33","318.12","311.55","2.06M","-0.14%"
"01/24/2023","317.69","314.49","318.10","312.63","2.13M","0.70%"
"01/23/2023","315.48","313.54","317.53","311.09","3.24M","0.15%"
"01/20/2023","315.00","310.01","315.24","307.39","3.73M","1.33%"
"01/19/2023","310.88","320.34","321.34","310.63","5.36M","-3.96%"
"01/18/2023","323.69","330.00","334.52","322.93","2.95M","-1.17%"
"01/17/2023","327.53","330.33","335.16","327.10","3.99M","-1.11%"
"01/13/2023","331.21","326.49","332.39","326.00","2.80M","0.41%"
"01/12/2023","329.87","332.21","332.21","326.71","2.48M","0.26%"
"01/11/2023","329.00","322.55","329.04","322.12","2.86M","2.61%"
"01/10/2023","320.63","316.30","320.73","313.96","2.11M","0.89%"
"01/09/2023","317.81","320.00","322.55","317.06","3.47M","0.09%"
"01/06/2023","317.53","316.29","318.85","309.00","4.02M","0.65%"
"01/05/2023","315.47","317.83","318.08","313.23","2.94M","-1.33%"
"01/04/2023","319.73","321.07","322.51","316.38","3.56M","1.21%"
"01/03/2023","315.91","317.42","319.22","311.78","2.82M","0.02%"
"12/30/2022","315.86","317.49","318.17","313.02","2.58M","-1.42%"
"12/29/2022","320.41","318.65","321.83","317.59","1.56M","1.48%"
"12/28/2022","315.73","320.55","321.43","315.50","1.57M","-1.20%"
"12/27/2022","319.55","318.41","321.55","317.51","1.61M","0.26%"
"12/23/2022","318.73","314.15","319.10","313.06","2.06M","0.83%"
"12/22/2022","316.12","316.40","316.40","310.73","3.06M","-1.01%"
"12/21/2022","319.36","318.05","319.59","314.74","2.61M","1.44%"
"12/20/2022","314.84","313.32","316.89","310.83","2.63M","-0.78%"
"12/19/2022","317.33","319.50","321.91","316.02","3.00M","-1.86%"
"12/16/2022","323.34","323.43","327.94","319.24","9.61M","-1.30%"
"12/15/2022","327.60","329.44","330.02","323.37","5.06M","-1.75%"
"12/14/2022","333.43","330.53","339.05","329.01","4.55M","0.16%"
"12/13/2022","332.89","344.35","347.25","329.96","5.79M","1.50%"
"12/12/2022","327.98","323.00","328.34","321.29","4.90M","2.34%"
"12/09/2022","320.48","321.48","324.44","319.93","3.74M","-1.11%"
"12/08/2022","324.09","318.55","324.52","318.55","3.48M","1.23%"
"12/07/2022","320.15","315.96","322.88","314.44","4.04M","0.85%"
"12/06/2022","317.45","319.64","321.65","314.54","3.34M","-0.82%"
"12/05/2022","320.08","325.15","325.52","319.54","5.06M","-2.41%"
"12/02/2022","327.99","321.08","328.48","320.33","3.64M","0.28%"
"12/01/2022","327.07","326.31","329.67","324.44","3.83M","0.95%"
"11/30/2022","323.99","312.93","324.19","311.49","15.11M","2.54%"
"11/29/2022","315.96","316.00","320.00","315.62","3.51M","-0.93%"
"11/28/2022","318.92","325.06","328.80","317.85","4.74M","-2.29%"
"11/25/2022","326.38","322.89","329.08","321.90","3.39M","1.51%"
"11/23/2022","321.51","326.76","327.82","320.44","4.24M","-1.04%"
"11/22/2022","324.88","320.00","326.82","319.38","6.05M","2.56%"
"11/21/2022","316.78","316.96","318.84","314.20","4.07M","1.15%"
"11/18/2022","313.18","314.14","316.00","310.26","3.56M","0.56%"
"11/17/2022","311.44","312.00","313.68","306.15","3.64M","-1.10%"
"11/16/2022","314.91","305.86","316.41","304.51","5.25M","0.96%"
"11/15/2022","311.93","304.06","316.63","303.25","9.29M","1.63%"
"11/14/2022","306.92","314.36","315.98","306.34","6.39M","-2.55%"
"11/11/2022","314.94","312.00","317.68","310.24","4.95M","1.04%"
"11/10/2022","311.70","297.74","314.74","297.08","7.79M","8.70%"
"11/09/2022","286.75","289.00","292.50","286.26","3.07M","-1.51%"
"11/08/2022","291.14","292.43","293.34","287.63","3.37M","0.30%"
"11/07/2022","290.27","286.50","291.70","282.84","3.26M","2.20%"
"11/04/2022","284.03","285.89","288.84","277.50","4.40M","0.90%"
"11/03/2022","281.50","283.57","285.95","280.51","4.82M","-2.50%"
"11/02/2022","288.73","295.20","300.17","288.52","4.43M","-2.48%"
"11/01/2022","296.06","300.37","302.21","293.35","3.31M","-0.02%"
"10/31/2022","296.13","294.41","299.28","292.55","4.21M","-0.84%"
"10/28/2022","298.65","290.00","299.16","290.00","3.24M","2.61%"
"10/27/2022","291.06","291.85","294.27","289.45","3.04M","0.31%"
"10/26/2022","290.15","290.60","291.87","286.17","2.62M","-0.04%"
"10/25/2022","290.26","285.51","292.13","285.51","2.79M","2.47%"
"10/24/2022","283.26","276.97","284.47","276.97","2.94M","2.81%"
"10/21/2022","275.53","268.34","275.71","268.00","3.43M","2.25%"
"10/20/2022","269.46","274.94","278.00","267.86","3.96M","-2.19%"
"10/19/2022","275.49","282.47","282.77","273.02","4.32M","-3.36%"
"10/18/2022","285.06","287.95","289.86","283.23","3.17M","1.35%"
"10/17/2022","281.26","279.60","283.87","279.34","3.43M","1.75%"
"10/14/2022","276.43","286.64","286.64","275.95","2.78M","-2.26%"
"10/13/2022","282.83","274.66","284.83","268.73","3.88M","0.82%"
"10/12/2022","280.52","284.42","284.64","280.49","2.26M","-0.84%"
"10/11/2022","282.89","281.10","286.20","280.90","2.77M","0.15%"
"10/10/2022","282.46","283.56","284.86","280.22","2.12M","-0.65%"
"10/07/2022","284.32","287.53","288.63","282.42","2.41M","-2.09%"
"10/06/2022","290.39","289.56","292.97","287.77","2.64M","0.19%"
"10/05/2022","289.85","286.25","292.11","285.37","2.73M","0.10%"
"10/04/2022","289.56","287.50","291.31","286.56","3.64M","2.07%"
"10/03/2022","283.70","281.00","286.06","279.55","3.58M","2.81%"
"09/30/2022","275.94","277.82","281.79","274.76","4.79M","-0.86%"
"09/29/2022","278.33","278.51","278.76","274.73","4.52M","-1.37%"
"09/28/2022","282.19","275.22","283.50","272.71","5.82M","5.02%"
"09/27/2022","268.69","269.36","273.69","266.98","3.70M","0.79%"
"09/26/2022","266.58","271.43","273.55","265.61","4.18M","-1.61%"
"09/23/2022","270.94","267.89","271.30","266.32","3.53M","0.67%"
"09/22/2022","269.14","271.22","271.22","267.85","3.52M","-0.89%"
"09/21/2022","271.57","276.00","280.13","271.51","3.17M","-0.95%"
"09/20/2022","274.17","276.88","278.78","271.37","2.94M","-2.23%"
"09/19/2022","280.42","273.58","281.23","273.51","3.05M","1.61%"
"09/16/2022","275.97","269.05","276.56","268.90","9.54M","1.63%"
"09/15/2022","271.54","277.89","278.01","270.54","3.90M","-1.74%"
"09/14/2022","276.34","279.40","279.54","273.17","4.19M","-0.57%"
"09/13/2022","277.93","292.01","294.08","277.32","4.80M","-6.59%"
"09/12/2022","297.54","300.80","302.83","296.35","3.63M","-0.74%"
"09/09/2022","299.77","299.48","302.49","298.33","2.77M","-0.04%"
"09/08/2022","299.90","296.00","300.19","294.54","2.70M","0.82%"
"09/07/2022","297.47","290.44","297.70","290.30","3.02M","2.74%"
"09/06/2022","289.54","293.22","294.50","287.26","4.11M","-0.81%"
"09/02/2022","291.90","296.11","296.80","290.12","2.75M","-0.50%"
"09/01/2022","293.37","288.40","293.58","286.72","3.74M","1.72%"
"08/31/2022","288.42","292.01","292.47","288.28","4.38M","-1.60%"
"08/30/2022","293.10","298.56","299.90","291.67","2.89M","-1.09%"
"08/29/2022","296.32","296.57","299.71","294.29","2.71M","-0.60%"
"08/26/2022","298.10","310.30","311.51","298.02","3.32M","-3.77%"
"08/25/2022","309.78","308.64","309.96","305.83","2.53M","0.54%"
"08/24/2022","308.11","305.05","309.98","303.55","2.50M","0.39%"
"08/23/2022","306.90","311.21","311.52","305.64","3.32M","-1.70%"
"08/22/2022","312.21","318.09","319.74","311.71","3.14M","-2.84%"
"08/19/2022","321.32","324.97","326.32","319.77","3.49M","-1.20%"
"08/18/2022","325.21","324.96","327.94","322.22","2.90M","-0.17%"
"08/17/2022","325.76","328.09","329.50","324.07","3.16M","-0.49%"
"08/16/2022","327.38","312.98","332.98","312.88","10.09M","4.06%"
"08/15/2022","314.61","312.04","315.76","310.15","3.92M","-0.09%"
"08/12/2022","314.89","312.61","314.93","310.18","2.27M","1.35%"
"08/11/2022","310.69","313.84","314.62","309.58","2.44M","-0.29%"
"08/10/2022","311.58","309.50","312.98","309.05","3.86M","2.09%"
"08/09/2022","305.21","308.89","309.96","303.31","2.61M","-2.17%"
"08/08/2022","311.97","311.86","315.80","310.44","2.51M","0.74%"
"08/05/2022","309.69","305.38","309.78","304.49","2.03M","0.82%"
"08/04/2022","307.17","304.54","309.97","304.44","2.72M","0.26%"
"08/03/2022","306.37","303.35","308.07","300.34","3.33M","1.88%"
"08/02/2022","300.71","305.40","305.61","300.01","3.09M","-1.67%"
"08/01/2022","305.82","300.64","308.45","300.01","3.30M","1.62%"
"07/29/2022","300.94","300.00","301.43","297.43","3.24M","0.44%"
"07/28/2022","299.63","295.00","301.24","293.17","3.99M","0.24%"
"07/27/2022","298.91","298.21","300.31","291.79","3.22M","0.24%"
"07/26/2022","298.18","297.00","300.64","295.91","2.69M","-2.60%"
"07/25/2022","306.15","306.80","307.43","303.83","1.91M","-0.14%"
"07/22/2022","306.59","307.66","310.67","304.36","2.39M","0.52%"
"07/21/2022","305.00","302.85","305.25","298.87","1.97M","0.89%"
"07/20/2022","302.30","300.93","303.69","298.28","2.53M","0.82%"
"07/19/2022","299.83","295.44","300.01","293.31","2.61M","2.31%"
"07/18/2022","293.05","297.25","298.49","292.00","2.66M","0.22%"
"07/15/2022","292.41","294.81","295.45","290.95","2.65M","1.01%"
"07/14/2022","289.48","281.85","290.29","281.65","2.82M","0.80%"
"07/13/2022","287.18","281.63","289.79","279.76","2.94M","0.72%"
"07/12/2022","285.12","288.97","293.64","283.41","2.70M","-0.44%"
"07/11/2022","286.39","285.18","289.59","285.14","2.45M","-0.03%"
"07/08/2022","286.47","285.99","287.99","283.91","1.89M","-0.08%"
"07/07/2022","286.69","282.84","286.97","281.45","3.13M","1.10%"
"07/06/2022","283.58","284.99","285.92","280.52","2.21M","-0.05%"
"07/05/2022","283.73","275.50","283.73","275.03","3.24M","1.67%"
"07/01/2022","279.08","275.73","280.75","274.55","2.82M","1.75%"
"06/30/2022","274.27","270.73","277.04","268.04","4.06M","0.15%"
"06/29/2022","273.87","271.58","276.16","268.80","2.46M","1.38%"
"06/28/2022","270.15","283.78","285.60","269.82","4.07M","-4.44%"
"06/27/2022","282.69","284.46","285.00","281.49","2.54M","-0.11%"
"06/24/2022","283.00","277.47","283.46","273.92","10.31M","2.75%"
"06/23/2022","275.42","270.00","275.59","269.89","3.75M","2.39%"
"06/22/2022","268.98","266.39","271.77","264.51","4.68M","-0.08%"
"06/21/2022","269.20","273.69","273.92","267.42","5.50M","-0.57%"
"06/17/2022","270.73","271.00","276.62","270.39","10.78M","-1.00%"
"06/16/2022","273.46","274.92","276.11","269.73","6.18M","-2.24%"
"06/15/2022","279.73","281.00","283.59","275.47","4.05M","0.38%"
"06/14/2022","278.67","283.21","286.38","276.59","3.99M","-1.59%"
"06/13/2022","283.16","284.36","286.82","281.28","4.70M","-2.10%"
"06/10/2022","289.24","291.50","296.50","288.64","4.63M","-3.54%"
"06/09/2022","299.86","297.76","306.88","297.35","4.17M","0.78%"
"06/08/2022","297.53","299.78","300.58","295.68","3.00M","-1.41%"
"06/07/2022","301.77","295.06","302.38","292.60","3.55M","-0.70%"
"06/06/2022","303.89","305.56","307.61","303.25","2.56M","-0.39%"
"06/03/2022","305.08","303.33","308.46","301.90","2.96M","-0.26%"
"06/02/2022","305.87","298.81","306.03","295.89","4.09M","2.92%"
"06/01/2022","297.19","301.74","302.98","297.03","3.08M","-1.84%"
"05/31/2022","302.75","306.60","307.87","300.83","5.97M","-1.85%"
"05/27/2022","308.46","303.54","308.50","301.60","3.90M","1.87%"
"05/26/2022","302.81","297.32","305.63","297.00","4.17M","3.15%"
"05/25/2022","293.57","285.81","295.49","285.66","4.61M","1.96%"
"05/24/2022","287.92","284.00","289.32","280.65","4.24M","0.66%"
"05/23/2022","286.03","289.09","290.34","280.32","4.31M","-0.40%"
"05/20/2022","287.19","289.82","290.50","279.59","5.62M","-0.20%"
"05/19/2022","287.76","285.50","292.50","284.96","5.21M","0.90%"
"05/18/2022","285.18","293.00","295.44","281.18","7.80M","-5.24%"
"05/17/2022","300.95","306.50","310.94","290.90","12.43M","1.68%"
"05/16/2022","295.99","294.08","299.57","289.79","4.27M","-0.01%"
"05/13/2022","296.03","289.95","299.42","288.45","3.95M","2.19%"
"05/12/2022","289.69","281.57","293.18","280.63","4.45M","2.38%"
"05/11/2022","282.96","291.45","293.33","282.57","3.88M","-2.82%"
"05/10/2022","291.16","298.46","301.07","287.66","4.39M","-1.98%"
"05/09/2022","297.03","290.28","300.74","288.50","5.24M","0.92%"
"05/06/2022","294.31","296.30","296.75","289.41","4.33M","-1.60%"
"05/05/2022","299.11","311.00","311.36","293.71","4.96M","-5.14%"
"05/04/2022","315.31","304.08","315.75","302.93","4.02M","3.39%"
"05/03/2022","304.96","305.69","309.00","303.02","3.34M","-0.65%"
"05/02/2022","306.97","301.99","308.79","299.91","4.23M","2.19%"
"04/29/2022","300.40","308.15","311.72","299.71","4.88M","-3.64%"
"04/28/2022","311.76","304.75","314.54","303.01","4.15M","3.37%"
"04/27/2022","301.60","301.30","306.42","299.12","3.45M","0.55%"
"04/26/2022","299.96","302.25","307.56","299.72","3.42M","-1.63%"
"04/25/2022","304.94","300.00","305.16","296.27","4.40M","1.61%"
"04/22/2022","300.11","309.82","309.82","299.78","4.04M","-3.30%"
"04/21/2022","310.36","317.00","318.40","309.74","3.01M","-1.52%"
"04/20/2022","315.14","311.00","316.10","309.75","4.72M","2.38%"
"04/19/2022","307.80","300.61","308.13","299.81","3.39M","2.53%"
"04/18/2022","300.21","303.00","306.29","298.72","3.19M","-1.42%"
"04/14/2022","304.52","310.83","312.25","304.33","4.57M","-1.90%"
"04/13/2022","310.42","306.11","311.70","305.72","3.19M","1.35%"
"04/12/2022","306.29","309.44","313.29","305.10","4.12M","-0.14%"
"04/11/2022","306.72","307.81","314.17","305.93","4.10M","-1.41%"
"04/08/2022","311.11","301.46","312.29","301.28","5.74M","2.76%"
"04/07/2022","302.75","296.79","304.59","293.59","5.24M","1.41%"
"04/06/2022","298.54","298.09","300.66","294.99","6.50M","-2.07%"
"04/05/2022","304.86","306.26","309.10","302.21","4.38M","-0.24%"
"04/04/2022","305.58","301.49","306.48","299.57","4.67M","1.22%"
"04/01/2022","301.89","300.50","303.37","298.90","5.55M","0.86%"
"03/31/2022","299.33","306.21","307.96","298.89","11.04M","-2.96%"
"03/30/2022","308.46","313.11","315.24","306.10","7.22M","-2.91%"
"03/29/2022","317.71","316.91","321.00","312.92","5.31M","1.09%"
"03/28/2022","314.28","311.00","314.35","309.23","3.94M","1.16%"
"03/25/2022","310.68","318.48","318.80","308.30","5.18M","-1.62%"
"03/24/2022","315.78","317.15","319.40","314.30","4.60M","-0.40%"
"03/23/2022","317.05","326.90","328.19","315.85","5.21M","-3.85%"
"03/22/2022","329.73","329.32","331.30","324.01","4.85M","0.11%"
"03/21/2022","329.37","338.04","340.69","327.08","4.52M","-3.34%"
"03/18/2022","340.74","333.63","340.74","332.30","9.41M","1.30%"
"03/17/2022","336.36","329.14","336.36","327.84","3.12M","1.65%"
"03/16/2022","330.91","331.58","333.95","324.23","3.94M","0.72%"
"03/15/2022","328.54","320.35","330.18","320.33","3.78M","3.20%"
"03/14/2022","318.36","322.91","324.00","316.21","3.60M","0.50%"
"03/11/2022","316.79","319.28","321.79","316.23","2.97M","-0.36%"
"03/10/2022","317.94","314.36","318.26","308.75","3.90M","0.23%"
"03/09/2022","317.20","320.00","322.46","316.92","4.44M","0.15%"
"03/08/2022","316.74","319.75","328.49","315.95","5.09M","-1.87%"
"03/07/2022","322.77","324.26","329.60","320.11","4.67M","-0.46%"
"03/04/2022","324.26","322.21","326.66","319.51","3.63M","-0.03%"
"03/03/2022","324.36","329.19","330.68","322.83","3.86M","-0.92%"
"03/02/2022","327.37","321.06","331.19","319.68","5.65M","2.22%"
"03/01/2022","320.25","314.59","322.43","313.76","5.64M","1.40%"
"02/28/2022","315.83","312.97","316.08","310.48","5.74M","-0.26%"
"02/25/2022","316.65","313.18","317.44","307.57","6.51M","1.09%"
"02/24/2022","313.24","300.00","313.44","299.29","8.42M","1.55%"
"02/23/2022","308.45","319.32","320.40","307.10","11.03M","-2.44%"
"02/22/2022","316.17","335.09","336.69","312.35","19.75M","-8.85%"
"02/18/2022","346.87","348.39","350.60","344.10","5.53M","-0.31%"
"02/17/2022","347.94","348.99","352.31","347.39","3.93M","-0.61%"
"02/16/2022","350.09","351.50","352.86","345.72","3.59M","-0.90%"
"02/15/2022","353.26","355.56","357.42","351.38","3.55M","0.48%"
"02/14/2022","351.56","348.00","352.91","346.83","3.65M","0.36%"
"02/11/2022","350.29","354.69","357.34","348.56","3.31M","-1.35%"
"02/10/2022","355.09","358.84","363.00","352.87","4.29M","-2.55%"
"02/09/2022","364.37","365.31","367.46","363.00","2.78M","0.81%"
"02/08/2022","361.44","357.35","362.98","354.80","3.23M","1.14%"
"02/07/2022","357.35","360.26","361.80","355.44","2.81M","-0.65%"
"02/04/2022","359.67","363.50","364.67","354.25","3.73M","-1.41%"
"02/03/2022","364.81","370.19","372.12","363.20","4.01M","-2.39%"
"02/02/2022","373.73","368.38","374.67","367.76","3.84M","1.36%"
"02/01/2022","368.70","369.47","370.69","362.37","3.41M","0.47%"
"01/31/2022","366.98","364.81","367.41","362.20","4.08M","0.12%"
"01/28/2022","366.54","360.17","366.72","352.84","4.55M","2.84%"
"01/27/2022","356.43","360.43","364.12","353.91","3.94M","-0.24%"
"01/26/2022","357.28","360.00","365.90","354.45","6.10M","-0.47%"
"01/25/2022","358.98","358.14","361.52","352.19","5.54M","-1.33%"
"01/24/2022","363.81","343.78","364.38","343.61","8.60M","4.21%"
"01/21/2022","349.10","351.72","360.09","347.18","7.72M","-0.14%"
"01/20/2022","349.58","361.33","361.85","349.02","5.44M","-2.81%"
"01/19/2022","359.69","367.18","368.70","359.41","5.18M","-1.92%"
"01/18/2022","366.72","366.10","368.09","360.03","6.44M","-1.42%"
"01/14/2022","372.00","381.33","382.01","371.50","6.34M","-3.87%"
"01/13/2022","386.98","392.51","394.31","385.86","3.47M","-0.62%"
"01/12/2022","389.40","388.29","393.45","386.38","3.62M","0.71%"
"01/11/2022","386.67","388.07","391.84","384.32","4.39M","-0.20%"
"01/10/2022","387.46","387.40","387.59","380.91","6.44M","-1.56%"
"01/07/2022","393.61","403.36","404.09","392.88","4.52M","-2.99%"
"01/06/2022","405.76","408.56","409.07","403.02","3.32M","-0.36%"
"01/05/2022","407.24","414.00","414.22","406.81","4.44M","-1.36%"
"01/04/2022","412.84","408.64","413.61","408.19","3.27M","1.03%"
"01/03/2022","408.64","416.57","417.84","403.26","3.72M","-1.53%"
"12/31/2021","415.01","409.99","416.53","409.89","2.39M","1.24%"
"12/30/2021","409.94","411.85","413.44","408.40","1.80M","-0.22%"
"12/29/2021","410.84","406.38","412.37","406.31","2.21M","1.14%"
"12/28/2021","406.22","404.99","407.02","403.00","2.52M","0.53%"
"12/27/2021","404.09","399.04","404.45","398.21","2.23M","1.77%"
"12/23/2021","397.07","398.29","399.84","394.62","2.74M","0.36%"
"12/22/2021","395.64","391.00","395.77","388.86","3.27M","1.32%"
"12/21/2021","390.47","391.63","393.76","383.24","3.04M","0.27%"
"12/20/2021","389.40","384.29","390.17","380.90","4.29M","0.37%"
"12/17/2021","387.98","396.97","397.98","387.42","11.11M","-2.89%"
"12/16/2021","399.53","408.40","408.87","398.12","4.63M","-2.03%"
"12/15/2021","407.81","400.62","407.93","399.39","4.42M","1.39%"
"12/14/2021","402.20","403.45","405.68","398.08","4.66M","-0.75%"
"12/13/2021","405.24","415.40","416.50","404.51","3.77M","-2.45%"
"12/10/2021","415.40","412.19","415.61","410.26","2.63M","0.99%"
"12/09/2021","411.34","410.80","415.25","408.29","3.82M","0.02%"
"12/08/2021","411.25","416.18","419.85","408.28","4.08M","-1.18%"
"12/07/2021","416.18","417.00","418.56","413.02","4.20M","0.12%"
"12/06/2021","415.70","413.52","420.61","411.22","4.62M","1.93%"
"12/03/2021","407.81","409.85","415.93","404.45","5.24M","0.01%"
"12/02/2021","407.77","401.81","410.70","401.00","3.71M","1.84%"
"12/01/2021","400.42","402.08","410.25","400.22","3.52M","-0.05%"
"11/30/2021","400.61","403.59","408.42","400.25","7.77M","-1.53%"
"11/29/2021","406.82","406.90","410.80","406.04","3.73M","1.02%"
"11/26/2021","402.70","407.26","414.14","402.25","3.01M","-2.28%"
"11/24/2021","412.11","403.66","412.75","402.88","2.68M","0.92%"
"11/23/2021","408.37","405.67","409.68","403.01","3.56M","-0.10%"
"11/22/2021","408.79","409.80","416.56","408.70","4.01M","0.02%"
"11/19/2021","408.69","407.63","410.10","404.11","3.54M","0.70%"
"11/18/2021","405.85","398.00","406.54","396.09","4.50M","2.79%"
"11/17/2021","394.85","392.83","399.43","390.81","4.65M","0.64%"
"11/16/2021","392.33","382.00","394.38","379.00","8.65M","5.73%"
"11/15/2021","371.08","374.39","374.87","369.29","3.65M","-0.42%"
"11/12/2021","372.63","369.12","373.50","366.70","2.79M","1.36%"
"11/11/2021","367.63","371.00","372.00","365.83","2.39M","-0.26%"
"11/10/2021","368.58","368.25","371.21","367.72","2.16M","-0.56%"
"11/09/2021","370.65","369.67","373.88","368.70","2.18M","0.56%"
"11/08/2021","368.59","370.22","372.91","367.85","2.36M","0.05%"
"11/05/2021","368.40","373.81","374.41","367.57","3.09M","-1.02%"
"11/04/2021","372.18","370.78","373.23","369.41","3.21M","0.87%"
"11/03/2021","368.97","366.63","369.36","365.25","2.38M","0.46%"
"11/02/2021","367.29","366.20","368.89","364.94","2.37M","0.22%"
"11/01/2021","366.48","373.00","373.57","364.70","3.38M","-1.41%"
"10/29/2021","371.74","370.33","375.15","370.03","3.82M","0.05%"
"10/28/2021","371.57","373.00","373.94","370.89","2.55M","-0.20%"
"10/27/2021","372.32","369.87","375.15","369.31","2.84M","0.85%"
"10/26/2021","369.20","373.39","374.05","369.08","2.99M","-0.55%"
"10/25/2021","371.26","367.20","371.66","365.99","2.92M","1.44%"
"10/22/2021","365.99","365.00","367.03","362.15","2.73M","0.38%"
"10/21/2021","364.62","358.20","364.85","358.12","2.89M","1.78%"
"10/20/2021","358.23","357.74","359.57","356.21","2.57M","0.07%"
"10/19/2021","357.99","356.94","358.09","354.42","2.38M","0.84%"
"10/18/2021","355.01","349.00","355.95","349.00","3.49M","1.31%"
"10/15/2021","350.41","346.54","350.95","345.75","3.47M","1.85%"
"10/14/2021","344.05","340.53","344.37","340.10","2.83M","1.71%"
"10/13/2021","338.28","337.32","340.24","336.55","2.48M","0.14%"
"10/12/2021","337.80","339.14","341.05","337.40","2.96M","0.25%"
"10/11/2021","336.97","335.60","340.86","334.60","2.59M","0.79%"
"10/08/2021","334.34","333.00","335.40","330.88","2.91M","-0.93%"
"10/07/2021","337.48","333.50","339.22","332.86","2.79M","2.16%"
"10/06/2021","330.36","328.16","330.65","325.40","2.23M","0.27%"
"10/05/2021","329.48","326.90","332.19","326.33","2.51M","0.92%"
"10/04/2021","326.47","328.50","330.61","324.16","2.92M","-1.03%"
"10/01/2021","329.86","328.15","332.73","324.58","2.81M","0.49%"
"09/30/2021","328.26","338.24","338.71","327.63","4.26M","-2.57%"
"09/29/2021","336.93","333.36","338.88","333.36","2.42M","0.94%"
"09/28/2021","333.80","341.37","341.37","332.46","3.30M","-2.23%"
"09/27/2021","341.41","336.87","343.74","336.87","2.97M","1.16%"
"09/24/2021","337.49","336.78","337.84","335.55","2.01M","0.47%"
"09/23/2021","335.91","337.84","339.52","335.60","2.43M","-0.01%"
"09/22/2021","335.93","335.85","339.00","333.46","2.87M","0.51%"
"09/21/2021","334.22","333.03","336.97","332.00","3.17M","0.91%"
"09/20/2021","331.21","331.83","335.39","328.43","4.04M","-1.33%"
"09/17/2021","335.67","334.95","339.64","334.95","7.10M","-0.21%"
"09/16/2021","336.39","334.72","337.84","334.17","3.04M","0.91%"
"09/15/2021","333.37","333.36","334.67","330.10","2.88M","0.08%"
"09/14/2021","333.12","336.03","337.49","332.42","2.86M","-0.69%"
"09/13/2021","335.45","334.95","337.15","332.75","3.91M","1.05%"
"09/10/2021","331.95","334.00","335.23","331.45","3.18M","0.05%"
"09/09/2021","331.77","332.45","333.73","330.87","3.01M","0.06%"
"09/08/2021","331.58","328.95","331.93","327.63","2.22M","0.80%"
"09/07/2021","328.95","331.03","332.56","326.90","2.56M","-0.42%"
"09/03/2021","330.34","325.33","330.90","325.16","2.78M","0.79%"
"09/02/2021","327.74","325.03","328.18","323.70","3.11M","1.27%"
"09/01/2021","323.64","325.56","325.78","320.28","3.34M","-0.78%"
"08/31/2021","326.18","327.00","328.27","323.62","4.18M","-0.28%"
"08/30/2021","327.10","325.91","329.50","325.21","2.93M","1.15%"
"08/27/2021","323.38","320.88","324.05","319.65","2.99M","0.59%"
"08/26/2021","321.48","323.21","324.99","321.00","2.95M","-0.74%"
"08/25/2021","323.88","324.15","326.56","323.11","2.59M","-0.31%"
"08/24/2021","324.90","328.76","328.84","324.51","2.36M","-0.87%"
"08/23/2021","327.74","330.00","330.53","327.38","2.79M","-0.46%"
"08/20/2021","329.24","322.64","329.68","322.47","2.93M","1.96%"
"08/19/2021","322.90","318.79","325.19","317.80","2.97M","0.42%"
"08/18/2021","321.55","319.34","327.86","319.00","4.88M","0.25%"
"08/17/2021","320.75","321.00","323.59","316.61","9.32M","-4.27%"
"08/16/2021","335.05","330.71","335.63","327.97","3.50M","1.13%"
"08/13/2021","331.32","333.86","335.80","330.98","2.22M","-0.81%"
"08/12/2021","334.02","337.35","338.17","332.28","2.55M","-0.88%"
"08/11/2021","337.00","333.80","338.55","333.40","3.26M","1.67%"
"08/10/2021","331.48","328.67","333.24","327.15","1.87M","0.83%"
"08/09/2021","328.76","329.23","331.07","327.32","2.00M","-0.33%"
"08/06/2021","329.84","334.69","335.71","329.12","2.66M","-0.98%"
"08/05/2021","333.11","331.96","336.00","331.09","2.28M","0.85%"
"08/04/2021","330.31","330.69","331.92","329.39","1.78M","-0.49%"
"08/03/2021","331.94","328.35","333.01","328.03","2.41M","1.44%"
"08/02/2021","327.22","330.00","330.00","326.42","2.02M","-0.30%"
"07/30/2021","328.19","326.85","330.11","326.34","2.38M","0.23%"
"07/29/2021","327.43","326.49","328.56","325.44","2.17M","0.59%"
"07/28/2021","325.52","326.42","329.33","324.71","2.38M","-0.53%"
"07/27/2021","327.26","331.79","331.88","326.06","2.91M","-1.18%"
"07/26/2021","331.18","330.07","331.56","326.88","2.75M","-0.50%"
"07/23/2021","332.84","329.47","333.45","327.94","2.79M","1.89%"
"07/22/2021","326.66","327.94","327.97","325.33","2.21M","0.09%"
"07/21/2021","326.36","327.60","328.47","324.97","2.83M","0.31%"
"07/20/2021","325.35","318.50","326.13","318.27","4.25M","2.03%"
"07/19/2021","318.87","317.99","319.00","314.91","3.75M","-0.83%"
"07/16/2021","321.54","324.00","326.28","321.40","3.62M","-0.36%"
"07/15/2021","322.71","317.38","322.96","317.36","2.60M","1.09%"
"07/14/2021","319.22","318.75","320.06","318.01","3.38M","0.68%"
"07/13/2021","317.05","322.44","323.29","316.83","3.21M","-1.46%"
"07/12/2021","321.74","321.07","324.00","320.53","2.52M","-0.11%"
"07/09/2021","322.09","320.54","323.31","320.18","2.59M","1.11%"
"07/08/2021","318.54","319.07","320.33","314.80","3.66M","-1.53%"
"07/07/2021","323.48","318.49","324.42","318.25","2.94M","1.32%"
"07/06/2021","319.26","322.83","323.83","316.80","3.11M","-1.07%"
"07/02/2021","322.70","322.53","323.12","321.35","2.20M","0.36%"
"07/01/2021","321.54","319.91","321.69","318.50","2.58M","0.83%"
"06/30/2021","318.89","317.94","320.29","317.69","3.06M","0.20%"
"06/29/2021","318.24","315.79","320.30","315.56","3.15M","1.26%"
"06/28/2021","314.28","313.66","315.27","311.37","2.64M","0.21%"
"06/25/2021","313.63","312.24","315.46","311.55","11.73M","0.57%"
"06/24/2021","311.84","313.12","314.84","311.67","2.65M","0.05%"
"06/23/2021","311.67","312.02","313.66","310.63","2.56M","-0.33%"
"06/22/2021","312.71","309.13","314.91","308.30","4.42M","1.66%"
"06/21/2021","307.60","305.25","308.72","304.87","3.77M","1.65%"
"06/18/2021","302.61","299.25","303.83","298.40","8.79M","-0.17%"
"06/17/2021","303.12","303.05","305.21","300.03","4.48M","0.11%"
"06/16/2021","302.78","306.69","307.35","301.17","4.49M","-1.20%"
"06/15/2021","306.45","308.75","308.95","303.48","5.27M","-0.93%"
"06/14/2021","309.32","308.93","310.06","306.22","3.39M","-0.47%"
"06/11/2021","310.77","309.27","311.24","308.35","2.79M","0.80%"
"06/10/2021","308.31","307.65","309.65","306.14","3.29M","0.32%"
"06/09/2021","307.34","311.45","312.98","306.90","3.60M","-1.15%"
"06/08/2021","310.90","311.27","312.29","308.98","2.91M","0.30%"
"06/07/2021","309.96","311.12","312.33","307.88","3.97M","-0.34%"
"06/04/2021","311.01","312.11","313.45","309.35","2.64M","-0.13%"
"06/03/2021","311.43","311.00","312.92","309.69","2.65M","-0.57%"
"06/02/2021","313.23","315.48","316.98","312.41","3.38M","-0.97%"
"06/01/2021","316.31","320.66","321.26","315.17","3.55M","-0.82%"
"05/28/2021","318.91","320.37","321.51","318.85","3.20M","0.04%"
"05/27/2021","318.77","317.30","320.41","317.30","3.73M","0.45%"
"05/26/2021","317.33","317.81","321.38","316.68","2.88M","0.18%"
"05/25/2021","316.75","315.53","317.10","314.25","3.52M","0.61%"
"05/24/2021","314.84","316.84","318.74","314.59","2.93M","-0.29%"
"05/21/2021","315.77","317.00","319.28","314.45","3.92M","-0.04%"
"05/20/2021","315.90","314.89","319.71","314.89","3.85M","0.46%"
"05/19/2021","314.45","312.00","314.75","309.07","5.24M","-0.73%"
"05/18/2021","316.75","320.00","324.55","314.78","7.01M","-1.02%"
"05/17/2021","320.01","321.00","322.83","315.31","4.39M","-1.12%"
"05/14/2021","323.63","326.29","327.32","321.86","4.00M","-0.55%"
"05/13/2021","325.42","319.00","327.42","318.69","5.16M","2.66%"
"05/12/2021","317.00","326.52","328.80","316.27","5.82M","-4.13%"
"05/11/2021","330.66","337.55","338.00","328.21","5.50M","-3.07%"
"05/10/2021","341.12","340.45","345.69","339.54","4.84M","0.55%"
"05/07/2021","339.25","336.68","339.81","335.53","3.00M","0.49%"
"05/06/2021","337.58","333.67","337.81","333.23","3.54M","1.67%"
"05/05/2021","332.05","334.25","335.71","331.08","3.16M","-0.22%"
"05/04/2021","332.77","329.12","333.23","328.88","3.95M","0.76%"
"05/03/2021","330.27","326.28","331.62","325.68","3.68M","2.04%"
"04/30/2021","323.67","325.05","325.83","321.61","3.12M","-0.51%"
"04/29/2021","325.34","321.71","325.79","321.08","3.26M","1.76%"
"04/28/2021","319.71","321.95","322.96","319.30","2.71M","-0.27%"
"04/27/2021","320.59","320.50","322.47","320.38","3.34M","0.19%"
"04/26/2021","319.99","323.68","324.00","319.32","2.85M","-1.20%"
"04/23/2021","323.89","322.19","325.53","319.58","3.41M","0.76%"
"04/22/2021","321.46","326.20","326.43","318.84","4.87M","-1.38%"
"04/21/2021","325.95","324.96","327.91","323.89","3.74M","0.61%"
"04/20/2021","323.96","326.00","327.69","322.16","4.46M","-0.88%"
"04/19/2021","326.85","326.49","328.83","325.44","4.49M","-0.37%"
"04/16/2021","328.08","324.84","328.67","323.93","6.21M","1.65%"
"04/15/2021","322.74","320.21","323.40","320.05","3.51M","0.85%"
"04/14/2021","320.02","319.71","322.70","319.29","3.44M","-0.12%"
"04/13/2021","320.40","320.53","320.90","317.00","3.64M","-0.12%"
"04/12/2021","320.79","317.72","321.31","317.31","3.56M","0.49%"
"04/09/2021","319.23","315.37","319.32","314.75","4.61M","1.53%"
"04/08/2021","314.43","312.70","315.25","310.59","4.04M","0.63%"
"04/07/2021","312.47","312.84","315.14","310.93","3.80M","-0.42%"
"04/06/2021","313.78","313.61","315.94","313.13","3.99M","-0.51%"
"04/05/2021","315.40","309.84","315.85","309.74","4.70M","2.49%"
"04/01/2021","307.75","306.88","308.55","303.89","3.92M","0.82%"
"03/31/2021","305.25","305.50","308.02","304.14","4.74M","0.14%"
"03/30/2021","304.82","301.65","305.68","300.04","5.05M","0.87%"
"03/29/2021","302.20","303.30","305.55","299.93","4.64M","-0.53%"
"03/26/2021","303.81","297.34","304.00","296.03","5.87M","2.23%"
"03/25/2021","297.18","293.03","297.88","292.45","5.37M","1.51%"
"03/24/2021","292.75","289.26","296.78","288.99","4.84M","0.96%"
"03/23/2021","289.98","289.61","293.43","288.94","4.80M","0.36%"
"03/22/2021","288.94","286.50","290.33","284.20","5.56M","-0.06%"
"03/19/2021","289.10","283.64","289.10","282.43","13.73M","2.10%"
"03/18/2021","283.16","279.03","285.47","277.76","4.81M","1.12%"
"03/17/2021","280.03","281.14","283.88","279.25","5.91M","-0.73%"
"03/16/2021","282.08","278.54","282.52","277.65","4.46M","1.27%"
"03/15/2021","278.54","274.50","279.65","274.34","4.36M","1.99%"
"03/12/2021","273.10","267.45","273.81","266.76","4.19M","1.58%"
"03/11/2021","268.85","268.60","270.78","267.20","4.37M","0.98%"
"03/10/2021","266.24","265.92","268.75","264.08","3.80M","0.48%"
"03/09/2021","264.96","262.73","267.57","261.79","6.63M","2.29%"
"03/08/2021","259.03","254.23","263.23","252.52","5.04M","2.17%"
"03/05/2021","253.52","252.26","254.20","246.59","6.35M","1.03%"
"03/04/2021","250.93","256.00","256.86","247.10","7.15M","-2.50%"
"03/03/2021","257.36","259.28","260.50","256.01","4.26M","-1.13%"
"03/02/2021","260.29","261.68","263.11","259.77","3.74M","-0.51%"
"03/01/2021","261.62","258.81","262.48","258.47","4.53M","1.27%"
"02/26/2021","258.34","257.77","260.24","256.11","7.87M","1.21%"
"02/25/2021","255.25","259.75","260.90","254.71","6.55M","-1.82%"
"02/24/2021","259.97","263.23","266.99","254.03","14.51M","-2.72%"
"02/23/2021","267.24","269.38","269.67","257.58","12.11M","-3.12%"
"02/22/2021","275.85","278.21","278.49","273.63","4.00M","-1.36%"
"02/19/2021","279.64","282.87","283.91","279.44","4.08M","-1.20%"
"02/18/2021","283.05","280.80","284.68","279.83","3.53M","0.76%"
"02/17/2021","280.92","275.54","281.79","275.40","3.54M","2.01%"
"02/16/2021","275.39","277.01","278.63","274.88","2.87M","-0.76%"
"02/12/2021","277.51","277.12","278.71","276.58","2.39M","0.16%"
"02/11/2021","277.06","277.93","280.25","276.01","2.60M","-0.58%"
"02/10/2021","278.69","278.03","278.93","276.25","2.41M","0.69%"
"02/09/2021","276.77","279.66","280.20","276.62","2.51M","-1.16%"
"02/08/2021","280.03","279.69","280.42","276.89","3.48M","0.42%"
"02/05/2021","278.86","280.29","281.76","277.81","2.39M","0.01%"
"02/04/2021","278.82","274.25","279.44","274.25","2.98M","1.70%"
"02/03/2021","274.17","271.89","275.72","270.71","2.80M","0.74%"
"02/02/2021","272.16","270.00","275.69","269.99","4.11M","0.77%"
"02/01/2021","270.07","271.23","272.65","267.25","3.71M","-0.28%"
"01/29/2021","270.82","275.81","277.06","270.03","4.08M","-2.60%"
"01/28/2021","278.05","276.17","282.96","274.93","3.46M","1.46%"
"01/27/2021","274.05","279.99","280.81","273.08","4.34M","-3.03%"
"01/26/2021","282.60","285.42","285.65","281.70","2.47M","-0.87%"
"01/25/2021","285.08","283.85","285.77","281.42","4.03M","0.38%"
"01/22/2021","284.00","279.26","285.08","277.87","4.50M","1.77%"
"01/21/2021","279.05","276.22","280.70","275.67","4.40M","1.73%"
"01/20/2021","274.30","273.25","277.21","271.50","3.50M","0.41%"
"01/19/2021","273.19","278.00","278.00","273.02","3.62M","-0.87%"
"01/15/2021","275.59","268.63","276.39","268.00","5.13M","2.70%"
"01/14/2021","268.34","274.50","274.89","267.67","4.64M","-2.08%"
"01/13/2021","274.05","278.31","280.48","273.94","3.92M","-0.83%"
"01/12/2021","276.33","271.11","277.94","270.65","4.03M","1.88%"
"01/11/2021","271.23","267.47","273.37","267.26","3.77M","0.80%"
"01/08/2021","269.09","267.35","270.73","267.00","3.76M","1.06%"
"01/07/2021","266.26","266.95","268.78","266.17","3.83M","-0.49%"
"01/06/2021","267.57","264.06","269.77","261.87","3.95M","0.57%"
"01/05/2021","266.05","262.66","266.53","262.26","3.82M","0.81%"
"01/04/2021","263.92","266.01","266.44","261.06","5.00M","-0.64%"
"12/31/2020","265.62","265.57","265.95","263.58","2.61M","0.14%"
"12/30/2020","265.26","266.11","267.30","264.92","2.51M","-0.35%"
"12/29/2020","266.19","269.98","270.46","265.07","2.57M","-1.14%"
"12/28/2020","269.25","272.17","272.25","269.24","2.63M","-0.62%"
"12/24/2020","270.92","269.44","271.36","269.40","1.09M","0.41%"
"12/23/2020","269.81","270.06","271.00","268.20","2.34M","-0.09%"
"12/22/2020","270.04","270.06","271.36","268.51","3.14M","-0.35%"
"12/21/2020","270.99","268.56","271.95","265.88","4.34M","0.20%"
"12/18/2020","270.45","274.59","275.74","270.30","9.82M","-1.28%"
"12/17/2020","273.97","272.16","274.33","271.30","4.25M","1.62%"
"12/16/2020","269.59","268.53","270.75","267.51","4.67M","0.60%"
"12/15/2020","267.98","267.51","268.76","266.20","3.76M","0.90%"
"12/14/2020","265.58","266.14","268.60","265.27","4.58M","0.39%"
"12/11/2020","264.55","263.36","265.36","262.65","3.45M","-0.10%"
"12/10/2020","264.81","264.08","266.07","262.11","4.23M","-0.29%"
"12/09/2020","265.58","264.61","265.77","262.25","4.55M","1.47%"
"12/08/2020","261.72","261.72","262.50","258.73","5.34M","-0.35%"
"12/07/2020","262.64","263.50","264.50","261.00","6.38M","-0.51%"
"12/04/2020","263.99","267.47","268.73","262.82","7.73M","-1.55%"
"12/03/2020","268.14","270.63","271.93","267.14","4.17M","-1.09%"
"12/02/2020","271.10","273.97","274.11","269.57","4.17M","-1.99%"
"12/01/2020","276.60","278.73","278.95","275.55","3.94M","-0.29%"
"11/30/2020","277.41","275.22","277.76","271.92","4.62M","0.51%"
"11/27/2020","275.99","275.24","276.58","274.36","1.63M","0.74%"
"11/25/2020","273.96","273.48","274.74","271.21","3.00M","0.24%"
"11/24/2020","273.31","274.00","275.55","272.57","4.78M","0.70%"
"11/23/2020","271.40","270.01","273.69","269.55","3.29M","0.59%"
"11/20/2020","269.81","271.45","272.37","268.87","4.11M","-0.41%"
"11/19/2020","270.93","270.42","272.38","268.70","3.93M","0.41%"
"11/18/2020","269.83","270.50","275.38","269.00","5.12M","-0.97%"
"11/17/2020","272.47","272.10","273.53","269.40","8.53M","-2.54%"
"11/16/2020","279.57","279.18","281.29","276.40","5.36M","0.87%"
"11/13/2020","277.17","276.42","279.73","275.26","3.94M","0.34%"
"11/12/2020","276.24","283.00","283.69","273.84","3.82M","-0.54%"
"11/11/2020","277.75","277.32","281.69","276.17","2.99M","0.79%"
"11/10/2020","275.57","272.79","275.79","269.25","4.83M","2.07%"
"11/09/2020","269.97","287.98","288.42","269.47","7.86M","-5.02%"
"11/06/2020","284.24","286.73","286.78","282.85","2.84M","-0.56%"
"11/05/2020","285.85","288.35","289.00","284.08","2.52M","1.11%"
"11/04/2020","282.72","276.76","287.04","276.01","3.53M","1.93%"
"11/03/2020","277.37","274.85","279.53","273.72","3.04M","2.45%"
"11/02/2020","270.74","270.15","274.78","268.52","2.96M","1.51%"
"10/30/2020","266.71","268.82","269.62","262.03","3.87M","-1.08%"
"10/29/2020","269.63","269.69","273.70","267.31","2.87M","-0.03%"
"10/28/2020","269.72","270.25","273.67","268.69","3.26M","-2.57%"
"10/27/2020","276.84","276.99","279.73","276.12","3.01M","0.29%"
"10/26/2020","276.04","279.64","281.53","272.00","2.91M","-2.46%"
"10/23/2020","283.00","282.38","283.19","279.55","1.75M","0.65%"
"10/22/2020","281.16","283.93","285.68","280.65","2.79M","-1.18%"
"10/21/2020","284.51","285.39","288.02","283.28","2.30M","-0.53%"
"10/20/2020","286.04","285.14","289.79","284.13","2.28M","0.81%"
"10/19/2020","283.73","289.76","290.11","283.38","2.43M","-1.37%"
"10/16/2020","287.66","288.25","292.65","287.25","3.11M","0.04%"
"10/15/2020","287.54","284.12","290.25","283.12","2.70M","0.16%"
"10/14/2020","287.09","289.51","290.30","285.15","2.22M","-1.13%"
"10/13/2020","290.36","285.70","290.77","285.70","2.70M","1.20%"
"10/12/2020","286.91","287.39","288.33","286.06","2.41M","0.35%"
"10/09/2020","285.92","285.47","287.28","284.09","2.24M","0.49%"
"10/08/2020","284.52","283.84","284.95","281.17","2.26M","0.61%"
"10/07/2020","282.79","280.85","284.00","280.00","3.42M","2.29%"
"10/06/2020","276.47","282.50","283.00","275.77","2.99M","-2.00%"
"10/05/2020","282.10","280.92","282.42","279.70","2.33M","1.00%"
"10/02/2020","279.31","274.94","281.08","274.10","2.94M","0.61%"
"10/01/2020","277.62","279.44","280.00","275.85","2.70M","-0.03%"
"09/30/2020","277.71","273.48","279.92","272.52","4.78M","2.06%"
"09/29/2020","272.11","273.40","273.84","271.11","2.05M","-0.08%"
"09/28/2020","272.33","271.93","274.22","270.30","3.06M","1.41%"
"09/25/2020","268.55","264.19","270.15","263.92","2.46M","1.07%"
"09/24/2020","265.70","265.71","269.70","263.88","3.10M","-0.32%"
"09/23/2020","266.55","275.42","276.62","264.68","4.47M","-2.47%"
"09/22/2020","273.31","271.68","273.52","270.63","2.97M","0.35%"
"09/21/2020","272.35","271.87","272.90","266.53","3.55M","-1.03%"
"09/18/2020","275.19","278.41","279.83","270.81","6.07M","-1.70%"
"09/17/2020","279.96","277.91","282.72","276.96","3.17M","-0.59%"
"09/16/2020","281.63","285.61","286.58","280.68","3.38M","-1.38%"
"09/15/2020","285.58","283.04","286.70","282.38","4.17M","1.76%"
"09/14/2020","280.65","278.55","282.46","278.02","3.06M","1.56%"
"09/11/2020","276.33","273.98","277.98","273.46","3.73M","1.33%"
"09/10/2020","272.70","278.01","280.98","271.17","3.16M","-1.57%"
"09/09/2020","277.04","272.46","279.74","271.75","4.75M","2.89%"
"09/08/2020","269.26","267.11","271.04","262.81","5.24M","-0.15%"
"09/04/2020","269.66","275.55","276.77","264.67","5.25M","-1.81%"
"09/03/2020","274.63","287.30","287.70","272.17","5.38M","-4.38%"
"09/02/2020","287.20","284.85","288.04","283.60","3.46M","0.44%"
"09/01/2020","285.94","284.03","286.68","283.50","3.24M","0.32%"
"08/31/2020","285.04","285.00","286.69","282.87","4.11M","-0.44%"
"08/28/2020","286.29","288.31","288.83","284.77","3.10M","-0.81%"
"08/27/2020","288.63","292.22","292.95","286.56","3.43M","-1.13%"
"08/26/2020","291.93","287.73","292.12","286.27","4.00M","2.03%"
"08/25/2020","286.13","287.27","287.48","283.89","2.85M","-0.22%"
"08/24/2020","286.75","284.99","286.85","281.92","4.43M","1.24%"
"08/21/2020","283.23","279.97","283.55","278.42","5.50M","0.91%"
"08/20/2020","280.68","280.54","281.91","279.44","3.53M","-0.77%"
"08/19/2020","282.86","287.46","287.97","281.93","4.99M","-0.75%"
"08/18/2020","285.00","288.90","290.58","283.04","6.93M","-1.12%"
"08/17/2020","288.24","284.40","289.22","283.57","5.58M","2.74%"
"08/14/2020","280.55","281.14","282.00","279.19","2.49M","-0.39%"
"08/13/2020","281.66","281.16","282.65","279.74","2.20M","0.03%"
"08/12/2020","281.58","279.75","282.97","276.96","3.87M","2.42%"
"08/11/2020","274.92","277.69","279.37","274.41","3.32M","0.07%"
"08/10/2020","274.73","272.42","275.00","271.80","2.39M","1.14%"
"08/07/2020","271.64","270.61","274.92","269.81","2.85M","0.84%"
"08/06/2020","269.37","266.60","270.44","266.53","2.20M","0.71%"
"08/05/2020","267.48","268.39","268.39","265.89","1.96M","-0.15%"
"08/04/2020","267.87","266.63","267.89","263.84","2.22M","0.63%"
"08/03/2020","266.18","266.73","268.58","265.67","2.36M","0.26%"
"07/31/2020","265.49","265.00","267.17","260.61","3.64M","-0.31%"
"07/30/2020","266.31","263.34","267.35","261.55","2.35M","0.62%"
"07/29/2020","264.66","264.80","267.11","264.17","2.87M","-0.23%"
"07/28/2020","265.28","268.56","269.07","264.67","2.23M","-0.80%"
"07/27/2020","267.42","265.09","268.68","265.09","2.41M","0.80%"
"07/24/2020","265.31","265.04","266.89","262.99","2.98M","0.57%"
"07/23/2020","263.81","267.80","267.80","261.80","2.68M","-0.51%"
"07/22/2020","265.17","262.59","265.59","262.00","2.75M","1.05%"
"07/21/2020","262.42","261.62","263.87","260.72","2.44M","0.86%"
"07/20/2020","260.17","259.04","261.20","258.02","2.45M","-0.08%"
"07/17/2020","260.38","260.03","260.65","257.72","3.09M","0.89%"
"07/16/2020","258.08","256.76","260.50","256.00","2.51M","0.11%"
"07/15/2020","257.80","260.14","261.29","255.15","4.34M","0.00%"
"07/14/2020","257.79","249.00","258.18","248.46","4.61M","3.27%"
"07/13/2020","249.62","251.92","257.86","249.09","4.44M","-0.20%"
"07/10/2020","250.11","248.29","250.33","246.63","2.75M","0.87%"
"07/09/2020","247.96","249.66","250.51","246.35","2.99M","-0.49%"
"07/08/2020","249.17","247.87","249.79","246.22","2.29M","0.74%"
"07/07/2020","247.35","247.37","250.78","247.07","2.93M","-0.88%"
"07/06/2020","249.55","250.27","251.50","247.04","3.13M","0.42%"
"07/02/2020","248.50","251.94","252.30","247.92","3.37M","0.14%"
"07/01/2020","248.15","249.65","250.33","246.93","3.68M","-0.94%"
"06/30/2020","250.51","247.00","251.65","246.09","4.52M","1.78%"
"06/29/2020","246.12","242.66","246.50","240.34","3.47M","2.12%"
"06/26/2020","241.01","245.35","246.10","240.25","5.00M","-1.78%"
"06/25/2020","245.38","244.80","246.35","242.20","2.94M","-0.30%"
"06/24/2020","246.13","247.81","250.29","242.73","3.87M","-1.67%"
"06/23/2020","250.31","253.00","253.44","250.13","3.11M","0.46%"
"06/22/2020","249.16","245.70","250.06","245.51","3.82M","1.02%"
"06/19/2020","246.65","253.10","254.30","246.38","11.11M","-1.03%"
"06/18/2020","249.21","249.36","251.75","247.13","3.35M","-0.65%"
"06/17/2020","250.85","252.77","254.62","250.08","4.23M","0.36%"
"06/16/2020","249.95","249.40","251.65","242.87","5.30M","3.56%"
"06/15/2020","241.36","237.62","242.22","234.31","6.25M","-0.45%"
"06/12/2020","242.45","243.07","246.39","237.05","5.24M","1.24%"
"06/11/2020","239.47","248.86","250.62","238.74","6.56M","-5.89%"
"06/10/2020","254.45","257.45","259.29","254.22","3.59M","-0.90%"
"06/09/2020","256.76","255.33","258.29","253.86","3.72M","0.00%"
"06/08/2020","256.77","252.49","256.81","252.26","3.81M","0.73%"
"06/05/2020","254.90","252.34","255.85","250.38","5.05M","2.39%"
"06/04/2020","248.95","249.77","252.17","247.47","4.76M","-0.82%"
"06/03/2020","251.00","251.80","252.82","250.39","4.64M","-0.68%"
"06/02/2020","252.71","248.63","252.72","247.00","5.30M","2.19%"
"06/01/2020","247.29","249.41","249.78","245.87","3.41M","-0.48%"
"05/29/2020","248.48","245.06","249.71","244.73","5.34M","1.36%"
"05/28/2020","245.14","249.52","252.23","244.43","5.26M","-0.90%"
"05/27/2020","247.36","242.69","247.39","240.78","4.66M","2.01%"
"05/26/2020","242.48","248.15","248.22","242.07","4.54M","0.25%"
"05/22/2020","241.88","240.70","242.34","238.65","3.04M","0.42%"
"05/21/2020","240.88","237.62","241.18","235.79","4.77M","1.13%"
"05/20/2020","238.19","242.00","242.27","234.95","7.53M","0.04%"
"05/19/2020","238.10","240.45","242.46","237.80","9.39M","-2.95%"
"05/18/2020","245.35","245.84","248.32","244.04","8.34M","2.52%"
"05/15/2020","239.33","232.79","243.23","232.70","16.18M","2.07%"
"05/14/2020","234.48","226.37","234.66","226.20","6.43M","1.90%"
"05/13/2020","230.10","233.04","236.30","228.54","6.24M","-1.20%"
"05/12/2020","232.90","238.57","239.25","232.90","4.40M","-1.55%"
"05/11/2020","236.56","231.77","238.77","231.25","4.38M","0.91%"
"05/08/2020","234.43","232.70","235.55","231.15","4.37M","2.17%"
"05/07/2020","229.45","226.51","231.63","226.42","4.50M","2.47%"
"05/06/2020","223.92","227.37","228.44","223.80","3.32M","-0.75%"
"05/05/2020","225.61","224.94","228.85","223.61","4.66M","1.70%"
"05/04/2020","221.84","216.68","222.66","215.21","4.09M","1.50%"
"05/01/2020","218.57","216.77","219.70","215.77","3.82M","-0.57%"
"04/30/2020","219.83","216.79","222.11","216.52","5.15M","-0.89%"
"04/29/2020","221.81","221.34","224.17","219.82","4.38M","1.92%"
"04/28/2020","217.63","223.99","224.22","216.91","5.08M","-0.06%"
"04/27/2020","217.76","215.04","220.94","214.01","5.47M","2.63%"
"04/24/2020","212.18","204.73","212.93","203.85","5.03M","4.87%"
"04/23/2020","202.32","203.32","206.97","202.19","3.57M","-0.91%"
"04/22/2020","204.17","201.89","205.71","201.14","4.07M","1.77%"
"04/21/2020","200.61","200.75","204.34","199.51","4.84M","-2.64%"
"04/20/2020","206.05","206.13","211.03","205.36","4.75M","-1.61%"
"04/17/2020","209.42","207.17","210.25","206.16","6.72M","4.79%"
"04/16/2020","199.85","199.12","202.21","196.82","7.26M","0.69%"
"04/15/2020","198.48","198.67","202.24","196.61","5.69M","-4.19%"
"04/14/2020","207.17","201.88","209.72","200.13","5.66M","4.22%"
"04/13/2020","198.79","200.45","200.45","195.37","4.42M","-1.36%"
"04/09/2020","201.53","199.80","205.99","196.50","7.13M","3.44%"
"04/08/2020","194.82","194.21","196.77","191.54","6.09M","1.32%"
"04/07/2020","192.29","202.92","204.11","191.85","6.44M","0.50%"
"04/06/2020","191.33","188.00","192.41","185.13","7.45M","7.07%"
"04/03/2020","178.70","179.56","181.35","174.94","7.30M","-1.44%"
"04/02/2020","181.31","174.95","182.72","174.00","6.35M","1.50%"
"04/01/2020","178.63","175.91","182.76","175.00","7.86M","-4.33%"
"03/31/2020","186.71","194.80","195.49","185.45","7.34M","-4.79%"
"03/30/2020","196.10","190.57","198.20","187.61","6.94M","2.91%"
"03/27/2020","190.55","188.49","196.38","186.50","7.12M","-2.39%"
"03/26/2020","195.21","183.49","198.20","182.50","10.17M","7.40%"
"03/25/2020","181.76","184.42","191.54","180.00","11.50M","-1.60%"
"03/24/2020","184.72","173.39","185.67","172.01","14.68M","13.75%"
"03/23/2020","162.39","150.06","164.93","146.34","12.24M","6.73%"
"03/20/2020","152.15","162.78","170.22","151.81","12.60M","-5.57%"
"03/19/2020","161.13","153.16","162.91","142.00","13.50M","3.53%"
"03/18/2020","155.63","159.80","162.33","140.63","14.68M","-10.37%"
"03/17/2020","173.64","168.21","174.78","155.30","16.23M","5.26%"
"03/16/2020","164.96","181.97","186.10","163.11","12.54M","-19.79%"
"03/13/2020","205.67","200.45","205.82","190.00","10.29M","7.91%"
"03/12/2020","190.59","195.41","206.58","184.84","10.93M","-10.47%"
"03/11/2020","212.89","217.30","219.15","210.50","7.26M","-5.68%"
"03/10/2020","225.70","217.21","225.83","211.00","7.21M","7.24%"
"03/09/2020","210.46","213.87","216.18","207.25","10.12M","-7.90%"
"03/06/2020","228.51","227.57","230.29","222.25","7.40M","-2.68%"
"03/05/2020","234.81","236.60","239.61","233.15","6.47M","-2.60%"
"03/04/2020","241.08","233.01","241.32","231.80","6.77M","5.76%"
"03/03/2020","227.94","230.03","235.82","225.57","8.43M","-0.87%"
"03/02/2020","229.94","219.98","230.00","218.49","7.15M","5.55%"
"02/28/2020","217.84","218.63","221.06","212.33","11.81M","-3.07%"
"02/27/2020","224.73","231.07","234.82","224.57","7.61M","-4.48%"
"02/26/2020","235.28","239.10","241.04","234.32","6.97M","-0.88%"
"02/25/2020","237.38","246.10","246.97","236.48","8.06M","-0.97%"
"02/24/2020","239.70","238.48","243.11","237.70","5.35M","-2.30%"
"02/21/2020","245.34","246.50","247.36","244.00","3.88M","-0.68%"
"02/20/2020","247.02","243.69","247.12","242.15","3.70M","1.39%"
"02/19/2020","243.64","244.91","245.50","243.01","2.71M","-0.12%"
"02/18/2020","243.94","244.84","246.11","243.16","2.89M","-0.44%"
"02/14/2020","245.03","243.44","245.20","242.63","2.84M","1.10%"
"02/13/2020","242.36","240.97","243.60","240.40","2.47M","0.32%"
"02/12/2020","241.59","242.13","242.30","238.84","3.59M","-0.02%"
"02/11/2020","241.64","240.61","242.45","240.20","2.69M","0.43%"
"02/10/2020","240.61","236.60","240.61","236.18","2.57M","1.39%"
"02/07/2020","237.30","238.84","239.53","236.52","2.46M","-0.64%"
"02/06/2020","238.84","238.00","239.41","237.48","3.93M","0.31%"
"02/05/2020","238.11","237.10","238.32","235.86","3.87M","1.32%"
"02/04/2020","235.00","234.03","236.36","234.03","3.51M","1.49%"
"02/03/2020","231.54","230.30","233.53","229.35","5.10M","1.51%"
"01/31/2020","228.10","232.96","233.23","227.89","5.30M","-2.01%"
"01/30/2020","232.79","232.00","233.29","231.57","4.69M","-0.53%"
"01/29/2020","234.02","234.90","235.88","233.40","2.56M","0.07%"
"01/28/2020","233.86","231.82","235.25","231.35","3.62M","1.15%"
"01/27/2020","231.19","228.20","232.47","228.20","3.60M","-0.35%"
"01/24/2020","232.00","234.46","235.43","230.56","4.47M","-0.71%"
"01/23/2020","233.65","232.13","234.82","230.64","4.62M","0.32%"
"01/22/2020","232.90","233.79","236.53","232.88","4.03M","-0.02%"
"01/21/2020","232.95","231.53","233.66","231.06","4.87M","0.45%"
"01/17/2020","231.91","229.61","232.60","228.91","7.98M","1.35%"
"01/16/2020","228.82","225.93","228.86","225.40","5.39M","1.88%"
"01/15/2020","224.59","222.28","224.98","222.13","3.44M","0.80%"
"01/14/2020","222.81","222.48","224.95","222.31","3.92M","-0.24%"
"01/13/2020","223.34","224.50","224.51","222.68","6.06M","-0.39%"
"01/10/2020","224.22","224.75","225.49","223.03","4.23M","-0.43%"
"01/09/2020","225.19","222.64","225.55","221.85","4.84M","1.53%"
"01/08/2020","221.79","218.80","222.97","218.66","4.92M","1.50%"
"01/07/2020","218.52","219.50","220.56","216.90","5.70M","-0.65%"
"01/06/2020","219.96","216.49","220.00","216.40","5.68M","0.47%"
"01/03/2020","218.93","217.14","219.68","216.75","3.43M","-0.33%"
"01/02/2020","219.66","219.08","219.76","217.84","3.94M","0.59%"
"12/31/2019","218.38","217.10","218.51","216.44","3.79M","0.49%"
"12/30/2019","217.31","220.37","220.49","216.55","3.95M","-1.21%"
"12/27/2019","219.97","221.20","221.79","219.78","3.08M","-0.38%"
"12/26/2019","220.82","220.74","221.15","219.59","2.65M","0.07%"
"12/24/2019","220.67","219.50","221.04","219.22","2.26M","0.67%"
"12/23/2019","219.21","222.00","222.00","219.14","3.95M","-0.90%"
"12/20/2019","221.19","220.59","221.57","219.80","7.78M","0.44%"
"12/19/2019","220.22","218.48","220.77","218.28","5.77M","1.02%"
"12/18/2019","218.00","218.21","219.59","217.64","6.68M","0.13%"
"12/17/2019","217.72","216.02","219.45","215.87","7.58M","1.02%"
"12/16/2019","215.53","214.43","216.72","214.30","5.85M","0.68%"
"12/13/2019","214.08","212.12","214.23","210.67","6.87M","0.96%"
"12/12/2019","212.04","212.50","214.13","210.73","9.92M","0.02%"
"12/11/2019","212.00","211.03","213.65","210.61","8.29M","-1.81%"
"12/10/2019","215.90","216.52","216.69","215.10","4.66M","-0.29%"
"12/09/2019","216.53","214.29","217.88","214.18","5.15M","1.05%"
"12/06/2019","214.28","214.21","215.36","213.90","4.19M","0.60%"
"12/05/2019","213.00","214.36","214.50","211.77","4.58M","-0.51%"
"12/04/2019","214.10","213.50","214.96","213.19","4.26M","0.05%"
"12/03/2019","214.00","216.45","216.45","212.93","6.73M","-1.66%"
"12/02/2019","217.62","220.90","221.19","217.46","4.43M","-1.31%"
"11/29/2019","220.51","223.30","223.33","220.29","2.95M","-1.12%"
"11/27/2019","223.00","221.68","223.45","220.66","6.69M","1.01%"
"11/26/2019","220.76","218.76","220.96","218.39","9.99M","1.08%"
"11/25/2019","218.40","218.00","218.53","216.88","8.87M","0.17%"
"11/22/2019","218.03","218.50","219.13","217.81","5.79M","-0.23%"
"11/21/2019","218.54","221.94","222.31","218.50","7.82M","-1.07%"
"11/20/2019","220.90","224.55","225.00","220.57","10.23M","-2.20%"
"11/19/2019","225.86","230.60","233.12","225.40","14.98M","-5.44%"
"11/18/2019","238.85","238.44","239.31","236.76","5.77M","0.66%"
"11/15/2019","237.29","237.69","238.05","236.36","3.53M","0.31%"
"11/14/2019","236.55","235.00","236.94","234.04","2.28M","0.75%"
"11/13/2019","234.80","232.09","234.90","230.85","2.63M","0.72%"
"11/12/2019","233.12","232.15","234.63","232.00","2.99M","0.57%"
"11/11/2019","231.80","230.50","232.28","230.18","2.31M","-0.45%"
"11/08/2019","232.84","232.80","233.26","231.63","2.09M","-0.04%"
"11/07/2019","232.94","234.00","235.79","231.76","2.83M","-0.46%"
"11/06/2019","234.01","232.83","234.04","231.89","2.63M","0.78%"
"11/05/2019","232.20","234.74","234.92","230.27","3.62M","-1.16%"
"11/04/2019","234.92","238.27","238.39","233.88","2.54M","-1.02%"
"11/01/2019","237.34","236.07","237.44","235.06","2.20M","1.18%"
"10/31/2019","234.58","236.86","237.39","233.22","2.82M","-0.70%"
"10/30/2019","236.24","233.51","236.60","232.88","1.96M","0.90%"
"10/29/2019","234.14","236.84","237.50","233.92","2.56M","-1.12%"
"10/28/2019","236.80","234.95","236.96","234.56","2.71M","1.03%"
"10/25/2019","234.38","233.49","235.42","232.55","2.21M","0.21%"
"10/24/2019","233.89","234.81","236.37","233.07","2.18M","-0.33%"
"10/23/2019","234.67","236.66","237.41","234.36","2.14M","-1.07%"
"10/22/2019","237.20","237.30","238.30","236.52","2.02M","0.21%"
"10/21/2019","236.70","238.26","238.99","235.61","2.08M","-0.52%"
"10/18/2019","237.93","236.99","238.73","235.64","3.66M","0.49%"
"10/17/2019","236.77","236.36","238.17","235.51","2.30M","0.37%"
"10/16/2019","235.90","235.42","236.17","233.84","2.39M","0.12%"
"10/15/2019","235.62","234.69","236.86","234.60","2.67M","0.61%"
"10/14/2019","234.18","234.22","235.49","234.06","2.54M","-0.20%"
"10/11/2019","234.66","234.32","236.70","233.76","3.48M","1.32%"
"10/10/2019","231.61","229.34","232.24","229.08","3.05M","1.17%"
"10/09/2019","228.94","228.50","229.56","226.61","2.68M","1.00%"
"10/08/2019","226.67","225.36","228.78","225.10","3.57M","-0.03%"
"10/07/2019","226.74","227.51","228.13","226.05","2.97M","-0.52%"
"10/04/2019","227.93","227.17","229.21","227.02","3.19M","0.49%"
"10/03/2019","226.81","225.00","226.81","222.12","2.97M","0.56%"
"10/02/2019","225.55","230.60","230.60","224.34","4.37M","-2.39%"
"10/01/2019","231.08","233.01","234.51","230.72","3.53M","-0.41%"
"09/30/2019","232.02","230.19","232.59","230.12","3.26M","0.94%"
"09/27/2019","229.86","231.61","231.75","229.13","3.15M","0.03%"
"09/26/2019","229.79","229.68","231.12","229.00","4.38M","0.74%"
"09/25/2019","228.10","226.59","228.45","224.50","3.97M","1.19%"
"09/24/2019","225.41","228.14","230.24","224.78","4.52M","-0.37%"
"09/23/2019","226.25","224.16","227.14","223.95","2.96M","0.70%"
"09/20/2019","224.67","227.99","230.05","224.23","7.80M","-1.51%"
"09/19/2019","228.12","231.15","231.40","227.95","3.25M","-1.17%"
"09/18/2019","230.83","230.37","231.53","229.01","3.42M","0.27%"
"09/17/2019","230.21","226.79","230.33","226.47","3.81M","-0.34%"
"09/16/2019","230.99","232.73","233.61","230.61","3.12M","-1.28%"
"09/13/2019","233.98","234.33","234.97","232.33","3.81M","0.08%"
"09/12/2019","233.80","233.42","235.49","233.11","3.37M","0.49%"
"09/11/2019","232.66","232.93","233.68","231.02","2.98M","-0.15%"
"09/10/2019","233.00","232.25","233.02","229.71","4.21M","0.06%"
"09/09/2019","232.87","231.50","233.87","230.07","4.45M","0.75%"
"09/06/2019","231.13","228.70","231.37","227.88","3.24M","1.31%"
"09/05/2019","228.15","226.30","228.78","226.25","3.37M","1.78%"
"09/04/2019","224.15","223.95","224.15","220.67","3.15M","0.04%"
"09/03/2019","224.07","226.45","227.63","223.38","4.14M","-1.68%"
"08/30/2019","227.91","228.43","229.27","226.69","3.77M","0.26%"
"08/29/2019","227.32","223.90","227.70","223.76","4.18M","2.42%"
"08/28/2019","221.95","217.88","222.09","217.11","3.07M","1.71%"
"08/27/2019","218.21","219.55","220.41","217.91","4.31M","-0.20%"
"08/26/2019","218.65","218.46","219.50","216.18","3.68M","0.54%"
"08/23/2019","217.47","219.90","220.87","216.01","5.77M","-1.61%"
"08/22/2019","221.02","220.05","222.66","219.88","4.55M","0.28%"
"08/21/2019","220.40","218.73","220.88","216.76","7.94M","1.52%"
"08/20/2019","217.09","213.50","217.85","212.17","12.46M","4.40%"
"08/19/2019","207.95","206.98","208.82","205.30","6.41M","2.11%"
"08/16/2019","203.65","203.75","204.43","201.67","4.09M","0.92%"
"08/15/2019","201.79","203.00","203.76","199.05","4.20M","0.10%"
"08/14/2019","201.59","204.46","205.36","201.51","4.58M","-3.24%"
"08/13/2019","208.33","206.31","211.62","204.78","3.91M","0.64%"
"08/12/2019","207.01","208.10","209.64","206.15","2.00M","-1.43%"
"08/09/2019","210.02","211.45","212.41","207.95","2.91M","-0.73%"
"08/08/2019","211.57","209.70","211.69","208.72","2.97M","1.76%"
"08/07/2019","207.91","206.04","208.50","203.13","3.90M","-0.43%"
"08/06/2019","208.80","205.01","209.09","204.50","3.65M","1.88%"
"08/05/2019","204.94","209.53","209.99","204.08","4.55M","-3.40%"
"08/02/2019","212.15","211.86","213.14","211.08","2.88M","-0.32%"
"08/01/2019","212.83","214.14","217.61","212.02","3.43M","-0.40%"
"07/31/2019","213.69","216.35","217.80","212.16","3.43M","-1.69%"
"07/30/2019","217.36","217.52","218.59","216.86","2.17M","-0.31%"
"07/29/2019","218.04","216.79","218.27","216.35","2.41M","0.52%"
"07/26/2019","216.91","215.53","217.21","214.10","2.68M","0.63%"
"07/25/2019","215.55","214.28","215.92","213.63","2.34M","0.39%"
"07/24/2019","214.71","213.19","214.79","213.07","2.21M","0.76%"
"07/23/2019","213.08","212.57","214.13","211.73","2.59M","0.86%"
"07/22/2019","211.27","213.00","213.26","210.38","2.77M","-0.83%"
"07/19/2019","213.04","214.67","215.23","212.93","3.26M","-0.65%"
"07/18/2019","214.44","215.50","216.23","213.01","3.07M","-0.54%"
"07/17/2019","215.61","216.73","217.58","215.61","3.04M","-0.76%"
"07/16/2019","217.26","217.30","218.35","216.73","2.66M","-0.66%"
"07/15/2019","218.70","218.95","219.30","216.81","3.14M","0.22%"
"07/12/2019","218.23","215.00","218.25","214.61","4.43M","1.96%"
"07/11/2019","214.04","212.25","214.08","211.02","3.45M","1.56%"
"07/10/2019","210.75","210.72","211.32","208.83","3.46M","-0.59%"
"07/09/2019","212.00","211.93","213.33","211.20","2.40M","-0.43%"
"07/08/2019","212.91","210.98","213.44","210.59","2.71M","0.69%"
"07/05/2019","211.46","209.97","212.17","209.73","2.55M","-0.30%"
"07/03/2019","212.10","209.82","212.75","209.70","2.18M","0.93%"
"07/02/2019","210.14","210.24","210.26","208.46","3.16M","-0.07%"
"07/01/2019","210.28","209.70","212.31","208.17","4.10M","1.11%"
"06/28/2019","207.97","207.77","209.00","207.39","11.07M","0.46%"
"06/27/2019","207.02","207.61","208.00","206.01","2.29M","0.29%"
"06/26/2019","206.42","205.34","207.32","204.65","3.07M","0.82%"
"06/25/2019","204.74","206.30","207.10","204.20","3.59M","-0.37%"
"06/24/2019","205.50","208.15","209.26","205.12","4.94M","-1.86%"
"06/21/2019","209.39","211.26","211.99","209.08","9.85M","-0.88%"
"06/20/2019","211.25","209.57","211.66","209.31","5.17M","1.59%"
"06/19/2019","207.94","207.90","208.48","205.90","3.65M","0.22%"
"06/18/2019","207.48","208.10","210.17","207.11","3.89M","0.24%"
"06/17/2019","206.98","207.00","208.79","206.00","4.62M","0.59%"
"06/14/2019","205.77","201.31","206.50","201.31","4.90M","1.69%"
"06/13/2019","202.35","199.95","202.68","199.45","3.63M","1.71%"
"06/12/2019","198.94","198.81","200.19","197.98","2.55M","0.47%"
"06/11/2019","198.01","199.02","200.84","195.84","3.71M","-0.02%"
"06/10/2019","198.05","198.56","199.85","197.32","3.15M","0.38%"
"06/07/2019","197.30","197.20","199.02","196.21","3.52M","0.07%"
"06/06/2019","197.17","196.65","197.65","194.96","3.73M","0.24%"
"06/05/2019","196.69","194.01","196.72","193.08","3.70M","0.74%"
"06/04/2019","195.25","191.58","195.50","191.42","5.12M","3.00%"
"06/03/2019","189.57","189.52","191.87","188.75","4.62M","-0.15%"
"05/31/2019","189.85","189.64","190.29","188.66","3.68M","-0.64%"
"05/30/2019","191.08","190.13","192.50","190.09","3.03M","0.57%"
"05/29/2019","189.99","190.28","191.88","188.03","4.57M","-0.81%"
"05/28/2019","191.55","194.38","196.47","191.35","5.17M","-1.05%"
"05/24/2019","193.59","192.54","193.86","190.41","3.80M","0.83%"
"05/23/2019","192.00","188.45","192.54","186.27","7.75M","1.64%"
"05/22/2019","188.91","190.49","192.22","188.05","5.71M","-1.33%"
"05/21/2019","191.45","187.13","192.52","186.34","8.56M","0.26%"
"05/20/2019","190.95","191.13","192.86","190.61","4.78M","-0.85%"
"05/17/2019","192.58","190.86","194.50","190.75","5.22M","0.10%"
"05/16/2019","192.38","192.47","194.96","192.20","3.85M","0.32%"
"05/15/2019","191.76","190.81","192.81","190.27","3.36M","0.07%"
"05/14/2019","191.62","190.50","192.76","190.01","3.66M","0.67%"
"05/13/2019","190.34","191.00","191.66","189.14","3.33M","-2.18%"
"05/10/2019","194.58","193.21","195.49","190.01","3.86M","0.00%"
"05/09/2019","194.58","193.31","195.08","191.59","2.92M","-0.30%"
"05/08/2019","195.17","194.49","196.61","193.68","3.12M","0.21%"
"05/07/2019","194.77","196.75","197.65","192.96","4.62M","-2.43%"
"05/06/2019","199.63","198.74","199.93","198.31","2.62M","-0.46%"
"05/03/2019","200.56","202.00","202.31","200.32","3.58M","-0.22%"
"05/02/2019","201.01","199.30","201.06","198.80","2.81M","1.11%"
"05/01/2019","198.80","203.20","203.52","198.66","4.64M","-2.41%"
"04/30/2019","203.70","201.55","203.75","200.79","3.42M","0.76%"
"04/29/2019","202.16","203.31","203.80","200.34","3.79M","-0.71%"
"04/26/2019","203.61","205.88","206.14","203.34","3.56M","-1.40%"
"04/25/2019","206.50","206.01","207.72","205.06","3.29M","-0.11%"
"04/24/2019","206.72","206.16","208.29","205.54","2.75M","0.33%"
"04/23/2019","206.05","205.14","207.33","203.43","3.70M","0.62%"
"04/22/2019","204.78","204.11","206.25","204.00","2.59M","-0.43%"
"04/18/2019","205.66","206.02","207.78","205.10","3.16M","-0.43%"
"04/17/2019","206.55","205.34","206.84","205.32","3.27M","1.02%"
"04/16/2019","204.47","205.25","205.99","204.29","3.27M","-0.19%"
"04/15/2019","204.86","204.16","205.14","203.40","3.05M","0.50%"
"04/12/2019","203.85","202.13","204.26","202.13","3.10M","1.18%"
"04/11/2019","201.48","199.90","201.50","199.03","2.47M","1.03%"
"04/10/2019","199.43","201.26","201.60","198.02","3.59M","-0.73%"
"04/09/2019","200.90","202.26","202.71","200.46","3.72M","-1.30%"
"04/08/2019","203.55","201.37","203.79","201.24","3.04M","0.74%"
"04/05/2019","202.06","200.86","203.13","200.61","3.62M","0.80%"
"04/04/2019","200.45","199.00","200.49","198.02","3.14M","0.93%"
"04/03/2019","198.61","194.98","198.78","194.11","4.58M","2.21%"
"04/02/2019","194.31","195.50","195.50","194.01","2.72M","-0.68%"
"04/01/2019","195.64","192.99","195.90","192.85","5.38M","1.95%"
"03/29/2019","191.89","190.85","192.04","190.14","4.67M","0.96%"
"03/28/2019","190.06","189.91","191.40","189.16","3.33M","0.43%"
"03/27/2019","189.25","189.65","191.61","188.39","4.30M","-0.05%"
"03/26/2019","189.34","190.69","192.19","188.74","4.14M","-0.18%"
"03/25/2019","189.68","188.75","191.71","188.51","3.85M","0.49%"
"03/22/2019","188.75","189.31","192.05","188.67","5.17M","-0.64%"
"03/21/2019","189.97","185.50","190.00","185.50","4.76M","2.08%"
"03/20/2019","186.10","184.30","187.12","183.43","4.77M","1.07%"
"03/19/2019","184.13","184.19","185.82","183.48","4.44M","0.39%"
"03/18/2019","183.42","182.53","183.48","182.33","4.40M","0.65%"
"03/15/2019","182.23","182.30","182.49","179.57","8.06M","0.34%"
"03/14/2019","181.61","181.28","181.74","180.50","4.39M","0.26%"
"03/13/2019","181.14","183.24","183.78","181.08","4.53M","-1.55%"
"03/12/2019","184.00","183.43","184.27","182.33","3.78M","0.86%"
"03/11/2019","182.44","182.00","183.20","181.20","3.87M","0.67%"
"03/08/2019","181.23","181.49","181.91","179.52","3.87M","-0.70%"
"03/07/2019","182.51","184.39","184.62","181.58","4.12M","-1.05%"
"03/06/2019","184.45","184.53","184.97","183.84","4.46M","0.24%"
"03/05/2019","184.00","184.24","185.12","183.25","3.69M","0.10%"
"03/04/2019","183.81","186.20","186.24","182.10","5.05M","-0.73%"
"03/01/2019","185.17","185.82","186.56","182.86","5.48M","0.02%"
"02/28/2019","185.14","183.60","185.19","183.11","8.06M","0.80%"
"02/27/2019","183.67","187.90","188.50","183.21","8.77M","-2.46%"
"02/26/2019","188.30","185.59","188.47","182.80","13.64M","-0.88%"
"02/25/2019","189.98","192.75","193.42","189.96","6.19M","-1.25%"
"02/22/2019","192.39","191.69","192.54","191.62","3.32M","0.30%"
"02/21/2019","191.82","191.85","192.37","190.61","3.09M","-0.02%"
"02/20/2019","191.85","192.39","192.40","191.11","3.97M","-0.25%"
"02/19/2019","192.33","191.71","193.19","191.28","3.83M","-0.03%"
"02/15/2019","192.39","189.87","192.62","189.05","5.00M","2.49%"
"02/14/2019","187.71","187.50","188.93","186.00","2.60M","-0.37%"
"02/13/2019","188.41","186.30","188.68","185.92","4.15M","1.56%"
"02/12/2019","185.52","183.84","186.40","183.52","3.77M","1.42%"
"02/11/2019","182.92","185.00","185.42","182.75","3.73M","-0.88%"
"02/08/2019","184.54","183.05","184.58","182.72","2.79M","0.26%"
"02/07/2019","184.07","183.74","184.92","182.45","2.79M","-0.35%"
"02/06/2019","184.72","186.69","186.69","184.06","3.07M","-0.90%"
"02/05/2019","186.39","186.89","186.99","184.69","4.14M","-0.02%"
"02/04/2019","186.43","184.30","186.43","183.84","3.05M","1.12%"
"02/01/2019","184.37","184.03","185.15","182.83","4.51M","0.46%"
"01/31/2019","183.53","181.50","184.67","181.06","5.14M","0.74%"
"01/30/2019","182.18","180.47","184.20","179.78","5.20M","1.39%"
"01/29/2019","179.69","178.96","180.15","178.09","3.69M","-0.08%"
"01/28/2019","179.83","178.97","179.99","177.41","4.09M","-0.32%"
"01/25/2019","180.40","179.78","180.87","178.61","4.50M","1.75%"
"01/24/2019","177.29","177.00","177.53","175.30","3.86M","0.23%"
"01/23/2019","176.89","176.59","178.06","174.53","4.91M","-0.12%"
"01/22/2019","177.11","177.49","178.60","175.36","6.27M","-1.38%"
"01/18/2019","179.58","176.98","180.04","176.18","6.37M","2.69%"
"01/17/2019","174.87","174.01","175.46","172.00","6.50M","-1.23%"
"01/16/2019","177.04","177.09","177.93","175.86","4.08M","0.32%"
"01/15/2019","176.47","176.08","177.82","175.20","5.02M","-1.31%"
"01/14/2019","178.81","177.59","179.23","176.90","3.87M","-0.33%"
"01/11/2019","179.41","177.93","180.26","177.12","3.29M","0.20%"
"01/10/2019","179.06","178.03","179.24","176.34","3.61M","-0.37%"
"01/09/2019","179.73","177.87","181.27","177.10","4.92M","1.03%"
"01/08/2019","177.89","178.57","179.59","175.61","4.72M","0.48%"
"01/07/2019","177.04","173.83","178.18","173.83","4.93M","1.97%"
"01/04/2019","173.62","170.18","174.74","169.52","4.76M","2.97%"
"01/03/2019","168.61","171.84","171.84","168.21","4.81M","-2.20%"
"01/02/2019","172.41","169.71","173.18","169.05","4.24M","0.34%"
"12/31/2018","171.82","171.47","173.24","170.65","4.21M","0.94%"
"12/28/2018","170.22","171.22","173.12","168.60","4.55M","-0.06%"
"12/27/2018","170.32","166.44","170.46","163.36","5.07M","1.21%"
"12/26/2018","168.28","159.46","168.28","159.44","6.14M","6.41%"
"12/24/2018","158.14","160.16","161.40","158.09","4.55M","-1.46%"
"12/21/2018","160.48","162.81","167.96","160.17","13.03M","-2.24%"
"12/20/2018","164.16","166.28","167.31","162.23","7.68M","-2.03%"
"12/19/2018","167.56","170.92","174.95","166.77","7.00M","-1.46%"
"12/18/2018","170.04","168.90","171.95","168.50","4.46M","1.23%"
"12/17/2018","167.97","171.51","171.99","166.93","5.63M","-2.51%"
"12/14/2018","172.29","172.98","175.14","171.95","4.27M","-0.91%"
"12/13/2018","173.87","174.31","174.91","172.07","6.10M","-0.20%"
"12/12/2018","174.21","173.75","176.87","172.81","5.91M","1.16%"
"12/11/2018","172.21","174.30","175.60","171.24","5.23M","0.30%"
"12/10/2018","171.69","173.39","173.99","167.73","5.37M","-0.64%"
"12/07/2018","172.79","175.35","178.36","172.24","6.23M","-1.80%"
"12/06/2018","175.96","173.50","176.04","170.46","7.57M","0.38%"
"12/04/2018","175.30","181.06","182.23","174.55","7.06M","-3.54%"
"12/03/2018","181.74","183.29","183.50","179.35","7.61M","0.79%"
"11/30/2018","180.32","175.75","180.37","175.11","8.94M","2.65%"
"11/29/2018","175.66","176.80","177.27","174.92","4.33M","-1.00%"
"11/28/2018","177.43","172.91","177.65","170.62","7.13M","2.43%"
"11/27/2018","173.22","169.11","173.38","168.82","7.08M","2.00%"
"11/26/2018","169.82","170.20","172.39","168.87","6.14M","0.57%"
"11/23/2018","168.85","169.39","170.33","168.47","2.71M","-0.27%"
"11/21/2018","169.30","170.00","170.93","169.15","5.75M","0.15%"
"11/20/2018","169.05","169.25","172.00","167.00","8.66M","-2.62%"
"11/19/2018","173.59","176.71","178.88","172.30","6.20M","-1.94%"
"11/16/2018","177.02","173.99","177.60","173.51","6.83M","-0.19%"
"11/15/2018","177.36","179.01","179.67","173.61","8.66M","-1.41%"
"11/14/2018","179.90","182.61","182.90","179.15","7.56M","0.50%"
"11/13/2018","179.00","177.30","181.62","172.85","14.27M","-0.24%"
"11/12/2018","179.43","185.23","186.95","179.02","7.59M","-3.53%"
"11/09/2018","185.99","188.32","188.48","184.96","4.76M","-1.07%"
"11/08/2018","188.00","187.13","188.69","185.72","4.05M","0.41%"
"11/07/2018","187.23","183.79","187.68","182.06","4.67M","2.87%"
"11/06/2018","182.01","181.93","182.65","180.05","3.34M","-0.10%"
"11/05/2018","182.19","181.02","182.41","179.30","3.89M","1.26%"
"11/02/2018","179.93","182.47","183.01","177.39","4.73M","-0.29%"
"11/01/2018","180.46","176.84","180.86","175.90","5.23M","2.60%"
"10/31/2018","175.88","177.98","178.85","175.59","6.34M","-0.20%"
"10/30/2018","176.24","173.16","176.43","172.64","5.66M","1.76%"
"10/29/2018","173.20","173.74","175.99","170.95","5.92M","0.56%"
"10/26/2018","172.23","176.88","177.34","170.91","9.47M","-3.82%"
"10/25/2018","179.07","177.52","180.50","176.83","5.23M","1.19%"
"10/24/2018","176.97","178.58","182.37","176.31","6.79M","-0.87%"
"10/23/2018","178.53","175.77","179.49","175.44","7.00M","-0.12%"
"10/22/2018","178.75","180.82","181.40","177.56","4.87M","-0.61%"
"10/19/2018","179.85","180.34","180.99","178.57","7.00M","-0.33%"
"10/18/2018","180.44","184.26","185.40","179.53","9.26M","-2.55%"
"10/17/2018","185.17","189.64","190.67","183.98","8.99M","-4.34%"
"10/16/2018","193.58","191.83","194.08","190.61","4.06M","1.26%"
"10/15/2018","191.17","192.36","193.29","190.70","3.64M","-0.68%"
"10/12/2018","192.47","192.75","193.59","190.16","5.45M","1.44%"
"10/11/2018","189.74","193.71","196.67","188.47","5.83M","-2.04%"
"10/10/2018","193.70","199.11","199.24","193.35","6.16M","-1.05%"
"10/09/2018","195.75","197.95","199.18","195.58","4.47M","-1.34%"
"10/08/2018","198.41","196.24","198.66","195.06","3.73M","1.03%"
"10/05/2018","196.38","199.07","199.70","194.57","5.02M","-1.24%"
"10/04/2018","198.85","203.65","203.76","198.27","6.00M","-2.40%"
"10/03/2018","203.74","206.16","206.46","203.65","4.16M","-0.49%"
"10/02/2018","204.75","207.49","208.04","204.67","4.43M","-1.37%"
"10/01/2018","207.60","208.52","209.79","207.37","3.67M","0.22%"
"09/28/2018","207.15","206.44","208.85","206.35","3.97M","0.15%"
"09/27/2018","206.84","207.50","207.83","205.67","3.22M","-0.33%"
"09/26/2018","207.52","208.58","209.14","207.23","2.97M","0.03%"
"09/25/2018","207.46","208.84","209.30","206.80","4.44M","-0.25%"
"09/24/2018","207.99","211.52","211.84","207.96","4.62M","-2.07%"
"09/21/2018","212.39","211.30","212.66","210.51","9.75M","0.63%"
"09/20/2018","211.06","211.66","212.61","211.00","4.02M","-0.29%"
"09/19/2018","211.68","212.00","212.67","210.66","2.58M","0.31%"
"09/18/2018","211.02","208.63","211.73","208.16","4.34M","1.26%"
"09/17/2018","208.40","209.08","210.03","208.26","3.07M","-0.32%"
"09/14/2018","209.07","210.19","210.53","207.55","3.62M","-0.18%"
"09/13/2018","209.45","211.44","211.44","208.70","4.70M","-1.19%"
"09/12/2018","211.98","214.03","215.43","210.91","5.66M","-0.87%"
"09/11/2018","213.85","213.00","214.66","211.50","5.97M","1.50%"
"09/10/2018","210.69","208.13","211.62","208.13","5.59M","2.16%"
"09/07/2018","206.23","205.45","207.23","205.43","3.67M","0.17%"
"09/06/2018","205.89","204.59","207.09","203.80","3.49M","0.85%"
"09/05/2018","204.15","204.83","206.67","203.15","3.67M","-0.45%"
"09/04/2018","205.08","200.69","205.92","200.50","4.61M","2.15%"
"08/31/2018","200.77","199.38","200.91","199.29","4.02M","0.76%"
"08/30/2018","199.26","201.00","201.44","199.10","2.83M","-1.20%"
"08/29/2018","201.68","201.11","201.99","200.71","2.49M","-0.14%"
"08/28/2018","201.97","202.30","202.42","200.63","3.52M","0.00%"
"08/27/2018","201.98","202.83","202.95","201.19","2.52M","0.34%"
"08/24/2018","201.30","200.35","202.50","200.00","3.05M","0.57%"
"08/23/2018","200.16","199.39","201.41","199.14","3.60M","0.60%"
"08/22/2018","198.97","200.80","203.55","198.65","5.01M","-0.63%"
"08/21/2018","200.23","198.83","200.74","198.41","4.12M","1.16%"
"08/20/2018","197.93","195.84","198.44","195.40","2.96M","1.21%"
"08/17/2018","195.56","195.60","195.98","194.82","3.89M","0.09%"
"08/16/2018","195.39","194.02","196.09","193.72","5.69M","0.72%"
"08/15/2018","193.99","191.75","194.18","191.09","6.05M","0.46%"
"08/14/2018","193.10","195.17","195.98","191.27","11.49M","-0.54%"
"08/13/2018","194.14","196.30","197.59","194.00","5.29M","-1.10%"
"08/10/2018","196.30","197.34","197.93","195.64","2.87M","-0.90%"
"08/09/2018","198.08","199.00","199.74","198.04","2.47M","0.03%"
"08/08/2018","198.02","197.44","198.91","197.30","2.18M","0.49%"
"08/07/2018","197.05","196.35","197.20","195.64","3.05M","0.69%"
"08/06/2018","195.69","195.62","196.06","195.11","2.52M","0.03%"
"08/03/2018","195.64","196.03","196.40","195.25","2.31M","-0.01%"
"08/02/2018","195.66","195.10","195.84","193.55","3.54M","-0.33%"
"08/01/2018","196.30","196.86","197.74","195.60","3.09M","-0.62%"
"07/31/2018","197.52","197.69","198.03","196.87","2.80M","0.12%"
"07/30/2018","197.28","196.53","197.57","196.40","2.33M","0.07%"
"07/27/2018","197.14","200.21","200.49","196.68","3.87M","-1.13%"
"07/26/2018","199.40","201.53","202.12","198.91","4.28M","-0.80%"
"07/25/2018","201.00","201.40","202.29","199.07","4.38M","-0.49%"
"07/24/2018","201.99","203.53","204.25","201.35","5.06M","-0.12%"
"07/23/2018","202.23","202.46","203.39","201.90","2.26M","-0.11%"
"07/20/2018","202.45","202.08","203.76","201.82","3.57M","-0.09%"
"07/19/2018","202.63","200.89","203.23","200.55","3.69M","0.83%"
"07/18/2018","200.97","201.02","201.92","200.19","3.79M","-0.06%"
"07/17/2018","201.10","198.63","201.43","198.63","4.66M","1.12%"
"07/16/2018","198.88","199.14","199.22","197.89","2.53M","0.10%"
"07/13/2018","198.69","198.46","199.93","198.46","2.31M","0.37%"
"07/12/2018","197.95","198.20","198.48","197.00","2.71M","0.51%"
"07/11/2018","196.95","197.22","197.76","195.95","3.31M","-0.33%"
"07/10/2018","197.61","196.56","197.76","196.38","2.84M","0.78%"
"07/09/2018","196.08","195.70","196.71","195.03","2.58M","0.82%"
"07/06/2018","194.48","194.58","195.35","192.95","2.55M","0.04%"
"07/05/2018","194.41","194.49","194.74","193.13","3.04M","0.41%"
"07/03/2018","193.62","194.44","195.71","193.41","1.61M","-0.21%"
"07/02/2018","194.02","193.82","194.18","192.12","3.82M","-0.55%"
"06/29/2018","195.10","195.86","198.83","194.99","4.11M","-0.06%"
"06/28/2018","195.21","195.00","196.01","193.51","2.99M","0.10%"
"06/27/2018","195.02","196.66","197.99","195.01","3.77M","-0.68%"
"06/26/2018","196.36","196.58","197.33","195.60","3.27M","-0.01%"
"06/25/2018","196.38","197.41","197.84","195.06","5.13M","-0.52%"
"06/22/2018","197.41","200.79","201.20","197.17","7.07M","-1.45%"
"06/21/2018","200.31","199.21","200.94","198.61","4.70M","0.62%"
"06/20/2018","199.08","200.00","200.13","198.12","3.39M","-0.07%"
"06/19/2018","199.21","198.21","199.90","198.10","5.50M","-0.74%"
"06/18/2018","200.69","198.94","200.91","198.11","3.41M","0.07%"
"06/15/2018","200.54","198.95","201.60","198.50","7.82M","0.44%"
"06/14/2018","199.67","200.26","201.00","198.16","4.31M","-0.32%"
"06/13/2018","200.31","201.30","201.58","199.66","5.13M","-0.50%"
"06/12/2018","201.31","199.84","201.34","199.51","4.62M","0.84%"
"06/11/2018","199.64","198.91","200.52","198.34","4.24M","0.66%"
"06/08/2018","198.33","195.87","198.50","195.01","4.01M","1.10%"
"06/07/2018","196.17","193.83","197.20","193.83","4.38M","1.33%"
"06/06/2018","193.59","193.07","193.59","191.21","4.13M","0.86%"
"06/05/2018","191.94","190.44","192.38","189.70","4.23M","0.30%"
"06/04/2018","191.36","188.22","191.54","187.97","4.10M","2.14%"
"06/01/2018","187.35","187.21","188.83","186.52","3.71M","0.43%"
"05/31/2018","186.55","187.16","187.36","185.25","4.84M","-0.29%"
"05/30/2018","187.09","184.83","187.80","184.01","3.98M","1.13%"
"05/29/2018","185.00","185.55","186.83","184.25","4.73M","-0.99%"
"05/25/2018","186.85","186.71","187.83","186.05","2.73M","-0.16%"
"05/24/2018","187.15","186.79","187.41","184.67","3.94M","0.26%"
"05/23/2018","186.67","187.10","187.31","184.98","7.39M","-0.11%"
"05/22/2018","186.87","190.06","190.78","186.52","4.59M","-1.54%"
"05/21/2018","189.79","188.20","190.67","188.00","4.15M","1.26%"
"05/18/2018","187.42","185.75","188.21","185.55","4.70M","1.13%"
"05/17/2018","185.33","186.25","187.18","184.87","4.23M","-0.56%"
"05/16/2018","186.38","189.28","189.28","185.90","5.04M","-0.85%"
"05/15/2018","187.98","189.50","189.69","186.10","10.15M","-1.62%"
"05/14/2018","191.08","191.50","191.65","189.86","7.04M","0.40%"
"05/11/2018","190.31","187.63","190.80","187.35","5.36M","1.68%"
"05/10/2018","187.16","185.97","187.97","185.88","3.85M","0.43%"
"05/09/2018","186.36","185.03","186.50","183.57","3.39M","0.71%"
"05/08/2018","185.04","183.45","185.30","182.50","4.17M","0.81%"
"05/07/2018","183.56","185.40","185.50","182.67","3.58M","-0.79%"
"05/04/2018","185.03","182.75","186.35","181.84","3.90M","1.00%"
"05/03/2018","183.19","184.87","184.90","181.20","4.12M","-1.46%"
"05/02/2018","185.91","184.49","187.12","183.75","3.87M","0.69%"
"05/01/2018","184.63","184.73","184.73","181.40","3.42M","-0.09%"
"04/30/2018","184.80","186.99","187.80","184.80","4.17M","-0.89%"
"04/27/2018","186.46","185.49","187.04","183.87","4.38M","0.40%"
"04/26/2018","185.72","178.46","185.93","178.08","8.78M","4.70%"
"04/25/2018","177.39","176.08","178.07","174.55","5.59M","0.64%"
"04/24/2018","176.26","179.30","180.00","175.05","4.44M","-0.79%"
"04/23/2018","177.66","177.62","178.38","176.13","2.99M","0.37%"
"04/20/2018","177.01","177.85","178.89","176.32","5.01M","-0.04%"
"04/19/2018","177.08","179.50","179.70","175.77","5.41M","-1.54%"
"04/18/2018","179.85","175.00","180.25","174.99","5.86M","2.82%"
"04/17/2018","174.91","175.76","176.24","174.10","3.11M","0.28%"
"04/16/2018","174.43","174.23","175.60","173.32","3.53M","0.94%"
"04/13/2018","172.80","174.49","175.51","172.22","4.31M","-0.32%"
"04/12/2018","173.36","173.31","174.24","172.90","3.40M","0.29%"
"04/11/2018","172.86","172.00","175.06","171.80","4.23M","-0.36%"
"04/10/2018","173.49","174.03","174.19","172.24","4.81M","0.57%"
"04/09/2018","172.51","175.06","175.35","172.37","5.08M","-1.11%"
"04/06/2018","174.45","177.98","178.52","173.35","5.24M","-2.61%"
"04/05/2018","179.13","178.00","180.04","177.31","3.80M","0.95%"
"04/04/2018","177.44","170.80","177.84","170.42","4.76M","2.12%"
"04/03/2018","173.76","172.78","174.94","172.43","5.28M","0.50%"
"04/02/2018","172.90","177.15","177.69","170.42","7.23M","-3.00%"
"03/29/2018","178.24","175.70","178.64","175.50","4.42M","1.99%"
"03/28/2018","174.76","175.24","177.53","173.92","4.32M","0.05%"
"03/27/2018","174.68","177.38","178.73","173.60","4.71M","-0.96%"
"03/26/2018","176.38","174.11","176.80","173.51","7.32M","2.67%"
"03/23/2018","171.80","176.24","177.56","171.56","6.02M","-1.99%"
"03/22/2018","175.29","177.42","178.56","175.08","5.26M","-1.53%"
"03/21/2018","178.02","178.35","180.14","177.68","3.49M","-0.08%"
"03/20/2018","178.16","177.64","178.89","177.16","4.15M","0.60%"
"03/19/2018","177.10","178.65","179.32","176.00","4.74M","-1.04%"
"03/16/2018","178.96","178.43","180.40","177.97","8.41M","0.50%"
"03/15/2018","178.07","177.69","179.86","176.72","3.94M","0.37%"
"03/14/2018","177.41","179.10","179.66","175.89","4.53M","-0.53%"
"03/13/2018","178.35","179.59","180.95","177.86","6.13M","-0.76%"
"03/12/2018","179.71","182.43","183.06","179.55","4.99M","-1.34%"
"03/09/2018","182.16","179.00","182.24","177.92","4.48M","2.37%"
"03/08/2018","177.94","179.44","179.98","176.73","4.75M","-0.36%"
"03/07/2018","178.58","178.82","180.00","176.82","4.80M","-1.68%"
"03/06/2018","181.64","182.75","183.00","179.51","5.31M","-0.06%"
"03/05/2018","181.74","177.86","182.26","177.70","5.75M","1.84%"
"03/02/2018","178.46","177.72","179.19","176.34","5.67M","-0.66%"
"03/01/2018","179.64","182.75","184.40","178.25","6.12M","-1.44%"
"02/28/2018","182.27","184.41","186.65","182.27","6.42M","-1.47%"
"02/27/2018","184.98","188.87","189.25","184.96","4.62M","-1.85%"
"02/26/2018","188.46","189.17","189.79","187.86","4.65M","0.06%"
"02/23/2018","188.35","186.20","188.41","185.62","4.32M","1.55%"
"02/22/2018","185.47","183.72","186.22","182.91","5.65M","1.32%"
"02/21/2018","183.06","187.21","187.98","182.86","7.53M","-1.95%"
"02/20/2018","186.71","189.90","191.44","186.31","8.92M","-0.14%"
"02/16/2018","186.97","185.06","187.99","184.86","7.62M","0.92%"
"02/15/2018","185.27","186.74","187.19","183.25","5.11M","0.31%"
"02/14/2018","184.69","181.88","185.06","181.05","6.77M","0.53%"
"02/13/2018","183.72","183.23","183.99","180.89","4.27M","-0.18%"
"02/12/2018","184.06","186.55","187.01","183.41","6.78M","-0.03%"
"02/09/2018","184.12","183.25","186.00","175.79","9.06M","1.60%"
"02/08/2018","181.22","191.14","191.14","180.93","7.24M","-5.26%"
"02/07/2018","191.29","190.73","194.51","189.72","6.02M","0.13%"
"02/06/2018","191.04","178.62","191.96","175.42","11.68M","4.33%"
"02/05/2018","183.11","190.07","194.29","180.38","10.62M","-5.60%"
"02/02/2018","193.97","199.25","199.30","193.44","6.18M","-2.97%"
"02/01/2018","199.90","199.34","202.25","198.28","3.55M","-0.50%"
"01/31/2018","200.90","203.22","205.08","200.23","4.55M","-0.45%"
"01/30/2018","201.81","201.47","203.15","191.57","5.98M","-1.52%"
"01/29/2018","204.92","207.23","207.60","204.71","3.63M","-1.11%"
"01/26/2018","207.23","205.60","207.31","204.44","3.78M","0.91%"
"01/25/2018","205.37","206.80","206.83","203.84","3.54M","-0.41%"
"01/24/2018","206.22","205.20","207.10","204.55","4.37M","0.64%"
"01/23/2018","204.90","204.89","206.35","204.15","3.62M","0.22%"
"01/22/2018","204.46","201.60","204.47","201.51","4.86M","1.55%"
"01/19/2018","201.33","199.81","201.33","199.13","5.81M","1.51%"
"01/18/2018","198.33","199.78","200.24","197.66","4.47M","-0.75%"
"01/17/2018","199.82","197.50","199.82","196.84","4.00M","1.79%"
"01/16/2018","196.31","197.86","198.95","195.70","5.69M","-0.06%"
"01/12/2018","196.42","195.50","199.42","194.82","6.75M","0.89%"
"01/11/2018","194.68","191.68","194.73","191.40","3.90M","1.50%"
"01/10/2018","191.80","192.76","193.22","191.65","3.12M","-0.67%"
"01/09/2018","193.10","192.70","193.47","191.64","3.01M","0.55%"
"01/08/2018","192.04","191.72","193.72","191.60","3.51M","-0.24%"
"01/05/2018","192.50","190.93","192.54","190.51","4.22M","1.04%"
"01/04/2018","190.51","189.87","190.87","188.47","4.05M","0.79%"
"01/03/2018","189.01","188.00","189.36","187.82","4.53M","0.52%"
"01/02/2018","188.03","190.21","190.72","188.01","4.68M","-0.79%"
"12/29/2017","189.53","190.74","190.74","189.53","4.64M","-0.13%"
"12/28/2017","189.78","190.91","190.98","189.64","3.18M","-0.22%"
"12/27/2017","190.19","190.60","191.49","190.01","5.91M","-0.09%"
"12/26/2017","190.36","188.53","190.42","188.34","2.97M","1.19%"
"12/22/2017","188.13","188.46","188.46","187.27","3.26M","0.03%"
"12/21/2017","188.08","187.89","188.84","187.44","5.86M","0.41%"
"12/20/2017","187.31","187.00","187.90","186.03","5.38M","0.72%"
"12/19/2017","185.98","185.24","186.72","184.60","4.58M","0.68%"
"12/18/2017","184.73","183.50","185.47","183.50","5.01M","1.18%"
"12/15/2017","182.58","182.99","183.21","182.13","8.20M","0.25%"
"12/14/2017","182.13","183.59","184.00","182.06","3.54M","-0.49%"
"12/13/2017","183.03","182.01","183.67","182.00","5.18M","0.68%"
"12/12/2017","181.80","182.75","183.21","181.66","5.28M","-0.25%"
"12/11/2017","182.25","182.90","182.96","181.12","6.04M","-0.63%"
"12/08/2017","183.41","182.50","183.90","182.16","5.09M","0.77%"
"12/07/2017","182.00","180.05","182.58","179.77","5.48M","0.66%"
"12/06/2017","180.80","180.25","182.15","178.68","6.89M","-1.12%"
"12/05/2017","182.85","184.79","184.91","182.26","6.35M","-1.11%"
"12/04/2017","184.90","183.19","186.31","183.19","6.19M","2.48%"
"12/01/2017","180.42","180.32","180.60","176.70","4.68M","0.33%"
"11/30/2017","179.82","178.07","180.67","177.41","9.18M","1.45%"
"11/29/2017","177.25","176.57","178.43","175.68","4.90M","0.39%"
"11/28/2017","176.57","174.89","176.77","172.99","6.05M","1.38%"
"11/27/2017","174.16","172.87","174.91","172.38","4.54M","1.06%"
"11/24/2017","172.33","172.11","173.10","171.74","1.85M","0.16%"
"11/22/2017","172.06","172.89","172.94","172.04","4.13M","-0.46%"
"11/21/2017","172.86","170.53","172.86","170.15","6.23M","1.41%"
"11/20/2017","170.45","168.14","170.69","167.80","4.70M","1.62%"
"11/17/2017","167.74","167.00","168.43","166.06","4.53M","0.14%"
"11/16/2017","167.50","166.68","167.76","166.06","4.59M","1.23%"
"11/15/2017","165.47","167.44","167.44","165.35","5.53M","-1.54%"
"11/14/2017","168.06","163.62","168.14","163.15","10.28M","1.64%"
"11/13/2017","165.35","164.64","166.64","164.25","7.19M","0.76%"
"11/10/2017","164.11","163.34","164.58","162.93","3.55M","0.51%"
"11/09/2017","163.27","164.10","164.13","162.28","3.41M","-0.48%"
"11/08/2017","164.05","163.34","164.68","163.27","2.91M","0.24%"
"11/07/2017","163.66","164.09","164.40","162.83","3.20M","-0.34%"
"11/06/2017","164.22","164.80","164.88","163.01","3.28M","-0.10%"
"11/03/2017","164.39","163.01","164.99","162.68","3.08M","1.03%"
"11/02/2017","162.71","165.01","165.01","160.53","6.52M","-1.61%"
"11/01/2017","165.38","166.42","166.74","165.12","3.57M","-0.24%"
"10/31/2017","165.78","165.40","166.34","165.10","2.92M","0.28%"
"10/30/2017","165.31","166.99","166.99","164.88","3.91M","-1.21%"
"10/27/2017","167.34","166.80","167.75","166.46","3.72M","-0.18%"
"10/26/2017","167.65","166.39","167.94","166.11","3.75M","0.95%"
"10/25/2017","166.07","166.11","166.95","165.38","4.19M","0.02%"
"10/24/2017","166.03","164.67","166.46","164.65","3.69M","0.78%"
"10/23/2017","164.74","164.04","166.26","163.75","4.00M","0.80%"
"10/20/2017","163.43","163.97","164.15","162.74","4.17M","0.12%"
"10/19/2017","163.24","163.50","164.11","162.77","2.68M","-0.13%"
"10/18/2017","163.45","163.42","164.24","163.35","2.76M","0.06%"
"10/17/2017","163.35","164.22","164.92","161.51","4.19M","-0.53%"
"10/16/2017","164.22","164.47","164.67","163.26","2.59M","-0.15%"
"10/13/2017","164.47","164.92","166.07","164.35","3.26M","-0.07%"
"10/12/2017","164.59","165.41","165.41","164.47","3.40M","-0.40%"
"10/11/2017","165.25","165.19","165.87","164.45","2.32M","0.05%"
"10/10/2017","165.16","165.70","165.80","164.64","2.76M","-0.33%"
"10/09/2017","165.71","166.14","166.63","165.42","2.13M","-0.08%"
"10/06/2017","165.85","166.18","166.63","165.74","2.92M","-0.16%"
"10/05/2017","166.12","165.07","166.25","164.26","3.50M","0.50%"
"10/04/2017","165.29","165.49","166.08","164.91","2.75M","0.07%"
"10/03/2017","165.17","164.06","165.28","164.00","3.05M","0.70%"
"10/02/2017","164.02","164.20","164.25","163.22","2.72M","0.28%"
"09/29/2017","163.56","162.50","163.61","162.15","3.47M","0.74%"
"09/28/2017","162.36","160.72","162.45","160.66","4.61M","0.89%"
"09/27/2017","160.92","161.38","161.69","160.14","3.97M","-0.21%"
"09/26/2017","161.26","161.55","162.00","160.79","3.22M","0.10%"
"09/25/2017","161.10","160.05","161.43","159.75","4.90M","0.71%"
"09/22/2017","159.97","159.14","160.09","159.01","3.58M","0.49%"
"09/21/2017","159.19","158.87","159.56","158.72","3.08M","0.32%"
"09/20/2017","158.68","157.57","159.39","157.36","4.60M","0.65%"
"09/19/2017","157.66","157.80","158.32","157.16","3.71M","-0.10%"
"09/18/2017","157.81","159.00","159.00","157.69","4.01M","-0.37%"
"09/15/2017","158.40","159.98","159.99","158.29","9.12M","-0.61%"
"09/14/2017","159.38","160.35","160.85","159.33","5.29M","-0.40%"
"09/13/2017","160.02","160.39","161.38","159.55","4.71M","0.07%"
"09/12/2017","159.91","159.06","160.93","158.71","5.79M","0.97%"
"09/11/2017","158.37","158.42","158.74","156.22","8.85M","-0.81%"
"09/08/2017","159.66","159.09","160.69","157.52","10.09M","1.10%"
"09/07/2017","157.93","158.17","159.28","156.79","8.27M","0.88%"
"09/06/2017","156.56","154.86","157.03","154.15","8.13M","2.37%"
"09/05/2017","152.93","151.71","153.92","151.70","7.51M","1.43%"
"09/01/2017","150.78","150.26","150.94","149.76","3.38M","0.61%"
"08/31/2017","149.87","150.61","150.93","149.85","6.08M","-0.09%"
"08/30/2017","150.00","150.00","150.25","149.28","3.64M","0.11%"
"08/29/2017","149.84","150.07","150.90","149.03","5.37M","-1.02%"
"08/28/2017","151.39","151.94","152.39","150.43","6.85M","1.16%"
"08/25/2017","149.65","148.51","150.53","148.40","3.05M","0.94%"
"08/24/2017","148.25","149.73","150.60","147.98","3.74M","-0.57%"
"08/23/2017","149.10","148.58","149.48","147.43","5.24M","-0.54%"
"08/22/2017","149.91","149.29","150.58","149.29","3.27M","0.48%"
"08/21/2017","149.20","147.10","149.88","146.89","4.22M","1.16%"
"08/18/2017","147.49","149.61","149.61","146.96","6.99M","-1.46%"
"08/17/2017","149.67","151.81","152.15","149.61","4.46M","-1.69%"
"08/16/2017","152.25","151.45","152.95","151.16","6.04M","1.39%"
"08/15/2017","150.17","154.28","154.80","148.26","13.53M","-2.65%"
"08/14/2017","154.26","156.04","156.05","153.56","6.66M","-0.40%"
"08/11/2017","154.88","154.11","155.72","153.98","3.65M","0.65%"
"08/10/2017","153.88","155.19","155.98","153.88","4.43M","-0.89%"
"08/09/2017","155.26","153.35","155.57","153.32","3.84M","1.25%"
"08/08/2017","153.35","153.32","154.20","153.08","3.22M","0.00%"
"08/07/2017","153.35","152.83","154.47","152.47","3.83M","0.39%"
"08/04/2017","152.75","151.01","152.75","150.80","3.26M","1.30%"
"08/03/2017","150.79","150.70","152.03","150.50","5.15M","0.19%"
"08/02/2017","150.50","149.94","150.86","149.92","3.75M","0.43%"
"08/01/2017","149.85","150.24","150.39","148.95","4.11M","0.17%"
"07/31/2017","149.60","148.00","149.98","147.54","5.25M","1.03%"
"07/28/2017","148.08","147.90","148.27","147.32","3.42M","0.24%"
"07/27/2017","147.73","146.18","147.86","145.89","5.40M","0.71%"
"07/26/2017","146.69","146.86","147.25","145.96","2.84M","-0.19%"
"07/25/2017","146.97","145.74","147.40","145.28","5.00M","1.65%"
"07/24/2017","144.58","146.61","146.69","144.25","7.30M","-1.41%"
"07/21/2017","146.65","147.03","147.46","146.13","9.12M","-0.26%"
"07/20/2017","147.03","152.56","152.57","145.61","18.26M","-4.09%"
"07/19/2017","153.30","152.55","154.00","152.55","2.81M","0.74%"
"07/18/2017","152.17","153.75","153.86","151.98","3.78M","-1.12%"
"07/17/2017","153.89","152.90","154.50","152.72","4.17M","0.66%"
"07/14/2017","152.88","153.22","153.67","151.82","3.59M","-0.27%"
"07/13/2017","153.29","152.82","154.13","152.60","3.29M","0.46%"
"07/12/2017","152.59","151.46","153.14","151.09","4.28M","1.32%"
"07/11/2017","150.60","151.45","151.81","150.50","5.64M","-0.38%"
"07/10/2017","151.18","152.22","152.26","151.00","5.08M","-0.69%"
"07/07/2017","152.23","152.04","152.87","151.90","3.78M","0.12%"
"07/06/2017","152.05","151.77","152.48","151.22","3.41M","-0.42%"
"07/05/2017","152.69","154.01","154.29","151.46","4.43M","-0.86%"
"07/03/2017","154.01","154.39","154.79","153.71","1.66M","0.40%"
"06/30/2017","153.40","152.51","154.00","152.27","3.64M","0.81%"
"06/29/2017","152.16","152.77","153.00","151.52","2.86M","-0.70%"
"06/28/2017","153.23","152.75","153.45","152.36","5.09M","0.65%"
"06/27/2017","152.24","151.06","153.25","150.75","4.57M","0.54%"
"06/26/2017","151.42","151.67","151.97","151.13","4.13M","0.07%"
"06/23/2017","151.31","155.16","155.23","150.91","11.42M","-2.68%"
"06/22/2017","155.48","156.44","157.07","155.47","3.35M","-0.71%"
"06/21/2017","156.59","157.91","158.53","156.43","4.07M","-0.68%"
"06/20/2017","157.67","158.73","159.22","157.60","4.20M","-0.72%"
"06/19/2017","158.81","156.91","159.03","156.39","5.20M","1.39%"
"06/16/2017","156.64","156.25","156.69","155.41","9.11M","-0.08%"
"06/15/2017","156.77","156.13","157.27","154.92","3.97M","0.01%"
"06/14/2017","156.76","154.50","157.28","153.96","6.00M","1.80%"
"06/13/2017","153.99","152.31","154.04","152.06","3.75M","1.19%"
"06/12/2017","152.18","152.80","153.30","151.73","4.47M","-0.51%"
"06/09/2017","152.96","154.00","154.00","152.78","4.71M","-0.35%"
"06/08/2017","153.50","155.16","155.23","153.38","4.04M","-0.94%"
"06/07/2017","154.96","154.69","155.30","154.35","3.16M","0.49%"
"06/06/2017","154.20","154.44","154.66","153.65","3.26M","-0.38%"
"06/05/2017","154.79","155.53","155.62","154.23","2.65M","-0.36%"
"06/02/2017","155.35","154.79","155.86","154.42","3.49M","0.13%"
"06/01/2017","155.15","153.52","155.16","152.74","3.39M","1.07%"
"05/31/2017","153.51","154.36","154.38","153.28","7.16M","-0.24%"
"05/30/2017","153.88","154.00","154.56","153.52","3.50M","-0.66%"
"05/26/2017","154.90","156.10","156.42","154.64","4.28M","-1.00%"
"05/25/2017","156.46","156.20","156.69","155.35","3.11M","0.94%"
"05/24/2017","155.00","154.70","155.43","153.29","4.59M","0.11%"
"05/23/2017","154.83","155.91","156.43","154.68","4.64M","-0.72%"
"05/22/2017","155.96","156.49","157.00","155.80","3.80M","-0.22%"
"05/19/2017","156.30","156.04","156.74","155.32","4.78M","0.39%"
"05/18/2017","155.70","155.48","156.66","155.24","4.86M","-0.25%"
"05/17/2017","156.09","157.08","157.30","155.89","5.94M","-1.37%"
"05/16/2017","158.26","160.11","160.86","158.05","10.12M","0.59%"
"05/15/2017","157.33","157.28","157.84","156.66","6.07M","0.26%"
"05/12/2017","156.92","156.39","157.20","155.75","2.93M","0.46%"
"05/11/2017","156.20","157.35","157.70","155.33","3.93M","-1.22%"
"05/10/2017","158.13","157.52","158.15","157.30","2.62M","0.29%"
"05/09/2017","157.68","157.04","157.74","156.29","3.00M","0.50%"
"05/08/2017","156.89","155.85","157.16","155.49","3.18M","0.74%"
"05/05/2017","155.73","155.34","155.75","154.09","2.50M","0.56%"
"05/04/2017","154.86","155.46","155.64","154.26","3.79M","-0.09%"
"05/03/2017","155.00","155.16","155.39","154.59","2.45M","0.03%"
"05/02/2017","154.95","154.49","155.16","153.76","3.30M","0.48%"
"05/01/2017","154.21","156.22","156.27","154.21","3.15M","-1.21%"
"04/28/2017","156.10","156.01","156.25","154.10","4.98M","-0.01%"
"04/27/2017","156.12","154.69","156.27","153.89","5.88M","1.23%"
"04/26/2017","154.22","153.11","154.81","152.40","5.12M","0.78%"
"04/25/2017","153.03","152.79","154.65","152.79","5.50M","0.75%"
"04/24/2017","151.89","151.08","152.06","150.85","5.08M","1.26%"
"04/21/2017","150.00","148.49","150.15","148.40","5.02M","0.86%"
"04/20/2017","148.72","147.66","149.05","147.44","3.70M","1.02%"
"04/19/2017","147.22","147.93","148.40","147.02","3.46M","-0.37%"
"04/18/2017","147.76","147.06","148.18","146.77","2.97M","0.31%"
"04/17/2017","147.31","145.90","147.31","145.76","3.47M","0.96%"
"04/13/2017","145.91","146.42","147.01","145.87","2.35M","-0.43%"
"04/12/2017","146.54","147.42","147.57","146.37","4.45M","-1.12%"
"04/11/2017","148.20","147.91","148.65","147.10","2.84M","-0.01%"
"04/10/2017","148.21","146.96","149.00","146.75","5.04M","0.73%"
"04/07/2017","147.13","147.10","147.80","146.90","2.87M","-0.07%"
"04/06/2017","147.24","147.04","147.96","147.00","2.70M","0.41%"
"04/05/2017","146.64","146.63","148.44","146.58","3.39M","0.21%"
"04/04/2017","146.34","146.50","146.90","146.05","3.12M","-0.19%"
"04/03/2017","146.62","146.94","147.20","146.09","3.78M","-0.14%"
"03/31/2017","146.83","146.87","147.18","146.65","3.25M","-0.08%"
"03/30/2017","146.95","146.72","147.38","146.43","2.45M","-0.06%"
"03/29/2017","147.04","146.37","147.42","145.96","3.73M","-0.11%"
"03/28/2017","147.20","147.29","147.35","145.94","4.64M","0.22%"
"03/27/2017","146.87","147.07","147.68","146.26","2.94M","-0.57%"
"03/24/2017","147.71","147.85","150.15","147.01","4.74M","-0.19%"
"03/23/2017","147.99","147.28","148.41","147.03","3.22M","0.43%"
"03/22/2017","147.36","146.73","147.93","146.06","3.17M","0.51%"
"03/21/2017","146.61","148.33","148.70","146.26","4.53M","-0.81%"
"03/20/2017","147.80","149.38","149.59","147.70","5.91M","-1.20%"
"03/17/2017","149.60","149.40","149.99","148.13","9.00M","0.58%"
"03/16/2017","148.73","148.40","149.19","148.01","3.54M","0.53%"
"03/15/2017","147.95","147.35","148.38","146.76","3.67M","0.54%"
"03/14/2017","147.16","147.27","147.59","146.46","3.27M","-0.18%"
"03/13/2017","147.43","147.33","147.67","146.50","2.93M","0.39%"
"03/10/2017","146.85","147.24","147.46","146.45","3.12M","0.16%"
"03/09/2017","146.62","147.08","147.16","146.53","3.59M","-0.20%"
"03/08/2017","146.92","146.22","147.12","145.92","3.61M","0.62%"
"03/07/2017","146.02","146.33","146.95","145.83","4.00M","-0.75%"
"03/06/2017","147.13","147.13","147.51","146.58","4.00M","-0.46%"
"03/03/2017","147.81","148.12","148.26","146.82","3.41M","-0.09%"
"03/02/2017","147.95","147.08","148.23","146.39","4.05M","0.87%"
"03/01/2017","146.68","146.72","147.70","145.89","6.21M","1.22%"
"02/28/2017","144.91","144.98","145.63","144.47","4.21M","-0.27%"
"02/27/2017","145.30","145.87","146.01","144.80","4.39M","-0.45%"
"02/24/2017","145.95","144.65","146.08","144.65","3.52M","0.86%"
"02/23/2017","144.71","146.11","146.33","144.51","4.18M","-0.37%"
"02/22/2017","145.25","145.05","145.47","143.97","5.04M","0.16%"
"02/21/2017","145.02","145.60","145.65","143.25","9.28M","1.41%"
"02/17/2017","143.00","141.36","143.12","141.00","5.11M","1.03%"
"02/16/2017","141.54","142.39","142.99","140.90","4.30M","-0.46%"
"02/15/2017","142.19","141.27","142.66","140.95","4.34M","0.59%"
"02/14/2017","141.36","139.95","141.37","139.34","4.78M","1.07%"
"02/13/2017","139.87","140.48","140.65","139.05","2.75M","0.01%"
"02/10/2017","139.85","138.60","140.57","138.25","3.30M","0.82%"
"02/09/2017","138.71","137.78","139.15","137.41","2.93M","0.60%"
"02/08/2017","137.88","136.89","137.91","136.82","2.88M","0.90%"
"02/07/2017","136.65","137.16","137.70","136.33","3.24M","0.12%"
"02/06/2017","136.49","137.43","137.90","136.45","3.86M","-1.08%"
"02/03/2017","137.98","137.26","138.47","136.97","2.65M","0.75%"
"02/02/2017","136.95","137.47","137.55","136.56","2.20M","-0.36%"
"02/01/2017","137.44","137.66","137.96","136.53","2.97M","-0.10%"
"01/31/2017","137.58","137.63","138.62","136.85","3.23M","-0.64%"
"01/30/2017","138.47","137.99","138.49","136.86","2.71M","0.10%"
"01/27/2017","138.33","138.80","138.83","137.70","3.15M","-0.09%"
"01/26/2017","138.46","138.01","139.18","137.71","2.93M","0.71%"
"01/25/2017","137.48","138.45","139.37","137.43","3.63M","-0.42%"
"01/24/2017","138.06","137.88","138.38","137.30","4.06M","-0.01%"
"01/23/2017","138.07","135.31","138.27","135.00","7.06M","1.82%"
"01/20/2017","135.60","135.26","136.00","134.60","4.85M","0.16%"
"01/19/2017","135.39","136.00","136.78","134.93","5.08M","-0.57%"
"01/18/2017","136.16","135.90","136.29","134.92","3.87M","0.17%"
"01/17/2017","135.93","135.09","136.48","134.76","3.98M","0.66%"
"01/13/2017","135.04","134.92","135.75","134.76","3.12M","-0.02%"
"01/12/2017","135.07","135.51","135.53","133.94","3.60M","-0.46%"
"01/11/2017","135.70","136.10","136.38","134.74","4.64M","-0.29%"
"01/10/2017","136.10","134.00","136.38","133.77","5.93M","1.33%"
"01/09/2017","134.31","133.22","134.76","133.14","4.31M","0.58%"
"01/06/2017","133.53","133.97","134.33","133.05","3.83M","-0.28%"
"01/05/2017","133.90","134.98","135.46","133.78","3.82M","-1.18%"
"01/04/2017","135.50","134.34","135.94","134.21","4.06M","0.89%"
"01/03/2017","134.31","135.10","135.51","133.59","5.30M","0.17%"
"12/30/2016","134.08","135.64","135.82","133.83","4.15M","-0.75%"
"12/29/2016","135.10","135.02","135.85","134.63","2.78M","0.02%"
"12/28/2016","135.07","135.57","135.86","134.66","3.37M","-0.14%"
"12/27/2016","135.26","134.76","135.72","134.71","2.25M","0.16%"
"12/23/2016","135.05","135.65","135.99","134.79","2.34M","-0.28%"
"12/22/2016","135.43","136.25","137.00","135.18","4.09M","-1.02%"
"12/21/2016","136.83","136.93","137.24","136.56","2.71M","-0.20%"
"12/20/2016","137.11","135.65","137.24","135.43","4.30M","1.23%"
"12/19/2016","135.44","135.06","136.50","134.79","3.46M","0.24%"
"12/16/2016","135.11","136.11","136.61","135.05","9.43M","-0.54%"
"12/15/2016","135.84","136.51","137.32","135.77","5.84M","-0.10%"
"12/14/2016","135.98","136.05","136.88","135.75","7.04M","-0.41%"
"12/13/2016","136.54","134.55","136.89","134.55","6.89M","1.46%"
"12/12/2016","134.58","133.13","134.66","133.13","6.28M","0.89%"
"12/09/2016","133.39","132.51","133.40","131.10","5.17M","0.65%"
"12/08/2016","132.53","132.21","133.13","131.58","4.98M","0.05%"
"12/07/2016","132.46","128.75","133.06","128.75","6.99M","2.89%"
"12/06/2016","128.74","130.13","130.14","128.68","4.29M","-0.72%"
"12/05/2016","129.68","130.32","130.46","129.56","4.07M","-0.15%"
"12/02/2016","129.87","129.04","130.62","128.91","3.74M","0.31%"
"12/01/2016","129.47","129.34","130.35","129.00","5.40M","0.05%"
"11/30/2016","129.40","129.34","130.32","128.81","6.97M","-0.17%"
"11/29/2016","129.62","130.35","130.78","129.25","4.13M","-0.78%"
"11/28/2016","130.64","131.25","131.65","130.17","4.86M","-0.71%"
"11/25/2016","131.57","131.86","132.13","131.07","2.55M","0.27%"
"11/23/2016","131.21","131.36","131.99","130.86","3.61M","0.18%"
"11/22/2016","130.98","128.38","131.30","128.38","5.54M","2.15%"
"11/21/2016","128.22","128.28","128.90","127.41","4.07M","-0.09%"
"11/18/2016","128.33","128.93","129.36","127.72","4.43M","-0.47%"
"11/17/2016","128.93","125.87","129.14","125.70","6.80M","2.87%"
"11/16/2016","125.33","123.60","125.70","123.28","9.79M","0.75%"
"11/15/2016","124.40","127.07","127.67","122.92","13.45M","-2.56%"
"11/14/2016","127.67","130.50","130.64","126.94","11.44M","-1.68%"
"11/11/2016","129.85","129.06","130.13","128.72","5.50M","0.64%"
"11/10/2016","129.03","126.72","130.10","126.51","8.74M","2.39%"
"11/09/2016","126.02","120.95","126.26","120.32","8.05M","1.42%"
"11/08/2016","124.25","123.95","125.42","123.60","6.11M","0.40%"
"11/07/2016","123.75","122.50","123.98","122.31","5.51M","2.35%"
"11/04/2016","120.91","120.54","121.90","120.06","4.61M","0.61%"
"11/03/2016","120.18","120.34","120.93","120.08","5.11M","-0.09%"
"11/02/2016","120.29","119.93","121.29","119.82","4.85M","0.33%"
"11/01/2016","119.89","121.69","122.25","119.20","7.49M","-1.74%"
"10/31/2016","122.01","123.35","123.50","121.62","5.67M","-1.27%"
"10/28/2016","123.58","122.70","124.09","122.21","4.50M","1.08%"
"10/27/2016","122.26","122.71","123.46","121.85","4.26M","-0.37%"
"10/26/2016","122.71","122.83","123.75","122.40","5.46M","-0.51%"
"10/25/2016","123.34","126.27","126.27","123.29","8.73M","-3.47%"
"10/24/2016","127.78","127.23","128.14","127.23","3.82M","0.93%"
"10/21/2016","126.60","125.31","126.80","125.25","3.23M","0.28%"
"10/20/2016","126.25","125.95","127.08","125.57","3.54M","0.29%"
"10/19/2016","125.89","125.76","126.09","124.51","4.10M","0.12%"
"10/18/2016","125.74","126.15","126.25","125.15","3.56M","0.48%"
"10/17/2016","125.14","126.18","126.80","124.88","3.75M","-1.01%"
"10/14/2016","126.42","126.90","127.56","126.42","4.46M","0.10%"
"10/13/2016","126.29","126.25","126.66","125.17","3.66M","-0.32%"
"10/12/2016","126.69","125.85","127.16","125.71","3.55M","0.67%"
"10/11/2016","125.85","126.85","127.08","125.46","5.11M","-1.10%"
"10/10/2016","127.25","128.45","128.94","127.25","4.35M","-0.83%"
"10/07/2016","128.31","129.83","130.41","127.88","5.51M","-1.44%"
"10/06/2016","130.19","126.87","130.45","126.43","7.47M","2.05%"
"10/05/2016","127.58","128.32","129.03","127.52","4.12M","-0.48%"
"10/04/2016","128.20","128.53","129.92","127.95","4.85M","-0.23%"
"10/03/2016","128.50","128.20","128.82","127.97","3.65M","-0.14%"
"09/30/2016","128.68","127.87","129.24","127.63","6.04M","0.59%"
"09/29/2016","127.93","128.50","130.74","127.91","5.99M","-0.27%"
"09/28/2016","128.27","127.21","128.53","127.06","5.75M","1.14%"
"09/27/2016","126.82","125.80","126.99","125.36","4.43M","1.09%"
"09/26/2016","125.45","127.10","127.23","125.35","5.34M","-1.83%"
"09/23/2016","127.79","128.63","129.20","127.79","4.46M","-0.75%"
"09/22/2016","128.75","128.82","129.65","128.72","4.10M","0.50%"
"09/21/2016","128.11","127.52","128.59","126.55","5.37M","1.01%"
"09/20/2016","126.83","126.86","127.33","126.33","3.63M","0.43%"
"09/19/2016","126.29","126.68","127.37","126.17","4.53M","0.14%"
"09/16/2016","126.11","127.02","127.02","125.70","6.94M","-0.67%"
"09/15/2016","126.96","125.97","127.64","125.71","5.11M","0.55%"
"09/14/2016","126.26","125.61","126.94","125.56","4.31M","0.43%"
"09/13/2016","125.72","127.74","128.00","125.43","6.38M","-2.23%"
"09/12/2016","128.59","126.50","128.85","126.00","7.88M","0.67%"
"09/09/2016","127.74","130.64","130.89","127.73","6.32M","-2.68%"
"09/08/2016","131.26","131.55","132.94","131.12","5.02M","-1.15%"
"09/07/2016","132.79","133.30","133.87","132.16","4.68M","-0.98%"
"09/06/2016","134.10","134.96","135.72","133.88","4.22M","-0.78%"
"09/02/2016","135.15","134.77","135.88","134.55","3.40M","0.69%"
"09/01/2016","134.23","134.48","135.06","133.66","3.85M","0.08%"
"08/31/2016","134.12","133.89","134.68","133.60","4.65M","0.01%"
"08/30/2016","134.10","134.80","135.05","133.63","3.44M","-0.84%"
"08/29/2016","135.24","134.86","135.30","134.58","3.23M","0.65%"
"08/26/2016","134.36","135.43","136.18","133.92","4.19M","-0.79%"
"08/25/2016","135.43","134.73","136.16","134.37","3.17M","0.27%"
"08/24/2016","135.06","135.77","136.25","134.81","4.11M","-0.85%"
"08/23/2016","136.22","135.93","136.55","135.93","2.96M","0.65%"
"08/22/2016","135.34","135.60","135.85","135.02","2.75M","-0.09%"
"08/19/2016","135.46","134.42","135.76","134.32","3.96M","0.49%"
"08/18/2016","134.80","136.03","136.15","134.44","4.43M","-0.99%"
"08/17/2016","136.15","135.50","136.47","134.75","5.22M","-0.06%"
"08/16/2016","136.23","137.65","138.65","135.66","7.29M","-0.61%"
"08/15/2016","137.06","137.11","137.97","136.93","6.33M","0.36%"
"08/12/2016","136.57","136.00","137.39","135.63","4.09M","-0.34%"
"08/11/2016","137.04","136.31","137.50","135.17","4.18M","1.06%"
"08/10/2016","135.60","136.30","136.89","135.06","3.44M","-0.37%"
"08/09/2016","136.11","136.27","137.09","135.34","3.18M","-0.07%"
"08/08/2016","136.21","136.91","137.40","136.16","3.18M","-0.51%"
"08/05/2016","136.91","137.00","137.74","136.60","3.02M","0.63%"
"08/04/2016","136.05","135.79","137.20","135.46","3.80M","-0.74%"
"08/03/2016","137.06","137.13","137.22","135.70","3.64M","-0.12%"
"08/02/2016","137.22","138.91","139.00","136.82","3.90M","-1.12%"
"08/01/2016","138.77","138.06","138.94","137.85","3.16M","0.38%"
"07/29/2016","138.24","137.46","138.72","137.44","3.66M","0.20%"
"07/28/2016","137.96","136.19","138.12","136.10","3.23M","1.21%"
"07/27/2016","136.31","137.01","137.69","135.96","3.03M","-0.32%"
"07/26/2016","136.75","136.50","137.51","136.06","2.58M","0.18%"
"07/25/2016","136.50","136.55","136.85","136.15","3.35M","-0.01%"
"07/22/2016","136.52","136.41","136.64","135.96","2.63M","0.33%"
"07/21/2016","136.07","136.76","137.14","135.47","4.98M","-0.98%"
"07/20/2016","137.41","137.40","137.45","136.77","3.09M","0.31%"
"07/19/2016","136.98","136.07","137.05","135.56","3.83M","0.47%"
"07/18/2016","136.34","135.46","136.48","134.81","3.73M","1.16%"
"07/15/2016","134.78","135.12","135.59","134.65","5.32M","0.18%"
"07/14/2016","134.54","134.40","134.79","133.83","3.12M","0.73%"
"07/13/2016","133.56","134.84","135.20","133.10","4.24M","-0.95%"
"07/12/2016","134.84","135.24","135.99","134.30","3.62M","-0.23%"
"07/11/2016","135.15","134.83","135.88","134.45","4.58M","0.60%"
"07/08/2016","134.34","132.33","134.36","132.25","4.81M","2.42%"
"07/07/2016","131.16","131.25","132.18","130.56","3.97M","-0.31%"
"07/06/2016","131.57","129.20","131.61","129.03","4.93M","1.72%"
"07/05/2016","129.35","129.60","130.48","128.50","4.10M","-0.21%"
"07/01/2016","129.62","128.29","130.23","128.12","5.65M","1.51%"
"06/30/2016","127.69","127.27","127.86","126.10","6.64M","0.25%"
"06/29/2016","127.37","127.90","128.47","126.90","5.78M","-0.13%"
"06/28/2016","127.53","125.89","127.53","125.60","5.39M","2.29%"
"06/27/2016","124.67","125.34","125.75","123.62","5.67M","-1.37%"
"06/24/2016","126.40","126.10","127.80","125.50","8.98M","-1.47%"
"06/23/2016","128.29","128.98","129.10","127.45","4.78M","0.54%"
"06/22/2016","127.60","127.69","128.97","127.40","3.72M","-0.11%"
"06/21/2016","127.74","127.96","128.31","127.28","3.60M","0.09%"
"06/20/2016","127.62","128.13","128.85","127.42","3.88M","0.38%"
"06/17/2016","127.14","127.52","127.78","126.73","7.54M","-0.17%"
"06/16/2016","127.36","126.05","127.54","125.66","4.43M","0.66%"
"06/15/2016","126.53","125.74","127.75","125.49","5.14M","1.03%"
"06/14/2016","125.24","127.31","127.44","124.71","7.30M","-2.03%"
"06/13/2016","127.83","128.94","129.45","127.78","4.83M","-0.78%"
"06/10/2016","128.83","128.45","129.23","128.21","3.93M","-0.36%"
"06/09/2016","129.30","129.27","129.84","129.04","3.45M","-0.22%"
"06/08/2016","129.59","130.01","130.29","129.25","3.74M","-0.25%"
"06/07/2016","129.92","129.38","130.80","129.32","4.43M","0.57%"
"06/06/2016","129.19","130.82","130.87","128.47","8.05M","-1.94%"
"06/03/2016","131.74","132.53","132.73","130.92","4.16M","-0.51%"
"06/02/2016","132.41","131.85","132.70","131.33","3.86M","0.44%"
"06/01/2016","131.83","131.58","132.12","131.15","4.74M","-0.22%"
"05/31/2016","132.12","133.57","133.80","131.72","6.37M","-1.36%"
"05/27/2016","133.94","134.07","134.90","133.38","4.03M","-0.08%"
"05/26/2016","134.05","133.13","134.36","132.86","4.00M","0.64%"
"05/25/2016","133.20","133.46","134.52","133.05","5.02M","-0.12%"
"05/24/2016","133.36","132.18","133.87","132.05","5.18M","1.48%"
"05/23/2016","131.42","131.84","132.48","131.30","3.85M","-0.33%"
"05/20/2016","131.85","131.89","133.06","131.75","5.09M","0.09%"
"05/19/2016","131.73","131.45","132.13","130.78","4.58M","-0.03%"
"05/18/2016","131.77","131.03","132.77","130.02","8.26M","-0.17%"
"05/17/2016","132.00","133.15","134.49","131.10","15.99M","-2.47%"
"05/16/2016","135.34","133.84","136.55","133.08","8.39M","1.66%"
"05/13/2016","133.13","133.81","135.33","133.03","5.30M","-0.79%"
"05/12/2016","134.19","135.00","135.00","133.10","5.36M","-0.08%"
"05/11/2016","134.30","136.80","137.05","134.04","6.06M","-2.33%"
"05/10/2016","137.51","136.32","137.82","136.30","3.66M","0.93%"
"05/09/2016","136.24","135.59","136.47","135.24","3.55M","0.40%"
"05/06/2016","135.70","134.48","135.81","134.31","3.36M","0.76%"
"05/05/2016","134.67","134.87","135.37","133.75","3.47M","-0.36%"
"05/04/2016","135.16","133.59","135.40","133.13","3.19M","0.46%"
"05/03/2016","134.54","135.45","135.84","134.04","3.41M","-1.11%"
"05/02/2016","136.05","134.37","136.25","134.31","4.28M","1.61%"
"04/29/2016","133.89","132.71","134.30","131.75","4.61M","0.87%"
"04/28/2016","132.73","134.81","135.44","132.49","5.55M","-2.22%"
"04/27/2016","135.75","135.37","136.28","134.76","3.49M","0.30%"
"04/26/2016","135.34","135.09","136.24","134.88","3.51M","-0.23%"
"04/25/2016","135.65","135.18","135.73","134.28","2.84M","-0.01%"
"04/22/2016","135.66","134.85","135.68","133.41","4.18M","0.79%"
"04/21/2016","134.60","135.23","135.49","134.39","3.54M","-0.44%"
"04/20/2016","135.19","135.75","136.08","134.48","4.76M","-0.18%"
"04/19/2016","135.44","136.80","137.00","134.85","4.65M","-0.99%"
"04/18/2016","136.80","134.81","136.80","134.74","3.97M","1.33%"
"04/15/2016","135.01","134.41","135.28","133.97","3.51M","0.48%"
"04/14/2016","134.37","133.50","134.71","132.88","4.18M","0.40%"
"04/13/2016","133.84","134.86","134.86","133.22","4.32M","-0.40%"
"04/12/2016","134.38","133.30","134.72","133.11","4.25M","1.03%"
"04/11/2016","133.01","133.58","135.08","132.96","3.47M","-0.46%"
"04/08/2016","133.62","134.62","134.62","133.06","2.92M","-0.19%"
"04/07/2016","133.87","134.73","135.24","133.12","3.95M","-1.16%"
"04/06/2016","135.44","134.25","135.74","133.82","3.37M","0.64%"
"04/05/2016","134.58","134.20","135.70","133.90","4.07M","-0.20%"
"04/04/2016","134.85","136.07","136.23","134.35","3.55M","0.00%"
"04/01/2016","134.85","133.10","135.20","133.10","4.26M","1.06%"
"03/31/2016","133.43","133.56","134.29","133.00","3.69M","0.01%"
"03/30/2016","133.42","133.11","133.93","132.84","3.14M","0.72%"
"03/29/2016","132.47","131.00","132.90","130.71","3.41M","1.06%"
"03/28/2016","131.08","130.60","131.81","130.49","2.62M","0.48%"
"03/24/2016","130.46","129.54","130.76","129.46","3.45M","0.18%"
"03/23/2016","130.22","130.59","131.18","129.95","3.63M","-0.28%"
"03/22/2016","130.59","130.61","131.22","129.92","3.95M","-0.32%"
"03/21/2016","131.01","131.53","132.13","130.27","3.82M","-0.26%"
"03/18/2016","131.35","131.14","132.09","130.83","8.07M","0.36%"
"03/17/2016","130.88","130.10","131.19","129.32","4.13M","0.33%"
"03/16/2016","130.45","129.63","131.11","128.81","3.61M","0.57%"
"03/15/2016","129.71","128.78","130.48","128.62","4.03M","0.68%"
"03/14/2016","128.84","128.43","129.66","128.10","3.65M","0.30%"
"03/11/2016","128.46","126.97","128.76","126.73","4.63M","2.04%"
"03/10/2016","125.89","126.20","127.00","124.31","4.50M","-0.11%"
"03/09/2016","126.03","127.03","127.52","125.33","4.05M","-0.54%"
"03/08/2016","126.72","125.22","128.20","125.00","5.28M","0.44%"
"03/07/2016","126.17","125.01","126.54","125.01","4.16M","0.49%"
"03/04/2016","125.56","127.37","127.50","125.16","6.45M","-0.98%"
"03/03/2016","126.80","125.20","127.26","124.78","5.01M","0.96%"
"03/02/2016","125.59","125.48","125.87","124.46","3.97M","-0.09%"
"03/01/2016","125.70","124.78","125.97","123.98","4.92M","1.27%"
"02/29/2016","124.12","126.26","126.99","124.05","5.58M","-1.69%"
"02/26/2016","126.26","127.59","127.75","125.93","4.61M","-0.47%"
"02/25/2016","126.86","125.76","126.86","124.89","4.74M","1.00%"
"02/24/2016","125.61","124.05","125.78","122.92","7.94M","0.87%"
"02/23/2016","124.53","127.00","127.19","123.35","11.17M","1.37%"
"02/22/2016","122.85","123.00","124.47","122.13","7.80M","0.95%"
"02/19/2016","121.69","119.82","121.70","118.75","5.44M","1.43%"
"02/18/2016","119.97","120.93","121.11","119.56","4.46M","-1.02%"
"02/17/2016","121.21","120.45","121.68","119.87","5.97M","1.49%"
"02/16/2016","119.43","118.12","120.00","117.70","6.97M","2.67%"
"02/12/2016","116.32","114.88","116.43","113.52","5.36M","2.69%"
"02/11/2016","113.27","113.08","114.19","112.22","6.45M","-0.93%"
"02/10/2016","114.33","114.50","116.16","114.05","5.31M","0.41%"
"02/09/2016","113.86","110.94","115.29","110.68","7.57M","1.80%"
"02/08/2016","111.85","114.93","115.97","109.62","11.29M","-3.93%"
"02/05/2016","116.43","120.89","121.00","115.69","8.12M","-3.86%"
"02/04/2016","121.11","123.65","123.90","119.45","9.17M","-2.16%"
"02/03/2016","123.79","126.02","126.16","121.54","7.49M","-1.18%"
"02/02/2016","125.27","125.41","126.43","124.71","5.83M","-0.98%"
"02/01/2016","126.51","124.92","127.09","123.99","4.67M","0.60%"
"01/29/2016","125.76","123.17","125.76","122.75","7.62M","2.85%"
"01/28/2016","122.28","121.97","122.69","120.31","4.87M","0.58%"
"01/27/2016","121.57","122.46","124.32","120.86","5.43M","-0.52%"
"01/26/2016","122.20","121.73","122.45","120.64","4.48M","0.40%"
"01/25/2016","121.71","123.38","123.85","121.56","4.85M","-0.86%"
"01/22/2016","122.76","121.64","124.67","121.58","6.55M","2.11%"
"01/21/2016","120.22","117.38","121.94","117.14","8.99M","3.23%"
"01/20/2016","116.46","117.89","118.66","113.59","11.33M","-2.76%"
"01/19/2016","119.76","120.54","121.89","118.80","6.35M","0.44%"
"01/15/2016","119.23","117.12","121.15","116.10","10.51M","-0.33%"
"01/14/2016","119.62","121.29","121.52","118.20","13.39M","-1.47%"
"01/13/2016","121.40","127.47","127.47","120.97","8.93M","-4.78%"
"01/12/2016","127.49","126.78","128.80","125.83","5.70M","1.36%"
"01/11/2016","125.78","124.87","126.08","124.09","6.81M","1.52%"
"01/08/2016","123.90","126.44","126.53","123.50","7.10M","-1.20%"
"01/07/2016","125.40","126.93","127.88","124.70","12.55M","-2.85%"
"01/06/2016","129.08","129.00","129.90","128.56","8.20M","-1.04%"
"01/05/2016","130.43","131.15","131.94","130.05","5.32M","-0.49%"
"01/04/2016","131.07","130.11","131.07","129.45","8.05M","-0.89%"
"12/31/2015","132.25","133.08","133.57","132.24","3.18M","-0.82%"
"12/30/2015","133.35","133.58","134.06","133.28","2.48M","-0.26%"
"12/29/2015","133.70","133.37","134.33","133.28","3.04M","0.77%"
"12/28/2015","132.68","132.25","132.90","131.89","2.61M","-0.17%"
"12/24/2015","132.90","132.80","133.48","132.66","1.52M","-0.16%"
"12/23/2015","133.11","132.49","133.34","131.88","3.24M","0.93%"
"12/22/2015","131.88","131.37","132.28","130.46","3.40M","0.43%"
"12/21/2015","131.31","131.00","131.61","130.18","3.41M","0.78%"
"12/18/2015","130.29","130.73","131.31","130.01","9.84M","-0.81%"
"12/17/2015","131.35","133.06","133.54","131.00","4.35M","-1.17%"
"12/16/2015","132.90","132.17","133.28","130.36","4.71M","1.23%"
"12/15/2015","131.29","132.62","133.49","131.19","4.92M","-0.55%"
"12/14/2015","132.01","131.09","132.13","130.71","5.96M","1.20%"
"12/11/2015","130.44","131.09","132.19","130.31","5.30M","-1.58%"
"12/10/2015","132.54","131.96","133.59","131.80","4.19M","0.49%"
"12/09/2015","131.90","133.21","134.78","131.51","5.06M","-1.45%"
"12/08/2015","133.84","132.71","134.56","132.41","4.73M","-0.07%"
"12/07/2015","133.93","134.00","134.79","133.19","5.44M","-0.45%"
"12/04/2015","134.53","131.55","134.83","131.35","5.39M","2.75%"
"12/03/2015","130.93","133.52","134.12","130.80","6.69M","-2.15%"
"12/02/2015","133.81","134.56","134.65","133.57","5.02M","-0.46%"
"12/01/2015","134.43","133.52","134.63","133.26","5.27M","0.41%"
"11/30/2015","133.88","135.20","135.32","133.01","8.06M","-0.64%"
"11/27/2015","134.74","134.81","135.47","134.53","3.34M","0.07%"
"11/25/2015","134.65","133.69","135.24","133.55","5.30M","0.79%"
"11/24/2015","133.60","131.93","133.93","131.74","6.67M","0.83%"
"11/23/2015","132.50","130.21","132.64","130.21","6.33M","1.76%"
"11/20/2015","130.21","127.36","130.21","127.09","8.19M","2.64%"
"11/19/2015","126.86","126.53","127.62","125.95","4.66M","0.25%"
"11/18/2015","126.54","126.44","126.73","124.66","6.50M","0.29%"
"11/17/2015","126.18","124.86","126.34","123.10","10.52M","4.42%"
"11/16/2015","120.84","120.05","121.03","118.61","7.79M","0.70%"
"11/13/2015","120.00","123.10","123.25","119.90","8.73M","-3.08%"
"11/12/2015","123.81","124.18","124.97","123.06","4.29M","-0.72%"
"11/11/2015","124.71","125.43","125.43","124.52","3.25M","-0.44%"
"11/10/2015","125.26","124.49","125.41","124.04","3.87M","0.61%"
"11/09/2015","124.50","125.80","126.12","123.71","4.99M","-1.17%"
"11/06/2015","125.98","125.27","126.11","124.82","3.75M","0.21%"
"11/05/2015","125.72","125.46","126.01","124.95","3.06M","0.27%"
"11/04/2015","125.38","125.48","125.87","124.62","4.10M","-0.22%"
"11/03/2015","125.66","124.23","126.04","123.81","4.31M","1.00%"
"11/02/2015","124.41","124.24","124.64","123.38","3.72M","0.62%"
"10/30/2015","123.64","123.27","124.75","123.27","4.99M","0.01%"
"10/29/2015","123.63","123.42","124.07","122.75","4.64M","-0.15%"
"10/28/2015","123.82","124.38","124.59","122.22","6.82M","-0.52%"
"10/27/2015","124.47","124.51","125.09","123.82","3.67M","-0.43%"
"10/26/2015","125.01","124.55","125.66","124.02","4.55M","0.32%"
"10/23/2015","124.61","125.01","125.75","122.97","5.28M","0.20%"
"10/22/2015","124.36","123.90","124.48","122.88","5.86M","0.86%"
"10/21/2015","123.30","123.29","124.02","122.75","3.49M","0.37%"
"10/20/2015","122.85","122.89","123.17","122.35","3.32M","-0.20%"
"10/19/2015","123.10","122.61","123.20","122.20","3.10M","0.29%"
"10/16/2015","122.74","121.63","122.82","121.63","4.07M","0.76%"
"10/15/2015","121.81","120.62","122.03","120.40","3.45M","1.28%"
"10/14/2015","120.27","121.33","121.88","119.56","5.20M","-1.10%"
"10/13/2015","121.61","121.77","122.29","121.14","2.97M","-0.24%"
"10/12/2015","121.90","121.49","122.45","121.00","2.86M","0.47%"
"10/09/2015","121.33","121.27","121.50","120.47","3.89M","0.22%"
"10/08/2015","121.06","119.31","121.23","119.15","4.96M","1.18%"
"10/07/2015","119.65","119.20","119.84","118.49","4.81M","0.82%"
"10/06/2015","118.68","119.10","119.20","117.97","5.28M","-0.44%"
"10/05/2015","119.20","118.75","119.29","117.91","4.53M","1.18%"
"10/02/2015","117.81","115.56","117.90","114.71","4.36M","0.67%"
"10/01/2015","117.03","116.23","117.13","114.74","5.22M","1.33%"
"09/30/2015","115.49","114.37","115.63","114.00","5.40M","2.29%"
"09/29/2015","112.91","114.21","114.93","111.80","7.91M","-1.04%"
"09/28/2015","114.10","116.53","117.38","113.85","5.99M","-2.26%"
"09/25/2015","116.74","117.23","118.17","116.04","5.48M","0.34%"
"09/24/2015","116.34","115.34","116.65","114.84","5.17M","0.15%"
"09/23/2015","116.17","115.85","116.55","115.66","4.08M","0.32%"
"09/22/2015","115.80","115.40","116.39","114.89","4.63M","-0.67%"
"09/21/2015","116.58","115.96","117.11","115.27","5.20M","1.27%"
"09/18/2015","115.12","116.51","117.20","114.98","11.37M","-2.37%"
"09/17/2015","117.91","118.33","119.82","117.27","6.61M","0.08%"
"09/16/2015","117.82","116.08","118.03","115.97","5.29M","1.41%"
"09/15/2015","116.18","114.78","116.63","113.90","4.99M","1.26%"
"09/14/2015","114.73","115.50","115.68","114.42","4.25M","-0.62%"
"09/11/2015","115.44","113.97","115.46","113.70","4.47M","0.83%"
"09/10/2015","114.49","114.00","115.41","113.69","5.26M","0.46%"
"09/09/2015","113.97","117.11","117.47","113.70","5.32M","-2.11%"
"09/08/2015","116.43","115.69","116.64","114.73","5.78M","1.76%"
"09/04/2015","114.42","114.68","115.69","113.49","5.75M","-1.87%"
"09/03/2015","116.60","117.03","118.08","116.18","5.30M","0.10%"
"09/02/2015","116.48","114.83","116.48","114.32","6.49M","3.02%"
"09/01/2015","113.07","113.99","114.75","112.56","7.39M","-2.91%"
"08/31/2015","116.46","117.01","117.49","115.93","5.44M","-0.90%"
"08/28/2015","117.52","117.43","118.46","116.92","5.02M","-0.12%"
"08/27/2015","117.66","117.50","118.09","115.33","7.58M","1.49%"
"08/26/2015","115.93","114.06","116.03","112.08","9.31M","4.47%"
"08/25/2015","110.97","117.00","117.00","110.89","10.22M","-1.40%"
"08/24/2015","112.54","110.05","115.88","92.17","13.98M","-3.12%"
"08/21/2015","116.16","119.54","120.36","116.15","10.19M","-3.63%"
"08/20/2015","120.54","121.98","122.53","120.54","5.56M","-1.81%"
"08/19/2015","122.76","122.67","123.79","122.13","6.49M","-0.03%"
"08/18/2015","122.80","121.83","123.80","121.15","11.02M","2.59%"
"08/17/2015","119.70","119.10","120.75","118.73","7.26M","-0.04%"
"08/14/2015","119.75","119.30","119.89","118.46","5.14M","0.61%"
"08/13/2015","119.02","118.00","120.14","117.79","6.26M","1.13%"
"08/12/2015","117.69","117.13","117.88","115.70","4.62M","0.00%"
"08/11/2015","117.69","117.02","118.14","116.76","4.08M","0.08%"
"08/10/2015","117.60","117.53","118.34","117.36","3.41M","0.57%"
"08/07/2015","116.93","116.70","117.16","115.78","3.99M","0.32%"
"08/06/2015","116.56","118.39","118.50","116.07","4.77M","-1.22%"
"08/05/2015","118.00","118.38","118.53","117.10","4.30M","0.40%"
"08/04/2015","117.53","116.63","117.82","116.25","3.01M","0.55%"
"08/03/2015","116.89","117.62","117.70","116.16","3.65M","-0.12%"
"07/31/2015","117.03","116.98","118.13","116.37","4.30M","0.49%"
"07/30/2015","116.46","115.94","116.74","115.34","3.29M","0.08%"
"07/29/2015","116.37","115.16","116.76","115.11","5.10M","1.33%"
"07/28/2015","114.84","113.76","115.03","113.18","4.18M","1.57%"
"07/27/2015","113.07","113.37","113.89","112.71","4.47M","-0.46%"
"07/24/2015","113.59","114.74","115.23","113.43","4.43M","-0.87%"
"07/23/2015","114.59","115.21","116.11","114.43","4.31M","-0.27%"
"07/22/2015","114.90","113.96","115.08","113.80","5.49M","0.91%"
"07/21/2015","113.86","113.41","113.97","112.68","4.66M","0.40%"
"07/20/2015","113.41","112.25","114.11","112.17","6.11M","-0.93%"
"07/17/2015","114.47","114.49","115.00","114.00","5.50M","-0.23%"
"07/16/2015","114.73","115.87","115.91","113.83","5.23M","-0.74%"
"07/15/2015","115.58","115.42","116.15","115.07","3.37M","0.19%"
"07/14/2015","115.36","114.50","115.53","114.39","3.69M","0.40%"
"07/13/2015","114.90","114.21","115.02","114.07","4.17M","1.59%"
"07/10/2015","113.10","112.67","113.48","112.09","4.63M","1.54%"
"07/09/2015","111.38","112.32","112.59","111.20","3.64M","0.34%"
"07/08/2015","111.00","111.72","112.46","110.80","3.79M","-1.25%"
"07/07/2015","112.40","111.72","112.64","110.70","5.52M","0.97%"
"07/06/2015","111.32","110.27","111.93","110.17","3.86M","-0.15%"
"07/02/2015","111.49","112.58","112.75","111.10","3.85M","-0.52%"
"07/01/2015","112.07","112.45","112.81","111.47","4.22M","0.85%"
"06/30/2015","111.13","111.15","111.76","110.59","5.94M","0.53%"
"06/29/2015","110.54","111.56","112.32","110.46","5.19M","-1.83%"
"06/26/2015","112.60","112.77","113.34","112.23","4.21M","0.32%"
"06/25/2015","112.24","113.24","113.71","112.24","4.47M","-0.10%"
"06/24/2015","112.35","112.94","113.68","112.35","3.72M","-0.73%"
"06/23/2015","113.18","113.24","113.59","112.93","3.08M","0.10%"
"06/22/2015","113.07","112.93","113.62","112.78","3.19M","0.57%"
"06/19/2015","112.43","111.64","113.30","111.44","9.26M","0.52%"
"06/18/2015","111.85","111.06","112.30","110.76","7.22M","1.25%"
"06/17/2015","110.47","110.73","111.29","109.96","5.72M","0.22%"
"06/16/2015","110.23","109.90","110.45","109.75","3.47M","0.20%"
"06/15/2015","110.01","110.23","110.45","109.55","3.97M","-0.53%"
"06/12/2015","110.60","110.89","111.59","110.42","4.30M","-0.62%"
"06/11/2015","111.29","111.00","112.33","111.00","3.64M","0.28%"
"06/10/2015","110.98","109.90","111.19","109.39","3.97M","1.32%"
"06/09/2015","109.53","109.79","110.25","109.03","3.66M","-0.36%"
"06/08/2015","109.93","110.14","110.81","109.83","3.45M","-0.40%"
"06/05/2015","110.37","111.34","111.36","110.27","4.51M","-0.98%"
"06/04/2015","111.46","112.52","113.16","111.17","4.33M","-1.50%"
"06/03/2015","113.16","111.72","113.48","111.45","6.34M","1.41%"
"06/02/2015","111.59","110.75","112.18","110.64","6.09M","-0.07%"
"06/01/2015","111.67","111.97","112.34","111.25","5.11M","0.22%"
"05/29/2015","111.42","111.84","112.59","111.37","5.31M","-0.69%"
"05/28/2015","112.19","111.91","112.70","111.86","2.81M","0.03%"
"05/27/2015","112.16","111.04","112.53","110.81","4.15M","1.11%"
"05/26/2015","110.93","112.00","112.18","110.69","4.61M","-1.10%"
"05/22/2015","112.16","111.87","112.53","111.46","3.69M","0.13%"
"05/21/2015","112.01","111.98","112.33","111.62","4.24M","-0.08%"
"05/20/2015","112.10","112.19","112.89","111.22","7.00M","-0.21%"
"05/19/2015","112.34","116.12","116.48","112.34","11.13M","-1.74%"
"05/18/2015","114.33","113.87","114.60","113.16","6.88M","0.86%"
"05/15/2015","113.35","111.92","113.40","111.82","4.58M","1.26%"
"05/14/2015","111.94","112.05","112.22","110.83","3.82M","0.67%"
"05/13/2015","111.19","112.92","112.95","111.10","4.34M","-1.18%"
"05/12/2015","112.52","111.12","112.82","110.83","4.05M","0.55%"
"05/11/2015","111.90","112.24","112.91","111.81","3.73M","-0.51%"
"05/08/2015","112.47","112.40","113.48","112.11","6.44M","2.21%"
"05/07/2015","110.04","108.40","110.72","108.25","5.40M","1.60%"
"05/06/2015","108.31","108.20","108.91","107.24","4.00M","0.23%"
"05/05/2015","108.06","109.20","109.88","107.98","4.16M","-1.82%"
"05/04/2015","110.06","109.94","110.45","109.32","3.37M","0.47%"
"05/01/2015","109.55","106.98","109.79","106.85","6.70M","2.40%"
"04/30/2015","106.98","108.56","109.21","106.62","9.04M","-1.59%"
"04/29/2015","108.71","110.17","110.31","108.07","7.24M","-1.69%"
"04/28/2015","110.58","110.90","111.77","110.05","5.74M","-0.73%"
"04/27/2015","111.39","114.05","114.11","111.28","5.62M","-2.03%"
"04/24/2015","113.70","113.88","114.04","112.90","2.88M","-0.23%"
"04/23/2015","113.96","112.74","114.51","112.56","3.95M","0.86%"
"04/22/2015","112.99","113.20","113.31","112.19","4.07M","-0.16%"
"04/21/2015","113.17","113.50","113.98","112.50","3.90M","0.27%"
"04/20/2015","112.86","113.00","113.69","112.68","4.40M","0.68%"
"04/17/2015","112.10","112.91","113.11","111.77","6.25M","-1.12%"
"04/16/2015","113.37","113.34","113.99","113.02","4.01M","-0.07%"
"04/15/2015","113.45","114.58","115.21","113.38","4.21M","-0.53%"
"04/14/2015","114.05","114.20","114.98","113.11","4.07M","-0.34%"
"04/13/2015","114.44","114.96","115.43","114.35","2.98M","-0.69%"
"04/10/2015","115.24","114.47","115.65","114.42","3.66M","0.58%"
"04/09/2015","114.57","115.46","116.24","114.14","4.67M","-0.88%"
"04/08/2015","115.59","113.97","115.81","113.83","3.75M","1.13%"
"04/07/2015","114.30","114.83","115.79","114.23","3.19M","-0.57%"
"04/06/2015","114.95","113.45","115.55","113.41","3.25M","0.36%"
"04/02/2015","114.54","112.61","114.92","112.52","4.07M","1.25%"
"04/01/2015","113.13","113.88","114.00","112.43","4.74M","-0.42%"
"03/31/2015","113.61","113.70","115.37","113.55","4.13M","-0.89%"
"03/30/2015","114.63","114.96","116.05","114.53","3.97M","0.68%"
"03/27/2015","113.86","112.08","114.23","112.00","3.88M","1.33%"
"03/26/2015","112.37","113.36","113.43","111.58","5.41M","-1.15%"
"03/25/2015","113.68","115.96","116.61","113.64","4.73M","-2.13%"
"03/24/2015","116.15","116.20","117.83","116.04","4.03M","0.07%"
"03/23/2015","116.07","117.04","117.75","116.07","4.10M","-1.21%"
"03/20/2015","117.49","115.55","117.99","115.33","8.45M","2.02%"
"03/19/2015","115.16","116.21","116.43","115.07","3.55M","-0.79%"
"03/18/2015","116.08","115.41","116.42","113.31","4.77M","0.43%"
"03/17/2015","115.58","115.45","116.08","115.14","3.72M","-0.79%"
"03/16/2015","116.50","115.33","116.61","115.32","4.82M","1.46%"
"03/13/2015","114.82","115.99","116.31","114.00","4.63M","-1.10%"
"03/12/2015","116.10","113.85","116.46","113.77","5.74M","2.68%"
"03/11/2015","113.07","112.68","113.80","112.41","4.36M","0.45%"
"03/10/2015","112.56","113.85","114.34","112.56","5.69M","-2.33%"
"03/09/2015","115.25","114.38","115.48","114.37","5.35M","0.70%"
"03/06/2015","114.45","115.96","115.96","114.00","5.17M","-1.26%"
"03/05/2015","115.91","115.23","116.10","115.06","4.09M","1.00%"
"03/04/2015","114.76","115.39","115.47","114.25","3.80M","-1.13%"
"03/03/2015","116.07","116.11","116.12","114.80","3.78M","-0.04%"
"03/02/2015","116.12","114.86","117.06","114.86","5.97M","1.19%"
"02/27/2015","114.75","115.19","115.67","114.56","5.73M","-0.55%"
"02/26/2015","115.38","116.00","116.42","115.20","5.65M","-0.80%"
"02/25/2015","116.31","117.35","117.35","115.85","7.33M","-0.38%"
"02/24/2015","116.75","117.50","117.92","115.13","12.78M","3.98%"
"02/23/2015","112.28","112.99","113.16","111.80","5.64M","0.04%"
"02/20/2015","112.24","110.81","112.25","110.05","7.28M","1.17%"
"02/19/2015","110.94","112.01","112.45","110.64","5.91M","-0.94%"
"02/18/2015","111.99","111.60","112.17","111.00","3.73M","-0.01%"
"02/17/2015","112.00","111.69","112.22","110.62","6.03M","0.10%"
"02/13/2015","111.89","112.01","112.39","111.30","5.10M","-0.24%"
"02/12/2015","112.16","110.81","112.20","110.21","4.59M","1.68%"
"02/11/2015","110.31","110.60","110.80","109.81","4.55M","-0.33%"
"02/10/2015","110.67","108.79","110.85","108.66","5.41M","2.15%"
"02/09/2015","108.34","108.88","109.46","108.04","4.24M","-0.64%"
"02/06/2015","109.04","109.28","109.74","108.46","4.22M","0.05%"
"02/05/2015","108.99","108.98","109.34","108.15","4.47M","0.54%"
"02/04/2015","108.41","107.09","109.00","106.75","6.77M","1.09%"
"02/03/2015","107.24","104.89","107.32","104.81","5.97M","2.69%"
"02/02/2015","104.43","104.78","105.00","101.57","5.01M","0.01%"
"01/30/2015","104.42","106.36","106.86","104.38","7.00M","-2.97%"
"01/29/2015","107.62","105.14","107.74","104.51","6.53M","2.75%"
"01/28/2015","104.74","105.31","107.43","104.60","4.92M","-0.40%"
"01/27/2015","105.16","104.78","105.81","104.40","4.61M","-1.13%"
"01/26/2015","106.36","105.36","106.50","105.06","4.19M","0.94%"
"01/23/2015","105.37","106.21","106.48","105.31","4.08M","-0.66%"
"01/22/2015","106.07","104.38","106.31","103.54","5.80M","2.45%"
"01/21/2015","103.53","103.05","104.06","102.50","5.90M","0.27%"
"01/20/2015","103.25","104.84","104.95","102.35","5.34M","-0.84%"
"01/16/2015","104.12","100.86","104.31","100.24","6.40M","3.08%"
"01/15/2015","101.01","103.32","103.65","100.82","6.89M","-1.59%"
"01/14/2015","102.64","102.42","103.41","101.88","5.38M","-1.05%"
"01/13/2015","103.73","105.41","106.04","103.15","5.40M","-0.66%"
"01/12/2015","104.42","105.17","105.29","104.06","4.99M","-0.45%"
"01/09/2015","104.89","106.88","106.88","104.82","5.72M","-1.71%"
"01/08/2015","106.72","105.37","106.99","105.02","6.47M","2.21%"
"01/07/2015","104.41","102.29","104.47","102.00","5.09M","3.43%"
"01/06/2015","100.95","102.07","102.07","100.34","4.91M","-0.31%"
"01/05/2015","101.26","102.78","102.78","100.79","5.88M","-2.10%"
"01/02/2015","103.43","105.16","105.65","102.67","4.32M","-1.47%"