"Date","Price","Open","High","Low","Vol.","Change %"
"08/17/2026","147.12","148.55","150.32","145.51","13.32M","-2.26%"
"08/14/2026","150.52","148.55","156.39","148.80","21.91M","-3.65%"
"08/13/2026","156.22","151.98","159.26","151.91","25.74M","1.92%"
"08/12/2026","153.28","152.81","154.89","147.89","43.56M","5.36%"
"08/11/2026","145.48","151.20","151.99","144.24","28.76M","-3.69%"
"08/10/2026","151.05","148.26","151.99","146.62","24.27M","2.74%"
"08/07/2026","147.02","145.32","147.16","142.34","22.87M","2.47%"
"08/06/2026","143.47","139.25","146.58","138.72","23.07M","-0.64%"
"08/05/2026","144.39","145.00","146.39","142.50","23.52M","-0.93%"
"08/04/2026","145.74","141.01","148.70","141.01","43.72M","2.74%"
"08/03/2026","141.85","131.92","143.07","130.21","49.70M","9.22%"
"07/31/2026","129.87","130.07","132.40","125.70","34.44M","1.81%"
"07/30/2026","127.56","122.87","128.34","121.58","41.34M","8.34%"
"07/29/2026","117.74","119.42","121.92","116.20","28.08M","-1.85%"
"07/28/2026","119.96","118.18","122.33","114.50","32.67M","0.05%"
"07/27/2026","119.90","118.00","121.99","116.80","36.92M","4.27%"
"07/24/2026","114.99","122.47","123.08","114.75","46.41M","-4.21%"
"07/23/2026","120.04","123.96","124.70","119.44","30.90M","-4.61%"
"07/22/2026","125.84","126.18","128.84","124.70","21.10M","-0.95%"
"07/21/2026","127.05","122.81","127.42","122.21","27.75M","4.67%"
"07/20/2026","121.38","124.27","125.49","120.03","36.79M","-3.98%"
"07/17/2026","126.41","121.70","128.43","121.50","39.92M","1.77%"
"07/16/2026","124.21","131.48","131.78","123.66","54.78M","-6.25%"
"07/15/2026","132.49","130.56","133.90","128.84","48.52M","3.56%"
"07/14/2026","127.94","132.00","132.76","127.60","52.67M","-2.74%"
"07/13/2026","131.54","139.03","139.65","131.35","56.69M","-6.47%"
"07/10/2026","140.64","145.65","145.68","139.26","29.84M","-2.48%"
"07/09/2026","144.22","141.42","149.07","140.94","35.22M","2.65%"
"07/08/2026","140.49","139.05","141.84","137.54","34.61M","-0.78%"
"07/07/2026","141.60","143.72","145.56","137.55","47.20M","-1.50%"
"07/06/2026","143.76","144.30","145.62","141.16","36.68M","2.49%"
"07/02/2026","140.27","143.30","147.06","138.83","44.27M","-1.56%"
"07/01/2026","142.50","144.49","147.55","142.50","45.96M","-2.76%"
"06/30/2026","146.55","147.25","149.93","144.48","35.93M","-0.82%"
"06/29/2026","147.76","153.94","154.50","145.20","34.31M","-0.52%"
"06/26/2026","148.53","150.26","153.54","148.00","36.53M","-2.58%"
"06/25/2026","152.46","157.35","157.62","150.36","36.91M","-3.22%"
"06/24/2026","157.53","162.48","165.75","155.35","38.31M","-4.62%"
"06/23/2026","165.16","170.23","174.33","164.61","33.33M","-5.66%"
"06/22/2026","175.07","182.31","184.58","174.40","22.94M","-5.00%"
"06/18/2026","184.29","183.01","187.99","177.70","31.39M","0.41%"
"06/17/2026","183.53","186.15","190.19","182.58","16.62M","-2.55%"
"06/16/2026","188.33","190.01","195.32","187.66","16.99M","-2.24%"
"06/15/2026","192.64","187.39","195.32","186.21","20.28M","4.62%"
"06/12/2026","184.13","185.01","185.58","179.00","29.56M","0.02%"
"06/11/2026","184.10","179.67","184.77","175.28","63.68M","-8.53%"
"06/10/2026","201.26","198.50","212.48","198.18","46.11M","-2.21%"
"06/09/2026","205.81","213.90","220.50","197.79","26.04M","-2.84%"
"06/08/2026","211.82","217.75","219.06","209.33","17.23M","-0.87%"
"06/05/2026","213.68","229.49","231.44","209.45","29.02M","-9.59%"
"06/04/2026","236.34","227.00","238.95","224.00","19.99M","2.61%"
"06/03/2026","230.33","240.48","240.51","227.60","23.64M","-5.83%"
"06/02/2026","244.58","242.80","249.00","238.84","30.29M","-1.44%"
"06/01/2026","248.15","230.50","250.25","224.60","48.39M","9.91%"
"05/29/2026","225.78","209.00","226.29","208.01","41.08M","10.84%"
"05/28/2026","203.70","194.04","205.00","193.38","25.34M","6.67%"
"05/27/2026","190.96","191.48","192.14","187.92","12.13M","-1.09%"
"05/26/2026","193.06","193.30","195.20","190.56","12.86M","0.51%"
"05/22/2026","192.08","191.67","197.00","191.10","10.88M","1.22%"
"05/21/2026","189.77","189.01","192.82","187.20","12.12M","0.86%"
"05/20/2026","188.16","179.94","188.22","178.80","16.52M","3.69%"
"05/19/2026","181.46","186.00","188.72","180.93","16.72M","-2.76%"
"05/18/2026","186.61","190.00","190.76","183.27","19.11M","-3.29%"
"05/15/2026","192.95","190.49","196.43","188.90","15.75M","-1.36%"
"05/14/2026","195.61","188.18","200.71","185.45","22.54M","3.08%"
"05/13/2026","189.76","189.03","191.57","185.06","15.79M","1.57%"
"05/12/2026","186.83","192.92","192.92","180.87","22.12M","-3.62%"
"05/11/2026","193.84","192.15","195.68","190.60","16.89M","-1.08%"
"05/08/2026","195.95","192.58","198.00","190.21","21.16M","0.70%"
"05/07/2026","194.59","198.61","200.15","190.80","31.80M","0.29%"
"05/06/2026","194.03","186.20","194.29","182.67","27.69M","4.68%"
"05/05/2026","185.35","182.13","186.52","179.00","23.50M","2.81%"
"05/04/2026","180.29","176.02","183.50","174.26","33.50M","4.92%"
"05/01/2026","171.83","166.42","174.30","166.15","26.32M","6.47%"
"04/30/2026","161.39","162.02","165.18","160.33","21.02M","-1.49%"
"04/29/2026","163.83","164.04","164.76","160.65","20.59M","-1.28%"
"04/28/2026","165.96","162.16","168.70","162.05","33.72M","-4.05%"
"04/27/2026","172.96","172.58","173.55","167.90","21.62M","-0.18%"
"04/24/2026","173.28","180.51","180.71","168.80","33.21M","-1.70%"
"04/23/2026","176.28","180.40","181.89","174.08","37.08M","-5.98%"
"04/22/2026","187.50","186.18","189.18","182.80","32.45M","3.49%"
"04/21/2026","181.17","178.35","185.34","176.01","39.64M","2.02%"
"04/20/2026","177.58","176.81","177.76","173.51","22.33M","1.44%"
"04/17/2026","175.06","182.93","184.50","173.36","45.28M","-1.84%"
"04/16/2026","178.34","176.42","180.27","173.80","47.00M","5.02%"
"04/15/2026","169.81","166.89","172.56","166.21","43.01M","4.18%"
"04/14/2026","163.00","167.93","169.40","161.56","59.78M","4.74%"
"04/13/2026","155.62","139.77","155.91","139.72","50.00M","12.69%"
"04/10/2026","138.09","137.32","140.16","134.57","26.17M","0.17%"
"04/09/2026","137.86","142.20","142.80","136.00","30.41M","-4.04%"
"04/08/2026","143.66","150.30","151.46","142.90","23.53M","0.34%"
"04/07/2026","143.17","143.78","144.57","139.94","17.25M","-1.63%"
"04/06/2026","145.54","147.44","148.55","143.85","12.56M","-0.57%"
"04/02/2026","146.38","142.78","146.44","140.30","14.38M","0.79%"
"04/01/2026","145.23","149.09","149.65","144.67","20.50M","-1.28%"
"03/31/2026","147.11","140.30","147.40","139.85","24.49M","5.99%"
"03/30/2026","138.80","140.04","141.20","136.95","20.13M","-0.62%"
"03/27/2026","139.66","140.93","141.69","138.30","17.93M","-2.21%"
"03/26/2026","142.81","143.89","146.47","142.54","16.96M","-2.20%"
"03/25/2026","146.02","149.23","149.84","144.60","20.68M","-0.73%"
"03/24/2026","147.09","153.00","153.90","146.85","26.12M","-4.70%"
"03/23/2026","154.34","151.42","155.78","150.71","19.93M","3.11%"
"03/20/2026","149.68","153.05","153.25","147.95","37.55M","-3.76%"
"03/19/2026","155.52","150.46","156.92","148.89","22.05M","1.71%"
"03/18/2026","152.90","153.40","154.97","152.04","18.05M","-1.16%"
"03/17/2026","154.69","155.44","158.92","153.50","23.93M","-0.82%"
"03/16/2026","155.97","156.06","158.74","154.51","21.61M","0.55%"
"03/13/2026","155.11","159.05","160.77","154.15","26.35M","-2.54%"
"03/12/2026","159.16","164.66","167.83","158.61","37.13M","-2.43%"
"03/11/2026","163.12","166.38","171.76","160.58","83.25M","9.18%"
"03/10/2026","149.40","153.62","154.14","148.45","51.54M","-1.43%"
"03/09/2026","151.56","150.70","152.00","146.43","31.17M","-0.92%"
"03/06/2026","152.96","152.92","159.19","151.62","38.00M","-1.18%"
"03/05/2026","154.79","152.59","157.94","150.12","24.09M","1.59%"
"03/04/2026","152.37","150.01","153.61","149.10","17.59M","2.25%"
"03/03/2026","149.01","144.75","150.93","143.05","20.12M","-0.16%"
"03/02/2026","149.25","141.62","150.17","141.18","22.42M","2.65%"
"02/27/2026","145.40","143.88","146.08","142.10","36.43M","-3.27%"
"02/26/2026","150.31","148.79","152.50","145.15","20.65M","1.64%"
"02/25/2026","147.89","149.16","153.28","147.34","27.30M","1.20%"
"02/24/2026","146.14","140.84","146.76","138.73","21.34M","3.42%"
"02/23/2026","141.31","145.69","145.80","138.59","31.75M","-4.57%"
"02/20/2026","148.08","153.30","153.99","147.39","29.62M","-5.40%"
"02/19/2026","156.54","157.19","160.08","155.77","14.98M","0.24%"
"02/18/2026","156.17","154.40","157.30","151.37","14.80M","1.43%"
"02/17/2026","153.97","157.98","159.28","152.88","19.61M","-3.85%"
"02/13/2026","160.14","159.25","162.30","155.29","18.60M","2.34%"
"02/12/2026","156.48","157.93","159.04","152.50","23.29M","-0.43%"
"02/11/2026","157.16","163.66","163.66","154.00","24.54M","-1.71%"
"02/10/2026","159.89","160.00","165.39","156.96","40.09M","2.11%"
"02/09/2026","156.59","148.49","159.75","147.00","49.94M","9.64%"
"02/06/2026","142.82","139.75","143.20","138.91","29.96M","4.65%"
"02/05/2026","136.48","145.60","146.55","135.25","42.79M","-6.95%"
"02/04/2026","146.67","153.89","153.94","144.43","42.32M","-5.17%"
"02/03/2026","154.67","158.26","159.38","151.90","43.26M","-3.37%"
"02/02/2026","160.06","170.92","171.20","160.00","47.42M","-2.75%"
"01/30/2026","164.58","168.17","168.90","163.24","27.36M","-2.62%"
"01/29/2026","169.01","170.15","170.23","161.52","37.25M","-2.19%"
"01/28/2026","172.80","174.91","181.68","171.86","35.88M","-1.20%"
"01/27/2026","174.90","179.19","179.72","173.68","27.09M","-4.13%"
"01/26/2026","182.44","179.10","185.31","178.53","21.10M","2.98%"
"01/23/2026","177.16","172.62","179.65","172.00","23.01M","-0.57%"
"01/22/2026","178.18","179.37","180.16","176.50","21.14M","2.47%"
"01/21/2026","173.88","179.68","180.60","170.60","38.19M","-3.36%"
"01/20/2026","179.92","187.19","187.19","179.36","29.13M","-5.85%"
"01/16/2026","191.09","189.91","191.87","186.53","19.22M","0.65%"
"01/15/2026","189.85","195.01","195.01","189.39","16.42M","-1.94%"
"01/14/2026","193.61","201.68","201.68","190.81","22.47M","-4.29%"
"01/13/2026","202.29","205.00","207.80","200.65","15.86M","-1.17%"
"01/12/2026","204.68","197.60","206.60","197.01","25.43M","3.10%"
"01/09/2026","198.52","191.65","200.18","188.78","26.15M","4.68%"
"01/08/2026","189.65","190.88","190.95","186.15","19.47M","-1.65%"
"01/07/2026","192.84","195.30","195.67","192.00","11.17M","-0.47%"
"01/06/2026","193.75","192.56","194.88","190.70","16.47M","0.60%"
"01/05/2026","192.59","198.34","201.69","192.33","22.64M","-1.59%"
"01/02/2026","195.71","197.47","198.59","194.21","14.54M","0.41%"
"12/31/2025","194.91","196.42","197.20","194.73","10.34M","-1.17%"
"12/30/2025","197.21","196.06","198.38","195.71","14.20M","0.94%"
"12/29/2025","195.38","194.16","198.51","192.64","14.75M","-1.32%"
"12/26/2025","197.99","198.06","200.37","196.11","11.26M","0.25%"
"12/24/2025","197.49","195.00","198.28","194.42","9.28M","1.10%"
"12/23/2025","195.34","196.43","197.20","192.19","18.30M","-1.53%"
"12/22/2025","198.38","196.82","198.80","192.83","27.15M","3.34%"
"12/19/2025","191.97","188.38","195.12","188.12","77.01M","6.63%"
"12/18/2025","180.03","182.72","184.76","178.58","36.30M","0.88%"
"12/17/2025","178.46","183.31","186.50","177.07","50.22M","-5.40%"
"12/16/2025","188.65","184.70","189.80","184.49","32.43M","2.02%"
"12/15/2025","184.92","188.29","188.97","181.40","43.90M","-2.66%"
"12/12/2025","189.97","196.37","197.85","185.98","55.20M","-4.47%"
"12/11/2025","198.85","190.62","201.99","186.23","100.61M","-10.83%"
"12/10/2025","223.01","221.80","225.32","217.58","47.93M","0.67%"
"12/09/2025","221.53","220.03","222.62","218.28","17.64M","0.45%"
"12/08/2025","220.54","221.35","224.75","216.91","24.71M","1.36%"
"12/05/2025","217.58","219.00","219.50","213.62","24.21M","1.52%"
"12/04/2025","214.33","207.86","215.41","206.32","23.32M","3.18%"
"12/03/2025","207.73","200.33","207.92","199.40","19.06M","3.30%"
"12/02/2025","201.10","205.14","209.70","200.00","19.66M","0.08%"
"12/01/2025","200.94","200.50","203.50","196.70","13.46M","-0.50%"
"11/28/2025","201.95","199.51","202.34","197.61","13.85M","-1.47%"
"11/26/2025","204.96","209.50","210.00","202.24","26.54M","4.02%"
"11/25/2025","197.03","194.08","199.41","185.63","29.59M","-1.62%"
"11/24/2025","200.28","196.85","203.82","194.30","31.14M","0.76%"
"11/21/2025","198.76","207.08","208.31","193.55","44.83M","-5.66%"
"11/20/2025","210.69","231.16","234.00","210.30","27.46M","-6.58%"
"11/19/2025","225.53","219.06","228.15","217.31","21.68M","2.29%"
"11/18/2025","220.49","216.21","223.70","214.50","21.10M","0.29%"
"11/17/2025","219.86","218.21","222.80","215.56","16.14M","-1.34%"
"11/14/2025","222.85","210.83","227.05","210.77","36.05M","2.43%"
"11/13/2025","217.57","224.99","225.16","215.22","30.01M","-4.15%"
"11/12/2025","226.99","236.74","236.81","226.17","24.19M","-3.88%"
"11/11/2025","236.15","236.23","237.45","228.89","20.69M","-1.94%"
"11/10/2025","240.83","245.95","247.24","237.07","16.70M","0.66%"
"11/07/2025","239.26","239.00","240.40","232.35","20.97M","-1.86%"
"11/06/2025","243.80","247.94","249.07","239.29","18.68M","-2.60%"
"11/05/2025","250.31","247.91","252.40","247.03","11.99M","0.86%"
"11/04/2025","248.17","249.98","255.28","245.18","19.77M","-3.75%"
"11/03/2025","257.85","265.24","265.62","255.23","15.71M","-1.81%"
"10/31/2025","262.61","259.51","265.81","256.71","16.90M","2.23%"
"10/30/2025","256.89","268.74","269.76","256.28","27.95M","-6.69%"
"10/29/2025","275.30","281.46","281.62","271.35","18.01M","-1.97%"
"10/28/2025","280.83","283.00","285.46","280.54","12.45M","-0.20%"
"10/27/2025","281.40","286.57","287.00","279.81","13.86M","-0.68%"
"10/24/2025","283.33","285.92","287.19","282.24","13.19M","1.16%"
"10/23/2025","280.07","272.96","283.10","272.39","16.87M","2.72%"
"10/22/2025","272.66","274.82","277.20","269.25","16.47M","-0.90%"
"10/21/2025","275.15","278.11","280.30","272.26","18.37M","-0.73%"
"10/20/2025","277.18","288.95","289.24","275.31","32.81M","-4.85%"
"10/17/2025","291.31","303.75","304.28","287.50","37.65M","-6.93%"
"10/16/2025","313.00","305.60","322.54","303.07","32.50M","3.09%"
"10/15/2025","303.62","304.90","311.01","298.92","13.70M","1.55%"
"10/14/2025","299.00","303.57","304.42","291.98","17.35M","-2.93%"
"10/13/2025","308.01","298.70","310.70","297.74","21.70M","5.14%"
"10/10/2025","292.96","300.28","307.72","292.01","28.90M","-1.35%"
"10/09/2025","296.96","291.55","300.97","287.26","26.48M","2.89%"
"10/08/2025","288.63","285.42","291.53","283.60","18.98M","1.54%"
"10/07/2025","284.24","293.22","293.22","271.00","31.72M","-2.52%"
"10/06/2025","291.59","292.38","296.68","290.80","14.08M","1.90%"
"10/03/2025","286.14","289.60","294.64","284.00","13.69M","-0.91%"
"10/02/2025","288.78","291.80","294.97","286.05","16.22M","-0.08%"
"10/01/2025","289.01","278.80","289.99","277.88","23.38M","2.76%"
"09/30/2025","281.24","283.69","284.00","275.90","23.88M","-0.54%"
"09/29/2025","282.76","284.60","285.98","279.61","25.78M","-0.25%"
"09/26/2025","283.46","293.00","294.00","283.00","25.99M","-2.70%"
"09/25/2025","291.33","295.27","298.75","288.55","39.27M","-5.55%"
"09/24/2025","308.46","311.86","312.47","300.03","33.77M","-1.71%"
"09/23/2025","313.83","324.00","325.00","310.05","35.28M","-4.36%"
"09/22/2025","328.15","309.63","329.50","306.92","44.44M","6.31%"
"09/19/2025","308.66","299.00","311.11","297.32","40.78M","4.06%"
"09/18/2025","296.62","303.04","303.82","292.00","24.67M","-1.59%"
"09/17/2025","301.41","307.69","308.66","295.03","27.71M","-1.71%"
"09/16/2025","306.65","314.06","319.97","302.27","51.92M","1.49%"
"09/15/2025","302.14","306.45","307.03","297.29","40.00M","3.41%"
"09/12/2025","292.18","305.79","307.97","291.75","51.78M","-5.09%"
"09/11/2025","307.86","330.34","331.00","304.60","69.99M","-6.23%"
"09/10/2025","328.33","319.19","345.72","312.09","131.62M","35.95%"
"09/09/2025","241.51","239.94","243.49","234.56","41.18M","1.27%"
"09/08/2025","238.48","239.89","242.42","235.31","18.80M","2.44%"
"09/05/2025","232.80","232.55","234.62","225.88","15.39M","4.39%"
"09/04/2025","223.00","222.00","223.57","219.56","10.30M","-0.20%"
"09/03/2025","223.45","225.90","225.90","221.75","8.90M","-0.82%"
"09/02/2025","225.30","222.00","225.45","218.79","10.46M","-0.37%"
"08/29/2025","226.13","237.61","238.22","223.11","16.62M","-5.90%"
"08/28/2025","240.32","235.54","241.95","235.12","8.69M","1.91%"
"08/27/2025","235.81","234.99","236.53","232.68","5.64M","0.68%"
"08/26/2025","234.21","235.00","236.90","232.71","11.81M","-0.51%"
"08/25/2025","235.41","237.35","239.03","235.27","6.31M","-0.41%"
"08/22/2025","236.37","234.06","238.50","231.46","9.34M","1.38%"
"08/21/2025","233.16","233.04","235.92","232.43","7.40M","-0.81%"
"08/20/2025","235.06","232.18","235.88","228.25","11.26M","0.19%"
"08/19/2025","234.62","249.25","249.25","232.23","16.82M","-5.80%"
"08/18/2025","249.07","246.20","249.16","243.62","6.76M","0.32%"
"08/15/2025","248.28","246.92","250.63","242.93","11.55M","1.36%"
"08/14/2025","244.96","244.95","248.92","242.57","10.29M","0.32%"
"08/13/2025","244.18","257.17","257.67","242.63","14.18M","-3.81%"
"08/12/2025","253.86","252.58","257.87","251.08","10.00M","0.47%"
"08/11/2025","252.68","248.40","254.69","245.56","9.01M","1.05%"
"08/08/2025","250.05","250.03","250.89","247.86","8.31M","0.26%"
"08/07/2025","249.39","257.71","257.76","246.52","11.95M","-2.75%"
"08/06/2025","256.43","256.84","256.84","251.72","9.93M","0.30%"
"08/05/2025","255.67","255.41","258.49","251.37","11.20M","1.24%"
"08/04/2025","252.53","245.90","252.91","245.90","8.61M","3.32%"
"08/01/2025","244.42","247.83","248.41","242.00","12.72M","-3.68%"
"07/31/2025","253.77","255.76","260.87","253.32","15.55M","1.26%"
"07/30/2025","250.60","248.64","251.05","245.60","8.44M","0.25%"
"07/29/2025","249.98","248.70","253.07","246.59","8.42M","0.92%"
"07/28/2025","247.71","246.00","247.78","243.42","6.76M","1.06%"
"07/25/2025","245.12","242.34","245.47","241.43","7.15M","0.94%"
"07/24/2025","242.83","242.41","244.08","240.56","8.24M","0.38%"
"07/23/2025","241.90","239.95","243.42","238.66","7.26M","1.59%"
"07/22/2025","238.11","241.98","242.29","235.41","11.38M","-2.23%"
"07/21/2025","243.54","245.31","246.80","243.24","7.35M","-0.78%"
"07/18/2025","245.45","248.50","249.68","245.00","9.68M","-1.33%"
"07/17/2025","248.75","243.34","251.60","242.01","17.63M","3.09%"
"07/16/2025","241.30","235.50","241.33","233.19","12.60M","2.70%"
"07/15/2025","234.96","232.40","235.60","229.20","10.73M","2.48%"
"07/14/2025","229.28","229.45","230.64","225.12","11.34M","-0.56%"
"07/11/2025","230.56","231.37","234.00","229.87","10.21M","-1.89%"
"07/10/2025","235.00","239.94","240.05","233.50","11.49M","-0.34%"
"07/09/2025","235.81","235.51","236.51","232.00","10.87M","0.56%"
"07/08/2025","234.50","237.13","241.44","233.19","20.40M","0.96%"
"07/07/2025","232.26","235.11","235.25","229.50","16.58M","-2.13%"
"07/03/2025","237.32","233.22","237.99","231.20","18.44M","3.19%"
"07/02/2025","229.98","217.68","231.90","216.72","22.33M","5.03%"
"07/01/2025","218.96","219.30","223.17","216.31","16.96M","0.15%"
"06/30/2025","218.63","226.50","228.22","218.38","31.84M","3.99%"
"06/27/2025","210.24","213.69","214.65","209.96","14.13M","-1.21%"
"06/26/2025","212.82","212.00","214.42","210.36","10.53M","1.00%"
"06/25/2025","210.72","214.94","216.93","210.23","11.80M","-2.11%"
"06/24/2025","215.27","209.99","216.37","208.55","19.03M","3.98%"
"06/23/2025","207.04","205.51","207.27","202.54","13.42M","0.91%"
"06/20/2025","205.17","213.35","213.80","204.64","20.88M","-2.70%"
"06/18/2025","210.87","211.09","214.72","209.57","15.06M","1.29%"
"06/17/2025","208.18","210.66","215.88","207.48","17.82M","-1.38%"
"06/16/2025","211.10","213.20","215.17","209.98","22.67M","-1.91%"
"06/13/2025","215.22","201.58","216.60","201.20","53.71M","7.69%"
"06/12/2025","199.86","189.96","202.49","188.88","54.61M","13.31%"
"06/11/2025","176.38","177.55","179.55","176.20","18.00M","-0.62%"
"06/10/2025","177.48","177.71","177.85","174.28","11.06M","0.19%"
"06/09/2025","177.15","174.86","178.72","173.79","9.67M","1.80%"
"06/06/2025","174.02","174.00","174.79","172.66","6.83M","1.68%"
"06/05/2025","171.14","169.00","172.26","168.76","7.71M","1.81%"
"06/04/2025","168.10","169.71","170.48","167.57","6.38M","-0.61%"
"06/03/2025","169.14","166.80","169.33","166.59","7.16M","1.54%"
"06/02/2025","166.57","164.16","167.00","162.60","7.17M","0.63%"
"05/30/2025","165.53","163.43","165.75","161.55","17.55M","1.61%"
"05/29/2025","162.90","165.00","165.32","161.49","7.00M","-0.58%"
"05/28/2025","163.85","161.87","164.32","161.28","8.09M","1.20%"
"05/27/2025","161.91","159.32","162.40","158.92","6.98M","3.81%"
"05/23/2025","155.97","154.99","157.38","154.26","6.53M","-0.85%"
"05/22/2025","157.31","156.98","159.19","156.82","7.60M","0.08%"
"05/21/2025","157.18","158.35","160.90","156.46","6.01M","-1.95%"
"05/20/2025","160.31","158.63","160.36","157.53","7.58M","0.42%"
"05/19/2025","159.64","158.30","161.97","157.83","10.27M","-0.53%"
"05/16/2025","160.49","160.00","160.84","158.52","8.52M","0.68%"
"05/15/2025","159.40","161.36","161.74","158.91","10.17M","-2.18%"
"05/14/2025","162.95","162.36","163.41","161.06","7.50M","0.42%"
"05/13/2025","162.27","158.22","163.22","157.57","11.96M","3.21%"
"05/12/2025","157.22","156.31","157.43","154.42","7.88M","4.58%"
"05/09/2025","150.34","150.04","151.80","149.79","4.71M","0.03%"
"05/08/2025","150.30","149.05","151.81","148.61","6.11M","0.62%"
"05/07/2025","149.37","147.50","149.90","147.24","6.05M","1.13%"
"05/06/2025","147.70","146.98","148.94","145.72","5.11M","-1.07%"
"05/05/2025","149.29","149.43","150.82","148.52","5.19M","-0.96%"
"05/02/2025","150.73","148.33","153.06","148.33","11.35M","3.60%"
"05/01/2025","145.49","146.56","148.64","145.34","11.53M","3.39%"
"04/30/2025","140.72","138.48","141.30","135.57","9.44M","-0.05%"
"04/29/2025","140.79","139.81","141.16","139.55","4.85M","0.46%"
"04/28/2025","140.14","139.65","140.67","138.08","6.99M","1.19%"
"04/25/2025","138.49","137.49","139.00","136.76","5.48M","0.71%"
"04/24/2025","137.51","132.51","137.86","132.00","7.31M","4.65%"
"04/23/2025","131.40","134.91","135.87","130.99","9.53M","3.27%"
"04/22/2025","127.24","124.50","127.99","123.39","11.23M","3.60%"
"04/21/2025","122.82","126.89","127.19","121.24","12.20M","-4.51%"
"04/17/2025","128.62","130.90","131.30","128.44","8.93M","-0.88%"
"04/16/2025","129.76","132.28","132.54","127.85","8.30M","-3.12%"
"04/15/2025","133.94","134.76","136.48","133.72","8.63M","-0.52%"
"04/14/2025","134.64","136.80","136.80","132.87","8.22M","1.73%"
"04/11/2025","132.35","132.11","133.00","128.84","10.19M","-0.75%"
"04/10/2025","133.35","136.65","136.65","129.26","12.40M","-4.54%"
"04/09/2025","139.69","123.40","140.59","123.40","17.76M","12.20%"
"04/08/2025","124.50","132.54","132.99","121.69","11.95M","-2.09%"
"04/07/2025","127.16","118.86","134.11","118.86","19.48M","-0.87%"
"04/04/2025","128.27","132.91","133.82","126.95","14.99M","-6.53%"
"04/03/2025","137.23","139.25","141.40","136.64","14.43M","-5.92%"
"04/02/2025","145.86","139.86","147.89","139.86","11.59M","2.76%"
"04/01/2025","141.94","139.76","143.25","138.76","9.52M","1.52%"
"03/31/2025","139.81","138.64","140.59","136.76","15.51M","-0.75%"
"03/28/2025","140.87","143.78","145.65","139.11","13.14M","-3.37%"
"03/27/2025","145.78","145.85","147.04","144.92","9.15M","-1.37%"
"03/26/2025","147.80","152.89","153.03","146.56","13.22M","-3.98%"
"03/25/2025","153.93","154.51","155.60","153.05","8.52M","-0.61%"
"03/24/2025","154.87","156.34","156.60","154.03","7.85M","1.73%"
"03/21/2025","152.23","151.65","153.84","150.11","17.62M","-0.32%"
"03/20/2025","152.72","151.58","154.49","150.82","7.05M","0.18%"
"03/19/2025","152.45","150.06","154.07","150.00","6.91M","2.01%"
"03/18/2025","149.45","152.37","152.41","148.63","9.40M","-2.96%"
"03/17/2025","154.01","150.40","155.75","150.40","9.88M","3.18%"
"03/14/2025","149.27","148.91","150.88","147.88","9.33M","1.09%"
"03/13/2025","147.66","149.79","150.17","145.48","14.19M","-2.14%"
"03/12/2025","150.89","146.23","152.23","145.01","15.37M","4.65%"
"03/11/2025","144.18","143.42","145.78","137.70","27.20M","-3.10%"
"03/10/2025","148.79","150.53","152.52","146.80","21.49M","-4.11%"
"03/07/2025","155.16","150.62","156.48","148.50","12.65M","2.80%"
"03/06/2025","150.94","157.15","157.15","149.73","12.32M","-6.57%"
"03/05/2025","161.56","158.06","162.49","157.05","7.14M","2.60%"
"03/04/2025","157.47","159.22","159.76","153.52","13.17M","-2.81%"
"03/03/2025","162.02","166.95","167.12","161.13","8.08M","-2.43%"
"02/28/2025","166.06","163.11","166.15","160.81","12.84M","0.79%"
"02/27/2025","164.76","173.00","174.86","164.58","7.44M","-4.47%"
"02/26/2025","172.47","170.98","173.87","169.13","6.92M","2.33%"
"02/25/2025","168.54","169.29","170.60","164.44","8.32M","-0.84%"
"02/24/2025","169.96","173.57","174.17","164.66","10.64M","1.28%"
"02/21/2025","167.81","176.12","176.88","167.55","9.71M","-4.65%"
"02/20/2025","176.00","179.81","180.27","174.43","8.74M","-3.04%"
"02/19/2025","181.52","178.58","181.68","175.70","8.69M","0.96%"
"02/18/2025","179.80","176.75","182.24","176.09","11.43M","3.24%"
"02/14/2025","174.16","174.25","175.03","172.81","7.26M","0.17%"
"02/13/2025","173.86","173.00","174.38","172.10","6.42M","0.95%"
"02/12/2025","172.22","174.89","174.89","170.71","7.45M","-2.80%"
"02/11/2025","177.19","177.62","179.12","176.45","6.53M","-0.97%"
"02/10/2025","178.92","176.00","179.99","174.92","7.63M","2.56%"
"02/07/2025","174.46","175.00","177.39","173.18","9.99M","1.22%"
"02/06/2025","172.35","173.00","175.65","171.57","7.04M","0.40%"
"02/05/2025","171.66","168.99","171.89","168.52","7.87M","2.25%"
"02/04/2025","167.89","170.40","170.40","166.35","6.78M","-0.42%"
"02/03/2025","168.60","163.20","169.90","163.20","8.25M","-0.86%"
"01/31/2025","170.06","170.41","173.00","169.13","8.72M","-0.19%"
"01/30/2025","170.38","164.78","171.49","164.10","14.98M","5.16%"
"01/29/2025","162.02","164.02","164.02","160.01","9.87M","-1.21%"
"01/28/2025","164.00","162.99","165.82","156.75","20.32M","3.61%"
"01/27/2025","158.28","168.90","172.52","152.66","42.20M","-13.79%"
"01/24/2025","183.60","188.64","189.10","181.87","12.15M","-1.54%"
"01/23/2025","186.47","181.64","186.57","181.50","17.31M","1.22%"
"01/22/2025","184.22","191.51","191.99","180.57","48.03M","6.75%"
"01/21/2025","172.57","163.87","173.37","162.75","30.23M","7.17%"
"01/17/2025","161.03","161.77","163.16","160.54","11.62M","0.93%"
"01/16/2025","159.54","160.15","161.50","158.41","9.21M","0.78%"
"01/15/2025","158.31","158.66","159.15","157.26","10.70M","1.28%"
"01/14/2025","156.31","156.42","157.25","154.35","7.41M","1.55%"
"01/13/2025","153.92","153.74","154.15","152.42","8.83M","-0.38%"
"01/10/2025","154.50","159.20","159.20","153.92","13.59M","-5.30%"
"01/08/2025","163.14","162.18","163.98","161.43","7.60M","0.69%"
"01/07/2025","162.03","165.58","166.16","161.32","7.71M","-2.21%"
"01/06/2025","165.69","167.31","168.05","165.19","6.85M","-0.38%"
"01/03/2025","166.32","166.70","167.20","165.27","5.88M","0.17%"
"01/02/2025","166.03","168.52","168.69","164.90","5.37M","-0.37%"
"12/31/2024","166.64","167.20","167.30","165.84","4.31M","-0.16%"
"12/30/2024","166.91","166.51","167.91","164.55","5.25M","-1.21%"
"12/27/2024","168.96","170.38","171.15","167.20","4.34M","-1.58%"
"12/26/2024","171.68","170.50","172.55","170.50","4.10M","0.16%"
"12/24/2024","171.41","169.70","171.77","169.03","2.45M","1.34%"
"12/23/2024","169.14","169.59","169.62","167.17","6.52M","-0.31%"
"12/20/2024","169.66","167.73","171.26","165.63","13.81M","0.52%"
"12/19/2024","168.79","167.55","171.00","167.40","8.39M","2.04%"
"12/18/2024","165.41","169.41","171.23","165.36","8.82M","-2.53%"
"12/17/2024","169.71","170.75","172.99","169.27","8.94M","-0.89%"
"12/16/2024","171.23","173.84","174.27","170.93","9.57M","-1.25%"
"12/13/2024","173.39","175.00","176.14","171.64","8.35M","-1.10%"
"12/12/2024","175.32","178.00","178.17","174.81","8.15M","-1.83%"
"12/11/2024","178.58","178.00","181.38","174.83","13.19M","0.47%"
"12/10/2024","177.74","173.46","177.80","171.06","26.50M","-6.67%"
"12/09/2024","190.45","196.30","198.31","188.93","20.16M","-0.65%"
"12/06/2024","191.69","187.00","192.63","186.38","10.50M","2.93%"
"12/05/2024","186.24","189.02","189.02","185.85","6.40M","-1.04%"
"12/04/2024","188.19","188.00","189.79","185.90","8.91M","2.90%"
"12/03/2024","182.89","181.18","183.04","179.11","8.92M","0.82%"
"12/02/2024","181.41","185.29","185.29","181.00","8.86M","-1.86%"
"11/29/2024","184.84","184.01","185.93","184.00","4.63M","1.17%"
"11/27/2024","182.70","188.96","188.96","182.22","8.37M","-4.03%"
"11/26/2024","190.37","188.32","192.40","188.32","6.43M","1.27%"
"11/25/2024","187.99","194.50","194.75","187.99","15.14M","-2.24%"
"11/22/2024","192.29","193.00","194.20","191.06","6.88M","-0.07%"
"11/21/2024","192.43","191.94","196.04","191.64","11.39M","0.88%"
"11/20/2024","190.75","190.90","190.97","187.82","4.86M","0.98%"
"11/19/2024","188.90","184.89","189.32","184.32","8.12M","1.71%"
"11/18/2024","185.73","184.30","186.18","182.88","6.29M","1.08%"
"11/15/2024","183.74","184.52","185.80","182.33","8.99M","-1.77%"
"11/14/2024","187.05","188.66","189.59","186.71","7.80M","-1.36%"
"11/13/2024","189.63","189.00","191.77","188.79","5.70M","0.03%"
"11/12/2024","189.58","188.54","190.61","187.20","6.63M","0.24%"
"11/11/2024","189.13","191.05","191.50","187.84","5.97M","-0.06%"
"11/08/2024","189.25","186.26","190.16","186.26","8.52M","1.55%"
"11/07/2024","186.37","181.08","186.67","180.54","7.76M","2.83%"
"11/06/2024","181.24","178.52","182.10","177.42","11.08M","5.51%"
"11/05/2024","171.78","170.47","171.89","170.32","5.46M","1.29%"
"11/04/2024","169.59","170.31","170.48","168.73","4.80M","-0.25%"
"11/01/2024","170.02","170.15","172.27","169.10","5.68M","1.30%"
"10/31/2024","167.84","170.52","170.88","167.40","9.48M","-3.85%"
"10/30/2024","174.56","173.98","176.16","172.79","5.82M","0.65%"
"10/29/2024","173.43","172.29","174.02","172.29","4.12M","0.59%"
"10/28/2024","172.42","174.04","174.17","172.13","4.33M","-0.63%"
"10/25/2024","173.52","174.78","176.29","173.10","3.67M","-0.49%"
"10/24/2024","174.38","173.32","174.95","172.91","3.49M","0.74%"
"10/23/2024","173.10","174.50","176.07","173.01","4.83M","-1.26%"
"10/22/2024","175.31","175.45","175.85","174.28","5.51M","0.89%"
"10/21/2024","173.76","174.45","175.15","173.16","4.20M","-0.53%"
"10/18/2024","174.69","176.80","176.97","174.58","5.00M","-0.56%"
"10/17/2024","175.68","177.50","177.75","175.14","5.47M","0.52%"
"10/16/2024","174.77","173.50","174.91","171.64","6.38M","0.39%"
"10/15/2024","174.09","176.94","178.22","173.75","5.85M","-1.15%"
"10/14/2024","176.12","176.55","177.22","175.50","4.69M","0.20%"
"10/11/2024","175.77","175.49","177.00","174.40","5.87M","0.21%"
"10/10/2024","175.41","177.65","178.30","174.18","7.12M","-1.62%"
"10/09/2024","178.29","174.56","178.61","173.81","8.12M","2.25%"
"10/08/2024","174.37","170.60","174.64","170.44","7.85M","2.59%"
"10/07/2024","169.97","170.42","172.33","169.55","6.79M","-0.52%"
"10/04/2024","170.86","168.71","170.90","168.16","6.39M","2.40%"
"10/03/2024","166.86","166.89","167.86","166.24","4.74M","-0.51%"
"10/02/2024","167.71","167.60","169.18","167.27","7.07M","0.33%"
"10/01/2024","167.16","170.22","170.51","165.97","7.60M","-1.90%"
"09/30/2024","170.40","169.50","170.52","166.45","10.22M","0.98%"
"09/27/2024","168.74","168.09","169.11","166.51","8.97M","0.38%"
"09/26/2024","168.10","167.65","168.36","166.48","7.10M","1.09%"
"09/25/2024","166.28","167.69","168.75","165.66","7.14M","0.29%"
"09/24/2024","165.80","165.74","166.10","163.92","6.16M","-0.09%"
"09/23/2024","165.95","167.23","167.33","164.26","7.92M","-1.22%"
"09/20/2024","168.00","167.13","168.83","166.60","12.19M","0.24%"
"09/19/2024","167.59","167.25","168.16","164.51","10.08M","1.86%"
"09/18/2024","164.53","167.62","167.62","163.73","12.27M","-1.76%"
"09/17/2024","167.47","170.28","170.64","166.77","12.58M","-1.68%"
"09/16/2024","170.33","164.99","173.99","164.51","27.38M","5.12%"
"09/13/2024","162.03","173.70","173.93","161.00","25.73M","0.40%"
"09/12/2024","161.38","159.04","162.34","157.90","16.35M","2.67%"
"09/11/2024","157.18","156.78","159.44","154.84","12.63M","0.83%"
"09/10/2024","155.89","154.23","160.52","153.12","37.37M","11.44%"
"09/09/2024","139.89","142.49","143.30","139.51","20.23M","-1.35%"
"09/06/2024","141.81","143.79","143.94","139.40","11.15M","-0.56%"
"09/05/2024","142.61","141.40","143.28","140.30","8.73M","1.32%"
"09/04/2024","140.75","138.44","141.10","137.95","6.24M","0.90%"
"09/03/2024","139.50","140.45","142.20","138.83","6.83M","-1.27%"
"08/30/2024","141.29","140.33","141.72","140.10","7.98M","1.34%"
"08/29/2024","139.42","139.14","141.16","138.85","4.59M","1.12%"
"08/28/2024","137.88","138.83","138.95","136.91","3.02M","-0.43%"
"08/27/2024","138.48","137.85","139.50","137.74","3.87M","-0.30%"
"08/26/2024","138.90","139.39","139.40","138.19","2.73M","-0.21%"
"08/23/2024","139.19","138.73","139.79","137.26","4.54M","0.80%"
"08/22/2024","138.08","140.70","141.08","137.65","5.16M","-1.51%"
"08/21/2024","140.20","138.80","140.30","138.55","3.78M","0.74%"
"08/20/2024","139.17","137.82","139.79","137.82","3.74M","0.91%"
"08/19/2024","137.92","137.53","137.95","136.46","3.64M","0.33%"
"08/16/2024","137.47","136.79","137.82","136.39","4.89M","0.39%"
"08/15/2024","136.93","136.93","137.25","135.72","4.70M","0.98%"
"08/14/2024","135.60","134.04","135.97","134.01","4.04M","1.00%"
"08/13/2024","134.26","132.97","134.54","132.81","4.32M","1.27%"
"08/12/2024","132.58","132.25","132.71","131.21","5.60M","0.39%"
"08/09/2024","132.06","128.40","132.37","128.34","5.60M","2.40%"
"08/08/2024","128.96","128.00","129.82","127.65","6.24M","2.43%"
"08/07/2024","125.90","128.92","130.30","125.75","8.62M","-1.80%"
"08/06/2024","128.21","130.54","131.04","128.08","8.37M","0.27%"
"08/05/2024","127.86","127.89","129.97","126.66","10.35M","-4.07%"
"08/02/2024","133.28","132.77","134.30","131.80","8.25M","-3.08%"
"08/01/2024","137.51","139.29","140.39","135.77","5.91M","-1.39%"
"07/31/2024","139.45","139.69","141.55","138.66","7.19M","2.79%"
"07/30/2024","135.67","139.07","139.57","134.96","6.51M","-1.91%"
"07/29/2024","138.31","139.27","139.78","137.82","4.05M","-0.50%"
"07/26/2024","139.01","138.87","139.96","138.38","5.14M","0.86%"
"07/25/2024","137.82","140.15","141.07","137.70","7.65M","-0.68%"
"07/24/2024","138.77","141.70","142.66","138.40","8.02M","-3.03%"
"07/23/2024","143.11","141.30","143.22","141.21","6.70M","2.10%"
"07/22/2024","140.17","139.74","140.68","139.12","5.39M","1.16%"
"07/19/2024","138.56","138.35","140.44","138.08","6.11M","0.38%"
"07/18/2024","138.03","139.36","140.06","137.20","6.00M","-0.88%"
"07/17/2024","139.26","140.48","141.79","138.68","9.16M","-2.35%"
"07/16/2024","142.61","143.07","143.50","142.05","7.18M","-0.32%"
"07/15/2024","143.07","145.73","146.59","141.92","8.69M","-1.17%"
"07/12/2024","144.77","142.71","145.13","141.26","7.36M","1.41%"
"07/11/2024","142.76","142.36","143.48","141.68","5.25M","0.49%"
"07/10/2024","142.07","141.12","142.38","139.74","6.35M","0.99%"
"07/09/2024","140.68","145.13","145.70","138.00","14.34M","-3.00%"
"07/08/2024","145.03","144.76","145.23","143.43","8.62M","0.14%"
"07/05/2024","144.83","144.95","145.79","144.02","5.37M","0.31%"
"07/03/2024","144.38","143.75","144.65","143.50","3.56M","0.77%"
"07/02/2024","143.28","142.63","144.22","142.55","5.92M","0.13%"
"07/01/2024","143.09","141.69","144.05","141.07","6.55M","1.34%"
"06/28/2024","141.20","139.43","142.82","139.27","25.81M","0.73%"
"06/27/2024","140.18","139.25","141.42","138.81","7.52M","1.41%"
"06/26/2024","138.23","139.49","140.74","138.08","8.04M","-0.68%"
"06/25/2024","139.17","139.00","139.55","137.56","8.47M","-0.51%"
"06/24/2024","139.89","140.00","141.53","139.12","7.79M","-1.14%"
"06/21/2024","141.50","143.72","143.72","140.44","14.93M","-0.99%"
"06/20/2024","142.91","145.32","145.32","141.95","8.94M","-1.20%"
"06/18/2024","144.64","141.22","145.06","141.22","11.63M","2.36%"
"06/17/2024","141.31","138.80","141.44","138.25","11.23M","2.30%"
"06/14/2024","138.13","139.26","139.97","137.38","11.33M","-1.23%"
"06/13/2024","139.85","140.43","142.40","138.77","13.73M","-0.38%"
"06/12/2024","140.38","134.69","140.96","133.96","40.87M","13.32%"
"06/11/2024","123.88","124.05","124.83","122.29","18.37M","-0.50%"
"06/10/2024","124.50","125.73","126.95","124.05","10.19M","-1.13%"
"06/07/2024","125.92","124.21","126.22","123.27","11.54M","1.96%"
"06/06/2024","123.50","122.88","124.27","122.25","7.35M","0.71%"
"06/05/2024","122.63","121.65","122.79","120.51","5.97M","2.13%"
"06/04/2024","120.07","119.02","120.37","118.72","7.37M","0.66%"
"06/03/2024","119.28","117.53","119.33","117.34","7.26M","1.78%"
"05/31/2024","117.19","116.59","117.42","114.55","12.76M","0.09%"
"05/30/2024","117.09","120.17","121.44","117.03","10.85M","-5.37%"
"05/29/2024","123.74","122.99","123.92","122.77","4.74M","-0.60%"
"05/28/2024","124.49","123.24","124.82","123.01","6.91M","1.29%"
"05/24/2024","122.91","123.42","123.51","121.42","7.17M","-0.95%"
"05/23/2024","124.09","126.55","126.70","123.16","6.11M","-0.41%"
"05/22/2024","124.60","124.63","125.16","123.29","5.71M","-0.02%"
"05/21/2024","124.63","124.46","125.36","123.92","5.55M","0.09%"
"05/20/2024","124.52","123.80","124.68","123.24","5.99M","0.83%"
"05/17/2024","123.50","123.18","123.58","122.08","6.18M","1.10%"
"05/16/2024","122.16","121.94","122.45","121.21","5.16M","0.44%"
"05/15/2024","121.63","120.17","122.09","119.67","6.60M","0.63%"
"05/14/2024","120.87","116.50","122.55","116.13","17.81M","3.87%"
"05/13/2024","116.37","117.13","117.19","116.19","4.14M","-0.26%"
"05/10/2024","116.67","117.15","117.63","115.91","4.12M","0.03%"
"05/09/2024","116.64","117.39","117.73","116.50","3.24M","-0.64%"
"05/08/2024","117.39","117.71","117.98","117.11","4.64M","-0.46%"
"05/07/2024","117.93","118.00","119.13","117.29","6.44M","-0.35%"
"05/06/2024","118.34","116.33","118.36","116.18","6.05M","2.19%"
"05/03/2024","115.80","115.98","116.21","115.07","4.48M","0.73%"
"05/02/2024","114.96","115.23","115.81","114.26","5.00M","0.29%"
"05/01/2024","114.63","113.91","116.76","113.65","5.58M","0.77%"
"04/30/2024","113.75","115.09","115.52","113.69","6.23M","-2.35%"
"04/29/2024","116.49","116.99","117.31","115.29","5.19M","-0.61%"
"04/26/2024","117.21","117.04","119.21","116.15","8.36M","2.02%"
"04/25/2024","114.89","113.63","114.99","112.78","6.80M","-0.39%"
"04/24/2024","115.34","115.38","115.73","113.88","5.79M","0.22%"
"04/23/2024","115.09","115.17","115.86","114.75","5.49M","0.49%"
"04/22/2024","114.53","116.03","116.33","114.34","7.13M","-0.30%"
"04/19/2024","114.88","116.12","116.77","114.46","8.25M","-0.97%"
"04/18/2024","116.00","118.76","118.76","115.70","6.66M","-2.25%"
"04/17/2024","118.67","120.98","121.04","118.61","5.37M","-1.62%"
"04/16/2024","120.62","120.09","121.44","119.75","7.00M","0.62%"
"04/15/2024","119.88","122.18","122.47","119.44","5.10M","-1.02%"
"04/12/2024","121.11","121.74","121.84","120.42","6.20M","-1.73%"
"04/11/2024","123.24","121.72","123.82","121.36","7.32M","1.22%"
"04/10/2024","121.75","121.35","123.08","121.32","4.51M","-1.20%"
"04/09/2024","123.23","124.35","124.75","121.24","5.56M","-0.90%"
"04/08/2024","124.35","125.00","125.11","123.76","6.12M","-0.44%"
"04/05/2024","124.90","124.42","126.00","124.14","4.90M","0.57%"
"04/04/2024","124.19","127.60","127.99","124.03","7.59M","-1.62%"
"04/03/2024","126.24","124.26","126.40","124.06","7.43M","1.53%"
"04/02/2024","124.34","124.51","124.93","123.43","4.86M","-0.91%"
"04/01/2024","125.48","125.54","126.27","124.56","4.13M","-0.10%"
"03/28/2024","125.61","125.39","126.17","125.20","6.59M","0.27%"
"03/27/2024","125.27","127.33","127.82","124.47","8.12M","-0.95%"
"03/26/2024","126.47","126.75","126.93","125.84","7.06M","0.31%"
"03/25/2024","126.08","127.67","127.67","126.05","7.45M","-1.34%"
"03/22/2024","127.79","129.01","129.21","127.55","6.66M","-0.95%"
"03/21/2024","129.01","130.52","132.77","128.95","17.84M","-0.18%"
"03/20/2024","129.24","129.98","130.69","128.27","8.37M","0.04%"
"03/19/2024","129.19","127.75","129.21","126.49","10.22M","1.09%"
"03/18/2024","127.80","127.20","128.95","126.88","12.23M","1.80%"
"03/15/2024","125.54","124.04","126.01","123.56","17.84M","0.01%"
"03/14/2024","125.53","127.23","127.80","124.94","10.97M","0.01%"
"03/13/2024","125.52","128.00","128.80","124.83","15.87M","-1.58%"
"03/12/2024","127.54","126.26","129.37","124.60","48.54M","11.75%"
"03/11/2024","114.13","111.61","114.75","111.18","20.44M","1.52%"
"03/08/2024","112.42","114.07","114.33","111.54","8.31M","-1.85%"
"03/07/2024","114.54","113.94","114.80","112.29","7.67M","2.02%"
"03/06/2024","112.27","111.50","113.05","110.67","6.71M","1.20%"
"03/05/2024","110.94","112.82","113.20","110.36","8.24M","-2.74%"
"03/04/2024","114.06","113.58","114.60","113.39","6.59M","0.25%"
"03/01/2024","113.78","111.68","113.94","111.52","7.61M","1.88%"
"02/29/2024","111.68","111.68","112.44","110.64","12.19M","0.00%"
"02/28/2024","111.68","111.26","112.02","111.10","5.28M","0.27%"
"02/27/2024","111.38","110.62","111.51","109.79","6.59M","0.37%"
"02/26/2024","110.97","112.00","112.54","110.93","6.34M","-0.88%"
"02/23/2024","111.95","112.00","113.37","111.71","7.50M","0.85%"
"02/22/2024","111.01","111.49","111.89","109.66","8.96M","2.63%"
"02/21/2024","108.16","106.76","108.38","106.51","7.87M","-0.27%"
"02/20/2024","108.45","110.54","110.76","107.68","10.98M","-2.57%"
"02/16/2024","111.31","113.02","113.11","111.25","8.94M","-1.30%"
"02/15/2024","112.78","114.25","114.31","112.57","8.46M","-1.30%"
"02/14/2024","114.26","114.32","114.72","113.53","5.95M","0.51%"
"02/13/2024","113.68","113.79","114.21","113.00","8.17M","-1.86%"
"02/12/2024","115.84","116.26","117.10","115.38","5.44M","-0.69%"
"02/09/2024","116.64","117.06","117.34","115.73","5.79M","-0.03%"
"02/08/2024","116.68","117.09","117.79","115.97","4.47M","-0.50%"
"02/07/2024","117.27","115.80","117.59","115.30","7.67M","1.71%"
"02/06/2024","115.30","116.74","116.95","114.98","4.64M","-0.94%"
"02/05/2024","116.39","115.53","116.71","114.77","8.08M","0.52%"
"02/02/2024","115.79","115.82","116.49","115.16","6.50M","0.23%"
"02/01/2024","115.53","112.91","115.78","112.55","7.88M","3.43%"
"01/31/2024","111.70","113.81","114.27","111.67","7.39M","-2.15%"
"01/30/2024","114.16","113.36","114.40","112.63","8.23M","0.36%"
"01/29/2024","113.75","114.19","114.59","113.01","7.01M","-0.78%"
"01/26/2024","114.64","114.64","115.48","114.27","5.54M","-0.31%"
"01/25/2024","115.00","114.89","116.18","114.35","8.88M","0.60%"
"01/24/2024","114.31","113.42","115.42","113.33","11.70M","2.22%"
"01/23/2024","111.83","110.29","112.68","109.56","9.19M","1.57%"
"01/22/2024","110.10","110.06","110.69","109.27","7.49M","0.39%"
"01/19/2024","109.67","109.32","110.22","109.02","11.16M","0.89%"
"01/18/2024","108.70","106.99","108.88","106.62","10.36M","2.13%"
"01/17/2024","106.43","106.46","107.50","105.68","7.77M","-0.13%"
"01/16/2024","106.57","106.41","106.66","105.42","7.55M","-0.03%"
"01/12/2024","106.60","105.10","106.70","104.96","9.70M","1.75%"
"01/11/2024","104.77","104.35","104.84","103.54","6.12M","0.82%"
"01/10/2024","103.92","103.09","104.07","102.72","7.27M","0.28%"
"01/09/2024","103.63","103.85","104.48","103.29","6.73M","-0.98%"
"01/08/2024","104.66","102.94","104.77","102.13","7.04M","1.88%"
"01/05/2024","102.73","102.53","103.72","102.29","6.13M","0.14%"
"01/04/2024","102.59","102.77","103.36","102.40","6.82M","0.13%"
"01/03/2024","102.46","103.30","103.38","101.74","9.46M","-1.54%"
"01/02/2024","104.06","104.52","104.68","102.44","9.60M","-1.30%"
"12/29/2023","105.43","106.60","106.92","104.78","6.90M","-0.77%"
"12/28/2023","106.25","106.01","106.61","105.58","5.69M","0.29%"
"12/27/2023","105.94","106.32","106.33","105.56","5.63M","-0.24%"
"12/26/2023","106.19","106.52","106.65","105.34","5.77M","-0.01%"
"12/22/2023","106.20","105.70","106.49","105.46","5.68M","0.32%"
"12/21/2023","105.86","104.70","105.93","104.52","8.17M","1.64%"
"12/20/2023","104.15","105.95","106.09","104.05","9.24M","-1.98%"
"12/19/2023","106.25","104.98","106.34","104.80","10.11M","1.19%"
"12/18/2023","105.00","103.41","106.16","102.91","13.47M","1.63%"
"12/15/2023","103.32","99.69","103.99","99.36","30.21M","3.00%"
"12/14/2023","100.31","101.87","102.25","99.87","22.87M","-2.60%"
"12/13/2023","102.99","101.08","103.10","99.26","29.39M","2.16%"
"12/12/2023","100.81","102.70","104.95","100.69","57.67M","-12.44%"
"12/11/2023","115.13","113.77","115.35","113.61","19.54M","1.34%"
"12/08/2023","113.61","112.01","113.64","111.59","7.77M","0.66%"
"12/07/2023","112.87","112.41","113.03","111.81","6.77M","0.75%"
"12/06/2023","112.03","114.94","114.99","111.93","7.82M","-2.18%"
"12/05/2023","114.53","114.57","115.27","113.81","5.91M","-1.08%"
"12/04/2023","115.78","116.27","116.68","114.55","5.59M","-1.18%"
"12/01/2023","117.16","116.07","117.35","115.26","5.74M","0.82%"
"11/30/2023","116.21","116.86","117.23","115.18","11.08M","0.00%"
"11/29/2023","116.21","117.34","117.58","115.96","6.13M","-0.03%"
"11/28/2023","116.24","116.00","116.80","115.87","4.89M","-0.20%"
"11/27/2023","116.47","116.00","116.77","115.45","5.17M","0.19%"
"11/24/2023","116.25","116.49","116.59","115.34","2.17M","0.01%"
"11/22/2023","116.24","116.70","117.29","115.51","4.34M","0.14%"
"11/21/2023","116.08","117.21","117.67","115.68","6.00M","-0.72%"
"11/20/2023","116.92","115.65","117.15","115.51","5.73M","1.35%"
"11/17/2023","115.36","114.61","115.64","114.16","4.79M","0.60%"
"11/16/2023","114.67","113.76","115.87","113.47","7.48M","0.53%"
"11/15/2023","114.06","116.15","116.31","113.93","7.39M","-1.76%"
"11/14/2023","116.10","114.86","116.46","114.45","6.73M","1.71%"
"11/13/2023","114.15","113.07","114.49","112.78","5.74M","0.96%"
"11/10/2023","113.07","112.09","113.18","111.14","5.24M","0.79%"
"11/09/2023","112.18","112.40","113.31","111.61","6.85M","-0.13%"
"11/08/2023","112.33","109.23","112.56","109.19","10.99M","3.06%"
"11/07/2023","108.99","109.99","110.38","108.58","7.41M","-0.11%"
"11/06/2023","109.11","108.06","109.21","107.44","6.06M","0.98%"
"11/03/2023","108.05","107.17","109.07","106.62","7.28M","1.10%"
"11/02/2023","106.87","106.45","107.22","105.57","5.92M","1.06%"
"11/01/2023","105.75","103.80","106.20","103.80","8.60M","2.27%"
"10/31/2023","103.40","102.00","103.52","101.10","6.26M","1.72%"
"10/30/2023","101.65","101.14","102.41","100.82","5.43M","0.65%"
"10/27/2023","100.99","101.00","102.09","100.59","5.21M","0.59%"
"10/26/2023","100.40","101.69","102.39","99.87","7.57M","-1.02%"
"10/25/2023","101.43","102.70","103.67","101.01","7.08M","-1.72%"
"10/24/2023","103.20","103.95","104.46","102.50","6.17M","-0.44%"
"10/23/2023","103.66","102.04","104.69","102.01","10.72M","1.78%"
"10/20/2023","101.85","106.99","107.04","100.66","21.83M","-5.99%"
"10/19/2023","108.34","108.63","110.22","108.19","7.99M","0.08%"
"10/18/2023","108.25","108.40","109.73","107.86","5.12M","-0.72%"
"10/17/2023","109.04","107.58","109.79","106.90","5.26M","0.30%"
"10/16/2023","108.71","108.95","109.59","108.31","5.49M","0.42%"
"10/13/2023","108.25","109.19","109.51","107.79","5.88M","-0.79%"
"10/12/2023","109.11","109.95","110.92","108.88","6.60M","-0.48%"
"10/11/2023","109.64","109.51","110.06","108.83","5.64M","-0.06%"
"10/10/2023","109.71","110.21","111.06","109.62","6.91M","-0.55%"
"10/09/2023","110.32","110.75","110.97","109.47","6.01M","0.33%"
"10/06/2023","109.96","107.93","110.53","107.58","8.25M","1.49%"
"10/05/2023","108.35","106.97","108.44","106.18","7.65M","1.19%"
"10/04/2023","107.08","104.96","107.30","104.50","8.84M","2.45%"
"10/03/2023","104.52","106.42","106.50","103.54","8.78M","-2.05%"
"10/02/2023","106.71","105.81","106.73","105.29","5.96M","0.75%"
"09/29/2023","105.92","107.11","107.36","105.38","7.30M","-0.22%"
"09/28/2023","106.15","104.03","106.60","103.27","7.37M","1.46%"
"09/27/2023","104.62","105.00","105.28","103.35","8.92M","-0.25%"
"09/26/2023","104.88","107.14","107.40","104.31","13.21M","-3.16%"
"09/25/2023","108.30","108.45","108.65","107.50","8.41M","-0.67%"
"09/22/2023","109.03","109.99","110.60","108.51","11.15M","-0.37%"
"09/21/2023","109.43","111.51","112.50","109.33","12.65M","-3.05%"
"09/20/2023","112.87","112.81","114.70","112.46","8.78M","0.09%"
"09/19/2023","112.77","112.47","113.74","111.71","9.54M","0.50%"
"09/18/2023","112.21","113.42","114.46","111.58","11.74M","-1.49%"
"09/15/2023","113.91","114.19","115.20","112.50","23.22M","0.22%"
"09/14/2023","113.66","113.50","115.14","111.95","19.85M","1.63%"
"09/13/2023","111.84","108.32","112.94","108.20","27.17M","2.03%"
"09/12/2023","109.61","112.08","113.30","107.30","68.61M","-13.50%"
"09/11/2023","126.71","127.02","127.42","124.72","22.16M","0.31%"
"09/08/2023","126.32","124.80","126.69","124.35","10.61M","0.98%"
"09/07/2023","125.09","123.83","125.96","122.59","11.86M","0.61%"
"09/06/2023","124.33","123.06","124.58","122.73","8.73M","0.28%"
"09/05/2023","123.98","122.44","124.28","121.18","11.09M","2.52%"
"09/01/2023","120.93","121.01","121.69","120.09","6.19M","0.45%"
"08/31/2023","120.39","121.00","121.98","120.12","9.11M","-0.60%"
"08/30/2023","121.12","120.72","121.74","120.15","5.60M","0.39%"
"08/29/2023","120.65","120.95","121.21","118.53","11.92M","3.26%"
"08/28/2023","116.84","116.37","117.71","115.70","4.51M","0.67%"
"08/25/2023","116.06","112.91","116.15","112.74","8.76M","2.79%"
"08/24/2023","112.91","119.68","119.73","112.41","12.00M","-4.18%"
"08/23/2023","117.84","117.10","120.45","112.11","16.52M","1.12%"
"08/22/2023","116.54","117.51","117.68","115.73","4.96M","-0.04%"
"08/21/2023","116.59","116.90","117.35","115.19","5.81M","0.11%"
"08/18/2023","116.46","114.50","116.99","113.95","9.41M","1.38%"
"08/17/2023","114.88","115.74","116.78","114.36","6.18M","-0.40%"
"08/16/2023","115.34","117.16","117.81","115.27","5.72M","-1.66%"
"08/15/2023","117.29","115.45","118.06","114.84","10.41M","1.49%"
"08/14/2023","115.57","113.18","115.81","113.15","6.49M","2.22%"
"08/11/2023","113.06","112.39","113.48","111.13","5.29M","0.06%"
"08/10/2023","112.99","113.78","115.09","112.48","6.00M","-0.10%"
"08/09/2023","113.10","115.34","115.71","112.33","6.54M","-1.85%"
"08/08/2023","115.23","115.04","115.61","114.22","4.69M","-0.75%"
"08/07/2023","116.10","115.47","116.38","115.07","7.35M","1.45%"
"08/04/2023","114.44","115.34","116.40","114.25","5.58M","-0.10%"
"08/03/2023","114.55","115.24","116.17","114.26","5.22M","-1.00%"
"08/02/2023","115.71","116.92","116.98","114.32","6.39M","-1.87%"
"08/01/2023","117.91","116.92","118.04","116.47","5.25M","0.58%"
"07/31/2023","117.23","116.43","117.24","115.83","6.71M","1.07%"
"07/28/2023","115.99","116.68","117.30","115.65","6.91M","-0.35%"
"07/27/2023","116.40","117.55","117.60","115.64","7.84M","0.78%"
"07/26/2023","115.50","117.42","117.62","115.00","8.16M","-2.08%"
"07/25/2023","117.95","117.98","118.51","116.81","6.27M","-0.10%"
"07/24/2023","118.07","117.94","118.54","116.73","6.20M","0.36%"
"07/21/2023","117.65","116.49","119.27","116.21","9.16M","1.53%"
"07/20/2023","115.88","117.49","119.05","115.23","12.91M","-2.37%"
"07/19/2023","118.69","120.82","121.36","118.42","7.61M","-1.72%"
"07/18/2023","120.77","118.78","121.29","117.81","8.91M","1.58%"
"07/17/2023","118.89","118.85","119.97","118.25","6.74M","-0.32%"
"07/14/2023","119.27","118.18","119.97","117.68","7.72M","1.55%"
"07/13/2023","117.45","117.09","118.58","116.76","9.36M","1.23%"
"07/12/2023","116.02","115.67","118.09","115.64","11.01M","0.99%"
"07/11/2023","114.88","114.19","115.00","113.43","6.12M","0.44%"
"07/10/2023","114.38","114.28","115.03","113.66","6.93M","-0.20%"
"07/07/2023","114.61","114.84","115.98","114.49","7.00M","-0.73%"
"07/06/2023","115.45","114.67","115.81","114.64","7.99M","-0.44%"
"07/05/2023","115.96","116.52","117.01","115.41","8.47M","-1.02%"
"07/03/2023","117.15","118.01","118.25","116.82","4.28M","-1.63%"
"06/30/2023","119.09","119.84","121.72","119.03","13.70M","1.11%"
"06/29/2023","117.78","115.65","117.80","114.63","9.23M","1.07%"
"06/28/2023","116.53","116.78","118.62","116.39","9.24M","-1.11%"
"06/27/2023","117.84","116.57","118.46","116.26","6.97M","0.91%"
"06/26/2023","116.78","117.99","119.43","116.70","8.99M","-1.57%"
"06/23/2023","118.64","119.59","119.90","118.14","19.73M","-1.61%"
"06/22/2023","120.58","121.61","122.59","120.07","12.20M","-1.24%"
"06/21/2023","122.10","121.95","123.36","120.36","17.58M","0.05%"
"06/20/2023","122.04","124.45","125.25","121.96","16.28M","-2.73%"
"06/16/2023","125.46","127.14","127.40","125.15","19.51M","-0.86%"
"06/15/2023","126.55","121.95","127.54","121.66","27.48M","3.50%"
"06/14/2023","122.27","116.50","122.51","115.74","26.26M","4.79%"
"06/13/2023","116.68","123.32","123.99","116.02","39.19M","0.21%"
"06/12/2023","116.43","114.34","117.51","114.34","39.53M","5.99%"
"06/09/2023","109.85","107.70","110.15","107.41","12.60M","2.21%"
"06/08/2023","107.48","105.67","107.79","105.35","9.53M","2.12%"
"06/07/2023","105.25","107.14","108.37","104.83","9.84M","-1.73%"
"06/06/2023","107.10","106.81","107.49","106.15","7.02M","0.16%"
"06/05/2023","106.93","105.89","107.60","105.51","8.00M","0.98%"
"06/02/2023","105.89","106.52","106.77","105.75","8.65M","-0.09%"
"06/01/2023","105.99","104.88","106.61","104.78","7.84M","0.05%"
"05/31/2023","105.94","104.47","106.49","104.15","13.71M","0.75%"
"05/30/2023","105.15","104.90","105.98","104.19","10.30M","1.03%"
"05/26/2023","104.08","104.35","106.23","104.03","13.99M","-0.20%"
"05/25/2023","104.29","99.20","104.66","98.77","16.73M","6.07%"
"05/24/2023","98.32","97.95","98.88","97.29","6.82M","-0.22%"
"05/23/2023","98.54","101.07","101.43","98.46","10.05M","-3.17%"
"05/22/2023","101.77","102.48","103.10","101.73","5.89M","-1.04%"
"05/19/2023","102.84","102.39","103.07","101.92","8.56M","0.49%"
"05/18/2023","102.34","99.77","102.46","99.73","10.01M","2.58%"
"05/17/2023","99.77","98.78","100.40","98.43","9.44M","1.55%"
"05/16/2023","98.25","97.17","98.85","96.92","6.90M","1.02%"
"05/15/2023","97.26","97.87","97.96","97.04","4.44M","-0.60%"
"05/12/2023","97.85","97.61","97.92","96.93","4.99M","0.42%"
"05/11/2023","97.44","97.54","97.63","96.33","5.14M","-0.08%"
"05/10/2023","97.52","96.79","97.68","96.26","5.94M","1.44%"
"05/09/2023","96.14","96.20","96.89","96.10","6.33M","-0.67%"
"05/08/2023","96.79","97.08","97.28","96.44","5.31M","-0.19%"
"05/05/2023","96.97","95.00","97.31","94.83","8.07M","2.11%"
"05/04/2023","94.97","94.98","95.12","94.41","5.04M","0.20%"
"05/03/2023","94.78","95.07","95.42","94.54","6.74M","-0.02%"
"05/02/2023","94.80","94.93","95.24","93.85","6.00M","-0.07%"
"05/01/2023","94.87","94.80","95.73","94.70","5.46M","0.16%"
"04/28/2023","94.72","94.27","95.40","94.24","8.50M","-0.34%"
"04/27/2023","95.04","94.31","95.09","93.29","5.62M","1.42%"
"04/26/2023","93.71","93.75","94.81","93.34","6.40M","-0.37%"
"04/25/2023","94.06","95.14","95.70","94.02","5.77M","-1.45%"
"04/24/2023","95.44","95.34","96.07","94.97","4.90M","0.30%"
"04/21/2023","95.15","95.01","95.31","94.26","7.34M","0.34%"
"04/20/2023","94.83","96.00","96.15","94.60","5.82M","-1.02%"
"04/19/2023","95.81","95.59","96.47","95.59","4.77M","-0.68%"
"04/18/2023","96.47","96.00","96.74","95.77","7.22M","0.92%"
"04/17/2023","95.59","95.64","95.99","95.31","4.77M","-0.13%"
"04/14/2023","95.71","95.50","95.99","94.68","6.49M","0.17%"
"04/13/2023","95.55","94.18","95.75","93.94","6.24M","1.76%"
"04/12/2023","93.90","94.38","95.32","93.60","8.04M","-0.07%"
"04/11/2023","93.97","93.46","94.13","93.20","8.20M","0.22%"
"04/10/2023","93.76","94.68","95.11","93.55","8.68M","-2.25%"
"04/06/2023","95.92","94.33","96.08","93.99","9.15M","1.09%"
"04/05/2023","94.89","93.62","95.11","93.48","7.48M","0.95%"
"04/04/2023","94.00","93.85","94.02","92.93","6.65M","0.09%"
"04/03/2023","93.92","92.38","94.00","92.09","8.41M","1.08%"
"03/31/2023","92.92","90.56","93.00","90.41","10.48M","2.66%"
"03/30/2023","90.51","90.85","91.18","89.71","5.64M","-0.12%"
"03/29/2023","90.62","90.13","90.66","89.81","5.23M","0.86%"
"03/28/2023","89.85","90.22","90.88","89.48","6.38M","-0.32%"
"03/27/2023","90.14","88.62","90.50","88.54","8.17M","2.42%"
"03/24/2023","88.01","87.98","88.48","87.51","5.85M","0.26%"
"03/23/2023","87.78","88.65","89.64","87.64","10.75M","-0.14%"
"03/22/2023","87.90","87.54","89.16","87.44","7.23M","0.37%"
"03/21/2023","87.58","87.49","87.85","86.66","6.68M","0.71%"
"03/20/2023","86.96","85.28","87.51","85.25","9.18M","1.99%"
"03/17/2023","85.26","85.00","85.98","84.61","13.07M","0.52%"
"03/16/2023","84.82","82.92","85.11","82.08","10.15M","2.22%"
"03/15/2023","82.98","83.08","83.37","82.12","11.46M","-1.87%"
"03/14/2023","84.56","85.93","85.93","83.43","8.73M","-0.44%"
"03/13/2023","84.93","83.32","85.53","82.04","10.30M","1.02%"
"03/10/2023","84.07","84.41","85.25","82.88","16.03M","-3.22%"
"03/09/2023","86.87","88.33","89.64","86.53","10.57M","-1.83%"
"03/08/2023","88.49","88.40","89.08","88.15","5.16M","0.15%"
"03/07/2023","88.36","89.58","90.08","88.05","5.38M","-1.54%"
"03/06/2023","89.74","89.41","90.67","89.15","7.42M","0.55%"
"03/03/2023","89.25","87.32","89.29","87.08","5.50M","2.62%"
"03/02/2023","86.97","86.06","87.28","85.87","5.29M","0.73%"
"03/01/2023","86.34","86.90","87.21","85.99","5.12M","-1.21%"
"02/28/2023","87.40","87.70","88.01","87.18","7.47M","-0.64%"
"02/27/2023","87.96","88.86","88.97","87.36","6.75M","-0.79%"
"02/24/2023","88.66","87.31","88.89","87.14","7.66M","0.09%"
"02/23/2023","88.58","87.15","89.48","87.06","8.64M","2.62%"
"02/22/2023","86.32","86.68","87.18","85.98","5.84M","0.14%"
"02/21/2023","86.20","86.76","86.94","86.15","5.26M","-1.24%"
"02/17/2023","87.28","87.20","87.43","86.51","6.40M","-0.50%"
"02/16/2023","87.72","87.46","88.27","87.01","5.94M","-0.70%"
"02/15/2023","88.34","88.85","89.21","88.03","4.33M","-0.84%"
"02/14/2023","89.09","89.00","89.41","87.71","7.48M","-0.37%"
"02/13/2023","89.42","87.28","89.45","87.20","5.56M","2.62%"
"02/10/2023","87.14","86.53","87.38","86.33","5.32M","0.57%"
"02/09/2023","86.65","87.14","87.90","86.32","4.96M","-0.05%"
"02/08/2023","86.69","86.93","87.92","86.51","7.62M","-1.20%"
"02/07/2023","87.74","87.87","88.02","86.30","9.23M","-0.89%"
"02/06/2023","88.53","89.51","89.61","88.40","4.10M","-1.22%"
"02/03/2023","89.62","88.47","90.25","88.27","5.67M","0.27%"
"02/02/2023","89.38","90.66","91.22","88.94","8.27M","-0.74%"
"02/01/2023","90.05","88.37","90.64","88.21","6.14M","1.80%"
"01/31/2023","88.46","87.69","88.48","87.35","6.20M","1.27%"
"01/30/2023","87.35","88.47","88.62","86.99","6.26M","-1.84%"
"01/27/2023","88.99","89.50","89.72","88.96","5.68M","-0.94%"
"01/26/2023","89.83","89.89","90.49","89.09","7.30M","0.21%"
"01/25/2023","89.64","88.70","89.86","87.74","5.90M","-0.07%"
"01/24/2023","89.70","89.05","90.10","88.00","7.00M","0.82%"
"01/23/2023","88.97","87.19","89.13","86.97","7.39M","1.97%"
"01/20/2023","87.25","86.03","87.38","85.50","5.57M","1.52%"
"01/19/2023","85.94","86.40","86.99","85.25","5.60M","-0.89%"
"01/18/2023","86.71","88.60","88.63","86.60","6.40M","-2.13%"
"01/17/2023","88.60","89.19","89.44","88.43","6.55M","-0.67%"
"01/13/2023","89.20","87.95","89.47","87.66","5.09M","0.47%"
"01/12/2023","88.78","88.70","89.19","88.17","6.07M","0.20%"
"01/11/2023","88.60","87.37","88.66","87.09","8.36M","2.43%"
"01/10/2023","86.50","85.64","86.61","85.57","5.70M","0.09%"
"01/09/2023","86.42","86.84","87.59","86.16","7.52M","0.89%"
"01/06/2023","85.66","84.74","86.34","83.82","8.64M","1.60%"
"01/05/2023","84.31","85.00","85.40","83.22","7.64M","-0.20%"
"01/04/2023","84.48","84.20","85.17","83.64","7.84M","0.91%"
"01/03/2023","83.72","82.47","83.84","82.26","9.00M","2.42%"
"12/30/2022","81.74","81.13","81.93","80.76","5.38M","0.42%"
"12/29/2022","81.40","80.97","81.80","80.70","3.87M","1.33%"
"12/28/2022","80.33","81.09","81.64","80.19","3.79M","-0.80%"
"12/27/2022","80.98","80.88","81.47","80.61","4.29M","0.16%"
"12/23/2022","80.85","80.51","80.90","79.99","4.13M","0.45%"
"12/22/2022","80.49","80.94","81.17","79.43","8.18M","-1.24%"
"12/21/2022","81.50","81.35","82.14","80.94","5.93M","0.69%"
"12/20/2022","80.94","80.50","81.49","80.35","6.39M","0.55%"
"12/19/2022","80.50","79.92","81.10","79.68","7.74M","1.16%"
"12/16/2022","79.58","79.96","80.46","79.48","19.20M","-0.61%"
"12/15/2022","80.07","80.79","81.03","79.46","8.20M","-2.14%"
"12/14/2022","81.82","80.81","82.89","80.57","11.18M","1.56%"
"12/13/2022","80.56","84.94","85.58","79.70","22.81M","-0.89%"
"12/12/2022","81.28","80.31","81.41","79.93","15.81M","1.78%"
"12/09/2022","79.86","79.65","80.36","79.54","6.85M","-0.26%"
"12/08/2022","80.07","79.13","80.21","78.53","5.92M","1.64%"
"12/07/2022","78.78","78.67","79.44","78.58","5.11M","-0.16%"
"12/06/2022","78.91","79.35","79.82","78.06","7.66M","-0.65%"
"12/05/2022","79.43","82.41","82.42","79.41","9.10M","-4.70%"
"12/02/2022","83.35","83.20","83.62","82.58","4.80M","-0.90%"
"12/01/2022","84.11","83.05","84.53","82.35","6.13M","1.30%"
"11/30/2022","83.03","80.47","83.18","80.00","9.61M","2.70%"
"11/29/2022","80.85","81.33","81.50","80.52","4.93M","-0.66%"
"11/28/2022","81.39","82.11","82.14","81.07","5.11M","-1.61%"
"11/25/2022","82.72","82.85","83.49","82.54","2.75M","0.19%"
"11/23/2022","82.56","82.12","82.92","81.78","6.35M","0.54%"
"11/22/2022","82.12","79.89","82.21","79.83","8.80M","2.88%"
"11/21/2022","79.82","79.57","80.10","78.90","5.24M","0.11%"
"11/18/2022","79.73","80.00","80.46","78.85","6.11M","0.67%"
"11/17/2022","79.20","79.17","79.57","78.19","5.72M","-0.86%"
"11/16/2022","79.89","79.12","80.23","78.86","6.01M","0.90%"
"11/15/2022","79.18","78.93","80.68","78.01","7.62M","0.83%"
"11/14/2022","78.53","77.48","79.54","77.33","7.15M","1.02%"
"11/11/2022","77.74","77.13","77.89","76.57","7.71M","0.74%"
"11/10/2022","77.17","77.70","78.47","76.71","10.44M","2.00%"
"11/09/2022","75.66","75.38","76.54","75.00","6.01M","0.03%"
"11/08/2022","75.64","76.95","77.14","75.02","9.10M","-1.43%"
"11/07/2022","76.74","76.11","77.09","75.49","5.39M","0.97%"
"11/04/2022","76.00","75.94","76.67","74.24","7.22M","1.29%"
"11/03/2022","75.03","74.72","75.69","74.05","6.76M","-0.12%"
"11/02/2022","75.12","76.65","77.43","75.00","7.52M","-2.58%"
"11/01/2022","77.11","78.60","79.23","76.34","7.75M","-1.23%"
"10/31/2022","78.07","76.50","78.33","76.40","12.35M","0.92%"
"10/28/2022","77.36","75.30","77.68","75.30","8.76M","2.94%"
"10/27/2022","75.15","74.75","75.88","74.54","7.05M","0.44%"
"10/26/2022","74.82","72.61","75.72","72.55","10.69M","2.30%"
"10/25/2022","73.14","73.45","74.11","72.61","9.14M","0.30%"
"10/24/2022","72.92","72.93","73.69","71.78","11.49M","0.30%"
"10/21/2022","72.70","71.03","72.79","70.31","15.65M","4.98%"
"10/20/2022","69.25","67.53","69.92","67.19","17.60M","4.45%"
"10/19/2022","66.30","66.49","67.19","65.78","5.51M","-1.09%"
"10/18/2022","67.03","68.00","68.58","66.33","6.69M","0.01%"
"10/17/2022","67.02","65.88","67.57","65.87","11.37M","4.21%"
"10/14/2022","64.31","65.72","66.61","64.21","8.05M","-1.37%"
"10/13/2022","65.20","62.48","65.71","62.27","10.15M","2.23%"
"10/12/2022","63.78","62.62","64.28","62.17","9.01M","2.20%"
"10/11/2022","62.41","61.85","63.10","61.65","7.38M","-0.26%"
"10/10/2022","62.57","63.61","63.90","62.02","6.41M","-1.14%"
"10/07/2022","63.29","64.49","64.62","62.74","7.14M","-3.08%"
"10/06/2022","65.30","66.33","66.81","65.22","6.99M","-2.01%"
"10/05/2022","66.64","65.34","67.19","64.98","9.20M","1.45%"
"10/04/2022","65.69","63.80","65.83","63.80","9.89M","4.14%"
"10/03/2022","63.08","60.99","63.24","60.81","9.66M","3.29%"
"09/30/2022","61.07","61.26","62.14","61.06","9.79M","-0.54%"
"09/29/2022","61.40","62.29","62.60","60.78","8.88M","-2.65%"
"09/28/2022","63.07","62.62","63.35","62.25","8.55M","1.04%"
"09/27/2022","62.42","64.16","64.40","62.03","9.28M","-1.62%"
"09/26/2022","63.45","64.33","64.92","63.39","6.90M","-1.70%"
"09/23/2022","64.55","65.35","65.44","63.87","9.28M","-2.24%"
"09/22/2022","66.03","66.85","66.94","65.84","7.19M","-1.08%"
"09/21/2022","66.75","68.71","68.88","66.74","6.77M","-2.00%"
"09/20/2022","68.11","68.27","68.46","67.45","8.62M","-1.39%"
"09/19/2022","69.07","68.20","69.13","67.90","8.36M","0.35%"
"09/16/2022","68.83","69.58","69.80","68.25","23.41M","-2.01%"
"09/15/2022","70.24","71.50","72.09","69.75","12.48M","-2.61%"
"09/14/2022","72.12","75.79","75.87","71.77","21.60M","-5.16%"
"09/13/2022","76.04","76.06","79.41","75.78","29.48M","-1.35%"
"09/12/2022","77.08","76.63","77.38","76.27","15.63M","1.54%"
"09/09/2022","75.91","74.65","76.01","74.44","7.76M","1.69%"
"09/08/2022","74.65","74.03","74.80","73.61","6.90M","0.21%"
"09/07/2022","74.49","73.68","74.67","73.42","5.79M","0.89%"
"09/06/2022","73.83","74.70","75.19","73.55","7.09M","-1.14%"
"09/02/2022","74.68","75.74","76.77","74.48","11.03M","-0.82%"
"09/01/2022","75.30","74.12","75.37","73.53","8.14M","1.55%"
"08/31/2022","74.15","74.46","75.15","74.04","8.61M","0.01%"
"08/30/2022","74.14","74.42","74.67","73.46","5.10M","-0.07%"
"08/29/2022","74.19","74.11","74.86","74.07","4.30M","-0.62%"
"08/26/2022","74.65","76.98","77.26","74.57","4.90M","-2.91%"
"08/25/2022","76.89","76.34","76.91","75.98","3.52M","0.95%"
"08/24/2022","76.17","76.47","76.56","76.05","3.88M","-0.31%"
"08/23/2022","76.41","76.25","77.01","76.25","4.43M","-0.07%"
"08/22/2022","76.46","77.93","77.93","76.17","5.76M","-2.80%"
"08/19/2022","78.66","79.03","79.13","78.44","4.68M","-0.83%"
"08/18/2022","79.32","79.28","79.88","79.01","4.12M","0.09%"
"08/17/2022","79.25","79.00","79.77","78.95","5.19M","-0.34%"
"08/16/2022","79.52","78.90","79.65","78.85","6.19M","0.52%"
"08/15/2022","79.11","78.84","79.42","78.50","3.73M","-0.05%"
"08/12/2022","79.15","78.00","79.42","77.66","6.69M","2.58%"
"08/11/2022","77.16","77.95","78.00","77.08","5.56M","-0.49%"
"08/10/2022","77.54","77.59","77.98","77.20","5.26M","1.00%"
"08/09/2022","76.77","76.21","76.91","75.84","4.24M","0.39%"
"08/08/2022","76.47","76.92","77.43","76.27","4.73M","-1.14%"
"08/05/2022","77.35","76.27","77.40","76.00","4.86M","-0.06%"
"08/04/2022","77.40","77.45","77.85","77.11","3.66M","0.04%"
"08/03/2022","77.37","76.72","77.76","76.30","6.13M","1.34%"
"08/02/2022","76.35","76.99","77.26","76.06","6.40M","-1.41%"
"08/01/2022","77.44","77.18","77.81","76.70","5.23M","-0.51%"
"07/29/2022","77.84","77.01","78.16","77.00","5.93M","1.04%"
"07/28/2022","77.04","75.64","77.28","75.31","5.69M","1.54%"
"07/27/2022","75.87","74.38","76.12","74.32","6.68M","2.49%"
"07/26/2022","74.03","74.80","75.30","73.71","7.28M","-1.11%"
"07/25/2022","74.86","75.10","75.43","74.34","5.72M","-0.05%"
"07/22/2022","74.90","74.82","75.29","74.26","6.66M","0.48%"
"07/21/2022","74.54","72.15","74.63","72.13","7.01M","2.69%"
"07/20/2022","72.59","72.55","73.10","72.16","5.66M","0.48%"
"07/19/2022","72.24","70.64","72.30","70.26","7.16M","2.89%"
"07/18/2022","70.21","71.25","71.71","70.14","4.64M","-0.75%"
"07/15/2022","70.74","70.26","70.87","70.00","5.13M","1.86%"
"07/14/2022","69.45","69.16","69.58","68.23","4.92M","-0.83%"
"07/13/2022","70.03","69.05","70.53","68.68","6.45M","-0.54%"
"07/12/2022","70.41","71.60","71.94","70.07","7.14M","-1.62%"
"07/11/2022","71.57","71.00","71.97","70.90","4.55M","-0.42%"
"07/08/2022","71.87","71.69","72.24","71.33","4.93M","0.06%"
"07/07/2022","71.83","71.83","71.98","71.18","7.81M","0.24%"
"07/06/2022","71.66","72.32","72.74","71.31","6.04M","-0.46%"
"07/05/2022","71.99","70.38","72.00","70.18","9.04M","1.58%"
"07/01/2022","70.87","69.85","70.98","69.81","7.81M","1.43%"
"06/30/2022","69.87","68.21","70.25","68.21","9.89M","0.95%"
"06/29/2022","69.21","69.03","70.09","68.78","8.08M","0.92%"
"06/28/2022","68.58","70.57","71.07","68.53","7.25M","-2.60%"
"06/27/2022","70.41","69.37","70.85","68.94","8.84M","-0.41%"
"06/24/2022","70.70","68.33","70.78","67.97","20.13M","4.54%"
"06/23/2022","67.63","66.45","67.87","66.31","8.78M","1.65%"
"06/22/2022","66.53","66.93","67.57","66.38","8.22M","-1.70%"
"06/21/2022","67.68","68.61","69.53","67.39","10.05M","-0.06%"
"06/17/2022","67.72","68.75","69.37","67.39","16.45M","-1.44%"
"06/16/2022","68.71","68.50","68.96","67.58","10.69M","-1.42%"
"06/15/2022","69.70","70.45","71.42","68.67","11.77M","-1.44%"
"06/14/2022","70.72","72.00","72.43","69.02","29.66M","10.41%"
"06/13/2022","64.05","65.78","66.10","63.76","16.55M","-4.60%"
"06/10/2022","67.14","67.98","68.21","66.96","10.26M","-3.00%"
"06/09/2022","69.22","70.77","71.16","69.20","6.83M","-3.03%"
"06/08/2022","71.38","72.01","72.15","70.94","5.25M","-1.80%"
"06/07/2022","72.69","71.59","73.13","71.59","5.68M","-0.38%"
"06/06/2022","72.97","72.63","74.84","72.63","5.27M","1.64%"
"06/03/2022","71.79","72.56","72.95","71.23","8.17M","-1.85%"
"06/02/2022","73.14","71.48","73.19","71.01","6.20M","2.15%"
"06/01/2022","71.60","73.02","73.27","71.15","5.80M","-0.44%"
"05/31/2022","71.92","72.23","72.98","71.52","16.89M","-1.18%"
"05/27/2022","72.78","72.36","72.84","71.55","6.57M","1.56%"
"05/26/2022","71.66","70.13","72.12","69.91","6.76M","2.62%"
"05/25/2022","69.83","68.88","70.22","68.77","7.10M","1.16%"
"05/24/2022","69.03","69.67","70.53","68.31","6.64M","-1.44%"
"05/23/2022","70.04","69.31","70.47","68.67","7.37M","2.05%"
"05/20/2022","68.63","67.88","68.69","66.85","7.53M","2.37%"
"05/19/2022","67.04","67.48","67.90","66.72","9.45M","-1.84%"
"05/18/2022","68.30","70.80","70.94","67.81","7.98M","-4.98%"
"05/17/2022","71.88","71.05","71.90","70.70","5.95M","3.11%"
"05/16/2022","69.71","70.69","70.91","69.39","6.94M","-2.05%"
"05/13/2022","71.17","70.96","71.98","70.53","6.70M","0.62%"
"05/12/2022","70.73","70.88","70.93","68.97","11.70M","-0.42%"
"05/11/2022","71.03","72.31","73.46","70.87","6.93M","-2.07%"
"05/10/2022","72.53","72.50","73.62","71.27","8.13M","1.38%"
"05/09/2022","71.54","71.64","72.59","71.17","7.02M","-1.31%"
"05/06/2022","72.49","72.13","72.94","71.63","6.22M","-0.43%"
"05/05/2022","72.80","74.00","74.72","71.99","7.20M","-3.20%"
"05/04/2022","75.21","73.38","75.35","72.79","6.76M","2.62%"
"05/03/2022","73.29","73.85","74.21","72.81","5.21M","-0.96%"
"05/02/2022","74.00","73.93","74.60","72.53","7.38M","0.82%"
"04/29/2022","73.40","75.34","75.87","73.15","7.95M","-3.60%"
"04/28/2022","76.14","75.52","76.63","74.60","6.18M","1.85%"
"04/27/2022","74.76","74.58","76.02","74.42","7.28M","0.34%"
"04/26/2022","74.51","76.35","76.65","74.48","7.56M","-3.21%"
"04/25/2022","76.98","76.20","77.06","74.70","7.31M","1.01%"
"04/22/2022","76.21","79.27","79.70","76.16","9.36M","-4.11%"
"04/21/2022","79.48","81.49","81.60","79.33","5.62M","-1.01%"
"04/20/2022","80.29","79.79","81.86","79.79","9.47M","0.92%"
"04/19/2022","79.56","78.25","79.78","78.24","5.41M","1.71%"
"04/18/2022","78.22","79.15","79.98","77.91","4.96M","-1.55%"
"04/14/2022","79.45","79.83","80.36","79.32","5.59M","-0.38%"
"04/13/2022","79.75","79.26","79.96","78.63","4.73M","0.53%"
"04/12/2022","79.33","79.95","80.99","79.02","6.17M","-0.54%"
"04/11/2022","79.76","80.63","81.13","79.70","5.74M","-1.46%"
"04/08/2022","80.94","81.71","81.83","80.26","6.18M","-0.74%"
"04/07/2022","81.54","81.25","82.01","80.78","7.11M","-0.71%"
"04/06/2022","82.12","81.92","82.47","81.37","5.49M","-0.99%"
"04/05/2022","82.94","83.40","84.52","82.67","5.14M","-1.34%"
"04/04/2022","84.07","82.25","84.30","82.00","7.88M","2.51%"
"04/01/2022","82.01","83.04","83.36","81.47","6.15M","-0.87%"
"03/31/2022","82.73","83.11","83.91","82.59","9.43M","-0.76%"
"03/30/2022","83.36","83.96","84.36","83.12","5.53M","-1.10%"
"03/29/2022","84.29","84.49","84.51","83.11","5.76M","0.83%"
"03/28/2022","83.60","81.74","83.71","81.74","6.63M","2.29%"
"03/25/2022","81.73","82.04","82.84","81.23","5.69M","-0.62%"
"03/24/2022","82.24","80.65","82.81","80.49","7.03M","2.30%"
"03/23/2022","80.39","81.25","81.41","80.22","7.45M","-1.72%"
"03/22/2022","81.80","81.46","82.23","80.83","9.29M","1.04%"
"03/21/2022","80.96","81.28","81.98","80.27","8.13M","-0.88%"
"03/18/2022","81.68","79.63","81.99","78.84","24.18M","1.34%"
"03/17/2022","80.60","79.78","81.29","79.26","10.46M","0.80%"
"03/16/2022","79.96","81.00","81.23","77.75","14.07M","-0.79%"
"03/15/2022","80.60","78.05","81.54","77.07","16.85M","4.58%"
"03/14/2022","77.07","77.92","78.60","75.44","13.31M","-0.96%"
"03/11/2022","77.82","76.70","79.90","74.00","22.80M","1.53%"
"03/10/2022","76.65","75.10","76.85","75.03","13.81M","0.72%"
"03/09/2022","76.10","74.92","76.95","74.69","8.96M","3.78%"
"03/08/2022","73.33","73.84","75.23","73.11","9.13M","-1.33%"
"03/07/2022","74.32","76.29","76.39","73.44","11.11M","-2.84%"
"03/04/2022","76.49","77.67","77.91","75.78","8.84M","-2.25%"
"03/03/2022","78.25","78.96","79.04","77.43","8.20M","-0.04%"
"03/02/2022","78.28","76.45","78.86","76.25","8.53M","2.99%"
"03/01/2022","76.01","75.98","76.50","75.62","8.75M","0.05%"
"02/28/2022","75.97","75.57","76.70","75.02","9.23M","-0.50%"
"02/25/2022","76.35","74.65","76.83","74.32","8.29M","2.06%"
"02/24/2022","74.81","70.94","74.94","70.23","11.24M","3.23%"
"02/23/2022","72.47","74.07","74.38","72.35","6.81M","-2.23%"
"02/22/2022","74.12","73.82","74.91","73.62","8.04M","-0.60%"
"02/18/2022","74.57","75.50","75.73","74.28","7.79M","-1.27%"
"02/17/2022","75.53","78.76","78.98","75.33","9.25M","-4.62%"
"02/16/2022","79.19","79.47","79.78","78.22","6.23M","-0.73%"
"02/15/2022","79.77","79.39","79.92","79.21","5.71M","1.04%"
"02/14/2022","78.95","79.58","79.73","78.44","5.39M","-1.00%"
"02/11/2022","79.75","81.84","82.43","79.53","7.67M","-2.57%"
"02/10/2022","81.85","82.75","83.78","81.62","6.34M","-1.92%"
"02/09/2022","83.45","81.75","83.65","81.65","8.76M","3.29%"
"02/08/2022","80.79","80.29","80.86","79.80","6.59M","0.06%"
"02/07/2022","80.74","82.14","82.25","80.66","6.29M","-1.67%"
"02/04/2022","82.11","82.03","82.91","81.47","5.57M","0.21%"
"02/03/2022","81.94","81.63","82.76","81.63","8.21M","-0.68%"
"02/02/2022","82.50","81.16","82.88","80.84","9.29M","1.80%"
"02/01/2022","81.04","81.40","81.40","79.64","8.02M","-0.15%"
"01/31/2022","81.16","80.49","81.64","80.12","10.59M","0.84%"
"01/28/2022","80.48","79.99","80.50","78.57","7.85M","0.88%"
"01/27/2022","79.78","80.11","81.15","79.20","10.33M","0.24%"
"01/26/2022","79.59","81.91","82.03","79.28","13.97M","-1.83%"
"01/25/2022","81.07","81.33","82.10","80.20","13.47M","-1.64%"
"01/24/2022","82.42","81.22","82.42","79.59","16.77M","0.24%"
"01/21/2022","82.22","83.36","83.39","82.03","11.61M","-0.60%"
"01/20/2022","82.72","83.92","85.00","82.52","10.84M","-0.79%"
"01/19/2022","83.38","85.77","86.69","83.23","10.50M","-2.54%"
"01/18/2022","85.55","86.87","86.97","85.34","6.83M","-2.44%"
"01/14/2022","87.69","87.48","88.10","86.66","6.05M","-0.11%"
"01/13/2022","87.79","88.73","88.92","87.55","6.04M","-0.59%"
"01/12/2022","88.31","88.89","89.52","87.67","5.84M","-0.19%"
"01/11/2022","88.48","88.64","89.00","87.41","7.25M","-0.90%"
"01/10/2022","89.28","87.38","89.38","86.95","11.03M","2.02%"
"01/07/2022","87.51","86.45","88.00","86.28","9.84M","1.36%"
"01/06/2022","86.34","86.00","87.42","85.55","7.92M","-0.14%"
"01/05/2022","86.46","88.49","88.60","86.22","11.24M","-2.68%"
"01/04/2022","88.84","87.90","89.58","87.73","11.96M","1.07%"
"01/03/2022","87.90","87.33","87.94","85.76","10.65M","0.79%"
"12/31/2021","87.21","88.05","88.10","87.18","5.91M","-0.91%"
"12/30/2021","88.01","88.65","88.91","87.77","7.38M","-0.23%"
"12/29/2021","88.21","88.50","89.19","87.72","5.63M","-0.50%"
"12/28/2021","88.65","89.70","89.80","88.52","5.61M","-0.99%"
"12/27/2021","89.54","89.70","90.33","89.02","7.67M","-0.20%"
"12/23/2021","89.72","90.03","90.36","89.06","9.66M","-0.16%"
"12/22/2021","89.86","91.27","91.86","89.51","10.54M","-1.80%"
"12/21/2021","91.51","91.81","91.84","89.71","15.82M","-0.14%"
"12/20/2021","91.64","96.42","96.42","91.52","17.21M","-5.15%"
"12/17/2021","96.62","97.69","99.95","95.81","28.96M","-6.39%"
"12/16/2021","103.22","103.95","104.00","102.28","9.05M","-0.41%"
"12/15/2021","103.65","100.58","103.76","100.24","14.45M","3.76%"
"12/14/2021","99.89","100.00","101.46","99.39","9.51M","-0.99%"
"12/13/2021","100.89","102.44","104.36","100.52","16.32M","-1.70%"
"12/10/2021","102.63","104.29","106.34","100.10","45.82M","15.61%"
"12/09/2021","88.77","89.12","89.99","88.24","8.62M","-0.19%"
"12/08/2021","88.94","90.05","90.17","87.91","7.70M","-1.23%"
"12/07/2021","90.05","89.98","90.73","89.21","6.80M","1.25%"
"12/06/2021","88.94","88.34","89.17","87.85","8.40M","0.79%"
"12/03/2021","88.24","90.35","90.79","87.72","10.81M","-1.94%"
"12/02/2021","89.99","89.40","91.04","89.00","7.09M","0.27%"
"12/01/2021","89.75","91.69","92.39","89.66","12.09M","-1.09%"
"11/30/2021","90.74","93.02","93.52","90.61","23.27M","-2.37%"
"11/29/2021","92.94","93.17","94.13","92.86","9.55M","0.66%"
"11/26/2021","92.33","92.89","94.08","92.07","4.52M","-1.34%"
"11/24/2021","93.58","92.23","93.70","92.15","10.91M","0.69%"
"11/23/2021","92.94","94.16","94.29","92.26","8.91M","-1.77%"
"11/22/2021","94.61","93.73","95.67","93.41","6.49M","0.68%"
"11/19/2021","93.97","94.81","96.96","93.94","8.94M","-0.73%"
"11/18/2021","94.66","95.15","95.33","93.50","5.73M","-0.70%"
"11/17/2021","95.33","95.76","96.14","94.82","6.26M","-0.29%"
"11/16/2021","95.61","94.14","96.37","94.02","7.39M","1.69%"
"11/15/2021","94.02","93.82","94.25","92.92","5.70M","0.51%"
"11/12/2021","93.54","94.29","94.47","93.43","6.44M","-0.53%"
"11/11/2021","94.04","94.11","94.76","93.80","3.62M","0.22%"
"11/10/2021","93.83","94.10","94.85","93.36","5.83M","-0.80%"
"11/09/2021","94.59","95.11","95.61","94.06","6.10M","-0.58%"
"11/08/2021","95.14","95.25","95.25","94.31","5.06M","0.20%"
"11/05/2021","94.95","96.20","96.55","94.10","6.16M","-0.71%"
"11/04/2021","95.63","96.23","96.61","95.32","5.86M","-0.54%"
"11/03/2021","96.15","96.50","96.87","94.75","5.75M","0.29%"
"11/02/2021","95.87","93.73","95.92","93.50","6.23M","1.58%"
"11/01/2021","94.38","96.00","96.03","93.91","7.33M","-1.63%"
"10/29/2021","95.94","95.79","96.97","95.46","7.58M","-0.30%"
"10/28/2021","96.23","96.65","97.70","95.93","5.18M","0.21%"
"10/27/2021","96.03","96.81","97.30","96.00","5.94M","-0.98%"
"10/26/2021","96.98","98.30","98.56","96.94","7.09M","-0.93%"
"10/25/2021","97.89","98.44","98.95","97.55","5.08M","-0.37%"
"10/22/2021","98.25","96.29","98.27","96.22","6.82M","2.02%"
"10/21/2021","96.30","96.57","96.83","95.71","6.22M","-0.35%"
"10/20/2021","96.64","97.27","97.97","96.25","6.57M","-0.43%"
"10/19/2021","97.06","97.00","97.28","96.32","5.62M","0.57%"
"10/18/2021","96.51","95.50","96.65","95.10","7.34M","1.24%"
"10/15/2021","95.33","95.09","96.04","94.73","7.42M","0.05%"
"10/14/2021","95.28","96.80","97.35","94.37","7.91M","-1.16%"
"10/13/2021","96.40","96.10","96.99","95.95","9.46M","0.87%"
"10/12/2021","95.57","95.83","96.52","95.26","9.96M","0.29%"
"10/11/2021","95.29","94.29","96.80","94.20","12.96M","0.95%"
"10/08/2021","94.39","92.38","95.02","92.11","13.20M","2.25%"
"10/07/2021","92.31","91.71","92.88","91.65","9.12M","1.06%"
"10/06/2021","91.34","90.42","91.50","89.65","10.27M","-0.16%"
"10/05/2021","91.49","89.35","91.97","89.17","9.79M","2.50%"
"10/04/2021","89.26","89.48","90.43","88.96","10.85M","-0.53%"
"10/01/2021","89.74","87.76","90.27","87.59","13.32M","3.00%"
"09/30/2021","87.13","91.25","91.58","87.12","15.65M","-4.52%"
"09/29/2021","91.25","91.15","92.08","91.00","12.01M","0.84%"
"09/28/2021","90.49","90.64","92.27","90.05","15.04M","-0.60%"
"09/27/2021","91.04","89.78","91.31","89.15","11.53M","1.22%"
"09/24/2021","89.94","89.27","90.06","88.94","7.62M","0.58%"
"09/23/2021","89.42","88.94","90.06","88.66","9.72M","1.11%"
"09/22/2021","88.44","87.61","89.00","87.24","9.91M","1.75%"
"09/21/2021","86.92","86.74","87.66","86.12","11.12M","0.87%"
"09/20/2021","86.17","85.03","87.41","84.93","13.90M","-0.25%"
"09/17/2021","86.39","86.20","87.57","85.95","58.07M","-0.99%"
"09/16/2021","87.25","87.67","87.97","86.19","12.41M","-0.55%"
"09/15/2021","87.73","86.55","88.36","86.17","14.95M","1.55%"
"09/14/2021","86.39","86.19","86.95","84.73","22.71M","-2.81%"
"09/13/2021","88.89","90.12","90.51","88.23","18.88M","-0.88%"
"09/10/2021","89.68","89.65","90.55","89.51","10.55M","0.16%"
"09/09/2021","89.54","89.60","90.83","89.41","11.03M","0.08%"
"09/08/2021","89.47","88.14","89.60","87.97","8.85M","0.85%"
"09/07/2021","88.72","90.04","90.67","88.54","11.05M","-1.42%"
"09/03/2021","90.00","89.34","90.48","89.30","8.46M","0.22%"
"09/02/2021","89.80","90.17","90.50","89.41","7.72M","-0.17%"
"09/01/2021","89.95","89.26","90.17","88.87","8.21M","0.92%"
"08/31/2021","89.13","89.45","89.50","88.49","8.11M","-0.36%"
"08/30/2021","89.45","89.46","89.98","89.30","5.36M","0.11%"
"08/27/2021","89.35","88.79","89.52","88.61","5.43M","0.71%"
"08/26/2021","88.72","88.81","89.18","88.46","9.09M","0.11%"
"08/25/2021","88.62","88.55","88.90","88.05","5.75M","0.08%"
"08/24/2021","88.55","89.21","89.65","88.47","6.32M","-0.64%"
"08/23/2021","89.12","89.49","89.57","88.71","7.15M","0.20%"
"08/20/2021","88.94","88.80","89.40","88.30","8.72M","0.26%"
"08/19/2021","88.71","88.29","89.39","88.23","8.10M","-0.26%"
"08/18/2021","88.94","90.49","91.05","88.86","7.67M","-2.21%"
"08/17/2021","90.95","90.99","91.78","90.37","6.74M","0.14%"
"08/16/2021","90.82","89.86","90.84","89.54","7.12M","0.49%"
"08/13/2021","90.38","90.62","91.34","89.95","6.64M","0.63%"
"08/12/2021","89.81","89.11","89.98","88.67","5.69M","0.20%"
"08/11/2021","89.63","89.90","90.42","89.51","8.01M","-0.01%"
"08/10/2021","89.64","89.10","90.11","88.93","5.47M","-0.29%"
"08/09/2021","89.90","89.46","90.47","89.10","5.80M","0.42%"
"08/06/2021","89.52","89.24","89.88","88.82","6.51M","0.10%"
"08/05/2021","89.43","90.18","90.52","88.75","8.23M","-0.69%"
"08/04/2021","90.05","89.79","90.09","89.28","7.51M","0.35%"
"08/03/2021","89.74","87.88","90.17","87.81","9.89M","2.44%"
"08/02/2021","87.60","87.73","87.93","87.09","5.58M","0.53%"
"07/30/2021","87.14","87.41","88.15","86.87","7.96M","-0.56%"
"07/29/2021","87.63","87.68","88.26","87.33","6.20M","0.52%"
"07/28/2021","87.18","87.90","87.94","87.12","6.40M","-0.71%"
"07/27/2021","87.80","87.76","88.60","87.12","8.47M","-0.07%"
"07/26/2021","87.86","87.44","88.10","86.67","10.45M","0.19%"
"07/23/2021","87.69","90.99","91.20","87.11","12.68M","-3.31%"
"07/22/2021","90.69","90.00","91.14","89.68","13.64M","1.11%"
"07/21/2021","89.69","88.89","90.25","88.45","13.11M","1.16%"
"07/20/2021","88.66","87.10","89.05","87.02","12.81M","1.93%"
"07/19/2021","86.98","86.91","87.87","86.19","15.62M","-0.58%"
"07/16/2021","87.49","86.75","88.47","86.52","14.62M","1.45%"
"07/15/2021","86.24","88.10","88.77","85.51","18.31M","-2.31%"
"07/14/2021","88.28","87.08","88.67","86.66","13.33M","1.39%"
"07/13/2021","87.07","86.70","87.93","86.53","12.79M","-0.01%"
"07/12/2021","87.08","87.53","88.85","86.97","16.08M","-0.77%"
"07/09/2021","87.76","85.88","88.40","85.78","15.69M","2.54%"
"07/08/2021","85.59","85.02","86.89","84.66","16.38M","-0.58%"
"07/07/2021","86.09","83.17","87.17","82.96","20.98M","3.62%"
"07/06/2021","83.08","81.60","83.63","81.36","14.20M","1.54%"
"07/02/2021","81.82","79.45","82.26","79.35","15.26M","2.87%"
"07/01/2021","79.54","77.98","79.62","77.91","13.11M","2.18%"
"06/30/2021","77.84","77.59","78.21","77.58","7.90M","-0.33%"
"06/29/2021","78.10","78.54","78.59","77.82","5.39M","-0.51%"
"06/28/2021","78.50","78.49","78.97","78.33","5.61M","0.05%"
"06/25/2021","78.46","78.03","78.61","77.56","12.85M","0.93%"
"06/24/2021","77.74","78.65","78.96","77.61","9.62M","-0.46%"
"06/23/2021","78.10","78.76","78.87","78.06","7.30M","-0.74%"
"06/22/2021","78.68","78.06","79.19","77.66","9.85M","0.88%"
"06/21/2021","77.99","76.61","78.10","76.55","8.92M","2.31%"
"06/18/2021","76.23","76.90","76.91","75.97","22.52M","-1.71%"
"06/17/2021","77.56","76.99","77.74","76.56","14.84M","0.62%"
"06/16/2021","77.08","77.99","78.55","75.90","36.56M","-5.59%"
"06/15/2021","81.64","82.00","82.51","81.35","17.30M","-1.19%"
"06/14/2021","82.62","83.00","83.10","82.13","10.17M","-0.34%"
"06/11/2021","82.90","81.98","83.24","81.84","11.07M","0.73%"
"06/10/2021","82.30","84.16","84.46","81.71","16.68M","-2.63%"
"06/09/2021","84.52","84.60","84.83","84.03","9.72M","-0.11%"
"06/08/2021","84.61","84.03","85.03","84.00","10.73M","0.80%"
"06/07/2021","83.94","82.94","84.25","82.85","10.45M","1.27%"
"06/04/2021","82.89","81.42","83.96","81.37","14.50M","2.22%"
"06/03/2021","81.09","79.80","81.46","79.65","12.04M","1.02%"
"06/02/2021","80.27","79.70","80.93","79.51","12.25M","0.88%"
"06/01/2021","79.57","79.58","79.83","78.48","10.49M","1.05%"
"05/28/2021","78.74","78.95","79.36","78.67","6.93M","-0.30%"
"05/27/2021","78.98","79.50","80.05","78.84","12.87M","-0.35%"
"05/26/2021","79.26","78.59","79.37","78.55","12.85M","0.55%"
"05/25/2021","78.83","79.61","79.68","78.65","7.16M","-0.69%"
"05/24/2021","79.38","79.49","79.88","79.14","7.04M","0.44%"
"05/21/2021","79.03","79.19","79.85","78.98","8.63M","0.39%"
"05/20/2021","78.72","78.95","79.32","78.68","8.80M","-0.03%"
"05/19/2021","78.74","77.81","78.77","77.55","8.17M","0.06%"
"05/18/2021","78.69","78.99","79.47","78.39","6.64M","-0.49%"
"05/17/2021","79.08","78.88","79.53","78.85","6.64M","0.24%"
"05/14/2021","78.89","78.12","79.05","78.12","9.03M","0.96%"
"05/13/2021","78.14","77.53","78.44","76.88","11.40M","1.81%"
"05/12/2021","76.75","77.57","78.19","76.53","12.30M","-1.21%"
"05/11/2021","77.69","79.75","79.90","77.25","12.98M","-3.07%"
"05/10/2021","80.15","78.77","80.72","78.60","17.36M","-0.31%"
"05/07/2021","80.40","79.81","80.54","78.58","14.07M","0.83%"
"05/06/2021","79.74","79.18","79.96","78.56","14.09M","0.69%"
"05/05/2021","79.19","78.97","79.83","78.42","12.27M","0.84%"
"05/04/2021","78.53","77.07","78.70","76.93","15.32M","1.55%"
"05/03/2021","77.33","76.28","77.48","76.08","15.32M","2.03%"
"04/30/2021","75.79","75.56","75.92","75.19","7.83M","-0.11%"
"04/29/2021","75.87","75.38","75.90","74.64","7.94M","1.47%"
"04/28/2021","74.77","75.16","75.27","74.66","6.11M","-0.60%"
"04/27/2021","75.22","74.39","75.42","74.22","9.30M","0.97%"
"04/26/2021","74.50","74.97","75.04","74.20","9.40M","-0.63%"
"04/23/2021","74.97","74.29","75.00","73.85","10.67M","0.13%"
"04/22/2021","74.87","76.11","76.48","74.75","16.77M","-2.33%"
"04/21/2021","76.66","78.79","79.34","76.53","18.67M","-3.26%"
"04/20/2021","79.24","78.70","79.42","78.65","12.56M","0.62%"
"04/19/2021","78.75","78.81","80.21","78.34","19.97M","-0.25%"
"04/16/2021","78.95","78.31","79.34","77.86","13.33M","0.84%"
"04/15/2021","78.29","77.00","78.55","76.83","13.60M","1.91%"
"04/14/2021","76.82","77.04","77.36","76.51","12.73M","0.20%"
"04/13/2021","76.67","76.16","77.01","75.90","13.14M","0.72%"
"04/12/2021","76.12","75.25","76.19","75.20","10.63M","0.71%"
"04/09/2021","75.58","75.35","75.69","74.90","13.29M","0.40%"
"04/08/2021","75.28","74.27","75.53","74.15","13.51M","1.63%"
"04/07/2021","74.07","73.60","74.18","73.45","12.36M","-0.28%"
"04/06/2021","74.28","73.62","74.65","73.16","14.70M","0.16%"
"04/05/2021","74.16","72.19","74.89","72.06","25.01M","3.27%"
"04/01/2021","71.81","70.46","71.83","70.33","13.23M","2.34%"
"03/31/2021","70.17","70.70","71.10","69.91","9.97M","-0.54%"
"03/30/2021","70.55","70.83","71.05","69.95","12.00M","-0.82%"
"03/29/2021","71.13","70.21","72.33","70.17","15.18M","1.25%"
"03/26/2021","70.25","68.57","70.37","68.28","12.62M","2.36%"
"03/25/2021","68.63","66.96","68.73","66.76","14.84M","2.69%"
"03/24/2021","66.83","67.11","67.41","66.74","11.39M","-0.65%"
"03/23/2021","67.27","66.33","67.94","66.33","12.39M","1.43%"
"03/22/2021","66.32","66.22","66.52","65.86","10.26M","0.09%"
"03/19/2021","66.26","66.79","66.83","65.95","30.96M","-0.72%"
"03/18/2021","66.74","66.47","67.00","66.09","13.75M","0.79%"
"03/17/2021","66.22","66.80","66.85","66.16","11.89M","-0.94%"
"03/16/2021","66.85","68.00","68.07","66.68","14.51M","-1.30%"
"03/15/2021","67.73","66.95","67.78","66.90","8.92M","0.85%"
"03/12/2021","67.16","66.96","67.87","66.45","11.61M","-0.37%"
"03/11/2021","67.41","67.65","68.10","65.43","38.10M","-6.53%"
"03/10/2021","72.12","73.50","73.62","71.50","21.38M","-0.72%"
"03/09/2021","72.64","72.40","73.22","72.00","17.30M","0.67%"
"03/08/2021","72.16","70.47","72.94","70.10","23.30M","3.13%"
"03/05/2021","69.97","67.31","71.72","67.31","34.21M","6.65%"
"03/04/2021","65.61","66.67","67.31","65.31","19.95M","-1.94%"
"03/03/2021","66.91","66.25","67.54","66.20","15.83M","0.38%"
"03/02/2021","66.66","66.15","67.42","66.00","13.28M","0.74%"
"03/01/2021","66.17","64.95","66.73","64.77","11.76M","2.57%"
"02/26/2021","64.51","65.54","66.28","64.50","20.51M","-1.21%"
"02/25/2021","65.30","64.64","66.36","64.58","15.36M","0.93%"
"02/24/2021","64.70","64.49","65.15","64.08","10.61M","0.31%"
"02/23/2021","64.50","64.42","65.22","64.05","18.18M","0.08%"
"02/22/2021","64.45","62.85","64.97","62.28","20.94M","5.43%"
"02/19/2021","61.13","62.26","62.36","61.08","10.91M","-1.51%"
"02/18/2021","62.07","61.81","62.20","61.66","6.26M","-0.03%"
"02/17/2021","62.09","61.83","62.15","61.36","6.25M","-0.08%"
"02/16/2021","62.14","63.11","63.26","62.10","7.53M","-1.49%"
"02/12/2021","63.08","62.32","63.12","62.31","6.66M","0.61%"
"02/11/2021","62.70","63.56","63.97","62.28","7.69M","-0.90%"
"02/10/2021","63.27","63.84","63.90","62.93","9.58M","-0.63%"
"02/09/2021","63.67","63.08","63.84","62.91","5.44M","0.89%"
"02/08/2021","63.11","63.79","63.87","62.84","7.00M","-0.77%"
"02/05/2021","63.60","63.50","64.06","63.28","9.17M","0.39%"
"02/04/2021","63.35","62.48","63.39","62.25","9.93M","1.90%"
"02/03/2021","62.17","62.18","62.75","61.98","9.93M","-0.32%"
"02/02/2021","62.37","61.88","62.92","61.80","10.53M","1.40%"
"02/01/2021","61.51","60.92","62.01","60.74","10.55M","1.79%"
"01/29/2021","60.43","61.16","61.50","60.20","11.45M","-1.29%"
"01/28/2021","61.22","62.55","63.24","61.17","11.17M","-2.13%"
"01/27/2021","62.55","61.40","63.18","61.37","14.79M","1.21%"
"01/26/2021","61.80","61.06","62.04","60.84","8.19M","1.48%"
"01/25/2021","60.90","60.38","60.95","59.77","8.52M","0.89%"
"01/22/2021","60.36","60.94","61.15","59.74","9.90M","-1.39%"
"01/21/2021","61.21","61.65","61.85","60.92","6.95M","-0.57%"
"01/20/2021","61.56","61.37","62.02","61.15","7.03M","0.44%"
"01/19/2021","61.29","62.10","62.29","61.10","8.90M","-0.79%"
"01/15/2021","61.78","61.60","61.99","61.21","7.53M","0.29%"
"01/14/2021","61.60","62.07","62.17","61.51","10.26M","-0.74%"
"01/13/2021","62.06","62.32","62.59","61.97","8.30M","-0.58%"
"01/12/2021","62.42","63.00","63.02","62.18","7.76M","-0.97%"
"01/11/2021","63.03","62.95","63.56","62.84","6.29M","-0.55%"
"01/08/2021","63.38","63.18","63.54","62.91","7.75M","0.49%"
"01/07/2021","63.07","62.85","63.74","62.85","7.38M","0.80%"
"01/06/2021","62.57","62.27","63.35","61.91","8.69M","-0.62%"
"01/05/2021","62.96","63.68","63.79","62.48","11.01M","-1.24%"
"01/04/2021","63.75","64.69","64.70","63.17","11.25M","-1.45%"
"12/31/2020","64.69","64.34","64.77","64.01","6.93M","0.45%"
"12/30/2020","64.40","64.80","64.91","64.34","6.19M","-0.09%"
"12/29/2020","64.46","65.25","65.27","64.22","7.77M","-0.63%"
"12/28/2020","64.87","65.41","65.69","64.75","6.46M","-0.14%"
"12/24/2020","64.96","65.05","65.59","64.78","3.80M","-0.52%"
"12/23/2020","65.30","65.26","66.20","65.15","13.08M","0.23%"
"12/22/2020","65.15","64.56","66.00","64.43","17.15M","1.04%"
"12/21/2020","64.48","63.89","65.19","63.88","18.21M","-0.89%"
"12/18/2020","65.06","63.48","65.33","63.43","33.73M","2.28%"
"12/17/2020","63.61","62.99","64.05","62.73","15.32M","1.32%"
"12/16/2020","62.78","61.87","63.19","61.85","16.12M","1.49%"
"12/15/2020","61.86","61.09","62.19","60.90","15.51M","1.81%"
"12/14/2020","60.76","60.83","61.66","60.69","16.19M","0.25%"
"12/11/2020","60.61","60.94","61.00","59.42","16.21M","1.90%"
"12/10/2020","59.48","59.51","59.81","59.04","14.22M","-0.42%"
"12/09/2020","59.73","58.89","59.91","58.80","12.20M","1.19%"
"12/08/2020","59.03","58.99","59.71","58.22","15.24M","-1.29%"
"12/07/2020","59.80","59.96","60.20","59.63","14.92M","-0.27%"
"12/04/2020","59.96","59.31","60.55","59.27","10.87M","1.16%"
"12/03/2020","59.27","59.22","59.98","59.06","9.78M","0.32%"
"12/02/2020","59.08","58.29","59.27","58.14","9.33M","0.58%"
"12/01/2020","58.74","58.20","59.28","58.01","11.86M","1.77%"
"11/30/2020","57.72","57.61","58.20","57.20","26.68M","-0.07%"
"11/27/2020","57.76","57.40","57.87","57.15","5.63M","0.61%"
"11/25/2020","57.41","57.72","57.76","57.26","6.85M","-0.28%"
"11/24/2020","57.57","56.60","57.90","56.36","10.43M","2.66%"
"11/23/2020","56.08","55.85","56.57","55.77","8.24M","0.68%"
"11/20/2020","55.70","56.36","56.44","55.68","8.40M","-1.33%"
"11/19/2020","56.45","56.09","56.48","55.56","9.64M","0.36%"
"11/18/2020","56.25","57.12","57.29","56.24","9.00M","-1.52%"
"11/17/2020","57.12","57.00","57.39","56.81","5.57M","-0.05%"
"11/16/2020","57.15","57.02","57.61","56.88","6.31M","0.42%"
"11/13/2020","56.91","56.88","57.09","56.55","5.87M","0.81%"
"11/12/2020","56.45","57.26","57.49","56.10","7.33M","-1.31%"
"11/11/2020","57.20","57.06","57.63","56.80","7.72M","0.94%"
"11/10/2020","56.67","56.91","57.24","56.20","9.02M","-0.30%"
"11/09/2020","56.84","58.19","59.08","56.77","11.49M","0.07%"
"11/06/2020","56.80","56.77","56.98","56.15","7.51M","0.25%"
"11/05/2020","56.66","57.46","57.65","56.41","9.02M","0.30%"
"11/04/2020","56.49","58.00","58.09","56.35","12.05M","-0.55%"
"11/03/2020","56.80","57.00","57.50","56.56","8.91M","0.62%"
"11/02/2020","56.45","56.44","57.47","56.12","11.41M","0.61%"
"10/30/2020","56.11","55.75","56.63","55.45","12.60M","0.16%"
"10/29/2020","56.02","55.20","56.76","55.14","13.57M","0.77%"
"10/28/2020","55.59","56.27","56.60","55.53","13.91M","-2.61%"
"10/27/2020","57.08","57.64","57.98","57.02","10.81M","-0.71%"
"10/26/2020","57.49","58.10","58.48","56.52","18.88M","-4.02%"
"10/23/2020","59.90","59.90","60.16","59.71","9.74M","0.35%"
"10/22/2020","59.69","59.44","59.87","58.69","11.90M","0.03%"
"10/21/2020","59.67","59.34","60.12","59.22","10.11M","-0.13%"
"10/20/2020","59.75","59.92","60.33","59.63","9.24M","0.22%"
"10/19/2020","59.62","60.39","60.75","59.39","8.31M","-1.11%"
"10/16/2020","60.29","60.71","61.11","60.26","6.07M","-0.38%"
"10/15/2020","60.52","60.27","60.74","60.08","6.25M","-0.72%"
"10/14/2020","60.96","61.35","61.52","60.85","6.65M","-0.02%"
"10/13/2020","60.97","61.57","61.78","60.88","8.90M","-0.80%"
"10/12/2020","61.46","61.24","61.83","61.07","8.27M","0.51%"
"10/09/2020","61.15","61.15","61.38","60.86","7.36M","0.43%"
"10/08/2020","60.89","60.79","61.30","60.63","7.20M","0.50%"
"10/07/2020","60.59","59.77","60.90","59.63","8.69M","1.81%"
"10/06/2020","59.51","59.51","60.53","59.41","9.74M","-0.08%"
"10/05/2020","59.56","59.44","59.67","59.09","6.90M","1.24%"
"10/02/2020","58.83","58.71","59.52","58.51","7.33M","-1.42%"
"10/01/2020","59.68","60.17","60.27","59.45","7.36M","-0.03%"
"09/30/2020","59.70","59.52","60.39","59.37","11.00M","0.39%"
"09/29/2020","59.47","59.58","60.16","59.40","6.39M","-0.18%"
"09/28/2020","59.58","60.03","60.54","59.47","9.36M","-0.37%"
"09/25/2020","59.80","59.27","59.99","58.96","9.37M","0.84%"
"09/24/2020","59.30","58.74","59.90","58.29","9.56M","0.58%"
"09/23/2020","58.96","60.11","60.49","58.90","15.51M","-2.74%"
"09/22/2020","60.62","60.38","60.75","59.46","13.31M","-0.33%"
"09/21/2020","60.82","62.46","62.60","60.03","32.56M","1.79%"
"09/18/2020","59.75","59.98","60.29","59.42","49.31M","-0.71%"
"09/17/2020","60.18","59.42","60.61","59.00","22.83M","-0.41%"
"09/16/2020","60.43","61.12","61.39","59.65","21.26M","-0.84%"
"09/15/2020","60.94","60.01","61.68","59.39","30.39M","2.49%"
"09/14/2020","59.46","60.86","61.50","59.35","50.11M","4.32%"
"09/11/2020","57.00","60.71","61.86","56.87","40.22M","-0.58%"
"09/10/2020","57.33","57.44","58.18","56.75","20.50M","0.67%"
"09/09/2020","56.95","56.16","57.40","55.86","13.99M","2.95%"
"09/08/2020","55.32","55.35","55.79","54.87","16.47M","-0.74%"
"09/04/2020","55.73","56.88","57.27","55.16","14.70M","-2.40%"
"09/03/2020","57.10","58.72","58.99","56.65","15.39M","-3.27%"
"09/02/2020","59.03","57.72","59.32","57.72","14.34M","2.38%"
"09/01/2020","57.66","57.37","58.01","57.08","10.17M","0.77%"
"08/31/2020","57.22","57.13","57.76","57.03","18.68M","-1.14%"
"08/28/2020","57.88","57.33","58.16","57.20","8.61M","1.22%"
"08/27/2020","57.18","57.45","58.45","56.58","15.83M","-0.54%"
"08/26/2020","57.49","56.34","57.49","56.06","11.60M","2.50%"
"08/25/2020","56.09","56.15","56.75","56.02","7.43M","0.14%"
"08/24/2020","56.01","55.76","56.10","55.44","7.89M","1.49%"
"08/21/2020","55.19","55.38","55.45","54.73","9.55M","-0.13%"
"08/20/2020","55.26","55.59","55.81","55.09","10.98M","-1.67%"
"08/19/2020","56.20","55.58","56.80","55.46","16.75M","1.85%"
"08/18/2020","55.18","55.62","56.92","54.87","21.10M","2.20%"
"08/17/2020","53.99","54.20","54.39","53.66","9.52M","-0.39%"
"08/14/2020","54.20","54.03","54.55","53.77","5.45M","0.33%"
"08/13/2020","54.02","53.91","54.20","53.68","8.26M","-0.28%"
"08/12/2020","54.17","54.52","54.70","53.97","9.07M","-0.18%"
"08/11/2020","54.27","55.24","55.46","54.13","8.08M","-1.22%"
"08/10/2020","54.94","55.24","55.62","54.88","10.05M","-0.53%"
"08/07/2020","55.23","55.01","55.24","54.76","8.77M","-0.09%"
"08/06/2020","55.28","55.49","55.60","54.94","8.17M","-0.40%"
"08/05/2020","55.50","56.32","56.32","55.38","6.63M","-0.89%"
"08/04/2020","56.00","55.78","56.01","55.53","6.36M","0.04%"
"08/03/2020","55.98","55.78","56.09","55.49","9.17M","0.96%"
"07/31/2020","55.45","55.18","55.47","54.33","9.35M","0.36%"
"07/30/2020","55.25","55.00","55.48","54.89","7.63M","-0.81%"
"07/29/2020","55.70","55.56","55.90","55.35","7.24M","0.63%"
"07/28/2020","55.35","55.25","55.73","55.20","13.03M","0.02%"
"07/27/2020","55.34","55.66","55.95","55.32","10.32M","-0.56%"
"07/24/2020","55.65","55.47","56.03","55.26","8.94M","-0.20%"
"07/23/2020","55.76","56.00","56.36","55.60","12.58M","-0.45%"
"07/22/2020","56.01","55.70","56.17","55.70","13.84M","0.18%"
"07/21/2020","55.91","55.80","56.34","55.58","11.88M","0.92%"
"07/20/2020","55.40","54.88","55.52","54.69","11.47M","0.91%"
"07/17/2020","54.90","56.08","56.12","54.76","14.35M","-1.65%"
"07/16/2020","55.82","56.42","56.49","55.58","8.78M","-1.41%"
"07/15/2020","56.62","57.42","57.84","56.38","10.57M","-1.01%"
"07/14/2020","57.20","56.67","57.29","56.48","15.51M","0.33%"
"07/13/2020","57.01","57.40","57.84","56.97","15.97M","-0.66%"
"07/10/2020","57.39","57.47","57.52","56.69","12.62M","-0.24%"
"07/09/2020","57.53","56.99","57.80","56.82","15.69M","1.54%"
"07/08/2020","56.66","56.63","56.68","55.99","12.58M","0.62%"
"07/07/2020","56.31","56.35","56.95","56.22","13.23M","-0.51%"
"07/06/2020","56.60","56.20","56.83","56.16","15.31M","1.18%"
"07/02/2020","55.94","55.79","56.42","55.65","15.48M","0.81%"
"07/01/2020","55.49","54.69","55.88","54.68","17.86M","0.40%"
"06/30/2020","55.27","54.80","55.44","54.49","18.89M","0.93%"
"06/29/2020","54.76","54.23","54.96","53.84","14.37M","1.07%"
"06/26/2020","54.18","54.35","54.59","53.63","17.97M","-0.64%"
"06/25/2020","54.53","54.40","54.59","53.54","16.01M","0.17%"
"06/24/2020","54.44","55.12","55.68","54.33","18.29M","-1.36%"
"06/23/2020","55.19","55.30","55.97","55.13","18.70M","0.13%"
"06/22/2020","55.12","54.09","55.38","53.88","16.71M","1.32%"
"06/19/2020","54.40","54.21","54.46","52.98","33.02M","1.32%"
"06/18/2020","53.69","51.60","53.99","51.32","19.26M","4.21%"
"06/17/2020","51.52","53.03","53.74","51.50","28.69M","-5.62%"
"06/16/2020","54.59","54.46","55.00","53.78","19.38M","2.52%"
"06/15/2020","53.25","50.96","53.43","50.91","16.04M","2.68%"
"06/12/2020","51.86","52.45","53.00","50.98","11.54M","1.07%"
"06/11/2020","51.31","53.25","53.56","51.23","12.81M","-5.17%"
"06/10/2020","54.11","54.50","54.66","53.90","7.44M","-0.13%"
"06/09/2020","54.18","55.00","55.06","53.88","8.85M","-1.67%"
"06/08/2020","55.10","53.35","55.12","53.28","11.52M","2.07%"
"06/05/2020","53.98","53.09","54.27","52.74","12.21M","2.14%"
"06/04/2020","52.85","53.23","53.69","52.63","9.70M","-1.20%"
"06/03/2020","53.49","53.33","53.62","52.98","9.19M","0.39%"
"06/02/2020","53.28","53.24","53.29","52.64","8.76M","0.41%"
"06/01/2020","53.06","53.28","53.38","52.79","7.36M","-1.32%"
"05/29/2020","53.77","53.62","53.94","52.99","14.74M","0.28%"
"05/28/2020","53.62","53.76","54.15","53.22","9.47M","0.79%"
"05/27/2020","53.20","53.00","53.25","52.57","9.23M","0.80%"
"05/26/2020","52.78","53.65","53.68","52.65","11.20M","0.30%"
"05/22/2020","52.62","52.34","52.64","52.08","7.21M","0.77%"
"05/21/2020","52.22","52.76","52.94","52.12","7.46M","-1.29%"
"05/20/2020","52.90","53.09","53.27","52.65","9.12M","1.07%"
"05/19/2020","52.34","53.18","53.25","52.32","9.81M","-1.52%"
"05/18/2020","53.15","53.91","53.95","53.07","9.90M","0.43%"
"05/15/2020","52.92","52.70","53.98","52.52","39.06M","0.02%"
"05/14/2020","52.91","51.14","53.02","50.86","13.79M","2.44%"
"05/13/2020","51.65","52.43","52.49","51.28","10.27M","-1.19%"
"05/12/2020","52.27","53.80","53.83","52.25","8.60M","-2.35%"
"05/11/2020","53.53","53.13","53.83","53.06","8.14M","-0.07%"
"05/08/2020","53.57","53.19","53.78","52.77","8.13M","1.84%"
"05/07/2020","52.60","52.40","52.92","52.27","7.16M","1.43%"
"05/06/2020","51.86","52.43","52.50","51.70","7.05M","-0.37%"
"05/05/2020","52.05","52.22","52.86","51.99","7.27M","0.58%"
"05/04/2020","51.75","51.71","51.79","51.10","7.57M","-0.08%"
"05/01/2020","51.79","52.38","52.44","51.31","8.70M","-2.23%"
"04/30/2020","52.97","53.47","53.59","52.80","11.81M","-1.69%"
"04/29/2020","53.88","53.95","54.28","53.69","9.06M","1.28%"
"04/28/2020","53.20","53.90","54.15","53.13","8.35M","-0.32%"
"04/27/2020","53.37","53.36","53.64","53.06","9.12M","0.68%"
"04/24/2020","53.01","52.41","53.05","51.95","9.40M","2.00%"
"04/23/2020","51.97","52.23","52.99","51.45","10.33M","-0.57%"
"04/22/2020","52.27","52.03","52.58","51.77","9.67M","1.87%"
"04/21/2020","51.31","53.23","53.34","51.12","14.11M","-4.82%"
"04/20/2020","53.91","54.05","54.58","53.80","10.36M","-1.30%"
"04/17/2020","54.62","54.52","54.72","53.97","13.61M","1.71%"
"04/16/2020","53.70","53.15","53.87","53.07","14.10M","1.02%"
"04/15/2020","53.16","53.21","53.45","52.81","10.40M","-1.56%"
"04/14/2020","54.00","53.71","54.10","53.45","11.67M","1.94%"
"04/13/2020","52.97","52.70","53.14","52.40","12.70M","-0.39%"
"04/09/2020","53.18","52.24","53.62","52.03","15.52M","2.01%"
"04/08/2020","52.13","50.98","52.68","50.88","15.71M","2.70%"
"04/07/2020","50.76","52.15","52.33","50.71","14.06M","-1.42%"
"04/06/2020","51.49","50.40","51.88","50.34","13.85M","4.23%"
"04/03/2020","49.40","49.30","50.05","48.95","13.36M","-0.80%"
"04/02/2020","49.80","48.18","49.89","48.10","16.43M","2.24%"
"04/01/2020","48.71","46.55","48.99","46.04","17.92M","0.79%"
"03/31/2020","48.33","51.12","51.18","48.00","15.80M","-4.03%"
"03/30/2020","50.36","50.40","51.59","49.59","20.61M","1.06%"
"03/27/2020","49.83","49.09","51.60","48.56","20.03M","-1.29%"
"03/26/2020","50.48","46.38","50.74","46.19","22.42M","9.88%"
"03/25/2020","45.94","47.10","48.74","45.48","25.63M","-3.97%"
"03/24/2020","47.84","45.33","48.01","45.30","19.32M","8.26%"
"03/23/2020","44.19","45.00","46.49","43.88","23.06M","-3.20%"
"03/20/2020","45.65","45.02","46.70","44.51","26.34M","1.29%"
"03/19/2020","45.07","46.47","47.97","44.87","20.16M","-4.65%"
"03/18/2020","47.27","43.67","47.80","42.56","29.56M","0.87%"
"03/17/2020","46.86","43.62","47.71","41.66","25.59M","9.69%"
"03/16/2020","42.72","42.51","47.57","41.26","27.49M","-10.87%"
"03/13/2020","47.93","44.45","47.99","43.42","28.34M","20.43%"
"03/12/2020","39.80","41.12","43.40","39.71","24.12M","-11.00%"
"03/11/2020","44.72","46.81","47.48","44.27","24.14M","-7.95%"
"03/10/2020","48.58","47.45","48.91","46.16","27.07M","5.59%"
"03/09/2020","46.01","44.95","47.57","44.66","25.95M","-2.87%"
"03/06/2020","47.37","46.57","48.30","46.46","24.58M","-1.31%"
"03/05/2020","48.00","49.23","49.68","47.74","15.84M","-5.03%"
"03/04/2020","50.54","49.85","50.59","48.83","14.81M","3.46%"
"03/03/2020","48.85","50.62","51.84","48.25","21.83M","-4.03%"
"03/02/2020","50.90","49.73","50.90","48.67","17.33M","2.91%"
"02/28/2020","49.46","49.24","49.89","47.90","24.43M","-2.60%"
"02/27/2020","50.78","50.88","53.46","50.76","16.16M","-2.44%"
"02/26/2020","52.05","51.31","53.14","51.24","16.41M","2.14%"
"02/25/2020","50.96","53.07","53.22","50.80","12.20M","-3.21%"
"02/24/2020","52.65","53.10","53.53","52.51","10.99M","-3.71%"
"02/21/2020","54.68","55.08","55.34","54.44","9.08M","-1.50%"
"02/20/2020","55.51","55.40","55.87","54.88","6.11M","0.13%"
"02/19/2020","55.44","55.59","55.77","55.39","6.82M","-0.02%"
"02/18/2020","55.45","55.42","55.76","55.10","7.19M","-0.04%"
"02/14/2020","55.47","55.38","55.84","55.24","7.50M","0.29%"
"02/13/2020","55.31","55.31","55.64","55.01","8.48M","-0.75%"
"02/12/2020","55.73","55.55","55.89","55.25","7.54M","1.05%"
"02/11/2020","55.15","55.17","55.54","55.11","8.47M","0.29%"
"02/10/2020","54.99","54.72","55.07","54.45","7.20M","0.49%"
"02/07/2020","54.72","54.27","54.97","54.19","7.86M","0.02%"
"02/06/2020","54.71","55.00","55.35","54.71","8.83M","-0.05%"
"02/05/2020","54.74","54.67","55.03","54.58","9.61M","1.30%"
"02/04/2020","54.04","53.75","54.56","53.75","9.77M","1.79%"
"02/03/2020","53.09","52.73","53.41","52.69","8.89M","1.22%"
"01/31/2020","52.45","53.34","53.48","52.28","8.88M","-1.61%"
"01/30/2020","53.31","52.82","53.33","52.28","7.18M","0.21%"
"01/29/2020","53.20","53.78","53.94","53.18","6.33M","-0.49%"
"01/28/2020","53.46","52.86","53.68","52.66","8.62M","1.46%"
"01/27/2020","52.69","53.18","53.52","52.63","8.26M","-2.55%"
"01/24/2020","54.07","55.06","55.20","53.88","6.43M","-1.66%"
"01/23/2020","54.98","54.41","55.00","54.28","6.58M","0.48%"
"01/22/2020","54.72","55.41","55.65","54.60","6.38M","-0.91%"
"01/21/2020","55.22","54.98","55.36","54.91","8.77M","0.16%"
"01/17/2020","55.13","55.63","55.69","54.85","11.17M","-0.54%"
"01/16/2020","55.43","54.98","55.45","54.93","9.87M","1.22%"
"01/15/2020","54.76","54.88","55.18","54.68","9.09M","-0.22%"
"01/14/2020","54.88","54.52","55.18","54.50","12.63M","0.55%"
"01/13/2020","54.58","54.46","54.79","54.36","10.86M","0.24%"
"01/10/2020","54.45","54.55","54.65","54.22","9.73M","0.13%"
"01/09/2020","54.38","54.25","54.80","54.03","10.67M","0.46%"
"01/08/2020","54.13","53.94","54.60","53.70","11.86M","-0.06%"
"01/07/2020","54.16","53.89","54.33","53.61","12.04M","0.22%"
"01/06/2020","54.04","53.36","54.20","53.35","10.98M","0.52%"
"01/03/2020","53.76","52.99","54.05","52.95","11.03M","-0.35%"
"01/02/2020","53.95","53.27","53.96","53.23","13.21M","1.83%"
"12/31/2019","52.98","52.57","53.00","52.55","7.10M","0.53%"
"12/30/2019","52.70","53.40","53.49","52.62","5.94M","-1.42%"
"12/27/2019","53.46","53.66","53.80","53.34","7.26M","-0.21%"
"12/26/2019","53.57","53.45","53.66","53.28","6.70M","0.24%"
"12/24/2019","53.44","53.78","53.96","53.35","3.33M","-0.50%"
"12/23/2019","53.71","53.65","54.06","53.61","10.59M","0.21%"
"12/20/2019","53.60","53.91","53.95","53.35","27.42M","0.68%"
"12/19/2019","53.24","53.30","53.60","53.04","11.91M","-0.28%"
"12/18/2019","53.39","53.06","53.61","52.95","14.12M","1.04%"
"12/17/2019","52.84","53.89","54.06","52.83","19.78M","-2.13%"
"12/16/2019","53.99","54.60","54.98","53.70","19.95M","-0.95%"
"12/13/2019","54.51","55.00","55.40","54.42","21.43M","-3.47%"
"12/12/2019","56.47","56.30","56.66","55.76","15.43M","0.28%"
"12/11/2019","56.31","55.80","56.50","55.65","12.16M","0.88%"
"12/10/2019","55.82","55.40","55.91","55.23","10.72M","0.92%"
"12/09/2019","55.31","54.84","55.48","54.76","12.13M","0.88%"
"12/06/2019","54.83","55.03","55.13","54.61","9.09M","0.27%"
"12/05/2019","54.68","54.50","54.83","54.30","10.56M","0.50%"
"12/04/2019","54.41","54.90","54.90","54.18","11.44M","-0.33%"
"12/03/2019","54.59","54.62","54.99","54.46","14.32M","-1.52%"
"12/02/2019","55.43","56.23","56.46","55.38","14.31M","-1.26%"
"11/29/2019","56.14","56.33","56.49","56.09","6.48M","-0.83%"
"11/27/2019","56.61","56.90","56.91","56.38","5.79M","0.18%"
"11/26/2019","56.51","56.75","56.86","56.41","12.08M","-0.09%"
"11/25/2019","56.56","56.46","56.68","56.28","7.98M","0.30%"
"11/22/2019","56.39","56.42","57.06","56.24","6.35M","0.28%"
"11/21/2019","56.23","56.22","56.59","56.12","8.07M","-0.02%"
"11/20/2019","56.24","56.22","56.62","55.81","9.12M","-0.05%"
"11/19/2019","56.27","56.47","56.95","56.26","7.20M","0.14%"
"11/18/2019","56.19","56.56","56.56","55.96","6.92M","-0.41%"
"11/15/2019","56.42","56.40","56.55","56.27","7.22M","0.59%"
"11/14/2019","56.09","55.81","56.33","55.64","9.06M","-0.21%"
"11/13/2019","56.21","56.21","56.56","56.17","6.82M","-0.67%"
"11/12/2019","56.59","56.53","56.84","56.41","6.18M","0.28%"
"11/11/2019","56.43","56.20","56.61","56.18","5.02M","-0.11%"
"11/08/2019","56.49","55.98","56.49","55.77","5.87M","0.91%"
"11/07/2019","55.98","55.96","56.62","55.86","9.68M","0.50%"
"11/06/2019","55.70","55.71","55.88","55.60","10.57M","0.05%"
"11/05/2019","55.67","55.76","55.84","55.51","10.76M","0.40%"
"11/04/2019","55.45","55.26","55.75","55.26","8.76M","0.82%"
"11/01/2019","55.00","54.81","55.15","54.55","7.31M","0.94%"
"10/31/2019","54.49","54.72","54.85","54.24","8.26M","-0.66%"
"10/30/2019","54.85","55.18","55.18","54.45","6.28M","0.09%"
"10/29/2019","54.80","54.72","55.30","54.56","8.33M","0.29%"
"10/28/2019","54.64","54.35","54.68","54.27","7.28M","0.87%"
"10/25/2019","54.17","54.04","54.42","54.01","6.31M","-0.17%"
"10/24/2019","54.26","54.47","54.65","53.94","6.48M","0.24%"
"10/23/2019","54.13","54.00","54.63","53.87","10.53M","0.04%"
"10/22/2019","54.11","55.22","55.43","54.02","7.88M","-1.85%"
"10/21/2019","55.13","55.06","55.30","54.82","8.35M","1.06%"
"10/18/2019","54.55","54.95","55.26","54.18","12.56M","-0.93%"
"10/17/2019","55.06","56.01","56.24","54.98","9.97M","-1.47%"
"10/16/2019","55.88","55.79","56.01","55.55","9.03M","-0.83%"
"10/15/2019","56.35","56.63","56.81","56.35","9.24M","-0.19%"
"10/14/2019","56.46","56.83","57.21","56.41","11.09M","-0.76%"
"10/11/2019","56.89","55.92","57.33","55.71","18.73M","2.52%"
"10/10/2019","55.49","54.45","55.60","54.35","13.92M","1.76%"
"10/09/2019","54.53","54.15","54.99","54.06","12.89M","0.89%"
"10/08/2019","54.05","54.29","54.71","53.77","15.06M","-1.37%"
"10/07/2019","54.80","55.07","55.36","54.75","12.46M","-0.62%"
"10/04/2019","55.14","54.00","55.18","53.84","13.84M","2.38%"
"10/03/2019","53.86","53.06","53.88","52.94","11.76M","1.34%"
"10/02/2019","53.15","53.50","53.56","52.67","16.06M","-1.21%"
"10/01/2019","53.80","55.04","55.64","53.75","16.52M","-2.24%"
"09/30/2019","55.03","54.25","55.28","54.05","17.51M","1.74%"
"09/27/2019","54.09","54.19","54.60","53.62","12.39M","0.24%"
"09/26/2019","53.96","54.11","54.33","53.47","13.38M","0.22%"
"09/25/2019","53.84","53.31","53.95","52.89","12.93M","0.92%"
"09/24/2019","53.35","54.14","54.49","53.12","15.66M","-1.24%"
"09/23/2019","54.02","53.17","54.17","53.06","14.26M","1.03%"
"09/20/2019","53.47","53.71","54.25","53.42","59.79M","0.19%"
"09/19/2019","53.37","52.39","53.67","52.39","14.92M","1.54%"
"09/18/2019","52.56","52.82","52.84","51.85","9.09M","-0.59%"
"09/17/2019","52.87","53.18","53.20","52.35","11.48M","-0.51%"
"09/16/2019","53.14","53.40","53.57","52.79","15.20M","-1.13%"
"09/13/2019","53.75","54.00","54.72","53.33","14.74M","-0.26%"
"09/12/2019","53.89","54.34","54.88","52.90","28.18M","-4.26%"
"09/11/2019","56.29","55.27","56.29","55.16","16.75M","1.48%"
"09/10/2019","55.47","54.54","55.47","54.14","19.98M","1.71%"
"09/09/2019","54.54","53.62","54.68","53.45","17.80M","2.60%"
"09/06/2019","53.16","54.10","54.14","53.14","11.64M","-1.26%"
"09/05/2019","53.84","53.73","54.33","53.63","10.41M","1.64%"
"09/04/2019","52.97","52.35","53.12","52.22","10.56M","2.08%"
"09/03/2019","51.89","51.94","52.00","51.55","10.13M","-0.33%"
"08/30/2019","52.06","52.50","52.55","51.75","7.92M","-0.19%"
"08/29/2019","52.16","52.65","52.81","52.09","6.86M","0.40%"
"08/28/2019","51.95","52.20","52.20","51.62","7.50M","-0.84%"
"08/27/2019","52.39","52.44","52.62","52.22","13.85M","0.50%"
"08/26/2019","52.13","52.14","52.32","51.83","8.58M","1.07%"
"08/23/2019","51.58","53.06","53.32","51.25","11.37M","-3.03%"
"08/22/2019","53.19","53.58","53.72","52.88","6.74M","-0.09%"
"08/21/2019","53.24","53.53","53.93","53.17","6.11M","0.49%"
"08/20/2019","52.98","53.52","53.84","52.90","7.58M","-1.65%"
"08/19/2019","53.87","54.22","54.37","53.76","8.27M","0.52%"
"08/16/2019","53.59","53.18","53.70","53.01","9.91M","1.90%"
"08/15/2019","52.59","52.65","52.72","51.96","11.26M","0.52%"
"08/14/2019","52.32","53.35","53.37","52.24","12.49M","-3.06%"
"08/13/2019","53.97","53.14","54.24","53.00","11.45M","1.35%"
"08/12/2019","53.25","53.68","53.79","53.00","6.58M","-1.21%"
"08/09/2019","53.90","54.24","54.47","53.52","8.47M","-1.37%"
"08/08/2019","54.65","53.72","54.75","53.72","12.46M","2.46%"
"08/07/2019","53.34","53.13","54.06","52.97","16.34M","-1.15%"
"08/06/2019","53.96","54.20","54.45","53.61","13.15M","0.37%"
"08/05/2019","53.76","55.10","55.10","53.69","16.20M","-3.72%"
"08/02/2019","55.84","56.19","56.19","55.00","12.64M","-0.07%"
"08/01/2019","55.88","56.30","56.85","55.52","10.22M","-0.75%"
"07/31/2019","56.30","57.88","57.88","55.62","11.97M","-2.07%"
"07/30/2019","57.49","57.76","58.15","57.43","6.37M","-0.98%"
"07/29/2019","58.06","58.79","58.79","57.80","7.44M","-0.75%"
"07/26/2019","58.50","58.34","58.65","58.20","6.06M","0.36%"
"07/25/2019","58.29","58.37","58.62","58.08","8.18M","0.31%"
"07/24/2019","58.11","57.45","58.22","57.38","10.78M","1.15%"
"07/23/2019","57.45","58.06","58.14","57.45","8.14M","-0.26%"
"07/22/2019","57.60","57.88","58.08","57.55","8.76M","0.10%"
"07/19/2019","57.54","58.31","58.53","57.52","11.66M","-1.00%"
"07/18/2019","58.12","57.69","58.14","57.60","11.88M","0.22%"
"07/17/2019","57.99","58.80","58.95","57.99","9.09M","-1.06%"
"07/16/2019","58.61","59.17","59.48","58.59","9.70M","-1.55%"
"07/15/2019","59.53","59.85","59.85","59.25","10.72M","-0.47%"
"07/12/2019","59.81","60.09","60.09","59.30","11.23M","-0.30%"
"07/11/2019","59.99","60.18","60.21","59.40","11.15M","-0.27%"
"07/10/2019","60.15","59.94","60.50","59.75","16.06M","0.92%"
"07/09/2019","59.60","59.20","59.63","59.01","14.35M","0.12%"
"07/08/2019","59.53","59.19","59.67","59.01","16.11M","0.42%"
"07/05/2019","59.28","58.53","59.52","58.34","13.84M","0.71%"
"07/03/2019","58.86","58.45","58.95","58.38","9.99M","0.68%"
"07/02/2019","58.46","57.88","58.56","57.77","17.57M","0.78%"
"07/01/2019","58.01","57.15","58.09","57.03","20.44M","1.83%"
"06/28/2019","56.97","56.90","57.08","56.36","42.57M","0.35%"
"06/27/2019","56.77","57.00","57.39","56.76","12.61M","0.19%"
"06/26/2019","56.66","56.43","56.84","56.24","15.05M","1.05%"
"06/25/2019","56.07","56.87","57.18","56.06","25.46M","-1.18%"
"06/24/2019","56.74","56.25","57.30","55.90","19.54M","1.10%"
"06/21/2019","56.12","57.14","57.15","56.06","45.17M","-1.53%"
"06/20/2019","56.99","55.98","57.47","55.53","54.17M","8.18%"
"06/19/2019","52.68","52.75","53.13","52.25","35.45M","-0.42%"
"06/18/2019","52.90","52.86","53.60","52.41","21.00M","-0.43%"
"06/17/2019","53.13","53.34","53.55","52.95","15.21M","-0.28%"
"06/14/2019","53.28","53.61","53.83","53.28","12.97M","-1.04%"
"06/13/2019","53.84","53.98","53.98","53.44","11.29M","0.41%"
"06/12/2019","53.62","53.68","54.05","53.43","10.24M","-0.59%"
"06/11/2019","53.94","54.50","54.61","53.84","11.29M","-0.13%"
"06/10/2019","54.01","53.68","54.41","53.57","12.98M","1.41%"
"06/07/2019","53.26","52.80","53.42","52.78","11.59M","1.27%"
"06/06/2019","52.59","52.09","52.74","51.86","10.27M","0.94%"
"06/05/2019","52.10","52.78","53.24","51.84","15.86M","0.15%"
"06/04/2019","52.02","50.79","52.24","50.63","17.07M","3.54%"
"06/03/2019","50.24","50.56","51.08","49.89","17.43M","-0.71%"
"05/31/2019","50.60","51.24","51.36","50.51","11.85M","-2.17%"
"05/30/2019","51.72","51.93","52.03","51.46","8.57M","0.06%"
"05/29/2019","51.69","51.43","51.81","51.05","12.45M","-0.12%"
"05/28/2019","51.75","53.08","53.28","51.75","28.23M","-1.93%"
"05/24/2019","52.77","53.38","53.47","52.59","9.09M","-0.58%"
"05/23/2019","53.08","53.72","53.72","52.51","11.21M","-2.07%"
"05/22/2019","54.20","54.23","54.55","54.04","8.39M","0.06%"
"05/21/2019","54.17","54.21","54.27","54.02","8.48M","0.95%"
"05/20/2019","53.66","53.95","54.36","53.53","9.82M","-1.54%"
"05/17/2019","54.50","54.19","54.92","54.19","9.06M","-0.26%"
"05/16/2019","54.64","54.91","55.15","54.55","10.01M","0.15%"
"05/15/2019","54.56","53.91","54.81","53.84","8.57M","0.79%"
"05/14/2019","54.13","53.64","54.62","53.36","11.52M","1.31%"
"05/13/2019","53.43","53.72","53.95","53.39","10.66M","-2.23%"
"05/10/2019","54.65","53.77","54.97","53.51","11.20M","0.74%"
"05/09/2019","54.25","53.46","54.35","53.08","10.71M","0.48%"
"05/08/2019","53.99","54.35","54.43","53.81","10.73M","-0.02%"
"05/07/2019","54.00","54.20","54.64","53.65","11.71M","-1.55%"
"05/06/2019","54.85","53.90","55.00","53.83","9.31M","0.11%"
"05/03/2019","54.79","54.80","55.02","54.67","11.07M","0.35%"
"05/02/2019","54.60","54.81","55.05","54.46","9.65M","-0.51%"
"05/01/2019","54.88","55.32","55.41","54.80","7.79M","-0.81%"
"04/30/2019","55.33","55.06","55.38","54.84","10.56M","0.45%"
"04/29/2019","55.08","55.29","55.49","55.08","6.44M","-0.60%"
"04/26/2019","55.41","55.22","55.49","55.01","7.10M","0.73%"
"04/25/2019","55.01","55.15","55.22","54.58","8.23M","-0.31%"
"04/24/2019","55.18","55.00","55.53","54.96","8.77M","0.44%"
"04/23/2019","54.94","54.75","55.14","54.72","10.92M","0.59%"
"04/22/2019","54.62","54.40","54.68","54.20","6.09M","0.18%"
"04/18/2019","54.52","54.44","54.67","54.23","8.23M","0.07%"
"04/17/2019","54.48","54.68","54.83","54.39","7.79M","-0.20%"
"04/16/2019","54.59","54.67","54.91","54.33","7.27M","-0.07%"
"04/15/2019","54.63","54.50","54.75","54.31","7.69M","0.24%"
"04/12/2019","54.50","54.10","54.50","53.87","9.01M","1.32%"
"04/11/2019","53.79","54.05","54.19","53.52","8.15M","-0.33%"
"04/10/2019","53.97","53.62","54.16","53.60","8.48M","0.26%"
"04/09/2019","53.83","53.50","54.10","53.47","9.79M","0.20%"
"04/08/2019","53.72","53.73","53.92","53.33","10.13M","-0.39%"
"04/05/2019","53.93","53.74","54.19","53.74","10.02M","0.20%"
"04/04/2019","53.82","53.86","54.15","53.41","9.98M","-0.44%"
"04/03/2019","54.06","54.16","54.39","53.85","12.85M","-0.17%"
"04/02/2019","54.15","54.41","54.50","53.88","10.81M","-0.79%"
"04/01/2019","54.58","53.88","54.65","53.85","15.19M","1.62%"
"03/29/2019","53.71","53.47","53.73","53.25","11.49M","0.98%"
"03/28/2019","53.19","53.00","53.30","52.79","9.10M","0.72%"
"03/27/2019","52.81","53.28","53.65","52.31","12.64M","-0.88%"
"03/26/2019","53.28","53.29","53.54","53.06","11.66M","1.02%"
"03/25/2019","52.74","52.56","52.94","52.23","11.76M","-0.06%"
"03/22/2019","52.77","53.62","53.88","52.74","16.20M","-2.35%"
"03/21/2019","54.04","52.63","54.05","52.35","16.69M","2.66%"
"03/20/2019","52.64","53.89","54.19","52.51","24.11M","-2.59%"
"03/19/2019","54.04","53.80","54.38","53.75","19.21M","1.08%"
"03/18/2019","53.46","52.87","53.96","52.78","21.95M","0.98%"
"03/15/2019","52.94","51.40","53.39","51.00","43.34M","-0.21%"
"03/14/2019","53.05","52.98","53.40","52.85","24.00M","-0.02%"
"03/13/2019","53.06","53.06","53.47","52.74","19.49M","0.49%"
"03/12/2019","52.80","52.67","53.29","52.58","18.05M","0.27%"
"03/11/2019","52.66","51.94","53.17","51.91","20.03M","-0.21%"
"03/08/2019","52.77","52.35","52.78","52.13","15.07M","0.36%"
"03/07/2019","52.58","52.20","53.13","52.19","16.62M","0.44%"
"03/06/2019","52.35","52.31","52.75","52.13","12.39M","-0.02%"
"03/05/2019","52.36","52.04","52.59","52.02","16.29M","0.61%"
"03/04/2019","52.04","52.67","52.84","51.57","14.85M","-0.90%"
"03/01/2019","52.51","52.50","52.73","52.37","15.76M","0.73%"
"02/28/2019","52.13","52.20","52.51","52.05","31.86M","-0.48%"
"02/27/2019","52.38","52.52","52.64","52.26","10.67M","-0.42%"
"02/26/2019","52.60","52.46","52.88","52.24","12.04M","0.08%"
"02/25/2019","52.56","52.75","53.03","52.46","14.72M","0.15%"
"02/22/2019","52.48","52.39","52.60","52.20","11.69M","0.71%"
"02/21/2019","52.11","51.63","52.35","51.51","14.76M","0.66%"
"02/20/2019","51.77","52.00","52.20","51.50","13.44M","-0.48%"
"02/19/2019","52.02","51.48","52.18","51.24","12.36M","0.58%"
"02/15/2019","51.72","51.13","51.72","51.07","13.82M","0.47%"
"02/14/2019","51.48","51.24","51.75","51.09","11.16M","0.12%"
"02/13/2019","51.42","51.25","51.55","50.95","11.34M","0.39%"
"02/12/2019","51.22","51.46","51.55","51.19","14.19M","-0.02%"
"02/11/2019","51.23","50.96","51.48","50.95","9.71M","0.39%"
"02/08/2019","51.03","50.09","51.03","49.82","11.54M","1.61%"
"02/07/2019","50.22","50.79","50.98","50.17","14.91M","-2.03%"
"02/06/2019","51.26","51.19","51.49","50.97","9.22M","0.04%"
"02/05/2019","51.24","51.17","51.37","50.88","13.35M","0.41%"
"02/04/2019","51.03","50.38","51.25","50.38","12.22M","0.43%"
"02/01/2019","50.81","50.52","51.09","50.29","14.85M","1.15%"
"01/31/2019","50.23","50.24","50.50","50.07","20.40M","-0.26%"
"01/30/2019","50.36","49.86","50.50","49.60","13.48M","1.51%"
"01/29/2019","49.61","49.39","49.92","49.19","10.84M","0.18%"
"01/28/2019","49.52","49.45","49.73","49.21","11.80M","-0.56%"
"01/25/2019","49.80","49.60","49.90","49.45","16.66M","1.22%"
"01/24/2019","49.20","49.26","49.43","48.87","11.44M","-0.08%"
"01/23/2019","49.24","49.19","49.48","48.83","15.55M","0.61%"
"01/22/2019","48.94","48.84","49.17","48.66","13.32M","-0.67%"
"01/18/2019","49.27","48.94","49.57","48.87","15.93M","1.42%"
"01/17/2019","48.58","48.01","48.91","47.81","12.71M","1.08%"
"01/16/2019","48.06","48.58","48.78","48.05","14.11M","-0.66%"
"01/15/2019","48.38","47.47","48.52","47.41","12.14M","0.42%"
"01/14/2019","48.18","47.85","48.34","47.62","14.87M","-0.23%"
"01/11/2019","48.29","47.67","48.62","47.37","16.40M","0.98%"
"01/10/2019","47.82","47.38","47.98","46.88","16.65M","0.08%"
"01/09/2019","47.78","46.64","48.23","46.61","19.10M","-0.21%"
"01/08/2019","47.88","47.93","48.36","47.20","16.26M","0.91%"
"01/07/2019","47.45","46.93","48.10","46.47","17.97M","1.58%"
"01/04/2019","46.71","45.37","46.95","45.25","20.98M","4.31%"
"01/03/2019","44.78","44.75","45.50","44.41","19.87M","-0.97%"
"01/02/2019","45.22","44.48","45.34","44.45","14.32M","0.16%"
"12/31/2018","45.15","45.19","45.50","44.84","14.93M","0.74%"
"12/28/2018","44.82","45.14","45.77","44.74","39.14M","-0.33%"
"12/27/2018","44.97","43.95","45.09","43.46","19.05M","0.85%"
"12/26/2018","44.59","43.00","44.61","42.40","21.43M","4.45%"
"12/24/2018","42.69","43.77","43.82","42.68","17.23M","-2.98%"
"12/21/2018","44.00","46.08","46.21","43.86","58.77M","-4.84%"
"12/20/2018","46.24","46.05","46.95","45.48","35.17M","-0.45%"
"12/19/2018","46.45","46.06","47.44","45.75","34.40M","1.31%"
"12/18/2018","45.85","48.10","48.34","45.44","42.86M","0.26%"
"12/17/2018","45.73","46.42","47.23","45.53","30.44M","-1.87%"
"12/14/2018","46.60","46.78","47.03","46.41","21.43M","-1.33%"
"12/13/2018","47.23","47.48","47.55","46.75","23.30M","-0.19%"
"12/12/2018","47.32","47.11","48.11","47.01","21.40M","1.85%"
"12/11/2018","46.46","46.98","47.13","46.06","22.68M","-0.45%"
"12/10/2018","46.67","46.01","47.08","45.34","26.38M","1.46%"
"12/07/2018","46.00","46.76","47.04","45.80","23.98M","-1.46%"
"12/06/2018","46.68","47.75","47.77","45.65","39.88M","-4.25%"
"12/04/2018","48.75","49.52","50.22","48.71","24.64M","-2.17%"
"12/03/2018","49.83","49.44","50.12","49.21","21.97M","2.19%"
"11/30/2018","48.76","48.09","48.84","47.71","22.88M","1.80%"
"11/29/2018","47.90","48.38","48.38","47.44","17.05M","-0.60%"
"11/28/2018","48.19","47.73","48.25","47.37","29.35M","1.58%"
"11/27/2018","47.44","47.92","47.98","46.78","28.05M","-1.70%"
"11/26/2018","48.26","49.16","49.16","48.09","21.60M","-0.90%"
"11/23/2018","48.70","48.04","49.12","48.04","7.81M","0.16%"
"11/21/2018","48.62","48.76","49.17","48.53","13.86M","0.60%"
"11/20/2018","48.33","48.67","49.07","47.96","19.39M","-2.46%"
"11/19/2018","49.55","51.05","51.10","49.40","19.52M","-3.17%"
"11/16/2018","51.17","50.53","51.45","50.42","20.93M","1.07%"
"11/15/2018","50.63","50.04","50.69","49.05","24.92M","3.67%"
"11/14/2018","48.84","49.97","49.97","48.74","16.09M","-1.35%"
"11/13/2018","49.51","49.47","50.00","49.24","13.55M","0.59%"
"11/12/2018","49.22","50.17","50.38","49.11","14.37M","-2.75%"
"11/09/2018","50.61","50.42","50.81","50.31","15.32M","0.36%"
"11/08/2018","50.43","50.22","50.50","50.07","11.97M","0.34%"
"11/07/2018","50.26","49.58","50.50","49.47","14.33M","2.05%"
"11/06/2018","49.25","49.10","49.47","48.83","12.36M","0.47%"
"11/05/2018","49.02","49.00","49.13","48.50","13.13M","0.39%"
"11/02/2018","48.83","48.93","49.02","48.24","17.29M","0.49%"
"11/01/2018","48.59","48.96","49.24","48.34","17.76M","-0.51%"
"10/31/2018","48.84","49.05","49.45","48.59","21.08M","0.56%"
"10/30/2018","48.57","47.08","48.62","46.92","24.44M","3.30%"
"10/29/2018","47.02","47.81","48.09","46.34","19.25M","-0.63%"
"10/26/2018","47.32","47.24","48.07","46.71","23.09M","-1.33%"
"10/25/2018","47.96","47.42","48.29","47.28","19.35M","2.57%"
"10/24/2018","46.76","47.88","48.30","46.70","20.03M","-2.56%"
"10/23/2018","47.99","47.16","48.32","47.12","18.92M","0.10%"
"10/22/2018","47.94","47.85","48.48","47.71","16.48M","0.74%"
"10/19/2018","47.59","47.50","48.24","47.35","17.77M","0.44%"
"10/18/2018","47.38","47.57","48.13","47.13","15.08M","-1.00%"
"10/17/2018","47.86","47.43","48.24","47.43","15.07M","-0.77%"
"10/16/2018","48.23","47.57","48.42","47.47","13.60M","2.36%"
"10/15/2018","47.12","46.96","47.62","46.87","15.69M","-0.55%"
"10/12/2018","47.38","47.40","47.75","46.66","23.15M","1.28%"
"10/11/2018","46.78","47.33","47.89","46.49","26.39M","-1.31%"
"10/10/2018","47.40","48.81","48.98","47.37","20.89M","-3.01%"
"10/09/2018","48.87","49.11","49.40","48.83","19.01M","-0.99%"
"10/08/2018","49.36","49.27","49.64","48.90","16.30M","0.02%"
"10/05/2018","49.35","49.42","49.77","49.12","16.90M","-0.24%"
"10/04/2018","49.47","49.68","49.78","49.17","19.03M","-0.56%"
"10/03/2018","49.75","49.59","50.10","49.59","21.21M","-0.96%"
"10/02/2018","50.23","51.65","51.80","50.13","22.41M","-3.03%"
"10/01/2018","51.80","51.22","51.99","51.14","19.22M","0.47%"
"09/28/2018","51.56","51.54","52.01","51.49","16.23M","-0.25%"
"09/27/2018","51.69","51.56","52.02","51.33","17.99M","0.12%"
"09/26/2018","51.63","51.75","52.11","51.55","18.13M","-0.17%"
"09/25/2018","51.72","51.39","51.93","50.97","18.67M","0.94%"
"09/24/2018","51.24","50.81","51.60","50.71","23.91M","0.27%"
"09/21/2018","51.10","50.83","51.12","50.35","50.75M","1.33%"
"09/20/2018","50.43","49.66","51.08","49.56","26.97M","2.02%"
"09/19/2018","49.43","48.92","49.54","48.66","20.90M","0.82%"
"09/18/2018","49.03","47.51","49.54","47.36","33.45M","-0.31%"
"09/17/2018","49.18","49.31","49.94","49.10","29.23M","-0.14%"
"09/14/2018","49.25","48.94","49.45","48.94","20.07M","0.59%"
"09/13/2018","48.96","49.28","49.74","48.88","22.12M","-0.77%"
"09/12/2018","49.34","48.75","49.47","48.62","17.06M","0.86%"
"09/11/2018","48.92","48.52","49.05","48.52","14.88M","0.12%"
"09/10/2018","48.86","48.00","49.05","48.00","20.39M","2.20%"
"09/07/2018","47.81","47.46","47.99","47.33","20.51M","0.21%"
"09/06/2018","47.71","47.95","48.22","47.52","18.46M","-0.69%"
"09/05/2018","48.04","48.41","48.48","47.78","16.44M","-1.11%"
"09/04/2018","48.58","48.36","48.83","48.16","17.29M","0.00%"
"08/31/2018","48.58","48.38","48.63","48.35","17.84M","0.41%"
"08/30/2018","48.38","48.89","48.89","48.31","15.15M","-1.04%"
"08/29/2018","48.89","48.64","49.10","48.64","17.31M","0.51%"
"08/28/2018","48.64","49.39","49.43","48.59","15.48M","-1.40%"
"08/27/2018","49.33","49.41","49.70","49.28","12.25M","0.14%"
"08/24/2018","49.26","49.00","49.39","48.97","14.01M","0.61%"
"08/23/2018","48.96","48.80","49.34","48.68","11.03M","0.33%"
"08/22/2018","48.80","48.34","48.91","48.24","11.64M","0.81%"
"08/21/2018","48.41","48.58","48.64","48.37","10.19M","-0.02%"
"08/20/2018","48.42","48.40","48.60","48.26","11.94M","0.12%"
"08/17/2018","48.36","48.21","48.50","47.99","11.41M","0.54%"
"08/16/2018","48.10","48.14","48.45","48.04","11.87M","0.54%"
"08/15/2018","47.84","48.10","48.26","47.52","14.09M","-0.81%"
"08/14/2018","48.23","48.12","48.35","47.94","11.51M","0.46%"
"08/13/2018","48.01","48.34","48.59","47.97","12.15M","-0.64%"
"08/10/2018","48.32","48.37","48.72","48.23","10.50M","-0.45%"
"08/09/2018","48.54","48.27","48.71","48.27","14.71M","0.31%"
"08/08/2018","48.39","48.42","48.62","48.26","10.85M","-0.19%"
"08/07/2018","48.48","48.94","48.95","48.47","11.61M","-0.39%"
"08/06/2018","48.67","48.29","48.76","48.22","13.53M","0.41%"
"08/03/2018","48.47","47.92","48.48","47.90","14.30M","1.19%"
"08/02/2018","47.90","47.04","48.07","46.63","14.23M","1.16%"
"08/01/2018","47.35","47.91","48.22","47.15","22.93M","-0.69%"
"07/31/2018","47.68","47.90","48.08","47.39","18.81M","-0.10%"
"07/30/2018","47.73","48.58","48.58","47.46","20.17M","-1.85%"
"07/27/2018","48.63","48.99","49.12","48.38","14.86M","-0.49%"
"07/26/2018","48.87","48.85","49.17","48.76","15.23M","-0.16%"
"07/25/2018","48.95","48.52","48.97","48.50","16.34M","0.58%"
"07/24/2018","48.67","48.75","49.10","48.55","19.89M","0.00%"
"07/23/2018","48.67","48.62","48.67","48.05","17.99M","0.31%"
"07/20/2018","48.52","48.49","48.70","48.36","17.24M","0.17%"
"07/19/2018","48.44","48.40","48.72","48.21","16.66M","-0.41%"
"07/18/2018","48.64","48.79","49.00","48.40","19.23M","-0.53%"
"07/17/2018","48.90","48.29","48.99","48.15","18.82M","0.91%"
"07/16/2018","48.46","48.62","48.62","47.95","22.95M","-0.35%"
"07/13/2018","48.63","47.97","48.81","47.83","25.77M","1.00%"
"07/12/2018","48.15","47.79","48.20","47.75","24.86M","1.07%"
"07/11/2018","47.64","46.82","47.76","46.71","22.80M","1.38%"
"07/10/2018","46.99","46.83","47.36","46.68","27.42M","0.56%"
"07/09/2018","46.73","46.13","46.79","46.06","25.13M","1.59%"
"07/06/2018","46.00","45.46","46.19","45.27","20.76M","1.30%"
"07/05/2018","45.41","45.15","45.47","44.99","21.92M","1.54%"
"07/03/2018","44.72","44.99","44.99","44.52","16.78M","-0.51%"
"07/02/2018","44.95","43.96","44.97","43.77","20.66M","2.02%"
"06/29/2018","44.06","44.04","44.53","43.75","22.14M","0.50%"
"06/28/2018","43.84","43.51","44.02","43.36","20.92M","0.90%"
"06/27/2018","43.45","44.57","44.74","43.44","26.36M","-2.16%"
"06/26/2018","44.41","44.46","44.85","44.37","20.72M","0.29%"
"06/25/2018","44.28","43.57","44.47","43.49","24.64M","0.41%"
"06/22/2018","44.10","43.20","44.30","43.16","30.59M","2.32%"
"06/21/2018","43.10","43.18","43.84","42.98","32.64M","0.65%"
"06/20/2018","42.82","43.51","44.79","42.57","59.13M","-7.46%"
"06/19/2018","46.27","45.84","46.41","45.77","22.76M","-0.54%"
"06/18/2018","46.52","45.82","46.60","45.46","21.47M","0.52%"
"06/15/2018","46.28","45.87","46.49","45.19","28.12M","0.83%"
"06/14/2018","45.90","47.01","47.02","45.66","37.00M","-4.91%"
"06/13/2018","48.27","48.11","48.67","48.09","18.05M","-0.37%"
"06/12/2018","48.45","48.21","48.59","48.16","14.71M","0.54%"
"06/11/2018","48.19","48.15","48.39","47.97","12.52M","0.02%"
"06/08/2018","48.18","47.41","48.38","47.41","14.52M","1.05%"
"06/07/2018","47.68","47.93","48.03","47.42","13.71M","-0.15%"
"06/06/2018","47.75","47.42","47.80","47.10","13.30M","1.32%"
"06/05/2018","47.13","47.33","47.42","46.80","13.43M","-0.40%"
"06/04/2018","47.32","47.48","47.57","47.23","12.18M","-0.06%"
"06/01/2018","47.35","47.08","47.36","46.90","10.86M","1.35%"
"05/31/2018","46.72","46.93","47.17","46.71","13.06M","-0.70%"
"05/30/2018","47.05","46.63","47.23","46.43","11.91M","1.71%"
"05/29/2018","46.26","46.55","46.80","46.03","12.43M","-1.57%"
"05/25/2018","47.00","46.49","47.16","46.48","11.35M","1.16%"
"05/24/2018","46.46","46.66","46.94","46.14","12.50M","-0.94%"
"05/23/2018","46.90","46.08","46.97","46.02","9.20M","1.14%"
"05/22/2018","46.37","47.24","47.54","46.31","18.51M","-1.78%"
"05/21/2018","47.21","46.53","47.28","46.49","13.42M","1.92%"
"05/18/2018","46.32","46.69","46.79","46.24","13.52M","-0.47%"
"05/17/2018","46.54","46.69","47.05","46.42","10.16M","-0.41%"
"05/16/2018","46.73","46.93","46.93","46.45","9.87M","-0.17%"
"05/15/2018","46.81","46.51","46.82","46.25","11.30M","-0.02%"
"05/14/2018","46.82","46.81","47.26","46.69","9.69M","0.00%"
"05/11/2018","46.82","47.11","47.15","46.64","9.50M","-0.23%"
"05/10/2018","46.93","46.80","47.10","46.61","10.97M","0.75%"
"05/09/2018","46.58","46.23","46.68","45.98","11.82M","1.39%"
"05/08/2018","45.94","45.88","45.99","45.55","9.83M","-0.28%"
"05/07/2018","46.07","45.94","46.24","45.78","9.01M","0.79%"
"05/04/2018","45.71","44.93","45.92","44.80","10.57M","1.44%"
"05/03/2018","45.06","45.36","45.39","44.49","15.37M","-0.99%"
"05/02/2018","45.51","45.89","46.08","45.47","10.72M","-0.96%"
"05/01/2018","45.95","45.39","45.95","45.39","8.84M","0.61%"
"04/30/2018","45.67","45.66","46.02","45.56","13.90M","0.31%"
"04/27/2018","45.53","46.12","46.12","45.47","14.42M","-0.94%"
"04/26/2018","45.96","46.09","46.21","45.90","12.18M","0.46%"
"04/25/2018","45.75","45.42","45.84","45.05","12.64M","0.48%"
"04/24/2018","45.53","45.93","46.37","45.28","13.36M","-0.59%"
"04/23/2018","45.80","46.38","46.47","45.72","14.90M","-0.93%"
"04/20/2018","46.23","46.47","46.62","45.98","15.68M","-1.26%"
"04/19/2018","46.82","46.99","47.11","46.70","8.56M","-0.55%"
"04/18/2018","47.08","46.68","47.29","46.68","11.31M","0.90%"
"04/17/2018","46.66","46.41","46.93","46.39","10.76M","1.32%"
"04/16/2018","46.05","46.03","46.39","45.59","11.64M","-0.07%"
"04/13/2018","46.08","46.31","46.53","45.61","12.49M","0.44%"
"04/12/2018","45.88","45.69","46.17","45.65","13.97M","0.59%"
"04/11/2018","45.61","45.40","45.99","45.36","14.91M","-0.46%"
"04/10/2018","45.82","45.55","46.07","45.46","17.18M","2.05%"
"04/09/2018","44.90","45.11","45.65","44.88","15.20M","0.16%"
"04/06/2018","44.83","45.51","45.75","44.60","13.89M","-2.46%"
"04/05/2018","45.96","45.73","46.18","45.55","12.31M","0.99%"
"04/04/2018","45.51","44.07","45.62","44.04","18.51M","1.38%"
"04/03/2018","44.89","45.33","45.33","44.29","15.73M","-0.27%"
"04/02/2018","45.01","45.65","45.85","44.42","15.34M","-1.62%"
"03/29/2018","45.75","45.31","46.29","45.01","14.26M","1.71%"
"03/28/2018","44.98","45.28","45.36","44.51","22.16M","-0.88%"
"03/27/2018","45.38","46.63","46.82","45.00","18.93M","-2.37%"
"03/26/2018","46.48","45.55","46.64","45.38","20.75M","3.77%"
"03/23/2018","44.79","45.98","46.34","44.76","21.40M","-2.40%"
"03/22/2018","45.89","46.72","47.02","45.73","25.61M","-2.40%"
"03/21/2018","47.02","47.29","48.06","47.01","34.60M","-0.06%"
"03/20/2018","47.05","46.80","47.75","46.43","68.60M","-9.43%"
"03/19/2018","51.95","52.43","52.58","51.51","25.78M","-0.61%"
"03/16/2018","52.27","52.40","52.69","52.25","21.01M","-0.19%"
"03/15/2018","52.37","52.22","52.66","52.11","14.16M","0.10%"
"03/14/2018","52.32","52.88","53.15","52.18","10.89M","-0.49%"
"03/13/2018","52.58","53.24","53.48","52.34","12.86M","-0.60%"
"03/12/2018","52.90","52.98","53.44","52.66","14.11M","-0.13%"
"03/09/2018","52.97","52.35","53.00","52.20","16.22M","1.61%"
"03/08/2018","52.13","51.94","52.16","51.47","15.86M","0.79%"
"03/07/2018","51.72","51.06","51.81","51.03","11.73M","0.43%"
"03/06/2018","51.50","51.56","51.79","51.22","13.91M","0.41%"
"03/05/2018","51.29","49.90","51.49","49.85","18.77M","1.93%"
"03/02/2018","50.32","49.33","50.40","49.16","17.29M","1.23%"
"03/01/2018","49.71","50.96","50.96","49.41","16.54M","-1.89%"
"02/28/2018","50.67","51.06","51.50","50.67","14.95M","-0.12%"
"02/27/2018","50.73","51.07","51.40","50.53","14.34M","-0.86%"
"02/26/2018","51.17","50.59","51.26","50.50","12.96M","1.33%"
"02/23/2018","50.50","49.79","50.57","49.62","8.87M","1.84%"
"02/22/2018","49.59","49.59","50.05","49.41","9.51M","0.32%"
"02/21/2018","49.43","49.87","50.34","49.43","13.05M","-0.92%"
"02/20/2018","49.89","50.20","50.31","49.66","14.14M","-1.62%"
"02/16/2018","50.71","50.55","51.14","50.49","11.10M","0.14%"
"02/15/2018","50.64","49.70","50.69","49.43","14.13M","2.41%"
"02/14/2018","49.45","48.19","49.52","48.14","14.27M","1.98%"
"02/13/2018","48.49","48.01","48.68","47.77","12.63M","0.71%"
"02/12/2018","48.15","48.22","48.49","47.72","16.26M","0.88%"
"02/09/2018","47.73","47.58","48.15","45.92","23.19M","1.90%"
"02/08/2018","46.84","49.09","49.12","46.81","21.26M","-4.15%"
"02/07/2018","48.87","49.20","49.85","48.82","15.14M","-1.07%"
"02/06/2018","49.40","47.33","49.51","46.81","25.92M","2.72%"
"02/05/2018","48.09","50.04","50.70","48.06","19.73M","-4.07%"
"02/02/2018","50.13","51.25","51.41","50.04","17.56M","-2.91%"
"02/01/2018","51.63","51.36","51.98","51.26","11.67M","0.08%"
"01/31/2018","51.59","50.86","51.84","50.86","16.81M","1.24%"
"01/30/2018","50.96","51.74","51.99","50.74","16.86M","-1.89%"
"01/29/2018","51.94","52.67","52.79","51.88","12.23M","-1.54%"
"01/26/2018","52.75","51.86","52.75","51.76","14.91M","2.23%"
"01/25/2018","51.60","51.54","52.05","51.54","13.90M","0.29%"
"01/24/2018","51.45","51.36","52.00","51.21","17.21M","0.65%"
"01/23/2018","51.12","50.75","51.27","50.57","14.14M","0.81%"
"01/22/2018","50.71","50.43","50.74","50.27","16.84M","0.26%"
"01/19/2018","50.58","50.50","50.60","50.27","14.01M","0.70%"
"01/18/2018","50.23","50.19","50.68","50.10","17.12M","-0.08%"
"01/17/2018","50.27","49.91","50.29","49.85","23.18M","1.37%"
"01/16/2018","49.59","49.85","50.06","49.44","17.15M","0.16%"
"01/12/2018","49.51","49.18","49.83","49.06","15.98M","1.14%"
"01/11/2018","48.95","48.87","49.02","48.44","11.69M","0.31%"
"01/10/2018","48.80","48.86","49.27","48.58","13.48M","-0.53%"
"01/09/2018","49.06","49.25","49.36","48.92","14.15M","0.16%"
"01/08/2018","48.98","48.30","49.07","47.94","15.08M","1.05%"
"01/05/2018","48.47","48.42","48.63","48.28","14.50M","0.60%"
"01/04/2018","48.18","47.99","48.19","47.72","19.82M","0.99%"
"01/03/2018","47.71","47.53","48.07","47.44","24.17M","2.32%"
"01/02/2018","46.63","47.57","47.80","46.17","25.38M","-1.37%"
"12/29/2017","47.28","47.53","47.88","47.28","9.75M","-0.51%"
"12/28/2017","47.52","47.30","47.55","47.30","7.78M","0.30%"
"12/27/2017","47.38","47.25","47.47","47.15","8.13M","-0.11%"
"12/26/2017","47.43","47.37","47.58","47.25","7.65M","0.15%"
"12/22/2017","47.36","47.17","47.40","47.09","11.20M","0.17%"
"12/21/2017","47.28","48.11","48.11","47.23","18.40M","-1.29%"
"12/20/2017","47.90","47.88","48.05","47.79","11.43M","0.17%"
"12/19/2017","47.82","47.96","48.35","47.74","28.66M","0.23%"
"12/18/2017","47.71","48.43","48.85","47.68","25.16M","-1.22%"
"12/15/2017","48.30","48.48","48.48","47.00","75.18M","-3.77%"
"12/14/2017","50.19","50.14","50.40","49.94","22.26M","0.28%"
"12/13/2017","50.05","50.33","50.51","50.01","17.20M","-0.67%"
"12/12/2017","50.39","50.00","50.71","49.95","17.46M","-0.16%"
"12/11/2017","50.47","49.61","50.50","49.56","15.85M","1.75%"
"12/08/2017","49.60","48.90","49.69","48.70","14.73M","2.23%"
"12/07/2017","48.52","48.37","48.81","48.30","13.48M","0.21%"
"12/06/2017","48.42","47.88","48.59","47.63","12.97M","0.90%"
"12/05/2017","47.99","48.21","48.65","47.97","17.86M","-0.85%"
"12/04/2017","48.40","49.82","49.82","48.36","13.47M","-2.44%"
"12/01/2017","49.61","49.05","50.00","48.90","15.90M","1.12%"
"11/30/2017","49.06","48.89","49.33","48.89","24.70M","1.11%"
"11/29/2017","48.52","48.85","48.86","48.20","14.38M","-1.00%"
"11/28/2017","49.01","48.88","49.20","48.85","13.93M","0.27%"
"11/27/2017","48.88","48.94","49.22","48.75","13.40M","-0.27%"
"11/24/2017","49.01","48.88","49.13","48.69","6.01M","0.89%"
"11/22/2017","48.58","48.56","48.83","48.42","10.62M","-0.10%"
"11/21/2017","48.63","49.00","49.10","48.50","18.31M","-0.80%"
"11/20/2017","49.02","49.04","49.16","48.92","11.53M","0.16%"
"11/17/2017","48.94","49.00","49.23","48.85","10.04M","-0.53%"
"11/16/2017","49.20","49.11","49.62","49.01","11.74M","0.78%"
"11/15/2017","48.82","48.88","49.08","48.73","9.43M","-0.77%"
"11/14/2017","49.20","49.32","49.33","48.90","8.50M","-0.40%"
"11/13/2017","49.40","49.10","49.43","49.05","6.57M","0.16%"
"11/10/2017","49.32","49.00","49.37","48.74","9.94M","0.16%"
"11/09/2017","49.24","50.14","50.22","48.54","16.20M","-2.57%"
"11/08/2017","50.54","50.33","50.74","50.20","7.98M","0.10%"
"11/07/2017","50.49","50.43","50.58","50.08","6.80M","0.18%"
"11/06/2017","50.40","50.10","50.55","50.02","9.68M","0.44%"
"11/03/2017","50.18","50.36","50.44","50.16","15.81M","-0.20%"
"11/02/2017","50.28","50.54","50.70","50.12","10.39M","-0.71%"
"11/01/2017","50.64","51.10","51.17","50.57","10.13M","-0.51%"
"10/31/2017","50.90","50.73","51.28","50.45","14.45M","0.43%"
"10/30/2017","50.68","50.63","50.75","50.23","9.05M","-0.39%"
"10/27/2017","50.88","50.29","50.97","50.03","15.10M","1.46%"
"10/26/2017","50.15","50.11","50.30","49.77","16.95M","0.91%"
"10/25/2017","49.70","49.89","50.65","49.64","20.64M","-0.56%"
"10/24/2017","49.98","49.33","50.14","49.25","17.56M","1.36%"
"10/23/2017","49.31","49.28","49.66","49.22","14.63M","0.12%"
"10/20/2017","49.25","49.54","49.79","49.16","15.50M","-0.20%"
"10/19/2017","49.35","49.44","49.67","49.19","10.05M","-0.46%"
"10/18/2017","49.58","49.50","49.76","49.16","12.06M","0.79%"
"10/17/2017","49.19","48.82","49.30","48.71","14.19M","0.68%"
"10/16/2017","48.86","48.61","48.91","48.49","9.38M","0.51%"
"10/13/2017","48.61","48.37","48.71","48.33","10.14M","0.79%"
"10/12/2017","48.23","48.27","48.48","48.11","11.72M","-0.10%"
"10/11/2017","48.28","48.16","48.47","48.16","12.59M","0.15%"
"10/10/2017","48.21","48.16","48.46","48.00","15.63M","-0.31%"
"10/09/2017","48.36","48.36","48.58","48.17","10.17M","-0.08%"
"10/06/2017","48.40","48.64","48.70","48.22","16.34M","-1.04%"
"10/05/2017","48.91","48.96","49.03","48.50","13.89M","0.02%"
"10/04/2017","48.90","48.99","49.19","48.76","15.20M","0.43%"
"10/03/2017","48.69","48.95","48.96","48.54","12.71M","-0.23%"
"10/02/2017","48.80","48.72","49.00","48.57","26.10M","0.93%"
"09/29/2017","48.35","48.19","48.75","47.96","44.90M","0.56%"
"09/28/2017","48.08","48.20","48.25","48.01","13.00M","-0.17%"
"09/27/2017","48.16","48.05","48.36","47.95","14.50M","0.50%"
"09/26/2017","47.92","48.10","48.21","47.89","18.68M","-0.10%"
"09/25/2017","47.97","48.52","48.54","47.64","15.66M","-0.39%"
"09/22/2017","48.16","47.92","48.42","47.92","15.34M","0.40%"
"09/21/2017","47.97","47.82","48.19","47.82","15.66M","0.00%"
"09/20/2017","47.97","48.00","48.19","47.69","21.26M","-0.15%"
"09/19/2017","48.04","48.49","48.50","47.88","23.07M","-0.60%"
"09/18/2017","48.33","48.88","49.06","48.09","29.43M","-0.84%"
"09/15/2017","48.74","50.65","50.70","48.48","66.37M","-7.67%"
"09/14/2017","52.79","52.76","53.14","52.32","21.90M","-0.02%"
"09/13/2017","52.80","52.52","52.98","52.45","14.46M","0.06%"
"09/12/2017","52.77","52.64","52.89","52.47","13.35M","0.53%"
"09/11/2017","52.49","51.88","52.61","51.81","16.53M","1.76%"
"09/08/2017","51.58","51.80","51.88","51.38","10.36M","-0.29%"
"09/07/2017","51.73","51.19","51.78","51.03","11.52M","1.41%"
"09/06/2017","51.01","51.08","51.23","50.80","15.62M","0.16%"
"09/05/2017","50.93","50.53","51.08","50.47","15.61M","0.61%"
"09/01/2017","50.62","50.35","50.88","50.35","8.72M","0.58%"
"08/31/2017","50.33","49.88","50.52","49.84","12.96M","1.06%"
"08/30/2017","49.80","49.50","49.95","49.36","6.96M","0.71%"
"08/29/2017","49.45","48.88","49.57","48.75","7.25M","0.43%"
"08/28/2017","49.24","49.39","49.39","49.04","6.21M","0.00%"
"08/25/2017","49.24","49.44","49.44","49.15","7.85M","0.10%"
"08/24/2017","49.19","49.07","49.26","48.88","7.37M","0.24%"
"08/23/2017","49.07","49.06","49.43","48.94","6.90M","-0.39%"
"08/22/2017","49.26","49.12","49.35","48.99","9.23M","0.74%"
"08/21/2017","48.90","48.65","48.96","48.54","7.29M","0.58%"
"08/18/2017","48.62","48.45","48.88","48.31","10.25M","0.14%"
"08/17/2017","48.55","49.17","49.31","48.55","9.66M","-1.42%"
"08/16/2017","49.25","48.97","49.31","48.76","9.88M","0.86%"
"08/15/2017","48.83","48.89","49.06","48.77","10.66M","-0.04%"
"08/14/2017","48.85","48.48","48.96","48.47","9.23M","1.26%"
"08/11/2017","48.24","48.18","48.44","47.98","11.70M","0.29%"
"08/10/2017","48.10","48.96","48.96","48.05","13.39M","-1.96%"
"08/09/2017","49.06","48.98","49.39","48.86","15.87M","-0.08%"
"08/08/2017","49.10","49.54","49.83","48.97","14.68M","-1.09%"
"08/07/2017","49.64","50.00","50.09","49.52","8.28M","-0.64%"
"08/04/2017","49.96","50.18","50.21","49.87","7.03M","-0.54%"
"08/03/2017","50.23","49.92","50.41","49.73","9.49M","0.92%"
"08/02/2017","49.77","50.26","50.31","49.58","8.72M","-0.78%"
"08/01/2017","50.16","50.15","50.22","49.82","6.07M","0.46%"
"07/31/2017","49.93","50.48","50.50","49.90","10.07M","-0.74%"
"07/28/2017","50.30","50.19","50.49","50.04","9.00M","-0.30%"
"07/27/2017","50.45","51.30","51.36","50.19","16.51M","-1.41%"
"07/26/2017","51.17","51.15","51.19","51.02","5.72M","0.00%"
"07/25/2017","51.17","50.91","51.23","50.79","10.54M","0.81%"
"07/24/2017","50.76","50.80","50.90","50.61","7.64M","-0.08%"
"07/21/2017","50.80","50.87","51.15","50.65","8.79M","-0.65%"
"07/20/2017","51.13","51.14","51.26","50.84","8.77M","0.25%"
"07/19/2017","51.00","50.46","51.10","50.36","13.31M","1.09%"
"07/18/2017","50.45","50.34","50.70","50.16","14.11M","0.02%"
"07/17/2017","50.44","50.31","50.58","50.24","8.09M","-0.24%"
"07/14/2017","50.56","50.27","50.65","50.27","9.88M","0.42%"
"07/13/2017","50.35","50.55","50.67","50.25","11.96M","-0.20%"
"07/12/2017","50.45","50.02","50.48","49.96","14.46M","1.14%"
"07/11/2017","49.88","49.53","49.89","49.41","9.75M","0.52%"
"07/10/2017","49.62","49.27","49.83","49.22","10.10M","0.55%"
"07/07/2017","49.35","48.83","49.44","48.83","10.89M","1.02%"
"07/06/2017","48.85","49.25","49.42","48.77","14.41M","-1.23%"
"07/05/2017","49.46","49.80","50.03","49.41","15.78M","0.20%"
"07/03/2017","49.36","50.05","50.13","49.32","10.88M","-1.56%"
"06/30/2017","50.14","50.18","50.52","50.08","13.15M","-0.12%"
"06/29/2017","50.20","50.76","50.88","49.98","13.93M","-1.32%"
"06/28/2017","50.87","51.07","51.09","50.81","15.98M","0.24%"
"06/27/2017","50.75","50.75","51.45","50.52","17.88M","-0.22%"
"06/26/2017","50.86","50.99","51.70","50.77","29.45M","-0.18%"
"06/23/2017","50.95","50.24","51.84","50.07","42.81M","1.29%"
"06/22/2017","50.30","51.61","51.85","50.16","63.19M","8.57%"
"06/21/2017","46.33","46.15","46.54","46.08","30.76M","1.07%"
"06/20/2017","45.84","45.76","46.32","45.60","15.30M","0.24%"
"06/19/2017","45.73","45.27","45.75","45.21","12.79M","1.42%"
"06/16/2017","45.09","44.75","45.10","44.53","15.93M","0.92%"
"06/15/2017","44.68","44.55","44.81","44.37","10.39M","-0.29%"
"06/14/2017","44.81","45.16","45.28","44.48","12.02M","-0.38%"
"06/13/2017","44.98","45.07","45.23","44.62","10.71M","0.29%"
"06/12/2017","44.85","44.65","44.85","43.74","16.19M","-0.40%"
"06/09/2017","45.03","45.40","45.67","44.68","12.19M","-0.86%"
"06/08/2017","45.42","45.73","45.86","45.31","12.89M","0.04%"
"06/07/2017","45.40","45.62","45.65","45.14","7.69M","-0.46%"
"06/06/2017","45.61","45.73","45.84","45.60","7.45M","-0.68%"
"06/05/2017","45.92","45.69","45.99","45.67","8.62M","0.57%"
"06/02/2017","45.66","45.88","46.07","45.48","11.79M","-0.28%"
"06/01/2017","45.79","45.52","45.80","45.36","8.14M","0.88%"
"05/31/2017","45.39","45.42","45.55","45.26","14.76M","-0.07%"
"05/30/2017","45.42","45.11","45.46","45.11","10.77M","0.35%"
"05/26/2017","45.26","45.21","45.45","45.06","6.90M","0.13%"
"05/25/2017","45.20","44.99","45.30","44.83","7.60M","0.83%"
"05/24/2017","44.83","44.65","44.88","44.50","7.71M","0.61%"
"05/23/2017","44.56","44.68","44.84","44.52","6.87M","-0.16%"
"05/22/2017","44.63","44.33","44.65","44.28","9.81M","0.72%"
"05/19/2017","44.31","44.21","44.52","44.17","11.52M","0.32%"
"05/18/2017","44.17","44.06","44.41","43.60","12.78M","-0.14%"
"05/17/2017","44.23","44.99","45.09","44.20","18.49M","-2.34%"
"05/16/2017","45.29","45.36","45.37","45.15","7.94M","-0.07%"
"05/15/2017","45.32","45.24","45.36","45.09","9.69M","0.53%"
"05/12/2017","45.08","45.01","45.15","44.91","7.97M","-0.18%"
"05/11/2017","45.16","45.41","45.41","44.97","9.00M","-0.81%"
"05/10/2017","45.53","45.52","45.56","45.29","6.91M","0.11%"
"05/09/2017","45.48","45.50","45.68","45.38","6.53M","-0.18%"
"05/08/2017","45.56","45.48","45.70","45.42","7.56M","-0.04%"
"05/05/2017","45.58","45.71","45.78","45.36","8.44M","0.24%"
"05/04/2017","45.47","44.96","45.78","44.95","15.51M","1.29%"
"05/03/2017","44.89","45.05","45.16","44.77","10.70M","-0.53%"
"05/02/2017","45.13","45.00","45.35","44.97","11.65M","0.18%"
"05/01/2017","45.05","45.01","45.18","44.87","9.12M","0.20%"
"04/28/2017","44.96","44.74","44.96","44.52","12.96M","0.42%"
"04/27/2017","44.77","44.88","44.94","44.65","8.22M","0.18%"
"04/26/2017","44.69","44.75","45.04","44.64","10.12M","-0.07%"
"04/25/2017","44.72","44.98","44.98","44.60","12.44M","-0.27%"
"04/24/2017","44.84","44.97","44.99","44.62","10.85M","0.92%"
"04/21/2017","44.43","44.59","44.74","44.40","11.56M","-0.22%"
"04/20/2017","44.53","44.26","44.63","44.17","10.88M","0.77%"
"04/19/2017","44.19","44.44","44.54","44.08","10.71M","-0.74%"
"04/18/2017","44.52","44.21","44.58","44.14","10.45M","0.52%"
"04/17/2017","44.29","44.12","44.36","44.00","11.00M","0.66%"
"04/13/2017","44.00","44.19","44.45","43.98","11.84M","-0.41%"
"04/12/2017","44.18","44.33","44.41","44.03","8.46M","0.02%"
"04/11/2017","44.17","43.89","44.45","43.76","15.42M","0.39%"
"04/10/2017","44.00","44.21","44.45","43.95","11.67M","-0.65%"
"04/07/2017","44.29","44.09","44.38","43.99","13.45M","0.25%"
"04/06/2017","44.18","44.53","44.53","44.14","11.56M","-0.70%"
"04/05/2017","44.49","44.74","44.97","44.41","9.45M","-0.22%"
"04/04/2017","44.59","44.61","44.74","44.38","9.16M","-0.04%"
"04/03/2017","44.61","44.68","45.05","44.40","16.04M","0.00%"
"03/31/2017","44.61","44.50","44.85","44.46","10.65M","-0.16%"
"03/30/2017","44.68","44.45","44.74","44.37","7.79M","0.36%"
"03/29/2017","44.52","44.52","44.73","44.47","10.64M","-0.38%"
"03/28/2017","44.69","44.83","45.03","44.66","14.01M","-0.33%"
"03/27/2017","44.84","44.51","44.93","44.36","8.93M","0.43%"
"03/24/2017","44.65","44.92","45.09","44.58","13.11M","-0.67%"
"03/23/2017","44.95","44.68","45.06","44.67","16.19M","0.36%"
"03/22/2017","44.79","45.13","45.45","44.63","14.34M","-0.11%"
"03/21/2017","44.84","45.31","45.40","44.71","21.97M","-0.86%"
"03/20/2017","45.23","45.67","45.95","45.16","21.45M","-0.94%"
"03/17/2017","45.66","45.25","45.98","45.11","31.69M","-0.15%"
"03/16/2017","45.73","46.39","46.99","45.65","67.54M","6.23%"
"03/15/2017","43.05","42.90","43.20","42.64","18.39M","0.61%"
"03/14/2017","42.79","42.58","42.84","42.41","10.29M","0.49%"
"03/13/2017","42.58","42.75","42.78","42.52","12.44M","-0.23%"
"03/10/2017","42.68","42.62","42.69","42.35","12.24M","0.57%"
"03/09/2017","42.44","42.63","42.63","42.25","10.31M","-0.40%"
"03/08/2017","42.61","42.68","42.79","42.51","9.22M","0.02%"
"03/07/2017","42.60","42.58","42.75","42.52","9.49M","0.07%"
"03/06/2017","42.57","42.46","42.73","42.30","9.20M","-0.28%"
"03/03/2017","42.69","42.77","42.88","42.59","8.93M","-0.47%"
"03/02/2017","42.89","42.83","42.93","42.63","9.43M","-0.07%"
"03/01/2017","42.92","42.75","43.00","42.69","11.40M","0.77%"
"02/28/2017","42.59","42.62","42.74","42.42","14.45M","-0.26%"
"02/27/2017","42.70","43.26","43.26","42.52","13.88M","-1.09%"
"02/24/2017","43.17","42.74","43.19","42.68","11.43M","0.49%"
"02/23/2017","42.96","42.56","42.99","42.50","15.48M","1.06%"
"02/22/2017","42.51","42.26","42.52","42.13","11.60M","0.57%"
"02/21/2017","42.27","41.99","42.38","41.93","12.39M","0.50%"
"02/17/2017","42.06","41.54","42.06","41.50","18.55M","1.13%"
"02/16/2017","41.59","41.46","41.73","41.37","10.13M","0.43%"
"02/15/2017","41.41","40.96","41.48","40.89","9.24M","0.75%"
"02/14/2017","41.10","40.92","41.17","40.75","9.62M","0.02%"
"02/13/2017","41.09","40.89","41.19","40.80","12.78M","0.74%"
"02/10/2017","40.79","40.33","40.92","40.21","13.17M","1.39%"
"02/09/2017","40.23","40.09","40.45","40.05","10.98M","0.52%"
"02/08/2017","40.02","40.06","40.35","40.01","8.88M","-0.12%"
"02/07/2017","40.07","40.16","40.30","40.04","8.85M","-0.07%"
"02/06/2017","40.10","40.44","40.44","40.08","7.87M","-0.82%"
"02/03/2017","40.43","40.07","40.43","39.95","12.94M","1.13%"
"02/02/2017","39.98","39.77","40.00","39.68","10.12M","0.35%"
"02/01/2017","39.84","40.22","40.22","39.71","11.84M","-0.67%"
"01/31/2017","40.11","40.21","40.25","39.67","10.77M","-0.30%"
"01/30/2017","40.23","40.11","40.25","39.81","10.59M","0.00%"
"01/27/2017","40.23","40.20","40.39","40.13","9.23M","0.25%"
"01/26/2017","40.13","40.21","40.25","39.95","10.56M","-0.05%"
"01/25/2017","40.15","40.32","40.38","39.95","13.16M","0.12%"
"01/24/2017","40.10","39.85","40.20","39.75","12.22M","1.06%"
"01/23/2017","39.68","39.76","40.09","39.43","13.25M","-0.48%"
"01/20/2017","39.87","39.46","40.03","39.45","25.44M","1.68%"
"01/19/2017","39.21","39.12","39.38","39.10","12.23M","0.05%"
"01/18/2017","39.19","39.28","39.34","39.03","10.39M","0.23%"
"01/17/2017","39.10","39.07","39.28","38.88","11.08M","-0.41%"
"01/13/2017","39.26","39.16","39.33","39.03","9.46M","0.15%"
"01/12/2017","39.20","39.03","39.32","38.59","11.53M","0.23%"
"01/11/2017","39.11","38.64","39.13","38.64","10.40M","1.16%"
"01/10/2017","38.66","39.00","39.07","38.66","11.32M","-0.95%"
"01/09/2017","39.03","38.53","39.45","38.47","15.59M","1.51%"
"01/06/2017","38.45","38.75","38.75","38.38","14.83M","-0.49%"
"01/05/2017","38.64","38.67","38.95","38.41","12.06M","-0.26%"
"01/04/2017","38.74","38.55","38.92","38.55","9.55M","0.49%"
"01/03/2017","38.55","38.45","38.69","38.30","11.05M","0.26%"
"12/30/2016","38.45","38.75","38.86","38.34","10.82M","-0.62%"
"12/29/2016","38.69","38.61","38.84","38.61","5.71M","0.03%"
"12/28/2016","38.68","38.87","38.92","38.63","8.26M","-0.36%"
"12/27/2016","38.82","38.77","39.04","38.76","5.07M","0.10%"
"12/23/2016","38.78","38.79","39.02","38.63","8.14M","-0.46%"
"12/22/2016","38.96","38.93","39.24","38.60","11.23M","0.33%"
"12/21/2016","38.83","39.06","39.06","38.61","11.97M","-0.44%"
"12/20/2016","39.00","38.96","39.11","38.80","14.01M","0.26%"
"12/19/2016","38.90","39.03","39.19","38.59","15.14M","-0.51%"
"12/16/2016","39.10","40.22","40.22","38.76","46.22M","-4.31%"
"12/15/2016","40.86","40.95","41.14","40.73","17.78M","-0.05%"
"12/14/2016","40.88","40.87","41.09","40.62","25.10M","0.29%"
"12/13/2016","40.76","40.47","41.00","40.47","12.49M","0.62%"
"12/12/2016","40.51","40.35","40.70","40.35","10.89M","-0.02%"
"12/09/2016","40.52","40.41","40.77","40.28","11.22M","0.42%"
"12/08/2016","40.35","40.32","40.49","40.08","10.11M","0.07%"
"12/07/2016","40.32","39.50","40.37","39.49","15.17M","2.15%"
"12/06/2016","39.47","39.01","39.48","38.88","13.52M","1.28%"
"12/05/2016","38.97","38.60","39.11","38.54","13.68M","1.22%"
"12/02/2016","38.50","38.46","38.83","37.64","19.12M","-0.52%"
"12/01/2016","38.70","40.11","40.18","38.46","22.74M","-3.71%"
"11/30/2016","40.19","40.66","40.70","40.19","14.37M","-0.89%"
"11/29/2016","40.55","40.34","40.74","40.13","10.16M","0.62%"
"11/28/2016","40.30","40.13","40.53","40.05","12.12M","0.07%"
"11/25/2016","40.27","40.04","40.35","40.04","4.01M","0.42%"
"11/23/2016","40.10","40.05","40.10","39.84","11.10M","0.02%"
"11/22/2016","40.09","40.09","40.12","39.81","10.99M","0.50%"
"11/21/2016","39.89","39.97","40.03","39.67","8.07M","0.08%"
"11/18/2016","39.86","40.28","40.49","39.67","12.89M","-0.97%"
"11/17/2016","40.25","39.80","40.29","39.67","13.32M","1.39%"
"11/16/2016","39.70","39.10","39.80","38.92","12.60M","1.35%"
"11/15/2016","39.17","38.89","39.22","38.68","13.59M","-0.33%"
"11/14/2016","39.30","39.39","39.67","39.11","15.42M","-0.38%"
"11/11/2016","39.45","39.54","39.80","39.18","12.22M","-0.33%"
"11/10/2016","39.58","39.65","40.06","39.30","26.71M","0.08%"
"11/09/2016","39.55","38.56","39.73","38.39","19.50M","1.07%"
"11/08/2016","39.13","39.16","39.35","38.98","7.57M","0.10%"
"11/07/2016","39.09","38.73","39.15","38.72","9.51M","2.12%"
"11/04/2016","38.28","38.31","38.58","38.17","14.29M","-0.08%"
"11/03/2016","38.31","37.99","38.38","37.99","12.39M","0.74%"
"11/02/2016","38.03","38.46","38.49","37.98","9.49M","-1.12%"
"11/01/2016","38.46","38.58","38.58","38.23","12.02M","0.10%"
"10/31/2016","38.42","38.31","38.51","38.20","10.49M","0.65%"
"10/28/2016","38.17","38.30","38.45","38.02","7.80M","-0.13%"
"10/27/2016","38.22","38.41","38.56","38.15","7.59M","-0.23%"
"10/26/2016","38.31","38.15","38.64","38.15","9.72M","-0.13%"
"10/25/2016","38.36","38.33","38.43","38.10","11.63M","0.24%"
"10/24/2016","38.27","38.12","38.42","38.12","13.55M","0.90%"
"10/21/2016","37.93","37.99","38.12","37.77","13.41M","-0.42%"
"10/20/2016","38.09","38.12","38.35","38.01","11.20M","-0.68%"
"10/19/2016","38.35","38.52","38.63","38.31","8.31M","-0.18%"
"10/18/2016","38.42","38.60","38.69","38.36","7.12M","0.34%"
"10/17/2016","38.29","38.54","38.54","38.21","9.42M","-0.31%"
"10/14/2016","38.41","38.26","38.59","38.19","11.60M","1.00%"
"10/13/2016","38.03","37.86","38.19","37.62","14.12M","-0.05%"
"10/12/2016","38.05","37.93","38.15","37.64","8.94M","0.11%"
"10/11/2016","38.01","38.56","38.65","37.81","14.96M","-1.58%"
"10/10/2016","38.62","38.86","39.00","38.59","9.48M","-0.23%"
"10/07/2016","38.71","38.84","39.00","38.61","11.44M","-0.41%"
"10/06/2016","38.87","39.11","39.24","38.63","9.79M","-0.72%"
"10/05/2016","39.15","39.11","39.34","38.89","8.27M","0.72%"
"10/04/2016","38.87","39.04","39.20","38.76","9.20M","-0.31%"
"10/03/2016","38.99","39.20","39.26","38.86","10.40M","-0.74%"
"09/30/2016","39.28","39.25","39.44","39.09","12.86M","0.41%"
"09/29/2016","39.12","39.25","39.62","39.08","8.80M","-0.81%"
"09/28/2016","39.44","39.23","39.50","39.16","8.10M","0.36%"
"09/27/2016","39.30","38.90","39.49","38.86","10.64M","0.69%"
"09/26/2016","39.03","39.00","39.10","38.76","9.84M","-0.51%"
"09/23/2016","39.23","39.39","39.42","39.03","14.02M","-0.71%"
"09/22/2016","39.51","39.68","39.80","39.48","9.68M","0.00%"
"09/21/2016","39.51","39.19","39.58","39.19","10.99M","1.13%"
"09/20/2016","39.07","39.55","39.60","39.05","12.12M","-0.41%"
"09/19/2016","39.23","39.13","39.55","39.05","19.80M","0.80%"
"09/16/2016","38.92","39.61","39.95","38.71","50.70M","-4.75%"
"09/15/2016","40.86","40.18","41.03","40.09","19.09M","1.52%"
"09/14/2016","40.25","40.02","40.55","40.02","11.63M","0.17%"
"09/13/2016","40.18","40.37","40.53","39.97","13.40M","-1.23%"
"09/12/2016","40.68","39.96","40.75","39.68","14.93M","1.62%"
"09/09/2016","40.03","40.33","40.74","40.03","14.48M","-1.69%"
"09/08/2016","40.72","40.93","41.00","40.60","16.73M","-1.28%"
"09/07/2016","41.25","41.14","41.31","40.95","10.42M","0.00%"
"09/06/2016","41.25","41.37","41.37","41.07","8.31M","0.00%"
"09/02/2016","41.25","41.26","41.42","41.03","9.02M","0.22%"
"09/01/2016","41.16","40.98","41.26","40.78","10.65M","-0.15%"
"08/31/2016","41.22","41.27","41.32","41.09","9.69M","-0.22%"
"08/30/2016","41.31","41.39","41.40","41.15","6.84M","0.00%"
"08/29/2016","41.31","41.48","41.53","41.26","9.17M","0.12%"
"08/26/2016","41.26","41.11","41.58","41.06","9.23M","0.39%"
"08/25/2016","41.10","41.12","41.20","41.00","7.57M","0.07%"
"08/24/2016","41.07","41.35","41.47","40.98","9.83M","-1.04%"
"08/23/2016","41.50","41.37","41.64","41.36","10.63M","0.68%"
"08/22/2016","41.22","41.11","41.39","41.11","9.83M","-0.24%"
"08/19/2016","41.32","41.04","41.34","41.01","9.11M","0.44%"
"08/18/2016","41.14","40.95","41.33","40.95","8.54M","-0.17%"
"08/17/2016","41.21","41.38","41.38","41.07","9.88M","-0.27%"
"08/16/2016","41.32","41.30","41.45","41.24","8.11M","-0.17%"
"08/15/2016","41.39","41.00","41.64","41.00","12.77M","0.73%"
"08/12/2016","41.09","41.13","41.20","41.00","6.30M","-0.46%"
"08/11/2016","41.28","41.13","41.41","41.13","9.47M","0.46%"
"08/10/2016","41.09","41.13","41.25","40.86","11.08M","-0.02%"
"08/09/2016","41.10","41.09","41.27","41.05","9.53M","-0.15%"
"08/08/2016","41.16","41.18","41.40","41.12","11.43M","0.07%"
"08/05/2016","41.13","41.07","41.22","40.96","9.62M","0.56%"
"08/04/2016","40.90","40.61","40.95","40.61","9.14M","0.47%"
"08/03/2016","40.71","40.62","40.85","40.59","12.35M","0.00%"
"08/02/2016","40.71","41.12","41.12","40.58","10.27M","-1.07%"
"08/01/2016","41.15","40.91","41.27","40.91","12.44M","0.27%"
"07/29/2016","41.04","41.32","41.38","40.92","13.23M","-0.36%"
"07/28/2016","41.19","41.35","41.40","40.72","17.05M","0.64%"
"07/27/2016","40.93","41.03","41.10","40.75","9.57M","-0.02%"
"07/26/2016","40.94","41.06","41.24","40.81","11.03M","-0.53%"
"07/25/2016","41.16","40.91","41.16","40.89","8.97M","0.19%"
"07/22/2016","41.08","41.12","41.21","40.95","10.43M","0.02%"
"07/21/2016","41.07","41.34","41.51","40.94","11.55M","-0.44%"
"07/20/2016","41.25","41.48","41.50","41.25","11.41M","0.41%"
"07/19/2016","41.08","41.30","41.45","41.01","12.72M","-1.34%"
"07/18/2016","41.64","41.71","41.84","41.58","8.74M","-0.31%"
"07/15/2016","41.77","41.91","41.91","41.46","11.67M","0.24%"
"07/14/2016","41.67","41.57","41.87","41.50","9.26M","0.51%"
"07/13/2016","41.46","41.56","41.65","41.25","9.61M","0.10%"
"07/12/2016","41.42","41.23","41.58","41.05","13.32M","1.57%"
"07/11/2016","40.78","40.90","41.14","40.75","12.91M","-0.22%"
"07/08/2016","40.87","40.88","41.18","40.74","14.24M","0.84%"
"07/07/2016","40.53","40.65","40.83","40.42","11.68M","0.00%"
"07/06/2016","40.53","40.20","40.57","40.02","12.12M","0.32%"
"07/05/2016","40.40","40.33","40.58","40.15","12.50M","-1.13%"
"07/01/2016","40.86","40.70","41.05","40.69","11.38M","-0.17%"
"06/30/2016","40.93","40.48","41.16","40.47","20.10M","0.94%"
"06/29/2016","40.55","39.76","40.70","39.49","23.01M","3.63%"
"06/28/2016","39.13","38.72","39.19","38.58","14.75M","1.69%"
"06/27/2016","38.48","38.87","38.88","38.18","22.53M","-1.91%"
"06/24/2016","39.23","39.38","39.89","39.02","44.20M","-3.92%"
"06/23/2016","40.83","40.40","40.87","40.26","15.43M","2.05%"
"06/22/2016","40.01","40.15","40.34","39.87","12.64M","0.05%"
"06/21/2016","39.99","39.93","40.12","39.75","20.11M","0.65%"
"06/20/2016","39.73","39.90","40.35","39.70","17.15M","0.13%"
"06/17/2016","39.68","39.49","39.96","38.92","34.51M","2.69%"
"06/16/2016","38.64","38.36","38.80","38.08","17.92M","0.52%"
"06/15/2016","38.44","38.80","38.92","38.41","14.48M","-1.00%"
"06/14/2016","38.83","38.63","38.98","38.57","12.09M","0.54%"
"06/13/2016","38.62","38.50","38.89","38.38","13.04M","-0.31%"
"06/10/2016","38.74","38.78","38.99","38.61","10.44M","-0.79%"
"06/09/2016","39.05","39.19","39.21","38.75","12.32M","-0.59%"
"06/08/2016","39.28","39.16","39.34","38.90","11.67M","0.38%"
"06/07/2016","39.13","39.55","39.74","39.05","20.01M","-0.79%"
"06/06/2016","39.44","39.19","39.64","39.12","16.12M","0.87%"
"06/03/2016","39.10","38.74","39.21","38.69","20.74M","1.14%"
"06/02/2016","38.66","38.70","39.05","38.08","51.06M","-3.97%"
"06/01/2016","40.26","40.06","40.30","39.82","9.27M","0.15%"
"05/31/2016","40.20","40.08","40.22","39.95","12.57M","0.32%"
"05/27/2016","40.07","39.83","40.08","39.80","8.24M","0.30%"
"05/26/2016","39.95","40.11","40.20","39.92","7.57M","-0.45%"
"05/25/2016","40.13","40.05","40.29","40.05","7.97M","0.58%"
"05/24/2016","39.90","39.42","40.08","39.25","11.33M","1.84%"
"05/23/2016","39.18","39.31","39.44","39.14","8.90M","-0.58%"
"05/20/2016","39.41","39.08","39.58","38.95","16.15M","1.47%"
"05/19/2016","38.84","39.16","39.24","38.56","15.12M","-1.60%"
"05/18/2016","39.47","39.59","39.80","39.16","10.38M","-0.33%"
"05/17/2016","39.60","39.80","40.02","39.47","9.48M","-0.93%"
"05/16/2016","39.97","39.77","40.10","39.46","7.80M","0.91%"
"05/13/2016","39.61","39.78","40.08","39.51","9.39M","-0.53%"
"05/12/2016","39.82","39.89","40.03","39.59","10.01M","0.43%"
"05/11/2016","39.65","39.86","40.08","39.64","7.18M","-0.92%"
"05/10/2016","40.02","39.58","40.06","39.58","9.29M","1.68%"
"05/09/2016","39.36","39.34","39.73","39.22","7.95M","-0.13%"
"05/06/2016","39.41","38.97","39.42","38.97","7.59M","0.46%"
"05/05/2016","39.23","39.44","39.46","39.12","8.96M","-0.15%"
"05/04/2016","39.29","39.39","39.57","39.13","9.05M","-0.98%"
"05/03/2016","39.68","40.03","40.11","39.53","11.44M","-1.54%"
"05/02/2016","40.30","39.90","40.43","39.83","10.45M","1.10%"
"04/29/2016","39.86","40.17","40.17","39.37","12.88M","-1.17%"
"04/28/2016","40.33","40.36","40.97","40.17","9.23M","-1.27%"
"04/27/2016","40.85","40.51","41.00","40.51","8.74M","0.49%"
"04/26/2016","40.65","40.82","40.85","40.43","8.37M","-0.32%"
"04/25/2016","40.78","40.59","40.83","40.47","10.88M","0.20%"
"04/22/2016","40.70","40.79","41.43","40.67","15.00M","-0.71%"
"04/21/2016","40.99","41.03","41.30","40.88","11.95M","-0.27%"
"04/20/2016","41.10","41.19","41.39","41.08","8.48M","0.10%"
"04/19/2016","41.06","41.41","41.49","40.97","9.88M","-0.44%"
"04/18/2016","41.24","40.84","41.25","40.80","8.85M","0.54%"
"04/15/2016","41.02","41.12","41.38","41.02","10.34M","-0.53%"
"04/14/2016","41.24","41.31","41.46","41.18","9.15M","-0.17%"
"04/13/2016","41.31","40.82","41.39","40.63","12.75M","2.20%"
"04/12/2016","40.42","40.31","40.52","39.99","9.25M","0.07%"
"04/11/2016","40.39","40.59","41.08","40.38","10.40M","0.07%"
"04/08/2016","40.36","40.13","40.54","40.13","8.01M","0.98%"
"04/07/2016","39.97","40.59","40.59","39.81","12.84M","-1.91%"
"04/06/2016","40.75","40.40","40.79","40.19","12.52M","0.54%"
"04/05/2016","40.53","40.85","41.06","40.46","9.11M","-1.31%"
"04/04/2016","41.07","41.15","41.28","40.90","10.24M","-0.22%"
"04/01/2016","41.16","40.68","41.22","40.62","9.57M","0.61%"
"03/31/2016","40.91","41.13","41.24","40.80","10.20M","-0.15%"
"03/30/2016","40.97","40.96","41.11","40.84","9.80M","0.66%"
"03/29/2016","40.70","40.41","40.80","40.37","15.16M","0.20%"
"03/28/2016","40.62","41.11","41.11","40.55","14.65M","-0.85%"
"03/24/2016","40.97","40.60","41.06","40.34","11.96M","0.54%"
"03/23/2016","40.75","41.30","41.35","40.57","13.67M","-1.52%"
"03/22/2016","41.38","41.32","41.75","41.19","11.97M","-0.55%"
"03/21/2016","41.61","41.42","42.00","41.37","17.28M","0.31%"
"03/18/2016","41.48","40.87","41.49","40.65","34.35M","2.14%"
"03/17/2016","40.61","40.15","40.96","40.07","22.16M","0.97%"
"03/16/2016","40.22","39.55","40.95","39.53","49.08M","3.82%"
"03/15/2016","38.74","38.35","38.87","38.13","17.50M","0.10%"
"03/14/2016","38.70","38.91","38.94","38.55","14.70M","-0.64%"
"03/11/2016","38.95","38.45","38.97","38.28","13.14M","2.37%"
"03/10/2016","38.05","38.77","38.77","37.51","17.62M","-1.12%"
"03/09/2016","38.48","38.43","38.61","38.12","16.79M","0.87%"
"03/08/2016","38.15","38.11","38.45","37.94","12.38M","-0.55%"
"03/07/2016","38.36","37.54","38.45","37.52","13.01M","1.24%"
"03/04/2016","37.89","38.00","38.16","37.77","10.64M","0.00%"
"03/03/2016","37.89","37.61","37.91","37.40","8.83M","0.34%"
"03/02/2016","37.76","37.76","37.89","37.43","12.79M","-0.61%"
"03/01/2016","37.99","37.15","37.99","37.04","13.03M","3.29%"
"02/29/2016","36.78","37.00","37.33","36.62","22.30M","-0.49%"
"02/26/2016","36.96","37.43","37.65","36.84","16.55M","-0.88%"
"02/25/2016","37.29","36.79","37.30","36.50","11.57M","1.80%"
"02/24/2016","36.63","36.09","36.73","35.77","10.98M","0.22%"
"02/23/2016","36.55","37.11","37.11","36.38","9.42M","-1.51%"
"02/22/2016","37.11","37.11","37.49","36.90","10.11M","0.90%"
"02/19/2016","36.78","36.52","36.79","36.42","13.20M","0.41%"
"02/18/2016","36.63","36.71","36.87","36.40","12.87M","0.00%"
"02/17/2016","36.63","35.97","36.77","35.97","13.19M","2.61%"
"02/16/2016","35.70","35.76","35.91","35.42","19.68M","0.45%"
"02/12/2016","35.54","35.24","35.55","34.91","15.84M","2.01%"
"02/11/2016","34.84","34.59","35.11","34.47","18.89M","-1.02%"
"02/10/2016","35.20","35.42","36.13","35.14","13.37M","0.34%"
"02/09/2016","35.08","35.13","35.61","34.62","17.82M","-1.49%"
"02/08/2016","35.61","35.13","35.70","34.48","20.12M","-0.25%"
"02/05/2016","35.70","36.13","36.24","35.37","17.31M","-2.06%"
"02/04/2016","36.45","35.70","36.54","35.66","16.93M","2.13%"
"02/03/2016","35.69","35.56","35.79","34.94","13.86M","0.96%"
"02/02/2016","35.35","35.85","35.94","35.25","17.40M","-2.67%"
"02/01/2016","36.32","35.90","36.54","35.85","14.14M","0.03%"
"01/29/2016","36.31","35.65","36.31","35.51","19.06M","2.77%"
"01/28/2016","35.33","35.17","35.55","34.94","15.47M","1.20%"
"01/27/2016","34.91","35.03","35.55","34.73","20.57M","-0.91%"
"01/26/2016","35.23","34.32","35.23","34.12","19.73M","2.59%"
"01/25/2016","34.34","34.58","34.94","34.30","16.79M","-1.32%"
"01/22/2016","34.80","34.55","34.99","34.53","15.89M","1.99%"
"01/21/2016","34.12","33.91","34.56","33.59","20.38M","0.53%"
"01/20/2016","33.94","33.88","34.23","33.13","25.28M","-1.77%"
"01/19/2016","34.55","34.54","34.75","34.24","21.42M","1.26%"
"01/15/2016","34.12","33.80","34.51","33.66","25.43M","-1.93%"
"01/14/2016","34.79","34.19","35.09","34.01","19.52M","2.08%"
"01/13/2016","34.08","35.19","35.40","33.87","28.32M","-3.65%"
"01/12/2016","35.37","35.32","35.55","34.98","18.46M","1.23%"
"01/11/2016","34.94","34.75","35.12","34.52","18.73M","0.84%"
"01/08/2016","34.65","35.13","35.28","34.61","21.96M","-1.11%"
"01/07/2016","35.04","35.25","35.68","34.88","22.59M","-2.18%"
"01/06/2016","35.82","35.50","36.13","35.36","18.17M","0.51%"
"01/05/2016","35.64","35.86","36.12","35.49","25.34M","-0.31%"
"01/04/2016","35.75","36.01","36.01","35.36","18.78M","-2.14%"
"12/31/2015","36.53","36.84","36.95","36.43","10.33M","-1.06%"
"12/30/2015","36.92","37.08","37.16","36.83","9.59M","-0.32%"
"12/29/2015","37.04","37.02","37.21","36.98","10.71M","0.68%"
"12/28/2015","36.79","36.83","36.86","36.47","10.92M","-0.59%"
"12/24/2015","37.01","36.73","37.23","36.73","4.95M","0.22%"
"12/23/2015","36.93","36.66","37.22","36.65","12.83M","0.93%"
"12/22/2015","36.59","36.39","36.71","36.25","13.92M","0.47%"
"12/21/2015","36.42","36.72","36.84","36.10","15.04M","0.19%"
"12/18/2015","36.35","36.89","37.08","36.31","28.73M","-1.57%"
"12/17/2015","36.93","38.09","38.20","36.54","42.88M","-5.09%"
"12/16/2015","38.91","38.67","39.14","38.34","23.48M","1.83%"
"12/15/2015","38.21","38.10","38.53","37.95","19.26M","1.49%"
"12/14/2015","37.65","37.15","37.68","36.85","20.14M","1.18%"
"12/11/2015","37.21","37.62","37.85","37.03","20.35M","-2.57%"
"12/10/2015","38.19","38.61","38.82","38.11","18.36M","-1.01%"
"12/09/2015","38.58","38.63","39.35","38.33","17.52M","-0.39%"
"12/08/2015","38.73","38.29","38.87","38.26","15.22M","-0.23%"
"12/07/2015","38.82","39.16","39.24","38.50","13.80M","-0.87%"
"12/04/2015","39.16","38.02","39.24","37.88","18.21M","3.57%"
"12/03/2015","37.81","38.96","38.96","37.75","20.32M","-2.30%"
"12/02/2015","38.70","39.15","39.39","38.65","13.69M","-1.35%"
"12/01/2015","39.23","39.09","39.27","38.91","12.72M","0.67%"
"11/30/2015","38.97","39.11","39.29","38.97","18.97M","-0.54%"
"11/27/2015","39.18","39.14","39.34","39.08","6.87M","-0.20%"
"11/25/2015","39.26","39.47","39.60","39.24","8.02M","-0.51%"
"11/24/2015","39.46","38.78","39.62","38.78","13.77M","0.82%"
"11/23/2015","39.14","39.44","39.53","39.05","9.11M","-0.51%"
"11/20/2015","39.34","39.25","39.58","39.20","12.02M","0.82%"
"11/19/2015","39.02","38.67","39.32","38.62","12.31M","0.83%"
"11/18/2015","38.70","38.19","38.73","38.15","11.96M","1.49%"
"11/17/2015","38.13","38.23","38.52","37.97","14.82M","0.03%"
"11/16/2015","38.12","37.69","38.39","37.56","16.74M","2.20%"
"11/13/2015","37.30","38.48","38.60","37.22","23.99M","-3.44%"
"11/12/2015","38.63","38.65","39.10","38.51","14.59M","-1.05%"
"11/11/2015","39.04","39.24","39.60","38.98","18.86M","-2.20%"
"11/10/2015","39.92","39.83","40.17","39.79","11.29M","-0.45%"
"11/09/2015","40.10","40.41","40.50","39.78","14.60M","-1.28%"
"11/06/2015","40.62","40.32","40.64","40.13","16.48M","0.67%"
"11/05/2015","40.35","40.16","40.60","40.15","16.36M","-0.32%"
"11/04/2015","40.48","40.35","40.57","40.06","16.86M","0.70%"
"11/03/2015","40.20","39.69","40.27","39.58","17.15M","1.13%"
"11/02/2015","39.75","39.05","39.78","38.90","19.79M","2.34%"
"10/30/2015","38.84","38.92","39.04","38.50","16.47M","-0.05%"
"10/29/2015","38.86","38.53","38.91","38.52","11.43M","-0.05%"
"10/28/2015","38.88","38.63","38.89","38.37","14.02M","1.41%"
"10/27/2015","38.34","38.33","38.45","38.04","14.11M","-0.08%"
"10/26/2015","38.37","37.94","38.62","37.94","12.33M","0.79%"
"10/23/2015","38.07","38.12","38.16","37.79","16.47M","0.74%"
"10/22/2015","37.79","36.85","37.86","36.85","14.70M","3.19%"
"10/21/2015","36.62","36.98","37.12","36.57","11.07M","-0.65%"
"10/20/2015","36.86","36.62","37.00","36.62","13.68M","-0.03%"
"10/19/2015","36.87","36.86","37.10","36.57","18.10M","-1.34%"
"10/16/2015","37.37","37.80","37.80","37.14","19.69M","-0.48%"
"10/15/2015","37.55","37.55","37.67","37.26","12.21M","0.78%"
"10/14/2015","37.26","37.17","37.58","37.14","14.07M","-1.48%"
"10/13/2015","37.82","37.91","38.20","37.74","11.58M","-0.58%"
"10/12/2015","38.04","37.92","38.12","37.69","11.02M","-0.16%"
"10/09/2015","38.10","37.98","38.20","37.66","14.66M","0.55%"
"10/08/2015","37.89","37.39","37.98","37.34","13.25M","0.61%"
"10/07/2015","37.66","37.75","37.98","37.35","16.37M","-0.19%"
"10/06/2015","37.73","37.52","37.85","37.51","12.43M","0.37%"
"10/05/2015","37.59","37.26","37.73","37.02","12.74M","1.90%"
"10/02/2015","36.89","35.71","36.91","35.64","18.77M","1.79%"
"10/01/2015","36.24","36.23","36.42","35.85","18.33M","0.33%"
"09/30/2015","36.12","35.89","36.19","35.77","16.21M","1.72%"
"09/29/2015","35.51","35.31","35.66","35.24","19.79M","0.20%"
"09/28/2015","35.44","35.72","36.14","35.40","21.74M","-1.69%"
"09/25/2015","36.05","36.20","36.32","35.91","19.39M","-0.03%"
"09/24/2015","36.06","35.85","36.23","35.39","18.06M","0.19%"
"09/23/2015","35.99","36.19","36.22","35.83","16.99M","-0.55%"
"09/22/2015","36.19","36.34","36.49","35.97","19.98M","-1.74%"
"09/21/2015","36.83","36.60","37.06","36.42","14.96M","1.24%"
"09/18/2015","36.38","36.29","36.98","36.26","34.92M","-0.98%"
"09/17/2015","36.74","36.74","37.67","36.50","37.30M","-4.00%"
"09/16/2015","38.27","38.26","38.52","37.93","19.57M","0.74%"
"09/15/2015","37.99","37.77","38.18","37.40","14.88M","1.14%"
"09/14/2015","37.56","37.81","37.94","37.37","15.02M","-0.95%"
"09/11/2015","37.92","37.45","37.96","37.40","12.95M","0.82%"
"09/10/2015","37.61","37.03","37.94","37.03","16.93M","1.40%"
"09/09/2015","37.09","37.90","38.18","37.01","14.71M","-1.57%"
"09/08/2015","37.68","36.73","37.82","36.73","18.95M","3.89%"
"09/04/2015","36.27","36.35","36.68","36.09","13.15M","-1.71%"
"09/03/2015","36.90","36.81","37.27","36.77","11.79M","0.41%"
"09/02/2015","36.75","36.37","36.75","36.11","15.05M","2.05%"
"09/01/2015","36.01","36.33","36.55","35.89","19.95M","-2.91%"
"08/31/2015","37.09","37.16","37.51","36.93","15.35M","-0.99%"
"08/28/2015","37.46","36.86","37.49","36.78","21.56M","1.74%"
"08/27/2015","36.82","37.35","37.51","36.01","28.22M","-0.24%"
"08/26/2015","36.91","36.03","37.02","35.60","20.55M","4.12%"
"08/25/2015","35.45","36.97","37.21","35.38","21.39M","-1.75%"
"08/24/2015","36.08","35.73","37.06","35.14","32.52M","-3.91%"
"08/21/2015","37.55","38.32","38.77","37.55","19.41M","-2.80%"
"08/20/2015","38.63","39.19","39.50","38.60","13.07M","-2.28%"
"08/19/2015","39.53","39.70","39.94","39.31","11.11M","-0.75%"
"08/18/2015","39.83","39.52","40.03","39.51","9.95M","0.28%"
"08/17/2015","39.72","39.41","39.73","39.09","7.63M","0.79%"
"08/14/2015","39.41","39.33","39.50","39.18","7.18M","0.25%"
"08/13/2015","39.31","39.22","39.56","38.99","7.79M","0.08%"
"08/12/2015","39.28","38.74","39.36","38.50","11.15M","0.28%"
"08/11/2015","39.17","39.53","39.68","39.02","10.60M","-1.80%"
"08/10/2015","39.89","39.76","40.05","39.70","9.53M","0.83%"
"08/07/2015","39.56","39.36","39.69","39.23","10.66M","0.61%"
"08/06/2015","39.32","39.63","39.84","39.15","10.61M","-0.81%"
"08/05/2015","39.64","39.90","40.02","39.63","11.98M","-0.05%"
"08/04/2015","39.66","39.59","40.00","39.52","9.70M","-0.13%"
"08/03/2015","39.71","39.95","40.01","39.46","12.44M","-0.58%"
"07/31/2015","39.94","39.76","40.12","39.70","13.71M","0.73%"
"07/30/2015","39.65","40.03","40.10","39.55","13.63M","-0.35%"
"07/29/2015","39.79","39.37","39.87","39.26","13.02M","1.30%"
"07/28/2015","39.28","38.79","39.37","38.44","14.29M","2.00%"
"07/27/2015","38.51","38.72","38.82","38.47","15.76M","-1.26%"
"07/24/2015","39.00","39.10","39.17","38.80","12.03M","0.00%"
"07/23/2015","39.00","39.55","39.60","38.96","18.08M","-1.07%"
"07/22/2015","39.42","39.36","39.67","39.25","16.80M","-0.38%"
"07/21/2015","39.57","39.76","39.98","39.39","14.68M","-0.90%"
"07/20/2015","39.93","40.36","40.39","39.87","17.49M","-1.16%"
"07/17/2015","40.40","40.75","40.86","40.16","14.57M","-1.37%"
"07/16/2015","40.96","41.02","41.02","40.55","14.86M","0.42%"
"07/15/2015","40.79","40.63","40.92","40.63","9.33M","0.02%"
"07/14/2015","40.78","40.81","40.90","40.58","9.30M","-0.05%"
"07/13/2015","40.80","40.52","40.86","40.38","10.72M","1.09%"
"07/10/2015","40.36","40.56","40.65","40.21","10.47M","0.45%"
"07/09/2015","40.18","40.24","40.48","40.15","13.35M","1.03%"
"07/08/2015","39.77","39.90","40.24","39.70","14.60M","-0.97%"
"07/07/2015","40.16","40.04","40.27","39.84","16.44M","0.02%"
"07/06/2015","40.15","39.93","40.29","39.77","12.43M","-0.52%"
"07/02/2015","40.36","40.38","40.42","40.15","11.64M","0.30%"
"07/01/2015","40.24","40.61","40.70","39.93","13.95M","-0.15%"
"06/30/2015","40.30","40.60","40.75","40.11","16.69M","-0.30%"
"06/29/2015","40.42","40.63","40.90","40.38","18.20M","-1.39%"
"06/26/2015","40.99","41.10","41.37","40.97","39.69M","-0.17%"
"06/25/2015","41.06","41.24","41.47","41.05","13.59M","-0.34%"
"06/24/2015","41.20","41.54","41.77","41.20","17.77M","-1.22%"
"06/23/2015","41.71","41.94","42.06","41.48","17.39M","0.53%"
"06/22/2015","41.49","41.80","41.95","41.45","22.37M","-0.24%"
"06/19/2015","41.59","42.90","43.10","41.56","37.43M","-2.69%"
"06/18/2015","42.74","41.91","42.98","40.97","79.14M","-4.83%"
"06/17/2015","44.91","44.86","45.24","44.37","27.08M","0.60%"
"06/16/2015","44.64","43.91","44.88","43.76","18.27M","2.10%"
"06/15/2015","43.72","43.90","43.99","43.41","16.73M","-1.40%"
"06/12/2015","44.34","43.98","44.39","43.90","11.74M","0.14%"
"06/11/2015","44.28","44.17","44.42","44.03","12.52M","0.77%"
"06/10/2015","43.94","43.28","44.05","43.06","15.52M","2.02%"
"06/09/2015","43.07","43.35","43.37","42.82","7.63M","-0.07%"
"06/08/2015","43.10","43.81","43.89","43.08","9.11M","-1.62%"
"06/05/2015","43.81","43.83","44.02","43.49","12.85M","0.09%"
"06/04/2015","43.77","43.74","44.11","43.51","13.78M","-0.45%"
"06/03/2015","43.97","43.74","44.09","43.59","9.22M","0.62%"
"06/02/2015","43.70","43.51","44.01","43.14","8.28M","-0.21%"
"06/01/2015","43.79","43.84","44.06","43.64","9.76M","0.69%"
"05/29/2015","43.49","43.79","43.84","43.36","10.36M","-0.84%"
"05/28/2015","43.86","44.08","44.25","43.64","7.27M","-0.63%"
"05/27/2015","44.14","43.54","44.25","43.41","11.10M","1.87%"
"05/26/2015","43.33","43.74","43.83","43.15","10.44M","-1.37%"
"05/22/2015","43.93","44.20","44.27","43.88","7.48M","-0.79%"
"05/21/2015","44.28","44.22","44.45","43.95","8.04M","-0.02%"
"05/20/2015","44.29","44.22","44.60","44.09","9.06M","-0.07%"
"05/19/2015","44.32","44.42","44.46","44.16","8.64M","0.18%"
"05/18/2015","44.24","43.94","44.41","43.88","6.07M","0.20%"
"05/15/2015","44.15","44.41","44.44","43.94","9.37M","-0.52%"
"05/14/2015","44.38","44.11","44.40","44.00","7.29M","1.35%"
"05/13/2015","43.79","43.76","44.07","43.62","7.45M","0.50%"
"05/12/2015","43.57","43.65","43.69","43.28","8.52M","-0.62%"
"05/11/2015","43.84","43.97","44.20","43.60","7.43M","-0.39%"
"05/08/2015","44.01","43.83","44.24","43.69","9.58M","1.22%"
"05/07/2015","43.48","43.17","43.66","43.02","8.79M","0.51%"
"05/06/2015","43.26","44.20","44.24","43.00","12.73M","-1.50%"
"05/05/2015","43.92","44.47","44.62","43.89","11.41M","-1.50%"
"05/04/2015","44.59","44.55","44.85","44.24","9.17M","0.50%"
"05/01/2015","44.37","43.44","44.38","43.44","11.94M","1.72%"
"04/30/2015","43.62","44.05","44.41","43.51","20.20M","-2.48%"
"04/29/2015","44.73","44.40","44.90","43.68","36.61M","0.52%"
"04/28/2015","44.50","43.71","44.58","43.45","18.29M","2.04%"
"04/27/2015","43.61","43.10","43.95","43.07","12.92M","1.23%"
"04/24/2015","43.08","43.41","43.58","42.75","17.77M","-0.71%"
"04/23/2015","43.39","43.51","43.63","42.98","11.31M","-0.37%"
"04/22/2015","43.55","43.51","43.75","43.34","7.34M","0.30%"
"04/21/2015","43.42","43.51","43.87","43.40","9.31M","0.23%"
"04/20/2015","43.32","43.31","43.81","43.25","10.43M","0.74%"
"04/17/2015","43.00","43.06","43.40","42.86","12.47M","-1.06%"
"04/16/2015","43.46","43.69","43.96","43.25","11.96M","-1.20%"
"04/15/2015","43.99","42.95","44.19","42.83","18.19M","2.95%"
"04/14/2015","42.73","43.04","43.06","42.51","10.51M","-0.81%"
"04/13/2015","43.08","43.55","43.79","43.03","10.94M","-0.99%"
"04/10/2015","43.51","43.08","43.89","43.08","12.54M","0.72%"
"04/09/2015","43.20","42.97","43.31","42.74","9.40M","0.21%"
"04/08/2015","43.11","42.85","43.34","42.85","6.95M","0.35%"
"04/07/2015","42.96","42.99","43.48","42.94","8.08M","0.00%"
"04/06/2015","42.96","42.28","43.10","42.21","9.77M","0.80%"
"04/02/2015","42.62","42.99","43.11","42.48","11.18M","-0.75%"
"04/01/2015","42.94","42.99","43.12","42.72","12.05M","-0.49%"
"03/31/2015","43.15","43.31","43.57","43.13","13.26M","-0.67%"
"03/30/2015","43.44","43.23","43.63","43.12","12.73M","1.88%"
"03/27/2015","42.64","42.93","43.12","42.42","18.03M","-0.81%"
"03/26/2015","42.99","42.78","43.23","42.46","14.07M","0.14%"
"03/25/2015","42.93","43.68","43.75","42.93","17.49M","-1.78%"
"03/24/2015","43.71","44.33","44.50","43.71","14.91M","-1.22%"
"03/23/2015","44.25","44.34","44.62","44.16","10.75M","-0.36%"
"03/20/2015","44.41","44.13","44.73","44.06","20.72M","0.57%"
"03/19/2015","44.16","44.00","44.49","44.00","15.73M","0.07%"
"03/18/2015","44.13","44.30","44.94","43.35","37.90M","2.94%"
"03/17/2015","42.87","43.11","43.34","42.86","21.51M","-1.24%"
"03/16/2015","43.41","42.82","43.53","42.74","17.42M","2.43%"
"03/13/2015","42.38","41.54","42.47","41.51","18.41M","1.83%"
"03/12/2015","41.62","41.46","41.76","41.26","13.72M","0.36%"
"03/11/2015","41.47","41.93","42.16","41.41","11.11M","-0.84%"
"03/10/2015","41.82","42.24","42.55","41.77","13.96M","-2.04%"
"03/09/2015","42.69","42.25","42.79","42.19","11.47M","0.73%"
"03/06/2015","42.38","43.61","43.61","42.30","15.09M","-3.24%"
"03/05/2015","43.80","43.66","43.89","43.26","10.98M","0.44%"
"03/04/2015","43.61","43.20","43.66","42.82","14.70M","0.53%"
"03/03/2015","43.38","43.83","43.88","43.17","10.06M","-1.48%"
"03/02/2015","44.03","43.81","44.04","43.48","11.09M","0.48%"
"02/27/2015","43.82","43.77","44.11","43.68","9.55M","-0.16%"
"02/26/2015","43.89","43.80","44.15","43.71","8.52M","0.37%"
"02/25/2015","43.73","43.83","44.09","43.38","11.79M","-0.34%"
"02/24/2015","43.88","43.79","43.96","43.38","10.52M","0.23%"
"02/23/2015","43.78","43.46","43.88","43.30","11.00M","0.02%"
"02/20/2015","43.77","44.06","44.09","43.46","14.73M","-0.77%"
"02/19/2015","44.11","44.13","44.37","44.00","8.47M","0.02%"
"02/18/2015","44.10","43.71","44.11","43.65","8.66M","0.59%"
"02/17/2015","43.84","43.67","43.90","43.54","10.12M","-0.20%"
"02/13/2015","43.93","43.80","44.23","43.80","10.16M","0.09%"
"02/12/2015","43.89","43.48","44.06","43.41","12.52M","1.22%"
"02/11/2015","43.36","43.96","44.00","43.09","12.84M","-1.43%"
"02/10/2015","43.99","43.79","44.06","43.56","12.71M","1.36%"
"02/09/2015","43.40","42.63","43.63","42.63","12.71M","0.98%"
"02/06/2015","42.98","43.26","43.47","42.88","9.52M","-0.42%"
"02/05/2015","43.16","42.50","43.24","42.50","9.63M","1.74%"
"02/04/2015","42.42","42.97","43.16","42.32","12.91M","-1.44%"
"02/03/2015","43.04","42.94","43.14","42.53","12.66M","0.84%"
"02/02/2015","42.68","42.21","42.71","41.56","16.89M","1.89%"
"01/30/2015","41.89","42.09","42.52","41.82","22.59M","-2.26%"
"01/29/2015","42.86","42.82","43.02","42.32","12.81M","0.40%"
"01/28/2015","42.69","43.94","43.98","42.67","15.13M","-1.64%"
"01/27/2015","43.40","43.01","43.87","42.58","14.98M","-1.14%"
"01/26/2015","43.90","44.17","44.21","43.54","12.06M","-0.66%"
"01/23/2015","44.19","43.98","44.54","43.92","14.15M","0.32%"
"01/22/2015","44.05","43.95","45.33","43.18","17.97M","1.29%"
"01/21/2015","43.49","43.69","43.93","43.21","15.88M","-0.93%"
"01/20/2015","43.90","43.56","44.03","43.23","16.31M","0.90%"
"01/16/2015","43.51","42.49","43.62","42.25","17.79M","2.06%"
"01/15/2015","42.63","43.48","43.64","42.57","13.43M","-1.00%"
"01/14/2015","43.06","42.46","43.17","42.46","12.71M","0.30%"
"01/13/2015","42.93","43.67","43.95","42.57","12.88M","-0.79%"
"01/12/2015","43.27","43.26","43.77","42.86","16.06M","-0.28%"
"01/09/2015","43.39","43.98","44.10","43.26","15.96M","-0.05%"
"01/08/2015","43.41","43.63","43.94","43.38","17.52M","0.60%"
"01/07/2015","43.15","43.33","43.52","43.01","13.50M","0.02%"
"01/06/2015","43.14","44.06","44.18","42.99","19.23M","-1.03%"
"01/05/2015","43.59","44.16","44.25","43.58","18.38M","-1.67%"
"01/02/2015","44.33","45.02","45.19","43.97","15.07M","-1.42%"