"Date","Price","Open","High","Low","Change %"
"08/17/2026","4.024","3.976","4.025","3.972","0.69%"
"08/14/2026","3.997","3.924","4.001","3.921","2.23%"
"08/13/2026","3.910","3.945","3.949","3.890","-0.84%"
"08/12/2026","3.943","3.960","3.965","3.909","-0.63%"
"08/11/2026","3.968","4.002","4.015","3.937","-0.08%"
"08/10/2026","3.971","3.913","3.978","3.900","1.61%"
"08/07/2026","3.908","3.923","3.942","3.891","-0.19%"
"08/06/2026","3.916","3.899","3.920","3.892","0.70%"
"08/05/2026","3.888","3.858","3.903","3.857","0.56%"
"08/04/2026","3.867","3.935","3.962","3.866","-1.90%"
"08/03/2026","3.942","3.967","3.969","3.929","-2.26%"
"07/31/2026","4.033","3.972","4.037","3.960","1.25%"
"07/30/2026","3.983","4.036","4.036","3.983","-0.41%"
"07/29/2026","3.999","3.938","4.000","3.937","2.12%"
"07/28/2026","3.916","3.923","3.958","3.912","-0.66%"
"07/27/2026","3.942","3.946","3.961","3.931","-1.77%"
"07/24/2026","4.013","4.042","4.044","4.004","-1.59%"
"07/23/2026","4.078","4.030","4.088","4.015","1.88%"
"07/22/2026","4.003","4.021","4.038","3.995","0.11%"
"07/21/2026","3.999","3.978","4.021","3.960","0.36%"
"07/20/2026","3.984","3.995","3.995","3.932","0.70%"
"07/17/2026","3.957","3.952","3.974","3.938","0.18%"
"07/16/2026","3.950","3.929","3.990","3.929","1.06%"
"07/15/2026","3.908","3.926","3.945","3.900","0.74%"
"07/14/2026","3.879","3.943","3.944","3.870","-0.10%"
"07/13/2026","3.883","3.843","3.883","3.826","2.07%"
"07/10/2026","3.804","3.826","3.842","3.803","-1.29%"
"07/09/2026","3.854","3.886","3.897","3.849","-1.44%"
"07/08/2026","3.911","3.846","3.914","3.832","3.33%"
"07/07/2026","3.784","3.758","3.784","3.740","1.40%"
"07/06/2026","3.732","3.704","3.743","3.695","0.33%"
"07/03/2026","3.720","3.704","3.727","3.698","0.71%"
"07/02/2026","3.694","3.695","3.735","3.692","1.82%"
"07/01/2026","3.627","3.637","3.663","3.623","0.87%"
"06/30/2026","3.596","3.575","3.601","3.556","-0.06%"
"06/29/2026","3.598","3.605","3.634","3.590","0.34%"
"06/26/2026","3.586","3.599","3.619","3.584","-0.45%"
"06/25/2026","3.602","3.600","3.614","3.579","-0.12%"
"06/24/2026","3.606","3.646","3.660","3.589","-1.36%"
"06/23/2026","3.656","3.658","3.668","3.628","-0.37%"
"06/22/2026","3.670","3.679","3.703","3.651","-1.12%"
"06/19/2026","3.711","3.671","3.714","3.664","1.91%"
"06/18/2026","3.642","3.647","3.670","3.633","0.21%"
"06/17/2026","3.634","3.620","3.650","3.619","-0.47%"
"06/16/2026","3.651","3.673","3.678","3.631","-0.81%"
"06/15/2026","3.681","3.680","3.692","3.664","-1.41%"
"06/12/2026","3.734","3.743","3.774","3.700","-1.88%"
"06/11/2026","3.805","3.867","3.867","3.789","-1.10%"
"06/10/2026","3.848","3.826","3.875","3.805","0.77%"
"06/09/2026","3.818","3.832","3.840","3.785","-0.45%"
"06/08/2026","3.836","3.852","3.853","3.803","0.53%"
"06/05/2026","3.815","3.782","3.816","3.758","0.82%"
"06/04/2026","3.784","3.769","3.802","3.751","-0.10%"
"06/03/2026","3.788","3.741","3.803","3.730","2.76%"
"06/02/2026","3.686","3.695","3.709","3.667","-1.81%"
"06/01/2026","3.754","3.706","3.780","3.690","2.24%"
"05/29/2026","3.672","3.696","3.712","3.645","-0.57%"
"05/28/2026","3.693","3.747","3.754","3.669","-0.70%"
"05/27/2026","3.719","3.693","3.724","3.662","0.33%"
"05/26/2026","3.707","3.697","3.724","3.681","1.37%"
"05/25/2026","3.657","3.698","3.713","3.642","-3.23%"
"05/22/2026","3.779","3.806","3.817","3.753","-2.13%"
"05/21/2026","3.861","3.861","3.888","3.813","0.67%"
"05/20/2026","3.835","3.945","3.965","3.806","-3.52%"
"05/19/2026","3.975","3.912","3.995","3.896","0.98%"
"05/18/2026","3.937","3.980","4.002","3.884","-0.53%"
"05/15/2026","3.958","3.868","3.958","3.850","4.58%"
"05/14/2026","3.784","3.832","3.855","3.781","-1.95%"
"05/13/2026","3.860","3.858","3.894","3.851","-0.28%"
"05/12/2026","3.871","3.874","3.883","3.843","2.36%"
"05/11/2026","3.781","3.763","3.807","3.760","1.36%"
"05/08/2026","3.731","3.758","3.780","3.710","-0.29%"
"05/07/2026","3.741","3.718","3.754","3.691","-0.46%"
"05/06/2026","3.759","3.822","3.830","3.710","-2.95%"
"05/05/2026","3.873","3.921","3.933","3.870","-1.46%"
"05/04/2026","3.930","3.885","3.953","3.868","1.69%"
"05/01/2026","3.865","3.863","3.865","3.863","0.03%"
"04/30/2026","3.864","3.989","3.990","3.851","-2.43%"
"04/29/2026","3.960","3.890","3.963","3.890","1.75%"
"04/28/2026","3.892","3.874","3.933","3.867","1.25%"
"04/27/2026","3.843","3.823","3.856","3.800","1.06%"
"04/24/2026","3.803","3.847","3.872","3.801","-0.10%"
"04/23/2026","3.807","3.841","3.851","3.791","0.24%"
"04/22/2026","3.797","3.752","3.797","3.748","0.16%"
"04/21/2026","3.791","3.708","3.797","3.705","1.83%"
"04/20/2026","3.723","3.738","3.762","3.707","1.12%"
"04/17/2026","3.682","3.826","3.828","3.649","-3.35%"
"04/16/2026","3.809","3.765","3.823","3.765","-0.19%"
"04/15/2026","3.817","3.760","3.832","3.752","0.86%"
"04/14/2026","3.784","3.823","3.855","3.784","-2.55%"
"04/13/2026","3.883","3.878","3.906","3.833","0.91%"
"04/10/2026","3.848","3.774","3.850","3.772","2.57%"
"04/09/2026","3.752","3.753","3.833","3.750","1.22%"
"04/08/2026","3.707","3.695","3.740","3.655","-6.87%"
"04/07/2026","3.980","3.895","4.007","3.845","3.20%"
"04/06/2026","3.857","3.857","3.857","3.857","0.00%"
"04/03/2026","3.857","3.857","3.857","3.857","0.13%"
"04/02/2026","3.852","3.933","3.977","3.851","0.12%"
"04/01/2026","3.847","3.756","3.882","3.756","-1.75%"
"03/31/2026","3.915","3.984","4.008","3.898","-1.51%"
"03/30/2026","3.975","4.042","4.064","3.974","-2.17%"
"03/27/2026","4.063","4.052","4.142","4.044","1.07%"
"03/26/2026","4.020","3.922","4.026","3.914","4.87%"
"03/25/2026","3.833","3.883","3.883","3.820","-2.69%"
"03/24/2026","3.939","3.878","3.994","3.860","0.73%"
"03/23/2026","3.911","4.043","4.119","3.789","-1.38%"
"03/20/2026","3.965","3.745","3.968","3.740","4.61%"
"03/19/2026","3.791","3.813","3.864","3.759","1.16%"
"03/18/2026","3.747","3.629","3.768","3.628","2.31%"
"03/17/2026","3.663","3.728","3.728","3.651","-1.74%"
"03/16/2026","3.727","3.773","3.794","3.683","-1.95%"
"03/13/2026","3.802","3.811","3.814","3.716","1.60%"
"03/12/2026","3.742","3.595","3.750","3.576","2.61%"
"03/11/2026","3.646","3.595","3.663","3.576","3.62%"
"03/10/2026","3.519","3.504","3.564","3.502","-2.67%"
"03/09/2026","3.616","3.785","3.785","3.616","-0.59%"
"03/06/2026","3.637","3.557","3.684","3.557","1.85%"
"03/05/2026","3.571","3.486","3.576","3.434","4.29%"
"03/04/2026","3.424","3.483","3.510","3.424","-1.50%"
"03/03/2026","3.476","3.422","3.516","3.420","3.30%"
"03/02/2026","3.365","3.307","3.370","3.300","2.64%"
"02/27/2026","3.279","3.305","3.316","3.276","-0.81%"
"02/26/2026","3.305","3.314","3.322","3.296","-0.28%"
"02/25/2026","3.315","3.320","3.335","3.312","-0.22%"
"02/24/2026","3.322","3.322","3.341","3.315","-0.19%"
"02/23/2026","3.328","3.341","3.358","3.326","-0.67%"
"02/20/2026","3.351","3.350","3.359","3.344","-0.18%"
"02/19/2026","3.357","3.375","3.383","3.357","0.13%"
"02/18/2026","3.352","3.365","3.373","3.348","-0.20%"
"02/17/2026","3.359","3.360","3.366","3.349","-0.56%"
"02/16/2026","3.378","3.359","3.402","3.351","0.12%"
"02/13/2026","3.374","3.386","3.401","3.362","-0.57%"
"02/12/2026","3.393","3.415","3.415","3.386","-0.40%"
"02/11/2026","3.407","3.412","3.435","3.406","-0.30%"
"02/10/2026","3.417","3.445","3.449","3.413","-1.19%"
"02/09/2026","3.458","3.467","3.484","3.453","-0.50%"
"02/06/2026","3.476","3.463","3.479","3.451","0.06%"
"02/05/2026","3.474","3.498","3.509","3.474","-0.21%"
"02/04/2026","3.481","3.490","3.491","3.471","-0.61%"
"02/03/2026","3.502","3.493","3.515","3.487","0.45%"
"02/02/2026","3.487","3.478","3.496","3.462","0.67%"
"01/30/2026","3.464","3.466","3.480","3.455","0.37%"
"01/29/2026","3.451","3.464","3.472","3.447","-0.57%"
"01/28/2026","3.470","3.448","3.472","3.446","-0.23%"
"01/27/2026","3.478","3.481","3.493","3.463","0.12%"
"01/26/2026","3.474","3.497","3.503","3.462","-1.22%"
"01/23/2026","3.517","3.514","3.524","3.493","-0.06%"
"01/22/2026","3.519","3.520","3.524","3.496","0.87%"
"01/21/2026","3.489","3.445","3.497","3.434","0.77%"
"01/20/2026","3.462","3.462","3.497","3.454","1.03%"
"01/19/2026","3.427","3.418","3.435","3.406","0.32%"
"01/16/2026","3.416","3.405","3.441","3.405","0.21%"
"01/15/2026","3.409","3.425","3.432","3.403","-0.11%"
"01/14/2026","3.413","3.440","3.450","3.413","-0.87%"
"01/13/2026","3.443","3.452","3.461","3.441","0.50%"
"01/12/2026","3.426","3.464","3.468","3.423","-0.91%"
"01/09/2026","3.457","3.465","3.476","3.449","-0.43%"
"01/08/2026","3.472","3.480","3.511","3.472","0.00%"
"01/07/2026","3.472","3.476","3.485","3.444","-0.69%"
"01/06/2026","3.496","3.546","3.548","3.483","-0.95%"
"01/05/2026","3.529","3.576","3.576","3.529","-1.15%"
"01/02/2026","3.570","3.554","3.581","3.537","1.65%"
"01/01/2026","3.512","3.512","3.512","3.512","0.00%"
"12/31/2025","3.512","3.512","3.512","3.512","0.04%"
"12/30/2025","3.510","3.478","3.514","3.476","1.24%"
"12/29/2025","3.467","3.489","3.500","3.462","-1.34%"
"12/26/2025","3.514","3.514","3.514","3.514","0.00%"
"12/25/2025","3.515","3.514","3.515","3.514","0.00%"
"12/24/2025","3.514","3.514","3.514","3.514","-0.12%"
"12/23/2025","3.518","3.539","3.542","3.513","-1.40%"
"12/22/2025","3.568","3.553","3.586","3.534","0.61%"
"12/19/2025","3.547","3.509","3.550","3.505","1.37%"
"12/18/2025","3.499","3.510","3.550","3.497","-0.84%"
"12/17/2025","3.529","3.484","3.538","3.483","0.60%"
"12/16/2025","3.507","3.527","3.532","3.506","-0.84%"
"12/15/2025","3.537","3.531","3.537","3.513","-0.47%"
"12/12/2025","3.554","3.530","3.568","3.525","0.61%"
"12/11/2025","3.532","3.558","3.569","3.525","-0.78%"
"12/10/2025","3.560","3.569","3.607","3.556","0.33%"
"12/09/2025","3.549","3.573","3.586","3.547","-0.33%"
"12/08/2025","3.560","3.507","3.578","3.498","1.89%"
"12/05/2025","3.494","3.477","3.497","3.461","0.62%"
"12/04/2025","3.473","3.458","3.488","3.450","0.77%"
"12/03/2025","3.446","3.456","3.461","3.433","-0.60%"
"12/02/2025","3.467","3.467","3.484","3.463","-0.07%"
"12/01/2025","3.470","3.436","3.472","3.430","1.92%"
"11/28/2025","3.404","3.402","3.417","3.395","0.06%"
"11/27/2025","3.402","3.391","3.415","3.391","0.33%"
"11/26/2025","3.391","3.416","3.420","3.386","-0.38%"
"11/25/2025","3.404","3.450","3.457","3.399","-1.11%"
"11/24/2025","3.442","3.447","3.471","3.434","-0.64%"
"11/21/2025","3.464","3.455","3.465","3.434","-0.31%"
"11/20/2025","3.475","3.456","3.495","3.451","0.74%"
"11/19/2025","3.449","3.448","3.463","3.423","-0.42%"
"11/18/2025","3.464","3.447","3.468","3.436","0.41%"
"11/17/2025","3.450","3.472","3.474","3.435","-0.45%"
"11/14/2025","3.465","3.456","3.472","3.441","1.23%"
"11/13/2025","3.423","3.385","3.424","3.360","1.58%"
"11/12/2025","3.370","3.402","3.424","3.370","-0.93%"
"11/11/2025","3.402","3.414","3.436","3.398","-0.35%"
"11/10/2025","3.414","3.451","3.451","3.406","-0.48%"
"11/07/2025","3.430","3.431","3.451","3.418","0.51%"
"11/06/2025","3.413","3.418","3.431","3.409","-0.37%"
"11/05/2025","3.425","3.393","3.427","3.388","0.72%"
"11/04/2025","3.401","3.409","3.418","3.388","-0.16%"
"11/03/2025","3.407","3.391","3.415","3.378","0.67%"
"10/31/2025","3.384","3.408","3.414","3.381","-0.39%"
"10/30/2025","3.397","3.406","3.426","3.393","0.48%"
"10/29/2025","3.381","3.392","3.399","3.380","-0.57%"
"10/28/2025","3.400","3.395","3.406","3.390","0.13%"
"10/27/2025","3.396","3.424","3.424","3.394","-0.62%"
"10/24/2025","3.417","3.371","3.424","3.364","1.24%"
"10/23/2025","3.375","3.364","3.376","3.358","0.65%"
"10/22/2025","3.353","3.341","3.362","3.333","0.19%"
"10/21/2025","3.347","3.358","3.368","3.344","-0.77%"
"10/20/2025","3.373","3.385","3.398","3.372","-0.15%"
"10/17/2025","3.378","3.343","3.387","3.342","0.69%"
"10/16/2025","3.355","3.392","3.392","3.353","-0.52%"
"10/15/2025","3.372","3.398","3.406","3.363","-1.39%"
"10/14/2025","3.420","3.446","3.447","3.419","-1.17%"
"10/13/2025","3.460","3.490","3.492","3.459","-0.84%"
"10/10/2025","3.489","3.519","3.526","3.476","-1.43%"
"10/09/2025","3.540","3.509","3.541","3.499","1.02%"
"10/08/2025","3.504","3.543","3.543","3.498","-1.70%"
"10/07/2025","3.565","3.588","3.603","3.563","-0.16%"
"10/06/2025","3.570","3.568","3.594","3.566","0.81%"
"10/03/2025","3.542","3.546","3.569","3.535","-0.22%"
"10/02/2025","3.549","3.557","3.576","3.540","-0.04%"
"10/01/2025","3.551","3.594","3.600","3.533","-0.38%"
"09/30/2025","3.564","3.554","3.582","3.550","0.13%"
"09/29/2025","3.560","3.589","3.594","3.560","-1.32%"
"09/26/2025","3.608","3.627","3.646","3.591","-0.89%"
"09/25/2025","3.640","3.609","3.650","3.592","1.30%"
"09/24/2025","3.593","3.572","3.603","3.565","0.56%"
"09/23/2025","3.573","3.559","3.584","3.554","-0.03%"
"09/22/2025","3.574","3.568","3.577","3.552","0.20%"
"09/19/2025","3.567","3.559","3.573","3.553","0.47%"
"09/18/2025","3.550","3.488","3.554","3.485","1.49%"
"09/17/2025","3.498","3.500","3.517","3.489","-0.34%"
"09/16/2025","3.510","3.497","3.528","3.489","0.13%"
"09/15/2025","3.506","3.543","3.543","3.503","-1.18%"
"09/12/2025","3.547","3.494","3.552","3.488","1.90%"
"09/11/2025","3.481","3.505","3.523","3.466","-0.34%"
"09/10/2025","3.493","3.499","3.518","3.490","-0.50%"
"09/09/2025","3.511","3.509","3.521","3.500","0.35%"
"09/08/2025","3.498","3.533","3.533","3.493","-0.93%"
"09/05/2025","3.531","3.572","3.591","3.510","-2.01%"
"09/04/2025","3.603","3.632","3.637","3.589","-0.98%"
"09/03/2025","3.639","3.697","3.716","3.638","-1.93%"
"09/02/2025","3.711","3.667","3.716","3.667","2.05%"
"09/01/2025","3.636","3.639","3.651","3.615","0.58%"
"08/29/2025","3.615","3.575","3.618","3.573","1.47%"
"08/28/2025","3.563","3.579","3.622","3.559","-1.22%"
"08/27/2025","3.607","3.593","3.626","3.566","0.59%"
"08/26/2025","3.586","3.604","3.631","3.582","-0.92%"
"08/25/2025","3.619","3.574","3.632","3.574","1.93%"
"08/22/2025","3.550","3.611","3.627","3.549","-1.61%"
"08/21/2025","3.608","3.542","3.614","3.542","1.60%"
"08/20/2025","3.552","3.577","3.584","3.550","-0.92%"
"08/19/2025","3.585","3.598","3.610","3.575","-0.16%"
"08/18/2025","3.590","3.606","3.606","3.555","-0.80%"
"08/15/2025","3.619","3.505","3.624","3.500","2.83%"
"08/14/2025","3.520","3.467","3.520","3.452","1.17%"
"08/13/2025","3.479","3.539","3.539","3.477","-2.20%"
"08/12/2025","3.557","3.518","3.584","3.509","1.28%"
"08/11/2025","3.512","3.497","3.519","3.475","0.16%"
"08/08/2025","3.507","3.463","3.521","3.457","1.49%"
"08/07/2025","3.455","3.481","3.490","3.444","-0.76%"
"08/06/2025","3.481","3.470","3.497","3.455","0.78%"
"08/05/2025","3.454","3.455","3.477","3.428","-0.21%"
"08/04/2025","3.461","3.536","3.561","3.461","-2.22%"
"08/01/2025","3.540","3.569","3.594","3.494","0.11%"
"07/31/2025","3.536","3.523","3.547","3.518","-0.48%"
"07/30/2025","3.553","3.547","3.569","3.518","0.57%"
"07/29/2025","3.533","3.532","3.561","3.510","0.03%"
"07/28/2025","3.532","3.565","3.565","3.523","-1.37%"
"07/25/2025","3.581","3.610","3.655","3.580","0.36%"
"07/24/2025","3.568","3.521","3.576","3.513","3.00%"
"07/23/2025","3.464","3.478","3.487","3.452","0.03%"
"07/22/2025","3.463","3.502","3.507","3.456","-0.55%"
"07/21/2025","3.482","3.537","3.543","3.479","-2.63%"
"07/18/2025","3.576","3.581","3.592","3.569","0.34%"
"07/17/2025","3.564","3.592","3.605","3.554","-0.42%"
"07/16/2025","3.579","3.616","3.620","3.560","-0.67%"
"07/15/2025","3.603","3.594","3.609","3.549","-0.47%"
"07/14/2025","3.620","3.608","3.628","3.601","0.47%"
"07/11/2025","3.603","3.587","3.618","3.585","0.33%"
"07/10/2025","3.591","3.537","3.593","3.528","1.13%"
"07/09/2025","3.551","3.553","3.565","3.537","-0.36%"
"07/08/2025","3.564","3.544","3.587","3.544","1.25%"
"07/07/2025","3.520","3.474","3.530","3.474","1.29%"
"07/04/2025","3.475","3.457","3.475","3.446","-0.03%"
"07/03/2025","3.476","3.516","3.526","3.474","-1.67%"
"07/02/2025","3.535","3.496","3.561","3.486","1.67%"
"07/01/2025","3.477","3.477","3.486","3.429","-0.86%"
"06/30/2025","3.507","3.484","3.508","3.472","0.29%"
"06/27/2025","3.497","3.479","3.535","3.478","0.34%"
"06/26/2025","3.485","3.486","3.501","3.461","-0.57%"
"06/25/2025","3.505","3.463","3.535","3.446","0.37%"
"06/24/2025","3.492","3.481","3.533","3.477","-0.46%"
"06/23/2025","3.508","3.569","3.574","3.501","-0.48%"
"06/20/2025","3.525","3.506","3.562","3.503","-0.70%"
"06/19/2025","3.550","3.524","3.553","3.508","2.04%"
"06/18/2025","3.479","3.522","3.543","3.478","-1.16%"
"06/17/2025","3.520","3.511","3.532","3.480","1.73%"
"06/16/2025","3.460","3.510","3.541","3.448","-0.86%"
"06/13/2025","3.490","3.423","3.504","3.421","2.02%"
"06/12/2025","3.421","3.430","3.451","3.412","-1.36%"
"06/11/2025","3.468","3.467","3.483","3.433","0.43%"
"06/10/2025","3.453","3.474","3.489","3.446","-1.03%"
"06/09/2025","3.489","3.488","3.533","3.431","-0.57%"
"06/06/2025","3.509","3.531","3.532","3.476","-1.15%"
"06/05/2025","3.550","3.483","3.561","3.443","1.05%"
"06/04/2025","3.513","3.495","3.517","3.489","0.26%"
"06/03/2025","3.504","3.487","3.508","3.475","-0.43%"
"06/02/2025","3.519","3.522","3.562","3.501","0.66%"
"05/30/2025","3.496","3.495","3.538","3.488","-0.14%"
"05/29/2025","3.501","3.574","3.591","3.499","-1.46%"
"05/28/2025","3.553","3.550","3.566","3.523","0.54%"
"05/27/2025","3.534","3.535","3.568","3.522","-0.59%"
"05/26/2025","3.555","3.614","3.636","3.554","-1.52%"
"05/23/2025","3.610","3.635","3.665","3.587","-1.34%"
"05/22/2025","3.659","3.664","3.696","3.648","0.30%"
"05/21/2025","3.648","3.638","3.705","3.630","1.00%"
"05/20/2025","3.612","3.614","3.635","3.577","0.14%"
"05/19/2025","3.607","3.622","3.688","3.596","-0.06%"
"05/16/2025","3.609","3.601","3.616","3.580","-0.80%"
"05/15/2025","3.638","3.708","3.720","3.636","-2.36%"
"05/14/2025","3.726","3.710","3.726","3.669","0.40%"
"05/13/2025","3.711","3.693","3.712","3.685","0.73%"
"05/12/2025","3.684","3.646","3.689","3.646","1.63%"
"05/09/2025","3.625","3.619","3.666","3.612","1.00%"
"05/08/2025","3.589","3.559","3.593","3.549","0.81%"
"05/07/2025","3.560","3.639","3.639","3.559","-2.09%"
"05/06/2025","3.636","3.632","3.664","3.627","0.47%"
"05/05/2025","3.619","3.636","3.643","3.615","-0.33%"
"05/02/2025","3.631","3.610","3.645","3.585","1.54%"
"04/30/2025","3.576","3.612","3.613","3.572","-1.16%"
"04/29/2025","3.618","3.618","3.643","3.609","-0.39%"
"04/28/2025","3.632","3.592","3.641","3.590","1.37%"
"04/25/2025","3.583","3.554","3.599","3.549","1.13%"
"04/24/2025","3.543","3.616","3.616","3.540","-2.37%"
"04/23/2025","3.629","3.619","3.639","3.597","0.61%"
"04/22/2025","3.607","3.655","3.655","3.606","-1.18%"
"04/17/2025","3.650","3.695","3.731","3.633","-1.24%"
"04/16/2025","3.696","3.691","3.721","3.675","-0.67%"
"04/15/2025","3.721","3.673","3.731","3.671","1.03%"
"04/14/2025","3.683","3.756","3.767","3.681","-3.31%"
"04/11/2025","3.809","3.824","3.883","3.777","-0.21%"
"04/10/2025","3.817","3.887","3.890","3.793","-1.75%"
"04/09/2025","3.885","3.966","3.980","3.860","0.73%"
"04/08/2025","3.857","3.848","3.880","3.793","-0.21%"
"04/07/2025","3.865","3.795","3.873","3.738","2.74%"
"04/04/2025","3.762","3.734","3.781","3.700","-0.16%"
"04/03/2025","3.768","3.766","3.787","3.756","-1.26%"
"04/02/2025","3.816","3.790","3.826","3.777","0.74%"
"04/01/2025","3.788","3.832","3.832","3.768","-1.87%"
"03/31/2025","3.860","3.814","3.869","3.804","0.16%"
"03/28/2025","3.854","3.831","3.865","3.826","-0.67%"
"03/27/2025","3.880","3.876","3.895","3.861","-0.36%"
"03/26/2025","3.894","3.892","3.910","3.879","0.03%"
"03/25/2025","3.893","3.886","3.928","3.882","1.99%"
"03/24/2025","3.817","3.839","3.839","3.806","-0.08%"
"03/21/2025","3.820","3.836","3.842","3.810","-0.80%"
"03/20/2025","3.851","3.820","3.853","3.813","0.16%"
"03/19/2025","3.845","3.832","3.866","3.831","-0.77%"
"03/18/2025","3.875","3.873","3.902","3.863","0.44%"
"03/17/2025","3.858","3.939","3.950","3.849","-2.18%"
"03/14/2025","3.944","3.944","3.997","3.941","0.15%"
"03/13/2025","3.938","3.948","3.980","3.930","-0.05%"
"03/12/2025","3.940","3.960","3.981","3.931","-0.51%"
"03/11/2025","3.960","3.914","3.966","3.913","1.23%"
"03/10/2025","3.912","3.905","3.912","3.864","0.18%"
"03/07/2025","3.905","3.930","3.942","3.844","-0.53%"
"03/06/2025","3.926","3.952","3.970","3.903","2.16%"
"03/05/2025","3.843","3.699","3.869","3.667","7.74%"
"03/04/2025","3.567","3.523","3.579","3.491","0.62%"
"03/03/2025","3.545","3.496","3.566","3.479","1.96%"
"02/28/2025","3.477","3.473","3.486","3.459","-0.26%"
"02/27/2025","3.486","3.493","3.521","3.486","-0.06%"
"02/26/2025","3.488","3.536","3.536","3.482","-1.13%"
"02/25/2025","3.528","3.560","3.564","3.523","-0.87%"
"02/24/2025","3.559","3.559","3.583","3.543","0.06%"
"02/21/2025","3.557","3.605","3.605","3.555","-1.71%"
"02/20/2025","3.619","3.634","3.638","3.612","-0.52%"
"02/19/2025","3.638","3.567","3.644","3.562","2.51%"
"02/18/2025","3.549","3.568","3.569","3.540","-0.06%"
"02/17/2025","3.551","3.588","3.588","3.542","0.91%"
"02/14/2025","3.519","3.499","3.532","3.498","0.40%"
"02/13/2025","3.505","3.555","3.556","3.482","-1.68%"
"02/12/2025","3.565","3.540","3.572","3.522","0.96%"
"02/11/2025","3.531","3.480","3.549","3.476","2.26%"
"02/10/2025","3.453","3.460","3.473","3.442","-0.38%"
"02/07/2025","3.466","3.442","3.495","3.432","0.58%"
"02/06/2025","3.446","3.465","3.487","3.431","-0.14%"
"02/05/2025","3.451","3.470","3.477","3.430","-1.34%"
"02/04/2025","3.498","3.531","3.545","3.493","-0.34%"
"02/03/2025","3.510","3.562","3.562","3.486","-1.27%"
"01/31/2025","3.555","3.596","3.609","3.547","-1.20%"
"01/30/2025","3.598","3.635","3.636","3.581","-1.69%"
"01/29/2025","3.660","3.617","3.661","3.608","0.05%"
"01/28/2025","3.658","3.648","3.659","3.628","0.69%"
"01/27/2025","3.633","3.631","3.649","3.610","-0.68%"
"01/24/2025","3.658","3.630","3.684","3.615","0.52%"
"01/23/2025","3.639","3.598","3.664","3.595","1.08%"
"01/22/2025","3.600","3.589","3.602","3.556","0.25%"
"01/21/2025","3.591","3.611","3.632","3.586","-0.66%"
"01/20/2025","3.615","3.630","3.665","3.612","-0.85%"
"01/17/2025","3.646","3.633","3.646","3.603","-0.11%"
"01/16/2025","3.650","3.694","3.725","3.649","-1.16%"
"01/15/2025","3.693","3.807","3.822","3.669","-3.75%"
"01/14/2025","3.837","3.789","3.840","3.785","0.47%"
"01/13/2025","3.819","3.812","3.855","3.806","1.30%"
"01/10/2025","3.770","3.742","3.781","3.727","1.64%"
"01/09/2025","3.709","3.720","3.726","3.681","0.60%"
"01/08/2025","3.687","3.630","3.687","3.617","1.57%"
"01/07/2025","3.630","3.573","3.640","3.571","1.42%"
"01/06/2025","3.579","3.604","3.610","3.566","-0.47%"
"01/03/2025","3.596","3.514","3.602","3.514","1.75%"
"01/02/2025","3.534","3.526","3.536","3.476","0.37%"
"12/31/2024","3.521","3.526","3.526","3.521","-0.31%"
"12/30/2024","3.532","3.534","3.548","3.516","-0.14%"
"12/27/2024","3.537","3.529","3.582","3.514","1.20%"
"12/24/2024","3.495","3.502","3.502","3.495","-0.20%"
"12/23/2024","3.502","3.500","3.505","3.461","1.51%"
"12/20/2024","3.450","3.476","3.495","3.443","-0.66%"
"12/19/2024","3.473","3.479","3.492","3.453","1.88%"
"12/18/2024","3.409","3.398","3.419","3.395","0.65%"
"12/17/2024","3.387","3.418","3.427","3.371","-0.35%"
"12/16/2024","3.399","3.380","3.404","3.372","0.30%"
"12/13/2024","3.389","3.325","3.391","3.324","1.56%"
"12/12/2024","3.337","3.239","3.337","3.218","4.41%"
"12/11/2024","3.196","3.197","3.219","3.162","-0.34%"
"12/10/2024","3.207","3.224","3.235","3.186","0.38%"
"12/09/2024","3.195","3.174","3.204","3.166","0.03%"
"12/06/2024","3.194","3.204","3.211","3.171","-0.31%"
"12/05/2024","3.204","3.213","3.223","3.177","-0.34%"
"12/04/2024","3.215","3.267","3.276","3.207","-0.80%"
"12/03/2024","3.241","3.262","3.273","3.236","-0.58%"
"12/02/2024","3.260","3.284","3.284","3.223","-0.46%"
"11/29/2024","3.275","3.337","3.339","3.275","-2.06%"
"11/28/2024","3.344","3.392","3.409","3.340","-1.76%"
"11/27/2024","3.404","3.434","3.462","3.400","-1.65%"
"11/26/2024","3.461","3.485","3.492","3.440","-0.52%"
"11/25/2024","3.479","3.496","3.533","3.452","-0.74%"
"11/22/2024","3.505","3.578","3.588","3.487","-1.99%"
"11/21/2024","3.576","3.607","3.616","3.551","0.03%"
"11/20/2024","3.575","3.572","3.615","3.564","0.59%"
"11/19/2024","3.554","3.535","3.584","3.500","-0.53%"
"11/18/2024","3.573","3.555","3.636","3.555","0.48%"
"11/15/2024","3.556","3.564","3.578","3.521","0.25%"
"11/14/2024","3.547","3.640","3.649","3.546","-2.12%"
"11/13/2024","3.624","3.677","3.683","3.607","-0.33%"
"11/12/2024","3.636","3.619","3.638","3.570","1.20%"
"11/11/2024","3.593","3.621","3.641","3.587","-1.86%"
"11/08/2024","3.661","3.682","3.703","3.650","-2.03%"
"11/07/2024","3.737","3.631","3.842","3.619","-0.03%"
"11/06/2024","3.738","3.631","3.755","3.619","1.80%"
"11/05/2024","3.672","3.684","3.717","3.655","0.11%"
"11/04/2024","3.668","3.670","3.693","3.652","-0.49%"
"11/01/2024","3.686","3.677","3.704","3.639","0.55%"
"10/31/2024","3.666","3.684","3.730","3.649","1.05%"
"10/30/2024","3.628","3.544","3.639","3.519","1.77%"
"10/29/2024","3.565","3.492","3.566","3.492","1.97%"
"10/28/2024","3.496","3.553","3.553","3.470","-0.43%"
"10/25/2024","3.511","3.476","3.512","3.465","1.18%"
"10/24/2024","3.470","3.491","3.496","3.453","-1.53%"
"10/23/2024","3.524","3.549","3.549","3.521","-0.84%"
"10/22/2024","3.554","3.543","3.569","3.516","1.22%"
"10/21/2024","3.511","3.378","3.517","3.378","4.49%"
"10/18/2024","3.360","3.427","3.428","3.352","-1.32%"
"10/17/2024","3.405","3.424","3.434","3.382","-0.15%"
"10/16/2024","3.410","3.441","3.453","3.405","-1.59%"
"10/15/2024","3.465","3.503","3.510","3.462","-2.34%"
"10/14/2024","3.548","3.540","3.562","3.533","-0.34%"
"10/11/2024","3.560","3.539","3.609","3.539","0.76%"
"10/10/2024","3.533","3.582","3.584","3.531","-0.76%"
"10/09/2024","3.560","3.539","3.571","3.539","0.17%"
"10/08/2024","3.554","3.571","3.587","3.552","-0.39%"
"10/07/2024","3.568","3.530","3.575","3.524","1.54%"
"10/04/2024","3.514","3.494","3.545","3.483","1.04%"
"10/03/2024","3.478","3.445","3.493","3.444","1.49%"
"10/02/2024","3.427","3.384","3.453","3.384","1.48%"
"10/01/2024","3.377","3.439","3.439","3.338","-2.54%"
"09/30/2024","3.465","3.469","3.511","3.442","0.23%"
"09/27/2024","3.457","3.454","3.479","3.418","-0.77%"
"09/26/2024","3.484","3.509","3.514","3.432","-1.53%"
"09/25/2024","3.538","3.482","3.543","3.470","1.67%"
"09/24/2024","3.480","3.503","3.549","3.476","-1.08%"
"09/23/2024","3.518","3.548","3.557","3.514","-1.18%"
"09/20/2024","3.560","3.546","3.582","3.535","0.14%"
"09/19/2024","3.555","3.570","3.587","3.550","-0.50%"
"09/18/2024","3.573","3.512","3.581","3.508","2.09%"
"09/17/2024","3.500","3.464","3.507","3.441","0.63%"
"09/16/2024","3.478","3.509","3.523","3.476","-1.02%"
"09/13/2024","3.514","3.514","3.536","3.506","-0.79%"
"09/12/2024","3.542","3.543","3.556","3.509","2.25%"
"09/11/2024","3.464","3.488","3.509","3.450","-1.42%"
"09/10/2024","3.514","3.559","3.571","3.514","-0.96%"
"09/09/2024","3.548","3.593","3.613","3.544","-0.22%"
"09/06/2024","3.556","3.548","3.572","3.506","-0.31%"
"09/05/2024","3.567","3.575","3.604","3.544","-0.50%"
"09/04/2024","3.585","3.653","3.660","3.573","-2.45%"
"09/03/2024","3.675","3.703","3.729","3.654","-0.81%"
"09/02/2024","3.705","3.732","3.743","3.697","0.38%"
"08/30/2024","3.691","3.663","3.697","3.633","0.96%"
"08/29/2024","3.656","3.654","3.669","3.598","0.16%"
"08/28/2024","3.650","3.650","3.655","3.608","-0.38%"
"08/27/2024","3.664","3.614","3.686","3.614","1.86%"
"08/26/2024","3.597","3.561","3.617","3.561","0.81%"
"08/23/2024","3.568","3.605","3.618","3.557","-1.30%"
"08/22/2024","3.615","3.570","3.617","3.547","1.40%"
"08/21/2024","3.565","3.602","3.604","3.562","-0.81%"
"08/20/2024","3.594","3.619","3.627","3.591","-0.83%"
"08/19/2024","3.624","3.620","3.638","3.587","-0.47%"
"08/16/2024","3.641","3.616","3.647","3.594","0.05%"
"08/15/2024","3.639","3.555","3.643","3.550","2.02%"
"08/14/2024","3.567","3.568","3.601","3.562","-0.25%"
"08/13/2024","3.576","3.639","3.644","3.568","-1.81%"
"08/12/2024","3.642","3.662","3.665","3.639","-0.05%"
"08/09/2024","3.644","3.675","3.676","3.634","-1.49%"
"08/08/2024","3.699","3.691","3.708","3.672","-0.24%"
"08/07/2024","3.708","3.665","3.727","3.662","1.39%"
"08/06/2024","3.657","3.677","3.692","3.626","-0.76%"
"08/05/2024","3.685","3.628","3.685","3.608","1.60%"
"08/02/2024","3.627","3.663","3.666","3.601","-0.49%"
"08/01/2024","3.645","3.648","3.681","3.628","-0.22%"
"07/31/2024","3.653","3.684","3.691","3.649","-1.35%"
"07/30/2024","3.703","3.703","3.724","3.687","-0.16%"
"07/29/2024","3.709","3.743","3.751","3.685","-1.41%"
"07/26/2024","3.762","3.814","3.842","3.753","-0.40%"
"07/25/2024","3.777","3.803","3.821","3.768","-0.55%"
"07/24/2024","3.798","3.771","3.808","3.758","1.25%"
"07/23/2024","3.751","3.792","3.795","3.743","-0.69%"
"07/22/2024","3.777","3.764","3.777","3.738","-0.05%"
"07/19/2024","3.779","3.728","3.780","3.722","1.61%"
"07/18/2024","3.719","3.711","3.738","3.689","0.13%"
"07/17/2024","3.714","3.697","3.739","3.686","0.16%"
"07/16/2024","3.708","3.734","3.738","3.706","-1.07%"
"07/15/2024","3.748","3.806","3.806","3.747","-1.19%"
"07/12/2024","3.793","3.808","3.832","3.771","0.08%"
"07/11/2024","3.790","3.859","3.880","3.773","-1.89%"
"07/10/2024","3.863","3.902","3.904","3.845","-2.30%"
"07/09/2024","3.954","3.910","3.961","3.900","1.62%"
"07/08/2024","3.891","3.967","3.967","3.881","-1.27%"
"07/05/2024","3.941","3.977","3.979","3.925","-1.55%"
"07/04/2024","4.003","4.002","4.016","3.997","0.28%"
"07/03/2024","3.992","4.029","4.053","3.970","-1.84%"
"07/02/2024","4.067","4.097","4.142","4.044","-1.09%"
"07/01/2024","4.112","4.037","4.110","4.037","1.11%"
"06/28/2024","4.067","4.011","4.093","4.009","0.92%"
"06/27/2024","4.030","3.999","4.044","3.999","0.88%"
"06/26/2024","3.995","3.920","3.997","3.920","1.68%"
"06/25/2024","3.929","3.912","3.958","3.895","-0.15%"
"06/24/2024","3.935","3.929","3.935","3.899","-0.23%"
"06/21/2024","3.944","3.912","3.950","3.874","0.00%"
"06/20/2024","3.944","3.980","3.982","3.927","0.03%"
"06/19/2024","3.943","3.885","3.954","3.878","1.47%"
"06/18/2024","3.886","3.914","3.947","3.865","-1.57%"
"06/17/2024","3.948","3.898","3.957","3.878","0.59%"
"06/14/2024","3.925","3.950","3.974","3.906","-0.66%"
"06/13/2024","3.951","3.957","3.992","3.913","0.74%"
"06/12/2024","3.922","4.043","4.066","3.918","-3.59%"
"06/11/2024","4.068","4.057","4.181","4.057","-0.29%"
"06/10/2024","4.080","4.013","4.097","4.008","2.77%"
"06/07/2024","3.970","3.880","3.985","3.876","2.74%"
"06/06/2024","3.864","3.815","3.899","3.808","1.44%"
"06/05/2024","3.809","3.880","3.884","3.804","-1.30%"
"06/04/2024","3.859","3.899","3.896","3.826","-0.72%"
"06/03/2024","3.887","3.947","3.968","3.866","-2.19%"
"05/31/2024","3.974","3.954","4.006","3.937","0.30%"
"05/30/2024","3.962","4.004","4.005","3.955","-1.34%"
"05/29/2024","4.016","3.935","4.017","3.907","2.95%"
"05/28/2024","3.901","3.839","3.906","3.831","1.77%"
"05/27/2024","3.833","3.888","3.905","3.820","-1.59%"
"05/24/2024","3.895","3.888","3.927","3.872","0.05%"
"05/23/2024","3.893","3.820","3.910","3.794","1.57%"
"05/22/2024","3.833","3.847","3.870","3.814","0.82%"
"05/21/2024","3.802","3.813","3.831","3.784","-0.37%"
"05/20/2024","3.816","3.827","3.829","3.799","0.08%"
"05/17/2024","3.813","3.764","3.815","3.760","1.60%"
"05/16/2024","3.753","3.719","3.757","3.713","0.48%"
"05/15/2024","3.735","3.855","3.855","3.730","-4.16%"
"05/14/2024","3.897","3.861","3.912","3.835","1.01%"
"05/13/2024","3.858","3.835","3.862","3.821","0.00%"
"05/10/2024","3.858","3.794","3.859","3.782","0.60%"
"05/09/2024","3.835","3.824","3.864","3.806","0.87%"
"05/08/2024","3.802","3.791","3.819","3.774","1.20%"
"05/07/2024","3.757","3.782","3.805","3.750","-1.18%"
"05/06/2024","3.802","3.763","3.807","3.740","-0.47%"
"05/03/2024","3.820","3.843","3.875","3.756","-1.19%"
"05/02/2024","3.866","3.873","3.904","3.832","-0.31%"
"05/01/2024","3.878","3.829","3.878","3.877","-0.03%"
"04/30/2024","3.879","3.829","3.895","3.827","1.46%"
"04/29/2024","3.823","3.871","3.874","3.807","-1.65%"
"04/26/2024","3.887","3.944","3.958","3.867","-2.75%"
"04/25/2024","3.997","3.957","4.035","3.916","0.91%"
"04/24/2024","3.961","3.859","3.967","3.844","3.85%"
"04/23/2024","3.814","3.797","3.866","3.784","-0.05%"
"04/22/2024","3.816","3.896","3.920","3.815","-2.08%"
"04/19/2024","3.897","3.867","3.919","3.835","0.05%"
"04/18/2024","3.895","3.843","3.904","3.826","0.23%"
"04/17/2024","3.886","3.912","3.929","3.839","-0.77%"
"04/16/2024","3.916","3.862","3.939","3.845","1.77%"
"04/15/2024","3.848","3.756","3.854","3.750","2.81%"
"04/12/2024","3.743","3.795","3.803","3.701","-2.75%"
"04/11/2024","3.849","3.800","3.878","3.773","2.04%"
"04/10/2024","3.772","3.724","3.808","3.661","1.48%"
"04/09/2024","3.717","3.768","3.786","3.709","-2.16%"
"04/08/2024","3.799","3.830","3.835","3.791","0.34%"
"04/05/2024","3.786","3.725","3.801","3.714","1.91%"
"04/04/2024","3.715","3.796","3.808","3.702","-3.08%"
"04/03/2024","3.833","3.789","3.883","3.788","0.66%"
"04/02/2024","3.808","3.757","3.827","3.706","3.56%"
"04/01/2024","3.677","3.641","3.677","3.677","0.27%"
"03/29/2024","3.667","3.641","3.667","3.657","-0.27%"
"03/28/2024","3.677","3.641","3.705","3.641","1.74%"
"03/27/2024","3.614","3.637","3.652","3.607","-1.18%"
"03/26/2024","3.657","3.679","3.690","3.630","-1.03%"
"03/25/2024","3.695","3.655","3.711","3.635","1.54%"
"03/22/2024","3.639","3.667","3.691","3.627","-1.01%"
"03/21/2024","3.676","3.691","3.704","3.639","-1.10%"
"03/20/2024","3.717","3.664","3.722","3.659","0.03%"
"03/19/2024","3.716","3.694","3.725","3.673","0.90%"
"03/18/2024","3.683","3.684","3.714","3.670","-0.32%"
"03/15/2024","3.695","3.734","3.739","3.665","0.14%"
"03/14/2024","3.690","3.604","3.696","3.527","2.70%"
"03/13/2024","3.593","3.583","3.638","3.569","-0.44%"
"03/12/2024","3.609","3.611","3.634","3.567","-0.52%"
"03/11/2024","3.628","3.559","3.653","3.552","1.31%"
"03/08/2024","3.581","3.596","3.618","3.559","-0.86%"
"03/07/2024","3.612","3.663","3.705","3.556","-1.34%"
"03/06/2024","3.661","3.714","3.733","3.654","-1.35%"
"03/05/2024","3.711","3.785","3.796","3.683","-2.93%"
"03/04/2024","3.823","3.908","3.908","3.817","-1.87%"
"03/01/2024","3.896","3.869","3.939","3.853","1.46%"
"02/29/2024","3.840","3.867","3.957","3.830","-1.39%"
"02/28/2024","3.894","3.915","3.918","3.873","-0.33%"
"02/27/2024","3.907","3.892","3.907","3.869","0.31%"
"02/26/2024","3.895","3.792","3.895","3.783","2.28%"
"02/23/2024","3.808","3.916","3.966","3.805","-2.73%"
"02/22/2024","3.915","3.958","4.004","3.890","-0.94%"
"02/21/2024","3.952","3.885","3.954","3.852","2.25%"
"02/20/2024","3.865","3.897","3.902","3.850","-1.05%"
"02/19/2024","3.906","3.889","3.911","3.862","0.67%"
"02/16/2024","3.880","3.883","3.917","3.865","0.57%"
"02/15/2024","3.858","3.816","3.858","3.797","-0.05%"
"02/14/2024","3.860","3.935","3.935","3.855","-2.11%"
"02/13/2024","3.943","3.924","3.986","3.865","0.79%"
"02/12/2024","3.912","3.930","3.945","3.891","-1.51%"
"02/09/2024","3.972","3.961","3.980","3.906","0.97%"
"02/08/2024","3.934","3.889","3.943","3.861","1.03%"
"02/07/2024","3.894","3.846","3.894","3.842","0.83%"
"02/06/2024","3.862","3.857","3.908","3.838","-0.69%"
"02/05/2024","3.889","3.750","3.913","3.717","1.91%"
"02/02/2024","3.816","3.750","3.825","3.717","2.66%"
"02/01/2024","3.717","3.765","3.802","3.711","-0.27%"
"01/31/2024","3.727","3.745","3.797","3.718","-2.02%"
"01/30/2024","3.804","3.711","3.835","3.711","1.74%"
"01/29/2024","3.739","3.789","3.801","3.738","-2.25%"
"01/26/2024","3.825","3.786","3.846","3.762","-0.18%"
"01/25/2024","3.832","3.918","3.952","3.814","-1.92%"
"01/24/2024","3.907","3.887","3.907","3.830","-0.36%"
"01/23/2024","3.921","3.875","3.927","3.862","1.95%"
"01/22/2024","3.846","3.845","3.861","3.816","-0.88%"
"01/19/2024","3.880","3.897","3.912","3.843","-1.20%"
"01/18/2024","3.927","3.904","3.928","3.870","0.20%"
"01/17/2024","3.919","3.901","3.938","3.834","2.32%"
"01/16/2024","3.830","3.819","3.835","3.775","0.45%"
"01/15/2024","3.813","3.781","3.829","3.763","2.17%"
"01/12/2024","3.732","3.772","3.799","3.703","-2.23%"
"01/11/2024","3.817","3.815","3.855","3.769","-0.88%"
"01/10/2024","3.851","3.840","3.855","3.785","-0.10%"
"01/09/2024","3.855","3.873","3.889","3.807","1.10%"
"01/08/2024","3.813","3.892","3.913","3.801","-0.42%"
"01/05/2024","3.829","3.836","3.914","3.782","0.76%"
"01/04/2024","3.800","3.673","3.842","3.668","2.70%"
"01/03/2024","3.700","3.752","3.788","3.697","-0.56%"
"01/02/2024","3.721","3.762","3.784","3.697","0.73%"
"01/01/2024","3.694","3.587","3.698","3.694","-0.14%"
"12/29/2023","3.699","3.587","3.716","3.584","2.72%"
"12/28/2023","3.601","3.483","3.609","3.479","3.36%"
"12/27/2023","3.484","3.517","3.526","3.468","-1.69%"
"12/25/2023","3.544","3.607","3.546","3.544","-0.14%"
"12/22/2023","3.549","3.607","3.618","3.538","-1.03%"
"12/21/2023","3.586","3.600","3.618","3.550","-0.53%"
"12/20/2023","3.605","3.613","3.632","3.586","-1.02%"
"12/19/2023","3.642","3.726","3.727","3.635","-3.47%"
"12/18/2023","3.773","3.743","3.777","3.690","1.23%"
"12/15/2023","3.727","3.813","3.813","3.700","-1.64%"
"12/14/2023","3.789","3.785","3.843","3.745","-3.83%"
"12/13/2023","3.940","3.989","3.997","3.931","-1.62%"
"12/12/2023","4.005","3.981","4.035","3.977","-1.55%"
"12/11/2023","4.068","4.049","4.077","4.041","0.00%"
"12/08/2023","4.068","3.977","4.088","3.970","3.09%"
"12/07/2023","3.946","3.987","3.987","3.917","-0.13%"
"12/06/2023","3.951","3.980","4.043","3.950","-1.08%"
"12/05/2023","3.994","4.060","4.075","3.985","-3.03%"
"12/04/2023","4.119","4.103","4.142","4.071","0.39%"
"12/01/2023","4.103","4.228","4.230","4.093","-3.14%"
"11/30/2023","4.236","4.160","4.261","4.154","1.53%"
"11/29/2023","4.172","4.211","4.222","4.159","-2.09%"
"11/28/2023","4.261","4.285","4.354","4.252","-0.88%"
"11/27/2023","4.299","4.367","4.391","4.296","-2.34%"
"11/24/2023","4.402","4.419","4.431","4.375","0.18%"
"11/23/2023","4.394","4.342","4.396","4.331","1.90%"
"11/22/2023","4.312","4.336","4.362","4.266","-0.21%"
"11/21/2023","4.321","4.313","4.334","4.295","-0.87%"
"11/20/2023","4.359","4.330","4.374","4.319","0.13%"
"11/18/2023","4.353","4.353","4.353","4.353","-0.29%"
"11/17/2023","4.366","4.310","4.370","4.254","0.41%"
"11/16/2023","4.348","4.409","4.418","4.328","-2.31%"
"11/15/2023","4.451","4.409","4.455","4.363","0.91%"
"11/14/2023","4.411","4.543","4.570","4.404","-3.27%"
"11/13/2023","4.560","4.557","4.603","4.514","-0.39%"
"11/10/2023","4.578","4.563","4.613","4.552","1.44%"
"11/09/2023","4.513","4.487","4.534","4.473","0.78%"
"11/08/2023","4.478","4.571","4.571","4.472","-0.33%"
"11/07/2023","4.493","4.602","4.603","4.485","-1.99%"
"11/06/2023","4.584","4.507","4.587","4.489","3.20%"
"11/05/2023","4.442","4.442","4.442","4.442","0.00%"
"11/04/2023","4.442","4.442","4.442","4.442","-0.11%"
"11/03/2023","4.447","4.567","4.567","4.436","-2.41%"
"11/02/2023","4.557","4.637","4.645","4.494","-2.48%"
"11/01/2023","4.673","4.774","4.790","4.643","-1.12%"
"10/31/2023","4.726","4.711","4.737","4.667","-0.30%"
"10/30/2023","4.740","4.749","4.794","4.704","-1.23%"
"10/29/2023","4.799","4.799","4.799","4.799","0.00%"
"10/28/2023","4.799","4.799","4.799","4.799","-0.27%"
"10/27/2023","4.812","4.852","4.867","4.789","-0.78%"
"10/26/2023","4.850","4.974","4.984","4.813","-1.34%"
"10/25/2023","4.916","4.843","4.925","4.840","1.42%"
"10/24/2023","4.847","4.782","4.847","4.753","0.10%"
"10/23/2023","4.842","4.917","4.985","4.829","-1.68%"
"10/22/2023","4.924","4.924","4.924","4.924","0.00%"
"10/21/2023","4.924","4.924","4.924","4.924","0.03%"
"10/20/2023","4.923","4.938","4.969","4.890","-0.44%"
"10/19/2023","4.945","5.031","5.035","4.941","-0.78%"
"10/18/2023","4.984","4.929","4.998","4.909","1.88%"
"10/17/2023","4.892","4.832","4.925","4.802","2.39%"
"10/16/2023","4.778","4.797","4.822","4.757","0.14%"
"10/15/2023","4.772","4.772","4.772","4.772","0.00%"
"10/14/2023","4.772","4.772","4.772","4.772","-0.07%"
"10/13/2023","4.775","4.759","4.779","4.703","0.36%"
"10/12/2023","4.758","4.632","4.765","4.631","1.99%"
"10/11/2023","4.665","4.762","4.763","4.651","-1.37%"
"10/10/2023","4.730","4.844","4.867","4.729","-2.19%"
"10/09/2023","4.836","4.912","4.962","4.829","-1.50%"
"10/08/2023","4.910","4.910","4.910","4.910","0.00%"
"10/07/2023","4.910","4.910","4.910","4.910","-0.29%"
"10/06/2023","4.924","4.928","5.014","4.910","0.47%"
"10/05/2023","4.901","4.905","4.950","4.866","0.25%"
"10/04/2023","4.889","5.022","5.024","4.885","-0.87%"
"10/03/2023","4.932","4.823","4.937","4.797","2.49%"
"10/02/2023","4.812","4.786","4.821","4.745","0.74%"
"10/01/2023","4.777","4.777","4.777","4.777","0.00%"
"09/30/2023","4.777","4.777","4.777","4.777","-0.49%"
"09/29/2023","4.800","4.827","4.836","4.739","-1.68%"
"09/28/2023","4.882","4.814","4.960","4.814","2.01%"
"09/27/2023","4.786","4.728","4.787","4.677","1.18%"
"09/26/2023","4.730","4.702","4.733","4.661","1.68%"
"09/25/2023","4.652","4.606","4.693","4.579","1.39%"
"09/24/2023","4.588","4.588","4.588","4.588","0.00%"
"09/23/2023","4.588","4.588","4.588","4.588","-0.04%"
"09/22/2023","4.590","4.558","4.599","4.497","0.95%"
"09/21/2023","4.547","4.518","4.582","4.497","2.11%"
"09/20/2023","4.453","4.516","4.521","4.453","-1.44%"
"09/19/2023","4.518","4.524","4.548","4.472","-0.09%"
"09/18/2023","4.522","4.486","4.531","4.468","1.39%"
"09/17/2023","4.460","4.460","4.460","4.460","0.00%"
"09/16/2023","4.460","4.460","4.460","4.460","-0.16%"
"09/15/2023","4.467","4.379","4.477","4.377","2.62%"
"09/14/2023","4.353","4.446","4.463","4.309","-2.51%"
"09/13/2023","4.465","4.430","4.492","4.425","1.25%"
"09/12/2023","4.410","4.411","4.411","4.357","0.30%"
"09/11/2023","4.397","4.384","4.407","4.352","1.20%"
"09/09/2023","4.345","4.345","4.345","4.345","-0.05%"
"09/08/2023","4.347","4.307","4.368","4.288","-0.18%"
"09/07/2023","4.355","4.399","4.410","4.342","-1.25%"
"09/06/2023","4.410","4.352","4.419","4.318","1.47%"
"09/05/2023","4.346","4.325","4.348","4.299","1.28%"
"09/04/2023","4.291","4.252","4.309","4.246","1.23%"
"09/01/2023","4.239","4.158","4.239","4.110","2.79%"
"08/31/2023","4.124","4.198","4.198","4.106","-1.67%"
"08/30/2023","4.194","4.220","4.245","4.172","0.99%"
"08/29/2023","4.153","4.203","4.234","4.143","-1.73%"
"08/28/2023","4.226","4.231","4.279","4.208","-0.09%"
"08/25/2023","4.230","4.207","4.255","4.181","1.10%"
"08/24/2023","4.184","4.121","4.196","4.094","0.17%"
"08/23/2023","4.177","4.294","4.299","4.170","-2.97%"
"08/22/2023","4.305","4.357","4.411","4.305","-2.34%"
"08/21/2023","4.408","4.357","4.411","4.311","1.94%"
"08/18/2023","4.324","4.325","4.350","4.293","-2.11%"
"08/17/2023","4.417","4.411","4.418","4.378","1.35%"
"08/16/2023","4.358","4.352","4.373","4.324","-0.05%"
"08/15/2023","4.360","4.314","4.431","4.311","1.70%"
"08/14/2023","4.287","4.262","4.293","4.215","0.56%"
"08/11/2023","4.263","4.192","4.264","4.172","2.65%"
"08/10/2023","4.153","4.158","4.171","4.115","0.02%"
"08/09/2023","4.152","4.115","4.174","4.100","0.46%"
"08/08/2023","4.133","4.179","4.189","4.115","-2.96%"
"08/07/2023","4.259","4.231","4.319","4.210","1.09%"
"08/04/2023","4.213","4.295","4.323","4.206","-0.94%"
"08/03/2023","4.253","4.234","4.285","4.209","1.33%"
"08/02/2023","4.197","4.168","4.197","4.126","0.10%"
"08/01/2023","4.193","4.097","4.197","4.085","2.17%"
"07/31/2023","4.104","4.148","4.155","4.095","-0.36%"
"07/28/2023","4.119","4.169","4.170","4.063","1.05%"
"07/27/2023","4.076","4.071","4.126","4.014","-0.66%"
"07/26/2023","4.103","4.080","4.119","4.061","0.98%"
"07/25/2023","4.063","4.071","4.089","4.040","0.87%"
"07/24/2023","4.028","4.084","4.100","4.005","-0.96%"
"07/22/2023","4.067","4.067","4.067","4.067","-0.07%"
"07/21/2023","4.070","4.100","4.122","4.059","-1.00%"
"07/20/2023","4.111","4.085","4.124","4.057","0.88%"
"07/19/2023","4.075","3.956","4.080","3.940","1.52%"
"07/18/2023","4.014","4.109","4.128","3.996","-3.60%"
"07/17/2023","4.164","4.157","4.190","4.129","-0.34%"
"07/14/2023","4.178","4.164","4.184","4.131","0.58%"
"07/13/2023","4.154","4.231","4.232","4.115","-2.72%"
"07/12/2023","4.270","4.387","4.395","4.267","-3.46%"
"07/11/2023","4.423","4.355","4.423","4.335","0.77%"
"07/10/2023","4.389","4.379","4.419","4.353","0.67%"
"07/07/2023","4.360","4.365","4.421","4.328","-0.77%"
"07/06/2023","4.394","4.220","4.396","4.187","5.40%"
"07/05/2023","4.169","4.211","4.224","4.131","-0.88%"
"07/04/2023","4.206","4.161","4.230","4.161","1.50%"
"07/03/2023","4.144","4.055","4.152","4.037","1.69%"
"06/30/2023","4.075","4.108","4.154","4.060","-0.59%"
"06/29/2023","4.099","4.008","4.123","3.982","3.22%"
"06/28/2023","3.971","3.996","4.023","3.944","-0.55%"
"06/27/2023","3.993","3.978","4.004","3.937","1.22%"
"06/26/2023","3.945","3.997","4.004","3.928","-1.13%"
"06/23/2023","3.990","4.100","4.104","3.960","-3.25%"
"06/22/2023","4.124","4.049","4.142","4.044","1.90%"
"06/21/2023","4.047","4.074","4.083","4.026","0.47%"
"06/20/2023","4.028","4.100","4.100","4.024","-2.47%"
"06/19/2023","4.130","4.030","4.141","4.021","2.33%"
"06/16/2023","4.036","4.154","4.175","3.988","-2.16%"
"06/15/2023","4.125","4.155","4.241","4.085","0.81%"
"06/14/2023","4.092","4.103","4.114","4.059","0.47%"
"06/13/2023","4.073","4.065","4.081","3.985","0.32%"
"06/12/2023","4.060","4.111","4.134","4.007","-1.43%"
"06/09/2023","4.119","4.190","4.203","4.103","-1.93%"
"06/08/2023","4.200","4.316","4.319","4.200","-1.62%"
"06/07/2023","4.269","4.163","4.271","4.160","2.50%"
"06/06/2023","4.165","4.161","4.194","4.088","2.92%"
"06/05/2023","4.047","4.035","4.082","4.029","1.97%"
"06/03/2023","3.969","3.969","3.969","3.969","-0.40%"
"06/02/2023","3.985","4.089","4.113","3.969","-0.60%"
"06/01/2023","4.009","4.089","4.113","3.994","-2.05%"
"05/31/2023","4.093","4.085","4.116","4.054","-1.61%"
"05/30/2023","4.160","4.281","4.281","4.151","-2.78%"
"05/29/2023","4.279","4.371","4.377","4.268","-2.51%"
"05/26/2023","4.389","4.396","4.451","4.368","0.05%"
"05/25/2023","4.387","4.346","4.389","4.273","1.36%"
"05/24/2023","4.328","4.368","4.376","4.282","0.02%"
"05/23/2023","4.327","4.335","4.352","4.318","0.35%"
"05/22/2023","4.312","4.270","4.320","4.223","1.17%"
"05/19/2023","4.262","4.339","4.355","4.254","-1.07%"
"05/18/2023","4.308","4.211","4.313","4.210","2.89%"
"05/17/2023","4.187","4.206","4.217","4.153","-0.95%"
"05/16/2023","4.227","4.149","4.231","4.133","1.10%"
"05/15/2023","4.181","4.192","4.204","4.145","0.17%"
"05/12/2023","4.174","4.150","4.178","4.119","1.53%"
"05/11/2023","4.111","4.182","4.219","4.087","-2.40%"
"05/10/2023","4.212","4.283","4.299","4.186","-1.50%"
"05/09/2023","4.276","4.239","4.292","4.217","0.85%"
"05/08/2023","4.240","4.195","4.265","4.187","1.00%"
"05/05/2023","4.198","4.154","4.225","4.141","1.99%"
"05/04/2023","4.116","4.143","4.245","4.093","-0.22%"
"05/03/2023","4.125","4.160","4.175","4.117","-1.15%"
"05/02/2023","4.173","4.272","4.298","4.161","-0.33%"
"05/01/2023","4.187","4.202","4.202","4.187","0.10%"
"04/28/2023","4.183","4.374","4.374","4.173","-3.91%"
"04/27/2023","4.353","4.301","4.364","4.281","2.28%"
"04/26/2023","4.256","4.271","4.295","4.220","-0.12%"
"04/25/2023","4.261","4.373","4.373","4.247","-2.58%"
"04/24/2023","4.374","4.333","4.375","4.297","0.41%"
"04/21/2023","4.356","4.281","4.369","4.280","1.07%"
"04/20/2023","4.310","4.323","4.377","4.306","-1.26%"
"04/19/2023","4.365","4.354","4.367","4.325","1.49%"
"04/18/2023","4.301","4.310","4.347","4.247","-0.09%"
"04/17/2023","4.305","4.283","4.340","4.269","0.33%"
"04/14/2023","4.291","4.235","4.293","4.207","1.68%"
"04/13/2023","4.220","4.188","4.270","4.178","0.09%"
"04/12/2023","4.216","4.167","4.257","4.075","1.30%"
"04/11/2023","4.162","4.130","4.174","4.080","3.31%"
"04/10/2023","4.029","4.029","4.029","4.029","0.22%"
"04/07/2023","4.019","4.012","4.019","4.012","-0.36%"
"04/06/2023","4.034","4.045","4.055","3.964","0.57%"
"04/05/2023","4.011","4.149","4.168","4.011","-2.50%"
"04/04/2023","4.114","4.118","4.205","4.102","0.56%"
"04/03/2023","4.091","4.137","4.196","4.085","-0.17%"
"03/31/2023","4.098","4.235","4.266","4.098","-3.23%"
"03/30/2023","4.235","4.090","4.262","4.049","2.27%"
"03/29/2023","4.141","4.150","4.169","4.095","0.00%"
"03/28/2023","4.141","4.112","4.185","4.109","1.97%"
"03/27/2023","4.061","4.043","4.105","3.995","1.26%"
"03/25/2023","4.010","4.010","4.010","4.010","-0.14%"
"03/24/2023","4.016","4.117","4.161","3.928","-1.01%"
"03/23/2023","4.057","4.117","4.161","4.036","-2.80%"
"03/22/2023","4.174","4.165","4.244","4.135","1.53%"
"03/21/2023","4.111","4.005","4.126","3.975","3.32%"
"03/20/2023","3.979","3.983","4.038","3.959","-1.63%"
"03/17/2023","4.045","4.140","4.173","4.008","-2.97%"
"03/16/2023","4.169","4.166","4.229","4.030","1.66%"
"03/15/2023","4.101","4.319","4.339","4.075","-4.14%"
"03/14/2023","4.278","4.181","4.316","4.151","1.66%"
"03/13/2023","4.208","4.286","4.302","4.065","-2.68%"
"03/10/2023","4.324","4.322","4.361","4.242","-1.41%"
"03/09/2023","4.386","4.471","4.501","4.374","-0.77%"
"03/08/2023","4.420","4.561","4.565","4.397","-2.23%"
"03/07/2023","4.521","4.569","4.598","4.432","-1.14%"
"03/06/2023","4.573","4.459","4.574","4.420","0.77%"
"03/03/2023","4.538","4.598","4.603","4.525","-1.80%"
"03/02/2023","4.621","4.645","4.645","4.544","0.96%"
"03/01/2023","4.577","4.545","4.581","4.474","2.33%"
"02/28/2023","4.473","4.521","4.575","4.456","1.18%"
"02/27/2023","4.421","4.404","4.460","4.385","-0.29%"
"02/24/2023","4.434","4.341","4.499","4.306","1.46%"
"02/23/2023","4.370","4.468","4.479","4.353","-2.04%"
"02/22/2023","4.461","4.471","4.537","4.425","-0.11%"
"02/21/2023","4.466","4.351","4.486","4.351","3.02%"
"02/20/2023","4.335","4.275","4.343","4.262","1.38%"
"02/18/2023","4.276","4.276","4.276","4.276","-0.49%"
"02/17/2023","4.297","4.459","4.484","4.280","-0.62%"
"02/16/2023","4.324","4.308","4.401","4.305","0.00%"
"02/15/2023","4.324","4.222","4.345","4.188","2.10%"
"02/14/2023","4.235","4.135","4.239","4.113","1.39%"
"02/13/2023","4.177","4.246","4.270","4.169","-0.75%"
"02/11/2023","4.208","4.208","4.208","4.208","-0.11%"
"02/10/2023","4.213","4.202","4.231","4.156","1.98%"
"02/09/2023","4.131","4.184","4.189","4.077","-2.43%"
"02/08/2023","4.234","4.206","4.291","4.201","0.47%"
"02/07/2023","4.214","4.174","4.225","4.159","1.47%"
"02/06/2023","4.153","4.094","4.178","4.087","3.62%"
"02/03/2023","4.008","3.937","4.072","3.906","3.11%"
"02/02/2023","3.887","4.221","4.239","3.862","-9.44%"
"02/01/2023","4.292","4.255","4.310","4.216","0.47%"
"01/31/2023","4.272","4.248","4.313","4.244","-1.07%"
"01/30/2023","4.318","4.200","4.339","4.200","2.18%"
"01/27/2023","4.226","4.189","4.273","4.187","1.34%"
"01/26/2023","4.170","4.082","4.170","4.066","2.03%"
"01/25/2023","4.087","4.133","4.154","3.985","4.37%"
"01/24/2023","3.916","3.998","4.018","3.913","-2.76%"
"01/23/2023","4.027","4.028","4.056","3.963","1.30%"
"01/22/2023","3.976","3.976","3.976","3.976","-0.16%"
"01/20/2023","3.982","3.808","3.982","3.796","5.90%"
"01/19/2023","3.760","3.760","3.858","3.692","0.11%"
"01/18/2023","3.756","3.875","3.923","3.691","-3.22%"
"01/17/2023","3.881","4.050","4.068","3.845","-3.24%"
"01/16/2023","4.011","3.990","4.084","3.986","0.33%"
"01/15/2023","3.998","3.998","3.998","3.998","-0.30%"
"01/13/2023","4.010","3.977","4.011","3.871","0.30%"
"01/12/2023","3.998","4.000","4.024","3.872","-1.14%"
"01/11/2023","4.044","4.170","4.176","4.013","-4.15%"
"01/10/2023","4.219","4.238","4.259","4.187","0.98%"
"01/09/2023","4.178","4.286","4.311","4.166","-1.02%"
"01/08/2023","4.221","4.220","4.221","4.220","-0.12%"
"01/06/2023","4.226","4.311","4.382","4.178","-2.69%"
"01/05/2023","4.343","4.340","4.387","4.267","1.97%"
"01/04/2023","4.259","4.347","4.386","4.252","-5.36%"
"01/03/2023","4.500","4.596","4.633","4.442","-1.21%"
"01/02/2023","4.555","4.680","4.684","4.534","-3.01%"
"01/01/2023","4.696","4.695","4.696","4.695","-0.16%"
"12/30/2022","4.704","4.558","4.705","4.558","3.82%"
"12/29/2022","4.531","4.624","4.649","4.530","-2.16%"
"12/28/2022","4.631","4.612","4.674","4.573","0.32%"
"12/27/2022","4.616","4.533","4.643","4.522","2.54%"
"12/26/2022","4.502","4.503","4.503","4.497","0.14%"
"12/23/2022","4.495","4.479","4.547","4.470","0.58%"
"12/22/2022","4.469","4.428","4.499","4.362","0.93%"
"12/21/2022","4.428","4.455","4.465","4.359","-1.09%"
"12/20/2022","4.477","4.482","4.497","4.420","2.35%"
"12/19/2022","4.374","4.330","4.407","4.292","2.11%"
"12/18/2022","4.284","4.284","4.284","4.284","0.08%"
"12/16/2022","4.280","4.316","4.417","4.277","3.03%"
"12/15/2022","4.154","3.908","4.190","3.863","7.67%"
"12/14/2022","3.858","3.783","3.924","3.783","1.61%"
"12/13/2022","3.797","3.832","3.872","3.686","-1.04%"
"12/12/2022","3.837","3.817","3.849","3.760","0.89%"
"12/11/2022","3.803","3.803","3.803","3.803","-0.42%"
"12/09/2022","3.819","3.733","3.845","3.729","3.41%"
"12/08/2022","3.693","3.617","3.720","3.599","2.41%"
"12/07/2022","3.606","3.587","3.698","3.584","-1.18%"
"12/06/2022","3.649","3.770","3.774","3.639","-2.80%"
"12/05/2022","3.754","3.775","3.787","3.694","0.04%"
"12/04/2022","3.753","3.752","3.753","3.752","0.00%"
"12/02/2022","3.752","3.705","3.786","3.647","1.21%"
"12/01/2022","3.707","3.773","3.808","3.679","-4.34%"
"11/30/2022","3.875","3.890","3.900","3.826","1.41%"
"11/29/2022","3.821","3.849","3.869","3.750","-2.40%"
"11/28/2022","3.915","3.846","3.969","3.823","1.85%"
"11/27/2022","3.844","3.843","3.844","3.843","-0.18%"
"11/25/2022","3.851","3.733","3.892","3.713","4.79%"
"11/24/2022","3.675","3.751","3.769","3.649","-3.24%"
"11/23/2022","3.798","3.937","3.967","3.754","-2.84%"
"11/22/2022","3.909","3.954","3.987","3.883","-0.46%"
"11/21/2022","3.927","3.892","3.960","3.861","1.03%"
"11/20/2022","3.887","3.887","3.887","3.887","-0.04%"
"11/19/2022","3.888","3.888","3.888","3.888","-0.06%"
"11/18/2022","3.891","3.938","4.050","3.870","-1.17%"
"11/17/2022","3.937","3.895","4.028","3.881","-0.10%"
"11/16/2022","3.941","4.047","4.058","3.903","-2.93%"
"11/15/2022","4.060","4.141","4.178","4.017","-2.64%"
"11/14/2022","4.170","4.215","4.234","4.142","-0.50%"
"11/13/2022","4.191","4.191","4.191","4.191","-0.17%"
"11/11/2022","4.198","4.050","4.220","4.034","4.77%"
"11/10/2022","4.007","4.280","4.323","3.994","-6.36%"
"11/09/2022","4.279","4.321","4.407","4.269","-2.37%"
"11/08/2022","4.383","4.510","4.548","4.340","-2.27%"
"11/07/2022","4.485","4.509","4.519","4.406","0.64%"
"11/06/2022","4.457","4.457","4.457","4.457","-0.28%"
"11/04/2022","4.469","4.411","4.500","4.357","1.11%"
"11/03/2022","4.420","4.447","4.455","4.350","3.08%"
"11/02/2022","4.288","4.277","4.341","4.131","0.35%"
"11/01/2022","4.273","4.277","4.293","4.131","-0.77%"
"10/31/2022","4.306","4.199","4.327","4.197","3.61%"
"10/30/2022","4.156","4.155","4.156","4.155","-0.12%"
"10/28/2022","4.161","4.089","4.255","4.059","4.23%"
"10/27/2022","3.992","4.373","4.456","3.985","-7.89%"
"10/26/2022","4.334","4.374","4.460","4.316","-0.87%"
"10/25/2022","4.372","4.464","4.508","4.356","-4.79%"
"10/24/2022","4.592","4.637","4.756","4.554","-5.73%"
"10/23/2022","4.871","4.761","4.871","4.761","2.25%"
"10/21/2022","4.764","4.836","4.899","4.736","0.55%"
"10/20/2022","4.738","4.852","4.870","4.701","-0.71%"
"10/19/2022","4.772","4.725","4.779","4.691","2.01%"
"10/18/2022","4.678","4.681","4.781","4.599","0.39%"
"10/17/2022","4.660","4.728","4.738","4.634","-2.66%"
"10/16/2022","4.787","4.786","4.787","4.786","-0.14%"
"10/14/2022","4.794","4.564","4.813","4.554","2.59%"
"10/13/2022","4.673","4.793","4.870","4.594","-2.99%"
"10/12/2022","4.817","4.712","4.882","4.657","2.82%"
"10/11/2022","4.685","4.719","4.776","4.675","1.60%"
"10/10/2022","4.611","4.768","4.787","4.580","-1.39%"
"10/09/2022","4.676","4.676","4.676","4.676","-0.28%"
"10/07/2022","4.689","4.606","4.734","4.545","3.83%"
"10/06/2022","4.516","4.487","4.543","4.413","1.26%"
"10/05/2022","4.460","4.247","4.480","4.221","6.49%"
"10/04/2022","4.188","4.151","4.220","4.117","-0.40%"
"10/03/2022","4.205","4.583","4.595","4.193","-6.70%"
"09/30/2022","4.507","4.543","4.592","4.484","-3.32%"
"09/29/2022","4.662","4.611","4.727","4.611","1.68%"
"09/28/2022","4.585","4.807","4.927","4.554","-3.07%"
"09/27/2022","4.730","4.633","4.770","4.502","4.51%"
"09/26/2022","4.526","4.488","4.526","4.413","3.81%"
"09/23/2022","4.360","4.178","4.367","4.093","4.38%"
"09/22/2022","4.177","4.186","4.206","4.008","1.31%"
"09/21/2022","4.123","4.169","4.169","4.089","-1.65%"
"09/20/2022","4.192","4.089","4.231","4.059","3.23%"
"09/19/2022","4.061","4.004","4.116","3.997","0.91%"
"09/17/2022","4.024","4.024","4.024","4.024","-0.01%"
"09/16/2022","4.025","4.090","4.105","4.021","-0.12%"
"09/15/2022","4.030","4.040","4.055","3.963","1.26%"
"09/14/2022","3.980","3.951","4.093","3.945","-0.25%"
"09/13/2022","3.990","3.974","4.012","3.852","0.88%"
"09/12/2022","3.955","4.068","4.098","3.922","-1.25%"
"09/09/2022","4.005","4.030","4.081","3.899","1.42%"
"09/08/2022","3.949","3.818","3.987","3.811","2.07%"
"09/07/2022","3.869","3.965","3.990","3.833","-2.42%"
"09/06/2022","3.965","3.943","3.992","3.839","0.76%"
"09/05/2022","3.935","3.852","3.984","3.852","2.50%"
"09/02/2022","3.839","3.881","3.973","3.796","-2.71%"
"09/01/2022","3.946","3.961","4.014","3.927","1.49%"
"08/31/2022","3.888","3.773","3.944","3.751","1.99%"
"08/30/2022","3.812","3.786","3.866","3.716","0.32%"
"08/29/2022","3.800","3.847","3.873","3.747","2.95%"
"08/26/2022","3.691","3.557","3.763","3.554","3.88%"
"08/25/2022","3.553","3.665","3.678","3.542","-3.29%"
"08/24/2022","3.674","3.709","3.748","3.629","0.91%"
"08/23/2022","3.641","3.570","3.720","3.552","0.39%"
"08/22/2022","3.627","3.456","3.628","3.443","3.96%"
"08/19/2022","3.489","3.415","3.533","3.394","5.00%"
"08/18/2022","3.323","3.374","3.374","3.294","0.27%"
"08/17/2022","3.314","3.129","3.351","3.128","5.71%"
"08/16/2022","3.135","2.980","3.172","2.978","5.24%"
"08/15/2022","2.979","3.042","3.122","2.955","-2.66%"
"08/14/2022","3.060","3.060","3.060","3.060","-0.21%"
"08/12/2022","3.067","3.038","3.097","3.038","1.46%"
"08/11/2022","3.023","2.980","3.045","2.903","0.97%"
"08/10/2022","2.994","3.046","3.052","2.924","-2.00%"
"08/09/2022","3.055","3.029","3.112","2.990","0.53%"
"08/08/2022","3.039","3.015","3.047","2.992","0.46%"
"08/05/2022","3.025","2.938","3.031","2.911","2.68%"
"08/04/2022","2.946","3.003","3.037","2.918","-2.55%"
"08/03/2022","3.023","3.055","3.112","3.017","-0.26%"
"08/02/2022","3.031","2.919","3.057","2.886","1.51%"
"08/01/2022","2.986","3.142","3.143","2.958","-5.10%"
"07/31/2022","3.147","3.147","3.147","3.147","1.11%"
"07/30/2022","3.112","3.112","3.112","3.112","-1.14%"
"07/29/2022","3.148","3.248","3.358","3.122","-3.14%"
"07/28/2022","3.250","3.473","3.484","3.235","-5.14%"
"07/27/2022","3.426","3.410","3.463","3.386","2.54%"
"07/26/2022","3.341","3.377","3.406","3.305","-1.27%"
"07/25/2022","3.384","3.420","3.471","3.368","-1.05%"
"07/22/2022","3.420","3.619","3.619","3.361","-5.58%"
"07/21/2022","3.622","3.598","3.752","3.538","3.54%"
"07/20/2022","3.498","3.335","3.500","3.269","1.66%"
"07/19/2022","3.441","3.335","3.445","3.326","2.14%"
"07/18/2022","3.369","3.440","3.488","3.359","0.21%"
"07/15/2022","3.362","3.384","3.391","3.310","-0.21%"
"07/14/2022","3.369","3.325","3.502","3.325","4.37%"
"07/13/2022","3.228","3.260","3.326","3.198","0.97%"
"07/12/2022","3.197","3.333","3.333","3.165","-3.06%"
"07/11/2022","3.298","3.349","3.355","3.262","-2.17%"
"07/08/2022","3.371","3.322","3.380","3.282","-0.18%"
"07/07/2022","3.377","3.281","3.423","3.280","4.16%"
"07/06/2022","3.242","3.279","3.298","3.142","-0.89%"
"07/05/2022","3.271","3.321","3.367","3.261","-2.27%"
"07/04/2022","3.347","3.267","3.356","3.255","4.82%"
"07/01/2022","3.193","3.411","3.459","3.117","-5.87%"
"06/30/2022","3.392","3.494","3.494","3.358","-3.11%"
"06/29/2022","3.501","3.562","3.629","3.490","-4.45%"
"06/28/2022","3.664","3.636","3.707","3.625","0.74%"
"06/27/2022","3.637","3.598","3.679","3.559","2.65%"
"06/25/2022","3.543","3.543","3.543","3.543","-0.42%"
"06/24/2022","3.558","3.508","3.619","3.442","2.12%"
"06/23/2022","3.484","3.673","3.675","3.449","-4.34%"
"06/22/2022","3.642","3.770","3.770","3.590","-3.93%"
"06/21/2022","3.791","3.779","3.812","3.691","-0.05%"
"06/20/2022","3.793","3.703","3.793","3.634","3.24%"
"06/17/2022","3.674","3.828","3.884","3.609","-4.57%"
"06/16/2022","3.850","3.891","4.097","3.842","-1.74%"
"06/15/2022","3.918","3.976","4.153","3.799","-8.24%"
"06/14/2022","4.270","4.036","4.279","3.996","4.15%"
"06/13/2022","4.100","3.930","4.108","3.875","6.60%"
"06/10/2022","3.846","3.759","3.851","3.688","4.31%"
"06/09/2022","3.687","3.462","3.717","3.418","6.31%"
"06/08/2022","3.468","3.423","3.502","3.421","1.94%"
"06/07/2022","3.402","3.549","3.550","3.375","-0.15%"
"06/06/2022","3.407","3.307","3.431","3.300","0.12%"
"06/03/2022","3.403","3.301","3.414","3.277","3.12%"
"06/02/2022","3.300","3.207","3.310","3.205","3.38%"
"06/01/2022","3.192","3.121","3.193","3.091","2.14%"
"05/31/2022","3.125","3.020","3.151","2.976","4.52%"
"05/30/2022","2.990","2.961","3.035","2.961","3.44%"
"05/29/2022","2.891","2.891","2.891","2.891","-0.05%"
"05/27/2022","2.892","2.884","2.923","2.844","-0.34%"
"05/26/2022","2.902","2.886","2.940","2.830","-1.53%"
"05/25/2022","2.947","2.968","2.970","2.907","-0.64%"
"05/24/2022","2.966","3.052","3.075","2.957","-2.11%"
"05/23/2022","3.030","2.975","3.044","2.948","1.47%"
"05/20/2022","2.986","2.946","3.000","2.931","2.79%"
"05/19/2022","2.905","2.976","2.977","2.874","-1.69%"
"05/18/2022","2.955","2.976","3.010","2.931","-0.37%"
"05/17/2022","2.966","2.901","2.991","2.850","4.44%"
"05/16/2022","2.840","2.844","2.944","2.833","-0.05%"
"05/14/2022","2.842","2.842","2.842","2.842","-0.16%"
"05/13/2022","2.846","2.754","2.868","2.745","4.59%"
"05/12/2022","2.721","2.842","2.842","2.713","-5.88%"
"05/11/2022","2.891","2.993","3.065","2.891","-4.02%"
"05/10/2022","3.012","3.157","3.157","2.960","-4.14%"
"05/09/2022","3.142","3.203","3.232","3.135","-0.22%"
"05/06/2022","3.149","3.045","3.157","3.009","4.10%"
"05/05/2022","3.025","2.919","3.029","2.823","2.13%"
"05/04/2022","2.962","2.935","2.986","2.881","3.21%"
"05/03/2022","2.870","2.868","2.900","2.819","0.42%"
"05/02/2022","2.858","2.803","2.858","2.775","2.99%"
"04/29/2022","2.775","2.694","2.791","2.678","2.25%"
"04/28/2022","2.714","2.571","2.747","2.503","5.56%"
"04/27/2022","2.571","2.616","2.631","2.535","1.10%"
"04/26/2022","2.543","2.616","2.631","2.535","-1.28%"
"04/25/2022","2.576","2.620","2.667","2.568","-3.74%"
"04/22/2022","2.676","2.569","2.676","2.568","3.08%"
"04/21/2022","2.596","2.573","2.600","2.506","3.51%"
"04/20/2022","2.508","2.565","2.565","2.467","-1.99%"
"04/19/2022","2.559","2.467","2.580","2.464","2.22%"
"04/18/2022","2.503","2.494","2.503","2.481","0.00%"
"04/15/2022","2.503","2.494","2.503","2.479","0.22%"
"04/14/2022","2.498","2.398","2.500","2.351","5.05%"
"04/13/2022","2.378","2.479","2.501","2.353","-1.37%"
"04/12/2022","2.411","2.497","2.537","2.378","-2.23%"
"04/11/2022","2.466","2.419","2.466","2.372","3.66%"
"04/08/2022","2.379","2.320","2.421","2.299","1.97%"
"04/07/2022","2.333","2.287","2.388","2.247","1.26%"
"04/06/2022","2.304","2.257","2.375","2.257","2.49%"
"04/05/2022","2.248","2.120","2.255","2.120","8.29%"
"04/04/2022","2.076","2.117","2.136","2.029","-1.00%"
"04/01/2022","2.097","2.083","2.148","2.068","2.69%"
"03/31/2022","2.042","2.138","2.138","2.020","-4.27%"
"03/30/2022","2.133","2.133","2.205","2.133","0.05%"
"03/29/2022","2.132","2.132","2.262","2.096","1.19%"
"03/28/2022","2.107","2.106","2.168","2.071","1.40%"
"03/25/2022","2.078","2.051","2.088","2.006","1.07%"
"03/24/2022","2.056","1.995","2.071","1.977","3.16%"
"03/23/2022","1.993","2.022","2.024","1.973","-1.73%"
"03/22/2022","2.028","2.034","2.070","2.022","1.71%"
"03/21/2022","1.994","1.924","1.995","1.918","5.50%"
"03/18/2022","1.890","1.907","1.923","1.868","-0.79%"
"03/17/2022","1.905","1.894","1.929","1.854","0.32%"
"03/16/2022","1.899","1.942","1.961","1.876","-0.42%"
"03/15/2022","1.907","1.944","1.960","1.882","-3.10%"
"03/14/2022","1.968","1.887","1.972","1.884","5.41%"
"03/11/2022","1.867","1.911","1.921","1.860","-2.15%"
"03/10/2022","1.908","1.677","1.934","1.616","14.11%"
"03/09/2022","1.672","1.603","1.694","1.562","4.43%"
"03/08/2022","1.601","1.592","1.622","1.535","0.25%"
"03/07/2022","1.597","1.569","1.617","1.546","4.17%"
"03/04/2022","1.533","1.582","1.601","1.519","-3.40%"
"03/03/2022","1.587","1.545","1.654","1.545","2.19%"
"03/02/2022","1.553","1.467","1.581","1.464","11.41%"
"03/01/2022","1.394","1.694","1.694","1.384","-19.93%"
"02/28/2022","1.741","1.823","1.851","1.741","-5.48%"
"02/25/2022","1.842","1.869","1.870","1.783","1.94%"
"02/24/2022","1.807","1.898","1.920","1.774","-6.47%"
"02/23/2022","1.932","1.944","1.954","1.912","-0.10%"
"02/22/2022","1.934","1.890","1.968","1.883","0.94%"
"02/21/2022","1.916","1.865","1.924","1.859","3.85%"
"02/18/2022","1.845","1.865","1.865","1.814","0.27%"
"02/17/2022","1.840","1.906","1.927","1.839","-4.02%"
"02/16/2022","1.917","1.997","1.999","1.877","-2.79%"
"02/15/2022","1.972","1.961","2.000","1.948","-0.10%"
"02/14/2022","1.974","1.912","1.975","1.894","0.61%"
"02/11/2022","1.962","1.911","1.962","1.878","3.37%"
"02/10/2022","1.898","1.783","1.924","1.781","7.41%"
"02/09/2022","1.767","1.798","1.819","1.764","-4.64%"
"02/08/2022","1.853","1.860","1.885","1.763","2.21%"
"02/07/2022","1.813","1.770","1.901","1.766","3.30%"
"02/04/2022","1.755","1.731","1.769","1.640","4.90%"
"02/03/2022","1.673","1.450","1.673","1.427","17.24%"
"02/02/2022","1.427","1.401","1.457","1.374","0.56%"
"02/01/2022","1.419","1.377","1.428","1.334","3.50%"
"01/31/2022","1.371","1.300","1.395","1.294","1.33%"
"01/28/2022","1.353","1.399","1.437","1.347","-0.37%"
"01/27/2022","1.358","1.452","1.467","1.354","-3.48%"
"01/26/2022","1.407","1.353","1.418","1.346","3.46%"
"01/25/2022","1.360","1.344","1.372","1.332","0.37%"
"01/24/2022","1.355","1.344","1.358","1.301","0.00%"
"01/21/2022","1.355","1.355","1.367","1.336","-1.09%"
"01/20/2022","1.370","1.409","1.410","1.360","-2.56%"
"01/19/2022","1.406","1.443","1.453","1.389","1.30%"
"01/18/2022","1.388","1.381","1.408","1.365","1.68%"
"01/17/2022","1.365","1.352","1.370","1.339","1.79%"
"01/14/2022","1.341","1.286","1.343","1.284","3.95%"
"01/13/2022","1.290","1.349","1.368","1.281","-3.08%"
"01/12/2022","1.331","1.371","1.395","1.309","-3.34%"
"01/11/2022","1.377","1.378","1.397","1.340","7.16%"
"01/10/2022","1.285","1.322","1.338","1.259","-2.58%"
"01/07/2022","1.319","1.296","1.323","1.285","3.53%"
"01/06/2022","1.274","1.280","1.319","1.271","2.41%"
"01/05/2022","1.244","1.224","1.254","1.216","1.88%"
"01/04/2022","1.221","1.199","1.221","1.182","1.92%"
"01/03/2022","1.198","1.183","1.213","1.148","1.10%"
"12/31/2021","1.185","1.192","1.192","1.185","0.42%"
"12/30/2021","1.180","1.151","1.183","1.113","1.64%"
"12/29/2021","1.161","1.108","1.167","1.108","5.55%"
"12/28/2021","1.100","1.134","1.165","1.100","-2.22%"
"12/27/2021","1.125","1.126","1.179","1.124","-0.18%"
"12/24/2021","1.127","1.108","1.127","1.108","1.81%"
"12/23/2021","1.107","1.075","1.146","1.073","4.83%"
"12/22/2021","1.056","1.011","1.067","1.011","3.83%"
"12/21/2021","1.017","0.943","1.020","0.942","8.65%"
"12/20/2021","0.936","0.904","0.951","0.894","3.08%"
"12/17/2021","0.908","0.959","0.969","0.908","-7.35%"
"12/16/2021","0.980","0.900","1.023","0.891","6.18%"
"12/15/2021","0.923","0.934","0.942","0.908","-1.70%"
"12/14/2021","0.939","0.906","0.941","0.887","2.96%"
"12/13/2021","0.912","0.967","0.972","0.911","-5.79%"
"12/10/2021","0.968","1.004","1.013","0.951","-3.39%"
"12/09/2021","1.002","0.999","1.018","0.983","-2.91%"
"12/08/2021","1.032","0.926","1.034","0.915","12.42%"
"12/07/2021","0.918","0.927","0.936","0.897","3.73%"
"12/06/2021","0.885","0.908","0.926","0.873","-4.43%"
"12/03/2021","0.926","0.958","0.988","0.910","-3.14%"
"12/02/2021","0.956","1.018","1.026","0.941","-6.64%"
"12/01/2021","1.024","0.978","1.056","0.978","4.28%"
"11/30/2021","0.982","0.975","0.988","0.925","0.31%"
"11/29/2021","0.979","0.973","1.016","0.970","1.03%"
"11/27/2021","0.969","0.969","0.969","0.969","-0.51%"
"11/26/2021","0.974","1.005","1.012","0.958","-8.29%"
"11/25/2021","1.062","1.058","1.078","1.037","-1.58%"
"11/24/2021","1.079","1.043","1.126","1.037","1.31%"
"11/23/2021","1.065","0.967","1.066","0.967","12.58%"
"11/22/2021","0.946","0.869","0.947","0.852","9.74%"
"11/20/2021","0.862","0.862","0.862","0.862","-0.12%"
"11/19/2021","0.863","0.932","0.943","0.863","-6.09%"
"11/18/2021","0.919","0.951","0.970","0.916","-6.22%"
"11/17/2021","0.980","0.977","1.000","0.954","0.82%"
"11/16/2021","0.972","0.993","1.011","0.962","-3.09%"
"11/15/2021","1.003","0.919","1.004","0.905","4.59%"
"11/12/2021","0.959","0.968","1.022","0.955","-0.42%"
"11/11/2021","0.963","0.961","0.972","0.932","2.67%"
"11/10/2021","0.938","0.858","0.939","0.839","11.01%"
"11/09/2021","0.845","0.882","0.888","0.842","-5.38%"
"11/08/2021","0.893","0.886","0.905","0.869","1.48%"
"11/05/2021","0.880","0.949","0.957","0.876","-6.28%"
"11/04/2021","0.939","1.028","1.044","0.923","-10.40%"
"11/03/2021","1.048","1.074","1.075","1.020","-3.68%"
"11/02/2021","1.088","1.163","1.163","1.069","-10.89%"
"11/01/2021","1.221","1.195","1.289","1.164","8.49%"
"10/30/2021","1.125","1.125","1.125","1.125","-0.71%"
"10/29/2021","1.134","1.085","1.189","1.051","13.15%"
"10/28/2021","1.002","0.935","1.050","0.929","11.87%"
"10/27/2021","0.896","0.940","0.957","0.875","-4.88%"
"10/26/2021","0.942","0.913","0.949","0.898","2.66%"
"10/25/2021","0.917","0.929","0.955","0.915","-3.97%"
"10/23/2021","0.955","0.955","0.955","0.955","-0.28%"
"10/22/2021","0.958","0.960","0.988","0.951","0.72%"
"10/21/2021","0.951","0.928","0.960","0.916","3.71%"
"10/20/2021","0.917","0.957","0.960","0.911","-3.29%"
"10/19/2021","0.948","0.872","0.954","0.871","5.49%"
"10/18/2021","0.899","0.903","0.954","0.891","3.14%"
"10/15/2021","0.871","0.855","0.886","0.855","4.11%"
"10/14/2021","0.837","0.915","0.929","0.826","-7.17%"
"10/13/2021","0.902","0.908","0.921","0.881","-2.10%"
"10/12/2021","0.921","0.921","0.923","0.885","0.78%"
"10/11/2021","0.914","0.894","0.929","0.886","3.69%"
"10/08/2021","0.881","0.875","0.898","0.839","3.52%"
"10/07/2021","0.851","0.868","0.871","0.834","-4.63%"
"10/06/2021","0.893","0.905","0.928","0.872","3.60%"
"10/05/2021","0.862","0.825","0.869","0.804","4.07%"
"10/04/2021","0.828","0.820","0.857","0.820","0.99%"
"10/01/2021","0.820","0.839","0.862","0.791","-4.95%"
"09/30/2021","0.863","0.839","0.873","0.813","4.08%"
"09/29/2021","0.829","0.838","0.840","0.806","-3.31%"
"09/28/2021","0.857","0.827","0.879","0.823","7.42%"
"09/27/2021","0.798","0.772","0.831","0.767","2.29%"
"09/25/2021","0.780","0.780","0.780","0.780","-0.29%"
"09/24/2021","0.782","0.752","0.798","0.752","8.82%"
"09/23/2021","0.719","0.687","0.728","0.658","8.40%"
"09/22/2021","0.663","0.698","0.703","0.656","-3.98%"
"09/21/2021","0.691","0.705","0.720","0.670","-3.99%"
"09/20/2021","0.719","0.734","0.740","0.694","0.19%"
"09/19/2021","0.718","0.718","0.718","0.718","-0.69%"
"09/18/2021","0.723","0.723","0.723","0.723","0.44%"
"09/17/2021","0.720","0.707","0.744","0.703","3.51%"
"09/16/2021","0.695","0.705","0.716","0.687","-0.61%"
"09/15/2021","0.700","0.661","0.701","0.654","7.88%"
"09/14/2021","0.649","0.684","0.718","0.646","-6.00%"
"09/13/2021","0.690","0.707","0.713","0.683","-1.92%"
"09/12/2021","0.703","0.703","0.703","0.703","-0.14%"
"09/11/2021","0.705","0.705","0.705","0.705","-0.31%"
"09/10/2021","0.707","0.673","0.710","0.673","5.18%"
"09/09/2021","0.672","0.760","0.760","0.657","-11.38%"
"09/08/2021","0.758","0.758","0.770","0.738","-0.39%"
"09/07/2021","0.761","0.699","0.772","0.699","10.25%"
"09/06/2021","0.690","0.703","0.723","0.687","-2.72%"
"09/03/2021","0.710","0.675","0.719","0.670","5.72%"
"09/02/2021","0.671","0.689","0.689","0.662","-3.37%"
"09/01/2021","0.695","0.704","0.729","0.694","-2.36%"
"08/31/2021","0.711","0.621","0.715","0.619","16.14%"
"08/30/2021","0.613","0.643","0.664","0.612","-4.12%"
"08/27/2021","0.639","0.652","0.672","0.639","-4.73%"
"08/26/2021","0.671","0.667","0.690","0.665","0.55%"
"08/25/2021","0.667","0.572","0.673","0.566","16.67%"
"08/24/2021","0.572","0.594","0.594","0.565","-1.79%"
"08/23/2021","0.582","0.548","0.601","0.547","6.28%"
"08/20/2021","0.548","0.554","0.564","0.544","-3.52%"
"08/19/2021","0.568","0.554","0.575","0.553","2.03%"
"08/18/2021","0.556","0.568","0.568","0.546","-3.85%"
"08/17/2021","0.579","0.554","0.580","0.536","1.90%"
"08/16/2021","0.568","0.549","0.583","0.548","2.84%"
"08/13/2021","0.552","0.543","0.581","0.533","1.27%"
"08/12/2021","0.545","0.567","0.574","0.543","-4.52%"
"08/11/2021","0.571","0.555","0.599","0.553","3.48%"
"08/10/2021","0.552","0.552","0.568","0.539","-1.62%"
"08/09/2021","0.561","0.561","0.565","0.545","-2.16%"
"08/06/2021","0.573","0.543","0.581","0.535","7.06%"
"08/05/2021","0.535","0.563","0.563","0.512","-3.72%"
"08/04/2021","0.556","0.565","0.577","0.538","-2.35%"
"08/03/2021","0.570","0.582","0.591","0.565","-1.69%"
"08/02/2021","0.579","0.629","0.629","0.571","-7.55%"
"07/30/2021","0.627","0.631","0.641","0.624","0.51%"
"07/29/2021","0.623","0.617","0.646","0.613","0.61%"
"07/28/2021","0.620","0.617","0.636","0.614","-1.02%"
"07/27/2021","0.626","0.632","0.637","0.618","-1.17%"
"07/26/2021","0.633","0.621","0.641","0.609","0.76%"
"07/23/2021","0.629","0.643","0.659","0.628","-2.78%"
"07/22/2021","0.647","0.671","0.700","0.638","-6.18%"
"07/21/2021","0.689","0.686","0.709","0.678","0.00%"
"07/20/2021","0.689","0.691","0.700","0.677","-2.82%"
"07/19/2021","0.709","0.702","0.724","0.693","-0.64%"
"07/16/2021","0.714","0.721","0.735","0.696","-1.99%"
"07/15/2021","0.728","0.706","0.738","0.699","1.42%"
"07/14/2021","0.718","0.729","0.735","0.701","-0.55%"
"07/13/2021","0.722","0.734","0.745","0.707","-2.53%"
"07/12/2021","0.740","0.750","0.752","0.722","-3.51%"
"07/09/2021","0.767","0.772","0.777","0.743","0.59%"
"07/08/2021","0.763","0.725","0.786","0.722","2.94%"
"07/07/2021","0.741","0.746","0.750","0.721","-1.15%"
"07/06/2021","0.750","0.812","0.813","0.735","-7.11%"
"07/05/2021","0.807","0.786","0.812","0.785","4.61%"
"07/04/2021","0.771","0.771","0.771","0.771","-0.50%"
"07/02/2021","0.775","0.807","0.807","0.768","-3.92%"
"07/01/2021","0.807","0.830","0.843","0.795","-2.10%"
"06/30/2021","0.824","0.884","0.890","0.819","-6.45%"
"06/29/2021","0.881","0.881","0.887","0.862","0.32%"
"06/28/2021","0.878","0.916","0.920","0.877","-4.79%"
"06/26/2021","0.923","0.923","0.923","0.923","-0.10%"
"06/25/2021","0.923","0.867","0.934","0.866","5.88%"
"06/24/2021","0.872","0.900","0.911","0.859","-2.87%"
"06/23/2021","0.898","0.899","0.904","0.855","-0.50%"
"06/22/2021","0.902","0.891","0.904","0.852","2.70%"
"06/21/2021","0.879","0.868","0.898","0.857","0.88%"
"06/20/2021","0.871","0.871","0.871","0.871","0.00%"
"06/19/2021","0.871","0.871","0.871","0.871","-0.31%"
"06/18/2021","0.874","0.822","0.891","0.817","6.25%"
"06/17/2021","0.822","0.823","0.857","0.809","5.72%"
"06/16/2021","0.778","0.792","0.794","0.772","-1.84%"
"06/15/2021","0.792","0.774","0.794","0.759","1.81%"
"06/14/2021","0.778","0.747","0.779","0.740","4.06%"
"06/11/2021","0.748","0.772","0.787","0.743","-7.04%"
"06/10/2021","0.804","0.828","0.863","0.801","-3.11%"
"06/09/2021","0.830","0.863","0.865","0.801","-4.06%"
"06/08/2021","0.865","0.912","0.924","0.863","-6.06%"
"06/07/2021","0.921","0.875","0.922","0.869","5.04%"
"06/05/2021","0.877","0.877","0.877","0.877","-0.26%"
"06/04/2021","0.879","0.891","0.905","0.870","-2.33%"
"06/03/2021","0.900","0.885","0.901","0.877","2.49%"
"06/02/2021","0.878","0.894","0.907","0.878","-2.99%"
"06/01/2021","0.905","0.913","0.921","0.876","-1.14%"
"05/31/2021","0.916","0.932","0.945","0.914","0.00%"
"05/28/2021","0.915","0.957","0.957","0.912","-2.20%"
"05/27/2021","0.936","0.919","0.943","0.912","1.50%"
"05/26/2021","0.922","0.939","0.943","0.914","-4.40%"
"05/25/2021","0.965","1.001","1.006","0.957","-5.42%"
"05/24/2021","1.020","1.024","1.052","1.011","-1.38%"
"05/21/2021","1.034","1.045","1.047","1.003","-1.99%"
"05/20/2021","1.055","1.133","1.137","1.054","-5.50%"
"05/19/2021","1.117","1.122","1.160","1.102","0.92%"
"05/18/2021","1.107","1.113","1.133","1.081","-0.34%"
"05/17/2021","1.110","1.058","1.142","1.058","3.43%"
"05/14/2021","1.074","1.055","1.091","1.054","5.45%"
"05/13/2021","1.018","0.985","1.049","0.981","3.46%"
"05/12/2021","0.984","0.949","0.988","0.920","3.91%"
"05/11/2021","0.947","0.906","0.952","0.905","6.40%"
"05/10/2021","0.890","0.937","0.938","0.887","-3.05%"
"05/07/2021","0.918","0.864","0.942","0.858","5.28%"
"05/06/2021","0.872","0.844","0.891","0.837","2.11%"
"05/05/2021","0.854","0.830","0.856","0.822","4.02%"
"05/04/2021","0.821","0.834","0.853","0.813","-1.56%"
"05/03/2021","0.834","0.854","0.903","0.827","-3.02%"
"04/30/2021","0.860","0.863","0.875","0.852","-1.83%"
"04/29/2021","0.876","0.829","0.895","0.828","5.42%"
"04/28/2021","0.831","0.842","0.864","0.829","1.09%"
"04/27/2021","0.822","0.810","0.834","0.798","2.75%"
"04/26/2021","0.800","0.797","0.831","0.788","2.04%"
"04/23/2021","0.784","0.751","0.797","0.746","3.70%"
"04/22/2021","0.756","0.743","0.787","0.738","0.00%"
"04/21/2021","0.756","0.772","0.785","0.739","-3.32%"
"04/20/2021","0.782","0.806","0.818","0.780","-1.39%"
"04/19/2021","0.793","0.744","0.807","0.723","6.02%"
"04/16/2021","0.748","0.744","0.767","0.734","2.33%"
"04/15/2021","0.731","0.787","0.787","0.727","-6.52%"
"04/14/2021","0.782","0.734","0.786","0.729","4.83%"
"04/13/2021","0.746","0.758","0.782","0.746","0.95%"
"04/12/2021","0.739","0.728","0.744","0.694","0.27%"
"04/09/2021","0.737","0.683","0.755","0.683","10.66%"
"04/08/2021","0.666","0.680","0.683","0.657","-4.99%"
"04/07/2021","0.701","0.678","0.707","0.665","0.29%"
"04/06/2021","0.699","0.645","0.707","0.644","11.04%"
"04/05/2021","0.629","0.629","0.629","0.629","0.16%"
"04/02/2021","0.628","0.629","0.629","0.628","-0.55%"
"04/01/2021","0.632","0.666","0.666","0.626","-5.53%"
"03/31/2021","0.669","0.685","0.692","0.657","-2.19%"
"03/30/2021","0.684","0.674","0.726","0.671","6.71%"
"03/29/2021","0.641","0.599","0.649","0.598","4.40%"
"03/26/2021","0.614","0.605","0.638","0.601","6.23%"
"03/25/2021","0.578","0.587","0.601","0.578","-2.53%"
"03/24/2021","0.593","0.589","0.614","0.586","-1.82%"
"03/23/2021","0.604","0.632","0.638","0.602","-6.79%"
"03/22/2021","0.648","0.653","0.680","0.646","-3.57%"
"03/19/2021","0.672","0.667","0.694","0.643","-2.89%"
"03/18/2021","0.692","0.722","0.731","0.686","-1.28%"
"03/17/2021","0.701","0.630","0.707","0.628","11.80%"
"03/16/2021","0.627","0.619","0.632","0.600","4.15%"
"03/15/2021","0.602","0.614","0.627","0.600","-4.75%"
"03/12/2021","0.632","0.618","0.659","0.609","4.12%"
"03/11/2021","0.607","0.655","0.675","0.574","-11.00%"
"03/10/2021","0.682","0.691","0.721","0.673","-2.43%"
"03/09/2021","0.699","0.743","0.750","0.678","-8.27%"
"03/08/2021","0.762","0.766","0.766","0.732","-1.30%"
"03/05/2021","0.772","0.768","0.793","0.740","2.12%"
"03/04/2021","0.756","0.737","0.760","0.721","-0.40%"
"03/03/2021","0.759","0.674","0.770","0.671","10.64%"
"03/02/2021","0.686","0.668","0.717","0.662","3.31%"
"03/01/2021","0.664","0.723","0.723","0.663","-13.88%"
"02/26/2021","0.771","0.800","0.824","0.742","-4.10%"
"02/25/2021","0.804","0.707","0.826","0.706","15.35%"
"02/24/2021","0.697","0.645","0.722","0.629","7.89%"
"02/23/2021","0.646","0.602","0.680","0.598","7.85%"
"02/22/2021","0.599","0.647","0.668","0.584","-4.16%"
"02/19/2021","0.625","0.661","0.661","0.618","-4.58%"
"02/18/2021","0.655","0.588","0.674","0.576","11.97%"
"02/17/2021","0.585","0.593","0.616","0.568","2.81%"
"02/16/2021","0.569","0.521","0.572","0.521","7.56%"
"02/15/2021","0.529","0.508","0.538","0.500","8.85%"
"02/12/2021","0.486","0.447","0.494","0.426","7.05%"
"02/11/2021","0.454","0.499","0.499","0.454","-10.10%"
"02/10/2021","0.505","0.514","0.516","0.493","-2.32%"
"02/09/2021","0.517","0.520","0.528","0.502","1.17%"
"02/08/2021","0.511","0.527","0.542","0.511","-5.89%"
"02/05/2021","0.543","0.540","0.567","0.511","-0.91%"
"02/04/2021","0.548","0.597","0.600","0.545","-6.48%"
"02/03/2021","0.586","0.585","0.602","0.548","-10.67%"
"02/02/2021","0.656","0.641","0.663","0.626","5.13%"
"02/01/2021","0.624","0.629","0.631","0.610","-2.95%"
"01/29/2021","0.643","0.625","0.660","0.615","0.63%"
"01/28/2021","0.639","0.651","0.664","0.638","2.90%"
"01/27/2021","0.621","0.617","0.621","0.597","0.65%"
"01/26/2021","0.617","0.655","0.655","0.599","-4.64%"
"01/25/2021","0.647","0.689","0.694","0.634","-9.38%"
"01/22/2021","0.714","0.710","0.728","0.683","9.17%"
"01/21/2021","0.654","0.568","0.674","0.559","11.79%"
"01/20/2021","0.585","0.536","0.589","0.535","4.46%"
"01/19/2021","0.560","0.592","0.600","0.549","-7.28%"
"01/18/2021","0.604","0.609","0.623","0.589","3.60%"
"01/15/2021","0.583","0.586","0.599","0.569","-4.27%"
"01/14/2021","0.609","0.577","0.634","0.561","9.34%"
"01/13/2021","0.557","0.622","0.627","0.549","-12.97%"
"01/12/2021","0.640","0.564","0.646","0.554","18.52%"
"01/11/2021","0.540","0.501","0.549","0.501","8.43%"
"01/08/2021","0.498","0.513","0.513","0.474","-6.21%"
"01/07/2021","0.531","0.550","0.557","0.521","-1.85%"
"01/06/2021","0.541","0.566","0.571","0.533","1.69%"
"01/05/2021","0.532","0.525","0.543","0.511","2.31%"
"01/04/2021","0.520","0.545","0.545","0.494","3.38%"
"01/01/2021","0.503","0.503","0.503","0.503","-3.45%"
"12/31/2020","0.521","0.513","0.521","0.513","-0.76%"
"12/30/2020","0.525","0.519","0.539","0.505","0.57%"
"12/29/2020","0.522","0.506","0.532","0.502","2.55%"
"12/28/2020","0.509","0.549","0.549","0.506","-8.62%"
"12/25/2020","0.557","0.557","0.567","0.557","-1.24%"
"12/24/2020","0.564","0.614","0.623","0.563","0.36%"
"12/23/2020","0.562","0.522","0.576","0.511","7.66%"
"12/22/2020","0.522","0.524","0.563","0.511","-3.87%"
"12/21/2020","0.543","0.508","0.549","0.508","1.31%"
"12/18/2020","0.536","0.509","0.551","0.504","5.93%"
"12/17/2020","0.506","0.512","0.512","0.472","0.40%"
"12/16/2020","0.504","0.488","0.521","0.483","4.35%"
"12/15/2020","0.483","0.503","0.508","0.480","-5.48%"
"12/14/2020","0.511","0.521","0.526","0.506","-2.11%"
"12/11/2020","0.522","0.510","0.524","0.499","-0.95%"
"12/10/2020","0.527","0.534","0.570","0.501","-2.77%"
"12/09/2020","0.542","0.557","0.560","0.540","-1.63%"
"12/08/2020","0.551","0.579","0.598","0.549","-4.51%"
"12/07/2020","0.577","0.576","0.587","0.558","-2.70%"
"12/04/2020","0.593","0.568","0.598","0.557","4.59%"
"12/03/2020","0.567","0.598","0.602","0.564","-6.13%"
"12/02/2020","0.604","0.646","0.647","0.600","-5.92%"
"12/01/2020","0.642","0.579","0.653","0.572","9.74%"
"11/30/2020","0.585","0.563","0.589","0.551","4.46%"
"11/27/2020","0.560","0.569","0.580","0.555","-1.06%"
"11/26/2020","0.566","0.586","0.586","0.563","-1.91%"
"11/25/2020","0.577","0.579","0.585","0.554","0.70%"
"11/24/2020","0.573","0.583","0.587","0.561","-3.86%"
"11/23/2020","0.596","0.597","0.601","0.577","-0.25%"
"11/21/2020","0.598","0.598","0.598","0.598","-0.25%"
"11/20/2020","0.599","0.615","0.615","0.594","-1.80%"
"11/19/2020","0.610","0.618","0.633","0.605","-0.81%"
"11/18/2020","0.615","0.586","0.621","0.574","1.99%"
"11/17/2020","0.603","0.618","0.620","0.592","-2.11%"
"11/16/2020","0.616","0.607","0.644","0.600","-3.14%"
"11/13/2020","0.636","0.643","0.643","0.615","-2.15%"
"11/12/2020","0.650","0.686","0.698","0.642","-7.14%"
"11/11/2020","0.700","0.740","0.751","0.671","-3.31%"
"11/10/2020","0.724","0.716","0.745","0.699","0.56%"
"11/09/2020","0.720","0.589","0.734","0.572","16.50%"
"11/06/2020","0.618","0.622","0.636","0.603","-2.37%"
"11/05/2020","0.633","0.636","0.647","0.607","-4.24%"
"11/04/2020","0.661","0.683","0.688","0.655","-5.44%"
"11/03/2020","0.699","0.725","0.736","0.683","-2.37%"
"11/02/2020","0.716","0.742","0.762","0.711","-0.28%"
"10/30/2020","0.718","0.718","0.730","0.697","2.43%"
"10/29/2020","0.701","0.774","0.786","0.697","-8.72%"
"10/28/2020","0.768","0.737","0.779","0.737","9.09%"
"10/27/2020","0.704","0.733","0.750","0.698","-3.69%"
"10/26/2020","0.731","0.674","0.739","0.674","-4.32%"
"10/23/2020","0.764","0.791","0.802","0.760","-4.86%"
"10/22/2020","0.803","0.773","0.813","0.773","7.79%"
"10/21/2020","0.745","0.732","0.788","0.729","0.68%"
"10/20/2020","0.740","0.707","0.768","0.707","3.06%"
"10/19/2020","0.718","0.678","0.720","0.669","9.62%"
"10/16/2020","0.655","0.688","0.702","0.635","-5.76%"
"10/15/2020","0.695","0.653","0.747","0.652","5.62%"
"10/14/2020","0.658","0.656","0.664","0.634","-0.90%"
"10/13/2020","0.664","0.678","0.689","0.656","-1.48%"
"10/12/2020","0.674","0.717","0.726","0.672","-5.60%"
"10/09/2020","0.714","0.754","0.758","0.710","-5.80%"
"10/08/2020","0.758","0.785","0.786","0.757","-3.56%"
"10/07/2020","0.786","0.768","0.799","0.765","0.26%"
"10/06/2020","0.784","0.804","0.814","0.774","-2.00%"
"10/05/2020","0.800","0.785","0.807","0.770","1.39%"
"10/02/2020","0.789","0.822","0.822","0.783","-5.28%"
"10/01/2020","0.833","0.868","0.875","0.830","-4.25%"
"09/30/2020","0.870","0.859","0.883","0.844","1.75%"
"09/29/2020","0.855","0.878","0.879","0.839","-2.95%"
"09/28/2020","0.881","0.890","0.900","0.872","-1.89%"
"09/25/2020","0.898","0.882","0.905","0.865","2.28%"
"09/24/2020","0.878","0.865","0.888","0.862","3.05%"
"09/23/2020","0.852","0.851","0.871","0.827","-1.73%"
"09/22/2020","0.867","0.917","0.919","0.857","-7.86%"
"09/21/2020","0.941","0.976","0.993","0.903","-2.89%"
"09/18/2020","0.969","0.971","0.976","0.942","1.36%"
"09/17/2020","0.956","0.983","0.999","0.944","-1.75%"
"09/16/2020","0.973","1.000","1.000","0.962","-2.60%"
"09/15/2020","0.999","1.018","1.043","0.996","-2.15%"
"09/14/2020","1.021","1.027","1.027","0.993","-1.92%"
"09/11/2020","1.041","1.042","1.059","1.036","-3.16%"
"09/10/2020","1.075","1.075","1.090","1.048","-1.47%"
"09/09/2020","1.091","1.073","1.093","1.052","-1.09%"
"09/08/2020","1.103","1.125","1.126","1.082","-1.52%"
"09/07/2020","1.120","1.110","1.122","1.079","3.42%"
"09/04/2020","1.083","1.038","1.093","1.027","1.98%"
"09/03/2020","1.062","1.027","1.063","0.991","2.61%"
"09/02/2020","1.035","1.079","1.080","1.027","-6.50%"
"09/01/2020","1.107","1.145","1.162","1.102","-4.49%"
"08/31/2020","1.159","1.107","1.161","1.103","5.17%"
"08/28/2020","1.102","1.107","1.124","1.088","1.47%"
"08/27/2020","1.086","1.066","1.094","1.018","0.00%"
"08/26/2020","1.086","1.109","1.111","1.070","-0.91%"
"08/25/2020","1.096","1.027","1.110","1.025","8.84%"
"08/24/2020","1.007","0.994","1.029","0.984","0.10%"
"08/21/2020","1.006","0.993","1.019","0.975","2.65%"
"08/20/2020","0.980","0.979","0.993","0.963","0.10%"
"08/19/2020","0.979","0.993","1.005","0.971","-1.41%"
"08/18/2020","0.993","0.997","1.016","0.990","-1.10%"
"08/17/2020","1.004","1.048","1.052","0.994","-4.92%"
"08/14/2020","1.056","1.082","1.107","1.052","-1.95%"
"08/13/2020","1.077","1.020","1.101","1.006","4.87%"
"08/12/2020","1.027","1.013","1.048","1.005","1.28%"
"08/11/2020","1.014","0.988","1.027","0.971","2.94%"
"08/10/2020","0.985","0.996","1.009","0.976","-0.20%"
"08/07/2020","0.987","1.006","1.020","0.973","-0.30%"
"08/06/2020","0.990","1.038","1.047","0.987","-4.81%"
"08/05/2020","1.040","1.009","1.051","1.002","2.06%"
"08/04/2020","1.019","1.067","1.072","1.015","-5.21%"
"08/03/2020","1.075","1.072","1.123","1.072","-0.19%"
"07/31/2020","1.077","1.023","1.098","1.020","4.26%"
"07/30/2020","1.033","1.059","1.064","1.028","-2.82%"
"07/29/2020","1.063","1.064","1.086","1.060","-1.12%"
"07/28/2020","1.075","1.054","1.086","1.051","2.48%"
"07/27/2020","1.049","1.070","1.092","1.048","-2.05%"
"07/24/2020","1.071","1.055","1.092","1.045","2.19%"
"07/23/2020","1.048","1.098","1.103","1.039","-4.73%"
"07/22/2020","1.100","1.153","1.158","1.096","-3.42%"
"07/21/2020","1.139","1.135","1.174","1.117","-1.64%"
"07/20/2020","1.158","1.208","1.217","1.147","-6.04%"
"07/19/2020","1.232","1.232","1.232","1.232","-0.60%"
"07/17/2020","1.240","1.252","1.265","1.237","-0.24%"
"07/16/2020","1.243","1.278","1.296","1.239","-2.13%"
"07/15/2020","1.270","1.281","1.281","1.251","-0.55%"
"07/14/2020","1.277","1.296","1.316","1.271","-2.37%"
"07/13/2020","1.308","1.325","1.333","1.293","1.55%"
"07/10/2020","1.288","1.290","1.321","1.271","0.47%"
"07/09/2020","1.282","1.278","1.298","1.267","0.55%"
"07/08/2020","1.275","1.276","1.282","1.254","-1.01%"
"07/07/2020","1.288","1.285","1.325","1.278","-1.53%"
"07/06/2020","1.308","1.322","1.328","1.279","-1.65%"
"07/03/2020","1.330","1.284","1.344","1.256","3.42%"
"07/02/2020","1.286","1.332","1.332","1.275","-4.24%"
"07/01/2020","1.343","1.349","1.360","1.327","1.21%"
"06/30/2020","1.327","1.381","1.381","1.308","-2.71%"
"06/29/2020","1.364","1.372","1.380","1.354","0.18%"
"06/27/2020","1.362","1.362","1.362","1.362","-0.77%"
"06/26/2020","1.372","1.351","1.375","1.339","0.29%"
"06/25/2020","1.368","1.347","1.402","1.346","2.09%"
"06/24/2020","1.340","1.329","1.367","1.322","0.45%"
"06/23/2020","1.334","1.366","1.367","1.327","-1.69%"
"06/22/2020","1.357","1.426","1.430","1.351","2.61%"
"06/20/2020","1.322","1.322","1.322","1.322","0.00%"
"06/19/2020","1.323","1.345","1.359","1.321","-1.49%"
"06/18/2020","1.343","1.385","1.385","1.333","-2.33%"
"06/17/2020","1.375","1.375","1.397","1.347","0.95%"
"06/16/2020","1.362","1.395","1.407","1.346","-2.78%"
"06/15/2020","1.401","1.413","1.430","1.370","-0.46%"
"06/13/2020","1.408","1.408","1.408","1.408","-0.74%"
"06/12/2020","1.418","1.474","1.493","1.403","-4.51%"
"06/11/2020","1.485","1.503","1.512","1.438","-1.92%"
"06/10/2020","1.514","1.485","1.526","1.451","3.49%"
"06/09/2020","1.463","1.423","1.469","1.417","3.98%"
"06/08/2020","1.407","1.441","1.444","1.387","-1.05%"
"06/05/2020","1.422","1.416","1.453","1.408","0.14%"
"06/04/2020","1.420","1.555","1.597","1.382","-8.51%"
"06/03/2020","1.552","1.528","1.594","1.523","2.85%"
"06/02/2020","1.509","1.472","1.520","1.442","2.72%"
"06/01/2020","1.469","1.474","1.487","1.437","-1.48%"
"05/29/2020","1.491","1.458","1.514","1.429","3.90%"
"05/28/2020","1.435","1.510","1.529","1.424","-3.76%"
"05/27/2020","1.491","1.553","1.564","1.463","-3.99%"
"05/26/2020","1.553","1.582","1.586","1.528","-2.20%"
"05/25/2020","1.588","1.601","1.613","1.572","-0.41%"
"05/23/2020","1.594","1.594","1.594","1.594","-0.72%"
"05/22/2020","1.606","1.623","1.638","1.597","-1.71%"
"05/21/2020","1.634","1.649","1.684","1.614","-0.06%"
"05/20/2020","1.635","1.666","1.696","1.627","-0.73%"
"05/19/2020","1.647","1.601","1.674","1.599","-3.29%"
"05/18/2020","1.703","1.860","1.861","1.671","-8.14%"
"05/15/2020","1.854","1.808","1.862","1.794","1.76%"
"05/14/2020","1.822","1.809","1.844","1.778","0.83%"
"05/13/2020","1.807","1.926","1.926","1.797","-4.49%"
"05/12/2020","1.892","1.894","1.907","1.866","0.26%"
"05/11/2020","1.887","1.796","1.895","1.786","2.61%"
"05/08/2020","1.839","1.864","1.882","1.789","-3.36%"
"05/07/2020","1.903","2.006","2.036","1.895","-3.79%"
"05/06/2020","1.978","1.868","1.993","1.859","5.55%"
"05/05/2020","1.874","1.760","1.947","1.748","6.78%"
"05/04/2020","1.755","1.855","1.856","1.751","-1.57%"
"05/01/2020","1.783","1.755","1.783","1.755","0.34%"
"04/30/2020","1.777","1.743","1.858","1.681","0.45%"
"04/29/2020","1.769","1.808","1.829","1.747","1.96%"
"04/28/2020","1.735","1.725","1.760","1.687","-1.36%"
"04/27/2020","1.759","1.730","1.794","1.730","-6.93%"
"04/24/2020","1.890","2.106","2.106","1.863","-5.78%"
"04/23/2020","2.006","2.050","2.066","1.935","-4.79%"
"04/22/2020","2.107","2.156","2.276","2.072","6.52%"
"04/21/2020","1.978","1.946","2.222","1.920","1.33%"
"04/20/2020","1.952","1.853","1.977","1.852","9.05%"
"04/17/2020","1.790","1.800","1.818","1.751","-3.61%"
"04/16/2020","1.857","1.866","1.866","1.735","-2.67%"
"04/15/2020","1.908","1.816","1.987","1.782","6.65%"
"04/14/2020","1.789","1.688","1.802","1.659","12.69%"
"04/13/2020","1.587","1.587","1.587","1.587","-0.28%"
"04/10/2020","1.592","1.587","1.594","1.587","-0.44%"
"04/09/2020","1.599","1.722","1.729","1.556","-3.44%"
"04/08/2020","1.656","1.748","1.748","1.628","3.37%"
"04/07/2020","1.602","1.521","1.621","1.501","3.89%"
"04/06/2020","1.542","1.544","1.581","1.490","0.00%"
"04/03/2020","1.542","1.473","1.558","1.473","3.35%"
"04/02/2020","1.492","1.494","1.538","1.471","-3.56%"
"04/01/2020","1.547","1.539","1.595","1.475","0.85%"
"03/31/2020","1.534","1.505","1.554","1.451","3.23%"
"03/30/2020","1.486","1.367","1.511","1.347","11.39%"
"03/27/2020","1.334","1.263","1.357","1.242","7.32%"
"03/26/2020","1.243","1.485","1.499","1.225","-21.13%"
"03/25/2020","1.576","1.560","1.623","1.558","-1.01%"
"03/24/2020","1.592","1.567","1.622","1.551","-0.81%"
"03/23/2020","1.605","1.644","1.697","1.572","-1.83%"
"03/20/2020","1.635","1.540","1.678","1.516","-10.12%"
"03/19/2020","1.819","1.549","1.920","1.521","-27.09%"
"03/18/2020","2.495","2.423","3.012","2.134","4.35%"
"03/17/2020","2.391","2.065","2.463","2.046","10.49%"
"03/16/2020","2.164","1.941","2.184","1.934","19.89%"
"03/13/2020","1.805","1.824","1.968","1.605","-4.75%"
"03/12/2020","1.895","1.252","1.877","1.237","59.78%"
"03/11/2020","1.186","1.317","1.319","1.181","-14.43%"
"03/10/2020","1.386","1.434","1.458","1.278","-1.56%"
"03/09/2020","1.408","1.362","1.445","1.234","34.03%"
"03/07/2020","1.051","1.051","1.051","1.051","-2.64%"
"03/06/2020","1.079","1.116","1.189","1.071","1.03%"
"03/05/2020","1.068","1.002","1.104","0.980","5.01%"
"03/04/2020","1.017","1.001","1.037","0.911","3.25%"
"03/03/2020","0.985","1.105","1.125","0.976","-14.64%"
"03/02/2020","1.154","1.096","1.227","1.075","2.40%"
"02/28/2020","1.127","1.198","1.199","1.091","4.93%"
"02/27/2020","1.074","1.020","1.104","1.019","8.05%"
"02/26/2020","0.994","1.013","1.055","0.980","1.22%"
"02/25/2020","0.982","0.989","1.021","0.965","1.45%"
"02/24/2020","0.968","0.977","1.002","0.928","6.43%"
"02/22/2020","0.910","0.910","0.910","0.910","0.28%"
"02/21/2020","0.907","0.893","0.917","0.891","-0.66%"
"02/20/2020","0.913","0.937","0.948","0.890","-3.08%"
"02/19/2020","0.942","0.937","0.950","0.913","1.40%"
"02/18/2020","0.929","0.887","0.938","0.887","2.54%"
"02/17/2020","0.906","0.933","0.935","0.896","-1.95%"
"02/14/2020","0.924","0.919","0.927","0.898","3.12%"
"02/13/2020","0.896","0.898","0.916","0.855","-2.82%"
"02/12/2020","0.922","0.983","0.988","0.912","-5.14%"
"02/11/2020","0.972","0.966","0.981","0.953","2.10%"
"02/10/2020","0.952","0.959","0.975","0.941","0.42%"
"02/07/2020","0.948","0.950","0.975","0.934","-2.17%"
"02/06/2020","0.969","0.968","1.008","0.964","0.21%"
"02/05/2020","0.967","0.926","0.971","0.926","2.00%"
"02/04/2020","0.948","0.969","0.974","0.945","-0.94%"
"02/03/2020","0.957","0.948","0.977","0.932","3.57%"
"01/31/2020","0.924","0.935","0.953","0.919","-1.60%"
"01/30/2020","0.939","0.951","0.985","0.934","-2.49%"
"01/29/2020","0.963","1.007","1.007","0.958","-6.32%"
"01/28/2020","1.028","1.039","1.043","0.995","-1.44%"
"01/27/2020","1.043","1.056","1.073","1.030","-15.20%"
"01/24/2020","1.230","1.284","1.291","1.216","-1.99%"
"01/23/2020","1.255","1.318","1.319","1.255","-7.17%"
"01/22/2020","1.352","1.441","1.448","1.350","-1.02%"
"01/21/2020","1.366","1.358","1.401","1.350","0.44%"
"01/20/2020","1.360","1.364","1.375","1.357","-1.88%"
"01/17/2020","1.386","1.406","1.423","1.367","-3.62%"
"01/16/2020","1.438","1.411","1.443","1.380","3.45%"
"01/15/2020","1.390","1.370","1.397","1.363","0.00%"
"01/14/2020","1.390","1.388","1.401","1.365","0.36%"
"01/13/2020","1.385","1.358","1.395","1.355","3.98%"
"01/10/2020","1.332","1.352","1.355","1.311","-3.48%"
"01/09/2020","1.380","1.404","1.415","1.368","-1.92%"
"01/08/2020","1.407","1.370","1.419","1.370","1.30%"
"01/07/2020","1.389","1.372","1.392","1.362","2.28%"
"01/06/2020","1.358","1.325","1.377","1.322","0.97%"
"01/03/2020","1.345","1.363","1.373","1.331","-5.61%"
"01/02/2020","1.425","1.451","1.493","1.399","1.28%"
"01/01/2020","1.407","1.403","1.407","1.403","-1.40%"
"12/31/2019","1.427","1.440","1.440","1.427","0.35%"
"12/30/2019","1.422","1.388","1.431","1.387","1.86%"
"12/27/2019","1.396","1.410","1.448","1.380","-2.04%"
"12/26/2019","1.425","1.439","1.439","1.425","-0.31%"
"12/25/2019","1.429","1.439","1.439","1.429","-5.08%"
"12/24/2019","1.506","1.439","1.506","1.426","4.66%"
"12/23/2019","1.439","1.399","1.453","1.395","1.27%"
"12/20/2019","1.421","1.397","1.457","1.397","1.79%"
"12/19/2019","1.396","1.372","1.426","1.368","4.33%"
"12/18/2019","1.338","1.278","1.361","1.250","4.94%"
"12/17/2019","1.275","1.278","1.336","1.272","-1.85%"
"12/16/2019","1.299","1.261","1.310","1.261","3.26%"
"12/13/2019","1.258","1.348","1.362","1.256","-6.26%"
"12/12/2019","1.342","1.308","1.353","1.265","1.59%"
"12/11/2019","1.321","1.351","1.365","1.299","-2.00%"
"12/10/2019","1.348","1.363","1.400","1.346","-3.09%"
"12/09/2019","1.391","1.434","1.434","1.376","-3.80%"
"12/07/2019","1.446","1.446","1.446","1.446","-0.07%"
"12/06/2019","1.447","1.466","1.485","1.431","-2.43%"
"12/05/2019","1.483","1.394","1.485","1.383","7.39%"
"12/04/2019","1.381","1.373","1.418","1.362","-0.29%"
"12/03/2019","1.385","1.450","1.489","1.381","-4.22%"
"12/02/2019","1.446","1.384","1.462","1.383","8.07%"
"11/29/2019","1.338","1.333","1.375","1.326","-0.82%"
"11/28/2019","1.349","1.306","1.375","1.298","1.97%"
"11/27/2019","1.323","1.269","1.337","1.255","3.85%"
"11/26/2019","1.274","1.283","1.293","1.239","-0.31%"
"11/25/2019","1.278","1.303","1.307","1.262","-1.46%"
"11/22/2019","1.297","1.318","1.318","1.270","1.17%"
"11/21/2019","1.282","1.288","1.308","1.260","-1.46%"
"11/20/2019","1.301","1.305","1.323","1.279","-2.25%"
"11/19/2019","1.331","1.294","1.357","1.284","2.86%"
"11/18/2019","1.294","1.321","1.322","1.269","-2.38%"
"11/16/2019","1.326","1.317","1.326","1.317","-0.34%"
"11/15/2019","1.330","1.403","1.403","1.316","-7.19%"
"11/14/2019","1.433","1.317","1.439","1.299","7.50%"
"11/13/2019","1.333","1.320","1.346","1.294","2.22%"
"11/12/2019","1.304","1.378","1.381","1.298","-2.83%"
"11/11/2019","1.342","1.287","1.363","1.286","5.13%"
"11/09/2019","1.276","1.276","1.276","1.276","0.35%"
"11/08/2019","1.272","1.230","1.384","1.217","1.76%"
"11/07/2019","1.250","1.109","1.266","1.094","11.21%"
"11/06/2019","1.124","1.137","1.169","1.122","0.99%"
"11/05/2019","1.113","1.098","1.124","1.096","1.74%"
"11/04/2019","1.094","1.121","1.131","1.087","-0.27%"
"11/01/2019","1.097","1.028","1.100","1.021","6.71%"
"10/31/2019","1.028","1.047","1.052","1.020","-6.03%"
"10/30/2019","1.094","1.106","1.109","1.089","-0.27%"
"10/29/2019","1.097","1.089","1.108","1.081","-0.54%"
"10/28/2019","1.103","1.089","1.129","1.072","5.35%"
"10/25/2019","1.047","1.029","1.057","1.014","3.66%"
"10/24/2019","1.010","1.037","1.070","1.003","-3.07%"
"10/23/2019","1.042","1.003","1.062","0.999","1.17%"
"10/22/2019","1.030","1.069","1.076","1.002","-5.42%"
"10/21/2019","1.089","1.033","1.105","1.032","5.73%"
"10/18/2019","1.030","1.009","1.037","0.994","3.52%"
"10/17/2019","0.995","1.014","1.046","0.995","-3.21%"
"10/16/2019","1.028","1.034","1.038","0.983","-0.68%"
"10/15/2019","1.035","1.015","1.053","0.994","1.47%"
"10/14/2019","1.020","1.017","1.044","1.013","-3.41%"
"10/11/2019","1.056","1.052","1.066","1.026","-0.28%"
"10/10/2019","1.059","0.994","1.071","0.991","8.73%"
"10/09/2019","0.974","0.950","0.984","0.948","2.74%"
"10/08/2019","0.948","0.963","0.981","0.941","-0.73%"
"10/07/2019","0.955","0.925","0.956","0.914","14.92%"
"10/04/2019","0.831","0.809","0.836","0.790","0.36%"
"10/03/2019","0.828","0.884","0.896","0.810","-7.59%"
"10/02/2019","0.896","0.861","0.902","0.860","4.67%"
"10/01/2019","0.856","0.830","0.880","0.830","3.38%"
"09/30/2019","0.828","0.851","0.852","0.815","0.12%"
"09/28/2019","0.827","0.827","0.827","0.827","-0.24%"
"09/27/2019","0.829","0.834","0.855","0.822","0.00%"
"09/26/2019","0.829","0.840","0.851","0.826","-0.72%"
"09/25/2019","0.835","0.846","0.851","0.801","0.48%"
"09/24/2019","0.831","0.839","0.859","0.826","-0.36%"
"09/23/2019","0.834","0.904","0.915","0.824","-9.45%"
"09/20/2019","0.921","0.881","0.930","0.863","3.72%"
"09/19/2019","0.888","0.901","0.924","0.872","2.30%"
"09/18/2019","0.868","0.922","0.933","0.865","-6.57%"
"09/17/2019","0.929","0.874","0.934","0.859","8.91%"
"09/16/2019","0.853","0.861","0.917","0.842","-1.95%"
"09/13/2019","0.870","0.900","0.953","0.842","3.08%"
"09/12/2019","0.844","0.973","1.024","0.758","-13.52%"
"09/11/2019","0.976","1.010","1.059","0.967","-4.87%"
"09/10/2019","1.026","0.947","1.039","0.923","7.43%"
"09/09/2019","0.955","0.887","0.967","0.886","7.91%"
"09/08/2019","0.885","0.885","0.885","0.885","0.23%"
"09/06/2019","0.883","0.928","0.942","0.866","-5.86%"
"09/05/2019","0.938","0.821","0.978","0.810","14.11%"
"09/04/2019","0.822","0.803","0.859","0.803","-4.64%"
"09/03/2019","0.862","0.924","0.936","0.855","-11.23%"
"09/02/2019","0.971","1.015","1.015","0.958","-6.00%"
"08/30/2019","1.033","1.024","1.051","0.942","4.34%"
"08/29/2019","0.990","1.020","1.027","0.929","-5.53%"
"08/28/2019","1.048","1.137","1.166","0.978","-7.91%"
"08/27/2019","1.138","1.242","1.273","1.124","-14.63%"
"08/26/2019","1.333","1.331","1.361","1.315","1.52%"
"08/24/2019","1.313","1.313","1.313","1.313","-0.38%"
"08/23/2019","1.318","1.318","1.367","1.295","-1.05%"
"08/22/2019","1.332","1.297","1.370","1.286","-0.37%"
"08/21/2019","1.337","1.348","1.378","1.312","-2.55%"
"08/20/2019","1.372","1.473","1.489","1.324","-4.12%"
"08/19/2019","1.431","1.363","1.503","1.363","2.07%"
"08/18/2019","1.402","1.402","1.402","1.402","3.55%"
"08/16/2019","1.354","1.342","1.419","1.340","0.89%"
"08/15/2019","1.342","1.515","1.553","1.328","-11.42%"
"08/14/2019","1.515","1.578","1.628","1.492","-6.48%"
"08/13/2019","1.620","1.674","1.715","1.615","-6.68%"
"08/12/2019","1.736","1.747","1.777","1.713","-4.46%"
"08/10/2019","1.817","1.817","1.817","1.817","-0.49%"
"08/09/2019","1.826","1.757","1.829","1.695","18.73%"
"08/08/2019","1.538","1.508","1.576","1.471","7.33%"
"08/07/2019","1.433","1.472","1.503","1.380","-5.04%"
"08/06/2019","1.509","1.523","1.547","1.498","-3.52%"
"08/05/2019","1.564","1.478","1.568","1.473","1.49%"
"08/02/2019","1.541","1.599","1.623","1.529","-1.47%"
"08/01/2019","1.564","1.584","1.626","1.531","1.10%"
"07/31/2019","1.547","1.569","1.583","1.536","-2.27%"
"07/30/2019","1.583","1.591","1.647","1.582","0.13%"
"07/29/2019","1.581","1.546","1.585","1.518","0.76%"
"07/27/2019","1.569","1.569","1.569","1.569","-0.38%"
"07/26/2019","1.575","1.501","1.588","1.501","3.35%"
"07/25/2019","1.524","1.491","1.574","1.380","1.80%"
"07/24/2019","1.497","1.594","1.594","1.469","-6.61%"
"07/23/2019","1.603","1.643","1.655","1.592","-3.84%"
"07/22/2019","1.667","1.595","1.671","1.576","3.67%"
"07/20/2019","1.608","1.608","1.608","1.608","0.25%"
"07/19/2019","1.604","1.541","1.642","1.541","2.95%"
"07/18/2019","1.558","1.597","1.604","1.506","-2.87%"
"07/17/2019","1.604","1.597","1.617","1.568","-0.50%"
"07/16/2019","1.612","1.636","1.637","1.583","-1.71%"
"07/15/2019","1.640","1.707","1.708","1.635","-5.31%"
"07/13/2019","1.732","1.732","1.732","1.732","-0.06%"
"07/12/2019","1.733","1.694","1.755","1.679","1.05%"
"07/11/2019","1.715","1.714","1.722","1.665","-1.49%"
"07/10/2019","1.741","1.759","1.786","1.723","0.00%"
"07/09/2019","1.741","1.773","1.775","1.722","-2.19%"
"07/08/2019","1.780","1.702","1.786","1.692","2.06%"
"07/07/2019","1.744","1.744","1.744","1.744","-0.11%"
"07/05/2019","1.746","1.642","1.782","1.630","4.61%"
"07/04/2019","1.669","1.576","1.676","1.576","3.54%"
"07/03/2019","1.612","1.765","1.793","1.599","-13.19%"
"07/02/2019","1.857","1.926","1.928","1.830","-7.20%"
"07/01/2019","2.001","2.082","2.083","1.921","-4.26%"
"06/29/2019","2.090","2.090","2.090","2.090","0.00%"
"06/28/2019","2.090","2.104","2.111","2.071","-2.02%"
"06/27/2019","2.133","2.147","2.168","2.128","-0.47%"
"06/26/2019","2.143","2.164","2.188","2.127","-0.65%"
"06/25/2019","2.157","2.163","2.213","2.142","-0.14%"
"06/24/2019","2.160","2.123","2.163","2.076","-0.14%"
"06/21/2019","2.163","2.133","2.168","2.085","0.56%"
"06/20/2019","2.151","2.027","2.154","2.014","1.41%"
"06/19/2019","2.121","2.118","2.159","2.061","0.76%"
"06/18/2019","2.105","2.294","2.295","2.061","-8.04%"
"06/17/2019","2.289","2.319","2.331","2.283","-1.29%"
"06/16/2019","2.319","2.319","2.319","2.319","-0.90%"
"06/14/2019","2.340","2.335","2.351","2.297","-1.27%"
"06/13/2019","2.370","2.430","2.439","2.359","0.04%"
"06/12/2019","2.369","2.391","2.435","2.359","-0.55%"
"06/11/2019","2.382","2.336","2.372","2.292","0.59%"
"06/10/2019","2.368","2.372","2.435","2.350","0.30%"
"06/07/2019","2.361","2.465","2.465","2.282","-5.22%"
"06/06/2019","2.491","2.444","2.547","2.444","0.16%"
"06/05/2019","2.487","2.518","2.631","2.481","-1.50%"
"06/04/2019","2.525","2.591","2.596","2.467","-1.90%"
"06/03/2019","2.574","2.681","2.696","2.563","-3.16%"
"06/02/2019","2.658","2.658","2.658","2.658","-0.19%"
"05/31/2019","2.663","2.722","2.743","2.626","0.53%"
"05/30/2019","2.649","2.647","2.656","2.599","0.15%"
"05/29/2019","2.645","2.702","2.708","2.614","-1.60%"
"05/28/2019","2.688","2.707","2.731","2.673","1.13%"
"05/27/2019","2.658","2.576","2.670","2.550","3.95%"
"05/25/2019","2.557","2.557","2.557","2.557","0.27%"
"05/24/2019","2.550","2.622","2.622","2.547","-3.37%"
"05/23/2019","2.639","2.641","2.671","2.632","0.19%"
"05/22/2019","2.634","2.630","2.661","2.628","-0.34%"
"05/21/2019","2.643","2.699","2.722","2.642","-2.29%"
"05/20/2019","2.705","2.675","2.710","2.649","1.20%"
"05/19/2019","2.673","2.673","2.673","2.673","0.00%"
"05/17/2019","2.673","2.690","2.691","2.621","-0.45%"
"05/16/2019","2.685","2.757","2.759","2.678","-2.26%"
"05/15/2019","2.747","2.753","2.807","2.735","0.29%"
"05/14/2019","2.739","2.710","2.755","2.687","0.74%"
"05/13/2019","2.719","2.701","2.742","2.686","1.27%"
"05/10/2019","2.685","2.664","2.692","2.651","0.30%"
"05/09/2019","2.677","2.639","2.690","2.639","2.80%"
"05/08/2019","2.604","2.617","2.698","2.590","-1.06%"
"05/07/2019","2.632","2.583","2.619","2.549","1.31%"
"05/06/2019","2.598","2.588","2.616","2.569","1.76%"
"05/05/2019","2.553","2.553","2.553","2.553","-0.08%"
"05/03/2019","2.555","2.556","2.578","2.545","0.04%"
"05/02/2019","2.554","2.568","2.570","2.525","-0.43%"
"04/30/2019","2.565","2.603","2.645","2.559","-0.89%"
"04/29/2019","2.588","2.549","2.603","2.540","0.19%"
"04/27/2019","2.583","2.583","2.583","2.583","0.08%"
"04/26/2019","2.581","2.689","2.696","2.579","-4.12%"
"04/25/2019","2.692","2.654","2.704","2.643","0.45%"
"04/24/2019","2.680","2.673","2.685","2.621","0.00%"
"04/23/2019","2.680","2.636","2.704","2.636","3.20%"
"04/21/2019","2.597","2.597","2.597","2.597","-0.57%"
"04/18/2019","2.612","2.623","2.623","2.575","-0.15%"
"04/17/2019","2.616","2.601","2.640","2.592","0.77%"
"04/16/2019","2.596","2.569","2.638","2.555","0.43%"
"04/15/2019","2.585","2.525","2.586","2.516","1.57%"
"04/13/2019","2.545","2.545","2.545","2.545","0.04%"
"04/12/2019","2.544","2.527","2.545","2.489","1.23%"
"04/11/2019","2.513","2.582","2.584","2.505","-1.68%"
"04/10/2019","2.556","2.541","2.563","2.530","-0.81%"
"04/09/2019","2.577","2.636","2.638","2.574","-2.31%"
"04/08/2019","2.638","2.638","2.653","2.618","6.46%"
"04/07/2019","2.478","2.478","2.478","2.478","0.32%"
"04/05/2019","2.470","2.533","2.533","2.471","-1.55%"
"04/04/2019","2.509","2.546","2.581","2.506","-1.41%"
"04/03/2019","2.545","2.551","2.555","2.483","0.59%"
"04/02/2019","2.530","2.515","2.552","2.509","0.56%"
"04/01/2019","2.516","2.536","2.566","2.500","1.41%"
"03/30/2019","2.481","2.489","2.489","2.481","-0.08%"
"03/29/2019","2.483","2.488","2.513","2.458","0.24%"
"03/28/2019","2.477","2.479","2.522","2.456","1.60%"
"03/27/2019","2.438","2.450","2.552","2.437","-1.30%"
"03/26/2019","2.470","2.501","2.519","2.468","-1.83%"
"03/25/2019","2.516","2.496","2.519","2.453","2.15%"
"03/23/2019","2.463","2.463","2.463","2.463","0.57%"
"03/22/2019","2.449","2.450","2.530","2.438","0.25%"
"03/21/2019","2.443","2.485","2.485","2.435","-2.71%"
"03/20/2019","2.511","2.497","2.546","2.492","0.97%"
"03/19/2019","2.487","2.459","2.513","2.447","1.02%"
"03/18/2019","2.462","2.474","2.484","2.423","-1.68%"
"03/17/2019","2.504","2.504","2.504","2.504","-0.48%"
"03/16/2019","2.516","2.516","2.516","2.516","0.72%"
"03/15/2019","2.498","2.510","2.538","2.481","-0.04%"
"03/14/2019","2.499","2.559","2.560","2.489","-2.38%"
"03/13/2019","2.560","2.554","2.585","2.540","0.83%"
"03/12/2019","2.539","2.550","2.578","2.537","-0.94%"
"03/11/2019","2.563","2.513","2.572","2.508","1.55%"
"03/09/2019","2.524","2.524","2.524","2.524","0.72%"
"03/08/2019","2.506","2.504","2.531","2.482","0.76%"
"03/07/2019","2.487","2.615","2.648","2.474","-4.86%"
"03/06/2019","2.614","2.708","2.715","2.595","-3.44%"
"03/05/2019","2.707","2.755","2.762","2.693","-1.06%"
"03/04/2019","2.736","2.739","2.797","2.732","0.11%"
"03/03/2019","2.733","2.733","2.733","2.733","-1.66%"
"03/02/2019","2.779","2.779","2.779","2.779","1.68%"
"03/01/2019","2.733","2.731","2.773","2.714","-0.98%"
"02/28/2019","2.760","2.760","2.799","2.750","-0.86%"
"02/27/2019","2.784","2.724","2.796","2.709","2.69%"
"02/26/2019","2.711","2.763","2.767","2.707","-1.95%"
"02/25/2019","2.765","2.780","2.808","2.751","-3.83%"
"02/23/2019","2.875","2.854","2.875","2.854","0.77%"
"02/22/2019","2.853","2.864","2.894","2.846","0.85%"
"02/21/2019","2.829","2.890","2.898","2.799","-1.08%"
"02/20/2019","2.860","2.802","2.870","2.793","2.62%"
"02/19/2019","2.787","2.741","2.837","2.739","0.69%"
"02/18/2019","2.768","2.774","2.801","2.751","-1.21%"
"02/17/2019","2.802","2.802","2.802","2.802","-0.60%"
"02/16/2019","2.819","2.819","2.819","2.819","0.68%"
"02/15/2019","2.800","2.833","2.902","2.799","-0.21%"
"02/14/2019","2.806","2.765","2.822","2.765","0.75%"
"02/13/2019","2.785","2.867","2.872","2.784","-2.07%"
"02/12/2019","2.844","2.867","2.874","2.841","-1.59%"
"02/11/2019","2.890","2.967","2.984","2.889","-2.69%"
"02/09/2019","2.970","2.973","2.973","2.970","-0.24%"
"02/08/2019","2.977","2.935","3.026","2.918","0.98%"
"02/07/2019","2.948","2.877","2.972","2.866","3.91%"
"02/06/2019","2.837","2.811","2.850","2.806","1.50%"
"02/05/2019","2.795","2.758","2.810","2.727","1.53%"
"02/04/2019","2.753","2.794","2.806","2.719","0.77%"
"02/02/2019","2.732","2.732","2.732","2.732","-0.07%"
"02/01/2019","2.734","2.606","2.783","2.599","5.48%"
"01/31/2019","2.592","2.566","2.608","2.566","-0.31%"
"01/30/2019","2.600","2.641","2.654","2.595","-1.29%"
"01/29/2019","2.634","2.670","2.680","2.626","-1.27%"
"01/28/2019","2.668","2.662","2.706","2.661","0.76%"
"01/27/2019","2.648","2.648","2.648","2.648","-1.82%"
"01/26/2019","2.697","2.697","2.697","2.697","1.81%"
"01/25/2019","2.649","2.652","2.681","2.626","-0.82%"
"01/24/2019","2.671","2.743","2.749","2.664","-3.05%"
"01/23/2019","2.755","2.756","2.779","2.731","0.15%"
"01/22/2019","2.751","2.761","2.763","2.733","-0.25%"
"01/21/2019","2.758","2.734","2.779","2.731","0.84%"
"01/19/2019","2.735","2.778","2.778","2.735","0.04%"
"01/18/2019","2.734","2.753","2.763","2.706","-0.94%"
"01/17/2019","2.760","2.755","2.793","2.709","0.04%"
"01/16/2019","2.759","2.836","2.836","2.756","-3.83%"
"01/15/2019","2.869","2.845","2.886","2.823","0.70%"
"01/14/2019","2.849","2.879","2.903","2.825","-2.10%"
"01/12/2019","2.910","2.910","2.910","2.910","1.57%"
"01/11/2019","2.865","2.892","2.892","2.826","-1.00%"
"01/10/2019","2.894","2.901","2.924","2.881","-0.17%"
"01/09/2019","2.899","2.959","2.991","2.885","-2.23%"
"01/08/2019","2.965","2.915","2.986","2.886","2.10%"
"01/07/2019","2.904","2.867","2.933","2.864","0.45%"
"01/06/2019","2.891","2.891","2.891","2.891","-0.62%"
"01/05/2019","2.909","2.909","2.909","2.909","0.59%"
"01/04/2019","2.892","2.847","2.913","2.811","0.14%"
"01/03/2019","2.888","2.719","2.893","2.711","7.32%"
"01/02/2019","2.691","2.750","2.760","2.672","-2.11%"
"01/01/2019","2.749","2.743","2.782","2.743","-0.87%"
"12/31/2018","2.773","2.786","2.786","2.773","-0.82%"
"12/29/2018","2.796","2.796","2.796","2.796","1.60%"
"12/28/2018","2.752","2.762","2.780","2.708","0.11%"
"12/27/2018","2.749","2.884","2.889","2.746","-3.54%"
"12/25/2018","2.850","2.850","2.850","2.850","-0.04%"
"12/24/2018","2.851","2.822","2.851","2.822","0.99%"
"12/21/2018","2.823","2.774","2.864","2.765","3.10%"
"12/20/2018","2.738","2.800","2.800","2.723","-1.72%"
"12/19/2018","2.786","2.782","2.849","2.760","-5.33%"
"12/18/2018","2.943","2.962","2.983","2.931","-0.37%"
"12/17/2018","2.954","2.927","2.976","2.917","-0.44%"
"12/15/2018","2.967","2.967","2.967","2.967","0.71%"
"12/14/2018","2.946","2.963","2.985","2.930","-0.71%"
"12/13/2018","2.967","2.941","2.982","2.887","-1.46%"
"12/12/2018","3.011","3.085","3.103","2.973","-3.43%"
"12/11/2018","3.118","3.114","3.154","3.099","0.74%"
"12/10/2018","3.095","3.179","3.180","3.076","-1.12%"
"12/08/2018","3.130","3.130","3.130","3.130","-0.06%"
"12/07/2018","3.132","3.184","3.185","3.120","-2.03%"
"12/06/2018","3.197","3.065","3.212","3.057","4.27%"
"12/05/2018","3.066","3.122","3.136","3.053","-2.70%"
"12/04/2018","3.151","3.155","3.185","3.131","0.41%"
"12/03/2018","3.138","3.164","3.171","3.113","-2.33%"
"12/01/2018","3.213","3.227","3.227","3.213","0.03%"
"11/30/2018","3.212","3.191","3.238","3.184","0.37%"
"11/29/2018","3.200","3.249","3.276","3.193","-1.93%"
"11/28/2018","3.263","3.306","3.315","3.240","-0.82%"
"11/27/2018","3.290","3.279","3.300","3.227","0.77%"
"11/26/2018","3.265","3.279","3.290","3.171","-5.33%"
"11/24/2018","3.449","3.449","3.449","3.449","1.00%"
"11/23/2018","3.415","3.390","3.451","3.357","-0.64%"
"11/22/2018","3.437","3.496","3.532","3.414","-1.35%"
"11/21/2018","3.484","3.527","3.569","3.476","-3.78%"
"11/20/2018","3.621","3.598","3.711","3.589","1.17%"
"11/19/2018","3.579","3.490","3.606","3.437","2.55%"
"11/18/2018","3.490","3.490","3.490","3.490","0.00%"
"11/17/2018","3.490","3.490","3.490","3.490","-0.06%"
"11/16/2018","3.492","3.485","3.502","3.417","0.03%"
"11/15/2018","3.491","3.476","3.534","3.457","-0.37%"
"11/14/2018","3.504","3.527","3.547","3.475","1.59%"
"11/13/2018","3.449","3.461","3.511","3.437","0.03%"
"11/12/2018","3.448","3.397","3.468","3.394","1.47%"
"11/11/2018","3.398","3.398","3.398","3.398","-0.47%"
"11/10/2018","3.414","3.414","3.414","3.414","0.50%"
"11/09/2018","3.397","3.417","3.461","3.393","-0.03%"
"11/08/2018","3.398","3.373","3.419","3.363","1.74%"
"11/07/2018","3.340","3.370","3.371","3.318","-1.97%"
"11/06/2018","3.407","3.336","3.426","3.335","2.56%"
"11/05/2018","3.322","3.349","3.388","3.302","0.48%"
"11/03/2018","3.306","3.306","3.306","3.306","-0.03%"
"11/02/2018","3.307","3.347","3.384","3.299","-2.16%"
"11/01/2018","3.380","3.426","3.426","3.348","-1.57%"
"10/31/2018","3.434","3.427","3.444","3.401","-1.41%"
"10/30/2018","3.483","3.325","3.498","3.319","4.31%"
"10/29/2018","3.339","3.363","3.371","3.266","-2.65%"
"10/27/2018","3.430","3.430","3.430","3.430","-0.23%"
"10/26/2018","3.438","3.508","3.533","3.429","-1.77%"
"10/25/2018","3.500","3.591","3.592","3.481","-3.15%"
"10/24/2018","3.614","3.547","3.638","3.523","1.06%"
"10/23/2018","3.576","3.539","3.600","3.422","2.85%"
"10/22/2018","3.477","3.321","3.524","3.307","-3.04%"
"10/19/2018","3.586","3.699","3.783","3.534","-2.37%"
"10/18/2018","3.673","3.589","3.704","3.538","3.61%"
"10/17/2018","3.545","3.406","3.560","3.391","2.52%"
"10/16/2018","3.458","3.524","3.526","3.431","-2.73%"
"10/15/2018","3.555","3.555","3.580","3.511","-0.56%"
"10/14/2018","3.575","3.575","3.575","3.575","-0.72%"
"10/13/2018","3.601","3.601","3.601","3.601","0.67%"
"10/12/2018","3.577","3.535","3.594","3.519","0.00%"
"10/11/2018","3.577","3.516","3.612","3.512","1.91%"
"10/10/2018","3.510","3.591","3.603","3.449","-0.59%"
"10/09/2018","3.531","3.551","3.712","3.509","-1.09%"
"10/08/2018","3.570","3.513","3.626","3.481","4.82%"
"10/07/2018","3.406","3.406","3.406","3.406","-0.09%"
"10/05/2018","3.409","3.355","3.432","3.347","2.31%"
"10/04/2018","3.332","3.298","3.375","3.296","0.70%"
"10/03/2018","3.309","3.336","3.431","3.279","-3.53%"
"10/02/2018","3.430","3.397","3.462","3.338","4.19%"
"10/01/2018","3.292","3.236","3.322","3.122","4.77%"
"09/29/2018","3.142","3.142","3.142","3.142","-0.03%"
"09/28/2018","3.143","3.094","3.263","3.083","8.12%"
"09/27/2018","2.907","2.918","2.993","2.886","2.29%"
"09/26/2018","2.842","2.909","2.909","2.809","-1.69%"
"09/25/2018","2.891","2.909","2.914","2.837","-2.00%"
"09/24/2018","2.950","2.859","2.968","2.852","3.91%"
"09/22/2018","2.839","2.839","2.839","2.839","-0.04%"
"09/21/2018","2.840","2.877","2.893","2.816","-1.90%"
"09/20/2018","2.895","2.858","2.904","2.805","1.19%"
"09/19/2018","2.861","2.783","2.866","2.771","2.66%"
"09/18/2018","2.787","2.889","2.889","2.761","-2.93%"
"09/17/2018","2.871","2.913","2.922","2.863","4.13%"
"09/16/2018","2.757","2.759","2.761","2.757","-1.15%"
"09/15/2018","2.789","2.789","2.789","2.789","-0.68%"
"09/14/2018","2.808","2.795","2.812","2.778","0.93%"
"09/13/2018","2.782","2.823","2.841","2.770","-0.43%"
"09/12/2018","2.794","2.811","2.825","2.727","0.72%"
"09/11/2018","2.774","2.702","2.777","2.696","1.17%"
"09/10/2018","2.742","2.825","2.826","2.728","-4.69%"
"09/07/2018","2.877","2.851","2.897","2.813","-0.90%"
"09/06/2018","2.903","2.921","2.930","2.839","-1.49%"
"09/05/2018","2.947","2.984","2.984","2.870","-2.93%"
"09/04/2018","3.036","3.124","3.126","3.019","-4.71%"
"09/03/2018","3.186","3.220","3.239","3.168","-0.93%"
"09/01/2018","3.216","3.216","3.216","3.216","-0.71%"
"08/31/2018","3.239","3.201","3.249","3.156","1.22%"
"08/30/2018","3.200","3.115","3.236","3.106","2.30%"
"08/29/2018","3.128","3.189","3.196","3.124","-1.76%"
"08/28/2018","3.184","3.175","3.211","3.116","0.54%"
"08/27/2018","3.167","3.142","3.177","3.114","0.70%"
"08/24/2018","3.145","3.084","3.154","3.082","1.45%"
"08/23/2018","3.100","3.039","3.119","3.021","1.51%"
"08/22/2018","3.054","2.975","3.063","2.935","2.86%"
"08/21/2018","2.969","3.050","3.057","2.945","-2.66%"
"08/20/2018","3.050","3.132","3.140","3.030","-2.77%"
"08/18/2018","3.137","3.137","3.137","3.137","0.35%"
"08/17/2018","3.126","3.107","3.168","3.102","0.39%"
"08/16/2018","3.114","3.149","3.193","3.098","-1.49%"
"08/15/2018","3.161","3.059","3.193","3.009","3.74%"
"08/14/2018","3.047","3.025","3.079","3.023","-1.77%"
"08/13/2018","3.102","3.058","3.109","3.050","3.50%"
"08/10/2018","2.997","2.935","3.004","2.907","3.45%"
"08/09/2018","2.897","2.897","2.942","2.872","-0.82%"
"08/08/2018","2.921","2.855","2.912","2.817","1.64%"
"08/07/2018","2.874","2.917","2.918","2.864","-1.03%"
"08/06/2018","2.904","2.918","2.928","2.877","-1.29%"
"08/03/2018","2.942","2.987","3.102","2.911","0.82%"
"08/02/2018","2.918","2.795","2.958","2.792","4.33%"
"08/01/2018","2.797","2.763","2.798","2.749","2.08%"
"07/31/2018","2.740","2.772","2.793","2.732","-1.90%"
"07/30/2018","2.793","2.776","2.805","2.755","1.93%"
"07/27/2018","2.740","2.702","2.752","2.684","1.29%"
"07/26/2018","2.705","2.703","2.721","2.689","1.12%"
"07/25/2018","2.675","2.687","2.687","2.641","0.07%"
"07/24/2018","2.673","2.663","2.712","2.661","1.02%"
"07/23/2018","2.646","2.601","2.651","2.561","2.52%"
"07/20/2018","2.581","2.569","2.593","2.541","2.99%"
"07/19/2018","2.506","2.491","2.514","2.470","-0.36%"
"07/18/2018","2.515","2.478","2.519","2.473","1.62%"
"07/17/2018","2.475","2.565","2.571","2.467","-4.11%"
"07/16/2018","2.581","2.597","2.598","2.547","0.82%"
"07/13/2018","2.560","2.635","2.635","2.547","-3.10%"
"07/12/2018","2.642","2.689","2.716","2.634","-1.75%"
"07/11/2018","2.689","2.671","2.705","2.660","0.19%"
"07/10/2018","2.684","2.648","2.703","2.647","0.49%"
"07/09/2018","2.671","2.700","2.732","2.667","-1.77%"
"07/06/2018","2.719","2.730","2.731","2.666","0.11%"
"07/05/2018","2.716","2.670","2.751","2.662","2.65%"
"07/04/2018","2.646","2.673","2.695","2.625","-0.04%"
"07/03/2018","2.647","2.629","2.681","2.595","-0.19%"
"07/02/2018","2.652","2.720","2.784","2.638","-1.34%"
"06/29/2018","2.688","2.724","2.756","2.674","-3.48%"
"06/28/2018","2.785","2.814","2.873","2.778","-1.52%"
"06/27/2018","2.828","2.864","2.928","2.799","-2.68%"
"06/26/2018","2.906","2.833","2.951","2.826","1.86%"
"06/25/2018","2.853","2.766","2.858","2.755","5.20%"
"06/22/2018","2.712","2.700","2.720","2.642","-1.42%"
"06/21/2018","2.751","2.563","2.762","2.555","7.42%"
"06/20/2018","2.561","2.555","2.569","2.536","0.04%"
"06/19/2018","2.560","2.607","2.614","2.543","0.04%"
"06/18/2018","2.559","2.610","2.655","2.549","-2.22%"
"06/15/2018","2.617","2.654","2.666","2.570","-5.01%"
"06/14/2018","2.755","2.843","2.927","2.747","-2.13%"
"06/13/2018","2.815","2.772","2.849","2.763","-2.05%"
"06/12/2018","2.874","2.819","2.887","2.760","0.52%"
"06/11/2018","2.859","2.859","2.995","2.832","-8.66%"
"06/08/2018","3.130","3.119","3.140","3.034","3.92%"
"06/07/2018","3.012","2.925","3.026","2.839","2.76%"
"06/06/2018","2.931","2.848","2.975","2.828","6.27%"
"06/05/2018","2.758","2.597","2.773","2.566","7.78%"
"06/04/2018","2.559","2.616","2.616","2.509","-6.57%"
"06/01/2018","2.739","2.627","2.774","2.531","-3.42%"
"05/31/2018","2.836","2.865","2.880","2.640","-7.14%"
"05/30/2018","3.054","3.086","3.126","2.842","-3.90%"
"05/29/2018","3.178","2.884","3.388","2.823","18.49%"
"05/28/2018","2.682","2.366","2.697","2.364","9.34%"
"05/25/2018","2.453","2.463","2.549","2.413","2.21%"
"05/24/2018","2.400","2.335","2.414","2.307","-0.29%"
"05/23/2018","2.407","2.327","2.455","2.318","3.53%"
"05/22/2018","2.325","2.350","2.384","2.280","-3.85%"
"05/21/2018","2.418","2.263","2.416","2.248","8.87%"
"05/20/2018","2.221","2.234","2.234","2.221","1.51%"
"05/18/2018","2.188","2.157","2.230","2.134","3.50%"
"05/17/2018","2.114","2.105","2.182","2.091","-0.66%"
"05/16/2018","2.128","1.993","2.126","1.983","9.07%"
"05/15/2018","1.951","1.929","1.950","1.893","1.99%"
"05/14/2018","1.913","1.894","1.921","1.892","1.59%"
"05/11/2018","1.883","1.912","1.915","1.867","-2.69%"
"05/10/2018","1.935","1.915","1.938","1.892","2.49%"
"05/09/2018","1.888","1.861","1.895","1.839","1.40%"
"05/08/2018","1.862","1.792","1.867","1.792","5.62%"
"05/07/2018","1.763","1.779","1.787","1.760","-1.67%"
"05/04/2018","1.793","1.722","1.796","1.713","3.40%"
"05/03/2018","1.734","1.803","1.806","1.732","-3.34%"
"05/02/2018","1.794","1.780","1.786","1.754","0.45%"
"05/01/2018","1.786","1.790","1.790","1.786","1.65%"
"04/30/2018","1.757","1.756","1.802","1.744","1.27%"
"04/27/2018","1.735","1.740","1.764","1.727","-0.57%"
"04/26/2018","1.745","1.761","1.767","1.738","-1.91%"
"04/25/2018","1.779","1.768","1.791","1.749","0.17%"
"04/24/2018","1.776","1.781","1.809","1.765","-0.89%"
"04/23/2018","1.792","1.795","1.801","1.774","0.79%"
"04/21/2018","1.778","1.778","1.778","1.778","-0.06%"
"04/20/2018","1.779","1.790","1.807","1.768","0.11%"
"04/19/2018","1.777","1.727","1.781","1.727","3.37%"
"04/18/2018","1.719","1.744","1.747","1.713","-2.33%"
"04/17/2018","1.760","1.792","1.801","1.751","-2.22%"
"04/16/2018","1.800","1.795","1.824","1.795","0.11%"
"04/14/2018","1.798","1.804","1.804","1.798","0.28%"
"04/13/2018","1.793","1.807","1.825","1.790","-0.83%"
"04/12/2018","1.808","1.806","1.822","1.788","1.57%"
"04/11/2018","1.780","1.778","1.791","1.773","-0.73%"
"04/10/2018","1.793","1.771","1.798","1.760","1.53%"
"04/09/2018","1.766","1.767","1.779","1.764","-1.01%"
"04/06/2018","1.784","1.778","1.824","1.775","-1.60%"
"04/05/2018","1.813","1.741","1.790","1.730","4.02%"
"04/04/2018","1.743","1.801","1.804","1.737","-2.41%"
"04/03/2018","1.786","1.792","1.813","1.786","-0.17%"
"04/02/2018","1.789","1.791","1.791","1.788","-0.06%"
"03/30/2018","1.790","1.798","1.798","1.790","0.17%"
"03/29/2018","1.787","1.842","1.843","1.783","-2.93%"
"03/28/2018","1.841","1.871","1.880","1.836","-1.71%"
"03/27/2018","1.873","1.908","1.908","1.871","-1.99%"
"03/26/2018","1.911","1.901","1.929","1.883","1.76%"
"03/24/2018","1.878","1.884","1.894","1.878","0.21%"
"03/23/2018","1.874","1.880","1.919","1.873","-3.75%"
"03/22/2018","1.947","1.906","1.911","1.867","0.78%"
"03/21/2018","1.932","1.902","1.936","1.902","1.90%"
"03/20/2018","1.896","1.967","1.967","1.894","-3.36%"
"03/19/2018","1.962","1.980","1.999","1.959","-1.11%"
"03/17/2018","1.984","1.984","1.984","1.984","0.30%"
"03/16/2018","1.978","1.979","1.985","1.935","-0.10%"
"03/15/2018","1.980","2.006","2.021","1.971","-1.49%"
"03/14/2018","2.010","1.990","2.033","1.988","1.11%"
"03/13/2018","1.988","1.993","2.014","1.979","-0.55%"
"03/12/2018","1.999","2.025","2.032","1.996","0.35%"
"03/10/2018","1.992","1.992","1.992","1.992","-0.10%"
"03/09/2018","1.994","1.993","2.010","1.984","0.66%"
"03/08/2018","1.981","2.059","2.076","1.975","-3.13%"
"03/07/2018","2.045","2.066","2.068","2.033","-2.01%"
"03/06/2018","2.087","2.072","2.098","2.029","0.24%"
"03/05/2018","2.082","2.127","2.128","2.078","2.26%"
"03/03/2018","2.036","2.063","2.063","2.036","-1.31%"
"03/02/2018","2.063","2.011","2.052","1.983","1.73%"
"03/01/2018","2.028","2.074","2.074","2.025","-1.93%"
"02/28/2018","2.068","2.098","2.100","2.063","-1.19%"
"02/27/2018","2.093","2.091","2.121","2.083","-0.76%"
"02/26/2018","2.109","2.150","2.151","2.098","-2.18%"
"02/23/2018","2.156","2.178","2.193","2.149","-0.60%"
"02/22/2018","2.169","2.158","2.184","2.140","1.21%"
"02/21/2018","2.143","2.155","2.158","2.131","3.58%"
"02/20/2018","2.069","2.064","2.072","2.033","1.32%"
"02/19/2018","2.042","1.998","2.059","1.998","2.98%"
"02/18/2018","1.983","1.983","1.983","1.983","-0.15%"
"02/16/2018","1.986","2.060","2.060","1.984","-3.73%"
"02/15/2018","2.063","2.068","2.097","2.045","0.29%"
"02/14/2018","2.057","2.054","2.097","2.040","-1.01%"
"02/13/2018","2.078","2.023","2.087","2.017","2.21%"
"02/12/2018","2.033","2.036","2.047","2.012","-0.83%"
"02/09/2018","2.050","2.012","2.046","1.982","2.76%"
"02/08/2018","1.995","1.964","2.020","1.934","2.68%"
"02/07/2018","1.943","1.989","1.989","1.904","-2.26%"
"02/06/2018","1.988","2.018","2.036","1.977","-2.12%"
"02/05/2018","2.031","2.058","2.064","1.993","-0.10%"
"02/02/2018","2.033","1.969","2.042","1.969","3.94%"
"02/01/2018","1.956","2.031","2.043","1.935","-3.22%"
"01/31/2018","2.021","2.008","2.032","2.000","-0.35%"
"01/30/2018","2.028","2.019","2.030","1.990","0.15%"
"01/29/2018","2.025","2.008","2.052","2.004","0.95%"
"01/27/2018","2.006","2.001","2.006","2.001","0.15%"
"01/26/2018","2.003","1.964","2.004","1.952","2.30%"
"01/25/2018","1.958","1.892","1.986","1.874","2.62%"
"01/24/2018","1.908","1.901","1.924","1.892","0.95%"
"01/23/2018","1.890","1.903","1.912","1.879","-1.41%"
"01/22/2018","1.917","1.931","1.962","1.913","-2.09%"
"01/19/2018","1.958","1.998","2.000","1.946","-1.06%"
"01/18/2018","1.979","1.998","2.021","1.964","-1.05%"
"01/17/2018","2.000","1.978","2.005","1.977","1.63%"
"01/16/2018","1.968","1.970","1.970","1.924","-1.40%"
"01/15/2018","1.996","1.989","2.000","1.978","0.25%"
"01/12/2018","1.991","2.043","2.046","1.980","-3.26%"
"01/11/2018","2.058","2.024","2.064","1.981","0.98%"
"01/10/2018","2.038","2.037","2.062","2.013","0.49%"
"01/09/2018","2.028","1.991","2.034","1.954","2.58%"
"01/08/2018","1.977","2.011","2.022","1.965","-0.85%"
"01/05/2018","1.994","2.027","2.029","1.969","-0.85%"
"01/04/2018","2.011","2.069","2.076","2.002","-2.76%"
"01/03/2018","2.068","2.090","2.095","2.032","-1.48%"
"01/02/2018","2.099","2.014","2.102","2.006","5.06%"
"12/29/2017","1.998","1.971","2.002","1.955","2.57%"
"12/28/2017","1.948","1.908","1.949","1.897","2.04%"
"12/27/2017","1.909","1.901","1.943","1.900","-0.26%"
"12/26/2017","1.914","1.916","1.916","1.912","-0.10%"
"12/25/2017","1.916","1.912","1.919","1.912","0.47%"
"12/22/2017","1.907","1.933","1.943","1.902","0.05%"
"12/21/2017","1.906","1.941","1.955","1.901","-1.75%"
"12/20/2017","1.940","1.909","1.965","1.880","0.88%"
"12/19/2017","1.923","1.796","1.918","1.791","6.60%"
"12/18/2017","1.804","1.807","1.809","1.779","-0.55%"
"12/16/2017","1.814","1.814","1.814","1.814","0.11%"
"12/15/2017","1.812","1.783","1.815","1.770","1.17%"
"12/14/2017","1.791","1.778","1.814","1.775","0.62%"
"12/13/2017","1.780","1.697","1.780","1.692","4.46%"
"12/12/2017","1.704","1.641","1.710","1.637","3.09%"
"12/11/2017","1.653","1.645","1.653","1.636","0.61%"
"12/08/2017","1.643","1.676","1.680","1.633","-1.85%"
"12/07/2017","1.674","1.715","1.729","1.670","-2.62%"
"12/06/2017","1.719","1.695","1.726","1.679","0.70%"
"12/05/2017","1.707","1.707","1.715","1.697","-1.16%"
"12/04/2017","1.727","1.733","1.742","1.708","1.41%"
"12/01/2017","1.703","1.743","1.749","1.701","-2.18%"
"11/30/2017","1.741","1.792","1.802","1.739","-2.85%"
"11/29/2017","1.792","1.783","1.801","1.757","0.79%"
"11/28/2017","1.778","1.779","1.785","1.754","-0.45%"
"11/27/2017","1.786","1.799","1.803","1.770","-2.14%"
"11/24/2017","1.825","1.783","1.832","1.783","2.82%"
"11/23/2017","1.775","1.758","1.790","1.756","0.57%"
"11/22/2017","1.765","1.763","1.801","1.760","-0.56%"
"11/21/2017","1.775","1.789","1.794","1.750","-1.99%"
"11/20/2017","1.811","1.830","1.832","1.806","-1.20%"
"11/17/2017","1.833","1.832","1.858","1.810","-0.27%"
"11/16/2017","1.838","1.830","1.855","1.819","1.72%"
"11/15/2017","1.807","1.811","1.834","1.794","-0.88%"
"11/14/2017","1.823","1.840","1.840","1.800","-0.38%"
"11/13/2017","1.830","1.831","1.838","1.806","-0.87%"
"11/10/2017","1.846","1.832","1.850","1.794","1.76%"
"11/09/2017","1.814","1.735","1.829","1.734","4.01%"
"11/08/2017","1.744","1.696","1.742","1.696","2.65%"
"11/07/2017","1.699","1.774","1.781","1.696","-4.60%"
"11/06/2017","1.781","1.779","1.793","1.766","-0.45%"
"11/03/2017","1.789","1.794","1.806","1.770","-0.56%"
"11/02/2017","1.799","1.816","1.825","1.795","-0.06%"
"11/01/2017","1.800","1.814","1.822","1.790","-1.37%"
"10/31/2017","1.825","1.846","1.867","1.824","-1.19%"
"10/30/2017","1.847","1.908","1.920","1.843","-5.28%"
"10/29/2017","1.950","1.950","1.950","1.950","0.21%"
"10/27/2017","1.946","1.950","1.970","1.921","-0.56%"
"10/26/2017","1.957","2.037","2.051","1.946","-3.79%"
"10/25/2017","2.034","2.040","2.077","2.030","-0.88%"
"10/24/2017","2.052","2.022","2.067","2.011","2.29%"
"10/23/2017","2.006","2.038","2.041","1.999","-2.10%"
"10/22/2017","2.049","2.049","2.049","2.049","0.15%"
"10/20/2017","2.046","2.042","2.065","2.033","0.64%"
"10/19/2017","2.033","2.047","2.056","2.016","-0.49%"
"10/18/2017","2.043","1.994","2.056","1.989","2.05%"
"10/17/2017","2.002","2.035","2.038","1.996","-1.38%"
"10/16/2017","2.030","2.092","2.095","2.030","-2.64%"
"10/13/2017","2.085","2.107","2.111","2.056","-1.47%"
"10/12/2017","2.116","2.140","2.157","2.109","-2.35%"
"10/11/2017","2.167","2.184","2.200","2.160","-0.87%"
"10/10/2017","2.186","2.190","2.214","2.174","0.60%"
"10/09/2017","2.173","2.177","2.183","2.149","-1.41%"
"10/06/2017","2.204","2.225","2.256","2.201","-0.18%"
"10/05/2017","2.208","2.272","2.282","2.187","-2.08%"
"10/04/2017","2.255","2.222","2.267","2.214","1.49%"
"10/03/2017","2.222","2.213","2.250","2.206","0.50%"
"10/02/2017","2.211","2.208","2.224","2.195","1.84%"
"09/29/2017","2.171","2.190","2.192","2.149","-0.91%"
"09/28/2017","2.191","2.251","2.256","2.183","-0.86%"
"09/27/2017","2.210","2.180","2.239","2.178","1.01%"
"09/26/2017","2.188","2.170","2.201","2.169","1.02%"
"09/25/2017","2.166","2.196","2.210","2.151","-0.28%"
"09/22/2017","2.172","2.162","2.177","2.154","-0.14%"
"09/21/2017","2.175","2.164","2.203","2.155","1.92%"
"09/20/2017","2.134","2.117","2.140","2.093","1.19%"
"09/19/2017","2.109","2.135","2.140","2.091","-1.31%"
"09/18/2017","2.137","2.136","2.147","2.083","-0.19%"
"09/15/2017","2.141","2.121","2.151","2.112","0.71%"
"09/14/2017","2.126","2.122","2.140","2.100","1.29%"
"09/13/2017","2.099","2.083","2.114","2.070","0.67%"
"09/12/2017","2.085","2.045","2.093","2.031","2.81%"
"09/11/2017","2.028","2.015","2.050","1.999","3.52%"
"09/08/2017","1.959","1.918","1.982","1.916","2.08%"
"09/07/2017","1.919","2.032","2.038","1.901","-5.33%"
"09/06/2017","2.027","1.999","2.029","1.989","1.50%"
"09/05/2017","1.997","2.052","2.061","1.986","-2.01%"
"09/04/2017","2.038","2.070","2.071","2.038","-1.78%"
"09/01/2017","2.075","2.025","2.089","2.020","1.62%"
"08/31/2017","2.042","2.080","2.093","2.030","-1.73%"
"08/30/2017","2.078","2.065","2.088","2.064","0.68%"
"08/29/2017","2.064","2.077","2.100","2.060","-0.77%"
"08/28/2017","2.080","2.100","2.116","2.071","-0.76%"
"08/25/2017","2.096","2.099","2.137","2.093","-0.57%"
"08/24/2017","2.108","2.109","2.119","2.096","-0.33%"
"08/23/2017","2.115","2.090","2.166","2.082","0.76%"
"08/22/2017","2.099","2.039","2.122","2.034","3.40%"
"08/21/2017","2.030","2.020","2.040","1.993","-0.10%"
"08/18/2017","2.032","2.016","2.036","2.001","0.35%"
"08/17/2017","2.025","2.032","2.043","2.014","-0.88%"
"08/16/2017","2.043","2.036","2.062","2.024","-0.29%"
"08/15/2017","2.049","2.014","2.077","2.008","1.64%"
"08/14/2017","2.016","2.041","2.044","2.002","-0.64%"
"08/11/2017","2.029","2.019","2.049","2.014","-0.10%"
"08/10/2017","2.031","2.000","2.032","1.992","1.04%"
"08/09/2017","2.010","1.994","2.039","1.974","0.55%"
"08/08/2017","1.999","1.988","2.003","1.967","0.45%"
"08/07/2017","1.990","1.992","2.014","1.980","-1.24%"
"08/06/2017","2.015","2.015","2.015","2.015","0.10%"
"08/04/2017","2.013","1.985","2.021","1.983","1.36%"
"08/03/2017","1.986","2.025","2.037","1.977","-1.24%"
"08/02/2017","2.011","2.038","2.053","2.003","-0.05%"
"08/01/2017","2.012","2.096","2.098","2.006","-3.78%"
"07/31/2017","2.091","2.095","2.109","2.083","-1.41%"
"07/28/2017","2.121","2.085","2.166","2.084","1.53%"
"07/27/2017","2.089","2.088","2.104","2.063","-1.65%"
"07/26/2017","2.124","2.102","2.133","2.096","-0.61%"
"07/25/2017","2.137","2.033","2.138","2.022","4.04%"
"07/24/2017","2.054","2.067","2.068","2.029","-0.87%"
"07/21/2017","2.072","2.082","2.101","2.064","-1.75%"
"07/20/2017","2.109","2.204","2.208","2.097","-3.74%"
"07/19/2017","2.191","2.195","2.206","2.173","0.05%"
"07/18/2017","2.190","2.240","2.242","2.178","-1.97%"
"07/17/2017","2.234","2.273","2.274","2.231","-2.40%"
"07/16/2017","2.289","2.289","2.289","2.289","0.00%"
"07/14/2017","2.289","2.287","2.298","2.228","-1.38%"
"07/13/2017","2.321","2.266","2.325","2.214","3.25%"
"07/12/2017","2.248","2.312","2.316","2.240","-3.15%"
"07/11/2017","2.321","2.319","2.331","2.299","1.98%"
"07/10/2017","2.276","2.320","2.342","2.268","-2.78%"
"07/07/2017","2.341","2.265","2.345","2.265","3.45%"
"07/06/2017","2.263","2.157","2.273","2.157","5.16%"
"07/05/2017","2.152","2.127","2.157","2.104","2.04%"
"07/04/2017","2.109","2.136","2.140","2.094","-1.13%"
"07/03/2017","2.133","2.140","2.148","2.105","-1.20%"
"07/02/2017","2.159","2.159","2.159","2.159","0.00%"
"07/01/2017","2.159","2.159","2.159","2.159","0.19%"
"06/30/2017","2.155","2.159","2.173","2.123","0.28%"
"06/29/2017","2.149","2.075","2.162","2.052","6.02%"
"06/28/2017","2.027","2.073","2.088","2.001","-1.41%"
"06/27/2017","2.056","1.903","2.057","1.888","8.67%"
"06/26/2017","1.892","1.921","1.921","1.870","-1.10%"
"06/25/2017","1.913","1.913","1.913","1.913","-0.36%"
"06/23/2017","1.920","1.898","1.920","1.886","0.79%"
"06/22/2017","1.905","1.893","1.907","1.853","0.11%"
"06/21/2017","1.903","1.916","1.919","1.879","-0.42%"
"06/20/2017","1.911","1.933","1.944","1.908","-2.00%"
"06/19/2017","1.950","1.965","1.971","1.940","-1.96%"
"06/16/2017","1.989","1.970","1.991","1.951","1.17%"
"06/15/2017","1.966","1.947","2.024","1.944","1.44%"
"06/14/2017","1.938","1.975","1.980","1.918","-1.92%"
"06/13/2017","1.976","2.029","2.029","1.965","-1.94%"
"06/12/2017","2.015","2.023","2.029","1.995","-3.31%"
"06/09/2017","2.084","2.170","2.174","2.082","-4.05%"
"06/08/2017","2.172","2.278","2.282","2.152","-5.44%"
"06/07/2017","2.297","2.265","2.299","2.247","1.91%"
"06/06/2017","2.254","2.249","2.270","2.229","-0.75%"
"06/05/2017","2.271","2.243","2.300","2.242","0.44%"
"06/02/2017","2.261","2.230","2.266","2.210","0.40%"
"06/01/2017","2.252","2.197","2.260","2.185","2.41%"
"05/31/2017","2.199","2.172","2.200","2.144","1.06%"
"05/30/2017","2.176","2.190","2.212","2.169","-0.09%"
"05/29/2017","2.178","2.108","2.193","2.108","3.91%"
"05/26/2017","2.096","2.111","2.126","2.093","-0.71%"
"05/25/2017","2.111","2.107","2.124","2.096","-1.03%"
"05/24/2017","2.133","2.115","2.143","2.099","0.76%"
"05/23/2017","2.117","2.113","2.129","2.100","-0.84%"
"05/22/2017","2.135","2.128","2.146","2.103","0.09%"
"05/19/2017","2.133","2.125","2.133","2.111","-0.47%"
"05/18/2017","2.143","2.156","2.170","2.108","-0.28%"
"05/17/2017","2.149","2.195","2.225","2.149","-3.76%"
"05/16/2017","2.233","2.269","2.273","2.208","-1.76%"
"05/15/2017","2.273","2.275","2.284","2.249","0.89%"
"05/12/2017","2.253","2.268","2.273","2.243","-1.53%"
"05/11/2017","2.288","2.264","2.304","2.261","1.92%"
"05/10/2017","2.245","2.276","2.278","2.227","-1.45%"
"05/09/2017","2.278","2.273","2.289","2.260","1.74%"
"05/08/2017","2.239","2.196","2.246","2.180","2.99%"
"05/07/2017","2.174","2.174","2.174","2.174","0.42%"
"05/05/2017","2.165","2.217","2.232","2.151","-3.73%"
"05/04/2017","2.249","2.275","2.284","2.233","-0.44%"
"05/03/2017","2.259","2.279","2.286","2.255","-2.04%"
"05/02/2017","2.306","2.332","2.355","2.289","1.01%"
"05/01/2017","2.283","2.283","2.283","2.283","0.09%"
"04/28/2017","2.281","2.254","2.307","2.253","1.42%"
"04/27/2017","2.249","2.316","2.334","2.234","-2.43%"
"04/26/2017","2.305","2.260","2.324","2.259","1.54%"
"04/25/2017","2.270","2.174","2.270","2.171","4.32%"
"04/24/2017","2.176","2.205","2.215","2.151","-3.84%"
"04/22/2017","2.263","2.263","2.263","2.263","0.49%"
"04/21/2017","2.252","2.252","2.282","2.221","-0.88%"
"04/20/2017","2.272","2.268","2.321","2.258","0.09%"
"04/19/2017","2.270","2.253","2.286","2.229","0.62%"
"04/18/2017","2.256","2.299","2.308","2.234","-2.42%"
"04/17/2017","2.312","2.270","2.322","2.251","0.00%"
"04/14/2017","2.312","2.270","2.322","2.251","0.22%"
"04/13/2017","2.307","2.270","2.322","2.251","0.52%"
"04/12/2017","2.295","2.277","2.321","2.268","1.01%"
"04/11/2017","2.272","2.252","2.286","2.243","1.66%"
"04/10/2017","2.235","2.249","2.269","2.226","0.31%"
"04/07/2017","2.228","2.269","2.277","2.187","-1.63%"
"04/06/2017","2.265","2.268","2.298","2.254","-0.04%"
"04/05/2017","2.266","2.267","2.280","2.248","-0.48%"
"04/04/2017","2.277","2.299","2.309","2.242","-1.68%"
"04/03/2017","2.316","2.328","2.358","2.309","0.17%"
"03/31/2017","2.312","2.310","2.325","2.295","0.22%"
"03/30/2017","2.307","2.291","2.334","2.277","0.48%"
"03/29/2017","2.296","2.336","2.345","2.279","-1.25%"
"03/28/2017","2.325","2.387","2.388","2.302","-1.86%"
"03/27/2017","2.369","2.365","2.398","2.354","-1.62%"
"03/26/2017","2.408","2.408","2.408","2.408","0.46%"
"03/24/2017","2.397","2.473","2.479","2.395","-2.08%"
"03/23/2017","2.448","2.428","2.452","2.370","0.29%"
"03/22/2017","2.441","2.477","2.478","2.434","-2.09%"
"03/21/2017","2.493","2.493","2.516","2.467","-1.66%"
"03/20/2017","2.535","2.533","2.569","2.521","0.00%"
"03/18/2017","2.535","2.535","2.535","2.535","0.04%"
"03/17/2017","2.534","2.556","2.598","2.511","7.28%"
"03/16/2017","2.362","2.249","2.368","2.249","2.70%"
"03/15/2017","2.300","2.344","2.350","2.267","-1.67%"
"03/14/2017","2.339","2.396","2.403","2.338","-0.93%"
"03/13/2017","2.361","2.352","2.373","2.320","0.08%"
"03/10/2017","2.359","2.329","2.371","2.291","1.99%"
"03/09/2017","2.313","2.272","2.322","2.210","2.53%"
"03/08/2017","2.256","2.192","2.281","2.180","2.97%"
"03/07/2017","2.191","2.170","2.203","2.145","1.29%"
"03/06/2017","2.163","2.098","2.167","2.098","2.46%"
"03/04/2017","2.111","2.111","2.111","2.111","0.48%"
"03/03/2017","2.101","2.131","2.151","2.091","-1.68%"
"03/02/2017","2.137","2.115","2.158","2.105","0.71%"
"03/01/2017","2.122","2.117","2.141","2.091","1.77%"
"02/28/2017","2.085","2.111","2.120","2.074","-2.20%"
"02/27/2017","2.132","2.183","2.184","2.125","-2.91%"
"02/24/2017","2.196","2.218","2.237","2.173","-1.04%"
"02/23/2017","2.219","2.233","2.256","2.185","1.32%"
"02/22/2017","2.190","2.236","2.273","2.182","-1.93%"
"02/21/2017","2.233","2.188","2.238","2.177","2.53%"
"02/20/2017","2.178","2.172","2.244","2.160","-0.41%"
"02/17/2017","2.187","2.172","2.197","2.155","1.96%"
"02/16/2017","2.145","2.244","2.260","2.131","-4.20%"
"02/15/2017","2.239","2.231","2.268","2.195","0.40%"
"02/14/2017","2.230","2.226","2.243","2.171","0.36%"
"02/13/2017","2.222","2.284","2.329","2.219","-2.07%"
"02/10/2017","2.269","2.227","2.285","2.214","4.51%"
"02/09/2017","2.171","2.214","2.229","2.169","-3.34%"
"02/08/2017","2.246","2.351","2.380","2.232","-4.95%"
"02/07/2017","2.363","2.372","2.372","2.309","-0.46%"
"02/06/2017","2.374","2.283","2.393","2.270","4.54%"
"02/03/2017","2.271","2.251","2.280","2.231","1.79%"
"02/02/2017","2.231","2.321","2.337","2.212","-3.42%"
"02/01/2017","2.310","2.297","2.336","2.277","2.26%"
"01/31/2017","2.259","2.301","2.318","2.251","-2.84%"
"01/30/2017","2.325","2.279","2.349","2.264","4.12%"
"01/28/2017","2.233","2.222","2.233","2.222","0.18%"
"01/27/2017","2.229","2.213","2.282","2.200","-0.22%"
"01/26/2017","2.234","2.148","2.284","2.147","5.88%"
"01/25/2017","2.110","2.051","2.117","2.043","3.13%"
"01/24/2017","2.046","1.990","2.048","1.977","2.71%"
"01/23/2017","1.992","2.003","2.061","1.988","-1.68%"
"01/20/2017","2.026","1.957","2.033","1.957","1.91%"
"01/19/2017","1.988","1.984","2.017","1.969","1.22%"
"01/18/2017","1.964","1.913","1.969","1.905","2.56%"
"01/17/2017","1.915","1.871","1.937","1.847","0.10%"
"01/16/2017","1.913","1.916","1.928","1.893","0.58%"
"01/13/2017","1.902","1.908","1.930","1.879","0.05%"
"01/12/2017","1.901","1.862","1.914","1.848","1.55%"
"01/11/2017","1.872","1.945","1.950","1.848","-2.60%"
"01/10/2017","1.922","1.920","1.933","1.879","0.89%"
"01/09/2017","1.905","1.950","1.950","1.885","-3.25%"
"01/06/2017","1.969","1.926","1.978","1.899","1.65%"
"01/05/2017","1.937","1.880","1.989","1.876","3.20%"
"01/04/2017","1.877","1.850","1.887","1.841","0.21%"
"01/03/2017","1.873","1.747","1.891","1.738","7.15%"
"01/02/2017","1.748","1.803","1.808","1.720","-3.90%"
"12/30/2016","1.819","1.804","1.840","1.794","0.89%"
"12/29/2016","1.803","1.806","1.840","1.781","-0.99%"
"12/28/2016","1.821","1.810","1.838","1.797","-1.67%"
"12/27/2016","1.852","1.818","1.865","1.815","1.26%"
"12/26/2016","1.829","1.829","1.829","1.829","0.11%"
"12/23/2016","1.827","1.821","1.836","1.806","-1.83%"
"12/22/2016","1.861","1.839","1.874","1.818","1.58%"
"12/21/2016","1.832","1.824","1.853","1.801","-0.87%"
"12/20/2016","1.848","1.859","1.891","1.835","1.04%"
"12/19/2016","1.829","1.855","1.888","1.811","-2.61%"
"12/16/2016","1.878","1.828","1.908","1.821","2.68%"
"12/15/2016","1.829","1.883","1.889","1.823","1.67%"
"12/14/2016","1.799","1.872","1.875","1.769","-4.16%"
"12/13/2016","1.877","1.962","1.962","1.867","-6.24%"
"12/12/2016","2.002","2.107","2.126","1.984","-2.10%"
"12/09/2016","2.045","2.004","2.058","1.970","2.20%"
"12/08/2016","2.001","1.914","2.048","1.913","5.59%"
"12/07/2016","1.895","1.913","1.924","1.885","-2.77%"
"12/06/2016","1.949","1.958","1.986","1.886","-2.21%"
"12/05/2016","1.993","2.016","2.063","1.971","4.51%"
"12/02/2016","1.907","2.003","2.009","1.893","-7.70%"
"12/01/2016","2.066","1.985","2.069","1.956","3.87%"
"11/30/2016","1.989","1.951","2.007","1.931","2.16%"
"11/29/2016","1.947","2.075","2.077","1.946","-6.03%"
"11/28/2016","2.072","2.100","2.112","2.059","-1.10%"
"11/25/2016","2.095","2.127","2.141","2.074","-1.87%"
"11/24/2016","2.135","2.083","2.143","2.043","0.80%"
"11/23/2016","2.118","2.030","2.164","2.029","4.59%"
"11/22/2016","2.025","2.022","2.047","1.959","-2.32%"
"11/21/2016","2.073","2.126","2.134","2.047","-1.14%"
"11/18/2016","2.097","2.183","2.186","2.014","0.00%"
"11/17/2016","2.097","2.016","2.131","2.008","3.10%"
"11/16/2016","2.034","2.030","2.068","2.017","3.41%"
"11/15/2016","1.967","2.043","2.072","1.937","-5.52%"
"11/14/2016","2.082","2.076","2.228","2.056","2.71%"
"11/11/2016","2.027","1.955","2.061","1.953","6.52%"
"11/10/2016","1.903","1.771","1.954","1.758","8.19%"
"11/09/2016","1.759","1.748","1.785","1.736","2.09%"
"11/08/2016","1.723","1.716","1.727","1.684","0.82%"
"11/07/2016","1.709","1.750","1.769","1.705","-2.34%"
"11/04/2016","1.750","1.715","1.755","1.707","3.06%"
"11/03/2016","1.698","1.689","1.709","1.675","1.86%"
"11/02/2016","1.667","1.735","1.757","1.657","-5.39%"
"11/01/2016","1.762","1.700","1.768","1.686","5.13%"
"10/31/2016","1.676","1.659","1.702","1.651","1.15%"
"10/28/2016","1.657","1.628","1.710","1.617","3.24%"
"10/27/2016","1.605","1.527","1.639","1.527","4.49%"
"10/26/2016","1.536","1.441","1.551","1.440","5.93%"
"10/25/2016","1.450","1.439","1.465","1.427","-0.48%"
"10/24/2016","1.457","1.411","1.460","1.406","0.90%"
"10/21/2016","1.444","1.431","1.447","1.418","0.63%"
"10/20/2016","1.435","1.450","1.477","1.435","-1.17%"
"10/19/2016","1.452","1.453","1.465","1.424","11.20%"
"10/18/2016","1.306","1.317","1.336","1.305","-6.94%"
"10/17/2016","1.403","1.403","1.439","1.390","1.59%"
"10/15/2016","1.381","1.388","1.388","1.381","0.00%"
"10/14/2016","1.381","1.388","1.392","1.367","0.07%"
"10/13/2016","1.380","1.383","1.393","1.367","-2.75%"
"10/12/2016","1.419","1.385","1.427","1.376","3.12%"
"10/11/2016","1.376","1.382","1.406","1.365","-1.50%"
"10/10/2016","1.397","1.385","1.404","1.380","0.87%"
"10/07/2016","1.385","1.375","1.394","1.358","2.67%"
"10/06/2016","1.349","1.360","1.378","1.314","-0.95%"
"10/05/2016","1.362","1.310","1.383","1.307","7.84%"
"10/04/2016","1.263","1.258","1.269","1.234","1.20%"
"10/03/2016","1.248","1.211","1.248","1.206","4.96%"
"09/30/2016","1.189","1.228","1.247","1.183","-1.98%"
"09/29/2016","1.213","1.184","1.225","1.178","2.45%"
"09/28/2016","1.184","1.196","1.223","1.179","-1.99%"
"09/27/2016","1.208","1.191","1.247","1.144","1.60%"
"09/26/2016","1.189","1.195","1.230","1.185","-1.16%"
"09/25/2016","1.203","1.203","1.203","1.203","0.00%"
"09/24/2016","1.203","1.203","1.203","1.203","-0.91%"
"09/23/2016","1.214","1.206","1.223","1.193","2.27%"
"09/22/2016","1.187","1.218","1.229","1.173","-7.63%"
"09/21/2016","1.285","1.260","1.294","1.240","2.47%"
"09/20/2016","1.254","1.293","1.295","1.244","-4.57%"
"09/19/2016","1.314","1.333","1.338","1.309","-2.45%"
"09/17/2016","1.347","1.347","1.347","1.347","0.22%"
"09/16/2016","1.344","1.333","1.350","1.297","0.67%"
"09/15/2016","1.335","1.321","1.343","1.305","3.17%"
"09/14/2016","1.294","1.310","1.329","1.283","-1.15%"
"09/13/2016","1.309","1.276","1.309","1.250","2.51%"
"09/12/2016","1.277","1.299","1.309","1.273","1.92%"
"09/09/2016","1.253","1.161","1.257","1.156","8.11%"
"09/08/2016","1.159","1.067","1.168","1.050","7.22%"
"09/07/2016","1.081","1.093","1.106","1.067","-1.28%"
"09/06/2016","1.095","1.152","1.154","1.079","-5.52%"
"09/05/2016","1.159","1.160","1.184","1.146","-1.02%"
"09/02/2016","1.171","1.191","1.195","1.139","-0.93%"
"09/01/2016","1.182","1.151","1.191","1.138","2.78%"
"08/31/2016","1.150","1.111","1.153","1.102","3.79%"
"08/30/2016","1.108","1.123","1.131","1.101","-2.55%"
"08/29/2016","1.137","1.153","1.155","1.130","1.61%"
"08/26/2016","1.119","1.133","1.143","1.103","-1.24%"
"08/25/2016","1.133","1.130","1.162","1.127","0.62%"
"08/24/2016","1.126","1.131","1.146","1.121","-0.18%"
"08/23/2016","1.128","1.112","1.157","1.109","1.53%"
"08/22/2016","1.111","1.112","1.130","1.101","-2.37%"
"08/20/2016","1.138","1.138","1.138","1.138","0.18%"
"08/19/2016","1.136","1.088","1.141","1.088","5.48%"
"08/18/2016","1.077","1.094","1.117","1.074","-3.49%"
"08/17/2016","1.116","1.096","1.141","1.093","-0.53%"
"08/16/2016","1.122","1.055","1.133","1.054","5.75%"
"08/15/2016","1.061","1.056","1.085","1.035","0.28%"
"08/14/2016","1.058","1.058","1.058","1.058","0.00%"
"08/13/2016","1.058","1.058","1.058","1.058","1.15%"
"08/12/2016","1.046","1.061","1.079","1.045","-1.51%"
"08/11/2016","1.062","1.076","1.083","1.051","-1.39%"
"08/10/2016","1.077","1.107","1.114","1.076","-3.75%"
"08/09/2016","1.119","1.106","1.141","1.104","-0.80%"
"08/08/2016","1.128","1.149","1.160","1.125","-1.14%"
"08/06/2016","1.141","1.141","1.141","1.141","0.00%"
"08/05/2016","1.141","1.144","1.160","1.129","-0.35%"
"08/04/2016","1.145","1.202","1.213","1.140","-5.99%"
"08/03/2016","1.218","1.217","1.233","1.205","0.08%"
"08/02/2016","1.217","1.220","1.238","1.193","3.05%"
"08/01/2016","1.181","1.165","1.185","1.156","1.11%"
"07/29/2016","1.168","1.212","1.216","1.164","-2.83%"
"07/28/2016","1.202","1.210","1.221","1.199","-0.99%"
"07/27/2016","1.214","1.250","1.251","1.213","-2.96%"
"07/26/2016","1.251","1.239","1.261","1.228","1.13%"
"07/25/2016","1.237","1.233","1.268","1.230","0.16%"
"07/22/2016","1.235","1.223","1.281","1.222","-1.04%"
"07/21/2016","1.248","1.253","1.306","1.238","0.24%"
"07/20/2016","1.245","1.232","1.245","1.219","0.65%"
"07/19/2016","1.237","1.251","1.256","1.224","-1.51%"
"07/18/2016","1.256","1.238","1.263","1.214","0.00%"
"07/16/2016","1.256","1.256","1.256","1.256","-0.16%"
"07/15/2016","1.258","1.218","1.271","1.212","2.78%"
"07/14/2016","1.224","1.211","1.237","1.186","1.49%"
"07/13/2016","1.206","1.214","1.237","1.198","-1.87%"
"07/12/2016","1.229","1.206","1.230","1.189","0.57%"
"07/11/2016","1.222","1.200","1.222","1.194","2.95%"
"07/08/2016","1.187","1.240","1.240","1.187","-4.51%"
"07/07/2016","1.243","1.260","1.279","1.243","0.57%"
"07/06/2016","1.236","1.254","1.271","1.201","-0.72%"
"07/05/2016","1.245","1.258","1.286","1.244","-0.24%"
"07/04/2016","1.248","1.248","1.274","1.243","1.05%"
"07/01/2016","1.235","1.223","1.287","1.218","-3.01%"
"06/30/2016","1.273","1.311","1.337","1.263","-2.81%"
"06/29/2016","1.310","1.264","1.342","1.250","-1.96%"
"06/28/2016","1.336","1.372","1.378","1.336","-6.69%"
"06/27/2016","1.432","1.448","1.475","1.420","-3.81%"
"06/24/2016","1.489","1.550","1.585","1.393","11.90%"
"06/23/2016","1.331","1.339","1.348","1.304","-2.71%"
"06/22/2016","1.368","1.370","1.381","1.339","-0.73%"
"06/21/2016","1.378","1.376","1.404","1.371","0.25%"
"06/20/2016","1.374","1.399","1.409","1.360","-5.10%"
"06/17/2016","1.448","1.446","1.466","1.426","-2.85%"
"06/16/2016","1.490","1.454","1.512","1.452","5.10%"
"06/15/2016","1.418","1.428","1.433","1.398","-1.90%"
"06/14/2016","1.446","1.399","1.447","1.393","4.64%"
"06/13/2016","1.382","1.325","1.403","1.325","5.27%"
"06/10/2016","1.312","1.284","1.346","1.284","1.16%"
"06/09/2016","1.297","1.314","1.314","1.278","-2.17%"
"06/08/2016","1.326","1.346","1.349","1.304","-2.14%"
"06/07/2016","1.355","1.374","1.375","1.334","-3.46%"
"06/06/2016","1.404","1.356","1.415","1.355","4.80%"
"06/03/2016","1.339","1.380","1.384","1.338","-4.16%"
"06/02/2016","1.398","1.391","1.430","1.391","0.16%"
"06/01/2016","1.395","1.368","1.406","1.368","2.03%"
"05/31/2016","1.368","1.375","1.393","1.365","-0.33%"
"05/30/2016","1.372","1.373","1.390","1.364","1.40%"
"05/29/2016","1.353","1.353","1.353","1.353","0.00%"
"05/28/2016","1.354","1.354","1.354","1.354","-0.99%"
"05/27/2016","1.367","1.353","1.368","1.339","-0.81%"
"05/26/2016","1.378","1.361","1.391","1.344","1.61%"
"05/25/2016","1.356","1.416","1.426","1.355","-5.56%"
"05/24/2016","1.436","1.473","1.478","1.430","-4.23%"
"05/23/2016","1.500","1.467","1.500","1.457","0.73%"
"05/20/2016","1.489","1.474","1.495","1.472","-1.48%"
"05/19/2016","1.511","1.516","1.528","1.490","1.28%"
"05/18/2016","1.492","1.475","1.501","1.441","2.42%"
"05/17/2016","1.457","1.471","1.482","1.451","-2.34%"
"05/16/2016","1.492","1.487","1.511","1.469","0.55%"
"05/13/2016","1.484","1.492","1.511","1.475","-1.73%"
"05/12/2016","1.510","1.460","1.518","1.448","3.16%"
"05/11/2016","1.463","1.510","1.512","1.458","0.18%"
"05/10/2016","1.461","1.461","1.474","1.416","-1.70%"
"05/09/2016","1.486","1.518","1.525","1.443","-1.02%"
"05/08/2016","1.501","1.501","1.501","1.501","0.00%"
"05/07/2016","1.501","1.501","1.501","1.501","1.52%"
"05/06/2016","1.479","1.516","1.535","1.470","-2.34%"
"05/05/2016","1.514","1.516","1.535","1.492","1.61%"
"05/04/2016","1.490","1.491","1.512","1.480","1.41%"
"05/03/2016","1.470","1.460","1.483","1.454","-0.43%"
"05/02/2016","1.476","1.471","1.497","1.462","-1.29%"
"05/01/2016","1.495","1.490","1.495","1.490","-0.60%"
"04/29/2016","1.504","1.474","1.521","1.466","2.47%"
"04/28/2016","1.468","1.497","1.504","1.456","-2.52%"
"04/27/2016","1.506","1.543","1.553","1.490","-1.85%"
"04/26/2016","1.535","1.526","1.566","1.525","-0.42%"
"04/25/2016","1.541","1.485","1.548","1.476","4.11%"
"04/24/2016","1.480","1.473","1.480","1.473","0.48%"
"04/23/2016","1.473","1.473","1.473","1.473","-0.05%"
"04/22/2016","1.474","1.454","1.484","1.439","1.75%"
"04/21/2016","1.449","1.407","1.474","1.403","4.14%"
"04/20/2016","1.391","1.379","1.413","1.375","-0.64%"
"04/19/2016","1.400","1.388","1.410","1.381","3.69%"
"04/18/2016","1.350","1.376","1.383","1.328","0.48%"
"04/17/2016","1.344","1.344","1.344","1.344","0.00%"
"04/16/2016","1.344","1.344","1.344","1.344","0.00%"
"04/15/2016","1.344","1.337","1.362","1.322","-1.14%"
"04/14/2016","1.359","1.295","1.370","1.295","3.04%"
"04/13/2016","1.319","1.372","1.373","1.317","-4.31%"
"04/12/2016","1.378","1.349","1.384","1.345","2.54%"
"04/11/2016","1.344","1.320","1.362","1.295","2.41%"
"04/10/2016","1.313","1.313","1.314","1.313","-0.50%"
"04/08/2016","1.319","1.358","1.371","1.319","-6.88%"
"04/07/2016","1.417","1.290","1.424","1.278","9.70%"
"04/06/2016","1.291","1.270","1.294","1.270","0.43%"
"04/05/2016","1.286","1.236","1.300","1.218","2.46%"
"04/04/2016","1.255","1.226","1.258","1.221","1.95%"
"04/02/2016","1.231","1.226","1.231","1.226","1.23%"
"04/01/2016","1.216","1.235","1.242","1.208","-0.79%"
"03/31/2016","1.226","1.225","1.247","1.208","-0.07%"
"03/30/2016","1.227","1.224","1.239","1.220","-1.36%"
"03/29/2016","1.243","1.254","1.257","1.238","-4.38%"
"03/24/2016","1.300","1.275","1.315","1.270","-0.67%"
"03/23/2016","1.309","1.262","1.332","1.257","4.09%"
"03/22/2016","1.258","1.247","1.270","1.238","0.53%"
"03/21/2016","1.251","1.270","1.285","1.241","-1.57%"
"03/18/2016","1.271","1.253","1.281","1.240","0.12%"
"03/17/2016","1.270","1.276","1.298","1.260","-4.09%"
"03/16/2016","1.324","1.340","1.357","1.319","-3.12%"
"03/15/2016","1.366","1.310","1.380","1.305","5.83%"
"03/14/2016","1.291","1.300","1.317","1.284","-3.11%"
"03/12/2016","1.332","1.324","1.332","1.324","0.55%"
"03/11/2016","1.325","1.377","1.405","1.322","-8.85%"
"03/10/2016","1.454","1.393","1.458","1.241","2.93%"
"03/09/2016","1.413","1.429","1.432","1.393","0.04%"
"03/08/2016","1.412","1.439","1.441","1.402","-2.88%"
"03/07/2016","1.454","1.437","1.457","1.416","-0.85%"
"03/05/2016","1.466","1.462","1.467","1.462","0.79%"
"03/04/2016","1.455","1.433","1.467","1.424","1.51%"
"03/03/2016","1.433","1.482","1.486","1.420","-0.68%"
"03/02/2016","1.443","1.404","1.447","1.390","2.68%"
"03/01/2016","1.405","1.415","1.420","1.381","-0.14%"
"02/29/2016","1.407","1.493","1.494","1.403","-5.35%"
"02/27/2016","1.487","1.480","1.487","1.477","-0.75%"
"02/26/2016","1.498","1.502","1.510","1.473","-1.97%"
"02/25/2016","1.528","1.520","1.536","1.496","-0.32%"
"02/24/2016","1.533","1.524","1.563","1.519","-0.74%"
"02/23/2016","1.544","1.538","1.559","1.528","1.09%"
"02/22/2016","1.528","1.544","1.552","1.524","-2.58%"
"02/20/2016","1.568","1.571","1.571","1.562","-0.74%"
"02/19/2016","1.580","1.534","1.599","1.516","1.26%"
"02/18/2016","1.560","1.563","1.583","1.520","-3.30%"
"02/17/2016","1.613","1.619","1.633","1.597","-1.97%"
"02/16/2016","1.646","1.589","1.648","1.589","2.91%"
"02/15/2016","1.599","1.603","1.625","1.577","-3.12%"
"02/14/2016","1.651","1.651","1.651","1.651","0.00%"
"02/13/2016","1.651","1.652","1.652","1.650","-0.11%"
"02/12/2016","1.653","1.682","1.729","1.635","-3.54%"
"02/11/2016","1.713","1.646","1.772","1.646","4.57%"
"02/10/2016","1.638","1.635","1.656","1.587","-5.46%"
"02/09/2016","1.733","1.743","1.774","1.651","2.45%"
"02/08/2016","1.691","1.543","1.713","1.535","8.49%"
"02/06/2016","1.559","1.554","1.559","1.554","0.03%"
"02/05/2016","1.559","1.507","1.560","1.494","2.46%"
"02/04/2016","1.521","1.471","1.544","1.455","3.62%"
"02/03/2016","1.468","1.499","1.539","1.456","-2.34%"
"02/02/2016","1.503","1.458","1.515","1.443","1.92%"
"02/01/2016","1.475","1.399","1.477","1.392","5.25%"
"01/31/2016","1.401","1.401","1.401","1.401","0.00%"
"01/30/2016","1.401","1.401","1.418","1.401","-2.25%"
"01/29/2016","1.434","1.462","1.464","1.419","-4.38%"
"01/28/2016","1.499","1.480","1.526","1.463","-0.54%"
"01/27/2016","1.508","1.482","1.543","1.472","-0.84%"
"01/26/2016","1.520","1.545","1.566","1.512","-3.67%"
"01/25/2016","1.578","1.561","1.597","1.544","0.31%"
"01/23/2016","1.573","1.573","1.579","1.573","-0.08%"
"01/22/2016","1.575","1.526","1.594","1.513","1.12%"
"01/21/2016","1.557","1.671","1.692","1.500","-6.48%"
"01/20/2016","1.665","1.525","1.703","1.521","6.27%"
"01/19/2016","1.567","1.566","1.593","1.556","-0.08%"
"01/18/2016","1.568","1.563","1.598","1.548","0.13%"
"01/17/2016","1.566","1.566","1.566","1.566","0.00%"
"01/16/2016","1.566","1.572","1.572","1.566","2.23%"
"01/15/2016","1.532","1.550","1.556","1.499","-2.30%"
"01/14/2016","1.568","1.563","1.577","1.535","0.00%"
"01/13/2016","1.568","1.619","1.627","1.542","-2.65%"
"01/12/2016","1.611","1.607","1.637","1.607","1.62%"
"01/11/2016","1.585","1.556","1.599","1.531","2.98%"
"01/10/2016","1.539","1.539","1.539","1.539","0.00%"
"01/09/2016","1.539","1.539","1.539","1.535","0.52%"
"01/08/2016","1.531","1.541","1.559","1.515","-2.54%"
"01/07/2016","1.571","1.479","1.571","1.468","6.31%"
"01/06/2016","1.478","1.483","1.492","1.451","-2.16%"
"01/05/2016","1.510","1.538","1.539","1.493","-2.42%"
"01/04/2016","1.548","1.558","1.566","1.522","-3.60%"
"01/03/2016","1.606","1.605","1.606","1.605","0.04%"
"01/02/2016","1.605","1.605","1.605","1.599","0.00%"
"01/01/2016","1.605","1.599","1.607","1.599","0.00%"
"12/31/2015","1.605","1.605","1.611","1.603","0.28%"
"12/30/2015","1.601","1.630","1.640","1.600","-2.03%"
"12/29/2015","1.634","1.604","1.648","1.599","1.64%"
"12/28/2015","1.607","1.635","1.649","1.605","-3.25%"
"12/27/2015","1.661","1.661","1.661","1.661","0.00%"
"12/26/2015","1.662","1.662","1.668","1.658","0.00%"
"12/25/2015","1.662","1.662","1.672","1.657","0.00%"
"12/24/2015","1.662","1.661","1.668","1.658","-0.51%"
"12/23/2015","1.670","1.644","1.671","1.621","1.56%"
"12/22/2015","1.645","1.601","1.645","1.585","2.93%"
"12/21/2015","1.598","1.640","1.665","1.581","1.11%"
"12/20/2015","1.580","1.580","1.580","1.580","0.00%"
"12/19/2015","1.580","1.580","1.580","1.570","0.55%"
"12/18/2015","1.571","1.609","1.613","1.560","-3.78%"
"12/17/2015","1.633","1.660","1.663","1.610","-3.66%"
"12/16/2015","1.695","1.681","1.701","1.646","0.13%"
"12/15/2015","1.693","1.623","1.720","1.619","4.53%"
"12/14/2015","1.620","1.571","1.633","1.557","4.50%"
"12/13/2015","1.550","1.550","1.550","1.550","0.00%"
"12/12/2015","1.550","1.548","1.550","1.536","1.10%"
"12/11/2015","1.533","1.550","1.554","1.524","-1.42%"
"12/10/2015","1.555","1.560","1.566","1.525","-1.04%"
"12/09/2015","1.572","1.563","1.590","1.531","1.27%"
"12/08/2015","1.552","1.560","1.584","1.535","-2.18%"
"12/07/2015","1.587","1.642","1.650","1.567","-4.03%"
"12/06/2015","1.653","1.653","1.656","1.653","0.00%"
"12/05/2015","1.653","1.656","1.656","1.653","-0.51%"
"12/04/2015","1.662","1.632","1.695","1.599","3.85%"
"12/03/2015","1.600","1.400","1.674","1.364","14.96%"
"12/02/2015","1.392","1.416","1.423","1.375","-0.74%"
"12/01/2015","1.402","1.444","1.462","1.401","-1.73%"
"11/30/2015","1.427","1.395","1.429","1.393","1.36%"
"11/29/2015","1.408","1.402","1.408","1.402","0.41%"
"11/28/2015","1.402","1.402","1.412","1.401","0.72%"
"11/27/2015","1.392","1.425","1.430","1.383","-3.50%"
"11/26/2015","1.443","1.437","1.457","1.417","0.00%"
"11/25/2015","1.442","1.509","1.511","1.426","-3.95%"
"11/24/2015","1.502","1.508","1.522","1.481","-2.05%"
"11/23/2015","1.533","1.499","1.545","1.496","2.40%"
"11/22/2015","1.497","1.497","1.497","1.497","0.00%"
"11/21/2015","1.497","1.497","1.502","1.491","0.55%"
"11/20/2015","1.489","1.505","1.509","1.473","-1.05%"
"11/19/2015","1.505","1.506","1.535","1.493","-1.50%"
"11/18/2015","1.528","1.559","1.564","1.518","-2.63%"
"11/17/2015","1.569","1.568","1.581","1.563","-0.98%"
"11/16/2015","1.585","1.561","1.611","1.554","1.07%"
"11/14/2015","1.568","1.567","1.572","1.567","-0.83%"
"11/13/2015","1.581","1.586","1.595","1.561","-1.62%"
"11/12/2015","1.607","1.645","1.648","1.571","-0.98%"
"11/11/2015","1.623","1.719","1.723","1.621","-4.25%"
"11/10/2015","1.695","1.743","1.743","1.675","-4.66%"
"11/09/2015","1.778","1.806","1.829","1.755","-0.56%"
"11/08/2015","1.788","1.783","1.790","1.781","0.00%"
"11/07/2015","1.788","1.790","1.796","1.788","1.05%"
"11/06/2015","1.769","1.693","1.801","1.668","10.99%"
"11/05/2015","1.594","1.572","1.596","1.551","2.23%"
"11/04/2015","1.559","1.539","1.563","1.493","0.13%"
"11/03/2015","1.557","1.540","1.563","1.525","0.26%"
"11/02/2015","1.553","1.524","1.580","1.516","5.29%"
"11/01/2015","1.475","1.475","1.475","1.475","-0.67%"
"10/31/2015","1.485","1.477","1.485","1.476","-1.00%"
"10/30/2015","1.500","1.469","1.507","1.434","0.60%"
"10/29/2015","1.491","1.432","1.504","1.406","5.97%"
"10/28/2015","1.407","1.434","1.444","1.395","-2.56%"
"10/27/2015","1.444","1.489","1.489","1.430","-3.48%"
"10/26/2015","1.496","1.483","1.498","1.464","-1.06%"
"10/25/2015","1.512","1.511","1.512","1.511","0.67%"
"10/24/2015","1.502","1.501","1.511","1.499","0.20%"
"10/23/2015","1.499","1.448","1.513","1.448","0.94%"
"10/22/2015","1.485","1.619","1.625","1.478","-7.65%"
"10/21/2015","1.608","1.660","1.661","1.607","-3.31%"
"10/20/2015","1.663","1.592","1.675","1.591","4.00%"
"10/19/2015","1.599","1.615","1.619","1.597","-0.44%"
"10/18/2015","1.606","1.611","1.611","1.602","-0.31%"
"10/17/2015","1.611","1.606","1.611","1.598","0.37%"
"10/16/2015","1.605","1.636","1.636","1.594","-2.25%"
"10/15/2015","1.642","1.636","1.651","1.617","0.74%"
"10/14/2015","1.630","1.640","1.654","1.622","-2.51%"
"10/13/2015","1.672","1.673","1.675","1.646","-0.36%"
"10/12/2015","1.678","1.702","1.714","1.668","-0.94%"
"10/11/2015","1.694","1.695","1.700","1.693","-0.06%"
"10/10/2015","1.695","1.698","1.701","1.695","0.30%"
"10/09/2015","1.690","1.695","1.700","1.672","0.42%"
"10/08/2015","1.683","1.687","1.698","1.653","-1.75%"
"10/07/2015","1.713","1.709","1.719","1.683","1.48%"
"10/06/2015","1.688","1.659","1.709","1.658","1.75%"
"10/05/2015","1.659","1.626","1.669","1.618","1.53%"
"10/03/2015","1.634","1.638","1.638","1.633","-0.12%"
"10/02/2015","1.636","1.688","1.727","1.608","-3.31%"
"10/01/2015","1.692","1.727","1.728","1.681","-2.08%"
"09/30/2015","1.728","1.713","1.733","1.709","-0.29%"
"09/29/2015","1.733","1.751","1.779","1.728","-2.15%"
"09/28/2015","1.771","1.773","1.776","1.742","-2.10%"
"09/27/2015","1.809","1.809","1.809","1.809","0.00%"
"09/26/2015","1.809","1.805","1.809","1.788","1.29%"
"09/25/2015","1.786","1.762","1.794","1.759","3.42%"
"09/24/2015","1.727","1.747","1.761","1.704","-0.46%"
"09/23/2015","1.735","1.748","1.764","1.714","-1.08%"
"09/22/2015","1.754","1.777","1.807","1.747","-2.77%"
"09/21/2015","1.804","1.771","1.806","1.760","2.56%"
"09/19/2015","1.759","1.759","1.765","1.759","-0.90%"
"09/18/2015","1.775","1.803","1.852","1.754","-6.82%"
"09/17/2015","1.905","1.914","1.944","1.895","-0.68%"
"09/16/2015","1.918","1.889","1.941","1.876","1.54%"
"09/15/2015","1.889","1.857","1.908","1.826","2.27%"
"09/14/2015","1.847","1.851","1.859","1.818","0.27%"
"09/12/2015","1.842","1.844","1.849","1.838","0.38%"
"09/11/2015","1.835","1.843","1.864","1.821","-0.60%"
"09/10/2015","1.846","1.829","1.853","1.822","0.22%"
"09/09/2015","1.842","1.842","1.853","1.816","0.55%"
"09/08/2015","1.832","1.899","1.903","1.827","-2.71%"
"09/07/2015","1.883","1.856","1.895","1.854","0.21%"
"09/06/2015","1.879","1.879","1.888","1.878","0.00%"
"09/05/2015","1.879","1.874","1.888","1.874","-0.21%"
"09/04/2015","1.883","1.910","1.925","1.874","-2.64%"
"09/03/2015","1.934","1.982","2.004","1.917","-3.25%"
"09/02/2015","1.999","1.997","2.009","1.978","0.50%"
"09/01/2015","1.989","1.939","1.994","1.937","2.74%"
"08/31/2015","1.936","1.927","1.938","1.906","0.57%"
"08/29/2015","1.925","1.914","1.925","1.913","0.89%"
"08/28/2015","1.908","1.911","1.932","1.883","-0.68%"
"08/27/2015","1.921","1.984","1.984","1.915","-2.04%"
"08/26/2015","1.961","1.995","1.998","1.932","-0.41%"
"08/25/2015","1.969","1.886","1.985","1.886","3.20%"
"08/24/2015","1.908","1.911","1.919","1.865","2.91%"
"08/22/2015","1.854","1.855","1.866","1.854","-0.64%"
"08/21/2015","1.866","1.837","1.885","1.833","4.01%"
"08/20/2015","1.794","1.777","1.799","1.763","-1.37%"
"08/19/2015","1.819","1.793","1.833","1.779","1.22%"
"08/18/2015","1.797","1.746","1.807","1.741","2.04%"
"08/17/2015","1.761","1.783","1.783","1.755","-3.14%"
"08/15/2015","1.818","1.808","1.822","1.808","0.66%"
"08/14/2015","1.806","1.786","1.807","1.730","0.84%"
"08/13/2015","1.791","1.810","1.823","1.777","0.67%"
"08/12/2015","1.779","1.753","1.795","1.748","1.14%"
"08/11/2015","1.759","1.794","1.809","1.755","-3.62%"
"08/10/2015","1.825","1.840","1.852","1.806","-0.76%"
"08/08/2015","1.839","1.839","1.839","1.839","0.22%"
"08/07/2015","1.835","1.865","1.907","1.833","-1.87%"
"08/06/2015","1.870","1.892","1.905","1.859","-1.16%"
"08/05/2015","1.892","1.775","1.893","1.766","6.47%"
"08/04/2015","1.777","1.747","1.781","1.734","0.06%"
"08/03/2015","1.776","1.790","1.794","1.762","0.06%"
"08/02/2015","1.775","1.775","1.780","1.775","0.00%"
"08/01/2015","1.775","1.775","1.783","1.775","-0.45%"
"07/31/2015","1.783","1.820","1.856","1.783","-2.94%"
"07/30/2015","1.837","1.898","1.900","1.826","-3.87%"
"07/29/2015","1.911","1.883","1.916","1.864","1.38%"
"07/28/2015","1.885","1.912","1.921","1.874","-0.53%"
"07/27/2015","1.895","1.887","1.935","1.861","1.07%"
"07/25/2015","1.875","1.871","1.883","1.871","0.05%"
"07/24/2015","1.874","1.887","1.901","1.865","-1.78%"
"07/23/2015","1.908","1.909","1.935","1.884","-2.05%"
"07/22/2015","1.948","1.961","2.005","1.941","-2.11%"
"07/21/2015","1.990","1.880","2.002","1.879","4.46%"
"07/20/2015","1.905","1.921","1.927","1.853","-0.88%"
"07/18/2015","1.922","1.925","1.928","1.919","-1.18%"
"07/17/2015","1.945","1.979","1.987","1.931","-2.41%"
"07/16/2015","1.993","1.993","2.027","1.989","-1.24%"
"07/15/2015","2.018","2.053","2.057","1.984","-2.70%"
"07/14/2015","2.074","2.113","2.131","2.073","-1.71%"
"07/13/2015","2.110","2.108","2.205","2.079","-1.86%"
"07/11/2015","2.150","2.151","2.155","2.145","-0.51%"
"07/10/2015","2.161","2.053","2.181","2.050","-0.55%"
"07/09/2015","2.173","2.217","2.222","2.137","-1.09%"
"07/08/2015","2.197","2.262","2.299","2.193","-4.44%"
"07/07/2015","2.299","2.335","2.348","2.276","-1.96%"
"07/06/2015","2.345","2.356","2.376","2.298","3.44%"
"07/04/2015","2.267","2.268","2.271","2.267","-0.48%"
"07/03/2015","2.278","2.320","2.325","2.271","-2.06%"
"07/02/2015","2.326","2.326","2.339","2.288","3.56%"
"07/01/2015","2.246","2.304","2.313","2.207","-2.48%"
"06/30/2015","2.303","2.396","2.429","2.287","-2.12%"
"06/29/2015","2.353","2.372","2.374","2.260","9.39%"
"06/27/2015","2.151","2.151","2.161","2.148","-0.14%"
"06/26/2015","2.154","2.114","2.168","2.094","1.32%"
"06/25/2015","2.126","2.150","2.198","2.113","-0.33%"
"06/24/2015","2.133","2.115","2.213","2.111","0.42%"
"06/23/2015","2.124","2.115","2.136","2.053","-0.52%"
"06/22/2015","2.135","2.186","2.227","2.080","-6.65%"
"06/21/2015","2.287","2.291","2.291","2.287","-0.17%"
"06/20/2015","2.291","2.291","2.291","2.291","-0.17%"
"06/19/2015","2.295","2.325","2.328","2.229","1.32%"
"06/18/2015","2.265","2.306","2.335","2.249","-0.88%"
"06/17/2015","2.285","2.343","2.356","2.247","-0.57%"
"06/16/2015","2.298","2.430","2.454","2.248","-1.79%"
"06/15/2015","2.340","2.305","2.413","2.270","4.46%"
"06/13/2015","2.240","2.225","2.269","2.225","-0.93%"
"06/12/2015","2.261","2.181","2.324","2.171","5.65%"
"06/11/2015","2.140","2.329","2.340","2.106","-8.04%"
"06/10/2015","2.327","2.321","2.420","2.306","1.57%"
"06/09/2015","2.291","2.219","2.292","2.214","1.78%"
"06/08/2015","2.251","2.256","2.270","2.212","0.36%"
"06/07/2015","2.243","2.249","2.249","2.243","0.31%"
"06/05/2015","2.236","2.212","2.260","2.177","5.57%"
"06/04/2015","2.118","2.188","2.279","2.101","-0.05%"
"06/03/2015","2.119","2.100","2.205","2.009","1.68%"
"06/02/2015","2.084","1.961","2.111","1.956","8.43%"
"06/01/2015","1.922","1.867","1.938","1.862","4.17%"
"05/30/2015","1.845","1.854","1.854","1.845","-0.43%"
"05/29/2015","1.853","1.862","1.889","1.833","-1.07%"
"05/28/2015","1.873","1.868","1.884","1.835","1.74%"
"05/27/2015","1.841","1.906","1.963","1.838","-5.20%"
"05/26/2015","1.942","1.928","1.951","1.883","-2.36%"
"05/25/2015","1.989","1.857","1.989","1.805","7.80%"
"05/22/2015","1.845","1.806","1.863","1.793","-1.34%"
"05/21/2015","1.870","1.839","1.887","1.812","1.30%"
"05/20/2015","1.846","1.803","1.851","1.786","0.71%"
"05/19/2015","1.833","1.829","1.875","1.741","-3.93%"
"05/18/2015","1.908","1.829","1.926","1.813","6.77%"
"05/16/2015","1.787","1.790","1.790","1.777","-0.17%"
"05/15/2015","1.790","1.834","1.852","1.770","-3.56%"
"05/14/2015","1.856","1.865","1.921","1.831","-0.70%"
"05/13/2015","1.869","1.858","1.874","1.754","0.21%"
"05/12/2015","1.865","1.815","1.907","1.815","6.45%"
"05/11/2015","1.752","1.731","1.763","1.705","3.79%"
"05/09/2015","1.688","1.689","1.689","1.675","1.20%"
"05/08/2015","1.668","1.713","1.794","1.660","-5.23%"
"05/07/2015","1.760","1.942","2.046","1.754","-8.57%"
"05/06/2015","1.925","1.912","1.941","1.715","6.12%"
"05/05/2015","1.814","1.568","1.847","1.533","20.21%"
"05/04/2015","1.509","1.534","1.553","1.482","2.31%"
"05/01/2015","1.475","1.476","1.477","1.475","-3.09%"
"04/30/2015","1.522","1.492","1.619","1.466","2.56%"
"04/29/2015","1.484","1.392","1.504","1.388","7.54%"
"04/28/2015","1.380","1.330","1.412","1.327","-0.43%"
"04/27/2015","1.386","1.451","1.487","1.379","-4.02%"
"04/25/2015","1.444","1.439","1.447","1.438","-0.14%"
"04/24/2015","1.446","1.386","1.454","1.381","2.63%"
"04/23/2015","1.409","1.368","1.421","1.364","0.28%"
"04/22/2015","1.405","1.451","1.480","1.396","-5.51%"
"04/21/2015","1.487","1.463","1.513","1.455","2.55%"
"04/20/2015","1.450","1.480","1.480","1.426","-2.68%"
"04/18/2015","1.490","1.500","1.501","1.490","2.34%"
"04/17/2015","1.456","1.382","1.517","1.373","5.89%"
"04/16/2015","1.375","1.288","1.380","1.275","10.26%"
"04/15/2015","1.247","1.310","1.322","1.232","-3.26%"
"04/14/2015","1.289","1.264","1.291","1.240","3.12%"
"04/13/2015","1.250","1.234","1.258","1.221","1.13%"
"04/11/2015","1.236","1.231","1.236","1.226","1.06%"
"04/10/2015","1.223","1.271","1.271","1.217","-2.16%"
"04/09/2015","1.250","1.213","1.252","1.209","3.05%"
"04/08/2015","1.213","1.201","1.216","1.187","0.83%"
"04/07/2015","1.203","1.238","1.238","1.197","-5.05%"
"04/04/2015","1.267","1.267","1.267","1.257","0.24%"
"04/02/2015","1.264","1.233","1.264","1.219","2.43%"
"04/01/2015","1.234","1.248","1.275","1.207","-1.52%"
"03/31/2015","1.253","1.301","1.301","1.252","-4.57%"
"03/30/2015","1.313","1.351","1.355","1.307","-2.74%"
"03/28/2015","1.350","1.341","1.350","1.341","0.52%"
"03/27/2015","1.343","1.289","1.354","1.288","0.52%"
"03/26/2015","1.336","1.363","1.365","1.322","0.53%"
"03/25/2015","1.329","1.326","1.372","1.320","-0.08%"
"03/24/2015","1.330","1.341","1.346","1.272","2.07%"
"03/23/2015","1.303","1.222","1.312","1.214","6.89%"
"03/21/2015","1.219","1.210","1.226","1.204","1.08%"
"03/20/2015","1.206","1.229","1.250","1.192","-4.51%"
"03/19/2015","1.263","1.243","1.314","1.227","-7.40%"
"03/18/2015","1.364","1.277","1.395","1.266","9.47%"
"03/17/2015","1.246","1.175","1.254","1.174","7.23%"
"03/16/2015","1.162","1.148","1.165","1.130","-0.51%"
"03/14/2015","1.168","1.169","1.172","1.157","0.60%"
"03/13/2015","1.161","1.140","1.177","1.138","2.20%"
"03/12/2015","1.136","1.129","1.176","1.041","0.89%"
"03/11/2015","1.126","1.204","1.219","1.109","-8.97%"
"03/10/2015","1.237","1.258","1.270","1.220","-5.43%"
"03/09/2015","1.308","1.328","1.331","1.288","-3.18%"
"03/08/2015","1.351","1.339","1.351","1.335","0.90%"
"03/07/2015","1.339","1.339","1.348","1.335","1.44%"
"03/06/2015","1.320","1.286","1.321","1.280","-2.37%"
"03/05/2015","1.352","1.409","1.420","1.334","-4.92%"
"03/04/2015","1.422","1.427","1.429","1.384","1.64%"
"03/03/2015","1.399","1.371","1.414","1.344","3.32%"
"03/02/2015","1.354","1.340","1.357","1.314","-0.44%"
"02/28/2015","1.360","1.357","1.360","1.357","1.34%"
"02/27/2015","1.342","1.365","1.382","1.324","-1.68%"
"02/26/2015","1.365","1.463","1.473","1.354","-7.39%"
"02/25/2015","1.474","1.482","1.495","1.471","-1.40%"
"02/24/2015","1.495","1.528","1.528","1.481","-1.64%"
"02/23/2015","1.520","1.542","1.560","1.511","-5.94%"
"02/21/2015","1.616","1.604","1.616","1.604","1.19%"
"02/20/2015","1.597","1.650","1.662","1.592","-2.26%"
"02/19/2015","1.634","1.662","1.671","1.577","-2.27%"
"02/18/2015","1.672","1.639","1.675","1.620","-0.06%"
"02/17/2015","1.673","1.716","1.731","1.631","0.78%"
"02/16/2015","1.660","1.645","1.675","1.633","1.22%"
"02/14/2015","1.640","1.624","1.640","1.624","-0.30%"
"02/13/2015","1.645","1.619","1.645","1.585","-1.91%"
"02/12/2015","1.677","1.675","1.685","1.636","-0.36%"
"02/11/2015","1.683","1.691","1.702","1.671","-0.82%"
"02/10/2015","1.697","1.674","1.697","1.634","0.59%"
"02/09/2015","1.687","1.655","1.696","1.631","4.20%"
"02/07/2015","1.619","1.615","1.628","1.615","0.56%"
"02/06/2015","1.610","1.561","1.617","1.550","1.32%"
"02/05/2015","1.589","1.624","1.628","1.566","0.76%"
"02/04/2015","1.577","1.636","1.651","1.562","-3.67%"
"02/03/2015","1.637","1.610","1.639","1.599","-1.80%"
"02/02/2015","1.667","1.619","1.678","1.602","1.21%"
"02/01/2015","1.647","1.647","1.647","1.647","-0.06%"
"01/31/2015","1.648","1.661","1.661","1.647","-1.55%"
"01/30/2015","1.674","1.632","1.693","1.596","1.52%"
"01/29/2015","1.649","1.664","1.721","1.635","-0.12%"
"01/28/2015","1.651","1.613","1.725","1.611","4.43%"
"01/27/2015","1.581","1.562","1.611","1.550","3.81%"
"01/26/2015","1.523","1.591","1.623","1.520","-4.39%"
"01/24/2015","1.593","1.578","1.593","1.562","1.46%"
"01/23/2015","1.570","1.559","1.594","1.493","-3.86%"
"01/22/2015","1.633","1.791","1.801","1.624","-7.16%"
"01/21/2015","1.759","1.746","1.820","1.729","0.63%"
"01/20/2015","1.748","1.749","1.757","1.713","0.29%"
"01/19/2015","1.743","1.709","1.751","1.709","0.40%"
"01/17/2015","1.736","1.717","1.741","1.717","-0.06%"
"01/16/2015","1.737","1.790","1.793","1.725","-0.23%"
"01/15/2015","1.741","1.725","1.754","1.713","0.06%"
"01/14/2015","1.740","1.815","1.817","1.709","-2.74%"
"01/13/2015","1.789","1.791","1.800","1.755","-0.67%"
"01/12/2015","1.801","1.876","1.886","1.796","-4.30%"
"01/10/2015","1.882","1.884","1.884","1.882","-0.16%"
"01/09/2015","1.885","1.848","1.900","1.834","1.84%"
"01/08/2015","1.851","1.903","1.929","1.843","-4.04%"
"01/07/2015","1.929","1.858","1.933","1.812","5.47%"
"01/06/2015","1.829","1.851","1.853","1.770","1.22%"
"01/05/2015","1.807","1.767","1.816","1.764","3.61%"
"01/03/2015","1.744","1.744","1.744","1.744","-0.85%"
"01/02/2015","1.759","1.830","1.830","1.756","-6.49%"
"01/01/2015","1.881","1.881","1.882","1.881","0.00%"