"Date","Price","Open","High","Low","Vol.","Change %"
"08/17/2026","9.5087","9.5328","9.5191","9.4766","","-0.10%"
"08/16/2026","9.5182","9.5328","9.5346","9.5129","","-0.10%"
"08/14/2026","9.5276","9.5641","9.5739","9.4936","","-0.43%"
"08/13/2026","9.5688","9.5729","9.6006","9.5338","","-0.15%"
"08/12/2026","9.5828","9.5220","9.5931","9.4986","","0.64%"
"08/11/2026","9.5222","9.5003","9.5308","9.4768","","0.28%"
"08/10/2026","9.4955","9.4772","9.5382","9.4430","","0.11%"
"08/07/2026","9.4847","9.5180","9.5269","9.4344","","-0.29%"
"08/06/2026","9.5120","9.4834","9.5222","9.4600","","0.26%"
"08/05/2026","9.4871","9.5200","9.5545","9.4702","","-0.35%"
"08/04/2026","9.5204","9.5588","9.5882","9.5141","","-0.40%"
"08/03/2026","9.5584","9.5370","9.6047","9.4604","","0.40%"
"07/31/2026","9.5205","9.5298","9.6174","9.4965","","-0.12%"
"07/30/2026","9.5317","9.6485","9.6757","9.5088","","-1.21%"
"07/29/2026","9.6484","9.6869","9.7377","9.6224","","-0.44%"
"07/28/2026","9.6907","9.7381","9.7580","9.6685","","-0.35%"
"07/27/2026","9.7252","9.7106","9.7450","9.6594","","0.06%"
"07/24/2026","9.7194","9.7549","9.7700","9.6901","","-0.36%"
"07/23/2026","9.7547","9.7012","9.7790","9.6709","","0.61%"
"07/22/2026","9.6959","9.7072","9.7251","9.6837","","-0.13%"
"07/21/2026","9.7083","9.6829","9.7135","9.6584","","0.27%"
"07/20/2026","9.6817","9.6501","9.6947","9.6270","","0.35%"
"07/17/2026","9.6481","9.6421","9.6722","9.6311","","0.06%"
"07/16/2026","9.6419","9.5976","9.6597","9.5767","","0.55%"
"07/15/2026","9.5889","9.6668","9.6962","9.5748","","-0.80%"
"07/14/2026","9.6664","9.7186","9.7354","9.6005","","-0.54%"
"07/13/2026","9.7186","9.6596","9.7271","9.6359","","0.58%"
"07/10/2026","9.6627","9.6710","9.6804","9.6226","","-0.03%"
"07/09/2026","9.6660","9.6933","9.7115","9.6469","","-0.34%"
"07/08/2026","9.6985","9.6861","9.7434","9.6673","","0.04%"
"07/07/2026","9.6949","9.6275","9.7012","9.6092","","0.68%"
"07/06/2026","9.6296","9.6496","9.7024","9.5540","","-0.27%"
"07/03/2026","9.6559","9.6765","9.6998","9.6306","","-0.25%"
"07/02/2026","9.6802","9.7288","9.7425","9.6364","","-0.53%"
"07/01/2026","9.7313","9.6986","9.7709","9.6888","","0.30%"
"06/30/2026","9.7023","9.7124","9.7553","9.6751","","-0.11%"
"06/29/2026","9.7132","9.7235","9.7527","9.7005","","-0.22%"
"06/26/2026","9.7347","9.7260","9.7648","9.6837","","0.03%"
"06/25/2026","9.7313","9.7430","9.7734","9.7022","","-0.14%"
"06/24/2026","9.7451","9.7370","9.7958","9.7293","","0.08%"
"06/23/2026","9.7372","9.6150","9.7528","9.6060","","1.25%"
"06/22/2026","9.6169","9.5845","9.6283","9.5657","","0.36%"
"06/19/2026","9.5827","9.5862","9.6322","9.5587","","-0.04%"
"06/18/2026","9.5870","9.5075","9.5980","9.4724","","0.80%"
"06/17/2026","9.5106","9.3678","9.5384","9.3470","","1.51%"
"06/16/2026","9.3688","9.3998","9.4392","9.3521","","-0.32%"
"06/15/2026","9.3985","9.4345","9.4412","9.3424","","-0.54%"
"06/12/2026","9.4492","9.4411","9.4793","9.3960","","0.08%"
"06/11/2026","9.4416","9.5211","9.5640","9.4296","","-0.95%"
"06/10/2026","9.5324","9.4709","9.5324","9.4478","","0.66%"
"06/09/2026","9.4702","9.4255","9.4961","9.3973","","0.42%"
"06/08/2026","9.4302","9.4628","9.5148","9.3989","","-0.36%"
"06/05/2026","9.4642","9.3802","9.4875","9.3279","","0.85%"
"06/04/2026","9.3842","9.4058","9.4315","9.3314","","-0.29%"
"06/03/2026","9.4112","9.3143","9.4168","9.2939","","1.05%"
"06/02/2026","9.3130","9.2947","9.3303","9.2719","","0.06%"
"06/01/2026","9.3070","9.2451","9.3401","9.2279","","0.69%"
"05/29/2026","9.2428","9.2495","9.2744","9.2106","","-0.11%"
"05/28/2026","9.2526","9.2927","9.3540","9.2399","","-0.43%"
"05/27/2026","9.2927","9.3079","9.3409","9.2345","","-0.17%"
"05/26/2026","9.3086","9.2785","9.3401","9.2733","","0.26%"
"05/25/2026","9.2845","9.3374","9.3374","9.2633","","-0.84%"
"05/22/2026","9.3633","9.3402","9.3857","9.3263","","0.23%"
"05/21/2026","9.3419","9.3354","9.4020","9.3038","","0.11%"
"05/20/2026","9.3318","9.4152","9.4324","9.3093","","-0.78%"
"05/19/2026","9.4051","9.3843","9.4380","9.3692","","0.23%"
"05/18/2026","9.3836","9.4376","9.4816","9.3751","","-0.71%"
"05/15/2026","9.4509","9.3581","9.4675","9.3497","","0.97%"
"05/14/2026","9.3600","9.3298","9.3682","9.3012","","0.37%"
"05/13/2026","9.3258","9.2983","9.3403","9.2785","","0.35%"
"05/12/2026","9.2929","9.2105","9.3180","9.1961","","0.80%"
"05/11/2026","9.2188","9.2251","9.2732","9.1816","","0.03%"
"05/08/2026","9.2162","9.2797","9.2928","9.1920","","-0.70%"
"05/07/2026","9.2813","9.2533","9.2849","9.1879","","0.49%"
"05/06/2026","9.2364","9.2678","9.2822","9.1651","","-0.34%"
"05/05/2026","9.2677","9.2756","9.3178","9.2377","","-0.25%"
"05/04/2026","9.2908","9.2207","9.3017","9.1932","","0.83%"
"05/01/2026","9.2145","9.2435","9.2615","9.1616","","-0.31%"
"04/30/2026","9.2429","9.3176","9.3418","9.2196","","-0.83%"
"04/29/2026","9.3204","9.2655","9.3352","9.2525","","0.53%"
"04/28/2026","9.2711","9.2218","9.2986","9.2067","","0.56%"
"04/27/2026","9.2193","9.2523","9.2728","9.1784","","0.00%"
"04/24/2026","9.2197","9.2674","9.2831","9.2104","","-0.46%"
"04/23/2026","9.2625","9.2166","9.2838","9.1977","","0.54%"
"04/22/2026","9.2125","9.2021","9.2255","9.1447","","0.18%"
"04/21/2026","9.1959","9.1277","9.2141","9.1168","","0.76%"
"04/20/2026","9.1261","9.1764","9.2156","9.1184","","-0.43%"
"04/17/2026","9.1653","9.1932","9.2150","9.0834","","-0.25%"
"04/16/2026","9.1881","9.1654","9.2080","9.1227","","0.27%"
"04/15/2026","9.1637","9.1869","9.2256","9.1512","","-0.24%"
"04/14/2026","9.1859","9.1864","9.2111","9.1443","","-0.09%"
"04/13/2026","9.1941","9.3229","9.3585","9.1752","","-0.77%"
"04/10/2026","9.2657","9.2686","9.3261","9.2090","","-0.10%"
"04/09/2026","9.2747","9.3149","9.3453","9.2433","","-0.46%"
"04/08/2026","9.3175","9.4748","9.4834","9.1728","","-1.65%"
"04/07/2026","9.4737","9.4523","9.5641","9.4201","","0.23%"
"04/06/2026","9.4522","9.4804","9.5195","9.3805","","-0.36%"
"04/03/2026","9.4864","9.4281","9.4964","9.4127","","0.59%"
"04/02/2026","9.4312","9.4096","9.5158","9.3834","","0.29%"
"04/01/2026","9.4040","9.4706","9.4786","9.3559","","-0.69%"
"03/31/2026","9.4694","9.5486","9.5867","9.4583","","-0.85%"
"03/30/2026","9.5508","9.4603","9.5693","9.4309","","0.83%"
"03/27/2026","9.4721","9.4222","9.4843","9.3977","","0.37%"
"03/26/2026","9.4370","9.3400","9.4518","9.3362","","0.90%"
"03/25/2026","9.3531","9.3028","9.3590","9.2686","","0.53%"
"03/24/2026","9.3040","9.3166","9.3878","9.2802","","-0.20%"
"03/23/2026","9.3226","9.3408","9.4956","9.2685","","-0.22%"
"03/20/2026","9.3429","9.2828","9.3912","9.2620","","0.59%"
"03/19/2026","9.2882","9.4222","9.4299","9.2506","","-1.42%"
"03/18/2026","9.4221","9.2818","9.4280","9.2616","","1.54%"
"03/17/2026","9.2789","9.3348","9.3868","9.2605","","-0.69%"
"03/16/2026","9.3430","9.4637","9.4790","9.3201","","-1.46%"
"03/13/2026","9.4810","9.3573","9.4901","9.3380","","1.29%"
"03/12/2026","9.3603","9.2292","9.3653","9.2149","","1.40%"
"03/11/2026","9.2314","9.1809","9.2417","9.1377","","0.55%"
"03/10/2026","9.1806","9.1346","9.1921","9.0982","","0.50%"
"03/09/2026","9.1353","9.2267","9.3022","9.1281","","-0.44%"
"03/06/2026","9.1753","9.2275","9.2737","9.1603","","-0.55%"
"03/05/2026","9.2258","9.1775","9.2822","9.1594","","0.58%"
"03/04/2026","9.1730","9.2670","9.2986","9.1514","","-1.01%"
"03/03/2026","9.2664","9.1611","9.3512","9.1471","","1.15%"
"03/02/2026","9.1606","9.0551","9.1854","9.0394","","1.45%"
"02/27/2026","9.0295","9.0596","9.0719","9.0078","","-0.29%"
"02/26/2026","9.0561","9.0229","9.0813","9.0042","","0.40%"
"02/25/2026","9.0202","9.0461","9.0864","9.0120","","-0.41%"
"02/24/2026","9.0573","9.0559","9.0902","9.0337","","-0.08%"
"02/23/2026","9.0644","9.0582","9.0969","8.9998","","0.06%"
"02/20/2026","9.0593","9.0654","9.0972","9.0027","","-0.07%"
"02/19/2026","9.0657","9.0392","9.1080","9.0075","","0.32%"
"02/18/2026","9.0366","8.9739","9.0486","8.9533","","0.79%"
"02/17/2026","8.9655","8.9487","9.0360","8.9285","","0.19%"
"02/16/2026","8.9482","8.9251","8.9730","8.8951","","0.29%"
"02/13/2026","8.9226","8.9320","8.9644","8.9066","","-0.08%"
"02/12/2026","8.9296","8.8931","8.9447","8.8663","","0.33%"
"02/11/2026","8.9001","8.8884","8.9426","8.8435","","0.14%"
"02/10/2026","8.8874","8.9388","8.9482","8.8738","","-0.39%"
"02/09/2026","8.9219","9.0298","9.0390","8.9052","","-1.12%"
"02/06/2026","9.0232","9.0586","9.0880","9.0008","","-0.41%"
"02/05/2026","9.0599","8.9953","9.0682","8.9749","","0.80%"
"02/04/2026","8.9882","8.9049","9.0154","8.8825","","0.96%"
"02/03/2026","8.9027","8.9765","8.9865","8.8885","","-0.76%"
"02/02/2026","8.9705","8.9045","8.9873","8.8777","","0.50%"
"01/30/2026","8.9255","8.8058","8.9284","8.7749","","1.37%"
"01/29/2026","8.8049","8.8346","8.8794","8.7853","","-0.33%"
"01/28/2026","8.8340","8.7720","8.9033","8.7579","","0.82%"
"01/27/2026","8.7619","8.9354","8.9642","8.7388","","-1.93%"
"01/26/2026","8.9342","8.9589","8.9819","8.8489","","-0.23%"
"01/23/2026","8.9544","9.0069","9.0394","8.9362","","-0.57%"
"01/22/2026","9.0059","9.1117","9.1281","9.0012","","-1.16%"
"01/21/2026","9.1112","9.1391","9.1480","9.0638","","-0.16%"
"01/20/2026","9.1257","9.2077","9.2199","9.1026","","-0.88%"
"01/19/2026","9.2069","9.2279","9.2696","9.1918","","-0.16%"
"01/16/2026","9.2220","9.2230","9.2501","9.2062","","-0.01%"
"01/15/2026","9.2228","9.1988","9.2429","9.1746","","0.26%"
"01/14/2026","9.1989","9.2229","9.2326","9.1764","","-0.30%"
"01/13/2026","9.2266","9.1693","9.2278","9.1536","","0.62%"
"01/12/2026","9.1693","9.2135","9.2362","9.1489","","-0.41%"
"01/09/2026","9.2067","9.2264","9.2496","9.1964","","-0.18%"
"01/08/2026","9.2233","9.1903","9.2393","9.1767","","0.36%"
"01/07/2026","9.1905","9.2054","9.2282","9.1699","","-0.14%"
"01/06/2026","9.2037","9.1781","9.2320","9.1504","","0.31%"
"01/05/2026","9.1756","9.2189","9.2627","9.1668","","-0.49%"
"01/02/2026","9.2211","9.2094","9.2433","9.1862","","0.08%"
"01/01/2026","9.2134","9.2099","9.2236","9.2003","","0.04%"
"12/31/2025","9.2100","9.2012","9.2328","9.1876","","0.13%"
"12/30/2025","9.1977","9.1833","9.2221","9.1630","","0.17%"
"12/29/2025","9.1823","9.1606","9.2006","9.1366","","0.26%"
"12/26/2025","9.1587","9.1746","9.1968","9.1378","","-0.18%"
"12/25/2025","9.1748","9.1698","9.1858","9.1517","","0.02%"
"12/24/2025","9.1731","9.1741","9.1892","9.1433","","0.04%"
"12/23/2025","9.1693","9.2379","9.2462","9.1633","","-0.73%"
"12/22/2025","9.2363","9.2639","9.2811","9.2154","","-0.35%"
"12/19/2025","9.2690","9.2870","9.3236","9.2521","","-0.16%"
"12/18/2025","9.2840","9.3057","9.3189","9.2635","","-0.21%"
"12/17/2025","9.3032","9.3087","9.3494","9.2805","","-0.02%"
"12/16/2025","9.3047","9.2818","9.3174","9.2630","","0.22%"
"12/15/2025","9.2846","9.2708","9.3098","9.2494","","0.16%"
"12/12/2025","9.2699","9.2567","9.2998","9.2401","","0.19%"
"12/11/2025","9.2524","9.2678","9.2907","9.2262","","-0.19%"
"12/10/2025","9.2700","9.3645","9.3859","9.2520","","-1.02%"
"12/09/2025","9.3654","9.4033","9.4076","9.3347","","-0.41%"
"12/08/2025","9.4035","9.4039","9.4320","9.3772","","0.03%"
"12/05/2025","9.4009","9.4248","9.4308","9.3852","","-0.23%"
"12/04/2025","9.4228","9.3727","9.4285","9.3636","","0.55%"
"12/03/2025","9.3716","9.4402","9.4489","9.3614","","-0.70%"
"12/02/2025","9.4372","9.4518","9.4683","9.4256","","-0.16%"
"12/01/2025","9.4524","9.4492","9.4706","9.4081","","0.01%"
"11/28/2025","9.4510","9.4797","9.5122","9.4264","","-0.31%"
"11/27/2025","9.4804","9.4980","9.5139","9.4727","","-0.17%"
"11/26/2025","9.4968","9.5322","9.5512","9.4862","","-0.38%"
"11/25/2025","9.5328","9.5548","9.5993","9.5158","","-0.24%"
"11/24/2025","9.5561","9.5480","9.5724","9.5221","","0.04%"
"11/21/2025","9.5520","9.5542","9.5988","9.5320","","-0.03%"
"11/20/2025","9.5544","9.5450","9.5711","9.5146","","0.10%"
"11/19/2025","9.5450","9.4710","9.5696","9.4627","","0.79%"
"11/18/2025","9.4705","9.4654","9.5011","9.4608","","-0.02%"
"11/17/2025","9.4726","9.4539","9.4934","9.4251","","0.25%"
"11/14/2025","9.4492","9.4089","9.4765","9.3862","","0.41%"
"11/13/2025","9.4106","9.4457","9.4645","9.3694","","-0.36%"
"11/12/2025","9.4446","9.4628","9.4827","9.4328","","-0.20%"
"11/11/2025","9.4633","9.5136","9.5350","9.4358","","-0.53%"
"11/10/2025","9.5138","9.5330","9.5558","9.4825","","-0.18%"
"11/07/2025","9.5306","9.5633","9.5913","9.5138","","-0.37%"
"11/06/2025","9.5660","9.5646","9.6131","9.5186","","0.03%"
"11/05/2025","9.5632","9.5810","9.6051","9.5510","","-0.22%"
"11/04/2025","9.5843","9.4855","9.5987","9.4753","","1.06%"
"11/03/2025","9.4839","9.4909","9.5142","9.4678","","-0.10%"
"10/31/2025","9.4930","9.4414","9.5161","9.4230","","0.47%"
"10/30/2025","9.4488","9.4117","9.4819","9.3752","","0.36%"
"10/29/2025","9.4148","9.3712","9.4408","9.3410","","0.46%"
"10/28/2025","9.3721","9.3831","9.3989","9.3451","","-0.10%"
"10/27/2025","9.3817","9.3944","9.4158","9.3608","","-0.21%"
"10/24/2025","9.4012","9.3859","9.4123","9.3455","","0.17%"
"10/23/2025","9.3848","9.4070","9.4351","9.3771","","-0.23%"
"10/22/2025","9.4069","9.4173","9.4556","9.3845","","-0.19%"
"10/21/2025","9.4244","9.4264","9.4530","9.3956","","-0.08%"
"10/20/2025","9.4319","9.4236","9.4493","9.3992","","-0.19%"
"10/17/2025","9.4496","9.4287","9.4797","9.3916","","0.24%"
"10/16/2025","9.4271","9.4746","9.4910","9.4086","","-0.50%"
"10/15/2025","9.4743","9.5355","9.5527","9.4571","","-0.58%"
"10/14/2025","9.5295","9.5074","9.5775","9.4913","","0.24%"
"10/13/2025","9.5063","9.5055","9.5372","9.4804","","-0.04%"
"10/10/2025","9.5102","9.5346","9.5508","9.4858","","-0.27%"
"10/09/2025","9.5360","9.4385","9.5668","9.4093","","1.04%"
"10/08/2025","9.4383","9.4020","9.4680","9.3913","","0.39%"
"10/07/2025","9.4012","9.3770","9.4213","9.3623","","0.23%"
"10/06/2025","9.3800","9.3783","9.4335","9.3642","","0.04%"
"10/03/2025","9.3767","9.4029","9.4205","9.3468","","-0.29%"
"10/02/2025","9.4044","9.3835","9.4491","9.3373","","0.22%"
"10/01/2025","9.3835","9.4175","9.4329","9.3497","","-0.35%"
"09/30/2025","9.4167","9.4217","9.4378","9.3848","","-0.04%"
"09/29/2025","9.4209","9.4196","9.4382","9.3719","","0.12%"
"09/26/2025","9.4095","9.4536","9.4793","9.3962","","-0.55%"
"09/25/2025","9.4617","9.3997","9.4883","9.3763","","0.66%"
"09/24/2025","9.3997","9.3271","9.4239","9.3201","","0.77%"
"09/23/2025","9.3275","9.3436","9.3929","9.2968","","-0.27%"
"09/22/2025","9.3529","9.4215","9.4394","9.3439","","-0.62%"
"09/19/2025","9.4109","9.3524","9.4521","9.3376","","0.62%"
"09/18/2025","9.3525","9.3000","9.3987","9.2637","","0.57%"
"09/17/2025","9.2995","9.2390","9.3163","9.1900","","0.76%"
"09/16/2025","9.2292","9.2683","9.2920","9.2121","","-0.48%"
"09/15/2025","9.2736","9.3210","9.3495","9.2610","","-0.46%"
"09/12/2025","9.3168","9.3072","9.3624","9.2960","","0.10%"
"09/11/2025","9.3077","9.3496","9.3966","9.2982","","-0.47%"
"09/10/2025","9.3514","9.3821","9.4055","9.3030","","-0.33%"
"09/09/2025","9.3826","9.3552","9.3931","9.3329","","0.30%"
"09/08/2025","9.3545","9.3955","9.4102","9.3456","","-0.44%"
"09/05/2025","9.3954","9.4623","9.4807","9.3328","","-0.71%"
"09/04/2025","9.4629","9.4228","9.4992","9.4112","","0.42%"
"09/03/2025","9.4234","9.4639","9.4838","9.4080","","-0.39%"
"09/02/2025","9.4604","9.3916","9.4926","9.3803","","0.75%"
"09/01/2025","9.3902","9.4607","9.4740","9.3767","","-0.75%"
"08/29/2025","9.4613","9.4818","9.5095","9.4493","","-0.21%"
"08/28/2025","9.4816","9.5349","9.5485","9.4566","","-0.55%"
"08/27/2025","9.5339","9.5560","9.6215","9.5213","","-0.25%"
"08/26/2025","9.5581","9.5894","9.6187","9.5386","","-0.34%"
"08/25/2025","9.5904","9.4912","9.6065","9.4849","","0.97%"
"08/22/2025","9.4981","9.6350","9.6501","9.4734","","-1.36%"
"08/21/2025","9.6291","9.5909","9.6392","9.5740","","0.38%"
"08/20/2025","9.5931","9.5953","9.6275","9.5681","","-0.01%"
"08/19/2025","9.5942","9.5679","9.6052","9.5202","","0.28%"
"08/18/2025","9.5673","9.5458","9.5849","9.5280","","0.09%"
"08/15/2025","9.5588","9.5824","9.6030","9.5356","","-0.29%"
"08/14/2025","9.5869","9.5447","9.6134","9.5330","","0.43%"
"08/13/2025","9.5463","9.5513","9.5661","9.5023","","-0.05%"
"08/12/2025","9.5506","9.6391","9.6583","9.5289","","-0.92%"
"08/11/2025","9.6390","9.5949","9.6638","9.5391","","0.63%"
"08/08/2025","9.5788","9.5860","9.6144","9.5430","","0.15%"
"08/07/2025","9.5648","9.6019","9.6280","9.5567","","-0.44%"
"08/06/2025","9.6069","9.6770","9.6934","9.5951","","-0.67%"
"08/05/2025","9.6717","9.6615","9.6961","9.6365","","0.12%"
"08/04/2025","9.6604","9.6543","9.6945","9.6084","","0.13%"
"08/01/2025","9.6480","9.7864","9.8389","9.6315","","-1.47%"
"07/31/2025","9.7924","9.7999","9.8092","9.7268","","-0.08%"
"07/30/2025","9.7999","9.6538","9.8043","9.6243","","1.53%"
"07/29/2025","9.6521","9.6257","9.6948","9.5921","","0.40%"
"07/28/2025","9.6134","9.5248","9.6249","9.4860","","0.90%"
"07/25/2025","9.5280","9.5457","9.5670","9.5059","","-0.14%"
"07/24/2025","9.5413","9.5126","9.5574","9.4908","","0.37%"
"07/23/2025","9.5061","9.5148","9.5488","9.4736","","-0.06%"
"07/22/2025","9.5119","9.5775","9.6109","9.5022","","-0.72%"
"07/21/2025","9.5806","9.6597","9.6927","9.5478","","-0.89%"
"07/18/2025","9.6667","9.7575","9.7659","9.6320","","-0.92%"
"07/17/2025","9.7564","9.7074","9.7936","9.6904","","0.38%"
"07/16/2025","9.7199","9.7280","9.8012","9.6335","","-0.07%"
"07/15/2025","9.7268","9.6191","9.7403","9.5948","","1.14%"
"07/14/2025","9.6169","9.5708","9.6378","9.5553","","0.59%"
"07/11/2025","9.5605","9.4996","9.5716","9.4921","","0.63%"
"07/10/2025","9.5005","9.5123","9.5708","9.4850","","-0.12%"
"07/09/2025","9.5117","9.5269","9.5563","9.5024","","-0.13%"
"07/08/2025","9.5237","9.5416","9.5687","9.4807","","-0.14%"
"07/07/2025","9.5367","9.5616","9.5894","9.4820","","-0.27%"
"07/04/2025","9.5629","9.5824","9.5907","9.5359","","-0.26%"
"07/03/2025","9.5882","9.5175","9.6129","9.5056","","0.80%"
"07/02/2025","9.5119","9.4804","9.5825","9.4622","","0.37%"
"07/01/2025","9.4769","9.4628","9.5216","9.3962","","0.21%"
"06/30/2025","9.4568","9.4974","9.5462","9.4373","","-0.34%"
"06/27/2025","9.4895","9.4959","9.5610","9.4431","","-0.07%"
"06/26/2025","9.4963","9.4827","9.5096","9.4153","","0.14%"
"06/25/2025","9.4828","9.5229","9.5528","9.4743","","-0.50%"
"06/24/2025","9.5305","9.5952","9.6092","9.4903","","-0.65%"
"06/23/2025","9.5933","9.7037","9.7488","9.5891","","-0.80%"
"06/20/2025","9.6704","9.6353","9.6989","9.5950","","0.36%"
"06/19/2025","9.6353","9.6493","9.6992","9.6261","","-0.13%"
"06/18/2025","9.6480","9.5582","9.6680","9.5152","","0.98%"
"06/17/2025","9.5543","9.4842","9.5653","9.4352","","0.72%"
"06/16/2025","9.4861","9.4826","9.5300","9.4319","","0.10%"
"06/13/2025","9.4766","9.4491","9.5649","9.4228","","0.32%"
"06/12/2025","9.4466","9.5600","9.5765","9.3776","","-1.19%"
"06/11/2025","9.5600","9.6010","9.6200","9.5420","","-0.43%"
"06/10/2025","9.6017","9.5929","9.6410","9.5618","","0.04%"
"06/09/2025","9.5976","9.6265","9.6556","9.5779","","-0.49%"
"06/06/2025","9.6446","9.5685","9.6589","9.5565","","0.80%"
"06/05/2025","9.5676","9.5935","9.6158","9.5139","","-0.19%"
"06/04/2025","9.5861","9.6207","9.6367","9.5550","","-0.36%"
"06/03/2025","9.6207","9.5259","9.6452","9.5096","","0.99%"
"06/02/2025","9.5263","9.6076","9.6097","9.4859","","-0.68%"
"05/30/2025","9.5913","9.5522","9.6366","9.5305","","0.40%"
"05/29/2025","9.5533","9.6550","9.7225","9.5350","","-1.10%"
"05/28/2025","9.6593","9.6221","9.6635","9.5803","","0.36%"
"05/27/2025","9.6242","9.5195","9.6624","9.4880","","1.13%"
"05/26/2025","9.5164","9.5309","9.5371","9.4646","","-0.16%"
"05/23/2025","9.5313","9.6411","9.6546","9.5002","","-1.13%"
"05/22/2025","9.6407","9.5770","9.6563","9.5544","","0.70%"
"05/21/2025","9.5733","9.6378","9.6528","9.5290","","-0.68%"
"05/20/2025","9.6387","9.6878","9.7110","9.6276","","-0.51%"
"05/19/2025","9.6884","9.7751","9.7883","9.6617","","-0.92%"
"05/16/2025","9.7785","9.7271","9.8090","9.6944","","0.55%"
"05/15/2025","9.7249","9.7538","9.7763","9.7011","","-0.29%"
"05/14/2025","9.7533","9.7195","9.7721","9.6407","","0.34%"
"05/13/2025","9.7206","9.8197","9.8451","9.7006","","-1.02%"
"05/12/2025","9.8203","9.7278","9.8602","9.7046","","1.15%"
"05/09/2025","9.7084","9.7377","9.7716","9.6649","","-0.28%"
"05/08/2025","9.7353","9.6697","9.7624","9.6169","","0.71%"
"05/07/2025","9.6671","9.5713","9.6796","9.5459","","0.99%"
"05/06/2025","9.5728","9.6628","9.7015","9.5482","","-0.92%"
"05/05/2025","9.6617","9.6607","9.6907","9.5959","","0.07%"
"05/02/2025","9.6546","9.7500","9.7708","9.5873","","-0.91%"
"05/01/2025","9.7432","9.6626","9.7881","9.6457","","0.82%"
"04/30/2025","9.6641","9.6319","9.6918","9.6054","","0.31%"
"04/29/2025","9.6339","9.5887","9.6629","9.5530","","0.58%"
"04/28/2025","9.5787","9.6876","9.7404","9.5565","","-1.09%"
"04/25/2025","9.6841","9.5961","9.7437","9.5816","","0.94%"
"04/24/2025","9.5938","9.7039","9.7126","9.5617","","-1.09%"
"04/23/2025","9.6999","9.5749","9.7254","9.5313","","1.34%"
"04/22/2025","9.5712","9.5208","9.5885","9.4654","","0.68%"
"04/21/2025","9.5061","9.6096","9.6249","9.4708","","-1.07%"
"04/18/2025","9.6093","9.6264","9.6548","9.5994","","-0.06%"
"04/17/2025","9.6150","9.7676","9.8280","9.6081","","-1.39%"
"04/16/2025","9.7508","9.8806","9.9021","9.7350","","-1.12%"
"04/15/2025","9.8615","9.7639","9.9259","9.7124","","1.13%"
"04/14/2025","9.7509","9.8212","9.8292","9.6395","","-0.22%"
"04/11/2025","9.7722","9.8759","9.9184","9.6885","","-0.64%"
"04/10/2025","9.8356","9.9759","10.0111","9.7987","","-1.32%"
"04/09/2025","9.9675","10.0188","10.0836","9.9165","","-0.46%"
"04/08/2025","10.0135","10.0580","10.0967","9.9343","","-0.36%"
"04/07/2025","10.0496","10.0087","10.1422","9.9691","","0.72%"
"04/04/2025","9.9776","9.7759","10.1035","9.7432","","2.18%"
"04/03/2025","9.7647","9.9105","9.9557","9.6013","","-1.30%"
"04/02/2025","9.8936","10.0174","10.0321","9.8237","","-1.16%"
"04/01/2025","10.0099","10.0414","10.0575","9.9746","","-0.24%"
"03/31/2025","10.0336","10.0138","10.0788","9.9761","","0.29%"
"03/28/2025","10.0050","9.9989","10.0669","9.9710","","0.10%"
"03/27/2025","9.9953","10.0536","10.0910","9.9797","","-0.35%"
"03/26/2025","10.0309","10.0362","10.0727","10.0135","","-0.02%"
"03/25/2025","10.0328","10.0992","10.1196","9.9455","","-0.57%"
"03/24/2025","10.0900","10.1395","10.1618","10.0768","","-0.38%"
"03/21/2025","10.1282","10.1330","10.1751","10.0481","","0.02%"
"03/20/2025","10.1265","10.1026","10.2136","10.0773","","0.35%"
"03/19/2025","10.0909","10.0418","10.1515","10.0335","","0.56%"
"03/18/2025","10.0347","10.0884","10.1209","10.0196","","-0.41%"
"03/17/2025","10.0760","10.1183","10.1591","10.0673","","-0.37%"
"03/14/2025","10.1134","10.1943","10.2273","10.1069","","-0.66%"
"03/13/2025","10.1809","10.0919","10.2340","10.0713","","0.98%"
"03/12/2025","10.0821","10.0143","10.1233","9.9897","","0.75%"
"03/11/2025","10.0066","10.1256","10.1381","9.9752","","-1.10%"
"03/10/2025","10.1175","10.0973","10.1505","10.0603","","0.32%"
"03/07/2025","10.0848","10.1784","10.1962","10.0427","","-0.82%"
"03/06/2025","10.1683","10.2027","10.2213","10.0845","","-0.19%"
"03/05/2025","10.1880","10.4240","10.4553","10.1823","","-2.10%"
"03/04/2025","10.4065","10.5048","10.5888","10.4087","","-0.82%"
"03/03/2025","10.4928","10.7769","10.7835","10.4953","","-2.40%"
"02/28/2025","10.7507","10.7524","10.8037","10.7019","","0.02%"
"02/27/2025","10.7483","10.6464","10.7678","10.6295","","1.07%"
"02/26/2025","10.6347","10.6028","10.6688","10.5774","","0.37%"
"02/25/2025","10.5956","10.6641","10.6820","10.5830","","-0.60%"
"02/24/2025","10.6599","10.6326","10.6773","10.5844","","0.30%"
"02/21/2025","10.6282","10.6298","10.6685","10.6143","","0.03%"
"02/20/2025","10.6250","10.7304","10.7396","10.6218","","-0.91%"
"02/19/2025","10.7221","10.7227","10.7625","10.6887","","0.05%"
"02/18/2025","10.7171","10.6958","10.7406","10.6804","","0.21%"
"02/17/2025","10.6949","10.6910","10.7284","10.6775","","0.03%"
"02/14/2025","10.6916","10.7359","10.7575","10.6750","","-0.30%"
"02/13/2025","10.7241","10.8766","10.8979","10.7271","","-1.45%"
"02/12/2025","10.8823","10.8604","10.9560","10.8277","","0.24%"
"02/11/2025","10.8562","10.9241","10.9477","10.8439","","-0.55%"
"02/10/2025","10.9162","10.9502","11.0108","10.9020","","-0.21%"
"02/07/2025","10.9396","10.9099","10.9755","10.8372","","0.39%"
"02/06/2025","10.8966","10.9123","10.9441","10.8822","","-0.07%"
"02/05/2025","10.9037","10.9696","10.9855","10.8694","","-0.57%"
"02/04/2025","10.9663","11.0674","11.1608","10.9537","","-0.86%"
"02/03/2025","11.0614","11.1693","11.3347","11.0572","","-0.21%"
"01/31/2025","11.0842","11.0556","11.1128","11.0124","","0.41%"
"01/30/2025","11.0393","10.9993","11.0708","10.9692","","0.40%"
"01/29/2025","10.9958","10.9989","11.0407","10.9733","","-0.01%"
"01/28/2025","10.9970","10.9345","11.0283","10.9289","","0.61%"
"01/27/2025","10.9301","10.9246","10.9943","10.9100","","0.21%"
"01/24/2025","10.9070","11.0133","11.0229","10.8966","","-0.91%"
"01/23/2025","11.0067","11.0069","11.0597","10.9791","","0.04%"
"01/22/2025","11.0028","10.9791","11.0245","10.9590","","0.27%"
"01/21/2025","10.9733","11.0247","11.1095","10.9732","","-0.36%"
"01/20/2025","11.0133","11.1774","11.2000","10.9946","","-1.49%"
"01/17/2025","11.1795","11.1517","11.2101","11.1196","","0.30%"
"01/16/2025","11.1464","11.1578","11.1999","11.1237","","-0.06%"
"01/15/2025","11.1536","11.1693","11.2007","11.0935","","-0.03%"
"01/14/2025","11.1568","11.2499","11.2617","11.1638","","-0.78%"
"01/13/2025","11.2445","11.2188","11.3258","11.2005","","0.34%"
"01/10/2025","11.2059","11.1532","11.2629","11.1328","","0.47%"
"01/09/2025","11.1538","11.1513","11.1894","11.1255","","0.07%"
"01/08/2025","11.1464","11.1202","11.2048","11.0971","","0.28%"
"01/07/2025","11.1151","11.0541","11.1301","10.9922","","0.65%"
"01/06/2025","11.0432","11.1140","11.1390","10.9810","","-0.54%"
"01/03/2025","11.1030","11.1526","11.1684","11.0939","","-0.43%"
"01/02/2025","11.1505","11.0622","11.1944","11.0372","","0.82%"
"01/01/2025","11.0599","11.0717","11.0779","11.0580","","0.04%"
"12/31/2024","11.0551","11.0393","11.0815","10.9782","","0.34%"
"12/30/2024","11.0171","11.0049","11.0701","10.9651","","0.34%"
"12/27/2024","10.9802","11.0519","11.0858","10.9771","","-0.51%"
"12/26/2024","11.0370","11.0811","11.1054","11.0349","","-0.30%"
"12/25/2024","11.0698","11.0897","11.0988","11.0577","","-0.02%"
"12/24/2024","11.0716","11.0434","11.1307","11.0276","","0.35%"
"12/23/2024","11.0335","11.0323","11.0691","10.9977","","0.19%"
"12/20/2024","11.0121","11.0328","11.0635","10.9835","","-0.11%"
"12/19/2024","11.0238","11.1246","11.1468","10.9932","","-0.92%"
"12/18/2024","11.1267","10.9623","11.1482","10.9369","","1.55%"
"12/17/2024","10.9572","10.8870","10.9761","10.8686","","0.76%"
"12/16/2024","10.8745","10.9960","11.0156","10.8729","","-0.82%"
"12/13/2024","10.9639","11.0178","11.0387","10.9264","","-0.44%"
"12/12/2024","11.0119","10.9758","11.0430","10.9239","","0.44%"
"12/11/2024","10.9634","10.9671","11.0208","10.9212","","0.02%"
"12/10/2024","10.9616","10.9072","11.0026","10.8971","","0.48%"
"12/09/2024","10.9091","10.9484","10.9712","10.8798","","-0.21%"
"12/06/2024","10.9319","10.8537","10.9658","10.8259","","0.78%"
"12/05/2024","10.8471","10.9289","10.9483","10.8395","","-0.69%"
"12/04/2024","10.9227","11.0110","11.0444","10.8990","","-0.74%"
"12/03/2024","11.0039","10.9932","11.0300","10.9667","","0.15%"
"12/02/2024","10.9876","10.8911","11.0416","10.8769","","0.95%"
"11/29/2024","10.8844","10.9378","10.9437","10.8605","","-0.29%"
"11/28/2024","10.9159","10.9159","10.9601","10.8935","","0.06%"
"11/27/2024","10.9092","10.9876","11.0113","10.8828","","-0.68%"
"11/26/2024","10.9836","10.9849","11.0917","10.9238","","0.07%"
"11/25/2024","10.9760","11.0414","11.0433","10.9219","","-0.42%"
"11/22/2024","11.0222","11.0599","11.1859","11.0226","","-0.33%"
"11/21/2024","11.0592","11.0302","11.1011","10.9930","","0.39%"
"11/20/2024","11.0162","10.9213","11.0617","10.9045","","0.94%"
"11/19/2024","10.9133","10.9119","11.0049","10.8948","","0.13%"
"11/18/2024","10.8995","10.9819","11.0201","10.8967","","-0.59%"
"11/15/2024","10.9637","10.9958","11.0215","10.9375","","-0.18%"
"11/14/2024","10.9838","10.9871","11.0658","10.9300","","0.08%"
"11/13/2024","10.9747","10.8998","10.9964","10.8646","","0.78%"
"11/12/2024","10.8900","10.8436","10.9452","10.8300","","0.49%"
"11/11/2024","10.8372","10.8248","10.9004","10.8116","","0.19%"
"11/08/2024","10.8170","10.6938","10.8735","10.6593","","1.36%"
"11/07/2024","10.6716","10.8549","10.8773","10.6726","","-1.58%"
"11/06/2024","10.8432","10.7013","10.9188","10.6814","","1.41%"
"11/05/2024","10.6925","10.7210","10.7376","10.6818","","-0.21%"
"11/04/2024","10.7146","10.6763","10.7408","10.6548","","-0.23%"
"11/01/2024","10.7391","10.6475","10.7556","10.6326","","0.95%"
"10/31/2024","10.6384","10.6762","10.7240","10.6428","","-0.25%"
"10/30/2024","10.6651","10.6398","10.7105","10.6088","","0.29%"
"10/29/2024","10.6343","10.6501","10.6976","10.6312","","-0.07%"
"10/28/2024","10.6419","10.5926","10.6576","10.5897","","0.26%"
"10/25/2024","10.6144","10.5597","10.6296","10.5496","","0.60%"
"10/24/2024","10.5513","10.5903","10.6108","10.5538","","-0.28%"
"10/23/2024","10.5808","10.5422","10.6191","10.5331","","0.43%"
"10/22/2024","10.5359","10.5630","10.5792","10.5206","","-0.17%"
"10/21/2024","10.5541","10.5207","10.5787","10.5049","","0.41%"
"10/18/2024","10.5105","10.5393","10.5583","10.5019","","-0.25%"
"10/17/2024","10.5372","10.5043","10.5652","10.4906","","0.34%"
"10/16/2024","10.5019","10.4144","10.5270","10.3935","","0.96%"
"10/15/2024","10.4016","10.4168","10.4518","10.3516","","-0.14%"
"10/14/2024","10.4160","10.3656","10.4434","10.3639","","0.57%"
"10/11/2024","10.3569","10.3868","10.4170","10.3538","","-0.17%"
"10/10/2024","10.3744","10.4021","10.4325","10.3672","","-0.19%"
"10/09/2024","10.3946","10.3317","10.4049","10.3195","","0.68%"
"10/08/2024","10.3247","10.3544","10.3753","10.3210","","-0.17%"
"10/07/2024","10.3423","10.3497","10.3912","10.3379","","-0.25%"
"10/04/2024","10.3681","10.3085","10.4019","10.2689","","0.64%"
"10/03/2024","10.3023","10.2555","10.3289","10.2446","","0.40%"
"10/02/2024","10.2612","10.2629","10.2901","10.2380","","0.11%"
"10/01/2024","10.2499","10.1639","10.3062","10.1434","","0.93%"
"09/30/2024","10.1554","10.0982","10.1896","10.0677","","0.67%"
"09/27/2024","10.0882","10.1160","10.1671","10.0388","","-0.26%"
"09/26/2024","10.1145","10.1806","10.2001","10.0958","","-0.53%"
"09/25/2024","10.1682","10.0975","10.2043","10.0759","","0.72%"
"09/24/2024","10.0956","10.1947","10.2122","10.0925","","-0.94%"
"09/23/2024","10.1914","10.1789","10.2511","10.1549","","0.37%"
"09/20/2024","10.1540","10.1638","10.2322","10.1370","","0.03%"
"09/19/2024","10.1512","10.2234","10.2570","10.1133","","-0.53%"
"09/18/2024","10.2057","10.1910","10.2329","10.1023","","0.16%"
"09/17/2024","10.1890","10.1750","10.2088","10.1491","","0.20%"
"09/16/2024","10.1687","10.2296","10.2618","10.1641","","-0.40%"
"09/13/2024","10.2097","10.2860","10.3052","10.1882","","-0.70%"
"09/12/2024","10.2821","10.3885","10.4073","10.2793","","-0.89%"
"09/11/2024","10.3741","10.3730","10.4155","10.3253","","0.01%"
"09/10/2024","10.3734","10.3799","10.4038","10.3482","","0.04%"
"09/09/2024","10.3692","10.3067","10.3885","10.2725","","0.76%"
"09/06/2024","10.2908","10.2568","10.3148","10.1701","","0.46%"
"09/05/2024","10.2432","10.2765","10.2971","10.2355","","-0.27%"
"09/04/2024","10.2714","10.3069","10.3426","10.2516","","-0.22%"
"09/03/2024","10.2942","10.2479","10.3294","10.2388","","0.45%"
"09/02/2024","10.2479","10.2636","10.2848","10.2315","","-0.15%"
"08/30/2024","10.2629","10.2253","10.2955","10.2040","","0.38%"
"08/29/2024","10.2239","10.2118","10.2660","10.1649","","0.40%"
"08/28/2024","10.1832","10.1474","10.2215","10.1356","","0.33%"
"08/27/2024","10.1492","10.2160","10.2388","10.1301","","-0.62%"
"08/26/2024","10.2130","10.2226","10.2411","10.1683","","0.49%"
"08/23/2024","10.1636","10.2486","10.3090","10.1533","","-0.69%"
"08/22/2024","10.2346","10.1867","10.2638","10.1753","","0.51%"
"08/21/2024","10.1825","10.2074","10.2608","10.1654","","-0.04%"
"08/20/2024","10.1864","10.3112","10.3387","10.1910","","-1.17%"
"08/19/2024","10.3075","10.4287","10.4564","10.3012","","-1.15%"
"08/16/2024","10.4269","10.5583","10.5647","10.4273","","-1.00%"
"08/15/2024","10.5326","10.4676","10.5499","10.4453","","0.65%"
"08/14/2024","10.4647","10.4724","10.4918","10.3788","","0.13%"
"08/13/2024","10.4510","10.5234","10.5521","10.4507","","-0.56%"
"08/12/2024","10.5101","10.5292","10.5492","10.4957","","0.00%"
"08/09/2024","10.5099","10.5117","10.5456","10.4810","","0.00%"
"08/08/2024","10.5104","10.4942","10.5775","10.4204","","0.25%"
"08/07/2024","10.4841","10.5280","10.5505","10.4233","","-0.35%"
"08/06/2024","10.5204","10.5535","10.6091","10.5077","","-0.26%"
"08/05/2024","10.5473","10.5678","10.6980","10.4805","","-0.09%"
"08/02/2024","10.5570","10.7289","10.7492","10.5486","","-1.51%"
"08/01/2024","10.7188","10.6939","10.7460","10.6419","","0.39%"
"07/31/2024","10.6774","10.7646","10.7825","10.6762","","-0.76%"
"07/30/2024","10.7590","10.8293","10.8587","10.7563","","-0.59%"
"07/29/2024","10.8232","10.8140","10.8657","10.7912","","0.12%"
"07/26/2024","10.8099","10.8087","10.8453","10.7786","","-0.13%"
"07/25/2024","10.8245","10.7759","10.8699","10.7570","","0.44%"
"07/24/2024","10.7772","10.7707","10.8304","10.7393","","0.15%"
"07/23/2024","10.7607","10.7224","10.7833","10.7029","","0.41%"
"07/22/2024","10.7168","10.6686","10.7393","10.6207","","0.35%"
"07/19/2024","10.6789","10.5726","10.6994","10.5580","","0.97%"
"07/18/2024","10.5768","10.5365","10.6160","10.5278","","0.41%"
"07/17/2024","10.5335","10.5986","10.6148","10.5040","","-0.55%"
"07/16/2024","10.5917","10.6043","10.6411","10.5814","","-0.02%"
"07/15/2024","10.5934","10.5140","10.6256","10.5126","","0.97%"
"07/12/2024","10.4921","10.4885","10.5821","10.4770","","-0.04%"
"07/11/2024","10.4964","10.5422","10.5618","10.4173","","-0.42%"
"07/10/2024","10.5404","10.5555","10.5742","10.5277","","-0.14%"
"07/09/2024","10.5554","10.5835","10.6035","10.5369","","-0.24%"
"07/08/2024","10.5804","10.5225","10.5892","10.4733","","1.14%"
"07/05/2024","10.4608","10.5051","10.5324","10.4639","","-0.40%"
"07/04/2024","10.5031","10.4946","10.5312","10.4789","","0.21%"
"07/03/2024","10.4815","10.5799","10.5947","10.4649","","-0.89%"
"07/02/2024","10.5760","10.6181","10.6694","10.5745","","-0.30%"
"07/01/2024","10.6077","10.5927","10.6440","10.5350","","0.16%"
"06/28/2024","10.5908","10.6010","10.6631","10.5804","","-0.30%"
"06/27/2024","10.6226","10.5762","10.6383","10.5470","","0.46%"
"06/26/2024","10.5736","10.5097","10.6190","10.4781","","0.64%"
"06/25/2024","10.5065","10.4706","10.5217","10.4542","","0.35%"
"06/24/2024","10.4700","10.5162","10.5392","10.4373","","-0.26%"
"06/21/2024","10.4978","10.5007","10.5466","10.4763","","0.02%"
"06/20/2024","10.4957","10.4386","10.5077","10.4147","","0.63%"
"06/19/2024","10.4305","10.4409","10.4559","10.4132","","-0.05%"
"06/18/2024","10.4352","10.4824","10.5173","10.4304","","-0.38%"
"06/17/2024","10.4747","10.5187","10.5638","10.4750","","-0.22%"
"06/14/2024","10.4980","10.4841","10.6009","10.4498","","0.32%"
"06/13/2024","10.4642","10.3654","10.5038","10.3403","","0.99%"
"06/12/2024","10.3617","10.4861","10.5013","10.2822","","-1.10%"
"06/11/2024","10.4769","10.4984","10.5217","10.4603","","-0.05%"
"06/10/2024","10.4825","10.5305","10.5932","10.4718","","-0.54%"
"06/07/2024","10.5398","10.3919","10.5558","10.3497","","1.43%"
"06/06/2024","10.3911","10.4014","10.4332","10.3530","","0.00%"
"06/05/2024","10.3913","10.4407","10.4580","10.3716","","-0.37%"
"06/04/2024","10.4297","10.4043","10.4902","10.3989","","0.18%"
"06/03/2024","10.4114","10.5262","10.5456","10.4015","","-0.98%"
"05/31/2024","10.5143","10.5994","10.6164","10.4949","","-0.65%"
"05/30/2024","10.5836","10.6727","10.7151","10.5794","","-0.81%"
"05/29/2024","10.6695","10.5654","10.6860","10.5575","","0.98%"
"05/28/2024","10.5661","10.6139","10.6308","10.5218","","-0.37%"
"05/27/2024","10.6051","10.6678","10.6830","10.6023","","-0.58%"
"05/24/2024","10.6669","10.7355","10.7564","10.6414","","-0.67%"
"05/23/2024","10.7384","10.7398","10.7558","10.6732","","0.08%"
"05/22/2024","10.7302","10.6890","10.7600","10.6752","","0.36%"
"05/21/2024","10.6922","10.6886","10.7109","10.6455","","0.04%"
"05/20/2024","10.6884","10.7136","10.7306","10.6679","","-0.19%"
"05/17/2024","10.7091","10.7178","10.7684","10.6950","","-0.01%"
"05/16/2024","10.7105","10.6657","10.7308","10.6371","","0.49%"
"05/15/2024","10.6586","10.8075","10.8281","10.6524","","-1.33%"
"05/14/2024","10.8018","10.8289","10.9086","10.7989","","-0.35%"
"05/13/2024","10.8395","10.8413","10.8700","10.8133","","0.20%"
"05/10/2024","10.8178","10.8432","10.8744","10.8118","","-0.19%"
"05/09/2024","10.8387","10.9042","10.9405","10.8411","","-0.52%"
"05/08/2024","10.8953","10.8545","10.9492","10.8329","","0.47%"
"05/07/2024","10.8441","10.8064","10.8798","10.7871","","0.36%"
"05/06/2024","10.8049","10.8138","10.8454","10.7568","","-0.15%"
"05/03/2024","10.8210","10.8744","10.8846","10.7343","","-0.45%"
"05/02/2024","10.8701","10.9367","10.9590","10.8555","","-0.42%"
"05/01/2024","10.9164","11.0183","11.0500","10.8880","","-0.92%"
"04/30/2024","11.0176","10.9195","11.0304","10.9046","","0.91%"
"04/29/2024","10.9179","10.9393","10.9544","10.8820","","-0.04%"
"04/26/2024","10.9218","10.8931","10.9711","10.8440","","0.44%"
"04/25/2024","10.8744","10.8829","10.9692","10.8329","","-0.03%"
"04/24/2024","10.8772","10.8107","10.9075","10.7837","","0.60%"
"04/23/2024","10.8124","10.8880","10.9086","10.8052","","-0.67%"
"04/22/2024","10.8851","10.9274","10.9445","10.8772","","-0.24%"
"04/19/2024","10.9115","10.9638","11.0319","10.8868","","-0.50%"
"04/18/2024","10.9659","10.9417","10.9742","10.8748","","0.28%"
"04/17/2024","10.9351","10.9612","11.0077","10.9125","","-0.22%"
"04/16/2024","10.9593","10.8895","10.9888","10.8701","","0.70%"
"04/15/2024","10.8834","10.8798","10.9143","10.8309","","0.09%"
"04/12/2024","10.8739","10.7205","10.9261","10.7127","","1.40%"
"04/11/2024","10.7235","10.7166","10.7900","10.6930","","0.14%"
"04/10/2024","10.7088","10.5534","10.7453","10.5205","","1.51%"
"04/09/2024","10.5499","10.5643","10.5757","10.4970","","-0.10%"
"04/08/2024","10.5609","10.6517","10.6673","10.5351","","-0.70%"
"04/05/2024","10.6357","10.6470","10.7088","10.6207","","-0.12%"
"04/04/2024","10.6487","10.6475","10.6646","10.5529","","0.04%"
"04/03/2024","10.6447","10.7380","10.7615","10.6274","","-0.84%"
"04/02/2024","10.7344","10.7980","10.8231","10.6960","","-0.58%"
"04/01/2024","10.7965","10.6615","10.8266","10.6523","","1.37%"
"03/29/2024","10.6508","10.7036","10.7425","10.6378","","-0.41%"
"03/28/2024","10.6943","10.6096","10.7154","10.6020","","0.81%"
"03/27/2024","10.6081","10.5915","10.6414","10.5714","","0.17%"
"03/26/2024","10.5898","10.5786","10.6022","10.5329","","0.16%"
"03/25/2024","10.5724","10.5680","10.5995","10.5390","","0.13%"
"03/22/2024","10.5584","10.4670","10.5803","10.4417","","0.90%"
"03/21/2024","10.4639","10.4036","10.4761","10.3500","","0.79%"
"03/20/2024","10.3814","10.4345","10.5009","10.3811","","-0.53%"
"03/19/2024","10.4366","10.4317","10.5101","10.4159","","0.12%"
"03/18/2024","10.4246","10.3646","10.4531","10.3413","","0.70%"
"03/15/2024","10.3521","10.3340","10.3833","10.3207","","0.16%"
"03/14/2024","10.3356","10.2268","10.3469","10.2110","","1.07%"
"03/13/2024","10.2265","10.2379","10.2673","10.2058","","-0.15%"
"03/12/2024","10.2415","10.2431","10.2760","10.1733","","0.08%"
"03/11/2024","10.2332","10.2139","10.2577","10.1951","","0.30%"
"03/08/2024","10.2029","10.2257","10.2472","10.1432","","-0.06%"
"03/07/2024","10.2087","10.2972","10.3135","10.2135","","-0.76%"
"03/06/2024","10.2868","10.3792","10.4000","10.2652","","-0.82%"
"03/05/2024","10.3722","10.3718","10.4066","10.3502","","0.01%"
"03/04/2024","10.3710","10.3177","10.3821","10.2938","","0.66%"
"03/01/2024","10.3033","10.3748","10.3875","10.3057","","-0.61%"
"02/29/2024","10.3668","10.3356","10.3837","10.3040","","0.30%"
"02/28/2024","10.3362","10.3035","10.3783","10.2925","","0.31%"
"02/27/2024","10.3041","10.2932","10.3261","10.2619","","0.26%"
"02/26/2024","10.2775","10.3390","10.3470","10.2740","","-0.32%"
"02/23/2024","10.3104","10.3303","10.3560","10.2886","","-0.06%"
"02/22/2024","10.3164","10.3687","10.3751","10.2484","","-0.42%"
"02/21/2024","10.3597","10.3660","10.3967","10.3406","","-0.07%"
"02/20/2024","10.3666","10.4324","10.4391","10.3339","","-0.57%"
"02/19/2024","10.4263","10.4421","10.4665","10.3805","","0.03%"
"02/16/2024","10.4228","10.4623","10.5140","10.4161","","-0.26%"
"02/15/2024","10.4496","10.5352","10.5486","10.4172","","-0.75%"
"02/14/2024","10.5288","10.5640","10.5970","10.5122","","-0.50%"
"02/13/2024","10.5815","10.4033","10.6013","10.3905","","1.77%"
"02/12/2024","10.3972","10.4618","10.4758","10.3958","","-0.44%"
"02/09/2024","10.4428","10.4795","10.4921","10.4319","","-0.31%"
"02/08/2024","10.4757","10.4652","10.5042","10.4450","","0.04%"
"02/07/2024","10.4716","10.4932","10.5212","10.4340","","-0.26%"
"02/06/2024","10.4985","10.6015","10.6330","10.5000","","-0.91%"
"02/05/2024","10.5949","10.4843","10.6305","10.4780","","1.13%"
"02/02/2024","10.4761","10.3791","10.5183","10.3428","","0.92%"
"02/01/2024","10.3808","10.3903","10.4874","10.3758","","-0.07%"
"01/31/2024","10.3877","10.4199","10.4397","10.3122","","-0.12%"
"01/30/2024","10.4007","10.4466","10.4618","10.3922","","-0.29%"
"01/29/2024","10.4311","10.4414","10.5054","10.4331","","0.04%"
"01/26/2024","10.4273","10.4518","10.4750","10.3870","","-0.15%"
"01/25/2024","10.4432","10.4361","10.4668","10.3997","","0.13%"
"01/24/2024","10.4300","10.4909","10.5115","10.3669","","-0.48%"
"01/23/2024","10.4799","10.4695","10.5154","10.4089","","0.24%"
"01/22/2024","10.4545","10.4626","10.4871","10.4169","","-0.09%"
"01/19/2024","10.4637","10.4874","10.5103","10.4464","","-0.20%"
"01/18/2024","10.4842","10.4460","10.5175","10.4176","","0.42%"
"01/17/2024","10.4405","10.4361","10.5161","10.4172","","0.04%"
"01/16/2024","10.4364","10.3210","10.4508","10.3084","","1.16%"
"01/15/2024","10.3164","10.2799","10.3425","10.2519","","0.53%"
"01/12/2024","10.2621","10.2651","10.3070","10.2267","","0.07%"
"01/11/2024","10.2548","10.2263","10.3121","10.1799","","0.29%"
"01/10/2024","10.2252","10.2620","10.2804","10.2172","","-0.21%"
"01/09/2024","10.2468","10.2314","10.2788","10.2028","","0.16%"
"01/08/2024","10.2300","10.2568","10.3113","10.2104","","-0.21%"
"01/05/2024","10.2519","10.2172","10.3512","10.1599","","0.39%"
"01/04/2024","10.2123","10.2969","10.3048","10.2022","","-0.67%"
"01/03/2024","10.2817","10.2102","10.3278","10.1747","","0.62%"
"01/02/2024","10.2180","10.0738","10.2299","10.0485","","1.64%"
"01/01/2024","10.0531","10.0668","10.0826","10.0583","","-0.14%"
"12/29/2023","10.0670","9.9906","10.0989","9.9621","","0.79%"
"12/28/2023","9.9876","9.9387","10.0024","9.9098","","0.48%"
"12/27/2023","9.9395","9.9979","10.0248","9.9061","","-0.56%"
"12/26/2023","9.9953","10.0214","10.0752","9.9786","","-0.23%"
"12/25/2023","10.0179","10.0187","10.0478","10.0047","","0.32%"
"12/22/2023","9.9855","10.0938","10.1210","9.9680","","-1.00%"
"12/21/2023","10.0865","10.1760","10.1900","10.0598","","-0.81%"
"12/20/2023","10.1684","10.1585","10.1999","10.1327","","0.13%"
"12/19/2023","10.1556","10.2099","10.2408","10.1482","","-0.45%"
"12/18/2023","10.2012","10.2704","10.3465","10.1794","","-0.55%"
"12/15/2023","10.2578","10.2471","10.3250","10.2043","","0.24%"
"12/14/2023","10.2330","10.3271","10.3468","10.1935","","-0.81%"
"12/13/2023","10.3166","10.4553","10.4763","10.2875","","-1.09%"
"12/12/2023","10.4305","10.4877","10.5138","10.4159","","-0.53%"
"12/11/2023","10.4864","10.4572","10.5198","10.4487","","0.30%"
"12/08/2023","10.4553","10.3897","10.5197","10.3675","","0.70%"
"12/07/2023","10.3828","10.4743","10.4898","10.3704","","-0.88%"
"12/06/2023","10.4753","10.4899","10.5072","10.4257","","-0.08%"
"12/05/2023","10.4836","10.4351","10.5049","10.4155","","0.54%"
"12/04/2023","10.4277","10.3930","10.4717","10.3622","","0.58%"
"12/01/2023","10.3674","10.4956","10.5225","10.3562","","-1.26%"
"11/30/2023","10.4994","10.3636","10.5412","10.3378","","1.32%"
"11/29/2023","10.3624","10.3204","10.3967","10.2732","","0.44%"
"11/28/2023","10.3173","10.4250","10.4480","10.3119","","-1.03%"
"11/27/2023","10.4252","10.4466","10.4869","10.4043","","-0.14%"
"11/24/2023","10.4393","10.4859","10.5110","10.4275","","-0.29%"
"11/23/2023","10.4699","10.4681","10.5186","10.3991","","-0.01%"
"11/22/2023","10.4709","10.4671","10.5486","10.4334","","0.06%"
"11/21/2023","10.4651","10.4502","10.4826","10.3750","","0.20%"
"11/20/2023","10.4439","10.5330","10.5550","10.4364","","-0.52%"
"11/17/2023","10.4988","10.5989","10.6178","10.5079","","-0.87%"
"11/16/2023","10.5905","10.5506","10.6215","10.5219","","0.41%"
"11/15/2023","10.5471","10.5908","10.6160","10.5148","","-0.41%"
"11/14/2023","10.5908","10.8429","10.8951","10.5739","","-2.28%"
"11/13/2023","10.8374","10.9019","10.9211","10.8292","","-0.49%"
"11/10/2023","10.8913","10.9252","10.9488","10.8720","","-0.29%"
"11/09/2023","10.9234","10.8992","10.9304","10.8288","","0.30%"
"11/08/2023","10.8906","10.9200","10.9805","10.8779","","-0.18%"
"11/07/2023","10.9102","10.9089","10.9647","10.8736","","-0.02%"
"11/06/2023","10.9127","10.9084","10.9323","10.8387","","0.29%"
"11/03/2023","10.8814","11.1241","11.1382","10.8689","","-2.02%"
"11/02/2023","11.1063","11.1833","11.1960","11.0665","","-0.61%"
"11/01/2023","11.1744","11.1756","11.2494","11.1505","","0.05%"
"10/31/2023","11.1683","11.1448","11.1944","11.0844","","0.27%"
"10/30/2023","11.1378","11.1603","11.1859","11.1164","","-0.09%"
"10/27/2023","11.1478","11.1543","11.2274","11.1178","","-0.07%"
"10/26/2023","11.1554","11.1450","11.2139","11.1358","","0.07%"
"10/25/2023","11.1471","11.1046","11.1766","11.0875","","0.29%"
"10/24/2023","11.1153","10.9704","11.1256","10.9137","","1.35%"
"10/23/2023","10.9670","10.9761","11.0665","10.9545","","0.14%"
"10/20/2023","10.9512","10.9605","11.0180","10.9417","","-0.07%"
"10/19/2023","10.9594","11.0353","11.0627","10.8953","","-0.53%"
"10/18/2023","11.0175","10.9185","11.0399","10.8968","","1.04%"
"10/17/2023","10.9044","10.9175","10.9756","10.8872","","-0.13%"
"10/16/2023","10.9181","11.0330","11.0521","10.9114","","-0.85%"
"10/13/2023","11.0121","11.0002","11.0644","10.9079","","0.13%"
"10/12/2023","10.9975","10.9047","11.0072","10.8600","","0.98%"
"10/11/2023","10.8909","10.8996","10.9501","10.8543","","0.23%"
"10/10/2023","10.8656","10.9663","10.9879","10.8476","","-0.85%"
"10/09/2023","10.9587","10.9759","11.0555","10.9517","","0.13%"
"10/06/2023","10.9444","11.0014","11.0924","10.9247","","-0.51%"
"10/05/2023","11.0000","11.0654","11.0885","10.9979","","-0.57%"
"10/04/2023","11.0626","11.0864","11.1209","10.9924","","-0.21%"
"10/03/2023","11.0864","11.0568","11.1405","11.0278","","0.42%"
"10/02/2023","11.0400","10.9201","11.0648","10.8903","","1.10%"
"09/29/2023","10.9197","10.9359","10.9495","10.8175","","0.04%"
"09/28/2023","10.9151","11.0572","11.0791","10.9045","","-1.34%"
"09/27/2023","11.0631","10.9914","11.0845","10.9416","","0.64%"
"09/26/2023","10.9930","11.0469","11.1033","10.9537","","-0.52%"
"09/25/2023","11.0506","11.1372","11.1533","11.0115","","-0.76%"
"09/22/2023","11.1356","11.1712","11.2066","11.0995","","-0.30%"
"09/21/2023","11.1688","11.1443","11.2780","11.0393","","0.26%"
"09/20/2023","11.1395","11.1662","11.1794","11.0275","","-0.25%"
"09/19/2023","11.1678","11.1556","11.1724","11.0854","","0.25%"
"09/18/2023","11.1399","11.1765","11.2500","11.1381","","-0.42%"
"09/15/2023","11.1873","11.1755","11.2007","11.1255","","0.15%"
"09/14/2023","11.1704","11.1357","11.2082","11.0962","","0.33%"
"09/13/2023","11.1334","11.0804","11.1671","11.0668","","0.59%"
"09/12/2023","11.0686","11.0779","11.1354","11.0635","","-0.02%"
"09/11/2023","11.0705","11.1060","11.1274","11.0496","","-0.42%"
"09/08/2023","11.1175","11.1420","11.1573","11.0604","","-0.20%"
"09/07/2023","11.1397","11.1137","11.1681","11.0785","","0.32%"
"09/06/2023","11.1037","11.0847","11.1419","11.0572","","0.10%"
"09/05/2023","11.0921","10.9921","11.1339","10.9579","","0.91%"
"09/04/2023","10.9918","11.0488","11.0683","10.9879","","-0.36%"
"09/01/2023","11.0315","10.9551","11.0660","10.8931","","0.76%"
"08/31/2023","10.9484","10.8430","10.9663","10.8135","","1.03%"
"08/30/2023","10.8368","10.8720","10.9113","10.7797","","-0.28%"
"08/29/2023","10.8672","11.0078","11.0309","10.8467","","-1.01%"
"08/28/2023","10.9780","11.0611","11.0854","10.9740","","-0.69%"
"08/25/2023","11.0547","11.0056","11.0998","10.9636","","0.60%"
"08/24/2023","10.9892","10.9022","11.0253","10.8962","","0.80%"
"08/23/2023","10.9018","10.9306","11.0346","10.8996","","-0.25%"
"08/22/2023","10.9293","10.9616","10.9773","10.8792","","-0.16%"
"08/21/2023","10.9467","10.9459","10.9996","10.9007","","-0.12%"
"08/18/2023","10.9604","10.9304","11.0047","10.8950","","0.34%"
"08/17/2023","10.9236","10.9011","10.9573","10.8540","","0.26%"
"08/16/2023","10.8958","10.8471","10.9481","10.8235","","0.40%"
"08/15/2023","10.8523","10.7908","10.8821","10.7611","","0.77%"
"08/14/2023","10.7689","10.7880","10.8881","10.7690","","-0.51%"
"08/11/2023","10.8246","10.7026","10.8505","10.6778","","1.22%"
"08/10/2023","10.6945","10.6761","10.7187","10.5414","","0.27%"
"08/09/2023","10.6654","10.7122","10.7585","10.6415","","-0.37%"
"08/08/2023","10.7055","10.5737","10.7552","10.5646","","1.25%"
"08/07/2023","10.5738","10.5827","10.6552","10.5559","","-0.03%"
"08/04/2023","10.5766","10.7037","10.7222","10.5352","","-1.14%"
"08/03/2023","10.6988","10.7146","10.7567","10.6691","","-0.03%"
"08/02/2023","10.7024","10.6012","10.7540","10.5375","","0.94%"
"08/01/2023","10.6026","10.5240","10.6435","10.5077","","0.81%"
"07/31/2023","10.5178","10.5268","10.5653","10.4626","","-0.21%"
"07/28/2023","10.5402","10.5183","10.5904","10.4719","","0.28%"
"07/27/2023","10.5107","10.4055","10.5336","10.2989","","1.14%"
"07/26/2023","10.3921","10.3764","10.4651","10.3386","","0.23%"
"07/25/2023","10.3683","10.4096","10.4522","10.3489","","-0.38%"
"07/24/2023","10.4077","10.4107","10.4377","10.3652","","0.20%"
"07/21/2023","10.3865","10.3500","10.4178","10.3258","","0.43%"
"07/20/2023","10.3417","10.2704","10.3716","10.2163","","0.76%"
"07/19/2023","10.2632","10.2189","10.2976","10.1900","","0.56%"
"07/18/2023","10.2061","10.2599","10.2748","10.1701","","-0.40%"
"07/17/2023","10.2468","10.2430","10.2887","10.1742","","0.16%"
"07/14/2023","10.2300","10.1983","10.2778","10.1709","","0.37%"
"07/13/2023","10.1924","10.3827","10.3977","10.1870","","-1.82%"
"07/12/2023","10.3809","10.6659","10.6828","10.3714","","-2.63%"
"07/11/2023","10.6608","10.7556","10.7705","10.6544","","-0.81%"
"07/10/2023","10.7481","10.8530","10.8768","10.7502","","-0.66%"
"07/07/2023","10.8193","10.9358","10.9684","10.8130","","-0.95%"
"07/06/2023","10.9232","10.9388","10.9922","10.9171","","-0.13%"
"07/05/2023","10.9373","10.8169","10.9515","10.8076","","1.16%"
"07/04/2023","10.8117","10.8447","10.8620","10.8016","","-0.18%"
"07/03/2023","10.8312","10.7965","10.8750","10.7674","","0.49%"
"06/30/2023","10.7780","10.8745","10.9098","10.7711","","-0.79%"
"06/29/2023","10.8638","10.7874","10.9104","10.7271","","0.76%"
"06/28/2023","10.7822","10.7185","10.8265","10.7071","","0.60%"
"06/27/2023","10.7174","10.7235","10.7547","10.6698","","-0.11%"
"06/26/2023","10.7295","10.7293","10.7550","10.6939","","0.12%"
"06/23/2023","10.7162","10.7044","10.8084","10.6820","","0.24%"
"06/22/2023","10.6905","10.6618","10.7144","10.6207","","0.42%"
"06/21/2023","10.6458","10.7813","10.8235","10.6376","","-1.30%"
"06/20/2023","10.7865","10.7205","10.8475","10.7016","","0.67%"
"06/19/2023","10.7150","10.6518","10.7502","10.6161","","0.73%"
"06/16/2023","10.6371","10.6131","10.6660","10.5596","","0.37%"
"06/15/2023","10.5974","10.7166","10.7711","10.5878","","-1.12%"
"06/14/2023","10.7173","10.6856","10.7944","10.6449","","0.37%"
"06/13/2023","10.6783","10.8264","10.8385","10.6713","","-1.24%"
"06/12/2023","10.8120","10.8309","10.8567","10.7402","","0.01%"
"06/09/2023","10.8107","10.7972","10.8608","10.7800","","0.16%"
"06/08/2023","10.7937","10.8972","10.9113","10.7885","","-0.86%"
"06/07/2023","10.8872","10.9183","10.9469","10.8154","","-0.28%"
"06/06/2023","10.9181","10.8682","10.9320","10.8138","","0.69%"
"06/05/2023","10.8432","10.7976","10.9216","10.7875","","0.51%"
"06/02/2023","10.7884","10.8119","10.8263","10.6837","","-0.13%"
"06/01/2023","10.8021","10.8566","10.9104","10.8043","","-0.44%"
"05/31/2023","10.8493","10.8776","10.9586","10.8428","","-0.24%"
"05/30/2023","10.8749","10.7937","10.8942","10.7926","","0.64%"
"05/29/2023","10.8055","10.8137","10.8449","10.7806","","0.17%"
"05/26/2023","10.7872","10.8269","10.8362","10.7042","","-0.34%"
"05/25/2023","10.8240","10.7217","10.8404","10.7043","","0.92%"
"05/24/2023","10.7257","10.6208","10.7325","10.5984","","1.05%"
"05/23/2023","10.6145","10.5377","10.6444","10.5276","","0.56%"
"05/22/2023","10.5557","10.5233","10.5780","10.4957","","0.37%"
"05/19/2023","10.5170","10.5618","10.5846","10.4990","","-0.32%"
"05/18/2023","10.5512","10.4442","10.6000","10.4300","","1.01%"
"05/17/2023","10.4458","10.3822","10.4910","10.3750","","0.73%"
"05/16/2023","10.3698","10.3524","10.4265","10.3173","","0.21%"
"05/15/2023","10.3480","10.3906","10.4111","10.3387","","-0.25%"
"05/12/2023","10.3739","10.3379","10.4010","10.2903","","0.40%"
"05/11/2023","10.3324","10.2170","10.3496","10.1982","","1.22%"
"05/10/2023","10.2080","10.2115","10.2544","10.1628","","0.03%"
"05/09/2023","10.2047","10.1754","10.2192","10.1464","","0.47%"
"05/08/2023","10.1571","10.1646","10.1986","10.1325","","0.14%"
"05/05/2023","10.1433","10.2520","10.2738","10.1469","","-0.97%"
"05/04/2023","10.2431","10.2497","10.2928","10.2186","","-0.14%"
"05/03/2023","10.2576","10.2993","10.3198","10.1996","","-0.39%"
"05/02/2023","10.2977","10.3177","10.3472","10.2655","","-0.04%"
"05/01/2023","10.3018","10.2639","10.3394","10.2387","","0.50%"
"04/28/2023","10.2505","10.2928","10.3537","10.2392","","-0.34%"
"04/27/2023","10.2857","10.3268","10.3550","10.2866","","-0.36%"
"04/26/2023","10.3233","10.3231","10.3551","10.2339","","0.20%"
"04/25/2023","10.3028","10.2448","10.3312","10.2250","","0.64%"
"04/24/2023","10.2371","10.2952","10.3333","10.2395","","-0.49%"
"04/21/2023","10.2880","10.3176","10.3601","10.2892","","-0.17%"
"04/20/2023","10.3054","10.3516","10.3708","10.2949","","-0.42%"
"04/19/2023","10.3487","10.3142","10.3765","10.2908","","0.34%"
"04/18/2023","10.3135","10.3588","10.3679","10.2745","","-0.33%"
"04/17/2023","10.3475","10.3101","10.3769","10.2815","","0.17%"
"04/14/2023","10.3298","10.2718","10.3580","10.2329","","0.65%"
"04/13/2023","10.2632","10.3496","10.3644","10.2492","","-0.84%"
"04/12/2023","10.3505","10.4546","10.4698","10.2965","","-1.03%"
"04/11/2023","10.4583","10.5016","10.5278","10.4314","","-0.60%"
"04/10/2023","10.5212","10.4733","10.5638","10.4467","","0.62%"
"04/07/2023","10.4560","10.4339","10.4921","10.4080","","0.32%"
"04/06/2023","10.4224","10.3997","10.4726","10.3604","","0.30%"
"04/05/2023","10.3912","10.2878","10.4269","10.2567","","1.14%"
"04/04/2023","10.2740","10.3715","10.4000","10.2594","","-0.87%"
"04/03/2023","10.3643","10.4001","10.4439","10.3537","","-0.11%"
"03/31/2023","10.3761","10.3543","10.4089","10.3312","","0.21%"
"03/30/2023","10.3541","10.3952","10.4529","10.3349","","-0.35%"
"03/29/2023","10.3902","10.3538","10.4336","10.3405","","0.37%"
"03/28/2023","10.3516","10.3794","10.3907","10.3074","","-0.22%"
"03/27/2023","10.3742","10.4293","10.4494","10.3691","","-0.25%"
"03/24/2023","10.4006","10.3337","10.4754","10.3022","","0.73%"
"03/23/2023","10.3248","10.3111","10.3484","10.2160","","0.17%"
"03/22/2023","10.3068","10.3407","10.3720","10.2120","","-0.26%"
"03/21/2023","10.3338","10.3721","10.4107","10.2792","","-0.32%"
"03/20/2023","10.3670","10.5042","10.5501","10.3603","","-1.27%"
"03/17/2023","10.5006","10.5138","10.5534","10.4405","","-0.04%"
"03/16/2023","10.5049","10.5936","10.6210","10.4959","","-0.74%"
"03/15/2023","10.5835","10.4733","10.6578","10.3938","","1.08%"
"03/14/2023","10.4703","10.5965","10.6642","10.4537","","-1.14%"
"03/13/2023","10.5914","10.6971","10.7591","10.5715","","-0.99%"
"03/10/2023","10.6973","10.7497","10.7801","10.6085","","-0.32%"
"03/09/2023","10.7312","10.7337","10.7531","10.6737","","0.04%"
"03/08/2023","10.7274","10.7341","10.7639","10.6530","","0.03%"
"03/07/2023","10.7242","10.4547","10.7457","10.4179","","2.65%"
"03/06/2023","10.4478","10.4832","10.5086","10.4369","","-0.01%"
"03/03/2023","10.4485","10.5105","10.5330","10.4507","","-0.56%"
"03/02/2023","10.5073","10.4500","10.5361","10.4262","","0.74%"
"03/01/2023","10.4300","10.4700","10.4876","10.3743","","-0.31%"
"02/28/2023","10.4629","10.4013","10.4795","10.3715","","0.68%"
"02/27/2023","10.3921","10.4979","10.5231","10.3820","","-0.99%"
"02/24/2023","10.4965","10.4349","10.5219","10.3858","","0.61%"
"02/23/2023","10.4326","10.4251","10.4701","10.3794","","0.11%"
"02/22/2023","10.4215","10.3816","10.4382","10.3237","","0.38%"
"02/21/2023","10.3819","10.3443","10.4000","10.2882","","0.41%"
"02/20/2023","10.3390","10.4865","10.4915","10.3240","","-1.13%"
"02/17/2023","10.4573","10.4509","10.5605","10.4349","","0.22%"
"02/16/2023","10.4344","10.4213","10.4967","10.3712","","0.20%"
"02/15/2023","10.4135","10.3602","10.4698","10.3455","","0.60%"
"02/14/2023","10.3516","10.3760","10.4130","10.2461","","-0.21%"
"02/13/2023","10.3733","10.4508","10.4954","10.3693","","-0.76%"
"02/10/2023","10.4524","10.3476","10.4845","10.3027","","1.06%"
"02/09/2023","10.3427","10.5835","10.6203","10.2938","","-2.31%"
"02/08/2023","10.5869","10.5781","10.6184","10.4952","","0.17%"
"02/07/2023","10.5689","10.6279","10.6739","10.5323","","-0.52%"
"02/06/2023","10.6244","10.5321","10.6601","10.5139","","0.84%"
"02/03/2023","10.5358","10.3698","10.5576","10.3486","","1.68%"
"02/02/2023","10.3616","10.3474","10.4227","10.2858","","0.18%"
"02/01/2023","10.3429","10.4643","10.4736","10.3193","","-1.10%"
"01/31/2023","10.4580","10.3976","10.5241","10.3805","","0.64%"
"01/30/2023","10.3918","10.3404","10.4092","10.2824","","0.83%"
"01/27/2023","10.3058","10.2669","10.3539","10.2552","","0.39%"
"01/26/2023","10.2661","10.2038","10.3292","10.1843","","0.62%"
"01/25/2023","10.2031","10.1971","10.2831","10.1748","","-0.03%"
"01/24/2023","10.2060","10.2379","10.2757","10.1809","","-0.29%"
"01/23/2023","10.2360","10.3254","10.3275","10.2052","","-0.56%"
"01/20/2023","10.2937","10.3162","10.3588","10.2746","","-0.14%"
"01/19/2023","10.3085","10.3350","10.3812","10.2502","","-0.24%"
"01/18/2023","10.3337","10.4564","10.4594","10.2395","","-0.80%"
"01/17/2023","10.4167","10.4425","10.4574","10.3688","","0.12%"
"01/16/2023","10.4040","10.4020","10.4509","10.3299","","0.02%"
"01/13/2023","10.4020","10.4017","10.4660","10.3642","","-0.04%"
"01/12/2023","10.4059","10.4707","10.5287","10.3672","","-0.55%"
"01/11/2023","10.4638","10.4138","10.5136","10.3913","","0.51%"
"01/10/2023","10.4109","10.3989","10.4552","10.3681","","0.09%"
"01/09/2023","10.4017","10.5361","10.5462","10.3546","","-1.01%"
"01/06/2023","10.5080","10.6911","10.7500","10.5053","","-1.61%"
"01/05/2023","10.6804","10.5111","10.7027","10.4811","","1.70%"
"01/04/2023","10.5019","10.5683","10.5833","10.4766","","-0.58%"
"01/03/2023","10.5632","10.4622","10.5861","10.4361","","0.99%"
"01/02/2023","10.4597","10.4232","10.4856","10.4041","","0.50%"
"12/30/2022","10.4078","10.4616","10.4923","10.3714","","-0.45%"
"12/29/2022","10.4548","10.4815","10.4963","10.4225","","-0.23%"
"12/28/2022","10.4788","10.4693","10.4937","10.3653","","0.10%"
"12/27/2022","10.4683","10.4952","10.5174","10.4153","","-0.18%"
"12/26/2022","10.4871","10.5244","10.5486","10.4708","","-0.42%"
"12/23/2022","10.5309","10.4727","10.5424","10.4241","","0.60%"
"12/22/2022","10.4683","10.4313","10.4955","10.3367","","0.44%"
"12/21/2022","10.4224","10.4225","10.4488","10.3799","","0.05%"
"12/20/2022","10.4172","10.3933","10.4553","10.3495","","0.43%"
"12/19/2022","10.3731","10.3999","10.4321","10.3017","","-0.35%"
"12/16/2022","10.4100","10.3438","10.4181","10.2902","","0.64%"
"12/15/2022","10.3442","10.1650","10.3898","10.1488","","1.88%"
"12/14/2022","10.1531","10.2206","10.2551","10.1490","","-0.65%"
"12/13/2022","10.2191","10.3302","10.3531","10.1702","","-1.09%"
"12/12/2022","10.3318","10.3340","10.3787","10.2915","","-0.01%"
"12/09/2022","10.3332","10.3290","10.4023","10.2748","","0.12%"
"12/08/2022","10.3203","10.3865","10.4183","10.3160","","-0.65%"
"12/07/2022","10.3875","10.4177","10.4448","10.3222","","-0.17%"
"12/06/2022","10.4054","10.4050","10.4434","10.3366","","0.11%"
"12/05/2022","10.3943","10.3393","10.4304","10.2590","","0.71%"
"12/02/2022","10.3215","10.3049","10.4672","10.2831","","0.29%"
"12/01/2022","10.2912","10.4999","10.5258","10.2923","","-1.90%"
"11/30/2022","10.4905","10.5769","10.6739","10.4685","","-0.79%"
"11/29/2022","10.5736","10.5577","10.5968","10.4778","","0.19%"
"11/28/2022","10.5539","10.4210","10.5644","10.3684","","1.37%"
"11/25/2022","10.4112","10.4031","10.4684","10.3795","","0.19%"
"11/24/2022","10.3910","10.4578","10.4857","10.3773","","-0.62%"
"11/23/2022","10.4563","10.6494","10.6607","10.4461","","-1.72%"
"11/22/2022","10.6394","10.7073","10.7241","10.6340","","-0.68%"
"11/21/2022","10.7126","10.6690","10.7490","10.6234","","0.77%"
"11/18/2022","10.6307","10.6130","10.6542","10.5592","","0.22%"
"11/17/2022","10.6069","10.4798","10.6726","10.4480","","1.26%"
"11/16/2022","10.4753","10.4619","10.5333","10.3996","","-0.01%"
"11/15/2022","10.4760","10.4796","10.5604","10.3034","","0.01%"
"11/14/2022","10.4750","10.3667","10.5029","10.3531","","1.03%"
"11/11/2022","10.3678","10.5828","10.6461","10.3402","","-1.96%"
"11/10/2022","10.5750","10.8885","10.9543","10.5670","","-2.81%"
"11/09/2022","10.8804","10.7461","10.9094","10.7166","","1.37%"
"11/08/2022","10.7337","10.8415","10.8971","10.7145","","-0.90%"
"11/07/2022","10.8316","10.9510","10.9802","10.8091","","-0.58%"
"11/04/2022","10.8952","11.1828","11.2175","10.8835","","-2.41%"
"11/03/2022","11.1648","11.1103","11.2422","11.0722","","0.63%"
"11/02/2022","11.0951","11.0175","11.1234","10.9057","","0.78%"
"11/01/2022","11.0096","11.0340","11.0778","10.9148","","-0.12%"
"10/31/2022","11.0227","11.0036","11.0676","10.9403","","0.76%"
"10/28/2022","10.9395","10.9676","11.0346","10.9229","","-0.18%"
"10/27/2022","10.9590","10.8618","10.9837","10.8315","","1.05%"
"10/26/2022","10.8456","10.9742","11.0004","10.8433","","-1.06%"
"10/25/2022","10.9619","11.1580","11.1812","10.9545","","-1.69%"
"10/24/2022","11.1508","11.1784","11.2962","11.1178","","-0.32%"
"10/21/2022","11.1866","11.2615","11.4306","11.1718","","-0.55%"
"10/20/2022","11.2483","11.2214","11.2851","11.1585","","0.36%"
"10/19/2022","11.2076","11.0914","11.2516","11.0607","","1.20%"
"10/18/2022","11.0750","11.1509","11.1763","11.0401","","-0.51%"
"10/17/2022","11.1322","11.3258","11.3389","11.1325","","-1.48%"
"10/14/2022","11.2994","11.2547","11.3579","11.1957","","0.41%"
"10/13/2022","11.2532","11.3482","11.4805","11.1944","","-0.72%"
"10/12/2022","11.3353","11.3572","11.3996","11.3030","","-0.20%"
"10/11/2022","11.3577","11.3124","11.3815","11.2462","","0.50%"
"10/10/2022","11.3011","11.2047","11.3399","11.1948","","0.88%"
"10/07/2022","11.2024","11.1410","11.2509","11.0772","","0.75%"
"10/06/2022","11.1186","10.9731","11.1693","10.9009","","1.41%"
"10/05/2022","10.9642","10.8458","11.0369","10.8188","","1.20%"
"10/04/2022","10.8343","11.0065","11.0749","10.8300","","-1.54%"
"10/03/2022","11.0034","11.1121","11.1824","10.9783","","-0.57%"
"09/30/2022","11.0660","11.1542","11.2097","11.0703","","-0.76%"
"09/29/2022","11.1508","11.2204","11.3775","11.1452","","-0.34%"
"09/28/2022","11.1894","11.3645","11.4974","11.1530","","-1.48%"
"09/27/2022","11.3573","11.3489","11.4220","11.2226","","0.09%"
"09/26/2022","11.3474","11.3114","11.4777","11.2316","","0.45%"
"09/23/2022","11.2966","11.0740","11.3306","11.0502","","2.09%"
"09/22/2022","11.0650","11.0633","11.1418","10.9696","","0.02%"
"09/21/2022","11.0627","10.8979","11.1094","10.8778","","1.55%"
"09/20/2022","10.8937","10.7744","10.9207","10.6696","","1.22%"
"09/19/2022","10.7623","10.7540","10.8361","10.7216","","0.27%"
"09/16/2022","10.7337","10.7350","10.8226","10.7120","","0.13%"
"09/15/2022","10.7200","10.6855","10.7499","10.6643","","0.31%"
"09/14/2022","10.6873","10.6967","10.7249","10.6194","","-0.01%"
"09/13/2022","10.6882","10.4876","10.7087","10.4128","","1.91%"
"09/12/2022","10.4874","10.6048","10.6107","10.4373","","-1.34%"
"09/09/2022","10.6301","10.7010","10.7202","10.5179","","-0.69%"
"09/08/2022","10.7038","10.7063","10.7941","10.6682","","0.18%"
"09/07/2022","10.6844","10.7943","10.8464","10.6797","","-0.97%"
"09/06/2022","10.7886","10.8105","10.8588","10.7134","","-0.03%"
"09/05/2022","10.7918","10.7851","10.8884","10.7746","","0.26%"
"09/02/2022","10.7633","10.8044","10.8129","10.6896","","-0.32%"
"09/01/2022","10.7974","10.6569","10.8393","10.6458","","1.36%"
"08/31/2022","10.6528","10.6792","10.7170","10.6139","","-0.14%"
"08/30/2022","10.6676","10.6692","10.7130","10.5975","","-0.03%"
"08/29/2022","10.6704","10.6464","10.7450","10.6107","","0.15%"
"08/26/2022","10.6545","10.5902","10.6827","10.4762","","0.65%"
"08/25/2022","10.5862","10.6137","10.6309","10.5227","","-0.19%"
"08/24/2022","10.6066","10.6257","10.6834","10.5786","","-0.17%"
"08/23/2022","10.6242","10.7097","10.7645","10.5641","","-0.70%"
"08/22/2022","10.6989","10.5539","10.7498","10.5646","","1.04%"
"08/19/2022","10.5883","10.5012","10.6047","10.4919","","0.86%"
"08/18/2022","10.4977","10.3843","10.5245","10.3685","","1.24%"
"08/17/2022","10.3695","10.3437","10.4155","10.3128","","0.35%"
"08/16/2022","10.3332","10.3442","10.4072","10.3219","","0.02%"
"08/15/2022","10.3310","10.2028","10.3549","10.1784","","1.45%"
"08/12/2022","10.1833","10.0627","10.2211","10.0448","","1.31%"
"08/11/2022","10.0516","10.0575","10.0864","9.9993","","-0.03%"
"08/10/2022","10.0544","10.1679","10.1893","10.0030","","-1.05%"
"08/09/2022","10.1610","10.1545","10.1814","10.1265","","0.23%"
"08/08/2022","10.1377","10.1930","10.2291","10.1276","","-0.58%"
"08/05/2022","10.1970","10.1213","10.2376","10.0971","","0.84%"
"08/04/2022","10.1117","10.2142","10.2290","10.1032","","-0.99%"
"08/03/2022","10.2127","10.2502","10.2715","10.1835","","-0.28%"
"08/02/2022","10.2416","10.1030","10.2565","10.0849","","1.46%"
"08/01/2022","10.0946","10.1776","10.2067","10.0746","","-0.43%"
"07/29/2022","10.1386","10.2138","10.2443","10.1276","","-0.60%"
"07/28/2022","10.1995","10.2254","10.3303","10.1910","","-0.07%"
"07/27/2022","10.2070","10.3239","10.3589","10.1870","","-1.11%"
"07/26/2022","10.3220","10.1949","10.3407","10.1562","","1.27%"
"07/25/2022","10.1924","10.2199","10.2602","10.1364","","-0.12%"
"07/22/2022","10.2043","10.1913","10.2846","10.1715","","0.22%"
"07/21/2022","10.1823","10.2486","10.2821","10.1482","","-0.57%"
"07/20/2022","10.2411","10.2518","10.2908","10.1862","","0.11%"
"07/19/2022","10.2301","10.3978","10.4253","10.1924","","-1.63%"
"07/18/2022","10.4001","10.4909","10.5045","10.3099","","-0.72%"
"07/15/2022","10.4751","10.5830","10.6089","10.4647","","-0.88%"
"07/14/2022","10.5679","10.5515","10.6658","10.5270","","0.14%"
"07/13/2022","10.5527","10.5757","10.6248","10.4733","","-0.10%"
"07/12/2022","10.5637","10.6379","10.6894","10.5333","","-0.64%"
"07/11/2022","10.6317","10.5238","10.6499","10.4710","","1.17%"
"07/08/2022","10.5083","10.5278","10.6235","10.4836","","-0.10%"
"07/07/2022","10.5191","10.5360","10.5705","10.4892","","-0.13%"
"07/06/2022","10.5327","10.5013","10.5812","10.4662","","0.28%"
"07/05/2022","10.5030","10.3425","10.5476","10.3013","","1.61%"
"07/04/2022","10.3369","10.3085","10.3660","10.2773","","0.39%"
"07/01/2022","10.2972","10.2235","10.3770","10.2101","","0.77%"
"06/30/2022","10.2189","10.2411","10.3464","10.1958","","-0.07%"
"06/29/2022","10.2261","10.1627","10.2496","10.1371","","0.73%"
"06/28/2022","10.1517","10.0870","10.1618","10.0375","","0.82%"
"06/27/2022","10.0692","10.0935","10.1466","10.0468","","-0.62%"
"06/24/2022","10.1325","10.1845","10.1979","10.1027","","-0.37%"
"06/23/2022","10.1702","10.0860","10.2124","10.0706","","0.75%"
"06/22/2022","10.0944","10.0996","10.1940","10.0447","","-0.06%"
"06/21/2022","10.1004","10.1178","10.1385","10.0365","","-0.05%"
"06/20/2022","10.1052","10.1891","10.2059","10.0954","","-0.67%"
"06/17/2022","10.1736","10.1176","10.2452","10.1121","","0.49%"
"06/16/2022","10.1238","10.1812","10.3098","10.1009","","-0.53%"
"06/15/2022","10.1776","10.2070","10.3082","10.0991","","-0.14%"
"06/14/2022","10.1918","10.1926","10.2278","10.1091","","-0.01%"
"06/13/2022","10.1925","9.9997","10.2131","9.9940","","1.75%"
"06/10/2022","10.0174","9.9185","10.0438","9.8814","","0.98%"
"06/09/2022","9.9198","9.8154","9.9302","9.7584","","1.01%"
"06/08/2022","9.8204","9.7951","9.8391","9.7610","","0.44%"
"06/07/2022","9.7771","9.7842","9.8624","9.7680","","-0.12%"
"06/06/2022","9.7884","9.7618","9.8057","9.7210","","0.23%"
"06/03/2022","9.7656","9.7188","9.7827","9.6745","","0.80%"
"06/02/2022","9.6884","9.8453","9.8665","9.6886","","-1.61%"
"06/01/2022","9.8472","9.7625","9.8758","9.7479","","1.02%"
"05/31/2022","9.7477","9.7562","9.8480","9.7430","","0.07%"
"05/30/2022","9.7404","9.8289","9.8467","9.7336","","-0.64%"
"05/27/2022","9.8028","9.8609","9.8814","9.7975","","-0.43%"
"05/26/2022","9.8452","9.8456","9.9234","9.8280","","-0.05%"
"05/25/2022","9.8505","9.7585","9.9104","9.7477","","1.03%"
"05/24/2022","9.7496","9.8091","9.8564","9.7513","","-0.53%"
"05/23/2022","9.8015","9.9555","9.9837","9.7992","","-1.28%"
"05/20/2022","9.9285","9.9231","9.9885","9.8899","","0.15%"
"05/19/2022","9.9136","10.0362","10.0769","9.8822","","-1.29%"
"05/18/2022","10.0431","9.9247","10.0713","9.9036","","1.22%"
"05/17/2022","9.9222","10.0602","10.0870","9.8755","","-1.30%"
"05/16/2022","10.0524","10.0661","10.1049","10.0374","","-0.06%"
"05/13/2022","10.0580","10.1436","10.1702","10.0470","","-0.86%"
"05/12/2022","10.1454","10.0746","10.1944","10.0528","","0.80%"
"05/11/2022","10.0652","10.0818","10.0978","9.9356","","0.06%"
"05/10/2022","10.0595","10.0880","10.1180","9.9991","","-0.21%"
"05/09/2022","10.0808","9.9281","10.1278","9.9140","","1.37%"
"05/06/2022","9.9447","9.9498","10.0227","9.8659","","0.04%"
"05/05/2022","9.9406","9.7539","9.9959","9.7186","","2.07%"
"05/04/2022","9.7386","9.8565","9.9046","9.7281","","-1.24%"
"05/03/2022","9.8606","9.8986","9.9310","9.8293","","-0.52%"
"05/02/2022","9.9125","9.8018","9.9404","9.7872","","0.95%"
"04/29/2022","9.8196","9.8738","9.8986","9.7351","","-0.57%"
"04/28/2022","9.8754","9.8364","9.9091","9.7060","","0.34%"
"04/27/2022","9.8420","9.8358","9.8835","9.7867","","0.05%"
"04/26/2022","9.8373","9.7091","9.8532","9.6867","","1.34%"
"04/25/2022","9.7070","9.5143","9.7474","9.5040","","1.92%"
"04/22/2022","9.5245","9.5230","9.5716","9.4596","","0.12%"
"04/21/2022","9.5134","9.4391","9.5358","9.3686","","0.81%"
"04/20/2022","9.4366","9.5362","9.5545","9.4211","","-1.03%"
"04/19/2022","9.5352","9.5984","9.6227","9.5313","","-0.64%"
"04/18/2022","9.5967","9.5570","9.6169","9.5491","","0.51%"
"04/15/2022","9.5479","9.5217","9.5927","9.5053","","0.31%"
"04/14/2022","9.5182","9.4743","9.5770","9.4120","","0.49%"
"04/13/2022","9.4714","9.5179","9.5666","9.4660","","-0.37%"
"04/12/2022","9.5061","9.5017","9.5407","9.4501","","0.07%"
"04/11/2022","9.4996","9.4038","9.5122","9.3852","","0.61%"
"04/08/2022","9.4416","9.4628","9.4971","9.4291","","-0.20%"
"04/07/2022","9.4602","9.4851","9.5055","9.4233","","-0.23%"
"04/06/2022","9.4820","9.4361","9.5095","9.3907","","0.59%"
"04/05/2022","9.4261","9.4212","9.4399","9.3475","","0.11%"
"04/04/2022","9.4155","9.3722","9.4504","9.3516","","0.50%"
"04/01/2022","9.3683","9.3965","9.4118","9.3375","","-0.25%"
"03/31/2022","9.3915","9.2561","9.4076","9.2287","","1.59%"
"03/30/2022","9.2448","9.3263","9.3418","9.2405","","-0.79%"
"03/29/2022","9.3187","9.4983","9.5166","9.2562","","-1.78%"
"03/28/2022","9.4880","9.4212","9.5564","9.3989","","0.76%"
"03/25/2022","9.4169","9.4068","9.4337","9.3718","","0.05%"
"03/24/2022","9.4125","9.4443","9.4822","9.3772","","-0.25%"
"03/23/2022","9.4358","9.4385","9.4932","9.4160","","-0.01%"
"03/22/2022","9.4370","9.4950","9.5370","9.3939","","-0.55%"
"03/21/2022","9.4896","9.4213","9.5049","9.4019","","0.75%"
"03/18/2022","9.4194","9.4165","9.4827","9.3908","","0.05%"
"03/17/2022","9.4146","9.4096","9.4739","9.3658","","0.10%"
"03/16/2022","9.4051","9.6221","9.6468","9.3975","","-2.07%"
"03/15/2022","9.6043","9.6104","9.6510","9.5507","","-0.10%"
"03/14/2022","9.6137","9.7633","9.8075","9.5389","","-1.26%"
"03/11/2022","9.7365","9.6927","9.7780","9.6080","","0.53%"
"03/10/2022","9.6849","9.6848","9.7753","9.6172","","0.13%"
"03/09/2022","9.6726","9.9215","9.9549","9.6503","","-2.67%"
"03/08/2022","9.9377","10.0018","10.0396","9.8504","","-0.55%"
"03/07/2022","9.9924","9.8487","10.0706","9.8259","","1.30%"
"03/04/2022","9.8646","9.7353","9.9635","9.7221","","1.34%"
"03/03/2022","9.7338","9.6782","9.7941","9.6499","","0.59%"
"03/02/2022","9.6765","9.6425","9.7679","9.6122","","0.51%"
"03/01/2022","9.6277","9.4931","9.6757","9.4421","","1.51%"
"02/28/2022","9.4849","9.4678","9.6343","9.4287","","1.04%"
"02/25/2022","9.3873","9.4942","9.5403","9.3840","","-1.04%"
"02/24/2022","9.4858","9.3878","9.6448","9.3732","","1.06%"
"02/23/2022","9.3863","9.3452","9.4125","9.2988","","0.61%"
"02/22/2022","9.3296","9.4464","9.4759","9.3012","","-1.27%"
"02/21/2022","9.4497","9.3932","9.4611","9.3112","","0.57%"
"02/18/2022","9.3959","9.3349","9.4167","9.2770","","0.56%"
"02/17/2022","9.3435","9.2745","9.3773","9.2644","","0.77%"
"02/16/2022","9.2719","9.2841","9.3167","9.2455","","-0.13%"
"02/15/2022","9.2840","9.3936","9.4075","9.2578","","-0.99%"
"02/14/2022","9.3771","9.3254","9.4510","9.2865","","0.53%"
"02/11/2022","9.3273","9.2981","9.3623","9.2391","","0.40%"
"02/10/2022","9.2904","9.1214","9.3307","9.0801","","1.95%"
"02/09/2022","9.1123","9.1414","9.1597","9.0763","","-0.29%"
"02/08/2022","9.1391","9.1295","9.1796","9.1129","","0.21%"
"02/07/2022","9.1199","9.1376","9.1760","9.1157","","-0.36%"
"02/04/2022","9.1532","9.0967","9.1729","9.0616","","0.74%"
"02/03/2022","9.0863","9.1977","9.2274","9.0619","","-1.21%"
"02/02/2022","9.1979","9.2660","9.2734","9.1670","","-0.64%"
"02/01/2022","9.2575","9.3194","9.3532","9.2471","","-0.65%"
"01/31/2022","9.3182","9.4333","9.4485","9.3023","","-1.20%"
"01/28/2022","9.4317","9.3925","9.4810","9.3653","","0.56%"
"01/27/2022","9.3791","9.3104","9.4167","9.2972","","0.97%"
"01/26/2022","9.2890","9.2583","9.3475","9.2324","","0.28%"
"01/25/2022","9.2628","9.2501","9.3216","9.2412","","0.04%"
"01/24/2022","9.2593","9.1939","9.3382","9.1755","","0.77%"
"01/21/2022","9.1890","9.2293","9.2502","9.1520","","-0.37%"
"01/20/2022","9.2234","9.1138","9.2444","9.0831","","1.22%"
"01/19/2022","9.1118","9.1311","9.1574","9.0895","","-0.26%"
"01/18/2022","9.1357","9.0164","9.1562","8.9997","","1.43%"
"01/17/2022","9.0068","9.0209","9.0441","8.9875","","-0.10%"
"01/14/2022","9.0158","8.9373","9.0376","8.9070","","0.92%"
"01/13/2022","8.9335","8.9422","8.9614","8.8975","","-0.10%"
"01/12/2022","8.9425","9.0387","9.0584","8.9295","","-0.94%"
"01/11/2022","9.0272","9.1086","9.1222","9.0294","","-0.76%"
"01/10/2022","9.0967","9.0531","9.1502","9.0456","","0.60%"
"01/07/2022","9.0428","9.1529","9.1651","9.0428","","-1.05%"
"01/06/2022","9.1390","9.0961","9.1670","9.0901","","0.38%"
"01/05/2022","9.1041","9.0966","9.1305","9.0414","","0.19%"
"01/04/2022","9.0871","9.1084","9.1303","9.0654","","-0.18%"
"01/03/2022","9.1033","9.0542","9.1308","9.0273","","0.71%"
"12/31/2021","9.0392","9.0531","9.0798","9.0237","","0.24%"
"12/30/2021","9.0179","9.0329","9.0746","9.0159","","-0.11%"
"12/29/2021","9.0274","9.0528","9.0899","9.0169","","-0.21%"
"12/28/2021","9.0464","9.0982","9.1281","9.0396","","-0.51%"
"12/27/2021","9.0925","9.1172","9.1474","9.0892","","-0.11%"
"12/24/2021","9.1024","9.0864","9.1502","9.0546","","0.26%"
"12/23/2021","9.0790","9.0845","9.1416","9.0637","","0.06%"
"12/22/2021","9.0740","9.1323","9.1695","9.0702","","-0.61%"
"12/21/2021","9.1293","9.1413","9.1689","9.1105","","-0.04%"
"12/20/2021","9.1326","9.1370","9.1709","9.1110","","0.06%"
"12/17/2021","9.1268","9.0374","9.1559","9.0168","","0.99%"
"12/16/2021","9.0371","9.0803","9.1017","9.0036","","-0.44%"
"12/15/2021","9.0767","9.1420","9.1737","9.0693","","-0.68%"
"12/14/2021","9.1392","9.0953","9.1496","9.0653","","0.58%"
"12/13/2021","9.0864","9.0559","9.1108","9.0427","","0.44%"
"12/10/2021","9.0463","9.0661","9.1189","9.0306","","-0.07%"
"12/09/2021","9.0527","9.0356","9.0974","9.0287","","0.15%"
"12/08/2021","9.0391","9.1051","9.1403","9.0187","","-0.68%"
"12/07/2021","9.1009","9.0971","9.1411","9.0499","","0.08%"
"12/06/2021","9.0932","9.1429","9.1742","9.0714","","-0.47%"
"12/03/2021","9.1364","9.0449","9.1812","9.0374","","0.99%"
"12/02/2021","9.0464","9.0793","9.1043","9.0255","","-0.36%"
"12/01/2021","9.0795","9.0225","9.0955","8.9937","","0.66%"
"11/30/2021","9.0200","9.0732","9.1118","9.0039","","-0.43%"
"11/29/2021","9.0594","9.1594","9.1729","9.0598","","-0.85%"
"11/26/2021","9.1368","9.0874","9.1869","9.0647","","0.57%"
"11/25/2021","9.0851","9.1323","9.1413","9.0568","","-0.31%"
"11/24/2021","9.1132","9.0416","9.1483","9.0278","","0.78%"
"11/23/2021","9.0424","8.9912","9.0549","8.9713","","0.52%"
"11/22/2021","8.9953","8.9354","9.0157","8.9246","","0.48%"
"11/19/2021","8.9523","8.8666","8.9763","8.8544","","0.98%"
"11/18/2021","8.8652","8.8643","8.9031","8.8403","","0.06%"
"11/17/2021","8.8603","8.8912","8.9399","8.8378","","-0.33%"
"11/16/2021","8.8895","8.7937","8.9012","8.7790","","1.03%"
"11/15/2021","8.7985","8.7552","8.8092","8.7312","","0.52%"
"11/12/2021","8.7533","8.7051","8.7721","8.6893","","0.66%"
"11/11/2021","8.6959","8.6988","8.7350","8.6840","","-0.04%"
"11/10/2021","8.6992","8.5767","8.7147","8.5655","","1.47%"
"11/09/2021","8.5735","8.5753","8.5962","8.5378","","0.03%"
"11/08/2021","8.5713","8.5840","8.6263","8.5472","","0.05%"
"11/05/2021","8.5673","8.5930","8.6131","8.5587","","-0.25%"
"11/04/2021","8.5889","8.5392","8.6046","8.5197","","0.61%"
"11/03/2021","8.5368","8.5766","8.6012","8.5207","","-0.44%"
"11/02/2021","8.5741","8.5204","8.5887","8.5055","","0.67%"
"11/01/2021","8.5171","8.5959","8.6158","8.5095","","-0.83%"
"10/29/2021","8.5887","8.5172","8.6083","8.5054","","0.95%"
"10/28/2021","8.5082","8.5838","8.6064","8.5109","","-0.89%"
"10/27/2021","8.5845","8.6151","8.6437","8.5534","","-0.26%"
"10/26/2021","8.6068","8.6064","8.6303","8.5878","","0.02%"
"10/25/2021","8.6049","8.5790","8.6283","8.5569","","0.50%"
"10/22/2021","8.5625","8.6040","8.6225","8.5589","","-0.47%"
"10/21/2021","8.6029","8.5909","8.6158","8.5725","","0.27%"
"10/20/2021","8.5796","8.6218","8.6449","8.5806","","-0.47%"
"10/19/2021","8.6203","8.6550","8.6703","8.5871","","-0.31%"
"10/18/2021","8.6471","8.6070","8.6731","8.5965","","0.51%"
"10/15/2021","8.6030","8.6353","8.6538","8.6029","","-0.36%"
"10/14/2021","8.6345","8.6955","8.7075","8.5995","","-0.64%"
"10/13/2021","8.6897","8.7875","8.7958","8.6832","","-1.02%"
"10/12/2021","8.7790","8.7702","8.7944","8.7403","","0.10%"
"10/11/2021","8.7701","8.7357","8.7782","8.7154","","0.43%"
"10/08/2021","8.7323","8.7799","8.8131","8.7088","","-0.53%"
"10/07/2021","8.7784","8.8011","8.8190","8.7654","","-0.24%"
"10/06/2021","8.7996","8.7414","8.8282","8.7320","","0.82%"
"10/05/2021","8.7283","8.7277","8.7609","8.7100","","0.23%"
"10/04/2021","8.7080","8.7585","8.7655","8.6991","","-0.45%"
"10/01/2021","8.7475","8.7600","8.7897","8.7352","","-0.13%"
"09/30/2021","8.7585","8.8059","8.8172","8.7371","","-0.55%"
"09/29/2021","8.8067","8.7368","8.8143","8.7198","","0.84%"
"09/28/2021","8.7334","8.7128","8.7514","8.6933","","0.29%"
"09/27/2021","8.7079","8.6529","8.7175","8.6263","","0.71%"
"09/24/2021","8.6462","8.6309","8.6697","8.6187","","0.34%"
"09/23/2021","8.6171","8.6948","8.7065","8.6163","","-0.87%"
"09/22/2021","8.6925","8.6810","8.7068","8.6383","","0.08%"
"09/21/2021","8.6854","8.6769","8.6962","8.6521","","0.09%"
"09/20/2021","8.6775","8.6743","8.7472","8.6614","","-0.01%"
"09/17/2021","8.6787","8.6249","8.6934","8.6018","","0.67%"
"09/16/2021","8.6210","8.5813","8.6551","8.5641","","0.60%"
"09/15/2021","8.5694","8.6015","8.6195","8.5665","","-0.40%"
"09/14/2021","8.6038","8.6091","8.6208","8.5529","","-0.04%"
"09/13/2021","8.6076","8.6300","8.6604","8.5962","","-0.27%"
"09/10/2021","8.6310","8.6089","8.6432","8.5907","","0.28%"
"09/09/2021","8.6070","8.6261","8.6475","8.5854","","-0.24%"
"09/08/2021","8.6273","8.5872","8.6356","8.5761","","0.52%"
"09/07/2021","8.5827","8.5664","8.6019","8.5407","","0.21%"
"09/06/2021","8.5649","8.5506","8.5811","8.5313","","0.29%"
"09/03/2021","8.5398","8.5707","8.6072","8.5320","","-0.22%"
"09/02/2021","8.5587","8.6118","8.6260","8.5631","","-0.47%"
"09/01/2021","8.5990","8.6250","8.6499","8.5914","","-0.29%"
"08/31/2021","8.6237","8.6252","8.6539","8.5788","","-0.02%"
"08/30/2021","8.6251","8.6444","8.6627","8.6143","","-0.14%"
"08/27/2021","8.6376","8.7172","8.7310","8.6310","","-0.76%"
"08/26/2021","8.7040","8.6825","8.7317","8.6732","","0.27%"
"08/25/2021","8.6809","8.7076","8.7229","8.6758","","-0.15%"
"08/24/2021","8.6940","8.7185","8.7324","8.6742","","-0.26%"
"08/23/2021","8.7170","8.8088","8.8275","8.6988","","-1.04%"
"08/20/2021","8.8089","8.7924","8.8549","8.7874","","0.16%"
"08/19/2021","8.7950","8.7479","8.8119","8.7193","","0.77%"
"08/18/2021","8.7281","8.7592","8.7728","8.6963","","-0.32%"
"08/17/2021","8.7564","8.6540","8.7742","8.6444","","1.19%"
"08/16/2021","8.6530","8.6454","8.6721","8.6211","","0.05%"
"08/13/2021","8.6487","8.6904","8.7090","8.6238","","-0.41%"
"08/12/2021","8.6840","8.6859","8.7022","8.6592","","0.11%"
"08/11/2021","8.6747","8.7186","8.7400","8.6749","","-0.47%"
"08/10/2021","8.7153","8.7133","8.7276","8.6902","","0.04%"
"08/09/2021","8.7118","8.6588","8.7216","8.6481","","0.55%"
"08/06/2021","8.6640","8.6131","8.6761","8.6033","","0.62%"
"08/05/2021","8.6103","8.6024","8.6351","8.5972","","0.01%"
"08/04/2021","8.6095","8.6002","8.6208","8.5650","","0.13%"
"08/03/2021","8.5979","8.5938","8.6185","8.5706","","0.01%"
"08/02/2021","8.5967","8.5984","8.6270","8.5622","","0.14%"
"07/30/2021","8.5847","8.5565","8.6205","8.5367","","0.57%"
"07/29/2021","8.5363","8.5983","8.6242","8.5396","","-0.74%"
"07/28/2021","8.6000","8.6309","8.6629","8.5830","","-0.32%"
"07/27/2021","8.6276","8.6370","8.6625","8.5958","","0.04%"
"07/26/2021","8.6242","8.6857","8.7157","8.6175","","-0.73%"
"07/23/2021","8.6879","8.6798","8.7056","8.6642","","0.12%"
"07/22/2021","8.6771","8.6904","8.7104","8.6439","","-0.12%"
"07/21/2021","8.6876","8.7022","8.7348","8.6781","","0.00%"
"07/20/2021","8.6878","8.6902","8.7349","8.6713","","0.02%"
"07/19/2021","8.6857","8.6698","8.7283","8.6609","","0.12%"
"07/16/2021","8.6755","8.6647","8.6920","8.6509","","0.18%"
"07/15/2021","8.6600","8.6160","8.6871","8.6106","","0.49%"
"07/14/2021","8.6180","8.6538","8.6739","8.6117","","-0.42%"
"07/13/2021","8.6545","8.5796","8.6654","8.5690","","0.79%"
"07/12/2021","8.5865","8.5656","8.6228","8.5528","","0.27%"
"07/09/2021","8.5638","8.5971","8.6243","8.5572","","-0.37%"
"07/08/2021","8.5953","8.6227","8.6447","8.5644","","-0.21%"
"07/07/2021","8.6137","8.6080","8.6465","8.5695","","0.21%"
"07/06/2021","8.5954","8.5531","8.6172","8.5192","","0.57%"
"07/05/2021","8.5464","8.5395","8.5716","8.5296","","0.06%"
"07/02/2021","8.5410","8.5762","8.6097","8.5326","","-0.36%"
"07/01/2021","8.5722","8.5568","8.5884","8.5428","","0.23%"
"06/30/2021","8.5522","8.5336","8.5930","8.4988","","0.29%"
"06/29/2021","8.5277","8.5127","8.5539","8.5057","","0.22%"
"06/28/2021","8.5088","8.4992","8.5490","8.4605","","0.37%"
"06/25/2021","8.4771","8.4730","8.5015","8.4415","","0.11%"
"06/24/2021","8.4677","8.5209","8.5349","8.4520","","-0.11%"
"06/23/2021","8.4771","8.4784","8.5265","8.4554","","0.02%"
"06/22/2021","8.4752","8.5422","8.5756","8.4669","","-0.63%"
"06/21/2021","8.5287","8.6113","8.6437","8.5218","","-0.88%"
"06/18/2021","8.6045","8.5573","8.6428","8.5141","","0.61%"
"06/17/2021","8.5520","8.4568","8.5640","8.4431","","1.16%"
"06/16/2021","8.4542","8.3221","8.4628","8.3172","","1.61%"
"06/15/2021","8.3205","8.3242","8.3508","8.2946","","-0.04%"
"06/14/2021","8.3239","8.3059","8.3432","8.3006","","0.12%"
"06/11/2021","8.3140","8.2499","8.3363","8.2349","","0.80%"
"06/10/2021","8.2484","8.2625","8.2915","8.2426","","-0.15%"
"06/09/2021","8.2611","8.2758","8.2845","8.2350","","-0.10%"
"06/08/2021","8.2694","8.2541","8.2888","8.2508","","0.08%"
"06/07/2021","8.2627","8.2878","8.3042","8.2562","","0.02%"
"06/04/2021","8.2613","8.3608","8.3730","8.2620","","-0.85%"
"06/03/2021","8.3318","8.2669","8.3438","8.2553","","0.81%"
"06/02/2021","8.2646","8.2752","8.3025","8.2528","","-0.04%"
"06/01/2021","8.2683","8.2975","8.3091","8.2468","","-0.33%"
"05/31/2021","8.2960","8.3241","8.3342","8.2815","","-0.09%"
"05/28/2021","8.3034","8.2751","8.3599","8.2684","","0.37%"
"05/27/2021","8.2727","8.3176","8.3424","8.2642","","-0.49%"
"05/26/2021","8.3131","8.2592","8.3233","8.2452","","0.66%"
"05/25/2021","8.2583","8.3161","8.3246","8.2488","","-0.64%"
"05/24/2021","8.3119","8.3251","8.3440","8.3001","","-0.10%"
"05/21/2021","8.3200","8.3046","8.3459","8.2699","","0.24%"
"05/20/2021","8.3000","8.3532","8.3740","8.2947","","-0.56%"
"05/19/2021","8.3471","8.2851","8.3730","8.2651","","0.82%"
"05/18/2021","8.2793","8.3432","8.3599","8.2729","","-0.59%"
"05/17/2021","8.3285","8.3581","8.3716","8.3181","","-0.07%"
"05/14/2021","8.3341","8.3994","8.4298","8.3217","","-0.78%"
"05/13/2021","8.3996","8.4286","8.4562","8.3891","","-0.29%"
"05/12/2021","8.4239","8.3219","8.4418","8.3056","","1.27%"
"05/11/2021","8.3185","8.3443","8.3706","8.2947","","-0.21%"
"05/10/2021","8.3356","8.3105","8.3658","8.2944","","0.35%"
"05/07/2021","8.3069","8.4171","8.4486","8.2989","","-1.38%"
"05/06/2021","8.4235","8.4852","8.5036","8.4213","","-0.65%"
"05/05/2021","8.4785","8.4835","8.5284","8.4663","","-0.03%"
"05/04/2021","8.4812","8.4263","8.5239","8.4060","","0.87%"
"05/03/2021","8.4083","8.4662","8.4820","8.4044","","-0.70%"
"04/30/2021","8.4672","8.3825","8.4793","8.3547","","1.16%"
"04/29/2021","8.3705","8.3397","8.4080","8.3162","","0.39%"
"04/28/2021","8.3377","8.3753","8.4058","8.3303","","-0.44%"
"04/27/2021","8.3743","8.4010","8.4254","8.3664","","-0.05%"
"04/26/2021","8.3783","8.3857","8.4230","8.3618","","0.01%"
"04/23/2021","8.3776","8.4325","8.4828","8.3759","","-0.58%"
"04/22/2021","8.4263","8.4121","8.4751","8.3848","","0.30%"
"04/21/2021","8.4015","8.4422","8.4795","8.4014","","-0.37%"
"04/20/2021","8.4325","8.3998","8.4452","8.3598","","0.41%"
"04/19/2021","8.3980","8.4423","8.4801","8.3768","","-0.35%"
"04/16/2021","8.4277","8.4465","8.4837","8.4160","","-0.26%"
"04/15/2021","8.4497","8.4679","8.5135","8.4363","","-0.18%"
"04/14/2021","8.4648","8.5119","8.5322","8.4507","","-0.53%"
"04/13/2021","8.5099","8.5712","8.5989","8.5081","","-0.59%"
"04/12/2021","8.5606","8.5447","8.5870","8.5311","","0.27%"
"04/09/2021","8.5376","8.5407","8.5793","8.5246","","0.03%"
"04/08/2021","8.5348","8.6292","8.6429","8.5290","","-1.08%"
"04/07/2021","8.6277","8.6170","8.6344","8.5917","","0.16%"
"04/06/2021","8.6135","8.7034","8.7218","8.6057","","-1.03%"
"04/05/2021","8.7031","8.7124","8.7602","8.6925","","-0.07%"
"04/02/2021","8.7089","8.7033","8.7394","8.6969","","-0.03%"
"04/01/2021","8.7115","8.7322","8.7633","8.7013","","-0.19%"
"03/31/2021","8.7282","8.7366","8.7594","8.7053","","-0.08%"
"03/30/2021","8.7350","8.6948","8.7653","8.6771","","0.51%"
"03/29/2021","8.6906","8.6404","8.7110","8.6274","","0.63%"
"03/26/2021","8.6359","8.6528","8.6821","8.6253","","-0.22%"
"03/25/2021","8.6548","8.6128","8.6760","8.5880","","0.58%"
"03/24/2021","8.6046","8.5849","8.6382","8.5763","","0.26%"
"03/23/2021","8.5824","8.4998","8.6035","8.4942","","0.87%"
"03/22/2021","8.5081","8.5523","8.5807","8.4987","","-0.36%"
"03/19/2021","8.5386","8.5240","8.5812","8.4868","","0.24%"
"03/18/2021","8.5184","8.4557","8.5395","8.4328","","0.76%"
"03/17/2021","8.4542","8.5094","8.5361","8.4453","","-0.49%"
"03/16/2021","8.4960","8.5168","8.5541","8.4794","","-0.19%"
"03/15/2021","8.5125","8.4926","8.5492","8.4676","","0.40%"
"03/12/2021","8.4783","8.4470","8.5272","8.4357","","0.38%"
"03/11/2021","8.4458","8.4808","8.5112","8.4346","","-0.38%"
"03/10/2021","8.4784","8.5004","8.5537","8.4719","","-0.09%"
"03/09/2021","8.4862","8.5816","8.5982","8.4900","","-1.14%"
"03/08/2021","8.5839","8.5384","8.5949","8.5079","","0.65%"
"03/05/2021","8.5285","8.4819","8.5692","8.4769","","0.44%"
"03/04/2021","8.4909","8.4187","8.5063","8.4065","","0.82%"
"03/03/2021","8.4217","8.3792","8.4279","8.3542","","0.52%"
"03/02/2021","8.3780","8.4276","8.4721","8.3719","","-0.54%"
"03/01/2021","8.4235","8.4393","8.4942","8.3969","","-0.13%"
"02/26/2021","8.4341","8.3075","8.4528","8.2710","","1.68%"
"02/25/2021","8.2950","8.2727","8.3080","8.2053","","0.25%"
"02/24/2021","8.2747","8.2824","8.3375","8.2613","","-0.05%"
"02/23/2021","8.2790","8.2678","8.3166","8.2536","","0.05%"
"02/22/2021","8.2746","8.2785","8.3107","8.2486","","-0.05%"
"02/19/2021","8.2786","8.3122","8.3396","8.2563","","-0.41%"
"02/18/2021","8.3129","8.3287","8.3517","8.2958","","-0.12%"
"02/17/2021","8.3231","8.2852","8.3523","8.2740","","0.38%"
"02/16/2021","8.2912","8.2818","8.3059","8.2532","","0.32%"
"02/15/2021","8.2647","8.3049","8.3157","8.2640","","-0.44%"
"02/12/2021","8.3009","8.3403","8.3547","8.2983","","-0.28%"
"02/11/2021","8.3238","8.3182","8.3505","8.2966","","0.04%"
"02/10/2021","8.3204","8.3212","8.3381","8.2777","","0.06%"
"02/09/2021","8.3157","8.3883","8.4007","8.3158","","-0.85%"
"02/08/2021","8.3870","8.3928","8.4188","8.3655","","0.35%"
"02/05/2021","8.3576","8.4627","8.4863","8.3632","","-1.24%"
"02/04/2021","8.4627","8.4055","8.4786","8.3907","","0.81%"
"02/03/2021","8.3948","8.3965","8.4402","8.3799","","-0.01%"
"02/02/2021","8.3955","8.4272","8.4515","8.3877","","-0.35%"
"02/01/2021","8.4253","8.3380","8.4436","8.3124","","0.79%"
"01/29/2021","8.3589","8.3350","8.3848","8.3014","","0.63%"
"01/28/2021","8.3062","8.3702","8.4020","8.3128","","-0.55%"
"01/27/2021","8.3523","8.3047","8.4022","8.2843","","0.64%"
"01/26/2021","8.2988","8.2823","8.3501","8.2707","","0.31%"
"01/25/2021","8.2730","8.2994","8.3447","8.2505","","-0.27%"
"01/22/2021","8.2958","8.2672","8.3142","8.2611","","0.32%"
"01/21/2021","8.2691","8.3576","8.3650","8.2622","","-0.83%"
"01/20/2021","8.3383","8.3429","8.3875","8.3154","","-0.07%"
"01/19/2021","8.3445","8.3866","8.4142","8.3125","","-0.31%"
"01/18/2021","8.3703","8.3855","8.4409","8.3625","","-0.23%"
"01/15/2021","8.3895","8.3096","8.4086","8.2803","","0.97%"
"01/14/2021","8.3092","8.3493","8.3716","8.2900","","-0.47%"
"01/13/2021","8.3486","8.2449","8.3690","8.2313","","1.28%"
"01/12/2021","8.2433","8.3063","8.3258","8.2380","","-0.74%"
"01/11/2021","8.3049","8.2442","8.3287","8.2240","","1.06%"
"01/08/2021","8.2180","8.1870","8.2591","8.1762","","0.57%"
"01/07/2021","8.1717","8.1686","8.2410","8.1506","","0.09%"
"01/06/2021","8.1645","8.1802","8.2184","8.1245","","-0.14%"
"01/05/2021","8.1758","8.2535","8.2717","8.1683","","-0.76%"
"01/04/2021","8.2387","8.2279","8.2660","8.1616","","0.38%"
"01/01/2021","8.2078","8.2130","8.2364","8.2112","","-0.09%"
"12/31/2020","8.2148","8.1978","8.2502","8.1484","","0.22%"
"12/30/2020","8.1964","8.2035","8.2209","8.1598","","0.03%"
"12/29/2020","8.1937","8.2926","8.3075","8.1777","","-0.77%"
"12/28/2020","8.2569","8.2657","8.3084","8.2159","","0.30%"
"12/25/2020","8.2318","8.2644","8.2876","8.2284","","-0.20%"
"12/24/2020","8.2479","8.2979","8.3267","8.2449","","-0.30%"
"12/23/2020","8.2725","8.3510","8.3645","8.2753","","-0.91%"
"12/22/2020","8.3487","8.2500","8.3653","8.2348","","1.38%"
"12/21/2020","8.2352","8.2696","8.4407","8.2378","","-0.19%"
"12/18/2020","8.2512","8.2724","8.3085","8.2419","","-0.18%"
"12/17/2020","8.2664","8.3548","8.3713","8.2426","","-1.04%"
"12/16/2020","8.3533","8.3824","8.4080","8.3266","","-0.18%"
"12/15/2020","8.3682","8.4104","8.4287","8.3638","","-0.38%"
"12/14/2020","8.4000","8.4397","8.4664","8.3634","","-0.67%"
"12/11/2020","8.4563","8.4389","8.5001","8.4185","","0.16%"
"12/10/2020","8.4428","8.4820","8.5072","8.4254","","-0.35%"
"12/09/2020","8.4721","8.4673","8.5140","8.4339","","-0.02%"
"12/08/2020","8.4735","8.3981","8.4947","8.3865","","0.92%"
"12/07/2020","8.3959","8.4559","8.5237","8.3526","","-0.60%"
"12/04/2020","8.4465","8.4482","8.4752","8.4112","","0.25%"
"12/03/2020","8.4256","8.4664","8.4998","8.4212","","-0.44%"
"12/02/2020","8.4632","8.4791","8.5496","8.4604","","-0.18%"
"12/01/2020","8.4787","8.5701","8.5940","8.4680","","-1.09%"
"11/30/2020","8.5725","8.4849","8.5893","8.4436","","0.95%"
"11/27/2020","8.4919","8.5266","8.5438","8.4767","","-0.31%"
"11/26/2020","8.5180","8.4977","8.5504","8.4835","","0.39%"
"11/25/2020","8.4846","8.5476","8.5803","8.4845","","-0.58%"
"11/24/2020","8.5337","8.6200","8.6574","8.5329","","-1.08%"
"11/23/2020","8.6273","8.6202","8.6721","8.5777","","0.10%"
"11/20/2020","8.6186","8.5977","8.6372","8.5815","","0.24%"
"11/19/2020","8.5977","8.6049","8.6591","8.5829","","0.00%"
"11/18/2020","8.5980","8.6339","8.6489","8.5776","","-0.18%"
"11/17/2020","8.6131","8.6180","8.6621","8.5873","","0.08%"
"11/16/2020","8.6063","8.6963","8.7154","8.6092","","-0.79%"
"11/13/2020","8.6747","8.6198","8.7158","8.6111","","0.39%"
"11/12/2020","8.6413","8.6330","8.6737","8.5957","","0.23%"
"11/11/2020","8.6211","8.6181","8.6824","8.5978","","0.12%"
"11/10/2020","8.6106","8.6310","8.6722","8.5956","","-0.20%"
"11/09/2020","8.6282","8.6408","8.6704","8.5544","","-0.13%"
"11/06/2020","8.6393","8.6947","8.7569","8.6240","","-0.65%"
"11/05/2020","8.6959","8.7798","8.8151","8.6642","","-0.93%"
"11/04/2020","8.7772","8.8541","8.9530","8.7686","","-0.50%"
"11/03/2020","8.8210","8.9070","8.9289","8.8192","","-0.92%"
"11/02/2020","8.9030","8.9089","8.9556","8.8745","","0.23%"
"10/30/2020","8.8823","8.9348","8.9557","8.8488","","-0.56%"
"10/29/2020","8.9324","8.8486","8.9497","8.8212","","1.20%"
"10/28/2020","8.8264","8.7204","8.8664","8.7135","","1.19%"
"10/27/2020","8.7226","8.7449","8.7664","8.6885","","-0.22%"
"10/26/2020","8.7418","8.7675","8.7925","8.7306","","-0.06%"
"10/23/2020","8.7472","8.7669","8.7967","8.7332","","-0.04%"
"10/22/2020","8.7509","8.7270","8.8020","8.7113","","0.29%"
"10/21/2020","8.7254","8.7478","8.7561","8.7012","","-0.19%"
"10/20/2020","8.7417","8.8273","8.8451","8.7357","","-0.92%"
"10/19/2020","8.8231","8.8421","8.9002","8.7811","","-0.28%"
"10/16/2020","8.8475","8.8728","8.9070","8.8117","","-0.17%"
"10/15/2020","8.8624","8.8225","8.8954","8.8077","","0.46%"
"10/14/2020","8.8218","8.8310","8.8472","8.7949","","-0.09%"
"10/13/2020","8.8295","8.8125","8.8512","8.7551","","0.47%"
"10/12/2020","8.7884","8.8188","8.8427","8.7749","","0.10%"
"10/09/2020","8.7792","8.8605","8.8900","8.7724","","-0.87%"
"10/08/2020","8.8565","8.8768","8.8986","8.8505","","-0.20%"
"10/07/2020","8.8743","8.9642","8.9907","8.8709","","-0.59%"
"10/06/2020","8.9271","8.9011","8.9756","8.8762","","0.29%"
"10/05/2020","8.9009","8.9323","8.9750","8.8787","","-0.43%"
"10/02/2020","8.9395","8.9113","8.9666","8.8853","","0.30%"
"10/01/2020","8.9129","8.9569","8.9973","8.8945","","-0.46%"
"09/30/2020","8.9544","8.9667","9.0390","8.9282","","-0.04%"
"09/29/2020","8.9580","9.0409","9.0688","8.9613","","-0.86%"
"09/28/2020","9.0355","9.1272","9.1567","9.0214","","-0.96%"
"09/25/2020","9.1229","9.1004","9.1662","9.0785","","0.44%"
"09/24/2020","9.0828","9.0045","9.1505","8.9924","","0.95%"
"09/23/2020","8.9971","8.9250","9.0317","8.9033","","1.00%"
"09/22/2020","8.9076","8.8467","8.9234","8.8363","","0.75%"
"09/21/2020","8.8414","8.7463","8.8897","8.7305","","1.08%"
"09/18/2020","8.7470","8.7734","8.8014","8.7417","","-0.20%"
"09/17/2020","8.7648","8.8097","8.8688","8.7647","","-0.34%"
"09/16/2020","8.7944","8.7923","8.8251","8.7634","","0.06%"
"09/15/2020","8.7894","8.7704","8.8007","8.7384","","0.32%"
"09/14/2020","8.7614","8.7798","8.8033","8.7430","","-0.08%"
"09/11/2020","8.7687","8.7759","8.8028","8.7289","","0.10%"
"09/10/2020","8.7598","8.7469","8.7845","8.6848","","0.20%"
"09/09/2020","8.7424","8.8327","8.8583","8.7369","","-1.01%"
"09/08/2020","8.8312","8.7700","8.8372","8.7582","","0.71%"
"09/07/2020","8.7691","8.7772","8.7991","8.7114","","0.51%"
"09/04/2020","8.7242","8.7373","8.7993","8.7156","","-0.12%"
"09/03/2020","8.7346","8.7139","8.7795","8.7009","","0.31%"
"09/02/2020","8.7075","8.6828","8.7439","8.6660","","0.27%"
"09/01/2020","8.6838","8.6466","8.7031","8.5942","","0.45%"
"08/31/2020","8.6449","8.6516","8.6767","8.6053","","0.19%"
"08/28/2020","8.6283","8.7243","8.7492","8.6085","","-1.01%"
"08/27/2020","8.7160","8.7224","8.7764","8.6606","","0.05%"
"08/26/2020","8.7115","8.7547","8.7981","8.7117","","-0.48%"
"08/25/2020","8.7532","8.7922","8.8084","8.7320","","-0.39%"
"08/24/2020","8.7877","8.7937","8.8119","8.7412","","-0.06%"
"08/21/2020","8.7928","8.7041","8.8184","8.6883","","1.04%"
"08/20/2020","8.7023","8.7053","8.7775","8.6740","","0.16%"
"08/19/2020","8.6887","8.6493","8.7225","8.6246","","0.48%"
"08/18/2020","8.6474","8.6910","8.7029","8.6106","","-0.47%"
"08/17/2020","8.6884","8.6912","8.7145","8.6627","","0.04%"
"08/14/2020","8.6847","8.6946","8.7320","8.6706","","0.01%"
"08/13/2020","8.6841","8.6932","8.7127","8.6491","","0.06%"
"08/12/2020","8.6788","8.7636","8.7962","8.6733","","-0.82%"
"08/11/2020","8.7505","8.7589","8.7773","8.7034","","0.01%"
"08/10/2020","8.7493","8.7426","8.7739","8.7123","","0.05%"
"08/07/2020","8.7452","8.6761","8.7771","8.6655","","0.70%"
"08/06/2020","8.6845","8.6681","8.7243","8.6252","","0.21%"
"08/05/2020","8.6666","8.7172","8.7382","8.6463","","-0.59%"
"08/04/2020","8.7179","8.7481","8.7867","8.7143","","-0.25%"
"08/03/2020","8.7394","8.7707","8.8134","8.7387","","-0.33%"
"07/31/2020","8.7680","8.7091","8.7972","8.6416","","0.90%"
"07/30/2020","8.6902","8.7156","8.7962","8.6907","","-0.27%"
"07/29/2020","8.7141","8.7638","8.7943","8.7076","","-0.63%"
"07/28/2020","8.7697","8.7308","8.7937","8.7099","","0.59%"
"07/27/2020","8.7183","8.8495","8.8593","8.7169","","-1.13%"
"07/24/2020","8.8181","8.8719","8.8885","8.7912","","-0.49%"
"07/23/2020","8.8614","8.8713","8.9160","8.8264","","0.07%"
"07/22/2020","8.8549","8.8776","8.9130","8.8330","","-0.24%"
"07/21/2020","8.8761","8.9893","9.0132","8.8577","","-0.83%"
"07/20/2020","8.9506","9.0666","9.0777","8.9601","","-0.92%"
"07/17/2020","9.0334","9.0918","9.1022","9.0068","","-0.60%"
"07/16/2020","9.0879","9.0702","9.1134","9.0317","","0.25%"
"07/15/2020","9.0655","9.1067","9.1226","9.0344","","-0.28%"
"07/14/2020","9.0911","9.1990","9.2130","9.0895","","-1.15%"
"07/13/2020","9.1970","9.1963","9.2277","9.1270","","0.17%"
"07/10/2020","9.1816","9.2309","9.2935","9.1679","","-0.56%"
"07/09/2020","9.2331","9.2038","9.2532","9.1453","","0.66%"
"07/08/2020","9.1726","9.2664","9.2763","9.1672","","-0.98%"
"07/07/2020","9.2630","9.2480","9.3128","9.2128","","0.23%"
"07/06/2020","9.2413","9.3352","9.3645","9.2369","","-0.69%"
"07/03/2020","9.3054","9.3182","9.3511","9.2975","","-0.03%"
"07/02/2020","9.3084","9.3068","9.3417","9.2364","","0.02%"
"07/01/2020","9.3064","9.3241","9.3787","9.2841","","-0.13%"
"06/30/2020","9.3188","9.3293","9.3891","9.2806","","-0.10%"
"06/29/2020","9.3280","9.3411","9.3694","9.2737","","-0.02%"
"06/26/2020","9.3297","9.3097","9.4119","9.2978","","0.16%"
"06/25/2020","9.3147","9.3547","9.4028","9.3080","","-0.35%"
"06/24/2020","9.3473","9.2806","9.3776","9.2496","","0.60%"
"06/23/2020","9.2914","9.3702","9.4249","9.2546","","-0.83%"
"06/22/2020","9.3687","9.4503","9.4796","9.3499","","-1.04%"
"06/19/2020","9.4673","9.4243","9.4983","9.3855","","0.47%"
"06/18/2020","9.4228","9.3240","9.4542","9.2919","","1.18%"
"06/17/2020","9.3130","9.3970","9.4184","9.3154","","-0.46%"
"06/16/2020","9.3557","9.2832","9.4142","9.2438","","0.80%"
"06/15/2020","9.2814","9.3154","9.4239","9.2685","","-0.38%"
"06/12/2020","9.3167","9.3162","9.3959","9.2328","","-0.01%"
"06/11/2020","9.3179","9.1733","9.3405","9.1582","","1.51%"
"06/10/2020","9.1796","9.1790","9.2538","9.1371","","0.09%"
"06/09/2020","9.1716","9.1994","9.2991","9.1559","","-0.35%"
"06/08/2020","9.2041","9.1696","9.2327","9.1480","","0.40%"
"06/05/2020","9.1673","9.1326","9.2285","9.0966","","-0.21%"
"06/04/2020","9.1862","9.2842","9.3507","9.1496","","-1.03%"
"06/03/2020","9.2820","9.3251","9.3601","9.2540","","-0.49%"
"06/02/2020","9.3277","9.3634","9.3907","9.3137","","-0.25%"
"06/01/2020","9.3514","9.4341","9.4585","9.3524","","-0.61%"
"05/29/2020","9.4085","9.5195","9.5347","9.3986","","-1.10%"
"05/28/2020","9.5128","9.6200","9.6576","9.4850","","-0.83%"
"05/27/2020","9.5923","9.6139","9.6851","9.5615","","-0.15%"
"05/26/2020","9.6063","9.6703","9.6868","9.5990","","-0.65%"
"05/25/2020","9.6688","9.6718","9.7076","9.6519","","0.29%"
"05/22/2020","9.6412","9.6187","9.7367","9.6092","","0.37%"
"05/21/2020","9.6059","9.5911","9.6388","9.5588","","0.27%"
"05/20/2020","9.5800","9.6767","9.7015","9.5663","","-1.07%"
"05/19/2020","9.6838","9.7021","9.7300","9.6327","","-0.09%"
"05/18/2020","9.6925","9.8378","9.8903","9.6898","","-1.76%"
"05/15/2020","9.8659","9.8042","9.8921","9.7867","","0.64%"
"05/14/2020","9.8028","9.8126","9.8964","9.7979","","-0.06%"
"05/13/2020","9.8082","9.7788","9.8281","9.7136","","0.48%"
"05/12/2020","9.7618","9.8773","9.9157","9.7087","","-1.13%"
"05/11/2020","9.8729","9.8211","9.8888","9.7479","","1.26%"
"05/08/2020","9.7502","9.8105","9.8428","9.7327","","-0.59%"
"05/07/2020","9.8080","9.8475","9.8660","9.8002","","-0.36%"
"05/06/2020","9.8433","9.8371","9.9040","9.7998","","0.06%"
"05/05/2020","9.8374","9.8527","9.9238","9.7980","","-0.14%"
"05/04/2020","9.8512","9.8116","9.9512","9.8005","","0.12%"
"05/01/2020","9.8391","9.7595","9.8715","9.7439","","0.85%"
"04/30/2020","9.7562","9.8476","9.8758","9.7433","","-0.76%"
"04/29/2020","9.8314","9.9001","9.9260","9.8359","","-0.53%"
"04/28/2020","9.8838","10.0281","10.0528","9.8555","","-1.19%"
"04/27/2020","10.0031","10.0366","10.1060","9.9809","","-0.13%"
"04/24/2020","10.0161","10.0742","10.1274","10.0242","","-0.48%"
"04/23/2020","10.0648","10.0955","10.1377","10.0144","","-0.23%"
"04/22/2020","10.0884","10.0999","10.1421","10.0381","","-0.06%"
"04/21/2020","10.0940","10.0222","10.1369","10.0051","","0.87%"
"04/20/2020","10.0073","9.9915","10.0452","9.9618","","0.28%"
"04/17/2020","9.9794","10.0338","10.0697","9.9689","","-0.46%"
"04/16/2020","10.0255","10.0324","10.0886","9.9780","","0.15%"
"04/15/2020","10.0106","9.9438","10.0690","9.8944","","0.68%"
"04/14/2020","9.9433","10.0153","10.0284","9.9113","","-0.51%"
"04/13/2020","9.9938","9.9395","10.0282","9.9088","","0.79%"
"04/10/2020","9.9159","9.9517","9.9836","9.9144","","-0.31%"
"04/09/2020","9.9468","10.0712","10.1117","9.9218","","-1.13%"
"04/08/2020","10.0609","10.0479","10.1266","10.0107","","0.11%"
"04/07/2020","10.0495","10.1280","10.1490","9.9492","","-0.70%"
"04/06/2020","10.1206","10.1771","10.2271","10.1029","","-0.25%"
"04/03/2020","10.1457","10.1017","10.2273","10.0789","","0.71%"
"04/02/2020","10.0744","10.0228","10.1824","9.9774","","0.92%"
"04/01/2020","9.9826","9.9096","10.0957","9.8786","","1.06%"
"03/31/2020","9.8780","10.0337","10.1383","9.8796","","-1.28%"
"03/30/2020","10.0059","9.9044","10.0801","9.8707","","1.08%"
"03/27/2020","9.8994","9.9698","10.0794","9.8375","","-0.68%"
"03/26/2020","9.9676","10.1343","10.1750","9.8902","","-1.07%"
"03/25/2020","10.0749","10.1377","10.2192","10.0359","","-0.35%"
"03/24/2020","10.1100","10.3699","10.4244","10.1107","","-1.99%"
"03/23/2020","10.3150","10.3700","10.4808","10.2069","","-0.64%"
"03/20/2020","10.3812","10.3961","10.4364","10.2113","","-0.07%"
"03/19/2020","10.3884","10.2608","10.4625","10.2028","","1.30%"
"03/18/2020","10.2554","9.8974","10.3731","9.8344","","3.65%"
"03/17/2020","9.8944","9.7848","10.0099","9.7245","","1.16%"
"03/16/2020","9.7811","9.7419","9.8797","9.5863","","0.75%"
"03/13/2020","9.7081","9.7347","9.8286","9.5999","","-0.27%"
"03/12/2020","9.7346","9.5173","9.8759","9.4992","","2.30%"
"03/11/2020","9.5158","9.5232","9.5376","9.4277","","-0.06%"
"03/10/2020","9.5211","9.4431","9.5475","9.4154","","0.88%"
"03/09/2020","9.4385","9.3849","9.4537","9.3066","","0.53%"
"03/06/2020","9.3886","9.4314","9.4713","9.3327","","-0.47%"
"03/05/2020","9.4329","9.4798","9.4913","9.4273","","-0.47%"
"03/04/2020","9.4777","9.4674","9.5283","9.4242","","0.12%"
"03/03/2020","9.4659","9.5373","9.5591","9.3598","","-0.72%"
"03/02/2020","9.5348","9.6307","9.6502","9.4883","","-0.64%"
"02/28/2020","9.5959","9.6588","9.7573","9.5944","","-0.65%"
"02/27/2020","9.6582","9.7349","9.7391","9.6261","","-0.79%"
"02/26/2020","9.7348","9.7132","9.7530","9.6997","","0.22%"
"02/25/2020","9.7133","9.7330","9.7595","9.7069","","-0.19%"
"02/24/2020","9.7319","9.7512","9.8032","9.7159","","0.19%"
"02/21/2020","9.7131","9.8128","9.8328","9.7050","","-1.00%"
"02/20/2020","9.8113","9.7829","9.8373","9.7678","","0.26%"
"02/19/2020","9.7854","9.7874","9.8154","9.7653","","-0.01%"
"02/18/2020","9.7868","9.6886","9.7880","9.6844","","1.01%"
"02/17/2020","9.6891","9.7210","9.7315","9.6866","","-0.34%"
"02/14/2020","9.7225","9.6727","9.7276","9.6702","","0.54%"
"02/13/2020","9.6705","9.6323","9.6903","9.6264","","0.42%"
"02/12/2020","9.6302","9.6367","9.6473","9.6120","","-0.06%"
"02/11/2020","9.6358","9.6609","9.6754","9.6254","","-0.22%"
"02/10/2020","9.6574","9.6600","9.6855","9.6320","","-0.01%"
"02/07/2020","9.6580","9.6217","9.6636","9.6069","","0.37%"
"02/06/2020","9.6221","9.5861","9.6461","9.5756","","0.40%"
"02/05/2020","9.5839","9.5890","9.6024","9.5502","","-0.05%"
"02/04/2020","9.5883","9.6495","9.6573","9.5849","","-0.62%"
"02/03/2020","9.6479","9.6260","9.6721","9.6140","","0.23%"
"01/31/2020","9.6261","9.6358","9.6852","9.6152","","-0.09%"
"01/30/2020","9.6352","9.6218","9.6623","9.6133","","0.18%"
"01/29/2020","9.6178","9.6103","9.6372","9.5971","","0.13%"
"01/28/2020","9.6057","9.6237","9.6440","9.6046","","-0.17%"
"01/27/2020","9.6221","9.5664","9.6363","9.5541","","0.58%"
"01/24/2020","9.5664","9.5333","9.5798","9.5260","","0.37%"
"01/23/2020","9.5312","9.5055","9.5571","9.4918","","0.35%"
"01/22/2020","9.4980","9.5254","9.5356","9.4962","","-0.30%"
"01/21/2020","9.5263","9.5183","9.5403","9.4891","","0.12%"
"01/20/2020","9.5145","9.5146","9.5364","9.5021","","-0.04%"
"01/17/2020","9.5180","9.4870","9.5254","9.4802","","0.32%"
"01/16/2020","9.4873","9.4651","9.4996","9.4508","","0.27%"
"01/15/2020","9.4616","9.4636","9.4875","9.4409","","-0.02%"
"01/14/2020","9.4632","9.4650","9.4799","9.4487","","0.00%"
"01/13/2020","9.4635","9.5006","9.5304","9.4572","","-0.37%"
"01/10/2020","9.4990","9.4883","9.5228","9.4786","","0.11%"
"01/09/2020","9.4886","9.4646","9.5021","9.4425","","0.31%"
"01/08/2020","9.4593","9.4551","9.4805","9.4227","","0.09%"
"01/07/2020","9.4506","9.4000","9.4711","9.3884","","0.54%"
"01/06/2020","9.3995","9.3925","9.4380","9.3875","","0.04%"
"01/03/2020","9.3961","9.3646","9.4605","9.3499","","0.37%"
"01/02/2020","9.3613","9.3637","9.3773","9.3195","","-0.02%"
"01/01/2020","9.3636","9.3679","9.3693","9.3593","","0.02%"
"12/31/2019","9.3620","9.3439","9.3757","9.2931","","0.16%"
"12/30/2019","9.3474","9.3306","9.3550","9.3025","","0.21%"
"12/27/2019","9.3277","9.4154","9.4183","9.3215","","-0.89%"
"12/26/2019","9.4116","9.4128","9.4465","9.3957","","0.30%"
"12/25/2019","9.3837","9.4179","9.4259","9.3759","","-0.34%"
"12/24/2019","9.4156","9.4334","9.4443","9.4047","","-0.16%"
"12/23/2019","9.4304","9.4031","9.4472","9.3951","","0.25%"
"12/20/2019","9.4067","9.4095","9.4269","9.3898","","-0.02%"
"12/19/2019","9.4086","9.4263","9.4431","9.3822","","-0.15%"
"12/18/2019","9.4225","9.3826","9.4302","9.3763","","0.45%"
"12/17/2019","9.3802","9.3622","9.4044","9.3562","","0.21%"
"12/16/2019","9.3610","9.3895","9.3930","9.3358","","-0.37%"
"12/13/2019","9.3955","9.3955","9.4142","9.3247","","0.05%"
"12/12/2019","9.3908","9.3945","9.4169","9.3729","","0.00%"
"12/11/2019","9.3906","9.4995","9.5021","9.3800","","-1.14%"
"12/10/2019","9.4987","9.5341","9.5468","9.4883","","-0.35%"
"12/09/2019","9.5323","9.4933","9.5398","9.4899","","0.38%"
"12/06/2019","9.4966","9.4880","9.5181","9.4658","","0.08%"
"12/05/2019","9.4892","9.5150","9.5270","9.4794","","-0.23%"
"12/04/2019","9.5113","9.5265","9.5582","9.4888","","-0.21%"
"12/03/2019","9.5314","9.5420","9.5529","9.4920","","-0.10%"
"12/02/2019","9.5405","9.5779","9.5897","9.5259","","-0.33%"
"11/29/2019","9.5717","9.5596","9.5819","9.5384","","0.12%"
"11/28/2019","9.5600","9.5805","9.5975","9.5513","","-0.20%"
"11/27/2019","9.5790","9.5899","9.6026","9.5681","","-0.10%"
"11/26/2019","9.5889","9.6373","9.6467","9.5810","","-0.54%"
"11/25/2019","9.6410","9.6271","9.6550","9.5643","","0.15%"
"11/22/2019","9.6261","9.6322","9.6406","9.5875","","0.00%"
"11/21/2019","9.6258","9.6340","9.6545","9.6010","","-0.07%"
"11/20/2019","9.6329","9.6324","9.7222","9.6189","","0.04%"
"11/19/2019","9.6293","9.6351","9.6569","9.6063","","-0.05%"
"11/18/2019","9.6341","9.6426","9.6505","9.6047","","-0.05%"
"11/15/2019","9.6390","9.6824","9.6861","9.6273","","-0.44%"
"11/14/2019","9.6812","9.7315","9.7571","9.6806","","-0.51%"
"11/13/2019","9.7305","9.7224","9.7661","9.7084","","0.11%"
"11/12/2019","9.7200","9.6971","9.7252","9.6909","","0.25%"
"11/11/2019","9.6960","9.6982","9.7252","9.6862","","-0.02%"
"11/08/2019","9.6978","9.6297","9.7176","9.6235","","0.73%"
"11/07/2019","9.6275","9.6267","9.6428","9.5773","","0.02%"
"11/06/2019","9.6252","9.6573","9.6655","9.5949","","-0.33%"
"11/05/2019","9.6570","9.6224","9.6748","9.5827","","0.36%"
"11/04/2019","9.6222","9.5632","9.6290","9.5394","","0.63%"
"11/01/2019","9.5621","9.6520","9.6579","9.5504","","-0.91%"
"10/31/2019","9.6499","9.6527","9.6688","9.6187","","-0.02%"
"10/30/2019","9.6517","9.7000","9.7435","9.6499","","-0.50%"
"10/29/2019","9.7005","9.7039","9.7511","9.6960","","-0.02%"
"10/28/2019","9.7021","9.6860","9.7099","9.6652","","0.19%"
"10/25/2019","9.6836","9.6519","9.6994","9.6443","","0.28%"
"10/24/2019","9.6567","9.6388","9.6662","9.5563","","0.20%"
"10/23/2019","9.6379","9.6520","9.6742","9.6279","","-0.13%"
"10/22/2019","9.6501","9.6416","9.6593","9.6201","","0.11%"
"10/21/2019","9.6397","9.6759","9.6782","9.5960","","-0.01%"
"10/18/2019","9.6405","9.7146","9.7153","9.6413","","-0.75%"
"10/17/2019","9.7137","9.7764","9.8222","9.6855","","-0.63%"
"10/16/2019","9.7749","9.8098","9.8312","9.7635","","-0.35%"
"10/15/2019","9.8094","9.8185","9.8457","9.7779","","-0.08%"
"10/14/2019","9.8170","9.8057","9.8624","9.8033","","0.14%"
"10/11/2019","9.8029","9.8415","9.8476","9.7852","","-0.38%"
"10/10/2019","9.8403","9.9579","9.9597","9.8173","","-1.19%"
"10/09/2019","9.9586","9.9456","9.9661","9.9177","","0.14%"
"10/08/2019","9.9451","9.9169","9.9548","9.8756","","0.31%"
"10/07/2019","9.9148","9.8407","9.9218","9.8332","","0.76%"
"10/04/2019","9.8403","9.8682","9.8743","9.8303","","-0.28%"
"10/03/2019","9.8683","9.8732","9.9127","9.8325","","-0.02%"
"10/02/2019","9.8706","9.8774","9.9217","9.8565","","-0.06%"
"10/01/2019","9.8768","9.8423","9.9317","9.8392","","0.37%"
"09/30/2019","9.8408","9.7959","9.8519","9.7836","","0.48%"
"09/27/2019","9.7934","9.7653","9.8173","9.7513","","0.31%"
"09/26/2019","9.7635","9.7553","9.7767","9.7225","","0.09%"
"09/25/2019","9.7543","9.6664","9.7588","9.6640","","0.93%"
"09/24/2019","9.6648","9.7075","9.7444","9.6589","","-0.42%"
"09/23/2019","9.7060","9.7110","9.7778","9.6911","","0.09%"
"09/20/2019","9.6975","9.6860","9.7396","9.6593","","0.12%"
"09/19/2019","9.6858","9.7289","9.7405","9.6724","","-0.40%"
"09/18/2019","9.7251","9.6693","9.7470","9.6655","","0.58%"
"09/17/2019","9.6693","9.6573","9.7300","9.6508","","0.14%"
"09/16/2019","9.6558","9.6145","9.6931","9.5952","","0.50%"
"09/13/2019","9.6075","9.6218","9.6357","9.5832","","-0.15%"
"09/12/2019","9.6220","9.6729","9.7325","9.6011","","-0.52%"
"09/11/2019","9.6722","9.6846","9.7069","9.6628","","-0.12%"
"09/10/2019","9.6839","9.6595","9.7594","9.6529","","0.28%"
"09/09/2019","9.6571","9.6447","9.6713","9.6318","","0.15%"
"09/06/2019","9.6427","9.6872","9.6961","9.5986","","-0.44%"
"09/05/2019","9.6855","9.7331","9.7457","9.6505","","-0.47%"
"09/04/2019","9.7316","9.8212","9.8266","9.7265","","-0.90%"
"09/03/2019","9.8197","9.8269","9.8945","9.8175","","-0.08%"
"09/02/2019","9.8274","9.8367","9.8367","9.7950","","0.10%"
"08/30/2019","9.8177","9.7793","9.8414","9.7734","","0.43%"
"08/29/2019","9.7755","9.7242","9.7869","9.7136","","0.54%"
"08/28/2019","9.7232","9.6726","9.7322","9.6660","","0.54%"
"08/27/2019","9.6711","9.6738","9.6881","9.6235","","-0.03%"
"08/26/2019","9.6741","9.6207","9.6835","9.6140","","0.72%"
"08/23/2019","9.6050","9.6782","9.6995","9.6052","","-0.74%"
"08/22/2019","9.6767","9.6218","9.6920","9.5952","","0.56%"
"08/21/2019","9.6230","9.6877","9.6958","9.6077","","-0.65%"
"08/20/2019","9.6864","9.6881","9.7342","9.6758","","0.02%"
"08/19/2019","9.6849","9.6566","9.6920","9.6451","","0.30%"
"08/16/2019","9.6560","9.6419","9.6942","9.6351","","0.19%"
"08/15/2019","9.6377","9.6348","9.6571","9.5987","","0.05%"
"08/14/2019","9.6333","9.5403","9.6395","9.4974","","0.99%"
"08/13/2019","9.5388","9.5624","9.5893","9.5257","","-0.22%"
"08/12/2019","9.5600","9.5441","9.6050","9.5367","","0.16%"
"08/09/2019","9.5444","9.5997","9.6081","9.5237","","-0.56%"
"08/08/2019","9.5982","9.6372","9.6398","9.5708","","-0.40%"
"08/07/2019","9.6372","9.5826","9.6460","9.5624","","0.57%"
"08/06/2019","9.5824","9.6081","9.6110","9.5679","","-0.20%"
"08/05/2019","9.6018","9.6419","9.6534","9.5915","","-0.34%"
"08/02/2019","9.6348","9.6544","9.6741","9.6306","","-0.21%"
"08/01/2019","9.6552","9.6587","9.7026","9.6358","","0.03%"
"07/31/2019","9.6519","9.5654","9.6791","9.5533","","0.87%"
"07/30/2019","9.5684","9.4812","9.5762","9.4812","","0.86%"
"07/29/2019","9.4872","9.5041","9.5198","9.4803","","-0.15%"
"07/26/2019","9.5014","9.4540","9.5131","9.4438","","0.57%"
"07/25/2019","9.4475","9.4301","9.4649","9.4212","","0.22%"
"07/24/2019","9.4264","9.4697","9.4888","9.4159","","-0.44%"
"07/23/2019","9.4679","9.4163","9.4782","9.4107","","0.59%"
"07/22/2019","9.4124","9.3841","9.4163","9.3795","","0.37%"
"07/19/2019","9.3774","9.3066","9.3991","9.3021","","0.78%"
"07/18/2019","9.3046","9.3676","9.3767","9.3003","","-0.65%"
"07/17/2019","9.3653","9.3919","9.4062","9.3521","","-0.25%"
"07/16/2019","9.3884","9.3548","9.4050","9.3458","","0.38%"
"07/15/2019","9.3533","9.3667","9.3787","9.3497","","-0.25%"
"07/12/2019","9.3769","9.3811","9.3927","9.3588","","-0.04%"
"07/11/2019","9.3805","9.4238","9.4238","9.3699","","-0.42%"
"07/10/2019","9.4198","9.4727","9.4818","9.4073","","-0.54%"
"07/09/2019","9.4712","9.4617","9.5003","9.4539","","0.12%"
"07/08/2019","9.4596","9.4452","9.4675","9.4208","","0.19%"
"07/05/2019","9.4412","9.3285","9.4641","9.3172","","1.29%"
"07/04/2019","9.3206","9.3137","9.3370","9.2968","","0.10%"
"07/03/2019","9.3113","9.3321","9.3654","9.2861","","-0.18%"
"07/02/2019","9.3278","9.3627","9.3661","9.3153","","-0.34%"
"07/01/2019","9.3598","9.2839","9.3682","9.2768","","0.84%"
"06/28/2019","9.2815","9.2777","9.3057","9.2537","","0.06%"
"06/27/2019","9.2757","9.2622","9.2934","9.2514","","0.16%"
"06/26/2019","9.2607","9.2783","9.2996","9.2463","","-0.17%"
"06/25/2019","9.2768","9.2802","9.2971","9.2407","","-0.01%"
"06/24/2019","9.2778","9.3563","9.3563","9.2720","","-0.78%"
"06/21/2019","9.3509","9.4168","9.4290","9.3415","","-0.68%"
"06/20/2019","9.4147","9.4892","9.4959","9.3916","","-0.77%"
"06/19/2019","9.4877","9.5370","9.5554","9.4746","","-0.48%"
"06/18/2019","9.5335","9.4811","9.5412","9.4576","","0.56%"
"06/17/2019","9.4802","9.4872","9.5070","9.4623","","-0.06%"
"06/14/2019","9.4855","9.4836","9.5012","9.4223","","0.04%"
"06/13/2019","9.4814","9.4757","9.4965","9.4625","","0.08%"
"06/12/2019","9.4735","9.4506","9.4791","9.4181","","0.25%"
"06/11/2019","9.4496","9.4166","9.4558","9.4045","","0.35%"
"06/10/2019","9.4169","9.4107","9.4396","9.3954","","0.21%"
"06/07/2019","9.3967","9.4204","9.4686","9.3717","","-0.22%"
"06/06/2019","9.4171","9.4459","9.4585","9.3951","","-0.29%"
"06/05/2019","9.4444","9.4395","9.4512","9.3971","","0.10%"
"06/04/2019","9.4352","9.4444","9.4693","9.4189","","-0.08%"
"06/03/2019","9.4429","9.4936","9.5102","9.4345","","-0.53%"
"05/31/2019","9.4931","9.5363","9.5656","9.4797","","-0.44%"
"05/30/2019","9.5349","9.5518","9.5647","9.5251","","-0.15%"
"05/29/2019","9.5494","9.5969","9.6158","9.5467","","-0.48%"
"05/28/2019","9.5958","9.5807","9.5988","9.5384","","0.17%"
"05/27/2019","9.5792","9.5472","9.5913","9.5302","","0.42%"
"05/24/2019","9.5392","9.6162","9.6314","9.5318","","-0.79%"
"05/23/2019","9.6148","9.6341","9.6789","9.6081","","-0.09%"
"05/22/2019","9.6239","9.6541","9.6663","9.6203","","-0.23%"
"05/21/2019","9.6458","9.6620","9.6896","9.6396","","-0.17%"
"05/20/2019","9.6627","9.6528","9.6730","9.6283","","0.22%"
"05/17/2019","9.6415","9.6391","9.6557","9.6164","","0.05%"
"05/16/2019","9.6370","9.6027","9.6488","9.5766","","0.39%"
"05/15/2019","9.5991","9.6037","9.6403","9.5756","","-0.03%"
"05/14/2019","9.6022","9.6407","9.6459","9.5843","","-0.34%"
"05/13/2019","9.6354","9.6228","9.6655","9.6017","","0.25%"
"05/10/2019","9.6113","9.6534","9.6610","9.6028","","-0.40%"
"05/09/2019","9.6498","9.6196","9.6649","9.6059","","0.33%"
"05/08/2019","9.6181","9.5944","9.6207","9.5574","","0.27%"
"05/07/2019","9.5922","9.5627","9.6136","9.5413","","0.32%"
"05/06/2019","9.5612","9.5768","9.6062","9.5526","","0.23%"
"05/03/2019","9.5390","9.5784","9.6148","9.5343","","-0.40%"
"05/02/2019","9.5769","9.5428","9.5808","9.5118","","0.38%"
"05/01/2019","9.5407","9.4904","9.5461","9.4683","","0.53%"
"04/30/2019","9.4900","9.5114","9.5269","9.4706","","-0.21%"
"04/29/2019","9.5099","9.4957","9.5298","9.4945","","-0.02%"
"04/26/2019","9.5122","9.5399","9.5468","9.4680","","-0.27%"
"04/25/2019","9.5384","9.4323","9.5790","9.4095","","1.11%"
"04/24/2019","9.4335","9.3528","9.4444","9.3460","","0.90%"
"04/23/2019","9.3498","9.2975","9.3942","9.2973","","0.48%"
"04/22/2019","9.3050","9.3096","9.3205","9.2941","","0.05%"
"04/19/2019","9.3007","9.3100","9.3147","9.2917","","-0.09%"
"04/18/2019","9.3090","9.2486","9.3369","9.2374","","0.67%"
"04/17/2019","9.2466","9.2602","9.2683","9.2153","","-0.11%"
"04/16/2019","9.2571","9.2683","9.2826","9.2417","","-0.10%"
"04/15/2019","9.2668","9.2738","9.2768","9.2419","","-0.02%"
"04/12/2019","9.2691","9.2895","9.2926","9.2444","","-0.20%"
"04/11/2019","9.2880","9.2629","9.2968","9.2302","","0.29%"
"04/10/2019","9.2614","9.2615","9.2945","9.2324","","0.04%"
"04/09/2019","9.2576","9.2623","9.2720","9.2265","","-0.02%"
"04/08/2019","9.2598","9.2936","9.3075","9.2342","","-0.45%"
"04/05/2019","9.3015","9.2849","9.3073","9.2596","","0.19%"
"04/04/2019","9.2834","9.2679","9.2881","9.2558","","0.18%"
"04/03/2019","9.2668","9.3285","9.3321","9.2537","","-0.64%"
"04/02/2019","9.3269","9.2825","9.3446","9.2825","","0.49%"
"04/01/2019","9.2810","9.2927","9.2975","9.2317","","-0.15%"
"03/29/2019","9.2945","9.2938","9.3031","9.2435","","0.05%"
"03/28/2019","9.2900","9.2789","9.3501","9.2648","","0.13%"
"03/27/2019","9.2780","9.2437","9.2861","9.2252","","0.38%"
"03/26/2019","9.2432","9.2401","9.2526","9.2132","","0.05%"
"03/25/2019","9.2382","9.2801","9.2881","9.2117","","-0.35%"
"03/22/2019","9.2703","9.1744","9.3105","9.1522","","1.06%"
"03/21/2019","9.1729","9.1388","9.1996","9.1124","","0.38%"
"03/20/2019","9.1379","9.2038","9.2190","9.1009","","-0.72%"
"03/19/2019","9.2043","9.2297","9.2398","9.1861","","-0.25%"
"03/18/2019","9.2277","9.2386","9.2569","9.2075","","-0.02%"
"03/15/2019","9.2300","9.3044","9.3090","9.2272","","-0.77%"
"03/14/2019","9.3019","9.2886","9.3408","9.2761","","0.14%"
"03/13/2019","9.2893","9.3640","9.3820","9.2786","","-0.78%"
"03/12/2019","9.3625","9.3868","9.4122","9.3467","","-0.21%"
"03/11/2019","9.3818","9.4234","9.4339","9.3777","","-0.47%"
"03/08/2019","9.4265","9.4570","9.5005","9.4203","","-0.31%"
"03/07/2019","9.4555","9.3000","9.4784","9.2857","","1.69%"
"03/06/2019","9.2986","9.3066","9.3403","9.2782","","-0.10%"
"03/05/2019","9.3078","9.3367","9.3813","9.3038","","-0.32%"
"03/04/2019","9.3375","9.2492","9.3505","9.2462","","0.74%"
"03/01/2019","9.2693","9.2351","9.2820","9.2144","","0.37%"
"02/28/2019","9.2348","9.2723","9.2772","9.1672","","-0.39%"
"02/27/2019","9.2708","9.2830","9.3000","9.2389","","-0.11%"
"02/26/2019","9.2813","9.3070","9.3318","9.2744","","-0.27%"
"02/25/2019","9.3066","9.3443","9.3477","9.2995","","-0.39%"
"02/22/2019","9.3435","9.3646","9.3727","9.3259","","-0.31%"
"02/21/2019","9.3722","9.3218","9.3770","9.3015","","0.56%"
"02/20/2019","9.3203","9.3105","9.3365","9.2924","","0.12%"
"02/19/2019","9.3091","9.2564","9.4185","9.2485","","0.61%"
"02/18/2019","9.2524","9.2846","9.2872","9.2331","","-0.20%"
"02/15/2019","9.2707","9.2914","9.3363","9.2639","","-0.21%"
"02/14/2019","9.2899","9.2670","9.3260","9.2400","","0.24%"
"02/13/2019","9.2679","9.2582","9.2860","9.1834","","0.09%"
"02/12/2019","9.2592","9.3078","9.3113","9.2495","","-0.51%"
"02/11/2019","9.3063","9.2716","9.3131","9.2554","","0.36%"
"02/08/2019","9.2733","9.2631","9.2861","9.2412","","0.13%"
"02/07/2019","9.2612","9.2049","9.2655","9.1975","","0.63%"
"02/06/2019","9.2032","9.1151","9.2078","9.1106","","0.98%"
"02/05/2019","9.1136","9.1032","9.1418","9.0890","","0.15%"
"02/04/2019","9.0995","9.0525","9.1264","9.0496","","0.39%"
"02/01/2019","9.0637","9.0472","9.0684","9.0246","","0.19%"
"01/31/2019","9.0465","9.0418","9.0608","9.0101","","0.04%"
"01/30/2019","9.0432","9.0684","9.1040","9.0269","","-0.27%"
"01/29/2019","9.0673","9.0530","9.0821","9.0352","","0.17%"
"01/28/2019","9.0515","9.0453","9.0811","9.0257","","0.05%"
"01/25/2019","9.0469","9.0858","9.0971","9.0367","","-0.41%"
"01/24/2019","9.0844","9.0172","9.1024","9.0079","","0.77%"
"01/23/2019","9.0153","9.0265","9.0353","9.0043","","-0.11%"
"01/22/2019","9.0252","9.0157","9.0468","9.0100","","0.15%"
"01/21/2019","9.0115","9.0190","9.0300","8.9977","","-0.15%"
"01/18/2019","9.0253","9.0195","9.0315","8.9822","","0.07%"
"01/17/2019","9.0189","8.9982","9.0545","8.9868","","0.23%"
"01/16/2019","8.9986","8.9673","9.0110","8.9530","","0.36%"
"01/15/2019","8.9659","8.9491","9.0013","8.9214","","0.22%"
"01/14/2019","8.9464","8.9325","8.9615","8.9155","","0.21%"
"01/11/2019","8.9277","8.9066","8.9459","8.8580","","0.27%"
"01/10/2019","8.9035","8.8700","8.9165","8.8539","","0.42%"
"01/09/2019","8.8664","8.9276","8.9475","8.8571","","-0.69%"
"01/08/2019","8.9277","8.8975","8.9412","8.8760","","0.37%"
"01/07/2019","8.8945","8.9606","8.9626","8.8898","","-0.71%"
"01/04/2019","8.9578","9.0004","9.0171","8.9320","","-0.48%"
"01/03/2019","9.0009","9.0176","9.0768","8.9896","","-0.17%"
"01/02/2019","9.0159","8.8707","9.0223","8.8506","","1.65%"
"01/01/2019","8.8695","8.8551","8.8767","8.8551","","0.19%"
"12/31/2018","8.8524","8.9587","8.9901","8.8517","","-1.24%"
"12/28/2018","8.9638","9.0108","9.0172","8.9366","","-0.48%"
"12/27/2018","9.0069","9.1022","9.1026","8.9906","","-1.04%"
"12/26/2018","9.1014","9.0574","9.1070","9.0387","","0.53%"
"12/25/2018","9.0533","9.0487","9.0600","9.0433","","0.10%"
"12/24/2018","9.0442","9.0458","9.0753","9.0144","","0.03%"
"12/21/2018","9.0413","8.9760","9.0636","8.9252","","0.74%"
"12/20/2018","8.9746","9.0981","9.1014","8.9252","","-1.32%"
"12/19/2018","9.0951","9.0695","9.1120","9.0342","","0.29%"
"12/18/2018","9.0685","9.0593","9.0893","9.0237","","0.13%"
"12/17/2018","9.0571","9.0596","9.0892","9.0334","","-0.02%"
"12/14/2018","9.0587","9.0606","9.1177","9.0518","","0.04%"
"12/13/2018","9.0551","9.0886","9.0965","9.0352","","-0.33%"
"12/12/2018","9.0855","9.0899","9.1638","9.0706","","-0.03%"
"12/11/2018","9.0880","9.0919","9.1014","9.0266","","-0.05%"
"12/10/2018","9.0922","9.0345","9.1041","9.0058","","0.57%"
"12/07/2018","9.0404","8.9880","9.0500","8.9809","","0.60%"
"12/06/2018","8.9865","8.9819","9.0345","8.9726","","0.11%"
"12/05/2018","8.9769","9.0159","9.0471","8.9470","","-0.45%"
"12/04/2018","9.0178","9.0135","9.0367","8.9496","","0.07%"
"12/03/2018","9.0117","9.1049","9.1049","9.0110","","-1.02%"
"11/30/2018","9.1050","9.0663","9.1170","9.0615","","0.44%"
"11/29/2018","9.0648","9.0368","9.0918","9.0094","","0.32%"
"11/28/2018","9.0358","9.1072","9.1226","9.0169","","-0.77%"
"11/27/2018","9.1056","9.0946","9.1216","9.0693","","0.14%"
"11/26/2018","9.0928","9.0959","9.1012","9.0321","","0.02%"
"11/23/2018","9.0914","9.0421","9.0993","9.0220","","0.58%"
"11/22/2018","9.0394","9.0428","9.0609","9.0196","","-0.02%"
"11/21/2018","9.0413","9.0937","9.1018","9.0174","","-0.56%"
"11/20/2018","9.0922","9.0038","9.1072","8.9857","","1.01%"
"11/19/2018","9.0012","9.0061","9.0231","8.9809","","-0.03%"
"11/16/2018","9.0042","9.0618","9.0725","8.9968","","-0.64%"
"11/15/2018","9.0624","9.0859","9.1171","9.0335","","-0.23%"
"11/14/2018","9.0837","9.0553","9.1275","9.0314","","0.34%"
"11/13/2018","9.0526","9.1487","9.1579","9.0463","","-1.03%"
"11/12/2018","9.1472","9.0795","9.1535","9.0770","","0.76%"
"11/09/2018","9.0785","9.0189","9.0884","9.0160","","0.67%"
"11/08/2018","9.0182","9.0252","9.0368","8.9590","","-0.06%"
"11/07/2018","9.0239","9.0438","9.0677","8.9772","","-0.20%"
"11/06/2018","9.0419","9.0587","9.0799","9.0402","","-0.16%"
"11/05/2018","9.0564","9.0600","9.0993","9.0442","","-0.02%"
"11/02/2018","9.0585","9.0420","9.0855","8.9930","","0.19%"
"11/01/2018","9.0415","9.1655","9.1724","9.0330","","-1.35%"
"10/31/2018","9.1656","9.1758","9.2032","9.1335","","-0.09%"
"10/30/2018","9.1739","9.1517","9.1864","9.1321","","0.28%"
"10/29/2018","9.1487","9.1288","9.1605","9.0985","","0.19%"
"10/26/2018","9.1317","9.1130","9.1791","9.1081","","0.22%"
"10/25/2018","9.1115","9.1250","9.1466","9.0856","","-0.13%"
"10/24/2018","9.1237","9.0241","9.1281","9.0110","","1.10%"
"10/23/2018","9.0242","9.0025","9.0639","8.9932","","0.27%"
"10/22/2018","8.9996","8.9905","9.0079","8.9497","","0.13%"
"10/19/2018","8.9877","9.0423","9.0552","8.9767","","-0.59%"
"10/18/2018","9.0408","8.9654","9.0522","8.9497","","0.86%"
"10/17/2018","8.9639","8.9042","8.9701","8.8889","","0.68%"
"10/16/2018","8.9035","8.9554","8.9645","8.8811","","-0.54%"
"10/15/2018","8.9516","8.9624","8.9999","8.9309","","-0.09%"
"10/12/2018","8.9597","8.9721","8.9855","8.9373","","-0.14%"
"10/11/2018","8.9726","9.1437","9.1451","8.9645","","-1.86%"
"10/10/2018","9.1422","9.1036","9.1488","9.0773","","0.42%"
"10/09/2018","9.1036","9.0863","9.1471","9.0696","","0.21%"
"10/08/2018","9.0848","9.0673","9.1296","9.0588","","0.24%"
"10/05/2018","9.0635","9.0616","9.1015","9.0391","","0.06%"
"10/04/2018","9.0577","9.0532","9.0739","9.0266","","0.07%"
"10/03/2018","9.0517","9.0086","9.0669","8.9546","","0.50%"
"10/02/2018","9.0068","8.9457","9.0293","8.9422","","0.70%"
"10/01/2018","8.9442","8.8899","8.9589","8.8821","","0.64%"
"09/28/2018","8.8872","8.8538","8.9144","8.8394","","0.37%"
"09/27/2018","8.8546","8.8105","8.8601","8.7967","","0.51%"
"09/26/2018","8.8093","8.8086","8.8431","8.7831","","0.02%"
"09/25/2018","8.8071","8.7990","8.8190","8.7598","","0.11%"
"09/24/2018","8.7977","8.7905","8.8189","8.7519","","0.14%"
"09/21/2018","8.7852","8.7721","8.8034","8.7547","","0.15%"
"09/20/2018","8.7719","8.8713","8.8863","8.7603","","-1.08%"
"09/19/2018","8.8673","8.9100","8.9216","8.8617","","-0.45%"
"09/18/2018","8.9076","8.9140","8.9293","8.8786","","-0.03%"
"09/17/2018","8.9100","9.0545","9.0583","8.9038","","-1.56%"
"09/14/2018","9.0512","8.9529","9.0597","8.9456","","1.11%"
"09/13/2018","8.9515","8.9814","8.9963","8.9273","","-0.32%"
"09/12/2018","8.9798","9.0408","9.0709","8.9588","","-0.66%"
"09/11/2018","9.0393","9.0678","9.0810","9.0088","","-0.30%"
"09/10/2018","9.0667","9.0566","9.0772","9.0215","","0.11%"
"09/07/2018","9.0570","9.1068","9.1227","9.0332","","-0.53%"
"09/06/2018","9.1049","9.0542","9.1232","9.0351","","0.58%"
"09/05/2018","9.0527","9.0874","9.1348","9.0514","","-0.36%"
"09/04/2018","9.0857","9.0965","9.1534","9.0801","","-0.08%"
"09/03/2018","9.0927","9.1482","9.1605","9.0871","","-0.60%"
"08/31/2018","9.1474","9.1169","9.1644","9.0928","","0.34%"
"08/30/2018","9.1165","9.1377","9.1587","9.0950","","-0.22%"
"08/29/2018","9.1362","9.1388","9.1893","9.1260","","-0.01%"
"08/28/2018","9.1373","9.0936","9.1556","9.0830","","0.50%"
"08/27/2018","9.0921","9.1259","9.1576","9.0874","","-0.36%"
"08/24/2018","9.1248","9.1434","9.1524","9.0991","","-0.18%"
"08/23/2018","9.1411","9.0655","9.1518","9.0517","","0.86%"
"08/22/2018","9.0628","9.0946","9.1205","9.0410","","-0.33%"
"08/21/2018","9.0931","9.1534","9.1559","9.0750","","-0.64%"
"08/20/2018","9.1515","9.1599","9.2014","9.1481","","0.00%"
"08/17/2018","9.1511","9.1899","9.2252","9.1497","","-0.41%"
"08/16/2018","9.1884","9.2048","9.2202","9.1584","","-0.17%"
"08/15/2018","9.2037","9.1440","9.2489","9.1384","","0.67%"
"08/14/2018","9.1425","9.1172","9.1555","9.0788","","0.29%"
"08/13/2018","9.1165","9.1236","9.1835","9.0938","","-0.04%"
"08/10/2018","9.1204","9.0080","9.1540","8.9983","","1.26%"
"08/09/2018","9.0068","8.9491","9.0186","8.9461","","0.66%"
"08/08/2018","8.9476","8.9148","8.9745","8.8927","","0.40%"
"08/07/2018","8.9118","8.9381","8.9505","8.8898","","-0.26%"
"08/06/2018","8.9352","8.9107","8.9487","8.9080","","0.25%"
"08/03/2018","8.9133","8.8936","8.9432","8.8803","","0.24%"
"08/02/2018","8.8919","8.8070","8.8964","8.8003","","0.98%"
"08/01/2018","8.8054","8.7933","8.8249","8.7840","","0.19%"
"07/31/2018","8.7891","8.7528","8.7994","8.7348","","0.44%"
"07/30/2018","8.7506","8.8358","8.8489","8.7420","","-1.00%"
"07/27/2018","8.8393","8.8098","8.8703","8.7961","","0.33%"
"07/26/2018","8.8106","8.7572","8.8206","8.7385","","0.63%"
"07/25/2018","8.7554","8.8164","8.8332","8.7491","","-0.68%"
"07/24/2018","8.8149","8.8601","8.8943","8.8064","","-0.48%"
"07/23/2018","8.8578","8.8556","8.8737","8.8255","","0.05%"
"07/20/2018","8.8531","8.9135","8.9304","8.8417","","-0.66%"
"07/19/2018","8.9120","8.8658","8.9561","8.8499","","0.53%"
"07/18/2018","8.8648","8.8404","8.8888","8.8349","","0.29%"
"07/17/2018","8.8388","8.8240","8.8447","8.7713","","0.17%"
"07/16/2018","8.8234","8.8737","8.8956","8.8100","","-0.66%"
"07/13/2018","8.8820","8.8702","8.9401","8.8575","","0.15%"
"07/12/2018","8.8687","8.8229","8.8844","8.7887","","0.54%"
"07/11/2018","8.8213","8.7402","8.8349","8.7345","","0.94%"
"07/10/2018","8.7388","8.7287","8.7751","8.7084","","0.16%"
"07/09/2018","8.7245","8.7359","8.7545","8.6800","","0.03%"
"07/06/2018","8.7218","8.7665","8.7940","8.7119","","-0.49%"
"07/05/2018","8.7649","8.7887","8.8000","8.7289","","-0.26%"
"07/04/2018","8.7876","8.8297","8.8393","8.7648","","-0.46%"
"07/03/2018","8.8283","8.9655","8.9818","8.8161","","-1.51%"
"07/02/2018","8.9640","8.9473","9.0305","8.9436","","0.20%"
"06/29/2018","8.9465","9.0189","9.0380","8.9254","","-0.79%"
"06/28/2018","9.0180","8.9762","9.0391","8.9610","","0.48%"
"06/27/2018","8.9747","8.8803","8.9809","8.8738","","1.05%"
"06/26/2018","8.8811","8.8468","8.8926","8.8195","","0.39%"
"06/25/2018","8.8465","8.8389","8.9182","8.8214","","-0.06%"
"06/22/2018","8.8522","8.8941","8.8974","8.8260","","-0.43%"
"06/21/2018","8.8908","8.8834","8.9508","8.8690","","0.10%"
"06/20/2018","8.8819","8.8939","8.9330","8.8591","","-0.14%"
"06/19/2018","8.8944","8.8160","8.9512","8.8067","","0.91%"
"06/18/2018","8.8142","8.7848","8.8716","8.7848","","0.36%"
"06/15/2018","8.7824","8.7420","8.8236","8.7300","","0.48%"
"06/14/2018","8.7405","8.6077","8.7465","8.5781","","1.56%"
"06/13/2018","8.6060","8.6437","8.6604","8.6002","","-0.42%"
"06/12/2018","8.6427","8.6628","8.6920","8.5932","","-0.21%"
"06/11/2018","8.6609","8.7302","8.7309","8.6434","","-0.52%"
"06/08/2018","8.7066","8.6960","8.7750","8.6923","","0.10%"
"06/07/2018","8.6978","8.7332","8.7349","8.6531","","-0.39%"
"06/06/2018","8.7321","8.7516","8.7568","8.7032","","-0.20%"
"06/05/2018","8.7500","8.7574","8.7966","8.7313","","-0.07%"
"06/04/2018","8.7560","8.8244","8.8300","8.7332","","-0.77%"
"06/01/2018","8.8238","8.8136","8.8770","8.7729","","0.13%"
"05/31/2018","8.8123","8.8096","8.8534","8.7474","","0.04%"
"05/30/2018","8.8089","8.9562","8.9887","8.7970","","-1.59%"
"05/29/2018","8.9511","8.8239","8.9786","8.8092","","1.46%"
"05/28/2018","8.8224","8.7633","8.8271","8.7108","","0.67%"
"05/25/2018","8.7634","8.7608","8.7875","8.6744","","0.05%"
"05/24/2018","8.7593","8.7623","8.7738","8.7195","","0.00%"
"05/23/2018","8.7592","8.6904","8.8042","8.6804","","0.82%"
"05/22/2018","8.6883","8.6731","8.7070","8.6374","","0.19%"
"05/21/2018","8.6716","8.7587","8.7829","8.6678","","-0.92%"
"05/18/2018","8.7525","8.7328","8.7685","8.7151","","0.23%"
"05/17/2018","8.7325","8.7066","8.7564","8.6784","","0.33%"
"05/16/2018","8.7034","8.6829","8.7630","8.6718","","0.25%"
"05/15/2018","8.6816","8.6402","8.7587","8.6060","","0.47%"
"05/14/2018","8.6406","8.5937","8.6454","8.5690","","0.55%"
"05/11/2018","8.5937","8.6510","8.6643","8.5676","","-0.65%"
"05/10/2018","8.6495","8.7064","8.7136","8.6117","","-0.61%"
"05/09/2018","8.7027","8.8195","8.8604","8.6800","","-1.30%"
"05/08/2018","8.8172","8.8375","8.8550","8.7899","","-0.19%"
"05/07/2018","8.8340","8.7999","8.8638","8.7894","","0.40%"
"05/04/2018","8.7984","8.8111","8.8640","8.7857","","-0.16%"
"05/03/2018","8.8122","8.9164","8.9199","8.8022","","-1.15%"
"05/02/2018","8.9148","8.8484","8.9333","8.8193","","0.77%"
"05/01/2018","8.8469","8.7468","8.8723","8.7369","","1.13%"
"04/30/2018","8.7477","8.6607","8.7706","8.6477","","1.05%"
"04/27/2018","8.6572","8.6640","8.7419","8.6441","","-0.07%"
"04/26/2018","8.6631","8.5647","8.6863","8.5338","","1.19%"
"04/25/2018","8.5614","8.5076","8.5693","8.5052","","0.65%"
"04/24/2018","8.5060","8.5201","8.5328","8.4905","","-0.14%"
"04/23/2018","8.5180","8.4474","8.5261","8.4465","","0.87%"
"04/20/2018","8.4446","8.4047","8.4664","8.4021","","0.49%"
"04/19/2018","8.4032","8.4042","8.4206","8.3693","","0.01%"
"04/18/2018","8.4027","8.4012","8.4286","8.3728","","0.01%"
"04/17/2018","8.4021","8.4167","8.4290","8.3966","","-0.16%"
"04/16/2018","8.4154","8.4737","8.4881","8.3955","","-0.67%"
"04/13/2018","8.4722","8.4068","8.4966","8.4001","","0.79%"
"04/12/2018","8.4056","8.3289","8.4493","8.3184","","0.98%"
"04/11/2018","8.3244","8.3002","8.3408","8.2921","","0.29%"
"04/10/2018","8.3005","8.3590","8.3698","8.2906","","-0.67%"
"04/09/2018","8.3565","8.3911","8.4002","8.3461","","-0.39%"
"04/06/2018","8.3896","8.4184","8.4530","8.3791","","-0.32%"
"04/05/2018","8.4169","8.4011","8.4414","8.3821","","0.20%"
"04/04/2018","8.4004","8.3913","8.4185","8.3758","","0.13%"
"04/03/2018","8.3898","8.3915","8.4177","8.3564","","0.00%"
"04/02/2018","8.3900","8.3428","8.4057","8.3276","","0.59%"
"03/30/2018","8.3408","8.3603","8.3681","8.3280","","-0.22%"
"03/29/2018","8.3588","8.3510","8.3864","8.3306","","0.11%"
"03/28/2018","8.3495","8.2311","8.3623","8.2201","","1.46%"
"03/27/2018","8.2296","8.1912","8.2574","8.1699","","0.49%"
"03/26/2018","8.1893","8.2458","8.2487","8.1784","","-0.68%"
"03/23/2018","8.2457","8.2543","8.2872","8.2290","","-0.11%"
"03/22/2018","8.2550","8.1837","8.2635","8.1570","","0.89%"
"03/21/2018","8.1821","8.2237","8.2395","8.1771","","-0.46%"
"03/20/2018","8.2202","8.1698","8.2263","8.1581","","0.64%"
"03/19/2018","8.1680","8.1853","8.2278","8.1515","","-0.29%"
"03/16/2018","8.1914","8.1802","8.2121","8.1733","","0.16%"
"03/15/2018","8.1787","8.1822","8.1926","8.1518","","-0.03%"
"03/14/2018","8.1815","8.2166","8.2212","8.1644","","-0.41%"
"03/13/2018","8.2150","8.2418","8.2530","8.1906","","-0.32%"
"03/12/2018","8.2412","8.2461","8.2684","8.2206","","-0.02%"
"03/09/2018","8.2426","8.2628","8.2779","8.2262","","-0.15%"
"03/08/2018","8.2553","8.2307","8.2787","8.2126","","0.32%"
"03/07/2018","8.2286","8.2059","8.2632","8.1948","","0.28%"
"03/06/2018","8.2057","8.2633","8.2754","8.2023","","-0.67%"
"03/05/2018","8.2613","8.2563","8.2929","8.2351","","0.17%"
"03/02/2018","8.2473","8.2497","8.2881","8.2294","","0.00%"
"03/01/2018","8.2476","8.2912","8.3194","8.2352","","-0.50%"
"02/28/2018","8.2893","8.2241","8.3142","8.2185","","0.78%"
"02/27/2018","8.2248","8.1491","8.2374","8.1352","","0.93%"
"02/26/2018","8.1491","8.1790","8.1863","8.1250","","-0.29%"
"02/23/2018","8.1729","8.1159","8.1861","8.1114","","0.72%"
"02/22/2018","8.1144","8.1191","8.1493","8.1016","","0.00%"
"02/21/2018","8.1147","8.0943","8.1213","8.0627","","0.25%"
"02/20/2018","8.0947","7.9853","8.1046","7.9823","","1.44%"
"02/19/2018","7.9799","7.9734","8.0068","7.9494","","0.17%"
"02/16/2018","7.9667","7.9292","7.9782","7.8969","","0.49%"
"02/15/2018","7.9277","7.9549","7.9751","7.9129","","-0.31%"
"02/14/2018","7.9527","8.0282","8.1068","7.9413","","-0.91%"
"02/13/2018","8.0261","8.0630","8.0720","8.0197","","-0.46%"
"02/12/2018","8.0629","8.0966","8.1129","8.0590","","-0.47%"
"02/09/2018","8.1013","8.1186","8.1582","8.0868","","-0.19%"
"02/08/2018","8.1171","8.0828","8.1434","8.0430","","0.44%"
"02/07/2018","8.0813","7.9523","8.0943","7.9358","","1.66%"
"02/06/2018","7.9491","7.9819","8.0104","7.9272","","-0.38%"
"02/05/2018","7.9793","7.9016","7.9821","7.8813","","0.96%"
"02/02/2018","7.9033","7.8403","7.9286","7.8342","","0.82%"
"02/01/2018","7.8387","7.8778","7.9062","7.8350","","-0.49%"
"01/31/2018","7.8773","7.8914","7.9028","7.8266","","-0.15%"
"01/30/2018","7.8893","7.8925","7.9283","7.8606","","-0.01%"
"01/29/2018","7.8904","7.8704","7.9153","7.8636","","0.21%"
"01/26/2018","7.8737","7.9222","7.9361","7.8513","","-0.59%"
"01/25/2018","7.9202","7.9266","7.9420","7.8317","","-0.07%"
"01/24/2018","7.9255","8.0068","8.0134","7.9203","","-1.00%"
"01/23/2018","8.0055","8.0203","8.0483","8.0060","","-0.17%"
"01/22/2018","8.0188","8.0176","8.0499","8.0140","","-0.29%"
"01/19/2018","8.0423","8.0202","8.0460","7.9980","","0.30%"
"01/18/2018","8.0184","8.0517","8.0636","8.0069","","-0.37%"
"01/17/2018","8.0482","8.0388","8.0728","7.9897","","0.14%"
"01/16/2018","8.0373","8.0132","8.0558","8.0025","","0.32%"
"01/15/2018","8.0117","8.0497","8.0615","8.0002","","-0.43%"
"01/12/2018","8.0460","8.1323","8.1371","8.0454","","-1.04%"
"01/11/2018","8.1309","8.2005","8.2062","8.1249","","-0.84%"
"01/10/2018","8.1994","8.2296","8.2415","8.1601","","-0.35%"
"01/09/2018","8.2286","8.1997","8.2539","8.1944","","0.37%"
"01/08/2018","8.1982","8.1494","8.2223","8.1356","","0.68%"
"01/05/2018","8.1425","8.1375","8.1655","8.1254","","0.08%"
"01/04/2018","8.1360","8.1791","8.1859","8.1251","","-0.49%"
"01/03/2018","8.1764","8.1672","8.1905","8.1577","","0.12%"
"01/02/2018","8.1665","8.2032","8.2032","8.1290","","-0.42%"
"01/01/2018","8.2012","8.2032","8.2032","8.1997","","-0.01%"
"12/29/2017","8.2017","8.2443","8.2518","8.1634","","-0.51%"
"12/28/2017","8.2441","8.2767","8.2772","8.2309","","-0.37%"
"12/27/2017","8.2747","8.3476","8.3559","8.2668","","-0.86%"
"12/26/2017","8.3469","8.3379","8.3646","8.3323","","0.09%"
"12/25/2017","8.3396","8.3474","8.3591","8.3367","","0.18%"
"12/22/2017","8.3249","8.3815","8.4115","8.3206","","-0.64%"
"12/21/2017","8.3786","8.3962","8.4216","8.3697","","-0.18%"
"12/20/2017","8.3939","8.4031","8.4121","8.3176","","-0.10%"
"12/19/2017","8.4022","8.4382","8.4476","8.3930","","-0.39%"
"12/18/2017","8.4349","8.5018","8.5187","8.4077","","-0.82%"
"12/15/2017","8.5046","8.4399","8.5209","8.4182","","0.80%"
"12/14/2017","8.4374","8.4135","8.4479","8.3559","","0.30%"
"12/13/2017","8.4118","8.4202","8.4612","8.4000","","-0.08%"
"12/12/2017","8.4189","8.5055","8.5239","8.4026","","-0.99%"
"12/11/2017","8.5033","8.4636","8.5085","8.4357","","0.68%"
"12/08/2017","8.4462","8.4856","8.5174","8.4461","","-0.43%"
"12/07/2017","8.4825","8.4359","8.4942","8.4201","","0.59%"
"12/06/2017","8.4327","8.3635","8.4436","8.3275","","0.83%"
"12/05/2017","8.3635","8.4191","8.4590","8.3581","","-0.65%"
"12/04/2017","8.4182","8.3724","8.4355","8.3680","","0.72%"
"12/01/2017","8.3582","8.3745","8.3913","8.3408","","-0.19%"
"11/30/2017","8.3738","8.3676","8.4011","8.3149","","0.09%"
"11/29/2017","8.3661","8.3500","8.3885","8.3126","","0.20%"
"11/28/2017","8.3494","8.3021","8.3619","8.2850","","0.59%"
"11/27/2017","8.3006","8.2738","8.3133","8.2729","","0.30%"
"11/24/2017","8.2754","8.2979","8.3165","8.2709","","-0.25%"
"11/23/2017","8.2960","8.3368","8.3436","8.2899","","-0.49%"
"11/22/2017","8.3367","8.4289","8.4463","8.3294","","-1.08%"
"11/21/2017","8.4278","8.4846","8.5285","8.4194","","-0.65%"
"11/20/2017","8.4827","8.4210","8.4878","8.4186","","0.70%"
"11/17/2017","8.4237","8.3995","8.4602","8.3693","","0.29%"
"11/16/2017","8.3991","8.4299","8.4466","8.3894","","-0.34%"
"11/15/2017","8.4278","8.3960","8.4539","8.3781","","0.40%"
"11/14/2017","8.3945","8.3857","8.4502","8.3716","","0.15%"
"11/13/2017","8.3819","8.3525","8.4005","8.3525","","0.32%"
"11/10/2017","8.3550","8.3785","8.3899","8.3482","","-0.26%"
"11/09/2017","8.3770","8.3812","8.3988","8.3518","","-0.03%"
"11/08/2017","8.3794","8.3986","8.4021","8.3768","","-0.20%"
"11/07/2017","8.3965","8.3975","8.4429","8.3878","","0.00%"
"11/06/2017","8.3966","8.4353","8.4481","8.3905","","-0.42%"
"11/03/2017","8.4317","8.3953","8.4472","8.3833","","0.46%"
"11/02/2017","8.3933","8.4015","8.4101","8.3601","","-0.07%"
"11/01/2017","8.3993","8.3774","8.4083","8.3593","","0.29%"
"10/31/2017","8.3752","8.3505","8.3827","8.3424","","0.28%"
"10/30/2017","8.3515","8.3730","8.3781","8.3295","","0.03%"
"10/27/2017","8.3494","8.3487","8.4013","8.3419","","0.02%"
"10/26/2017","8.3476","8.2189","8.3690","8.1896","","1.60%"
"10/25/2017","8.2164","8.2225","8.2587","8.2055","","-0.03%"
"10/24/2017","8.2192","8.2007","8.2283","8.1846","","0.25%"
"10/23/2017","8.1989","8.1762","8.2250","8.1664","","0.45%"
"10/20/2017","8.1623","8.1272","8.1836","8.1220","","0.46%"
"10/19/2017","8.1251","8.1430","8.1811","8.1195","","-0.20%"
"10/18/2017","8.1413","8.1520","8.1858","8.1354","","-0.14%"
"10/17/2017","8.1530","8.1051","8.1773","8.1001","","0.61%"
"10/16/2017","8.1036","8.1134","8.1455","8.0927","","-0.13%"
"10/13/2017","8.1141","8.1217","8.1420","8.0822","","-0.12%"
"10/12/2017","8.1235","8.0490","8.1313","8.0252","","0.95%"
"10/11/2017","8.0467","8.0744","8.0845","8.0392","","-0.31%"
"10/10/2017","8.0719","8.1265","8.1294","8.0594","","-0.64%"
"10/09/2017","8.1236","8.1180","8.1345","8.1054","","0.11%"
"10/06/2017","8.1149","8.1415","8.1728","8.1088","","-0.31%"
"10/05/2017","8.1404","8.0979","8.1541","8.0837","","0.54%"
"10/04/2017","8.0969","8.1374","8.1413","8.0886","","-0.48%"
"10/03/2017","8.1361","8.1701","8.1987","8.1214","","-0.40%"
"10/02/2017","8.1686","8.1634","8.1924","8.1409","","0.27%"
"09/29/2017","8.1462","8.1140","8.1925","8.0969","","0.43%"
"09/28/2017","8.1114","8.1488","8.1773","8.1108","","-0.45%"
"09/27/2017","8.1482","8.1201","8.1848","8.1157","","0.37%"
"09/26/2017","8.1184","8.0440","8.1548","8.0343","","0.95%"
"09/25/2017","8.0421","7.9806","8.0601","7.9789","","0.75%"
"09/22/2017","7.9822","7.9730","7.9838","7.9418","","0.15%"
"09/21/2017","7.9703","8.0130","8.0322","7.9651","","-0.51%"
"09/20/2017","8.0115","7.9517","8.0358","7.9312","","0.77%"
"09/19/2017","7.9503","7.9611","7.9755","7.9343","","-0.13%"
"09/18/2017","7.9606","7.9643","7.9849","7.9417","","-0.05%"
"09/15/2017","7.9648","7.9882","8.0067","7.9363","","-0.27%"
"09/14/2017","7.9861","8.0327","8.0645","7.9869","","-0.56%"
"09/13/2017","8.0314","7.9700","8.0517","7.9543","","0.78%"
"09/12/2017","7.9696","8.0122","8.0253","7.9575","","-0.52%"
"09/11/2017","8.0113","7.9434","8.0171","7.9312","","1.04%"
"09/08/2017","7.9289","7.9200","7.9541","7.8880","","0.13%"
"09/07/2017","7.9183","7.9815","7.9920","7.9000","","-0.76%"
"09/06/2017","7.9790","7.9704","7.9857","7.9435","","0.15%"
"09/05/2017","7.9670","7.9629","7.9903","7.9375","","0.07%"
"09/04/2017","7.9614","7.9977","7.9984","7.9501","","-0.36%"
"09/01/2017","7.9903","7.9383","8.0107","7.9128","","0.67%"
"08/31/2017","7.9370","7.9792","8.0210","7.9375","","-0.50%"
"08/30/2017","7.9770","7.9393","7.9947","7.9302","","0.51%"
"08/29/2017","7.9363","7.9588","7.9907","7.9086","","-0.26%"
"08/28/2017","7.9572","7.9578","7.9841","7.9412","","-0.14%"
"08/25/2017","7.9683","8.0669","8.0943","7.9502","","-1.21%"
"08/24/2017","8.0662","8.0601","8.0834","8.0497","","0.10%"
"08/23/2017","8.0581","8.0947","8.1181","8.0493","","-0.43%"
"08/22/2017","8.0928","8.0724","8.1220","8.0668","","0.26%"
"08/21/2017","8.0716","8.1073","8.1234","8.0600","","-0.47%"
"08/18/2017","8.1095","8.1377","8.1496","8.1034","","-0.35%"
"08/17/2017","8.1376","8.0742","8.1500","8.0598","","0.80%"
"08/16/2017","8.0727","8.0739","8.1270","8.0622","","0.00%"
"08/15/2017","8.0724","8.1129","8.1459","8.0571","","-0.47%"
"08/14/2017","8.1106","8.1219","8.1313","8.1003","","-0.12%"
"08/11/2017","8.1207","8.1346","8.1754","8.1100","","-0.16%"
"08/10/2017","8.1334","8.1757","8.1947","8.1244","","-0.51%"
"08/09/2017","8.1752","8.1759","8.2281","8.1686","","0.01%"
"08/08/2017","8.1740","8.1508","8.1989","8.1108","","0.32%"
"08/07/2017","8.1476","8.1440","8.1681","8.1182","","0.06%"
"08/04/2017","8.1424","8.1013","8.1747","8.0802","","0.53%"
"08/03/2017","8.0996","8.0983","8.1220","8.0803","","0.07%"
"08/02/2017","8.0937","8.1100","8.1268","8.0687","","-0.13%"
"08/01/2017","8.1046","8.0670","8.1234","8.0557","","0.51%"
"07/31/2017","8.0632","8.1188","8.1407","8.0633","","-0.66%"
"07/28/2017","8.1166","8.2145","8.2231","8.1047","","-1.18%"
"07/27/2017","8.2139","8.1711","8.2361","8.1383","","0.55%"
"07/26/2017","8.1686","8.2076","8.2405","8.1558","","-0.48%"
"07/25/2017","8.2077","8.2154","8.2233","8.1650","","-0.09%"
"07/24/2017","8.2149","8.2459","8.2575","8.2058","","-0.31%"
"07/21/2017","8.2403","8.2224","8.2696","8.2016","","0.24%"
"07/20/2017","8.2209","8.3038","8.3375","8.2172","","-0.98%"
"07/19/2017","8.3026","8.3016","8.3115","8.2758","","0.02%"
"07/18/2017","8.3006","8.2897","8.3092","8.2503","","0.14%"
"07/17/2017","8.2887","8.3169","8.3420","8.2829","","-0.21%"
"07/14/2017","8.3063","8.3589","8.3648","8.3047","","-0.61%"
"07/13/2017","8.3569","8.4183","8.4210","8.3493","","-0.70%"
"07/12/2017","8.4161","8.3997","8.4426","8.3852","","0.21%"
"07/11/2017","8.3988","8.4313","8.4617","8.3950","","-0.36%"
"07/10/2017","8.4288","8.4308","8.4537","8.4179","","0.03%"
"07/07/2017","8.4262","8.4441","8.4551","8.4142","","-0.19%"
"07/06/2017","8.4426","8.4859","8.5057","8.4356","","-0.50%"
"07/05/2017","8.4846","8.5257","8.5320","8.4815","","-0.48%"
"07/04/2017","8.5252","8.4882","8.5493","8.4798","","0.45%"
"07/03/2017","8.4867","8.4244","8.4966","8.4147","","0.70%"
"06/30/2017","8.4274","8.4626","8.4849","8.4178","","-0.39%"
"06/29/2017","8.4602","8.5449","8.5471","8.4496","","-0.96%"
"06/28/2017","8.5425","8.6149","8.6406","8.5381","","-0.79%"
"06/27/2017","8.6101","8.7230","8.7285","8.6017","","-1.28%"
"06/26/2017","8.7215","8.7219","8.7358","8.6959","","0.02%"
"06/23/2017","8.7200","8.7469","8.7624","8.7028","","-0.32%"
"06/22/2017","8.7482","8.7479","8.7648","8.7246","","0.04%"
"06/21/2017","8.7446","8.7809","8.7917","8.7408","","-0.41%"
"06/20/2017","8.7810","8.7416","8.8006","8.7238","","0.45%"
"06/19/2017","8.7414","8.7061","8.7536","8.6869","","0.40%"
"06/16/2017","8.7067","8.7488","8.7667","8.6882","","-0.49%"
"06/15/2017","8.7500","8.7030","8.7703","8.6938","","0.55%"
"06/14/2017","8.7018","8.6942","8.7225","8.6235","","0.11%"
"06/13/2017","8.6921","8.7484","8.7585","8.6723","","-0.60%"
"06/12/2017","8.7444","8.7153","8.7508","8.6988","","0.34%"
"06/09/2017","8.7144","8.7110","8.7564","8.6977","","0.06%"
"06/08/2017","8.7095","8.6901","8.7347","8.6749","","0.23%"
"06/07/2017","8.6893","8.6632","8.7379","8.6606","","0.31%"
"06/06/2017","8.6624","8.6518","8.6864","8.6395","","0.11%"
"06/05/2017","8.6527","8.6265","8.6891","8.6213","","0.39%"
"06/02/2017","8.6190","8.6835","8.6967","8.6143","","-0.76%"
"06/01/2017","8.6850","8.6854","8.7251","8.6747","","-0.02%"
"05/31/2017","8.6866","8.7228","8.7458","8.6715","","-0.40%"
"05/30/2017","8.7219","8.7010","8.7682","8.7010","","0.26%"
"05/29/2017","8.6995","8.6974","8.7080","8.6790","","0.07%"
"05/26/2017","8.6932","8.6869","8.7131","8.6608","","0.09%"
"05/25/2017","8.6852","8.6701","8.6980","8.6426","","0.21%"
"05/24/2017","8.6673","8.7058","8.7255","8.6662","","-0.43%"
"05/23/2017","8.7044","8.6930","8.7129","8.6532","","0.15%"
"05/22/2017","8.6911","8.7221","8.7424","8.6882","","-0.39%"
"05/19/2017","8.7252","8.8077","8.8121","8.7096","","-0.92%"
"05/18/2017","8.8066","8.7313","8.8250","8.7245","","0.88%"
"05/17/2017","8.7298","8.7883","8.7931","8.7263","","-0.65%"
"05/16/2017","8.7873","8.8292","8.8663","8.7699","","-0.46%"
"05/15/2017","8.8279","8.8334","8.8602","8.8096","","0.04%"
"05/12/2017","8.8248","8.8834","8.9010","8.8252","","-0.65%"
"05/11/2017","8.8825","8.9205","8.9319","8.8416","","-0.44%"
"05/10/2017","8.9214","8.8881","8.9293","8.8694","","0.39%"
"05/09/2017","8.8866","8.8444","8.9041","8.8334","","0.49%"
"05/08/2017","8.8434","8.7888","8.8504","8.7635","","0.62%"
"05/05/2017","8.7886","8.8313","8.8493","8.7840","","-0.47%"
"05/04/2017","8.8298","8.8490","8.8610","8.8064","","-0.20%"
"05/03/2017","8.8475","8.8042","8.8493","8.7978","","0.51%"
"05/02/2017","8.8022","8.8460","8.8580","8.8012","","-0.50%"
"05/01/2017","8.8468","8.8514","8.8603","8.8136","","-0.06%"
"04/28/2017","8.8518","8.8353","8.8714","8.8028","","0.20%"
"04/27/2017","8.8342","8.7636","8.8753","8.7494","","0.83%"
"04/26/2017","8.7619","8.7739","8.8033","8.7474","","-0.11%"
"04/25/2017","8.7719","8.8608","8.8780","8.7513","","-0.96%"
"04/24/2017","8.8567","8.8345","8.8876","8.7997","","-1.64%"
"04/21/2017","9.0040","8.9863","9.0355","8.9714","","0.22%"
"04/20/2017","8.9845","8.9721","8.9980","8.9220","","0.15%"
"04/19/2017","8.9712","8.9558","8.9919","8.9385","","0.19%"
"04/18/2017","8.9540","8.9973","9.0099","8.9503","","-0.47%"
"04/17/2017","8.9959","9.0362","9.0477","8.9767","","-0.43%"
"04/14/2017","9.0351","9.0413","9.0486","9.0211","","-0.06%"
"04/13/2017","9.0409","8.9775","9.0467","8.9462","","0.74%"
"04/12/2017","8.9748","9.0613","9.0620","8.9684","","-0.93%"
"04/11/2017","9.0586","9.0771","9.1075","9.0295","","-0.19%"
"04/10/2017","9.0756","9.0704","9.0975","9.0599","","0.03%"
"04/07/2017","9.0727","9.0240","9.0916","9.0003","","0.56%"
"04/06/2017","9.0226","8.9900","9.0285","8.9736","","0.38%"
"04/05/2017","8.9883","9.0079","9.0108","8.9545","","-0.19%"
"04/04/2017","9.0053","8.9551","9.0391","8.9533","","0.59%"
"04/03/2017","8.9526","8.9661","8.9803","8.9102","","-0.17%"
"03/31/2017","8.9680","8.9432","8.9733","8.9132","","0.29%"
"03/30/2017","8.9422","8.8673","8.9455","8.8642","","0.85%"
"03/29/2017","8.8670","8.8316","8.9024","8.8245","","0.41%"
"03/28/2017","8.8305","8.7872","8.8393","8.7655","","0.50%"
"03/27/2017","8.7862","8.8109","8.8114","8.7601","","-0.30%"
"03/24/2017","8.8129","8.8275","8.8493","8.7929","","-0.16%"
"03/23/2017","8.8267","8.7979","8.8404","8.7867","","0.33%"
"03/22/2017","8.7979","8.7986","8.8422","8.7700","","0.03%"
"03/21/2017","8.7949","8.8214","8.8390","8.7719","","-0.29%"
"03/20/2017","8.8208","8.8310","8.8527","8.7964","","-0.12%"
"03/17/2017","8.8317","8.8191","8.8408","8.7879","","0.18%"
"03/16/2017","8.8159","8.8621","8.8879","8.8144","","-0.51%"
"03/15/2017","8.8611","8.9704","9.0129","8.8614","","-1.20%"
"03/14/2017","8.9689","8.9425","8.9792","8.9103","","0.30%"
"03/13/2017","8.9419","9.0082","9.0108","8.9369","","-0.66%"
"03/10/2017","9.0017","9.0454","9.0517","8.9826","","-0.47%"
"03/09/2017","9.0443","9.0547","9.0679","9.0037","","-0.10%"
"03/08/2017","9.0534","9.0122","9.0590","9.0032","","0.49%"
"03/07/2017","9.0097","9.0184","9.0303","8.9904","","-0.07%"
"03/06/2017","9.0158","8.9847","9.0298","8.9659","","0.40%"
"03/03/2017","8.9800","9.0844","9.0898","8.9812","","-1.14%"
"03/02/2017","9.0832","9.0470","9.0932","9.0313","","0.39%"
"03/01/2017","9.0477","9.0351","9.0774","9.0228","","0.14%"
"02/28/2017","9.0352","9.0626","9.0774","9.0011","","-0.27%"
"02/27/2017","9.0598","9.0383","9.0657","9.0084","","0.24%"
"02/24/2017","9.0380","8.9923","9.0395","8.9616","","0.52%"
"02/23/2017","8.9908","8.9785","9.0068","8.9645","","0.18%"
"02/22/2017","8.9743","8.9769","9.0288","8.9582","","0.00%"
"02/21/2017","8.9746","8.9351","8.9989","8.9324","","0.47%"
"02/20/2017","8.9326","8.9080","8.9405","8.8984","","0.26%"
"02/17/2017","8.9090","8.8582","8.9230","8.8527","","0.57%"
"02/16/2017","8.8589","8.9246","8.9275","8.8491","","-0.66%"
"02/15/2017","8.9182","8.9309","8.9875","8.9073","","-0.12%"
"02/14/2017","8.9291","8.9399","8.9542","8.9015","","-0.12%"
"02/13/2017","8.9395","8.9165","8.9449","8.8967","","0.22%"
"02/10/2017","8.9195","8.9085","8.9353","8.8956","","0.17%"
"02/09/2017","8.9040","8.8345","8.9141","8.8334","","0.79%"
"02/08/2017","8.8345","8.8680","8.8936","8.8284","","-0.45%"
"02/07/2017","8.8741","8.8242","8.9014","8.8209","","0.59%"
"02/06/2017","8.8223","8.7638","8.8520","8.7478","","0.71%"
"02/03/2017","8.7600","8.7519","8.8145","8.7377","","0.11%"
"02/02/2017","8.7506","8.7515","8.7593","8.6959","","0.02%"
"02/01/2017","8.7485","8.7419","8.7797","8.7168","","0.09%"
"01/31/2017","8.7404","8.8341","8.8426","8.7364","","-1.02%"
"01/30/2017","8.8308","8.8467","8.8879","8.8141","","-0.22%"
"01/27/2017","8.8500","8.8391","8.8715","8.8148","","0.13%"
"01/26/2017","8.8385","8.8171","8.8685","8.7995","","0.23%"
"01/25/2017","8.8181","8.8482","8.8706","8.8060","","-0.32%"
"01/24/2017","8.8463","8.8255","8.8641","8.8161","","0.23%"
"01/23/2017","8.8260","8.8925","8.8993","8.8241","","-0.68%"
"01/20/2017","8.8860","8.9494","8.9616","8.8806","","-0.70%"
"01/19/2017","8.9489","8.9562","9.0268","8.9230","","-0.03%"
"01/18/2017","8.9517","8.8836","8.9562","8.8818","","0.78%"
"01/17/2017","8.8822","8.9523","8.9589","8.8720","","-0.77%"
"01/16/2017","8.9508","8.9149","8.9743","8.9044","","0.54%"
"01/13/2017","8.9030","8.9526","8.9599","8.8959","","-0.54%"
"01/12/2017","8.9510","9.0258","9.0352","8.9007","","-0.83%"
"01/11/2017","9.0255","9.0831","9.1535","9.0071","","-0.62%"
"01/10/2017","9.0816","9.0454","9.0850","9.0042","","0.41%"
"01/09/2017","9.0446","9.0495","9.0939","9.0388","","-0.21%"
"01/06/2017","9.0640","8.9936","9.0772","8.9877","","0.81%"
"01/05/2017","8.9910","9.1089","9.1133","8.9903","","-1.24%"
"01/04/2017","9.1038","9.1615","9.1771","9.0951","","-0.65%"
"01/03/2017","9.1630","9.1324","9.2057","9.1015","","0.23%"
"01/02/2017","9.1416","9.0976","9.1515","9.0826","","0.37%"
"12/30/2016","9.1077","9.1212","9.1305","8.9993","","-0.12%"
"12/29/2016","9.1190","9.2056","9.2056","9.1083","","-0.95%"
"12/28/2016","9.2062","9.2275","9.2283","9.1800","","-0.21%"
"12/27/2016","9.2260","9.2068","9.2519","9.2024","","0.23%"
"12/26/2016","9.2046","9.2180","9.2465","9.1856","","-0.13%"
"12/23/2016","9.2167","9.2244","9.2439","9.1862","","-0.07%"
"12/22/2016","9.2235","9.2313","9.2335","9.1448","","-0.08%"
"12/21/2016","9.2313","9.3493","9.3615","9.2132","","-1.25%"
"12/20/2016","9.3480","9.3864","9.4114","9.3409","","-0.42%"
"12/19/2016","9.3876","9.3553","9.3965","9.3271","","0.33%"
"12/16/2016","9.3563","9.4092","9.4492","9.3379","","-0.54%"
"12/15/2016","9.4075","9.2613","9.4306","9.2576","","1.63%"
"12/14/2016","9.2565","9.1639","9.2950","9.1354","","1.01%"
"12/13/2016","9.1641","9.1673","9.1806","9.1272","","-0.01%"
"12/12/2016","9.1650","9.1983","9.2216","9.1548","","-0.19%"
"12/09/2016","9.1825","9.1253","9.2102","9.1211","","0.63%"
"12/08/2016","9.1252","9.0741","9.1673","8.9940","","0.60%"
"12/07/2016","9.0704","9.1263","9.1418","9.0578","","-0.61%"
"12/06/2016","9.1261","9.1144","9.1472","9.1082","","0.10%"
"12/05/2016","9.1170","9.1828","9.3089","9.0987","","-0.76%"
"12/02/2016","9.1870","9.2203","9.2279","9.1801","","-0.34%"
"12/01/2016","9.2188","9.2281","9.2632","9.1969","","-0.06%"
"11/30/2016","9.2240","9.1777","9.2668","9.1371","","0.51%"
"11/29/2016","9.1770","9.1968","9.2460","9.1640","","-0.23%"
"11/28/2016","9.1978","9.2319","9.2526","9.1697","","-0.46%"
"11/25/2016","9.2405","9.2491","9.2662","9.2037","","-0.09%"
"11/24/2016","9.2485","9.2798","9.3109","9.2171","","-0.32%"
"11/23/2016","9.2785","9.2203","9.2977","9.2027","","0.69%"
"11/22/2016","9.2152","9.2173","9.2633","9.1918","","-0.02%"
"11/21/2016","9.2172","9.2582","9.2740","9.2039","","-0.49%"
"11/18/2016","9.2623","9.2597","9.2848","9.2249","","0.30%"
"11/17/2016","9.2349","9.2007","9.2497","9.1516","","0.41%"
"11/16/2016","9.1976","9.1891","9.2235","9.1533","","0.13%"
"11/15/2016","9.1858","9.1554","9.1982","9.0640","","0.34%"
"11/14/2016","9.1549","9.0971","9.1807","9.0790","","0.70%"
"11/11/2016","9.0912","9.0418","9.1151","9.0217","","0.58%"
"11/10/2016","9.0386","9.0646","9.1156","9.0260","","-0.27%"
"11/09/2016","9.0631","8.9874","9.1233","8.9034","","0.81%"
"11/08/2016","8.9900","9.0263","9.0295","8.9737","","-0.36%"
"11/07/2016","9.0224","8.9522","9.0541","8.9496","","0.84%"
"11/04/2016","8.9470","8.9692","8.9985","8.9350","","-0.23%"
"11/03/2016","8.9672","8.9196","8.9774","8.8861","","0.53%"
"11/02/2016","8.9203","8.9623","8.9707","8.8899","","-0.46%"
"11/01/2016","8.9616","9.0314","9.0505","8.9378","","-0.76%"
"10/31/2016","9.0306","9.0136","9.0426","8.9912","","0.21%"
"10/28/2016","9.0116","9.0803","9.0843","8.9935","","-0.75%"
"10/27/2016","9.0798","8.9114","9.0907","8.8715","","1.93%"
"10/26/2016","8.9078","8.9243","8.9371","8.8960","","-0.20%"
"10/25/2016","8.9259","8.9088","8.9617","8.9008","","0.19%"
"10/24/2016","8.9092","8.9200","8.9355","8.8969","","-0.10%"
"10/21/2016","8.9181","8.8726","8.9408","8.8627","","0.54%"
"10/20/2016","8.8703","8.8356","8.8875","8.8057","","0.41%"
"10/19/2016","8.8341","8.8259","8.8535","8.8039","","0.09%"
"10/18/2016","8.8259","8.8127","8.8360","8.7869","","0.18%"
"10/17/2016","8.8103","8.8432","8.8501","8.8056","","-0.31%"
"10/14/2016","8.8380","8.7927","8.8482","8.7810","","0.55%"
"10/13/2016","8.7896","8.8430","8.8724","8.7880","","-0.57%"
"10/12/2016","8.8402","8.8197","8.8519","8.8054","","0.25%"
"10/11/2016","8.8182","8.6537","8.8292","8.6488","","1.92%"
"10/10/2016","8.6519","8.6318","8.6693","8.6265","","0.33%"
"10/07/2016","8.6231","8.6323","8.6783","8.5989","","-0.09%"
"10/06/2016","8.6308","8.5898","8.6378","8.5847","","0.50%"
"10/05/2016","8.5877","8.6007","8.6167","8.5557","","-0.14%"
"10/04/2016","8.5997","8.5665","8.6351","8.5627","","0.41%"
"10/03/2016","8.5643","8.5745","8.5907","8.5245","","-0.09%"
"09/30/2016","8.5717","8.5744","8.6307","8.5578","","0.00%"
"09/29/2016","8.5715","8.5641","8.5951","8.5387","","0.11%"
"09/28/2016","8.5617","8.5986","8.6160","8.5573","","-0.40%"
"09/27/2016","8.5963","8.5338","8.6342","8.5157","","0.76%"
"09/26/2016","8.5311","8.5430","8.5590","8.5146","","-0.11%"
"09/23/2016","8.5403","8.5532","8.5646","8.5292","","-0.09%"
"09/22/2016","8.5476","8.5589","8.5599","8.5080","","-0.10%"
"09/21/2016","8.5564","8.6003","8.6162","8.5549","","-0.48%"
"09/20/2016","8.5977","8.5643","8.6001","8.5354","","0.39%"
"09/19/2016","8.5639","8.5564","8.5768","8.5351","","-0.01%"
"09/16/2016","8.5650","8.4819","8.5793","8.4772","","0.99%"
"09/15/2016","8.4808","8.4842","8.5332","8.4642","","-0.05%"
"09/14/2016","8.4848","8.5273","8.5382","8.4611","","-0.49%"
"09/13/2016","8.5266","8.4815","8.5461","8.4728","","0.56%"
"09/12/2016","8.4788","8.4932","8.5392","8.4655","","-0.14%"
"09/09/2016","8.4903","8.4425","8.5176","8.4247","","0.59%"
"09/08/2016","8.4409","8.4432","8.4641","8.3773","","-0.01%"
"09/07/2016","8.4417","8.4645","8.4898","8.4247","","-0.25%"
"09/06/2016","8.4628","8.5668","8.5707","8.4567","","-1.22%"
"09/05/2016","8.5674","8.5845","8.5921","8.5439","","-0.16%"
"09/02/2016","8.5811","8.5535","8.6061","8.5157","","0.34%"
"09/01/2016","8.5520","8.5657","8.6155","8.5469","","-0.14%"
"08/31/2016","8.5637","8.5401","8.5843","8.5177","","0.29%"
"08/30/2016","8.5388","8.4664","8.5642","8.4642","","0.89%"
"08/29/2016","8.4631","8.4834","8.5075","8.4567","","-0.20%"
"08/26/2016","8.4800","8.4078","8.5076","8.3622","","0.88%"
"08/25/2016","8.4057","8.3983","8.4177","8.3852","","0.12%"
"08/24/2016","8.3957","8.3769","8.4236","8.3613","","0.24%"
"08/23/2016","8.3760","8.3752","8.3856","8.3397","","0.03%"
"08/22/2016","8.3732","8.3820","8.4292","8.3628","","-0.14%"
"08/19/2016","8.3848","8.3460","8.4045","8.3412","","0.48%"
"08/18/2016","8.3445","8.4249","8.4262","8.3360","","-0.94%"
"08/17/2016","8.4237","8.4145","8.4545","8.3972","","0.13%"
"08/16/2016","8.4130","8.4555","8.4630","8.3456","","-0.51%"
"08/15/2016","8.4559","8.4534","8.4814","8.4392","","0.03%"
"08/12/2016","8.4530","8.4737","8.4810","8.4039","","-0.23%"
"08/11/2016","8.4724","8.4677","8.4782","8.4162","","0.07%"
"08/10/2016","8.4662","8.5326","8.5412","8.4444","","-0.75%"
"08/09/2016","8.5302","8.5815","8.5979","8.5198","","-0.57%"
"08/08/2016","8.5795","8.5637","8.6045","8.5554","","0.11%"
"08/05/2016","8.5698","8.5210","8.5863","8.5081","","0.60%"
"08/04/2016","8.5187","8.5454","8.5696","8.5047","","-0.30%"
"08/03/2016","8.5444","8.5100","8.5540","8.4887","","0.42%"
"08/02/2016","8.5085","8.5945","8.5996","8.4976","","-0.99%"
"08/01/2016","8.5939","8.5470","8.6028","8.5435","","0.49%"
"07/29/2016","8.5518","8.6393","8.6461","8.5271","","-1.02%"
"07/28/2016","8.6397","8.6280","8.6486","8.5703","","0.13%"
"07/27/2016","8.6281","8.6592","8.7016","8.6108","","-0.35%"
"07/26/2016","8.6580","8.6364","8.6624","8.6175","","0.22%"
"07/25/2016","8.6393","8.6596","8.6727","8.6389","","-0.12%"
"07/22/2016","8.6493","8.5918","8.6787","8.5878","","0.67%"
"07/21/2016","8.5914","8.6009","8.6283","8.5727","","-0.08%"
"07/20/2016","8.5980","8.6118","8.6393","8.5879","","-0.14%"
"07/19/2016","8.6104","8.5463","8.6230","8.5445","","0.75%"
"07/18/2016","8.5467","8.5729","8.5749","8.5431","","-0.46%"
"07/15/2016","8.5860","8.4956","8.5952","8.4752","","1.08%"
"07/14/2016","8.4941","8.4953","8.5054","8.4583","","-0.05%"
"07/13/2016","8.4983","8.5405","8.5740","8.4719","","-0.48%"
"07/12/2016","8.5389","8.5748","8.5851","8.4985","","-0.40%"
"07/11/2016","8.5731","8.5834","8.6044","8.5547","","-0.05%"
"07/08/2016","8.5776","8.5781","8.6185","8.5393","","0.03%"
"07/07/2016","8.5749","8.5251","8.5915","8.5197","","0.62%"
"07/06/2016","8.5217","8.5231","8.5899","8.5043","","-0.02%"
"07/05/2016","8.5230","8.4184","8.5394","8.4093","","1.27%"
"07/04/2016","8.4162","8.4290","8.4710","8.4126","","-0.20%"
"07/01/2016","8.4334","8.4601","8.4890","8.4087","","-0.28%"
"06/30/2016","8.4573","8.4567","8.5347","8.4405","","0.07%"
"06/29/2016","8.4514","8.5070","8.5399","8.4526","","-0.63%"
"06/28/2016","8.5051","8.5559","8.5758","8.4783","","-0.59%"
"06/27/2016","8.5559","8.5024","8.6020","8.4565","","1.12%"
"06/24/2016","8.4615","8.1538","8.7651","8.1037","","3.77%"
"06/23/2016","8.1540","8.2630","8.2639","8.1421","","-1.29%"
"06/22/2016","8.2606","8.2807","8.2913","8.2308","","-0.22%"
"06/21/2016","8.2791","8.2440","8.2872","8.2087","","0.44%"
"06/20/2016","8.2425","8.3222","8.3222","8.2184","","-1.05%"
"06/17/2016","8.3298","8.3390","8.3556","8.2994","","-0.12%"
"06/16/2016","8.3399","8.3107","8.4425","8.2919","","0.37%"
"06/15/2016","8.3091","8.3086","8.3527","8.2861","","0.02%"
"06/14/2016","8.3071","8.2379","8.3196","8.2341","","0.87%"
"06/13/2016","8.2357","8.3042","8.3202","8.2293","","-0.93%"
"06/10/2016","8.3127","8.1778","8.3162","8.1733","","1.70%"
"06/09/2016","8.1739","8.1103","8.1814","8.0963","","0.80%"
"06/08/2016","8.1090","8.1298","8.1335","8.0917","","-0.23%"
"06/07/2016","8.1281","8.1229","8.1470","8.1061","","0.08%"
"06/06/2016","8.1218","8.1464","8.1748","8.1071","","-0.17%"
"06/03/2016","8.1354","8.3303","8.3320","8.1337","","-2.30%"
"06/02/2016","8.3268","8.2998","8.3439","8.2782","","0.40%"
"06/01/2016","8.2934","8.3327","8.3441","8.2866","","-0.45%"
"05/31/2016","8.3312","8.3396","8.3574","8.3064","","-0.03%"
"05/30/2016","8.3333","8.3424","8.3654","8.3157","","-0.19%"
"05/27/2016","8.3495","8.2811","8.3541","8.2705","","0.82%"
"05/26/2016","8.2815","8.2993","8.3191","8.2596","","-0.12%"
"05/25/2016","8.2915","8.3139","8.3210","8.2838","","-0.29%"
"05/24/2016","8.3153","8.3425","8.3726","8.3047","","-0.31%"
"05/23/2016","8.3410","8.3233","8.3663","8.3008","","0.34%"
"05/20/2016","8.3128","8.3600","8.3619","8.3133","","-0.51%"
"05/19/2016","8.3557","8.3539","8.3832","8.3280","","0.05%"
"05/18/2016","8.3514","8.2562","8.3565","8.2534","","1.16%"
"05/17/2016","8.2558","8.2609","8.2740","8.2238","","-0.06%"
"05/16/2016","8.2604","8.2505","8.2667","8.2220","","0.15%"
"05/13/2016","8.2478","8.1831","8.2731","8.1817","","0.82%"
"05/12/2016","8.1811","8.1437","8.1939","8.1300","","0.53%"
"05/11/2016","8.1383","8.1603","8.1637","8.1145","","-0.25%"
"05/10/2016","8.1588","8.1646","8.1721","8.1351","","-0.05%"
"05/09/2016","8.1630","8.1469","8.1696","8.1220","","0.31%"
"05/06/2016","8.1377","8.1116","8.1577","8.0824","","0.35%"
"05/05/2016","8.1097","8.0699","8.1197","8.0582","","0.51%"
"05/04/2016","8.0684","8.0594","8.0841","8.0330","","0.12%"
"05/03/2016","8.0584","7.9579","8.0607","7.8931","","1.27%"
"05/02/2016","7.9573","8.0294","8.0378","7.9561","","-0.92%"
"04/29/2016","8.0310","8.0695","8.0739","7.9858","","-0.47%"
"04/28/2016","8.0688","8.0944","8.1045","8.0313","","-0.31%"
"04/27/2016","8.0939","8.1209","8.1315","8.0607","","-0.30%"
"04/26/2016","8.1179","8.1314","8.1490","8.0729","","-0.14%"
"04/25/2016","8.1290","8.1594","8.1690","8.1205","","-0.30%"
"04/22/2016","8.1531","8.1416","8.1694","8.0878","","0.15%"
"04/21/2016","8.1405","8.1282","8.1469","8.0573","","0.14%"
"04/20/2016","8.1293","8.0867","8.1379","8.0399","","0.56%"
"04/19/2016","8.0842","8.1156","8.1240","8.0675","","-0.37%"
"04/18/2016","8.1141","8.1392","8.1493","8.0990","","-0.23%"
"04/15/2016","8.1328","8.1349","8.1592","8.1027","","0.04%"
"04/14/2016","8.1297","8.1406","8.1848","8.1119","","-0.12%"
"04/13/2016","8.1398","8.0810","8.1489","8.0772","","0.74%"
"04/12/2016","8.0799","8.1143","8.1216","8.0310","","-0.40%"
"04/11/2016","8.1122","8.1460","8.1618","8.0921","","-0.48%"
"04/08/2016","8.1512","8.1682","8.1802","8.1283","","-0.20%"
"04/07/2016","8.1673","8.1494","8.1753","8.1139","","0.23%"
"04/06/2016","8.1487","8.1349","8.1805","8.1273","","0.19%"
"04/05/2016","8.1329","8.1269","8.1676","8.1139","","0.05%"
"04/04/2016","8.1290","8.1267","8.1467","8.1067","","-0.08%"
"04/01/2016","8.1359","8.1176","8.1535","8.0778","","0.24%"
"03/31/2016","8.1164","8.1287","8.1640","8.0853","","-0.14%"
"03/30/2016","8.1274","8.2004","8.2043","8.1248","","-0.85%"
"03/29/2016","8.1970","8.2863","8.3050","8.1907","","-1.06%"
"03/28/2016","8.2848","8.2997","8.3205","8.2621","","-0.21%"
"03/25/2016","8.3026","8.2944","8.3141","8.2878","","0.14%"
"03/24/2016","8.2908","8.2641","8.3133","8.2607","","0.36%"
"03/23/2016","8.2609","8.2288","8.2845","8.2217","","0.41%"
"03/22/2016","8.2273","8.2381","8.2867","8.2094","","-0.08%"
"03/21/2016","8.2337","8.2344","8.2539","8.2052","","0.03%"
"03/18/2016","8.2312","8.1786","8.2416","8.1657","","0.66%"
"03/17/2016","8.1772","8.2185","8.2443","8.1339","","-0.49%"
"03/16/2016","8.2178","8.3155","8.3509","8.1992","","-1.16%"
"03/15/2016","8.3139","8.3457","8.3655","8.3022","","-0.34%"
"03/14/2016","8.3422","8.3502","8.3669","8.3263","","0.02%"
"03/11/2016","8.3404","8.3807","8.4057","8.3281","","-0.46%"
"03/10/2016","8.3788","8.4475","8.5467","8.3400","","-0.79%"
"03/09/2016","8.4459","8.4854","8.5180","8.4119","","-0.44%"
"03/08/2016","8.4834","8.4725","8.5219","8.4557","","0.15%"
"03/07/2016","8.4704","8.4745","8.5344","8.4691","","0.04%"
"03/04/2016","8.4674","8.5252","8.5550","8.4649","","-0.66%"
"03/03/2016","8.5234","8.6090","8.6261","8.5174","","-0.98%"
"03/02/2016","8.6075","8.6206","8.6487","8.5962","","-0.19%"
"03/01/2016","8.6241","8.5677","8.6469","8.5530","","0.69%"
"02/29/2016","8.5653","8.5552","8.5963","8.5177","","0.17%"
"02/26/2016","8.5505","8.5062","8.5651","8.4625","","0.54%"
"02/25/2016","8.5045","8.4889","8.5414","8.4691","","0.20%"
"02/24/2016","8.4879","8.4912","8.5507","8.4636","","-0.02%"
"02/23/2016","8.4895","8.4995","8.5094","8.4673","","-0.10%"
"02/22/2016","8.4982","8.4533","8.5118","8.4413","","0.66%"
"02/19/2016","8.4423","8.4445","8.4864","8.4236","","-0.01%"
"02/18/2016","8.4429","8.5137","8.5212","8.4401","","-0.84%"
"02/17/2016","8.5140","8.5070","8.5349","8.4615","","0.10%"
"02/16/2016","8.5056","8.4861","8.5211","8.4574","","0.25%"
"02/15/2016","8.4847","8.4264","8.5135","8.4099","","0.82%"
"02/12/2016","8.4159","8.3765","8.4527","8.3601","","0.49%"
"02/11/2016","8.3750","8.3769","8.4777","8.3395","","0.00%"
"02/10/2016","8.3754","8.4216","8.4912","8.3681","","-0.47%"
"02/09/2016","8.4149","8.4450","8.4894","8.3842","","-0.32%"
"02/08/2016","8.4423","8.4582","8.5040","8.4080","","-0.26%"
"02/05/2016","8.4644","8.4004","8.4898","8.3832","","0.79%"
"02/04/2016","8.3980","8.4300","8.4592","8.3596","","-0.37%"
"02/03/2016","8.4295","8.5571","8.5832","8.4152","","-1.46%"
"02/02/2016","8.5546","8.5282","8.5884","8.5144","","0.34%"
"02/01/2016","8.5255","8.5746","8.6026","8.5105","","-0.62%"
"01/29/2016","8.5789","8.5088","8.6186","8.4915","","0.86%"
"01/28/2016","8.5060","8.5117","8.5424","8.4961","","-0.03%"
"01/27/2016","8.5089","8.5377","8.5615","8.4825","","-0.31%"
"01/26/2016","8.5356","8.5611","8.5775","8.5371","","-0.34%"
"01/25/2016","8.5643","8.5849","8.5981","8.5502","","-0.14%"
"01/22/2016","8.5764","8.5600","8.6024","8.5299","","0.20%"
"01/21/2016","8.5591","8.5920","8.6564","8.5467","","-0.37%"
"01/20/2016","8.5909","8.5396","8.6119","8.5122","","0.62%"
"01/19/2016","8.5383","8.5768","8.5994","8.5147","","-0.44%"
"01/18/2016","8.5762","8.5778","8.6080","8.5661","","-0.11%"
"01/15/2016","8.5856","8.5622","8.5950","8.5264","","0.42%"
"01/14/2016","8.5497","8.5290","8.5686","8.4930","","0.25%"
"01/13/2016","8.5288","8.5296","8.5696","8.5088","","0.02%"
"01/12/2016","8.5267","8.5399","8.5678","8.5083","","-0.13%"
"01/11/2016","8.5375","8.4999","8.5452","8.4839","","0.51%"
"01/08/2016","8.4941","8.4665","8.5799","8.4593","","0.36%"
"01/07/2016","8.4633","8.5862","8.5967","8.4583","","-1.41%"
"01/06/2016","8.5845","8.5996","8.6147","8.5755","","-0.15%"
"01/05/2016","8.5971","8.4947","8.6352","8.4918","","1.21%"
"01/04/2016","8.4942","8.4451","8.5212","8.3936","","0.58%"
"01/01/2016","8.4450","8.4440","8.4551","8.4440","","-0.02%"
"12/31/2015","8.4465","8.4114","8.4672","8.3894","","0.44%"
"12/30/2015","8.4099","8.3811","8.4363","8.3382","","0.38%"
"12/29/2015","8.3779","8.3718","8.3950","8.3231","","0.08%"
"12/28/2015","8.3710","8.4000","8.4067","8.3583","","-0.21%"
"12/25/2015","8.3890","8.3931","8.4063","8.3803","","-0.12%"
"12/24/2015","8.3988","8.4410","8.4556","8.3850","","-0.48%"
"12/23/2015","8.4393","8.4256","8.4756","8.4250","","0.18%"
"12/22/2015","8.4239","8.5013","8.5082","8.4006","","-0.88%"
"12/21/2015","8.4989","8.5561","8.5756","8.4885","","-0.58%"
"12/18/2015","8.5489","8.5650","8.5831","8.5188","","-0.15%"
"12/17/2015","8.5615","8.5013","8.5834","8.4977","","0.72%"
"12/16/2015","8.5001","8.5061","8.5448","8.4459","","-0.08%"
"12/15/2015","8.5071","8.4815","8.5232","8.3964","","0.31%"
"12/14/2015","8.4805","8.5178","8.5445","8.4550","","-0.19%"
"12/11/2015","8.4963","8.5170","8.5285","8.4554","","-0.26%"
"12/10/2015","8.5186","8.4109","8.5255","8.4067","","1.30%"
"12/09/2015","8.4094","8.5117","8.5234","8.3983","","-1.18%"
"12/08/2015","8.5101","8.5451","8.5540","8.4769","","-0.39%"
"12/07/2015","8.5437","8.4843","8.5590","8.4834","","0.71%"
"12/04/2015","8.4832","8.4826","8.5317","8.4667","","0.03%"
"12/03/2015","8.4810","8.6759","8.7175","8.4434","","-2.24%"
"12/02/2015","8.6757","8.6842","8.7253","8.6646","","-0.03%"
"12/01/2015","8.6783","8.7282","8.7290","8.6614","","-0.55%"
"11/30/2015","8.7267","8.7419","8.7534","8.6910","","-0.03%"
"11/27/2015","8.7297","8.7378","8.7547","8.7102","","-0.06%"
"11/26/2015","8.7349","8.7282","8.7462","8.7198","","0.09%"
"11/25/2015","8.7267","8.6948","8.7839","8.6685","","0.39%"
"11/24/2015","8.6929","8.7178","8.7311","8.6832","","-0.27%"
"11/23/2015","8.7164","8.7235","8.7506","8.6833","","-0.03%"
"11/20/2015","8.7192","8.6701","8.7206","8.6633","","0.58%"
"11/19/2015","8.6686","8.7263","8.7324","8.6439","","-0.64%"
"11/18/2015","8.7246","8.7558","8.7603","8.6925","","-0.34%"
"11/17/2015","8.7543","8.7284","8.7673","8.7165","","0.31%"
"11/16/2015","8.7269","8.7171","8.7288","8.6749","","0.38%"
"11/13/2015","8.6940","8.6317","8.7234","8.6235","","0.73%"
"11/12/2015","8.6312","8.6823","8.7011","8.6045","","-0.58%"
"11/11/2015","8.6812","8.6886","8.7176","8.6529","","-0.07%"
"11/10/2015","8.6871","8.6871","8.7212","8.6721","","0.01%"
"11/09/2015","8.6859","8.7287","8.7314","8.6478","","-0.39%"
"11/06/2015","8.7197","8.6281","8.7631","8.6217","","1.08%"
"11/05/2015","8.6268","8.6287","8.6580","8.6045","","-0.01%"
"11/04/2015","8.6278","8.5358","8.6470","8.5320","","1.11%"
"11/03/2015","8.5334","8.5283","8.5833","8.5084","","0.03%"
"11/02/2015","8.5306","8.5229","8.5389","8.4946","","-0.06%"
"10/30/2015","8.5358","8.5279","8.5527","8.4797","","0.04%"
"10/29/2015","8.5321","8.5484","8.5775","8.5006","","-0.14%"
"10/28/2015","8.5441","8.5062","8.5605","8.3987","","0.54%"
"10/27/2015","8.4984","8.5071","8.5171","8.4812","","-0.08%"
"10/26/2015","8.5053","8.5014","8.5280","8.4735","","0.07%"
"10/23/2015","8.4994","8.4505","8.5287","8.4301","","0.60%"
"10/22/2015","8.4490","8.3296","8.4655","8.3081","","1.45%"
"10/21/2015","8.3283","8.3037","8.3363","8.2862","","0.31%"
"10/20/2015","8.3022","8.3190","8.3227","8.2639","","-0.19%"
"10/19/2015","8.3181","8.2528","8.3291","8.2265","","0.89%"
"10/16/2015","8.2447","8.2308","8.2523","8.2108","","0.13%"
"10/15/2015","8.2341","8.1074","8.2512","8.0986","","1.54%"
"10/14/2015","8.1090","8.1361","8.1466","8.0937","","-0.36%"
"10/13/2015","8.1387","8.1853","8.1907","8.0954","","-0.50%"
"10/12/2015","8.1800","8.2037","8.2086","8.1559","","-0.18%"
"10/09/2015","8.1944","8.2461","8.2589","8.1450","","-0.61%"
"10/08/2015","8.2445","8.2501","8.2589","8.2083","","-0.01%"
"10/07/2015","8.2455","8.2358","8.2747","8.2248","","0.13%"
"10/06/2015","8.2346","8.3391","8.3422","8.2267","","-1.22%"
"10/05/2015","8.3365","8.3655","8.3734","8.2927","","-0.26%"
"10/02/2015","8.3579","8.3770","8.3991","8.2738","","-0.20%"
"10/01/2015","8.3744","8.3686","8.4150","8.3401","","0.08%"
"09/30/2015","8.3675","8.3869","8.4232","8.3570","","-0.20%"
"09/29/2015","8.3845","8.4613","8.4717","8.3718","","-0.90%"
"09/28/2015","8.4605","8.4120","8.4956","8.3974","","0.63%"
"09/25/2015","8.4075","8.3847","8.4487","8.3826","","0.30%"
"09/24/2015","8.3826","8.4346","8.4378","8.3557","","-0.60%"
"09/23/2015","8.4334","8.3969","8.4453","8.3843","","0.40%"
"09/22/2015","8.3994","8.3679","8.4180","8.3402","","0.39%"
"09/21/2015","8.3664","8.2612","8.3679","8.2360","","1.48%"
"09/18/2015","8.2444","8.1683","8.2782","8.1608","","0.97%"
"09/17/2015","8.1656","8.2547","8.2773","8.1578","","-1.05%"
"09/16/2015","8.2525","8.3119","8.3161","8.2326","","-0.69%"
"09/15/2015","8.3098","8.2557","8.3134","8.2304","","0.67%"
"09/14/2015","8.2542","8.2227","8.2856","8.2136","","0.23%"
"09/11/2015","8.2351","8.3650","8.3717","8.2261","","-1.53%"
"09/10/2015","8.3627","8.3955","8.4254","8.3466","","-0.40%"
"09/09/2015","8.3960","8.4042","8.4550","8.3896","","-0.09%"
"09/08/2015","8.4032","8.4448","8.4624","8.3936","","-0.49%"
"09/07/2015","8.4445","8.4435","8.4715","8.4202","","0.14%"
"09/04/2015","8.4325","8.4090","8.4962","8.3994","","0.34%"
"09/03/2015","8.4043","8.4347","8.4520","8.3437","","-0.29%"
"09/02/2015","8.4288","8.4202","8.4725","8.4055","","0.13%"
"09/01/2015","8.4181","8.4723","8.4872","8.4094","","-0.63%"
"08/31/2015","8.4718","8.4595","8.5122","8.4075","","0.19%"
"08/28/2015","8.4555","8.4710","8.4848","8.4077","","-0.10%"
"08/27/2015","8.4643","8.4873","8.5251","8.4412","","-0.33%"
"08/26/2015","8.4923","8.3690","8.5237","8.3396","","1.49%"
"08/25/2015","8.3674","8.2504","8.4611","8.2504","","1.45%"
"08/24/2015","8.2482","8.3648","8.3766","8.1404","","-1.25%"
"08/21/2015","8.3522","8.5208","8.5237","8.3517","","-1.92%"
"08/20/2015","8.5160","8.5196","8.5588","8.4832","","-0.02%"
"08/19/2015","8.5181","8.5542","8.5982","8.5042","","-0.39%"
"08/18/2015","8.5512","8.5335","8.5583","8.4999","","0.21%"
"08/17/2015","8.5331","8.5083","8.5444","8.4851","","0.32%"
"08/14/2015","8.5055","8.4786","8.5248","8.4179","","0.35%"
"08/13/2015","8.4756","8.5920","8.6231","8.4613","","-1.37%"
"08/12/2015","8.5930","8.6586","8.6717","8.5496","","-0.73%"
"08/11/2015","8.6562","8.6877","8.7470","8.6456","","-0.34%"
"08/10/2015","8.6855","8.7602","8.7981","8.6711","","-0.91%"
"08/07/2015","8.7651","8.7481","8.8376","8.7270","","0.34%"
"08/06/2015","8.7354","8.6980","8.7828","8.6756","","0.49%"
"08/05/2015","8.6932","8.7116","8.7572","8.6675","","-0.20%"
"08/04/2015","8.7106","8.6564","8.7167","8.5935","","0.68%"
"08/03/2015","8.6514","8.6245","8.6702","8.6022","","0.37%"
"07/31/2015","8.6195","8.6237","8.6421","8.5126","","0.04%"
"07/30/2015","8.6164","8.6379","8.6769","8.5963","","-0.15%"
"07/29/2015","8.6293","8.5648","8.6522","8.5417","","0.77%"
"07/28/2015","8.5633","8.5103","8.5992","8.4987","","0.68%"
"07/27/2015","8.5053","8.5993","8.6023","8.4714","","-0.94%"
"07/24/2015","8.5862","8.5671","8.6268","8.5572","","0.29%"
"07/23/2015","8.5617","8.5977","8.6144","8.5453","","-0.36%"
"07/22/2015","8.5927","8.5475","8.6400","8.5181","","0.56%"
"07/21/2015","8.5450","8.6249","8.6530","8.5237","","-0.81%"
"07/20/2015","8.6144","8.6458","8.6695","8.5973","","-0.44%"
"07/17/2015","8.6529","8.5511","8.6569","8.5285","","1.22%"
"07/16/2015","8.5490","8.5036","8.5634","8.4957","","0.49%"
"07/15/2015","8.5069","8.4962","8.5416","8.4879","","0.15%"
"07/14/2015","8.4941","8.4873","8.5575","8.4809","","0.13%"
"07/13/2015","8.4827","8.4601","8.5051","8.3927","","0.61%"
"07/10/2015","8.4314","8.4885","8.4937","8.3886","","-0.64%"
"07/09/2015","8.4853","8.4635","8.5198","8.4192","","0.27%"
"07/08/2015","8.4624","8.5127","8.5406","8.4520","","-0.55%"
"07/07/2015","8.5091","8.4591","8.5709","8.4567","","0.60%"
"07/06/2015","8.4586","8.4978","8.5243","8.4328","","0.09%"
"07/03/2015","8.4514","8.4613","8.4827","8.4189","","-0.07%"
"07/02/2015","8.4572","8.3817","8.4746","8.3513","","0.92%"
"07/01/2015","8.3803","8.2848","8.3919","8.2620","","1.19%"
"06/30/2015","8.2819","8.2277","8.3184","8.1997","","0.67%"
"06/29/2015","8.2267","8.4004","8.4120","8.1922","","-0.88%"
"06/26/2015","8.2995","8.2447","8.3300","8.2406","","0.68%"
"06/25/2015","8.2436","8.2415","8.2643","8.2059","","0.06%"
"06/24/2015","8.2390","8.2629","8.2731","8.2050","","-0.24%"
"06/23/2015","8.2590","8.1493","8.2751","8.1384","","1.37%"
"06/22/2015","8.1477","8.1196","8.1575","8.0865","","0.46%"
"06/19/2015","8.1105","8.1336","8.1725","8.1088","","-0.25%"
"06/18/2015","8.1308","8.1116","8.1488","8.0315","","0.28%"
"06/17/2015","8.1084","8.1727","8.2167","8.0971","","-0.77%"
"06/16/2015","8.1710","8.1565","8.2212","8.1375","","0.16%"
"06/15/2015","8.1582","8.1839","8.2340","8.1492","","-0.30%"
"06/12/2015","8.1824","8.2068","8.2750","8.1512","","-0.29%"
"06/11/2015","8.2061","8.2630","8.2830","8.1915","","-0.66%"
"06/10/2015","8.2604","8.2921","8.3188","8.2094","","-0.34%"
"06/09/2015","8.2882","8.2979","8.3431","8.2676","","-0.09%"
"06/08/2015","8.2953","8.3695","8.4405","8.2863","","-1.01%"
"06/05/2015","8.3800","8.2756","8.4747","8.2617","","1.31%"
"06/04/2015","8.2715","8.2990","8.3399","8.2227","","-0.35%"
"06/03/2015","8.3005","8.4417","8.4658","8.2750","","-1.66%"
"06/02/2015","8.4405","8.5740","8.5898","8.4142","","-1.58%"
"06/01/2015","8.5763","8.5185","8.5981","8.5025","","0.67%"
"05/29/2015","8.5188","8.4702","8.5524","8.4445","","0.59%"
"05/28/2015","8.4687","8.5057","8.5311","8.4429","","-0.40%"
"05/27/2015","8.5027","8.4752","8.5765","8.4350","","0.34%"
"05/26/2015","8.4743","8.4182","8.4815","8.3964","","0.71%"
"05/25/2015","8.4148","8.3865","8.4246","8.3819","","0.31%"
"05/22/2015","8.3887","8.3385","8.4028","8.2451","","0.63%"
"05/21/2015","8.3364","8.3483","8.3675","8.2830","","-0.12%"
"05/20/2015","8.3464","8.3385","8.4055","8.3140","","0.08%"
"05/19/2015","8.3394","8.2315","8.3871","8.2272","","1.34%"
"05/18/2015","8.2290","8.1978","8.2508","8.1860","","0.50%"
"05/15/2015","8.1882","8.2287","8.3269","8.1850","","-0.58%"
"05/14/2015","8.2362","8.2397","8.2711","8.1875","","-0.01%"
"05/13/2015","8.2374","8.3329","8.3377","8.1969","","-1.13%"
"05/12/2015","8.3317","8.3000","8.3387","8.2312","","0.40%"
"05/11/2015","8.2982","8.2637","8.3259","8.2410","","0.50%"
"05/08/2015","8.2567","8.2583","8.3169","8.1977","","0.01%"
"05/07/2015","8.2557","8.2221","8.2979","8.1753","","0.44%"
"05/06/2015","8.2199","8.3485","8.3608","8.1755","","-1.46%"
"05/05/2015","8.3420","8.3720","8.4205","8.3249","","-0.33%"
"05/04/2015","8.3697","8.3944","8.4203","8.3279","","-0.36%"
"05/01/2015","8.3997","8.3265","8.4234","8.2723","","0.85%"
"04/30/2015","8.3287","8.3292","8.3853","8.2274","","0.01%"
"04/29/2015","8.3282","8.5100","8.5376","8.2935","","-2.18%"
"04/28/2015","8.5134","8.5986","8.6412","8.5110","","-0.97%"
"04/27/2015","8.5966","8.6300","8.6548","8.5734","","-0.42%"
"04/24/2015","8.6325","8.6349","8.6794","8.5892","","-0.01%"
"04/23/2015","8.6332","8.7309","8.7577","8.6185","","-1.10%"
"04/22/2015","8.7294","8.6645","8.7378","8.6068","","0.77%"
"04/21/2015","8.6627","8.6963","8.7444","8.6159","","-0.37%"
"04/20/2015","8.6949","8.6335","8.7051","8.6241","","0.72%"
"04/17/2015","8.6325","8.5899","8.6637","8.5455","","0.51%"
"04/16/2015","8.5885","8.7301","8.7340","8.5544","","-1.55%"
"04/15/2015","8.7234","8.7653","8.8234","8.7150","","-0.45%"
"04/14/2015","8.7629","8.8175","8.8669","8.7285","","-0.66%"
"04/13/2015","8.8207","8.8205","8.8855","8.7911","","0.00%"
"04/10/2015","8.8211","8.7607","8.8388","8.7373","","0.70%"
"04/09/2015","8.7596","8.6640","8.7817","8.6528","","1.02%"
"04/08/2015","8.6709","8.6752","8.6858","8.5954","","-0.07%"
"04/07/2015","8.6768","8.5766","8.6899","8.5449","","1.19%"
"04/06/2015","8.5751","8.5533","8.5778","8.4762","","0.28%"
"04/03/2015","8.5513","8.6339","8.6409","8.5089","","-0.93%"
"04/02/2015","8.6318","8.6665","8.6737","8.5805","","-0.37%"
"04/01/2015","8.6640","8.6274","8.6729","8.5850","","0.41%"
"03/31/2015","8.6288","8.5910","8.6651","8.5849","","0.46%"
"03/30/2015","8.5893","8.5960","8.6348","8.5750","","0.08%"
"03/27/2015","8.5827","8.5899","8.6448","8.5327","","-0.05%"
"03/26/2015","8.5874","8.4892","8.6024","8.4270","","1.19%"
"03/25/2015","8.4863","8.4916","8.5176","8.4510","","-0.04%"
"03/24/2015","8.4901","8.5013","8.5396","8.4303","","-0.10%"
"03/23/2015","8.4986","8.6104","8.6610","8.4790","","-1.42%"
"03/20/2015","8.6210","8.6740","8.6984","8.5805","","-0.58%"
"03/19/2015","8.6710","8.5785","8.7315","8.5546","","1.11%"
"03/18/2015","8.5755","8.6795","8.8286","8.5478","","-1.23%"
"03/17/2015","8.6822","8.6619","8.6957","8.6179","","0.25%"
"03/16/2015","8.6603","8.7100","8.7443","8.6162","","-0.62%"
"03/13/2015","8.7143","8.5883","8.7316","8.5863","","1.50%"
"03/12/2015","8.5857","8.6235","8.6698","8.5301","","-0.46%"
"03/11/2015","8.6255","8.5585","8.6671","8.5332","","0.76%"
"03/10/2015","8.5602","8.4878","8.5685","8.4715","","0.87%"
"03/09/2015","8.4863","8.4595","8.5020","8.4435","","0.38%"
"03/06/2015","8.4542","8.3410","8.5022","8.3281","","1.41%"
"03/05/2015","8.3367","8.3277","8.3764","8.3032","","0.12%"
"03/04/2015","8.3271","8.2742","8.3665","8.2658","","0.67%"
"03/03/2015","8.2718","8.3295","8.3448","8.2550","","-0.73%"
"03/02/2015","8.3325","8.3365","8.3746","8.3180","","-0.12%"
"02/27/2015","8.3423","8.4058","8.4095","8.3043","","-0.74%"
"02/26/2015","8.4042","8.2975","8.4096","8.2710","","1.27%"
"02/25/2015","8.2987","8.4136","8.4152","8.2893","","-1.36%"
"02/24/2015","8.4129","8.4140","8.4432","8.3819","","0.01%"
"02/23/2015","8.4120","8.3575","8.4757","8.3540","","0.51%"
"02/20/2015","8.3692","8.4249","8.4517","8.3355","","-0.63%"
"02/19/2015","8.4226","8.3580","8.4332","8.3339","","0.74%"
"02/18/2015","8.3605","8.3160","8.4352","8.3150","","0.44%"
"02/17/2015","8.3241","8.4075","8.4387","8.3119","","-1.09%"
"02/16/2015","8.4157","8.4150","8.4340","8.3790","","0.07%"
"02/13/2015","8.4101","8.4425","8.4478","8.3869","","-0.41%"
"02/12/2015","8.4443","8.3781","8.5535","8.3537","","0.80%"
"02/11/2015","8.3772","8.3273","8.4304","8.3070","","0.63%"
"02/10/2015","8.3247","8.3465","8.3832","8.2998","","-0.42%"
"02/09/2015","8.3596","8.3850","8.4229","8.3368","","-0.40%"
"02/06/2015","8.3931","8.2487","8.4102","8.2252","","1.80%"
"02/05/2015","8.2446","8.2853","8.3139","8.2259","","-0.48%"
"02/04/2015","8.2844","8.2145","8.3096","8.2033","","0.87%"
"02/03/2015","8.2130","8.3172","8.3255","8.1711","","-1.22%"
"02/02/2015","8.3146","8.2795","8.3232","8.2333","","0.50%"
"01/30/2015","8.2731","8.2780","8.2934","8.2300","","-0.03%"
"01/29/2015","8.2755","8.2963","8.3085","8.2033","","-0.25%"
"01/28/2015","8.2965","8.1821","8.3106","8.1469","","1.48%"
"01/27/2015","8.1755","8.2980","8.3239","8.1497","","-1.51%"
"01/26/2015","8.3005","8.3250","8.3885","8.2640","","-0.42%"
"01/23/2015","8.3359","8.2363","8.3712","8.2125","","1.30%"
"01/22/2015","8.2287","8.1784","8.2597","8.1035","","0.70%"
"01/21/2015","8.1717","8.1731","8.2084","8.0950","","0.11%"
"01/20/2015","8.1630","8.1345","8.1931","8.1085","","0.37%"
"01/19/2015","8.1330","8.1168","8.1440","8.0850","","0.19%"
"01/16/2015","8.1178","8.0965","8.1755","8.0837","","0.20%"
"01/15/2015","8.1017","8.0842","8.2114","8.0507","","0.23%"
"01/14/2015","8.0834","8.0699","8.1030","7.9991","","0.19%"
"01/13/2015","8.0684","8.0695","8.0920","7.9711","","-0.06%"
"01/12/2015","8.0732","8.0460","8.1068","8.0230","","0.29%"
"01/09/2015","8.0497","8.0277","8.0642","8.0100","","0.26%"
"01/08/2015","8.0287","7.9763","8.0597","7.9468","","0.67%"
"01/07/2015","7.9749","7.9160","7.9935","7.9100","","0.75%"
"01/06/2015","7.9153","7.9362","7.9442","7.8770","","-0.30%"
"01/05/2015","7.9389","7.9175","7.9868","7.9005","","0.23%"
"01/02/2015","7.9207","7.7930","7.9250","7.7910","","1.68%"
"01/01/2015","7.7900","7.7965","7.8093","7.7930","","-0.07%"