"Date","Price","Open","High","Low","Change %"
"08/17/2026","2.976","2.953","3.001","2.944","0.61%"
"08/14/2026","2.958","2.942","2.969","2.903","1.02%"
"08/13/2026","2.928","2.979","3.051","2.917","-2.01%"
"08/12/2026","2.988","2.979","3.051","2.973","-1.06%"
"08/11/2026","3.020","2.979","3.051","2.973","-0.30%"
"08/10/2026","3.029","2.979","3.029","2.973","2.16%"
"08/07/2026","2.965","2.924","2.979","2.900","1.26%"
"08/06/2026","2.928","2.879","2.934","2.879","3.35%"
"08/05/2026","2.833","2.827","2.846","2.821","0.25%"
"08/04/2026","2.826","2.894","2.897","2.826","-3.25%"
"07/31/2026","2.921","2.865","2.929","2.862","2.28%"
"07/30/2026","2.856","2.866","2.869","2.830","-0.10%"
"07/29/2026","2.859","2.868","2.924","2.831","0.32%"
"07/28/2026","2.850","2.859","2.873","2.836","-0.66%"
"07/27/2026","2.869","2.856","2.900","2.853","-1.41%"
"07/24/2026","2.910","2.941","2.946","2.893","-1.59%"
"07/23/2026","2.957","2.907","2.974","2.902","2.32%"
"07/22/2026","2.890","2.833","2.898","2.830","2.26%"
"07/21/2026","2.826","2.821","2.837","2.804","-0.46%"
"07/20/2026","2.839","2.870","2.878","2.823","-1.05%"
"07/17/2026","2.869","2.824","2.874","2.811","1.45%"
"07/16/2026","2.828","2.836","2.866","2.825","0.32%"
"07/15/2026","2.819","2.888","2.890","2.811","-1.78%"
"07/14/2026","2.870","2.909","2.930","2.824","-0.76%"
"07/13/2026","2.892","2.846","2.906","2.840","2.55%"
"07/10/2026","2.820","2.783","2.839","2.783","0.39%"
"07/09/2026","2.809","2.838","2.862","2.795","-1.95%"
"07/08/2026","2.865","2.865","2.886","2.824","2.54%"
"07/07/2026","2.794","2.754","2.804","2.732","2.27%"
"07/06/2026","2.732","2.733","2.753","2.718","-0.94%"
"07/03/2026","2.758","2.763","2.763","2.744","-0.07%"
"07/02/2026","2.760","2.776","2.807","2.760","0.55%"
"06/30/2026","2.745","2.729","2.764","2.729","0.55%"
"06/29/2026","2.730","2.764","2.764","2.730","-0.69%"
"06/26/2026","2.749","2.734","2.772","2.734","-0.11%"
"06/25/2026","2.752","2.740","2.759","2.717","0.66%"
"06/24/2026","2.734","2.766","2.782","2.729","-1.69%"
"06/23/2026","2.781","2.778","2.794","2.770","-1.03%"
"06/22/2026","2.810","2.784","2.823","2.778","1.08%"
"06/19/2026","2.780","2.808","2.821","2.759","-0.07%"
"06/18/2026","2.782","2.840","2.869","2.772","-1.45%"
"06/17/2026","2.823","2.743","2.839","2.740","2.58%"
"06/16/2026","2.752","2.735","2.757","2.729","-0.29%"
"06/15/2026","2.760","2.717","2.765","2.702","0.00%"
"06/12/2026","2.760","2.757","2.791","2.757","-0.65%"
"06/11/2026","2.778","2.812","2.846","2.760","-2.42%"
"06/10/2026","2.847","2.863","2.889","2.824","0.00%"
"06/09/2026","2.847","2.860","2.883","2.841","-1.25%"
"06/08/2026","2.883","2.883","2.890","2.839","0.56%"
"06/05/2026","2.867","2.812","2.921","2.807","1.96%"
"06/04/2026","2.812","2.800","2.815","2.777","-0.28%"
"06/03/2026","2.820","2.837","2.842","2.808","0.50%"
"06/02/2026","2.806","2.795","2.824","2.782","-0.21%"
"06/01/2026","2.812","2.809","2.864","2.801","1.19%"
"05/29/2026","2.779","2.825","2.833","2.769","-2.53%"
"05/28/2026","2.851","2.873","2.910","2.837","-0.45%"
"05/27/2026","2.864","2.817","2.872","2.797","0.95%"
"05/26/2026","2.837","2.867","2.874","2.830","-0.28%"
"05/25/2026","2.845","2.852","2.866","2.842","-2.40%"
"05/22/2026","2.915","2.901","2.970","2.869","0.00%"
"05/21/2026","2.915","2.929","2.976","2.873","-1.05%"
"05/20/2026","2.946","3.004","3.041","2.902","-3.12%"
"05/19/2026","3.041","3.060","3.077","3.005","-0.62%"
"05/15/2026","3.060","3.022","3.074","2.990","2.96%"
"05/14/2026","2.972","2.942","2.972","2.916","0.51%"
"05/13/2026","2.957","2.963","3.005","2.954","-0.61%"
"05/12/2026","2.975","2.965","2.992","2.950","1.19%"
"05/11/2026","2.940","2.920","2.982","2.899","2.65%"
"05/08/2026","2.864","2.913","2.943","2.839","-2.39%"
"05/07/2026","2.934","2.893","2.962","2.861","0.93%"
"05/06/2026","2.907","2.928","2.951","2.891","-4.06%"
"05/05/2026","3.030","3.038","3.067","3.007","-0.72%"
"05/04/2026","3.052","2.977","3.077","2.954","3.95%"
"05/01/2026","2.936","2.959","2.984","2.913","-0.84%"
"04/30/2026","2.961","3.016","3.039","2.940","-2.47%"
"04/29/2026","3.036","2.892","3.049","2.881","5.42%"
"04/28/2026","2.880","2.848","2.893","2.838","1.48%"
"04/27/2026","2.838","2.837","2.845","2.820","0.71%"
"04/24/2026","2.818","2.853","2.868","2.811","-0.77%"
"04/23/2026","2.840","2.854","2.877","2.802","0.18%"
"04/22/2026","2.835","2.801","2.835","2.785","0.78%"
"04/21/2026","2.813","2.768","2.844","2.763","1.85%"
"04/20/2026","2.762","2.796","2.797","2.751","-0.50%"
"04/17/2026","2.776","2.831","2.837","2.745","-1.35%"
"04/16/2026","2.814","2.787","2.827","2.773","0.61%"
"04/15/2026","2.797","2.775","2.803","2.770","0.83%"
"04/14/2026","2.774","2.783","2.819","2.761","-0.79%"
"04/13/2026","2.796","2.812","2.842","2.788","0.32%"
"04/10/2026","2.787","2.801","2.813","2.766","-0.04%"
"04/09/2026","2.788","2.796","2.836","2.764","-0.54%"
"04/08/2026","2.803","2.739","2.855","2.733","-1.79%"
"04/07/2026","2.854","2.836","2.912","2.830","0.96%"
"04/06/2026","2.827","2.853","2.865","2.816","0.60%"
"04/02/2026","2.810","2.856","2.881","2.785","-0.64%"
"04/01/2026","2.828","2.788","2.839","2.780","0.07%"
"03/31/2026","2.826","2.873","2.891","2.796","-2.11%"
"03/30/2026","2.887","2.937","2.946","2.865","-2.27%"
"03/27/2026","2.954","3.037","3.045","2.946","-0.74%"
"03/26/2026","2.976","2.956","2.993","2.894","2.59%"
"03/25/2026","2.901","2.905","2.981","2.863","-2.52%"
"03/24/2026","2.976","2.986","3.013","2.936","0.30%"
"03/23/2026","2.967","3.168","3.212","2.901","-3.26%"
"03/20/2026","3.067","2.926","3.084","2.905","7.92%"
"03/19/2026","2.842","2.788","2.922","2.766","3.01%"
"03/18/2026","2.759","2.655","2.767","2.647","3.64%"
"03/17/2026","2.662","2.703","2.714","2.654","-1.66%"
"03/16/2026","2.707","2.796","2.799","2.702","-3.18%"
"03/13/2026","2.796","2.827","2.843","2.718","-0.92%"
"03/12/2026","2.822","2.737","2.830","2.714","3.52%"
"03/11/2026","2.726","2.685","2.733","2.661","2.64%"
"03/10/2026","2.656","2.688","2.730","2.604","0.84%"
"03/09/2026","2.634","2.688","2.730","2.622","-0.08%"
"03/06/2026","2.636","2.632","2.643","2.585","1.74%"
"03/05/2026","2.591","2.562","2.614","2.544","2.17%"
"03/04/2026","2.536","2.516","2.541","2.501","0.83%"
"03/03/2026","2.515","2.581","2.672","2.489","1.25%"
"03/02/2026","2.484","2.414","2.509","2.414","3.80%"
"02/27/2026","2.393","2.433","2.433","2.393","-1.60%"
"02/26/2026","2.432","2.460","2.471","2.428","-1.14%"
"02/25/2026","2.460","2.442","2.468","2.442","0.41%"
"02/24/2026","2.450","2.436","2.455","2.430","0.57%"
"02/23/2026","2.436","2.435","2.449","2.429","-0.29%"
"02/20/2026","2.443","2.437","2.454","2.425","-0.20%"
"02/19/2026","2.448","2.454","2.464","2.438","0.12%"
"02/18/2026","2.445","2.451","2.464","2.411","-0.37%"
"02/17/2026","2.454","2.467","2.485","2.436","-0.97%"
"02/13/2026","2.478","2.499","2.505","2.458","-0.40%"
"02/12/2026","2.488","2.526","2.536","2.488","-1.47%"
"02/11/2026","2.525","2.538","2.556","2.511","-0.59%"
"02/10/2026","2.540","2.537","2.553","2.524","-0.12%"
"02/09/2026","2.543","2.562","2.562","2.538","-0.35%"
"02/06/2026","2.552","2.552","2.603","2.549","0.16%"
"02/05/2026","2.548","2.585","2.590","2.542","-1.20%"
"02/04/2026","2.579","2.587","2.603","2.572","-0.08%"
"02/03/2026","2.581","2.583","2.592","2.578","0.27%"
"02/02/2026","2.574","2.557","2.585","2.552","0.66%"
"01/30/2026","2.557","2.579","2.579","2.554","-0.70%"
"01/29/2026","2.575","2.597","2.597","2.569","-0.50%"
"01/28/2026","2.588","2.584","2.602","2.574","-0.15%"
"01/27/2026","2.592","2.570","2.600","2.567","0.78%"
"01/26/2026","2.572","2.568","2.579","2.563","-1.34%"
"01/23/2026","2.607","2.607","2.629","2.601","1.88%"
"01/22/2026","2.559","2.555","2.576","2.555","-0.20%"
"01/21/2026","2.564","2.548","2.575","2.542","0.12%"
"01/20/2026","2.561","2.552","2.564","2.532","1.03%"
"01/19/2026","2.535","2.549","2.555","2.535","-0.55%"
"01/16/2026","2.549","2.529","2.555","2.524","0.35%"
"01/15/2026","2.540","2.524","2.554","2.524","0.24%"
"01/14/2026","2.534","2.549","2.566","2.526","-0.94%"
"01/13/2026","2.558","2.571","2.589","2.555","-0.31%"
"01/12/2026","2.566","2.555","2.580","2.555","0.55%"
"01/09/2026","2.552","2.577","2.583","2.544","-0.55%"
"01/08/2026","2.566","2.559","2.585","2.559","-0.23%"
"01/07/2026","2.572","2.568","2.592","2.553","-0.46%"
"01/06/2026","2.584","2.584","2.608","2.570","0.27%"
"01/05/2026","2.577","2.596","2.617","2.557","-1.23%"
"01/02/2026","2.609","2.605","2.632","2.594","0.73%"
"12/31/2025","2.590","2.582","2.602","2.577","0.23%"
"12/30/2025","2.584","2.573","2.599","2.568","0.86%"
"12/29/2025","2.562","2.565","2.579","2.560","-0.39%"
"12/24/2025","2.572","2.578","2.590","2.565","-0.04%"
"12/23/2025","2.573","2.592","2.612","2.573","-1.11%"
"12/22/2025","2.602","2.623","2.634","2.599","-0.57%"
"12/19/2025","2.617","2.619","2.634","2.601","0.77%"
"12/18/2025","2.597","2.591","2.608","2.576","-0.15%"
"12/17/2025","2.601","2.595","2.614","2.589","0.77%"
"12/16/2025","2.581","2.586","2.608","2.576","-0.35%"
"12/15/2025","2.590","2.609","2.611","2.570","-0.80%"
"12/12/2025","2.611","2.644","2.655","2.605","-0.61%"
"12/11/2025","2.627","2.634","2.673","2.616","-0.23%"
"12/10/2025","2.633","2.709","2.717","2.630","-2.30%"
"12/09/2025","2.695","2.642","2.697","2.634","2.12%"
"12/08/2025","2.639","2.685","2.727","2.632","-0.08%"
"12/05/2025","2.641","2.472","2.659","2.469","7.18%"
"12/04/2025","2.464","2.441","2.475","2.431","1.15%"
"12/03/2025","2.436","2.456","2.475","2.430","-1.22%"
"12/02/2025","2.466","2.485","2.499","2.461","-0.88%"
"12/01/2025","2.488","2.435","2.488","2.429","2.73%"
"11/28/2025","2.422","2.408","2.444","2.405","0.79%"
"11/27/2025","2.403","2.415","2.427","2.400","-0.37%"
"11/26/2025","2.412","2.411","2.430","2.403","0.29%"
"11/25/2025","2.405","2.428","2.440","2.395","-0.91%"
"11/24/2025","2.427","2.444","2.464","2.427","-0.98%"
"11/21/2025","2.451","2.458","2.486","2.440","-0.89%"
"11/20/2025","2.473","2.501","2.515","2.464","-0.92%"
"11/19/2025","2.496","2.496","2.507","2.473","0.12%"
"11/18/2025","2.493","2.486","2.515","2.471","-0.12%"
"11/17/2025","2.496","2.485","2.502","2.477","0.08%"
"11/14/2025","2.494","2.485","2.494","2.458","0.81%"
"11/13/2025","2.474","2.467","2.483","2.450","0.90%"
"11/12/2025","2.452","2.447","2.465","2.433","-0.08%"
"11/10/2025","2.454","2.474","2.481","2.445","0.16%"
"11/07/2025","2.450","2.404","2.458","2.385","2.55%"
"11/06/2025","2.389","2.416","2.437","2.384","-1.73%"
"11/05/2025","2.431","2.410","2.433","2.394","0.79%"
"11/04/2025","2.412","2.413","2.442","2.399","-0.66%"
"11/03/2025","2.428","2.403","2.435","2.403","1.21%"
"10/31/2025","2.399","2.425","2.440","2.398","-1.07%"
"10/30/2025","2.425","2.439","2.456","2.409","-0.70%"
"10/29/2025","2.442","2.367","2.453","2.363","3.74%"
"10/28/2025","2.354","2.347","2.369","2.347","0.04%"
"10/27/2025","2.353","2.399","2.401","2.353","-1.30%"
"10/24/2025","2.384","2.404","2.404","2.346","-0.50%"
"10/23/2025","2.396","2.400","2.410","2.377","0.38%"
"10/22/2025","2.387","2.399","2.429","2.373","-0.29%"
"10/21/2025","2.394","2.350","2.408","2.348","1.70%"
"10/20/2025","2.354","2.379","2.388","2.346","-1.01%"
"10/17/2025","2.378","2.369","2.405","2.366","0.04%"
"10/16/2025","2.377","2.412","2.431","2.372","-1.90%"
"10/15/2025","2.423","2.431","2.446","2.407","-0.70%"
"10/14/2025","2.440","2.436","2.474","2.431","-1.05%"
"10/10/2025","2.466","2.463","2.523","2.447","-0.44%"
"10/09/2025","2.477","2.466","2.486","2.458","0.45%"
"10/08/2025","2.466","2.450","2.477","2.442","0.45%"
"10/07/2025","2.455","2.474","2.489","2.445","-0.57%"
"10/06/2025","2.469","2.471","2.484","2.455","0.78%"
"10/03/2025","2.450","2.447","2.461","2.432","-0.12%"
"10/02/2025","2.453","2.456","2.483","2.442","-0.33%"
"10/01/2025","2.461","2.477","2.487","2.427","-0.53%"
"09/29/2025","2.474","2.490","2.512","2.467","-1.20%"
"09/26/2025","2.504","2.480","2.519","2.480","0.12%"
"09/25/2025","2.501","2.459","2.501","2.456","1.83%"
"09/24/2025","2.456","2.442","2.473","2.442","0.37%"
"09/23/2025","2.447","2.442","2.462","2.439","-0.53%"
"09/22/2025","2.460","2.455","2.473","2.436","-0.12%"
"09/19/2025","2.463","2.486","2.506","2.458","-0.81%"
"09/18/2025","2.483","2.480","2.515","2.475","-0.52%"
"09/17/2025","2.496","2.450","2.506","2.447","1.01%"
"09/16/2025","2.471","2.490","2.523","2.459","-1.24%"
"09/15/2025","2.502","2.506","2.520","2.485","-0.28%"
"09/12/2025","2.509","2.512","2.528","2.501","0.16%"
"09/11/2025","2.505","2.494","2.509","2.464","0.08%"
"09/10/2025","2.503","2.516","2.519","2.486","-0.83%"
"09/09/2025","2.524","2.507","2.527","2.492","0.76%"
"09/08/2025","2.505","2.532","2.535","2.498","-1.38%"
"09/05/2025","2.540","2.614","2.627","2.521","-3.09%"
"09/04/2025","2.621","2.604","2.624","2.597","0.04%"
"09/03/2025","2.620","2.669","2.675","2.615","-1.58%"
"09/02/2025","2.662","2.683","2.686","2.658","0.83%"
"08/29/2025","2.640","2.692","2.696","2.635","-2.00%"
"08/28/2025","2.694","2.700","2.708","2.680","-0.22%"
"08/27/2025","2.700","2.702","2.718","2.699","-0.22%"
"08/26/2025","2.706","2.717","2.721","2.691","-0.59%"
"08/25/2025","2.722","2.701","2.728","2.698","1.15%"
"08/22/2025","2.691","2.737","2.744","2.665","-1.54%"
"08/21/2025","2.733","2.709","2.736","2.690","1.11%"
"08/20/2025","2.703","2.697","2.717","2.683","-0.04%"
"08/19/2025","2.704","2.736","2.761","2.689","-1.28%"
"08/18/2025","2.739","2.706","2.744","2.703","0.81%"
"08/15/2025","2.717","2.710","2.723","2.697","0.78%"
"08/14/2025","2.696","2.693","2.724","2.670","0.30%"
"08/13/2025","2.688","2.685","2.699","2.673","-0.74%"
"08/12/2025","2.708","2.688","2.716","2.668","0.86%"
"08/11/2025","2.685","2.648","2.688","2.648","0.60%"
"08/08/2025","2.669","2.698","2.706","2.650","-1.07%"
"08/07/2025","2.698","2.697","2.712","2.677","-0.11%"
"08/06/2025","2.701","2.711","2.714","2.692","0.22%"
"08/05/2025","2.695","2.689","2.709","2.686","-0.07%"
"08/01/2025","2.697","2.777","2.780","2.684","-2.78%"
"07/31/2025","2.774","2.788","2.796","2.764","-0.43%"
"07/30/2025","2.786","2.770","2.800","2.744","0.43%"
"07/29/2025","2.774","2.815","2.817","2.770","-1.25%"
"07/28/2025","2.809","2.799","2.820","2.795","-0.04%"
"07/25/2025","2.810","2.850","2.850","2.793","-0.81%"
"07/24/2025","2.833","2.832","2.854","2.828","0.57%"
"07/23/2025","2.817","2.792","2.828","2.773","1.19%"
"07/22/2025","2.784","2.804","2.813","2.768","-0.54%"
"07/21/2025","2.799","2.804","2.807","2.779","-0.67%"
"07/18/2025","2.818","2.808","2.830","2.792","0.46%"
"07/17/2025","2.805","2.816","2.838","2.802","-0.21%"
"07/16/2025","2.811","2.830","2.844","2.797","-0.95%"
"07/15/2025","2.838","2.759","2.846","2.750","2.57%"
"07/14/2025","2.767","2.741","2.772","2.737","0.95%"
"07/11/2025","2.741","2.694","2.753","2.677","1.67%"
"07/10/2025","2.696","2.668","2.706","2.665","1.35%"
"07/09/2025","2.660","2.703","2.711","2.657","-1.70%"
"07/08/2025","2.706","2.711","2.714","2.695","0.69%"
"07/07/2025","2.688","2.670","2.697","2.667","0.88%"
"07/04/2025","2.664","2.662","2.675","2.648","-1.04%"
"07/03/2025","2.692","2.645","2.712","2.634","1.05%"
"07/02/2025","2.664","2.633","2.674","2.625","2.82%"
"06/30/2025","2.591","2.610","2.621","2.589","-0.13%"
"06/27/2025","2.595","2.643","2.648","2.573","-1.05%"
"06/26/2025","2.622","2.643","2.656","2.606","-1.19%"
"06/25/2025","2.654","2.625","2.665","2.620","1.51%"
"06/24/2025","2.614","2.609","2.646","2.596","-0.04%"
"06/23/2025","2.615","2.648","2.661","2.576","-1.10%"
"06/20/2025","2.644","2.694","2.704","2.633","-1.20%"
"06/19/2025","2.676","2.688","2.694","2.663","-0.15%"
"06/18/2025","2.680","2.688","2.706","2.664","-0.67%"
"06/17/2025","2.698","2.716","2.730","2.701","-0.77%"
"06/16/2025","2.719","2.727","2.730","2.706","0.18%"
"06/13/2025","2.714","2.706","2.722","2.680","1.16%"
"06/12/2025","2.683","2.661","2.699","2.643","0.15%"
"06/11/2025","2.679","2.712","2.733","2.665","-0.74%"
"06/10/2025","2.699","2.671","2.706","2.669","0.35%"
"06/09/2025","2.690","2.693","2.720","2.678","-0.26%"
"06/06/2025","2.697","2.616","2.708","2.612","3.16%"
"06/05/2025","2.614","2.609","2.636","2.593","0.60%"
"06/04/2025","2.599","2.622","2.640","2.588","-1.08%"
"06/03/2025","2.627","2.567","2.673","2.559","1.72%"
"06/02/2025","2.582","2.620","2.622","2.571","-0.17%"
"05/30/2025","2.587","2.614","2.633","2.584","-0.52%"
"05/29/2025","2.601","2.667","2.669","2.592","-0.93%"
"05/28/2025","2.625","2.665","2.670","2.619","-0.79%"
"05/27/2025","2.646","2.669","2.675","2.619","-1.36%"
"05/26/2025","2.682","2.706","2.709","2.662","-0.46%"
"05/23/2025","2.695","2.702","2.712","2.642","-0.06%"
"05/22/2025","2.697","2.680","2.710","2.678","-0.26%"
"05/21/2025","2.704","2.664","2.717","2.656","2.23%"
"05/20/2025","2.645","2.528","2.653","2.522","4.26%"
"05/16/2025","2.536","2.531","2.557","2.523","0.32%"
"05/15/2025","2.529","2.573","2.609","2.526","-2.51%"
"05/14/2025","2.593","2.587","2.618","2.581","0.43%"
"05/13/2025","2.582","2.587","2.620","2.575","-0.39%"
"05/12/2025","2.592","2.615","2.634","2.569","2.49%"
"05/09/2025","2.530","2.578","2.600","2.520","-2.24%"
"05/08/2025","2.588","2.538","2.601","2.520","3.36%"
"05/07/2025","2.503","2.541","2.564","2.493","-0.95%"
"05/06/2025","2.527","2.556","2.575","2.525","-1.25%"
"05/05/2025","2.559","2.571","2.571","2.540","0.00%"
"05/02/2025","2.559","2.507","2.592","2.488","2.59%"
"05/01/2025","2.494","2.470","2.526","2.449","1.07%"
"04/30/2025","2.468","2.550","2.553","2.462","-2.95%"
"04/29/2025","2.543","2.582","2.582","2.538","-0.55%"
"04/28/2025","2.557","2.610","2.627","2.550","-1.01%"
"04/25/2025","2.583","2.603","2.606","2.575","-0.39%"
"04/24/2025","2.593","2.615","2.635","2.577","-1.41%"
"04/23/2025","2.630","2.564","2.641","2.533","3.26%"
"04/22/2025","2.547","2.545","2.572","2.529","-0.18%"
"04/21/2025","2.552","2.508","2.557","2.505","1.41%"
"04/17/2025","2.516","2.538","2.543","2.502","-0.08%"
"04/16/2025","2.518","2.531","2.546","2.486","-0.53%"
"04/15/2025","2.532","2.593","2.597","2.521","-1.73%"
"04/14/2025","2.576","2.629","2.667","2.573","-4.02%"
"04/11/2025","2.684","2.601","2.687","2.581","1.96%"
"04/10/2025","2.632","2.572","2.643","2.563","-0.21%"
"04/09/2025","2.638","2.560","2.709","2.474","6.44%"
"04/08/2025","2.478","2.490","2.561","2.440","0.14%"
"04/07/2025","2.475","2.314","2.493","2.274","4.83%"
"04/04/2025","2.361","2.317","2.395","2.240","-1.56%"
"04/03/2025","2.398","2.435","2.467","2.377","-1.72%"
"04/02/2025","2.441","2.432","2.485","2.405","0.12%"
"04/01/2025","2.438","2.444","2.465","2.417","-1.22%"
"03/31/2025","2.467","2.461","2.483","2.451","-0.30%"
"03/28/2025","2.475","2.525","2.548","2.484","-3.09%"
"03/27/2025","2.554","2.615","2.617","2.537","-1.84%"
"03/26/2025","2.602","2.575","2.621","2.575","0.95%"
"03/25/2025","2.578","2.560","2.580","2.512","1.40%"
"03/24/2025","2.542","2.530","2.553","2.505","1.42%"
"03/21/2025","2.507","2.523","2.538","2.487","-1.03%"
"03/20/2025","2.533","2.509","2.535","2.467","1.34%"
"03/19/2025","2.499","2.537","2.583","2.506","-1.40%"
"03/18/2025","2.534","2.544","2.602","2.532","0.00%"
"03/17/2025","2.534","2.552","2.558","2.508","-1.42%"
"03/14/2025","2.571","2.599","2.599","2.545","0.25%"
"03/13/2025","2.565","2.607","2.627","2.552","-0.85%"
"03/12/2025","2.586","2.518","2.621","2.469","2.37%"
"03/11/2025","2.526","2.541","2.563","2.435","-0.24%"
"03/10/2025","2.533","2.563","2.570","2.503","-2.35%"
"03/07/2025","2.593","2.634","2.636","2.554","-1.63%"
"03/06/2025","2.636","2.543","2.652","2.514","3.39%"
"03/05/2025","2.550","2.537","2.562","2.481","-0.45%"
"03/04/2025","2.562","2.481","2.571","2.414","4.00%"
"03/03/2025","2.463","2.617","2.617","2.460","-4.16%"
"02/28/2025","2.570","2.626","2.644","2.564","-1.93%"
"02/27/2025","2.621","2.687","2.687","2.600","-1.02%"
"02/26/2025","2.648","2.649","2.676","2.635","0.27%"
"02/25/2025","2.641","2.673","2.710","2.639","-2.04%"
"02/24/2025","2.695","2.756","2.773","2.687","-0.83%"
"02/21/2025","2.718","2.805","2.830","2.720","-3.14%"
"02/20/2025","2.806","2.808","2.832","2.797","0.21%"
"02/19/2025","2.800","2.815","2.827","2.797","-0.05%"
"02/18/2025","2.802","2.775","2.827","2.721","2.75%"
"02/14/2025","2.727","2.735","2.750","2.701","-0.62%"
"02/13/2025","2.743","2.766","2.778","2.705","-1.08%"
"02/12/2025","2.773","2.709","2.789","2.700","2.68%"
"02/11/2025","2.701","2.668","2.709","2.659","1.33%"
"02/10/2025","2.665","2.672","2.678","2.627","-1.04%"
"02/07/2025","2.694","2.581","2.709","2.564","4.38%"
"02/06/2025","2.580","2.602","2.621","2.573","-0.42%"
"02/05/2025","2.592","2.630","2.630","2.593","-0.96%"
"02/04/2025","2.616","2.681","2.716","2.608","-1.06%"
"02/03/2025","2.645","2.549","2.650","2.459","-0.08%"
"01/31/2025","2.647","2.742","2.742","2.648","-2.93%"
"01/30/2025","2.727","2.812","2.812","2.729","-2.43%"
"01/29/2025","2.795","2.851","2.851","2.782","-1.43%"
"01/28/2025","2.835","2.884","2.900","2.836","-1.10%"
"01/27/2025","2.866","2.834","2.895","2.822","-1.51%"
"01/24/2025","2.911","2.967","2.972","2.913","-1.36%"
"01/23/2025","2.951","2.974","2.989","2.945","-0.27%"
"01/22/2025","2.958","2.945","2.978","2.928","1.01%"
"01/21/2025","2.929","2.937","2.937","2.883","0.24%"
"01/20/2025","2.922","2.946","2.946","2.909","-0.34%"
"01/17/2025","2.932","2.970","2.970","2.935","-0.85%"
"01/16/2025","2.957","3.046","3.055","2.955","-2.44%"
"01/15/2025","3.031","3.165","3.165","3.033","-3.76%"
"01/14/2025","3.149","3.162","3.172","3.140","0.11%"
"01/13/2025","3.146","3.107","3.155","3.093","2.36%"
"01/10/2025","3.073","2.959","3.089","2.959","4.29%"
"01/09/2025","2.947","2.960","2.960","2.926","-0.27%"
"01/08/2025","2.955","2.957","2.997","2.951","0.48%"
"01/07/2025","2.941","2.918","2.967","2.910","1.00%"
"01/06/2025","2.912","2.935","2.950","2.909","-0.65%"
"01/03/2025","2.931","2.945","2.945","2.915","0.03%"
"01/02/2025","2.930","2.947","2.948","2.901","-0.31%"
"12/31/2024","2.939","2.981","2.981","2.932","-0.91%"
"12/30/2024","2.966","3.007","3.010","2.963","-1.49%"
"12/27/2024","3.011","3.047","3.047","2.998","-0.79%"
"12/24/2024","3.035","3.028","3.055","3.025","0.03%"
"12/23/2024","3.034","3.049","3.061","3.031","-0.46%"
"12/20/2024","3.048","3.104","3.104","3.039","-1.42%"
"12/19/2024","3.092","3.080","3.115","3.064","0.85%"
"12/18/2024","3.066","3.017","3.081","3.001","2.23%"
"12/17/2024","2.999","3.039","3.053","2.999","-1.09%"
"12/16/2024","3.032","3.005","3.068","3.000","0.40%"
"12/13/2024","3.020","2.999","3.033","2.987","1.17%"
"12/12/2024","2.985","2.956","2.995","2.938","1.26%"
"12/11/2024","2.948","2.899","2.966","2.835","2.15%"
"12/10/2024","2.886","2.918","2.931","2.886","-1.03%"
"12/09/2024","2.916","2.894","2.924","2.892","0.69%"
"12/06/2024","2.896","3.053","3.053","2.875","-4.86%"
"12/05/2024","3.044","3.038","3.077","3.025","0.46%"
"12/04/2024","3.030","3.087","3.109","3.018","-1.34%"
"12/03/2024","3.071","3.074","3.081","3.040","0.23%"
"12/02/2024","3.064","3.053","3.106","3.040","0.76%"
"11/29/2024","3.041","3.202","3.202","3.023","-4.49%"
"11/28/2024","3.184","3.224","3.224","3.170","-0.96%"
"11/27/2024","3.215","3.248","3.248","3.181","-0.68%"
"11/26/2024","3.237","3.286","3.286","3.201","-1.01%"
"11/25/2024","3.270","3.342","3.342","3.265","-2.53%"
"11/22/2024","3.355","3.372","3.423","3.347","-0.94%"
"11/21/2024","3.387","3.291","3.398","3.277","3.20%"
"11/20/2024","3.282","3.228","3.283","3.224","2.18%"
"11/19/2024","3.212","3.182","3.225","3.132","1.45%"
"11/18/2024","3.166","3.163","3.192","3.162","0.22%"
"11/15/2024","3.159","3.206","3.206","3.146","-1.25%"
"11/14/2024","3.199","3.201","3.201","3.122","0.57%"
"11/13/2024","3.181","3.182","3.201","3.118","0.47%"
"11/12/2024","3.166","3.098","3.195","3.098","2.63%"
"11/08/2024","3.085","3.059","3.098","3.053","0.52%"
"11/07/2024","3.069","3.173","3.186","3.068","-3.09%"
"11/06/2024","3.167","3.163","3.202","3.161","0.60%"
"11/05/2024","3.148","3.111","3.167","3.111","1.38%"
"11/04/2024","3.105","3.070","3.112","3.063","0.00%"
"11/01/2024","3.105","3.088","3.120","3.017","0.88%"
"10/31/2024","3.078","3.114","3.128","3.066","-1.06%"
"10/30/2024","3.111","3.089","3.118","3.054","0.88%"
"10/29/2024","3.084","3.116","3.139","3.082","-0.84%"
"10/28/2024","3.110","3.105","3.126","3.076","0.65%"
"10/25/2024","3.090","3.098","3.108","3.059","0.29%"
"10/24/2024","3.081","3.070","3.089","3.020","0.82%"
"10/23/2024","3.056","3.050","3.061","3.006","0.73%"
"10/22/2024","3.034","3.053","3.068","3.025","-0.20%"
"10/21/2024","3.040","2.999","3.049","2.987","2.43%"
"10/18/2024","2.968","3.028","3.028","2.967","-1.66%"
"10/17/2024","3.018","2.999","3.030","2.982","0.80%"
"10/16/2024","2.994","3.032","3.032","2.982","-0.76%"
"10/15/2024","3.017","3.061","3.085","2.999","-1.95%"
"10/11/2024","3.077","3.131","3.165","3.076","-3.78%"
"10/10/2024","3.198","3.255","3.280","3.180","-2.38%"
"10/09/2024","3.276","3.265","3.333","3.253","0.34%"
"10/08/2024","3.265","3.255","3.302","3.255","-0.79%"
"10/07/2024","3.291","3.292","3.332","3.278","1.95%"
"10/04/2024","3.228","3.065","3.243","3.057","5.46%"
"10/03/2024","3.061","2.998","3.076","2.989","2.51%"
"10/02/2024","2.986","2.952","3.001","2.933","1.84%"
"10/01/2024","2.932","2.932","2.979","2.917","0.79%"
"09/27/2024","2.909","2.965","2.992","2.907","-2.81%"
"09/26/2024","2.993","2.965","3.000","2.937","1.11%"
"09/25/2024","2.960","2.908","2.969","2.908","2.07%"
"09/24/2024","2.900","2.902","2.902","2.900","-0.55%"
"09/23/2024","2.916","2.913","2.969","2.905","-0.92%"
"09/20/2024","2.943","2.884","2.971","2.884","1.34%"
"09/19/2024","2.904","2.916","2.956","2.892","-0.65%"
"09/18/2024","2.923","2.933","2.989","2.875","0.03%"
"09/17/2024","2.922","2.876","2.940","2.845","1.32%"
"09/16/2024","2.884","2.908","2.916","2.862","-2.14%"
"09/13/2024","2.947","2.956","2.981","2.937","-1.83%"
"09/12/2024","3.002","3.026","3.047","2.990","-0.86%"
"09/11/2024","3.028","2.971","3.057","2.971","1.30%"
"09/10/2024","2.989","3.042","3.048","2.983","-1.81%"
"09/09/2024","3.044","3.093","3.093","3.028","-0.20%"
"09/06/2024","3.050","3.106","3.151","3.028","-2.77%"
"09/05/2024","3.137","3.160","3.182","3.099","-0.54%"
"09/04/2024","3.154","3.230","3.258","3.147","-2.89%"
"09/03/2024","3.248","3.336","3.350","3.245","-2.46%"
"08/30/2024","3.330","3.315","3.347","3.310","0.30%"
"08/29/2024","3.320","3.267","3.354","3.264","1.41%"
"08/28/2024","3.274","3.251","3.279","3.238","0.77%"
"08/27/2024","3.249","3.267","3.294","3.240","-0.12%"
"08/26/2024","3.253","3.235","3.273","3.228","0.59%"
"08/23/2024","3.234","3.309","3.309","3.231","-1.94%"
"08/22/2024","3.298","3.275","3.317","3.261","1.38%"
"08/21/2024","3.253","3.268","3.286","3.223","-0.40%"
"08/20/2024","3.266","3.326","3.340","3.266","-1.89%"
"08/19/2024","3.329","3.300","3.341","3.297","0.39%"
"08/16/2024","3.316","3.299","3.332","3.264","-0.06%"
"08/15/2024","3.318","3.235","3.348","3.223","2.41%"
"08/14/2024","3.240","3.239","3.266","3.218","0.06%"
"08/13/2024","3.238","3.311","3.315","3.231","-2.15%"
"08/12/2024","3.309","3.358","3.358","3.298","-0.63%"
"08/09/2024","3.330","3.338","3.363","3.310","-0.80%"
"08/08/2024","3.357","3.283","3.367","3.274","1.94%"
"08/07/2024","3.293","3.318","3.342","3.281","0.64%"
"08/06/2024","3.272","3.208","3.306","3.200","2.67%"
"08/02/2024","3.187","3.326","3.344","3.137","-5.29%"
"08/01/2024","3.365","3.464","3.503","3.352","-2.52%"
"07/31/2024","3.452","3.501","3.545","3.452","-1.40%"
"07/30/2024","3.501","3.576","3.581","3.500","-2.12%"
"07/29/2024","3.577","3.573","3.607","3.562","-0.58%"
"07/26/2024","3.598","3.627","3.645","3.588","-0.96%"
"07/25/2024","3.633","3.567","3.653","3.559","0.03%"
"07/24/2024","3.632","3.684","3.715","3.595","-2.00%"
"07/23/2024","3.706","3.731","3.752","3.701","-0.99%"
"07/22/2024","3.743","3.725","3.760","3.720","0.51%"
"07/19/2024","3.724","3.709","3.742","3.697","0.43%"
"07/18/2024","3.708","3.678","3.711","3.653","-2.73%"
"07/17/2024","3.812","3.798","3.844","3.779","0.98%"
"07/16/2024","3.775","3.768","3.824","3.743","-0.68%"
"07/15/2024","3.801","3.819","3.837","3.763","-1.22%"
"07/12/2024","3.848","3.883","3.947","3.800","-0.31%"
"07/11/2024","3.860","3.921","3.973","3.801","-1.58%"
"07/10/2024","3.922","3.927","3.956","3.898","-0.20%"
"07/09/2024","3.930","3.941","3.987","3.927","-0.35%"
"07/08/2024","3.944","3.973","3.999","3.919","0.08%"
"07/05/2024","3.941","4.031","4.063","3.936","-2.74%"
"07/04/2024","4.052","4.047","4.074","4.044","0.65%"
"07/03/2024","4.026","4.062","4.100","4.000","-0.67%"
"07/02/2024","4.053","4.058","4.080","4.017","1.38%"
"06/28/2024","3.998","4.031","4.054","3.970","-1.14%"
"06/27/2024","4.044","4.064","4.097","4.016","-0.25%"
"06/26/2024","4.054","4.017","4.074","4.003","1.83%"
"06/25/2024","3.981","3.921","4.024","3.886","1.35%"
"06/24/2024","3.928","3.905","3.941","3.893","0.13%"
"06/21/2024","3.923","3.884","3.932","3.867","0.41%"
"06/20/2024","3.907","3.862","3.930","3.843","1.14%"
"06/19/2024","3.863","3.823","3.872","3.818","1.10%"
"06/18/2024","3.821","3.885","3.905","3.815","-1.60%"
"06/17/2024","3.883","3.849","3.903","3.843","1.07%"
"06/14/2024","3.842","3.837","3.889","3.818","-0.65%"
"06/13/2024","3.867","3.902","3.937","3.851","-1.00%"
"06/12/2024","3.906","4.004","4.012","3.844","-1.98%"
"06/11/2024","3.985","3.953","4.015","3.950","-0.28%"
"06/10/2024","3.996","3.999","4.029","3.985","0.28%"
"06/07/2024","3.985","3.941","4.023","3.917","1.22%"
"06/06/2024","3.937","3.941","3.973","3.922","0.10%"
"06/05/2024","3.933","4.062","4.092","3.929","-3.03%"
"06/04/2024","4.056","4.096","4.128","4.037","-1.72%"
"06/03/2024","4.127","4.156","4.205","4.100","-1.29%"
"05/31/2024","4.181","4.288","4.315","4.162","-2.04%"
"05/30/2024","4.268","4.303","4.347","4.255","-1.61%"
"05/29/2024","4.338","4.306","4.344","4.287","0.56%"
"05/28/2024","4.314","4.240","4.314","4.230","1.27%"
"05/27/2024","4.260","4.243","4.275","4.227","0.61%"
"05/24/2024","4.234","4.207","4.276","4.201","0.40%"
"05/23/2024","4.217","4.185","4.247","4.171","0.62%"
"05/22/2024","4.191","4.189","4.227","4.183","0.50%"
"05/21/2024","4.170","4.215","4.249","4.154","-1.44%"
"05/17/2024","4.231","4.199","4.255","4.193","0.43%"
"05/16/2024","4.213","4.181","4.228","4.175","0.91%"
"05/15/2024","4.175","4.251","4.420","4.171","-2.20%"
"05/14/2024","4.269","4.281","4.317","4.254","-0.47%"
"05/13/2024","4.289","4.277","4.320","4.258","-0.51%"
"05/10/2024","4.311","4.202","4.315","4.202","2.47%"
"05/09/2024","4.207","4.212","4.244","4.169","0.24%"
"05/08/2024","4.197","4.159","4.214","4.159","0.94%"
"05/07/2024","4.158","4.130","4.176","4.124","0.19%"
"05/06/2024","4.150","4.140","4.179","4.134","-0.43%"
"05/03/2024","4.168","4.243","4.280","4.131","-1.93%"
"05/02/2024","4.250","4.278","4.322","4.238","-0.89%"
"05/01/2024","4.288","4.351","4.379","4.268","-1.33%"
"04/30/2024","4.346","4.300","4.367","4.297","1.16%"
"04/29/2024","4.296","4.292","4.347","4.283","-0.95%"
"04/26/2024","4.337","4.330","4.371","4.307","-0.16%"
"04/25/2024","4.344","4.280","4.365","4.274","1.42%"
"04/24/2024","4.283","4.286","4.353","4.244","0.59%"
"04/23/2024","4.258","4.265","4.306","4.228","-0.54%"
"04/22/2024","4.281","4.264","4.288","4.233","0.87%"
"04/19/2024","4.244","4.217","4.274","4.206","-0.07%"
"04/18/2024","4.247","4.177","4.269","4.174","1.34%"
"04/17/2024","4.191","4.185","4.236","4.177","-0.83%"
"04/16/2024","4.226","4.266","4.304","4.162","0.00%"
"04/15/2024","4.226","4.223","4.284","4.217","0.79%"
"04/12/2024","4.193","4.206","4.270","4.155","-3.90%"
"04/11/2024","4.363","4.370","4.416","4.299","0.41%"
"04/10/2024","4.345","4.187","4.382","4.184","3.67%"
"04/09/2024","4.191","4.219","4.269","4.177","-1.11%"
"04/08/2024","4.238","4.248","4.272","4.206","0.52%"
"04/05/2024","4.216","4.198","4.254","4.130","0.76%"
"04/04/2024","4.184","4.232","4.273","4.183","-1.25%"
"04/03/2024","4.237","4.255","4.286","4.202","0.00%"
"04/02/2024","4.237","4.265","4.321","4.234","-0.75%"
"04/01/2024","4.269","4.178","4.301","4.178","1.96%"
"03/28/2024","4.187","4.182","4.210","4.164","1.09%"
"03/27/2024","4.142","4.155","4.188","4.131","-0.67%"
"03/26/2024","4.170","4.128","4.194","4.117","0.87%"
"03/25/2024","4.134","4.108","4.156","4.098","0.83%"
"03/22/2024","4.100","4.135","4.160","4.100","-1.66%"
"03/21/2024","4.169","4.085","4.183","4.063","0.75%"
"03/20/2024","4.138","4.142","4.206","4.117","-0.81%"
"03/19/2024","4.172","4.292","4.322","4.137","-2.95%"
"03/18/2024","4.299","4.257","4.318","4.254","0.63%"
"03/15/2024","4.272","4.219","4.285","4.209","1.09%"
"03/14/2024","4.226","4.155","4.246","4.152","1.76%"
"03/13/2024","4.153","4.130","4.180","4.128","0.85%"
"03/12/2024","4.118","4.056","4.147","4.041","1.35%"
"03/11/2024","4.063","4.035","4.092","4.027","0.35%"
"03/08/2024","4.049","4.106","4.106","4.024","-1.32%"
"03/07/2024","4.103","4.064","4.108","4.025","0.71%"
"03/06/2024","4.074","4.041","4.091","3.988","0.69%"
"03/05/2024","4.046","4.096","4.115","4.035","-1.96%"
"03/04/2024","4.127","4.114","4.160","4.109","0.81%"
"03/01/2024","4.094","4.160","4.206","4.089","-2.17%"
"02/29/2024","4.185","4.251","4.264","4.180","-0.43%"
"02/28/2024","4.203","4.222","4.244","4.193","-1.04%"
"02/27/2024","4.247","4.198","4.247","4.185","0.88%"
"02/26/2024","4.210","4.160","4.225","4.152","0.79%"
"02/23/2024","4.177","4.239","4.251","4.171","-1.35%"
"02/22/2024","4.234","4.178","4.252","4.178","0.95%"
"02/21/2024","4.194","4.155","4.213","4.130","0.50%"
"02/20/2024","4.173","4.266","4.298","4.141","-3.00%"
"02/16/2024","4.302","4.289","4.372","4.282","1.08%"
"02/15/2024","4.256","4.235","4.277","4.183","-0.02%"
"02/14/2024","4.257","4.335","4.385","4.245","-2.45%"
"02/13/2024","4.364","4.252","4.385","4.243","2.54%"
"02/12/2024","4.256","4.209","4.260","4.189","1.02%"
"02/09/2024","4.213","4.201","4.247","4.161","0.52%"
"02/08/2024","4.191","4.111","4.210","4.111","1.16%"
"02/07/2024","4.143","4.088","4.148","4.054","1.57%"
"02/06/2024","4.079","4.124","4.164","4.077","-1.81%"
"02/05/2024","4.154","4.126","4.165","4.114","2.26%"
"02/02/2024","4.062","3.932","4.097","3.932","3.07%"
"02/01/2024","3.941","3.988","4.013","3.893","-0.68%"
"01/31/2024","3.968","4.021","4.057","3.929","-1.88%"
"01/30/2024","4.044","4.027","4.085","4.003","0.10%"
"01/29/2024","4.040","4.052","4.074","4.016","-0.47%"
"01/26/2024","4.059","4.022","4.090","4.019","1.15%"
"01/25/2024","4.013","4.032","4.044","3.966","-0.59%"
"01/24/2024","4.037","4.052","4.064","3.988","-0.37%"
"01/23/2024","4.052","4.094","4.124","4.050","-0.88%"
"01/22/2024","4.088","4.104","4.120","4.053","-0.15%"
"01/19/2024","4.094","4.061","4.120","4.059","0.44%"
"01/18/2024","4.076","4.027","4.092","4.013","0.64%"
"01/17/2024","4.050","3.918","4.157","3.917","3.69%"
"01/16/2024","3.906","3.807","3.943","3.807","2.95%"
"01/15/2024","3.794","3.823","3.854","3.780","-0.03%"
"01/12/2024","3.795","3.832","3.873","3.705","-4.86%"
"01/11/2024","3.989","4.013","4.077","3.975","-1.72%"
"01/10/2024","4.059","4.003","4.059","3.976","1.00%"
"01/09/2024","4.019","4.053","4.072","4.005","-0.47%"
"01/08/2024","4.038","4.036","4.084","3.986","-0.71%"
"01/05/2024","4.067","4.085","4.162","3.983","0.42%"
"01/04/2024","4.050","4.000","4.065","3.979","1.91%"
"01/03/2024","3.974","3.963","4.010","3.930","0.71%"
"01/02/2024","3.946","3.925","3.997","3.923","1.47%"
"12/29/2023","3.889","3.952","3.969","3.875","-0.77%"
"12/28/2023","3.919","3.938","3.956","3.908","0.00%"
"12/27/2023","3.919","3.964","3.969","3.890","-1.85%"
"12/22/2023","3.993","3.927","4.008","3.921","0.76%"
"12/21/2023","3.963","3.917","3.963","3.844","1.41%"
"12/20/2023","3.908","3.942","4.001","3.888","-2.32%"
"12/19/2023","4.001","3.962","4.035","3.949","0.15%"
"12/18/2023","3.995","3.933","4.016","3.933","1.06%"
"12/15/2023","3.953","3.889","3.992","3.871","1.10%"
"12/14/2023","3.910","3.906","3.984","3.870","-1.83%"
"12/13/2023","3.983","4.220","4.239","3.960","-5.77%"
"12/12/2023","4.227","4.164","4.240","4.132","0.62%"
"12/11/2023","4.201","4.169","4.257","4.166","1.13%"
"12/08/2023","4.154","4.081","4.274","4.066","2.21%"
"12/07/2023","4.064","4.067","4.097","4.024","-0.02%"
"12/06/2023","4.065","4.102","4.104","4.046","-0.29%"
"12/05/2023","4.077","4.110","4.127","4.029","-1.07%"
"12/04/2023","4.121","4.101","4.166","4.093","1.30%"
"12/01/2023","4.068","4.158","4.238","4.060","-2.80%"
"11/30/2023","4.185","4.170","4.244","4.143","0.38%"
"11/29/2023","4.169","4.259","4.297","4.168","-2.64%"
"11/28/2023","4.282","4.419","4.439","4.282","-2.73%"
"11/27/2023","4.402","4.445","4.457","4.397","-1.39%"
"11/24/2023","4.464","4.450","4.503","4.439","0.65%"
"11/23/2023","4.435","4.401","4.443","4.401","0.82%"
"11/22/2023","4.399","4.391","4.432","4.344","0.16%"
"11/21/2023","4.392","4.420","4.432","4.366","-0.50%"
"11/20/2023","4.414","4.465","4.492","4.414","-1.34%"
"11/17/2023","4.474","4.412","4.492","4.409","0.38%"
"11/16/2023","4.457","4.527","4.527","4.425","-1.57%"
"11/15/2023","4.528","4.412","4.528","4.409","2.49%"
"11/14/2023","4.418","4.564","4.601","4.392","-3.54%"
"11/10/2023","4.580","4.603","4.608","4.509","-0.33%"
"11/09/2023","4.595","4.505","4.595","4.482","2.87%"
"11/08/2023","4.467","4.457","4.493","4.436","0.65%"
"11/07/2023","4.438","4.391","4.467","4.391","-0.47%"
"11/06/2023","4.459","4.389","4.459","4.387","1.66%"
"11/03/2023","4.386","4.556","4.579","4.357","-3.98%"
"11/02/2023","4.568","4.520","4.568","4.500","0.88%"
"11/01/2023","4.528","4.610","4.637","4.518","-2.50%"
"10/31/2023","4.644","4.641","4.664","4.617","-0.43%"
"10/30/2023","4.664","4.612","4.669","4.608","1.66%"
"10/27/2023","4.588","4.654","4.679","4.584","-1.48%"
"10/26/2023","4.657","4.717","4.753","4.628","-1.69%"
"10/25/2023","4.737","4.718","4.783","4.700","0.36%"
"10/24/2023","4.720","4.719","4.757","4.703","0.06%"
"10/23/2023","4.717","4.796","4.828","4.717","-1.38%"
"10/20/2023","4.783","4.879","4.901","4.777","-2.41%"
"10/19/2023","4.901","4.937","4.950","4.876","-0.18%"
"10/18/2023","4.910","4.890","4.951","4.867","0.29%"
"10/17/2023","4.896","4.934","4.949","4.857","-0.12%"
"10/16/2023","4.902","4.902","4.920","4.862","0.88%"
"10/13/2023","4.859","4.813","4.885","4.779","0.54%"
"10/12/2023","4.833","4.767","4.861","4.759","1.62%"
"10/11/2023","4.756","4.720","4.774","4.718","0.25%"
"10/10/2023","4.744","4.798","4.828","4.724","-2.41%"
"10/06/2023","4.861","4.820","4.924","4.812","1.23%"
"10/05/2023","4.802","4.841","4.867","4.785","-2.04%"
"10/04/2023","4.902","4.965","4.965","4.892","-1.55%"
"10/03/2023","4.979","4.903","4.995","4.903","2.13%"
"09/29/2023","4.875","4.919","4.925","4.857","-0.91%"
"09/28/2023","4.920","4.960","4.983","4.909","-0.85%"
"09/27/2023","4.962","4.903","4.984","4.889","0.69%"
"09/26/2023","4.928","4.928","4.945","4.911","-0.26%"
"09/25/2023","4.941","4.940","4.946","4.915","0.69%"
"09/22/2023","4.907","4.970","4.980","4.887","-1.11%"
"09/21/2023","4.962","4.968","5.001","4.926","-0.36%"
"09/20/2023","4.980","4.905","5.219","4.897","1.28%"
"09/19/2023","4.917","4.784","4.924","4.779","2.82%"
"09/18/2023","4.782","4.740","4.782","4.735","1.06%"
"09/15/2023","4.732","4.705","4.736","4.678","0.79%"
"09/14/2023","4.695","4.697","4.721","4.654","0.02%"
"09/13/2023","4.694","4.724","4.853","4.661","-0.32%"
"09/12/2023","4.709","4.683","4.815","4.682","0.53%"
"09/11/2023","4.684","4.684","4.710","4.672","0.15%"
"09/08/2023","4.677","4.606","4.682","4.589","1.45%"
"09/07/2023","4.610","4.662","4.690","4.605","-1.60%"
"09/06/2023","4.685","4.635","4.707","4.624","0.45%"
"09/05/2023","4.664","4.566","4.827","4.564","2.46%"
"09/01/2023","4.552","4.656","4.660","4.530","-2.02%"
"08/31/2023","4.646","4.614","4.669","4.613","0.00%"
"08/30/2023","4.646","4.706","4.728","4.637","-0.79%"
"08/29/2023","4.683","4.781","4.806","4.675","-2.19%"
"08/28/2023","4.788","4.802","4.813","4.754","0.04%"
"08/25/2023","4.786","4.784","4.820","4.753","0.50%"
"08/24/2023","4.762","4.734","4.765","4.723","1.10%"
"08/23/2023","4.710","4.788","4.804","4.693","-2.67%"
"08/22/2023","4.839","4.772","4.841","4.765","0.90%"
"08/21/2023","4.796","4.789","4.803","4.773","0.80%"
"08/18/2023","4.758","4.766","4.771","4.747","-0.31%"
"08/17/2023","4.773","4.809","4.820","4.615","-0.62%"
"08/16/2023","4.803","4.754","4.961","4.736","0.38%"
"08/15/2023","4.785","4.727","4.837","4.727","1.25%"
"08/14/2023","4.726","4.696","4.742","4.696","1.09%"
"08/11/2023","4.675","4.638","4.689","4.609","0.73%"
"08/10/2023","4.641","4.610","4.648","4.548","0.80%"
"08/09/2023","4.604","4.534","4.608","4.508","1.66%"
"08/08/2023","4.529","4.539","4.548","4.469","-1.09%"
"08/04/2023","4.579","4.716","4.760","4.577","-3.19%"
"08/03/2023","4.730","4.698","4.879","4.698","0.83%"
"08/02/2023","4.691","4.694","4.739","4.669","-0.76%"
"08/01/2023","4.727","4.674","4.757","4.666","1.13%"
"07/31/2023","4.674","4.702","4.712","4.669","-0.26%"
"07/28/2023","4.686","4.740","4.776","4.590","-2.03%"
"07/27/2023","4.783","4.679","4.808","4.673","2.33%"
"07/26/2023","4.674","4.714","4.714","4.637","-0.81%"
"07/25/2023","4.712","4.691","4.734","4.672","0.60%"
"07/24/2023","4.684","4.556","4.700","4.551","2.36%"
"07/21/2023","4.576","4.635","4.693","4.555","-1.19%"
"07/20/2023","4.631","4.514","4.649","4.499","-0.30%"
"07/19/2023","4.645","4.651","4.675","4.593","-0.09%"
"07/18/2023","4.649","4.633","4.694","4.467","-0.81%"
"07/17/2023","4.687","4.657","4.811","4.611","0.67%"
"07/14/2023","4.656","4.559","4.679","4.476","1.66%"
"07/13/2023","4.580","4.653","4.689","4.570","-1.89%"
"07/12/2023","4.668","4.800","4.813","4.508","-2.85%"
"07/11/2023","4.805","4.740","4.821","4.719","1.41%"
"07/10/2023","4.738","4.812","4.831","4.732","-1.39%"
"07/07/2023","4.805","4.766","4.917","4.731","1.07%"
"07/06/2023","4.754","4.691","4.813","4.691","1.21%"
"07/05/2023","4.697","4.646","4.697","4.623","1.16%"
"07/04/2023","4.643","4.586","4.669","4.586","0.39%"
"07/03/2023","4.625","4.625","4.625","4.625","0.87%"
"06/30/2023","4.585","4.670","4.706","4.498","-1.80%"
"06/29/2023","4.669","4.535","4.794","4.535","3.07%"
"06/28/2023","4.530","4.585","4.629","4.501","-1.56%"
"06/27/2023","4.602","4.622","4.640","4.529","-0.45%"
"06/26/2023","4.623","4.676","4.676","4.433","-1.11%"
"06/23/2023","4.675","4.759","4.760","4.547","-1.74%"
"06/22/2023","4.758","4.647","4.811","4.506","2.48%"
"06/21/2023","4.643","4.598","4.687","4.598","1.33%"
"06/20/2023","4.582","4.637","4.637","4.547","-1.16%"
"06/19/2023","4.636","4.573","4.637","4.573","1.40%"
"06/16/2023","4.572","4.499","4.607","4.499","1.76%"
"06/15/2023","4.493","4.553","4.684","4.425","-1.23%"
"06/14/2023","4.549","4.569","4.596","4.382","-0.42%"
"06/13/2023","4.568","4.455","4.592","4.390","2.33%"
"06/12/2023","4.464","4.496","4.516","4.440","-0.58%"
"06/09/2023","4.490","4.549","4.645","4.464","-1.01%"
"06/08/2023","4.536","4.582","4.700","4.356","-0.92%"
"06/07/2023","4.578","4.382","4.781","4.360","4.19%"
"06/06/2023","4.394","4.339","4.471","4.314","1.55%"
"06/05/2023","4.327","4.330","4.371","4.252","0.44%"
"06/02/2023","4.308","4.218","4.318","4.207","2.35%"
"06/01/2023","4.209","4.242","4.283","4.187","-0.45%"
"05/31/2023","4.228","4.243","4.299","4.188","-0.70%"
"05/30/2023","4.258","4.325","4.338","4.243","-1.82%"
"05/29/2023","4.337","4.325","4.352","4.283","0.72%"
"05/26/2023","4.306","4.239","4.334","4.203","1.44%"
"05/25/2023","4.245","4.190","4.256","4.190","1.36%"
"05/24/2023","4.188","4.123","4.194","4.098","1.60%"
"05/23/2023","4.122","4.098","4.139","4.098","2.84%"
"05/19/2023","4.008","4.084","4.114","3.959","-1.72%"
"05/18/2023","4.078","4.083","4.154","4.070","0.42%"
"05/17/2023","4.061","3.972","4.072","3.972","2.27%"
"05/16/2023","3.971","3.813","3.974","3.802","4.14%"
"05/15/2023","3.813","3.799","3.818","3.770","1.92%"
"05/12/2023","3.741","3.674","3.759","3.674","1.96%"
"05/11/2023","3.669","3.701","3.701","3.610","-0.86%"
"05/10/2023","3.701","3.781","3.818","3.675","-2.12%"
"05/09/2023","3.781","3.791","3.791","3.757","-0.26%"
"05/08/2023","3.791","3.795","3.800","3.736","1.99%"
"05/05/2023","3.717","3.567","3.728","3.567","4.21%"
"05/04/2023","3.567","3.586","3.630","3.475","-0.53%"
"05/03/2023","3.586","3.652","3.657","3.576","-1.81%"
"05/02/2023","3.652","3.784","3.786","3.618","-3.49%"
"05/01/2023","3.784","3.663","3.802","3.663","3.08%"
"04/28/2023","3.671","3.689","3.734","3.663","-2.03%"
"04/27/2023","3.747","3.637","3.757","3.637","3.02%"
"04/26/2023","3.637","3.590","3.694","3.590","1.31%"
"04/25/2023","3.590","3.736","3.736","3.559","-3.91%"
"04/24/2023","3.736","3.743","3.751","3.736","-0.27%"
"04/21/2023","3.746","3.806","3.806","3.679","-1.58%"
"04/20/2023","3.806","3.894","3.894","3.803","-2.26%"
"04/19/2023","3.894","3.878","3.912","3.878","0.41%"
"04/18/2023","3.878","3.904","3.904","3.860","-0.67%"
"04/17/2023","3.904","3.834","3.906","3.834","1.83%"
"04/14/2023","3.834","3.730","3.862","3.730","-0.03%"
"04/13/2023","3.835","3.782","3.841","3.753","1.40%"
"04/12/2023","3.782","3.800","3.852","3.707","-0.47%"
"04/11/2023","3.800","3.771","3.840","3.742","0.77%"
"04/10/2023","3.771","3.629","3.771","3.629","3.88%"
"04/06/2023","3.630","3.564","3.638","3.532","1.85%"
"04/05/2023","3.564","3.552","3.607","3.467","0.28%"
"04/04/2023","3.554","3.662","3.711","3.548","-2.95%"
"04/03/2023","3.662","3.753","3.811","3.659","-2.42%"
"03/31/2023","3.753","3.822","3.822","3.748","-0.53%"
"03/30/2023","3.773","3.753","3.793","3.745","0.51%"
"03/29/2023","3.754","3.739","3.771","3.714","0.40%"
"03/28/2023","3.739","3.618","3.739","3.618","3.34%"
"03/27/2023","3.618","3.427","3.632","3.427","5.57%"
"03/24/2023","3.427","3.332","3.438","3.254","-0.75%"
"03/23/2023","3.453","3.520","3.529","3.444","-1.93%"
"03/22/2023","3.521","3.709","3.759","3.451","-5.07%"
"03/21/2023","3.709","3.616","3.768","3.616","2.54%"
"03/20/2023","3.617","3.553","3.673","3.458","1.80%"
"03/17/2023","3.553","3.754","3.754","3.508","-5.35%"
"03/16/2023","3.754","3.525","3.762","3.503","6.47%"
"03/15/2023","3.526","3.743","3.743","3.466","-5.80%"
"03/14/2023","3.743","3.543","3.826","3.543","5.62%"
"03/13/2023","3.544","3.698","3.721","3.406","-10.87%"
"03/10/2023","3.976","4.160","4.160","3.970","-4.40%"
"03/09/2023","4.159","4.308","4.308","4.159","-3.39%"
"03/08/2023","4.305","4.328","4.370","4.252","-0.51%"
"03/07/2023","4.327","4.260","4.335","4.235","1.60%"
"03/06/2023","4.259","4.232","4.273","4.209","0.66%"
"03/03/2023","4.231","4.306","4.306","4.228","-1.72%"
"03/02/2023","4.305","4.280","4.336","4.280","0.63%"
"03/01/2023","4.278","4.212","4.289","4.212","1.59%"
"02/28/2023","4.211","4.269","4.297","4.195","-1.34%"
"02/27/2023","4.268","4.285","4.340","4.260","-0.37%"
"02/24/2023","4.284","4.229","4.317","4.225","1.76%"
"02/23/2023","4.210","4.210","4.231","4.196","0.05%"
"02/22/2023","4.208","4.249","4.249","4.200","-0.94%"
"02/21/2023","4.248","4.150","4.256","4.150","2.39%"
"02/17/2023","4.149","4.188","4.188","4.128","0.00%"
"02/16/2023","4.149","4.176","4.192","4.138","-0.60%"
"02/15/2023","4.174","4.196","4.242","4.169","-0.50%"
"02/14/2023","4.195","4.087","4.206","4.071","2.64%"
"02/13/2023","4.087","4.089","4.111","4.087","-0.05%"
"02/10/2023","4.089","3.979","4.135","3.979","2.76%"
"02/09/2023","3.979","3.925","4.000","3.872","1.38%"
"02/08/2023","3.925","3.970","3.970","3.925","-1.13%"
"02/07/2023","3.970","3.962","3.986","3.927","0.20%"
"02/06/2023","3.962","3.818","3.964","3.818","3.77%"
"02/03/2023","3.818","3.671","3.829","3.665","4.00%"
"02/02/2023","3.671","3.689","3.692","3.634","-0.51%"
"02/01/2023","3.690","3.763","3.797","3.674","-1.94%"
"01/31/2023","3.763","3.745","3.795","3.719","0.48%"
"01/30/2023","3.745","3.729","3.760","3.729","1.33%"
"01/27/2023","3.696","3.644","3.712","3.644","1.43%"
"01/26/2023","3.644","3.582","3.652","3.582","1.70%"
"01/25/2023","3.583","3.655","3.673","3.577","-1.97%"
"01/24/2023","3.655","3.679","3.692","3.648","-0.65%"
"01/23/2023","3.679","3.614","3.681","3.614","2.08%"
"01/20/2023","3.604","3.552","3.614","3.545","2.27%"
"01/19/2023","3.524","3.483","3.540","3.481","1.15%"
"01/18/2023","3.484","3.571","3.571","3.469","-2.46%"
"01/17/2023","3.572","3.594","3.620","3.559","-0.64%"
"01/16/2023","3.595","3.679","3.679","3.582","-2.31%"
"01/13/2023","3.680","3.706","3.735","3.669","-3.08%"
"01/12/2023","3.797","3.882","3.889","3.697","-2.09%"
"01/11/2023","3.878","3.911","3.950","3.864","-1.55%"
"01/10/2023","3.939","3.951","4.004","3.930","0.13%"
"01/09/2023","3.934","3.985","4.022","3.928","-1.26%"
"01/06/2023","3.984","4.051","4.111","3.953","-1.39%"
"01/05/2023","4.040","4.016","4.070","3.981","1.43%"
"01/04/2023","3.983","4.025","4.025","3.959","-0.40%"
"01/03/2023","3.999","4.072","4.072","3.990","-1.31%"
"12/30/2022","4.052","4.009","4.080","4.009","1.12%"
"12/29/2022","4.007","4.032","4.046","4.007","-0.22%"
"12/28/2022","4.016","3.936","4.040","3.936","2.06%"
"12/23/2022","3.935","3.837","3.937","3.820","3.04%"
"12/22/2022","3.819","3.745","3.924","3.718","2.39%"
"12/21/2022","3.730","3.690","3.749","3.659","0.48%"
"12/20/2022","3.712","3.688","3.728","3.672","1.20%"
"12/19/2022","3.668","3.676","3.693","3.632","0.03%"
"12/16/2022","3.667","3.704","3.737","3.639","-0.78%"
"12/15/2022","3.696","3.731","3.761","3.664","-0.56%"
"12/14/2022","3.717","3.772","3.772","3.672","-1.17%"
"12/13/2022","3.761","3.876","3.941","3.722","-3.22%"
"12/12/2022","3.886","3.862","3.893","3.726","0.91%"
"12/09/2022","3.851","3.798","3.854","3.781","0.65%"
"12/08/2022","3.826","3.774","3.849","3.774","1.38%"
"12/07/2022","3.774","3.801","3.855","3.716","-0.42%"
"12/06/2022","3.790","3.825","3.825","3.654","-0.60%"
"12/05/2022","3.813","3.779","3.829","3.691","1.41%"
"12/02/2022","3.760","3.803","3.933","3.668","-0.92%"
"12/01/2022","3.795","3.883","3.899","3.789","-2.04%"
"11/30/2022","3.874","3.946","4.028","3.874","-2.15%"
"11/29/2022","3.959","3.921","3.974","3.895","1.31%"
"11/28/2022","3.908","3.904","3.942","3.883","0.26%"
"11/25/2022","3.898","3.898","3.938","3.871","0.21%"
"11/24/2022","3.890","3.930","3.974","3.880","-0.92%"
"11/23/2022","3.926","3.929","3.963","3.915","-0.05%"
"11/22/2022","3.928","3.954","3.954","3.884","-0.38%"
"11/21/2022","3.943","3.962","3.985","3.924","-0.78%"
"11/18/2022","3.974","3.955","3.984","3.879","1.07%"
"11/17/2022","3.932","3.861","3.953","3.860","1.94%"
"11/16/2022","3.857","3.869","3.892","3.771","0.36%"
"11/15/2022","3.843","3.883","4.049","3.811","-0.67%"
"11/14/2022","3.869","3.834","3.910","3.834","1.10%"
"11/10/2022","3.827","4.114","4.114","3.714","-6.70%"
"11/09/2022","4.102","4.188","4.208","4.088","-1.16%"
"11/08/2022","4.150","4.188","4.208","4.139","-0.86%"
"11/07/2022","4.186","4.142","4.332","4.119","1.09%"
"11/04/2022","4.141","4.084","4.209","4.080","1.87%"
"11/03/2022","4.065","3.954","4.078","3.954","2.94%"
"11/02/2022","3.949","3.921","3.961","3.842","1.07%"
"11/01/2022","3.907","3.925","3.925","3.841","0.28%"
"10/31/2022","3.896","3.849","3.930","3.848","1.17%"
"10/28/2022","3.851","3.806","3.878","3.806","1.00%"
"10/27/2022","3.813","3.888","3.893","3.792","-1.83%"
"10/26/2022","3.884","4.165","4.183","3.869","-6.70%"
"10/25/2022","4.163","4.168","4.168","4.129","-0.10%"
"10/24/2022","4.167","4.191","4.191","4.120","-0.45%"
"10/21/2022","4.186","4.303","4.319","4.161","-2.45%"
"10/20/2022","4.291","4.209","4.325","4.178","2.24%"
"10/19/2022","4.197","4.036","4.204","4.036","4.04%"
"10/18/2022","4.034","4.124","4.124","4.022","-2.13%"
"10/17/2022","4.122","4.177","4.177","4.089","-1.29%"
"10/14/2022","4.176","4.100","4.176","4.053","1.51%"
"10/13/2022","4.114","4.074","4.186","4.028","1.83%"
"10/12/2022","4.040","4.130","4.153","4.034","-1.54%"
"10/11/2022","4.103","4.083","4.132","4.038","1.21%"
"10/07/2022","4.054","4.001","4.084","4.001","0.90%"
"10/06/2022","4.018","3.895","4.170","3.885","3.93%"
"10/05/2022","3.866","3.769","3.902","3.756","2.60%"
"10/04/2022","3.768","3.763","3.788","3.662","0.16%"
"10/03/2022","3.762","3.808","3.822","3.684","-0.95%"
"09/29/2022","3.798","3.847","3.863","3.749","1.04%"
"09/28/2022","3.759","3.895","3.923","3.719","-3.32%"
"09/27/2022","3.888","3.805","3.927","3.753","1.14%"
"09/26/2022","3.844","3.809","3.885","3.782","1.21%"
"09/23/2022","3.798","3.807","3.873","3.716","0.48%"
"09/22/2022","3.780","3.791","3.874","3.772","0.11%"
"09/21/2022","3.776","3.790","3.847","3.728","-0.32%"
"09/20/2022","3.788","3.826","3.880","3.732","-1.07%"
"09/19/2022","3.829","3.815","3.852","3.645","0.39%"
"09/16/2022","3.814","3.845","3.870","3.786","-0.03%"
"09/15/2022","3.815","3.796","3.857","3.776","1.46%"
"09/14/2022","3.760","3.748","3.816","3.591","1.16%"
"09/13/2022","3.717","3.571","3.778","3.545","3.16%"
"09/12/2022","3.603","3.642","3.648","3.435","-0.36%"
"09/09/2022","3.616","3.697","3.697","3.423","-2.16%"
"09/08/2022","3.696","3.629","3.696","3.567","1.96%"
"09/07/2022","3.625","3.575","3.653","3.536","0.19%"
"09/06/2022","3.618","3.629","3.677","3.596","1.12%"
"09/02/2022","3.578","3.659","3.678","3.567","-2.69%"
"09/01/2022","3.677","3.638","3.696","3.610","0.66%"
"08/31/2022","3.653","3.672","3.697","3.614","0.41%"
"08/30/2022","3.638","3.616","3.662","3.563","0.66%"
"08/29/2022","3.614","3.592","3.620","3.573","2.26%"
"08/26/2022","3.534","3.523","3.606","3.504","1.06%"
"08/25/2022","3.497","3.500","3.544","3.483","-0.37%"
"08/24/2022","3.510","3.475","3.538","3.456","0.95%"
"08/23/2022","3.477","3.507","3.534","3.368","-0.83%"
"08/22/2022","3.506","3.441","3.655","3.441","2.42%"
"08/19/2022","3.423","3.440","3.478","3.421","0.32%"
"08/18/2022","3.412","3.409","3.434","3.354","0.18%"
"08/17/2022","3.406","3.354","3.595","3.354","2.44%"
"08/16/2022","3.325","3.207","3.372","3.207","3.61%"
"08/15/2022","3.209","3.264","3.264","3.185","-0.90%"
"08/12/2022","3.238","3.243","3.281","3.217","-0.40%"
"08/11/2022","3.251","3.187","3.268","3.099","2.23%"
"08/10/2022","3.180","3.303","3.303","3.058","-2.81%"
"08/09/2022","3.272","3.260","3.310","3.259","1.08%"
"08/08/2022","3.237","3.275","3.275","3.197","-0.37%"
"08/05/2022","3.249","3.157","3.288","3.157","2.85%"
"08/04/2022","3.159","3.212","3.253","3.106","-0.79%"
"08/03/2022","3.184","3.079","3.243","3.079","2.38%"
"08/02/2022","3.110","2.922","3.127","2.903","4.96%"
"07/29/2022","2.963","2.921","3.001","2.916","0.99%"
"07/28/2022","2.934","3.049","3.090","2.911","-3.99%"
"07/27/2022","3.056","3.143","3.164","2.998","-2.05%"
"07/26/2022","3.120","3.089","3.137","2.887","0.42%"
"07/25/2022","3.107","3.083","3.134","3.078","1.57%"
"07/22/2022","3.059","3.147","3.201","3.052","-3.59%"
"07/21/2022","3.173","3.310","3.366","3.173","-3.79%"
"07/20/2022","3.298","3.320","3.325","3.218","-0.63%"
"07/19/2022","3.319","3.227","3.325","3.209","2.22%"
"07/18/2022","3.247","3.234","3.280","3.216","1.12%"
"07/15/2022","3.211","3.239","3.290","3.203","-1.77%"
"07/14/2022","3.269","3.355","3.411","3.263","-1.27%"
"07/13/2022","3.311","3.214","3.418","3.185","3.08%"
"07/12/2022","3.212","3.235","3.282","3.176","-1.44%"
"07/11/2022","3.259","3.303","3.303","3.221","-0.46%"
"07/08/2022","3.274","3.198","3.374","3.183","1.71%"
"07/07/2022","3.219","3.122","3.221","3.110","3.07%"
"07/06/2022","3.123","3.028","3.132","2.976","3.82%"
"07/05/2022","3.008","3.124","3.130","2.965","-1.92%"
"07/04/2022","3.067","3.133","3.133","3.038","-0.84%"
"06/30/2022","3.093","3.151","3.180","3.079","-1.78%"
"06/29/2022","3.149","3.160","3.204","2.973","-0.06%"
"06/28/2022","3.151","3.182","3.240","2.998","-1.13%"
"06/27/2022","3.187","3.163","3.200","3.137","1.69%"
"06/24/2022","3.134","3.120","3.174","3.060","0.35%"
"06/23/2022","3.123","3.221","3.281","3.038","-4.58%"
"06/22/2022","3.273","3.322","3.465","3.248","-2.15%"
"06/21/2022","3.345","3.325","3.354","3.305","1.36%"
"06/20/2022","3.300","3.274","3.308","3.254","0.89%"
"06/17/2022","3.271","3.251","3.311","3.200","1.93%"
"06/16/2022","3.209","3.420","3.466","3.203","-2.28%"
"06/15/2022","3.284","3.492","3.571","3.256","-5.17%"
"06/14/2022","3.463","3.438","3.504","3.344","1.76%"
"06/13/2022","3.403","3.299","3.436","3.274","5.13%"
"06/10/2022","3.237","3.065","3.272","3.060","5.30%"
"06/09/2022","3.074","3.113","3.171","3.071","-1.32%"
"06/08/2022","3.115","3.045","3.125","3.045","2.37%"
"06/07/2022","3.043","3.058","3.072","3.021","0.53%"
"06/06/2022","3.027","2.907","3.050","2.907","3.98%"
"06/03/2022","2.911","2.853","2.935","2.853","2.10%"
"06/02/2022","2.851","2.787","2.854","2.779","2.08%"
"06/01/2022","2.793","2.670","2.827","2.664","4.88%"
"05/31/2022","2.663","2.638","2.747","2.630","2.19%"
"05/30/2022","2.606","2.576","2.637","2.576","2.20%"
"05/27/2022","2.550","2.545","2.580","2.515","0.04%"
"05/26/2022","2.549","2.546","2.574","2.495","0.31%"
"05/25/2022","2.541","2.580","2.600","2.528","-1.01%"
"05/24/2022","2.567","2.674","2.690","2.546","-2.91%"
"05/20/2022","2.644","2.704","2.743","2.644","-2.15%"
"05/19/2022","2.702","2.748","2.787","2.675","-1.99%"
"05/18/2022","2.757","2.779","2.852","2.747","-0.36%"
"05/17/2022","2.767","2.648","2.769","2.648","4.53%"
"05/16/2022","2.647","2.663","2.701","2.628","-0.75%"
"05/13/2022","2.667","2.642","2.715","2.642","0.98%"
"05/12/2022","2.641","2.692","2.765","2.622","-4.31%"
"05/11/2022","2.760","2.684","2.842","2.655","2.87%"
"05/10/2022","2.683","2.661","2.697","2.616","2.80%"
"05/09/2022","2.610","2.738","2.738","2.594","-3.90%"
"05/06/2022","2.716","2.704","2.756","2.646","-0.04%"
"05/05/2022","2.717","2.634","2.729","2.622","3.86%"
"05/04/2022","2.616","2.719","2.785","2.589","-4.00%"
"05/03/2022","2.725","2.664","2.728","2.661","2.41%"
"05/02/2022","2.661","2.634","2.676","2.601","1.49%"
"04/29/2022","2.622","2.541","2.649","2.541","3.80%"
"04/28/2022","2.526","2.487","2.553","2.487","0.80%"
"04/27/2022","2.506","2.461","2.518","2.440","2.79%"
"04/26/2022","2.438","2.560","2.560","2.438","-4.65%"
"04/25/2022","2.557","2.590","2.652","2.483","-3.14%"
"04/22/2022","2.640","2.661","2.736","2.640","0.23%"
"04/21/2022","2.634","2.617","2.688","2.608","2.41%"
"04/20/2022","2.572","2.508","2.596","2.499","2.06%"
"04/19/2022","2.520","2.434","2.525","2.431","3.75%"
"04/18/2022","2.429","2.438","2.446","2.414","0.50%"
"04/14/2022","2.417","2.330","2.417","2.318","3.87%"
"04/13/2022","2.327","2.377","2.377","2.292","-0.94%"
"04/12/2022","2.349","2.451","2.451","2.335","-3.25%"
"04/11/2022","2.428","2.451","2.472","2.422","-0.12%"
"04/08/2022","2.431","2.411","2.458","2.411","2.27%"
"04/07/2022","2.377","2.322","2.377","2.322","1.32%"
"04/06/2022","2.346","2.407","2.418","2.343","-1.26%"
"04/05/2022","2.376","2.347","2.378","2.341","2.59%"
"04/04/2022","2.316","2.347","2.362","2.301","-1.36%"
"04/01/2022","2.348","2.331","2.382","2.325","2.49%"
"03/31/2022","2.291","2.302","2.322","2.271","-1.04%"
"03/30/2022","2.315","2.338","2.347","2.295","-1.24%"
"03/29/2022","2.344","2.398","2.427","2.322","-0.51%"
"03/28/2022","2.356","2.396","2.427","2.333","0.08%"
"03/25/2022","2.354","2.150","2.357","2.133","9.90%"
"03/24/2022","2.142","2.083","2.159","2.083","4.54%"
"03/23/2022","2.049","2.102","2.108","2.049","-1.91%"
"03/22/2022","2.089","2.084","2.134","2.072","2.86%"
"03/21/2022","2.031","1.895","2.031","1.895","7.57%"
"03/18/2022","1.888","1.888","1.901","1.868","0.11%"
"03/17/2022","1.886","1.855","1.900","1.849","-0.16%"
"03/16/2022","1.889","1.801","1.933","1.790","5.00%"
"03/15/2022","1.799","1.775","1.810","1.747","1.47%"
"03/14/2022","1.773","1.699","1.773","1.699","6.68%"
"03/11/2022","1.662","1.542","1.665","1.542","7.09%"
"03/10/2022","1.552","1.513","1.568","1.494","2.58%"
"03/09/2022","1.513","1.448","1.513","1.448","3.77%"
"03/08/2022","1.458","1.409","1.460","1.401","3.92%"
"03/07/2022","1.403","1.373","1.586","1.368","1.67%"
"03/04/2022","1.380","1.445","1.461","1.377","-6.69%"
"03/03/2022","1.479","1.455","1.646","1.446","0.75%"
"03/02/2022","1.468","1.344","1.494","1.344","10.38%"
"03/01/2022","1.330","1.459","1.467","1.317","-7.38%"
"02/28/2022","1.436","1.495","1.516","1.436","-6.87%"
"02/25/2022","1.542","1.526","1.571","1.526","0.92%"
"02/24/2022","1.528","1.501","1.533","1.490","-2.80%"
"02/23/2022","1.572","1.540","1.585","1.540","2.14%"
"02/22/2022","1.539","1.497","1.555","1.491","2.87%"
"02/18/2022","1.496","1.522","1.522","1.490","-0.93%"
"02/17/2022","1.510","1.510","1.518","1.484","-1.11%"
"02/16/2022","1.527","1.554","1.638","1.527","-1.61%"
"02/15/2022","1.552","1.508","1.555","1.502","2.65%"
"02/14/2022","1.512","1.483","1.691","1.467","2.72%"
"02/11/2022","1.472","1.511","1.519","1.456","-2.52%"
"02/10/2022","1.510","1.353","1.512","1.340","11.36%"
"02/09/2022","1.356","1.340","1.364","1.335","0.44%"
"02/08/2022","1.350","1.345","1.370","1.342","0.45%"
"02/07/2022","1.344","1.354","1.367","1.341","-1.03%"
"02/04/2022","1.358","1.312","1.369","1.294","4.38%"
"02/03/2022","1.301","1.275","1.311","1.275","5.09%"
"02/02/2022","1.238","1.273","1.292","1.223","-2.67%"
"02/01/2022","1.272","1.266","1.294","1.257","-0.39%"
"01/31/2022","1.277","1.271","1.298","1.259","2.00%"
"01/28/2022","1.252","1.264","1.294","1.240","-0.63%"
"01/27/2022","1.260","1.280","1.297","1.245","-1.64%"
"01/26/2022","1.281","1.242","1.286","1.166","3.31%"
"01/25/2022","1.240","1.243","1.262","1.121","-0.16%"
"01/24/2022","1.242","1.274","1.274","1.210","-0.64%"
"01/21/2022","1.250","1.247","1.283","1.221","-1.50%"
"01/20/2022","1.269","1.286","1.292","1.257","-1.25%"
"01/19/2022","1.285","1.297","1.299","1.262","-0.23%"
"01/18/2022","1.288","1.230","1.288","1.221","4.72%"
"01/17/2022","1.230","1.171","1.231","1.171","5.67%"
"01/14/2022","1.164","1.130","1.325","1.107","3.74%"
"01/13/2022","1.122","1.120","1.142","1.100","0.36%"
"01/12/2022","1.118","1.075","1.125","1.075","4.10%"
"01/11/2022","1.074","1.077","1.099","1.071","-0.19%"
"01/10/2022","1.076","1.087","1.092","1.076","-0.65%"
"01/07/2022","1.083","1.078","1.116","1.058","-0.37%"
"01/06/2022","1.087","1.055","1.096","1.053","3.92%"
"01/05/2022","1.046","1.016","1.051","1.002","2.05%"
"01/04/2022","1.025","0.987","1.057","0.958","7.89%"
"12/31/2021","0.950","0.980","0.996","0.947","-4.04%"
"12/30/2021","0.990","0.991","1.027","0.938","-0.40%"
"12/29/2021","0.994","0.985","1.007","0.969","1.02%"
"12/24/2021","0.984","0.976","0.989","0.973","0.92%"
"12/23/2021","0.975","0.967","0.992","0.967","0.10%"
"12/22/2021","0.974","0.983","1.009","0.952","-1.81%"
"12/21/2021","0.992","0.933","1.000","0.930","4.97%"
"12/20/2021","0.945","0.889","0.945","0.878","3.28%"
"12/17/2021","0.915","0.902","0.933","0.883","2.81%"
"12/16/2021","0.890","0.953","0.971","0.890","-6.12%"
"12/15/2021","0.948","0.937","1.013","0.902","-0.11%"
"12/14/2021","0.949","0.920","0.966","0.920","3.15%"
"12/13/2021","0.920","0.982","0.982","0.914","-6.12%"
"12/10/2021","0.980","1.016","1.051","0.962","-4.20%"
"12/09/2021","1.023","1.072","1.096","0.994","-5.54%"
"12/08/2021","1.083","1.145","1.177","1.073","-5.83%"
"12/07/2021","1.150","1.066","1.163","1.056","7.38%"
"12/06/2021","1.071","1.047","1.081","1.030","4.08%"
"12/03/2021","1.029","0.979","1.059","0.958","5.76%"
"12/02/2021","0.973","0.952","0.983","0.936","3.29%"
"12/01/2021","0.942","1.000","1.016","0.785","-4.27%"
"11/30/2021","0.984","0.920","1.002","0.893","2.61%"
"11/29/2021","0.959","0.959","1.014","0.940","2.13%"
"11/26/2021","0.939","0.916","1.061","0.911","-11.42%"
"11/25/2021","1.060","1.061","1.071","1.048","-0.84%"
"11/24/2021","1.069","1.032","1.074","1.016","2.59%"
"11/23/2021","1.042","1.047","1.070","1.029","-0.48%"
"11/22/2021","1.047","0.973","1.057","0.973","7.16%"
"11/19/2021","0.977","0.991","0.995","0.930","-1.81%"
"11/18/2021","0.995","0.992","1.013","0.982","0.20%"
"11/17/2021","0.993","1.061","1.087","0.983","-5.88%"
"11/16/2021","1.055","1.005","1.065","1.005","3.43%"
"11/15/2021","1.020","0.968","1.020","0.963","3.03%"
"11/12/2021","0.990","1.004","1.025","0.981","-1.30%"
"11/10/2021","1.003","0.931","1.016","0.931","7.50%"
"11/09/2021","0.933","0.937","0.964","0.911","-3.12%"
"11/08/2021","0.963","0.935","0.986","0.932","3.33%"
"11/05/2021","0.932","0.981","1.017","0.919","-4.70%"
"11/04/2021","0.978","1.032","1.044","0.955","-5.51%"
"11/03/2021","1.035","1.048","1.096","1.032","-1.62%"
"11/02/2021","1.052","1.022","1.098","1.019","-2.50%"
"11/01/2021","1.079","1.120","1.120","1.056","-1.82%"
"10/29/2021","1.099","1.015","1.099","0.997","8.38%"
"10/28/2021","1.014","1.083","1.262","0.986","-5.76%"
"10/27/2021","1.076","0.893","1.147","0.876","24.11%"
"10/26/2021","0.867","0.865","0.875","0.847","0.93%"
"10/25/2021","0.859","0.877","0.885","0.849","-1.72%"
"10/22/2021","0.874","0.872","0.899","0.864","0.69%"
"10/21/2021","0.868","0.808","0.868","0.808","7.56%"
"10/20/2021","0.807","0.837","0.842","0.802","-3.24%"
"10/19/2021","0.834","0.834","0.842","0.827","0.00%"
"10/18/2021","0.834","0.769","0.866","0.769","8.88%"
"10/15/2021","0.766","0.729","0.766","0.729","5.22%"
"10/14/2021","0.728","0.780","0.780","0.723","-6.55%"
"10/13/2021","0.779","0.747","0.802","0.740","4.28%"
"10/12/2021","0.747","0.692","0.759","0.692","8.26%"
"10/08/2021","0.690","0.641","0.695","0.641","8.15%"
"10/07/2021","0.638","0.611","0.638","0.611","19.92%"
"10/06/2021","0.532","0.530","0.538","0.519","1.53%"
"10/05/2021","0.524","0.521","0.537","0.521","0.77%"
"10/04/2021","0.520","0.504","0.524","0.504","1.17%"
"10/01/2021","0.514","0.536","0.536","0.482","-2.47%"
"09/29/2021","0.527","0.502","0.562","0.491","4.36%"
"09/28/2021","0.505","0.518","0.552","0.499","-1.37%"
"09/27/2021","0.512","0.506","0.523","0.504","1.79%"
"09/24/2021","0.503","0.490","0.503","0.479","2.86%"
"09/23/2021","0.489","0.457","0.490","0.454","9.15%"
"09/22/2021","0.448","0.448","0.467","0.434","-0.44%"
"09/21/2021","0.450","0.453","0.461","0.437","-0.44%"
"09/20/2021","0.452","0.450","0.463","0.443","-2.38%"
"09/17/2021","0.463","0.455","0.474","0.449","3.12%"
"09/16/2021","0.449","0.433","0.450","0.430","4.66%"
"09/15/2021","0.429","0.408","0.438","0.406","3.12%"
"09/14/2021","0.416","0.426","0.434","0.403","-2.35%"
"09/13/2021","0.426","0.416","0.426","0.408","0.00%"
"09/10/2021","0.426","0.402","0.426","0.402","3.90%"
"09/09/2021","0.410","0.391","0.410","0.391","1.49%"
"09/08/2021","0.404","0.404","0.417","0.388","-3.12%"
"09/07/2021","0.417","0.399","0.419","0.399","3.99%"
"09/03/2021","0.401","0.408","0.414","0.388","1.52%"
"09/02/2021","0.395","0.421","0.421","0.395","-5.95%"
"09/01/2021","0.420","0.429","0.442","0.408","-3.67%"
"08/31/2021","0.436","0.439","0.444","0.400","1.87%"
"08/30/2021","0.428","0.439","0.454","0.426","-3.60%"
"08/27/2021","0.444","0.452","0.462","0.441","-1.55%"
"08/26/2021","0.451","0.454","0.467","0.451","-3.22%"
"08/25/2021","0.466","0.451","0.466","0.448","1.30%"
"08/24/2021","0.460","0.450","0.463","0.445","2.91%"
"08/23/2021","0.447","0.450","0.463","0.447","1.13%"
"08/20/2021","0.442","0.457","0.457","0.437","-0.45%"
"08/19/2021","0.444","0.439","0.457","0.437","-2.63%"
"08/18/2021","0.456","0.441","0.459","0.441","2.93%"
"08/17/2021","0.443","0.445","0.445","0.423","1.84%"
"08/16/2021","0.435","0.446","0.455","0.430","-2.25%"
"08/13/2021","0.445","0.458","0.471","0.443","-5.32%"
"08/12/2021","0.470","0.468","0.483","0.455","-1.05%"
"08/11/2021","0.475","0.488","0.503","0.467","-4.04%"
"08/10/2021","0.495","0.490","0.495","0.475","2.06%"
"08/09/2021","0.485","0.479","0.492","0.474","0.62%"
"08/06/2021","0.482","0.474","0.497","0.474","0.21%"
"08/05/2021","0.481","0.456","0.481","0.446","5.71%"
"08/04/2021","0.455","0.420","0.455","0.409","9.11%"
"08/03/2021","0.417","0.442","0.462","0.417","-7.13%"
"07/30/2021","0.449","0.460","0.467","0.449","-3.85%"
"07/29/2021","0.467","0.464","0.467","0.454","0.86%"
"07/28/2021","0.463","0.445","0.473","0.445","4.51%"
"07/27/2021","0.443","0.470","0.470","0.440","-3.70%"
"07/26/2021","0.460","0.455","0.470","0.450","-1.50%"
"07/23/2021","0.467","0.462","0.475","0.457","-0.43%"
"07/22/2021","0.469","0.467","0.479","0.457","-1.47%"
"07/21/2021","0.476","0.468","0.478","0.461","2.81%"
"07/20/2021","0.463","0.473","0.481","0.456","-2.11%"
"07/19/2021","0.473","0.480","0.508","0.468","6.29%"
"07/16/2021","0.445","0.447","0.467","0.436","-2.84%"
"07/15/2021","0.458","0.455","0.463","0.444","-0.43%"
"07/14/2021","0.460","0.497","0.505","0.457","-7.82%"
"07/13/2021","0.499","0.479","0.499","0.474","1.84%"
"07/12/2021","0.490","0.485","0.499","0.474","-1.21%"
"07/09/2021","0.496","0.496","0.512","0.473","0.20%"
"07/08/2021","0.495","0.462","0.495","0.439","1.85%"
"07/07/2021","0.486","0.477","0.494","0.461","4.29%"
"07/06/2021","0.466","0.463","0.477","0.460","-1.69%"
"07/05/2021","0.474","0.402","0.474","0.402","4.41%"
"07/02/2021","0.454","0.454","0.471","0.449","0.22%"
"06/30/2021","0.453","0.457","0.457","0.443","-0.66%"
"06/29/2021","0.456","0.445","0.464","0.445","3.40%"
"06/28/2021","0.441","0.450","0.452","0.428","-1.78%"
"06/25/2021","0.449","0.436","0.449","0.428","4.42%"
"06/24/2021","0.430","0.425","0.438","0.425","-1.60%"
"06/23/2021","0.437","0.418","0.437","0.413","1.16%"
"06/22/2021","0.432","0.434","0.456","0.418","-5.26%"
"06/21/2021","0.456","0.450","0.469","0.440","1.33%"
"06/18/2021","0.450","0.382","0.472","0.380","14.50%"
"06/17/2021","0.393","0.363","0.396","0.361","6.79%"
"06/16/2021","0.368","0.336","0.371","0.325","9.52%"
"06/15/2021","0.336","0.325","0.338","0.325","2.44%"
"06/14/2021","0.328","0.320","0.338","0.314","2.82%"
"06/11/2021","0.319","0.322","0.328","0.309","2.57%"
"06/10/2021","0.311","0.322","0.341","0.311","-2.51%"
"06/09/2021","0.319","0.322","0.332","0.314","-3.92%"
"06/08/2021","0.332","0.332","0.332","0.314","1.84%"
"06/07/2021","0.326","0.324","0.330","0.314","0.62%"
"06/04/2021","0.324","0.327","0.345","0.313","-3.86%"
"06/03/2021","0.337","0.329","0.337","0.316","2.43%"
"06/02/2021","0.329","0.332","0.332","0.318","2.49%"
"06/01/2021","0.321","0.321","0.337","0.316","-3.02%"
"05/31/2021","0.331","0.329","0.342","0.321","-1.49%"
"05/28/2021","0.336","0.331","0.336","0.318","4.67%"
"05/27/2021","0.321","0.318","0.336","0.318","-0.62%"
"05/26/2021","0.323","0.307","0.323","0.305","0.94%"
"05/25/2021","0.320","0.320","0.338","0.305","-5.33%"
"05/21/2021","0.338","0.331","0.341","0.325","2.42%"
"05/20/2021","0.330","0.333","0.346","0.328","-1.49%"
"05/19/2021","0.335","0.338","0.348","0.325","-0.89%"
"05/18/2021","0.338","0.343","0.343","0.325","-1.46%"
"05/17/2021","0.343","0.330","0.345","0.327","3.94%"
"05/14/2021","0.330","0.327","0.337","0.322","0.92%"
"05/13/2021","0.327","0.345","0.345","0.324","-5.22%"
"05/12/2021","0.345","0.314","0.345","0.306","13.49%"
"05/11/2021","0.304","0.304","0.314","0.275","3.75%"
"05/10/2021","0.293","0.291","0.296","0.288","-3.30%"
"05/07/2021","0.303","0.321","0.321","0.283","-5.61%"
"05/06/2021","0.321","0.303","0.321","0.301","2.56%"
"05/05/2021","0.313","0.306","0.323","0.303","2.29%"
"05/04/2021","0.306","0.298","0.328","0.298","2.68%"
"05/03/2021","0.298","0.313","0.321","0.298","-1.65%"
"04/30/2021","0.303","0.308","0.308","0.298","-6.19%"
"04/29/2021","0.323","0.320","0.336","0.310","-0.62%"
"04/28/2021","0.325","0.330","0.343","0.310","-3.56%"
"04/27/2021","0.337","0.327","0.337","0.325","3.69%"
"04/26/2021","0.325","0.327","0.340","0.325","0.00%"
"04/23/2021","0.325","0.320","0.335","0.315","-1.52%"
"04/22/2021","0.330","0.317","0.332","0.307","4.10%"
"04/21/2021","0.317","0.304","0.364","0.272","7.46%"
"04/20/2021","0.295","0.299","0.314","0.292","-2.96%"
"04/19/2021","0.304","0.299","0.324","0.299","0.66%"
"04/16/2021","0.302","0.294","0.312","0.277","20.80%"
"04/15/2021","0.250","0.257","0.260","0.236","-2.72%"
"04/14/2021","0.257","0.244","0.260","0.194","6.20%"
"04/13/2021","0.242","0.260","0.263","0.242","-6.92%"
"04/12/2021","0.260","0.244","0.260","0.244","2.36%"
"04/09/2021","0.254","0.233","0.266","0.233","8.09%"
"04/08/2021","0.235","0.243","0.245","0.222","-3.29%"
"04/07/2021","0.243","0.233","0.246","0.228","-1.22%"
"04/06/2021","0.246","0.252","0.252","0.236","-2.38%"
"04/05/2021","0.252","0.247","0.254","0.235","12.00%"
"04/01/2021","0.225","0.238","0.238","0.222","-1.32%"
"03/31/2021","0.228","0.238","0.241","0.225","0.00%"
"03/30/2021","0.228","0.238","0.252","0.228","1.33%"
"03/29/2021","0.225","0.228","0.243","0.223","-6.64%"
"03/26/2021","0.241","0.228","0.254","0.226","-0.82%"
"03/25/2021","0.243","0.236","0.249","0.228","-2.41%"
"03/24/2021","0.249","0.260","0.262","0.239","-4.23%"
"03/23/2021","0.260","0.250","0.281","0.247","-5.11%"
"03/22/2021","0.274","0.255","0.274","0.250","4.18%"
"03/19/2021","0.263","0.274","0.282","0.255","-8.36%"
"03/18/2021","0.287","0.314","0.314","0.277","-1.03%"
"03/17/2021","0.290","0.322","0.330","0.274","-9.94%"
"03/16/2021","0.322","0.314","0.322","0.306","2.55%"
"03/15/2021","0.314","0.311","0.327","0.305","-1.57%"
"03/12/2021","0.319","0.271","0.327","0.265","25.10%"
"03/11/2021","0.255","0.257","0.268","0.170","4.08%"
"03/10/2021","0.245","0.279","0.292","0.244","-10.58%"
"03/09/2021","0.274","0.297","0.297","0.271","-7.74%"
"03/08/2021","0.297","0.300","0.324","0.284","-2.62%"
"03/05/2021","0.305","0.263","0.323","0.245","7.39%"
"03/04/2021","0.284","0.263","0.294","0.245","6.77%"
"03/03/2021","0.266","0.245","0.281","0.224","12.24%"
"03/02/2021","0.237","0.260","0.268","0.237","-5.20%"
"03/01/2021","0.250","0.302","0.315","0.242","-17.76%"
"02/26/2021","0.304","0.338","0.409","0.297","-6.75%"
"02/25/2021","0.326","0.250","0.338","0.249","30.92%"
"02/24/2021","0.249","0.239","0.249","0.229","8.73%"
"02/23/2021","0.229","0.232","0.244","0.227","-1.29%"
"02/22/2021","0.232","0.234","0.244","0.229","-0.85%"
"02/19/2021","0.234","0.227","0.247","0.227","5.41%"
"02/18/2021","0.222","0.211","0.250","0.211","3.74%"
"02/17/2021","0.214","0.211","0.219","0.211","0.00%"
"02/16/2021","0.214","0.191","0.214","0.191","12.04%"
"02/12/2021","0.191","0.188","0.194","0.188","-4.02%"
"02/11/2021","0.199","0.191","0.204","0.186","-1.49%"
"02/10/2021","0.202","0.194","0.209","0.191","-0.98%"
"02/09/2021","0.204","0.199","0.209","0.190","2.51%"
"02/08/2021","0.199","0.202","0.212","0.197","-4.78%"
"02/05/2021","0.209","0.197","0.212","0.194","0.97%"
"02/04/2021","0.207","0.198","0.210","0.194","17.61%"
"02/03/2021","0.176","0.160","0.176","0.159","3.53%"
"02/02/2021","0.170","0.152","0.173","0.152","11.84%"
"02/01/2021","0.152","0.155","0.168","0.149","-3.80%"
"01/29/2021","0.158","0.158","0.179","0.155","-7.60%"
"01/28/2021","0.171","0.164","0.179","0.161","4.27%"
"01/27/2021","0.164","0.173","0.183","0.164","-10.38%"
"01/26/2021","0.183","0.182","0.195","0.170","0.55%"
"01/25/2021","0.182","0.187","0.198","0.179","-5.70%"
"01/22/2021","0.193","0.176","0.198","0.168","3.76%"
"01/21/2021","0.186","0.165","0.192","0.165","6.29%"
"01/20/2021","0.175","0.151","0.184","0.151","15.89%"
"01/19/2021","0.151","0.151","0.167","0.150","-5.03%"
"01/18/2021","0.159","0.157","0.167","0.149","1.27%"
"01/15/2021","0.157","0.166","0.176","0.154","-5.42%"
"01/14/2021","0.166","0.169","0.176","0.157","-4.05%"
"01/13/2021","0.173","0.177","0.190","0.163","-7.49%"
"01/12/2021","0.187","0.191","0.204","0.175","-2.09%"
"01/11/2021","0.191","0.189","0.199","0.183","-4.02%"
"01/08/2021","0.199","0.183","0.202","0.181","6.99%"
"01/07/2021","0.186","0.183","0.196","0.181","-2.62%"
"01/06/2021","0.191","0.192","0.207","0.181","-5.45%"
"01/05/2021","0.202","0.200","0.210","0.192","1.00%"
"01/04/2021","0.200","0.206","0.216","0.198","-1.48%"
"12/31/2020","0.203","0.206","0.216","0.203","-6.02%"
"12/30/2020","0.216","0.209","0.221","0.206","-1.37%"
"12/29/2020","0.219","0.220","0.230","0.209","-0.45%"
"12/24/2020","0.220","0.225","0.235","0.220","-2.22%"
"12/23/2020","0.225","0.223","0.246","0.223","-4.26%"
"12/22/2020","0.235","0.234","0.241","0.220","-2.49%"
"12/21/2020","0.241","0.236","0.252","0.226","-4.37%"
"12/18/2020","0.252","0.247","0.258","0.237","2.02%"
"12/17/2020","0.247","0.245","0.260","0.239","0.82%"
"12/16/2020","0.245","0.255","0.268","0.245","-7.89%"
"12/15/2020","0.266","0.255","0.268","0.253","4.31%"
"12/14/2020","0.255","0.255","0.274","0.253","-3.77%"
"12/11/2020","0.265","0.261","0.271","0.247","-2.21%"
"12/10/2020","0.271","0.274","0.287","0.261","-1.09%"
"12/09/2020","0.274","0.277","0.292","0.274","-4.53%"
"12/08/2020","0.287","0.279","0.289","0.274","-0.69%"
"12/07/2020","0.289","0.279","0.289","0.271","2.48%"
"12/04/2020","0.282","0.266","0.289","0.266","6.02%"
"12/03/2020","0.266","0.268","0.279","0.264","-4.32%"
"12/02/2020","0.278","0.266","0.281","0.263","4.51%"
"12/01/2020","0.266","0.253","0.278","0.250","1.14%"
"11/30/2020","0.263","0.258","0.268","0.250","3.14%"
"11/27/2020","0.255","0.266","0.276","0.253","-7.61%"
"11/26/2020","0.276","0.271","0.281","0.266","-1.78%"
"11/25/2020","0.281","0.273","0.283","0.268","-0.71%"
"11/24/2020","0.283","0.273","0.286","0.268","0.00%"
"11/23/2020","0.283","0.266","0.286","0.263","6.39%"
"11/20/2020","0.266","0.266","0.281","0.263","-0.75%"
"11/19/2020","0.268","0.271","0.283","0.266","-5.30%"
"11/18/2020","0.283","0.265","0.288","0.265","1.07%"
"11/17/2020","0.280","0.276","0.288","0.265","-2.78%"
"11/16/2020","0.288","0.268","0.301","0.268","0.00%"
"11/13/2020","0.288","0.268","0.288","0.260","2.86%"
"11/12/2020","0.280","0.273","0.289","0.258","-4.44%"
"11/10/2020","0.293","0.281","0.306","0.273","-0.68%"
"11/09/2020","0.295","0.255","0.300","0.255","8.06%"
"11/06/2020","0.273","0.253","0.275","0.250","7.91%"
"11/05/2020","0.253","0.253","0.270","0.250","-6.30%"
"11/04/2020","0.270","0.273","0.275","0.253","-5.26%"
"11/03/2020","0.285","0.263","0.288","0.263","8.37%"
"11/02/2020","0.263","0.263","0.278","0.250","-5.40%"
"10/30/2020","0.278","0.253","0.280","0.251","3.73%"
"10/29/2020","0.268","0.242","0.270","0.240","9.39%"
"10/28/2020","0.245","0.238","0.258","0.228","-3.16%"
"10/27/2020","0.253","0.238","0.255","0.235","6.30%"
"10/26/2020","0.238","0.235","0.253","0.233","-5.93%"
"10/23/2020","0.253","0.233","0.258","0.230","-0.78%"
"10/22/2020","0.255","0.233","0.258","0.230","2.82%"
"10/21/2020","0.248","0.233","0.253","0.228","6.44%"
"10/20/2020","0.233","0.230","0.250","0.228","0.00%"
"10/19/2020","0.233","0.230","0.248","0.228","-4.12%"
"10/16/2020","0.243","0.235","0.253","0.228","-2.80%"
"10/15/2020","0.250","0.245","0.260","0.208","-4.21%"
"10/14/2020","0.261","0.250","0.265","0.243","-1.51%"
"10/13/2020","0.265","0.258","0.278","0.248","1.15%"
"10/09/2020","0.262","0.271","0.285","0.260","11.97%"
"10/08/2020","0.234","0.244","0.254","0.232","-3.70%"
"10/07/2020","0.243","0.233","0.254","0.139","3.85%"
"10/06/2020","0.234","0.247","0.257","0.233","-5.26%"
"10/05/2020","0.247","0.239","0.257","0.239","2.07%"
"10/02/2020","0.242","0.244","0.254","0.167","-0.82%"
"10/01/2020","0.244","0.247","0.265","0.244","-1.61%"
"09/30/2020","0.248","0.245","0.257","0.223","1.22%"
"09/29/2020","0.245","0.253","0.263","0.245","-5.41%"
"09/28/2020","0.259","0.265","0.268","0.253","-1.15%"
"09/25/2020","0.262","0.255","0.265","0.253","2.75%"
"09/24/2020","0.255","0.261","0.273","0.255","-4.85%"
"09/23/2020","0.268","0.261","0.273","0.258","0.00%"
"09/22/2020","0.268","0.261","0.271","0.258","0.00%"
"09/21/2020","0.268","0.264","0.273","0.255","-2.19%"
"09/18/2020","0.274","0.266","0.279","0.261","0.37%"
"09/17/2020","0.273","0.261","0.276","0.261","-0.36%"
"09/16/2020","0.274","0.266","0.403","0.261","-0.36%"
"09/15/2020","0.275","0.263","0.283","0.261","0.36%"
"09/14/2020","0.274","0.261","0.276","0.261","-0.72%"
"09/11/2020","0.276","0.266","0.279","0.263","0.00%"
"09/10/2020","0.276","0.269","0.287","0.266","-1.78%"
"09/09/2020","0.281","0.266","0.289","0.261","-0.71%"
"09/08/2020","0.283","0.271","0.291","0.266","2.54%"
"09/04/2020","0.276","0.266","0.303","0.266","3.76%"
"09/03/2020","0.266","0.266","0.283","0.261","-2.56%"
"09/02/2020","0.273","0.263","0.278","0.263","-1.09%"
"09/01/2020","0.276","0.276","0.291","0.266","0.00%"
"08/31/2020","0.276","0.281","0.294","0.276","-1.78%"
"08/28/2020","0.281","0.300","0.308","0.281","-5.39%"
"08/27/2020","0.297","0.292","0.315","0.287","1.02%"
"08/26/2020","0.294","0.292","0.312","0.289","0.68%"
"08/25/2020","0.292","0.286","0.312","0.284","2.82%"
"08/24/2020","0.284","0.281","0.296","0.279","-3.40%"
"08/21/2020","0.294","0.296","0.299","0.281","3.52%"
"08/20/2020","0.284","0.284","0.299","0.278","-4.70%"
"08/19/2020","0.298","0.281","0.301","0.278","1.71%"
"08/18/2020","0.293","0.289","0.304","0.281","2.45%"
"08/17/2020","0.286","0.294","0.309","0.279","-3.38%"
"08/14/2020","0.296","0.321","0.321","0.296","-7.79%"
"08/13/2020","0.321","0.291","0.353","0.291","8.45%"
"08/12/2020","0.296","0.291","0.309","0.291","2.78%"
"08/11/2020","0.288","0.273","0.301","0.270","2.49%"
"08/10/2020","0.281","0.265","0.283","0.265","0.00%"
"08/07/2020","0.281","0.260","0.281","0.260","2.18%"
"08/06/2020","0.275","0.265","0.280","0.258","-1.79%"
"08/05/2020","0.280","0.258","0.346","0.258","5.66%"
"08/04/2020","0.265","0.260","0.273","0.255","-1.85%"
"07/31/2020","0.270","0.267","0.282","0.253","3.85%"
"07/30/2020","0.260","0.267","0.282","0.260","-6.14%"
"07/29/2020","0.277","0.267","0.282","0.267","0.00%"
"07/28/2020","0.277","0.275","0.325","0.267","-1.07%"
"07/27/2020","0.280","0.275","0.290","0.267","-1.75%"
"07/24/2020","0.285","0.272","0.290","0.267","0.00%"
"07/23/2020","0.285","0.272","0.290","0.267","1.06%"
"07/22/2020","0.282","0.270","0.282","0.265","0.00%"
"07/21/2020","0.282","0.270","0.282","0.267","4.44%"
"07/20/2020","0.270","0.262","0.285","0.262","-4.26%"
"07/17/2020","0.282","0.262","0.282","0.262","6.42%"
"07/16/2020","0.265","0.277","0.284","0.265","-6.69%"
"07/15/2020","0.284","0.282","0.297","0.252","0.71%"
"07/14/2020","0.282","0.284","0.299","0.277","-4.08%"
"07/13/2020","0.294","0.287","0.304","0.279","-0.68%"
"07/10/2020","0.296","0.282","0.299","0.270","4.96%"
"07/09/2020","0.282","0.296","0.312","0.279","-4.73%"
"07/08/2020","0.296","0.286","0.311","0.274","2.42%"
"07/07/2020","0.289","0.286","0.304","0.274","0.00%"
"07/06/2020","0.289","0.296","0.314","0.289","-7.07%"
"07/03/2020","0.311","0.296","0.314","0.286","0.65%"
"07/02/2020","0.309","0.298","0.318","0.284","8.80%"
"07/01/2020","0.284","0.284","0.284","0.284","-0.70%"
"06/30/2020","0.286","0.289","0.304","0.279","0.00%"
"06/29/2020","0.286","0.288","0.311","0.269","-5.61%"
"06/26/2020","0.303","0.298","0.318","0.286","-4.72%"
"06/25/2020","0.318","0.305","0.327","0.288","1.60%"
"06/24/2020","0.313","0.305","0.327","0.293","-1.26%"
"06/23/2020","0.317","0.300","0.324","0.250","0.63%"
"06/22/2020","0.315","0.300","0.315","0.290","0.00%"
"06/19/2020","0.315","0.298","0.322","0.298","0.96%"
"06/18/2020","0.312","0.288","0.315","0.283","5.05%"
"06/17/2020","0.297","0.288","0.315","0.285","1.37%"
"06/16/2020","0.293","0.290","0.322","0.274","1.03%"
"06/15/2020","0.290","0.288","0.310","0.262","-4.29%"
"06/12/2020","0.303","0.288","0.308","0.283","7.83%"
"06/11/2020","0.281","0.273","0.298","0.273","-0.71%"
"06/10/2020","0.283","0.295","0.316","0.277","-5.98%"
"06/09/2020","0.301","0.310","0.338","0.300","-7.38%"
"06/08/2020","0.325","0.364","0.364","0.324","-7.93%"
"06/05/2020","0.353","0.335","0.392","0.330","6.33%"
"06/04/2020","0.332","0.308","0.349","0.308","3.43%"
"06/03/2020","0.321","0.302","0.338","0.292","9.18%"
"06/02/2020","0.294","0.308","0.319","0.292","0.00%"
"06/01/2020","0.294","0.284","0.305","0.276","-4.23%"
"05/29/2020","0.307","0.300","0.323","0.287","-5.25%"
"05/28/2020","0.324","0.314","0.353","0.284","-0.61%"
"05/27/2020","0.326","0.314","0.335","0.284","0.31%"
"05/26/2020","0.325","0.314","0.335","0.284","12.46%"
"05/25/2020","0.289","0.314","0.314","0.284","-3.34%"
"05/22/2020","0.299","0.314","0.460","0.291","-3.86%"
"05/21/2020","0.311","0.314","0.336","0.293","1.30%"
"05/20/2020","0.307","0.314","0.336","0.301","-0.65%"
"05/19/2020","0.309","0.314","0.336","0.301","7.29%"
"05/15/2020","0.288","0.275","0.307","0.268","-3.68%"
"05/14/2020","0.299","0.277","0.314","0.269","5.65%"
"05/13/2020","0.283","0.276","0.306","0.268","-4.07%"
"05/12/2020","0.295","0.283","0.308","0.275","-2.96%"
"05/11/2020","0.304","0.284","0.304","0.264","7.80%"
"05/08/2020","0.282","0.299","0.312","0.120","0.36%"
"05/07/2020","0.281","0.331","0.331","0.274","-9.94%"
"05/06/2020","0.312","0.317","0.340","0.310","-5.17%"
"05/05/2020","0.329","0.324","0.339","0.306","5.11%"
"05/04/2020","0.313","0.286","0.333","0.281","-5.15%"
"05/01/2020","0.330","0.293","0.335","0.291","0.30%"
"04/30/2020","0.329","0.311","0.339","0.299","2.81%"
"04/29/2020","0.320","0.348","0.348","0.311","-1.54%"
"04/28/2020","0.325","0.349","0.369","0.325","-7.93%"
"04/27/2020","0.353","0.341","0.368","0.336","4.44%"
"04/24/2020","0.338","0.333","0.363","0.331","-0.59%"
"04/23/2020","0.340","0.342","0.362","0.330","-5.29%"
"04/22/2020","0.359","0.314","0.361","0.314","10.12%"
"04/21/2020","0.326","0.365","0.365","0.316","-11.17%"
"04/20/2020","0.367","0.344","0.374","0.337","1.66%"
"04/17/2020","0.361","0.346","0.379","0.327","5.87%"
"04/16/2020","0.341","0.338","0.363","0.309","1.79%"
"04/15/2020","0.335","0.350","0.391","0.311","-11.61%"
"04/14/2020","0.379","0.392","0.410","0.312","-3.81%"
"04/13/2020","0.394","0.406","0.458","0.382","-1.25%"
"04/09/2020","0.399","0.411","0.453","0.397","-12.11%"
"04/08/2020","0.454","0.456","0.486","0.427","-5.42%"
"04/07/2020","0.480","0.458","0.482","0.453","7.38%"
"04/06/2020","0.447","0.416","0.455","0.416","6.18%"
"04/03/2020","0.421","0.415","0.518","0.379","-0.71%"
"04/02/2020","0.424","0.395","0.426","0.364","7.61%"
"04/01/2020","0.394","0.404","0.413","0.382","-7.08%"
"03/31/2020","0.424","0.443","0.443","0.410","-5.15%"
"03/30/2020","0.447","0.445","0.449","0.399","-0.45%"
"03/27/2020","0.449","0.596","0.600","0.399","-24.92%"
"03/26/2020","0.598","0.589","0.654","0.576","-9.12%"
"03/25/2020","0.658","0.615","0.658","0.596","8.22%"
"03/24/2020","0.608","0.533","0.616","0.511","13.86%"
"03/23/2020","0.534","0.542","0.591","0.478","-2.20%"
"03/20/2020","0.546","0.637","0.670","0.546","-18.63%"
"03/19/2020","0.671","0.671","0.717","0.633","-2.04%"
"03/18/2020","0.685","0.626","0.702","0.504","4.74%"
"03/17/2020","0.654","0.484","0.676","0.457","40.04%"
"03/16/2020","0.467","0.450","0.470","0.163","-13.52%"
"03/13/2020","0.540","0.439","0.906","0.349","28.57%"
"03/12/2020","0.420","0.451","0.537","0.346","-17.00%"
"03/11/2020","0.506","0.549","0.549","0.435","-15.38%"
"03/10/2020","0.598","0.552","0.657","0.473","6.41%"
"03/09/2020","0.562","0.490","0.572","0.422","-20.73%"
"03/06/2020","0.709","0.728","0.791","0.636","-9.91%"
"03/05/2020","0.787","0.914","0.943","0.779","-16.81%"
"03/04/2020","0.946","0.953","0.990","0.838","-3.57%"
"03/03/2020","0.981","1.118","1.146","0.933","-14.70%"
"03/02/2020","1.150","1.227","1.255","1.007","-0.26%"
"02/28/2020","1.153","1.227","1.255","1.142","-7.61%"
"02/27/2020","1.248","1.288","1.322","1.243","-5.67%"
"02/26/2020","1.323","1.334","1.373","1.307","-1.19%"
"02/25/2020","1.339","1.363","1.363","1.310","-0.59%"
"02/24/2020","1.347","1.352","1.365","1.342","-5.41%"
"02/21/2020","1.424","1.437","1.444","1.407","-1.79%"
"02/20/2020","1.450","1.468","1.500","1.442","-2.42%"
"02/19/2020","1.486","1.468","1.500","1.468","1.23%"
"02/18/2020","1.468","1.469","1.474","1.450","-1.61%"
"02/14/2020","1.492","1.510","1.513","1.489","-1.58%"
"02/13/2020","1.516","1.489","1.518","1.484","0.07%"
"02/12/2020","1.515","1.500","1.523","1.484","1.68%"
"02/11/2020","1.490","1.448","1.490","1.443","2.90%"
"02/10/2020","1.448","1.469","1.487","1.437","-1.56%"
"02/07/2020","1.471","1.479","1.500","1.464","-1.54%"
"02/06/2020","1.494","1.503","1.505","1.484","-0.73%"
"02/05/2020","1.505","1.464","1.515","1.456","2.10%"
"02/04/2020","1.474","1.425","1.500","1.425","3.73%"
"02/03/2020","1.421","1.449","1.464","1.421","-0.84%"
"01/31/2020","1.433","1.474","1.500","1.433","-3.50%"
"01/30/2020","1.485","1.459","1.485","1.446","1.16%"
"01/29/2020","1.468","1.489","1.489","1.461","-2.00%"
"01/28/2020","1.498","1.446","1.498","1.349","3.81%"
"01/27/2020","1.443","1.453","1.474","1.435","-2.89%"
"01/24/2020","1.486","1.522","1.524","1.486","-2.17%"
"01/23/2020","1.519","1.537","1.547","1.507","-1.81%"
"01/22/2020","1.547","1.630","1.633","1.502","-4.62%"
"01/21/2020","1.622","1.635","1.650","1.612","-1.70%"
"01/20/2020","1.650","1.650","1.650","1.645","0.18%"
"01/17/2020","1.647","1.652","1.662","1.647","-0.18%"
"01/16/2020","1.650","1.642","1.657","1.637","0.79%"
"01/15/2020","1.637","1.649","1.657","1.634","-1.62%"
"01/14/2020","1.664","1.666","1.669","1.661","-0.30%"
"01/13/2020","1.669","1.664","1.674","1.659","0.79%"
"01/10/2020","1.656","1.636","1.676","1.624","1.10%"
"01/09/2020","1.638","1.646","1.653","1.626","-1.62%"
"01/08/2020","1.665","1.627","1.670","1.579","1.65%"
"01/07/2020","1.638","1.644","1.647","1.621","-0.12%"
"01/06/2020","1.640","1.615","1.640","1.595","1.74%"
"01/03/2020","1.612","1.628","1.651","1.612","-3.01%"
"01/02/2020","1.662","1.707","1.796","1.650","-2.18%"
"12/31/2019","1.699","1.674","1.702","1.674","1.37%"
"12/30/2019","1.676","1.662","1.698","1.662","0.60%"
"12/27/2019","1.666","1.664","1.669","1.647","-0.18%"
"12/24/2019","1.669","1.671","1.685","1.669","-0.54%"
"12/23/2019","1.678","1.647","1.683","1.644","1.27%"
"12/20/2019","1.657","1.701","1.712","1.651","-2.36%"
"12/19/2019","1.697","1.733","1.747","1.695","-1.68%"
"12/18/2019","1.726","1.704","1.742","1.698","1.35%"
"12/17/2019","1.703","1.687","1.711","1.684","0.53%"
"12/16/2019","1.694","1.664","1.700","1.659","2.17%"
"12/13/2019","1.658","1.710","1.718","1.655","-2.53%"
"12/12/2019","1.701","1.660","1.783","1.646","2.41%"
"12/11/2019","1.661","1.661","1.672","1.653","-0.48%"
"12/10/2019","1.669","1.663","1.671","1.655","0.24%"
"12/09/2019","1.665","1.668","1.671","1.638","0.67%"
"12/06/2019","1.654","1.676","1.681","1.635","-1.55%"
"12/05/2019","1.680","1.642","1.683","1.634","2.88%"
"12/04/2019","1.633","1.557","1.644","1.539","5.08%"
"12/03/2019","1.554","1.632","1.635","1.549","-3.48%"
"12/02/2019","1.610","1.645","1.650","1.608","1.51%"
"11/29/2019","1.586","1.594","1.607","1.580","-0.25%"
"11/28/2019","1.590","1.599","1.601","1.585","-0.62%"
"11/27/2019","1.600","1.573","1.600","1.568","2.11%"
"11/26/2019","1.567","1.591","1.591","1.566","-1.01%"
"11/25/2019","1.583","1.588","1.604","1.583","0.19%"
"11/22/2019","1.580","1.572","1.590","1.548","1.09%"
"11/21/2019","1.563","1.508","1.563","1.500","3.17%"
"11/20/2019","1.515","1.478","1.523","1.478","-0.13%"
"11/19/2019","1.517","1.554","1.556","1.509","-1.49%"
"11/18/2019","1.540","1.548","1.561","1.524","-0.13%"
"11/15/2019","1.542","1.545","1.548","1.537","1.38%"
"11/14/2019","1.521","1.555","1.563","1.521","-3.43%"
"11/13/2019","1.575","1.588","1.593","1.562","-1.75%"
"11/12/2019","1.603","1.590","1.613","1.577","1.20%"
"11/08/2019","1.584","1.629","1.634","1.571","-2.70%"
"11/07/2019","1.628","1.618","1.646","1.612","2.07%"
"11/06/2019","1.595","1.623","1.641","1.592","-2.63%"
"11/05/2019","1.638","1.620","1.644","1.618","2.57%"
"11/04/2019","1.597","1.553","1.602","1.553","2.90%"
"11/01/2019","1.552","1.524","1.563","1.522","2.37%"
"10/31/2019","1.516","1.557","1.614","1.513","-2.70%"
"10/30/2019","1.558","1.699","1.712","1.556","-8.78%"
"10/29/2019","1.708","1.708","1.712","1.692","-0.12%"
"10/28/2019","1.710","1.666","1.715","1.664","3.01%"
"10/25/2019","1.660","1.637","1.663","1.630","1.72%"
"10/24/2019","1.632","1.629","1.637","1.614","0.55%"
"10/23/2019","1.623","1.620","1.625","1.592","-0.12%"
"10/22/2019","1.625","1.658","1.752","1.607","-1.81%"
"10/21/2019","1.655","1.650","1.665","1.650","0.98%"
"10/18/2019","1.639","1.654","1.664","1.629","-0.61%"
"10/17/2019","1.649","1.638","1.684","1.638","-1.14%"
"10/16/2019","1.668","1.688","1.691","1.647","-1.30%"
"10/15/2019","1.690","1.622","1.699","1.619","2.24%"
"10/11/2019","1.653","1.539","1.664","1.536","6.99%"
"10/10/2019","1.545","1.474","1.545","1.474","4.82%"
"10/09/2019","1.474","1.457","1.474","1.446","2.29%"
"10/08/2019","1.441","1.463","1.463","1.424","-1.30%"
"10/07/2019","1.460","1.404","1.463","1.404","3.33%"
"10/04/2019","1.413","1.410","1.444","1.407","-0.56%"
"10/03/2019","1.421","1.483","1.491","1.413","-4.57%"
"10/02/2019","1.489","1.539","1.541","1.480","-2.87%"
"10/01/2019","1.533","1.597","1.619","1.525","-2.97%"
"09/30/2019","1.580","1.572","1.603","1.572","0.32%"
"09/27/2019","1.575","1.572","1.591","1.569","0.06%"
"09/26/2019","1.574","1.583","1.583","1.563","-1.38%"
"09/25/2019","1.596","1.516","1.596","1.511","5.07%"
"09/24/2019","1.519","1.563","1.571","1.516","-3.00%"
"09/23/2019","1.566","1.574","1.596","1.533","-0.51%"
"09/20/2019","1.574","1.599","1.610","1.571","-1.69%"
"09/19/2019","1.601","1.601","1.609","1.587","-0.19%"
"09/18/2019","1.604","1.609","1.625","1.565","-0.50%"
"09/17/2019","1.612","1.609","1.625","1.609","-0.80%"
"09/16/2019","1.625","1.639","1.639","1.603","-0.85%"
"09/13/2019","1.639","1.609","1.641","1.600","2.05%"
"09/12/2019","1.606","1.587","1.619","1.543","1.07%"
"09/11/2019","1.589","1.592","1.608","1.565","-0.50%"
"09/10/2019","1.597","1.548","1.602","1.546","2.97%"
"09/09/2019","1.551","1.489","1.551","1.489","4.16%"
"09/06/2019","1.489","1.452","1.511","1.452","2.41%"
"09/05/2019","1.454","1.382","1.454","1.358","8.51%"
"09/04/2019","1.340","1.324","1.342","1.302","1.82%"
"09/03/2019","1.316","1.356","1.361","1.308","-2.73%"
"08/30/2019","1.353","1.351","1.383","1.335","0.37%"
"08/29/2019","1.348","1.321","1.353","1.321","1.28%"
"08/28/2019","1.331","1.338","1.357","1.317","-0.60%"
"08/27/2019","1.339","1.381","1.397","1.331","-4.15%"
"08/26/2019","1.397","1.371","1.405","1.335","1.90%"
"08/23/2019","1.371","1.499","1.505","1.371","-6.80%"
"08/22/2019","1.471","1.408","1.471","1.388","4.47%"
"08/21/2019","1.408","1.348","1.487","1.348","4.84%"
"08/20/2019","1.343","1.343","1.348","1.314","-1.18%"
"08/19/2019","1.359","1.361","1.377","1.335","1.72%"
"08/16/2019","1.336","1.323","1.354","1.260","1.98%"
"08/15/2019","1.310","1.326","1.380","1.294","-3.11%"
"08/14/2019","1.352","1.360","1.365","1.311","-2.24%"
"08/13/2019","1.383","1.313","1.407","1.311","4.06%"
"08/12/2019","1.329","1.360","1.360","1.324","-4.11%"
"08/09/2019","1.386","1.345","1.386","1.322","1.84%"
"08/08/2019","1.361","1.353","1.397","1.340","0.00%"
"08/07/2019","1.361","1.343","1.361","1.259","0.74%"
"08/06/2019","1.351","1.350","1.402","1.338","-7.40%"
"08/02/2019","1.459","1.477","1.479","1.444","-1.22%"
"08/01/2019","1.477","1.562","1.572","1.469","-4.46%"
"07/31/2019","1.546","1.528","1.587","1.520","0.85%"
"07/30/2019","1.533","1.500","1.533","1.475","3.02%"
"07/29/2019","1.488","1.468","1.488","1.460","1.02%"
"07/26/2019","1.473","1.453","1.473","1.438","1.59%"
"07/25/2019","1.450","1.422","1.453","1.397","1.54%"
"07/24/2019","1.428","1.440","1.448","1.425","-2.06%"
"07/23/2019","1.458","1.441","1.458","1.423","1.39%"
"07/22/2019","1.438","1.463","1.463","1.426","-1.71%"
"07/19/2019","1.463","1.468","1.468","1.436","0.69%"
"07/18/2019","1.453","1.496","1.501","1.453","-4.53%"
"07/17/2019","1.522","1.561","1.564","1.522","-2.56%"
"07/16/2019","1.562","1.570","1.596","1.553","-0.38%"
"07/15/2019","1.568","1.596","1.596","1.562","-0.88%"
"07/12/2019","1.582","1.599","1.619","1.576","-1.43%"
"07/11/2019","1.605","1.577","1.608","1.551","1.20%"
"07/10/2019","1.586","1.662","1.668","1.580","-3.41%"
"07/09/2019","1.642","1.671","1.690","1.631","-1.85%"
"07/08/2019","1.673","1.606","1.682","1.606","3.08%"
"07/05/2019","1.623","1.531","1.631","1.528","6.78%"
"07/04/2019","1.520","1.495","1.525","1.495","1.47%"
"07/03/2019","1.498","1.465","1.504","1.454","1.08%"
"07/02/2019","1.482","1.504","1.504","1.471","0.54%"
"06/28/2019","1.474","1.460","1.483","1.455","1.31%"
"06/27/2019","1.455","1.480","1.483","1.439","-0.68%"
"06/26/2019","1.465","1.419","1.465","1.419","4.42%"
"06/25/2019","1.403","1.397","1.414","1.386","-0.21%"
"06/24/2019","1.406","1.414","1.425","1.398","-1.95%"
"06/21/2019","1.434","1.428","1.444","1.420","0.99%"
"06/20/2019","1.420","1.380","1.431","1.377","2.01%"
"06/19/2019","1.392","1.408","1.487","1.392","-0.78%"
"06/18/2019","1.403","1.368","1.439","1.332","0.14%"
"06/17/2019","1.401","1.398","1.407","1.385","1.30%"
"06/14/2019","1.383","1.385","1.407","1.364","-0.43%"
"06/13/2019","1.389","1.435","1.445","1.389","-4.14%"
"06/12/2019","1.449","1.458","1.471","1.444","-2.03%"
"06/11/2019","1.479","1.458","1.490","1.458","1.23%"
"06/10/2019","1.461","1.431","1.480","1.431","3.99%"
"06/07/2019","1.405","1.384","1.410","1.335","1.66%"
"06/06/2019","1.382","1.331","1.387","1.315","2.67%"
"06/05/2019","1.346","1.364","1.380","1.327","-3.30%"
"06/04/2019","1.392","1.381","1.408","1.370","2.35%"
"06/03/2019","1.360","1.429","1.429","1.355","-4.90%"
"05/31/2019","1.430","1.494","1.499","1.422","-6.11%"
"05/30/2019","1.523","1.531","1.555","1.518","-0.59%"
"05/29/2019","1.532","1.529","1.543","1.500","-0.39%"
"05/28/2019","1.538","1.548","1.606","1.524","-0.71%"
"05/27/2019","1.549","1.556","1.559","1.543","-0.51%"
"05/24/2019","1.557","1.596","1.602","1.557","-1.83%"
"05/23/2019","1.586","1.657","1.657","1.573","-4.63%"
"05/22/2019","1.663","1.676","1.679","1.655","-1.25%"
"05/21/2019","1.684","1.642","1.684","1.639","4.73%"
"05/17/2019","1.608","1.579","1.613","1.558","1.32%"
"05/16/2019","1.587","1.577","1.671","1.574","0.25%"
"05/15/2019","1.583","1.599","1.599","1.557","-1.31%"
"05/14/2019","1.604","1.591","1.615","1.583","1.26%"
"05/13/2019","1.584","1.615","1.698","1.578","-3.47%"
"05/10/2019","1.641","1.579","1.698","1.579","3.60%"
"05/09/2019","1.584","1.581","1.594","1.566","-0.88%"
"05/08/2019","1.598","1.587","1.603","1.562","1.14%"
"05/07/2019","1.580","1.621","1.626","1.575","-2.53%"
"05/06/2019","1.621","1.624","1.626","1.611","-1.28%"
"05/03/2019","1.642","1.621","1.647","1.616","1.23%"
"05/02/2019","1.622","1.598","1.627","1.593","3.05%"
"05/01/2019","1.574","1.558","1.579","1.543","0.64%"
"04/30/2019","1.564","1.576","1.576","1.556","0.00%"
"04/29/2019","1.564","1.559","1.572","1.536","1.23%"
"04/26/2019","1.545","1.537","1.580","1.537","-0.32%"
"04/25/2019","1.550","1.515","1.558","1.515","2.24%"
"04/24/2019","1.516","1.541","1.569","1.500","-3.38%"
"04/23/2019","1.569","1.617","1.622","1.566","-3.15%"
"04/22/2019","1.620","1.632","1.632","1.615","-0.31%"
"04/18/2019","1.625","1.647","1.658","1.625","-1.99%"
"04/17/2019","1.658","1.645","1.683","1.643","1.34%"
"04/16/2019","1.636","1.613","1.636","1.598","1.74%"
"04/15/2019","1.608","1.636","1.656","1.593","-1.71%"
"04/12/2019","1.636","1.589","1.636","1.584","2.83%"
"04/11/2019","1.591","1.569","1.591","1.566","0.95%"
"04/10/2019","1.576","1.601","1.607","1.573","-1.99%"
"04/09/2019","1.608","1.613","1.624","1.596","-0.56%"
"04/08/2019","1.617","1.586","1.617","1.583","1.51%"
"04/05/2019","1.593","1.593","1.604","1.576","0.31%"
"04/04/2019","1.588","1.572","1.588","1.563","-0.19%"
"04/03/2019","1.591","1.586","1.595","1.575","1.86%"
"04/02/2019","1.562","1.589","1.592","1.559","-2.80%"
"04/01/2019","1.607","1.549","1.621","1.549","3.68%"
"03/29/2019","1.550","1.495","1.578","1.495","3.96%"
"03/28/2019","1.491","1.455","1.529","1.450","2.05%"
"03/27/2019","1.461","1.489","1.497","1.423","-3.18%"
"03/26/2019","1.509","1.501","1.522","1.495","1.75%"
"03/25/2019","1.483","1.532","1.545","1.472","-3.39%"
"03/22/2019","1.535","1.601","1.601","1.535","-4.36%"
"03/21/2019","1.605","1.602","1.615","1.575","0.19%"
"03/20/2019","1.602","1.648","1.653","1.602","-2.85%"
"03/19/2019","1.649","1.622","1.660","1.622","1.29%"
"03/18/2019","1.628","1.623","1.634","1.620","0.25%"
"03/15/2019","1.624","1.656","1.656","1.616","-1.99%"
"03/14/2019","1.657","1.673","1.676","1.657","-0.96%"
"03/13/2019","1.673","1.660","1.673","1.654","1.27%"
"03/12/2019","1.652","1.671","1.682","1.642","-0.42%"
"03/11/2019","1.659","1.661","1.667","1.650","0.30%"
"03/08/2019","1.654","1.614","1.667","1.593","1.72%"
"03/07/2019","1.626","1.676","1.676","1.620","-3.44%"
"03/06/2019","1.684","1.723","1.740","1.660","-3.16%"
"03/05/2019","1.739","1.740","1.740","1.739","-0.46%"
"03/04/2019","1.747","1.773","1.773","1.747","-1.08%"
"03/01/2019","1.766","1.782","1.795","1.753","-0.79%"
"02/28/2019","1.780","1.767","1.788","1.761","0.17%"
"02/27/2019","1.777","1.753","1.785","1.753","1.20%"
"02/26/2019","1.756","1.780","1.780","1.751","-1.51%"
"02/25/2019","1.783","1.778","1.794","1.778","0.22%"
"02/22/2019","1.779","1.792","1.795","1.771","-0.89%"
"02/21/2019","1.795","1.777","1.803","1.777","1.18%"
"02/20/2019","1.774","1.771","1.779","1.766","0.00%"
"02/19/2019","1.774","1.772","1.787","1.769","-0.22%"
"02/15/2019","1.778","1.764","1.791","1.762","0.74%"
"02/14/2019","1.765","1.807","1.812","1.760","-2.75%"
"02/13/2019","1.815","1.802","1.825","1.802","0.83%"
"02/12/2019","1.800","1.805","1.813","1.797","0.56%"
"02/11/2019","1.790","1.785","1.808","1.785","1.02%"
"02/08/2019","1.772","1.767","1.796","1.747","0.23%"
"02/07/2019","1.768","1.809","1.809","1.758","-2.54%"
"02/06/2019","1.814","1.811","1.819","1.809","-0.71%"
"02/05/2019","1.827","1.842","1.848","1.822","-0.60%"
"02/04/2019","1.838","1.838","1.843","1.833","0.11%"
"02/01/2019","1.836","1.777","1.844","1.775","3.44%"
"01/31/2019","1.775","1.801","1.803","1.768","-1.93%"
"01/30/2019","1.810","1.861","1.892","1.810","-2.37%"
"01/29/2019","1.854","1.874","1.879","1.849","-1.07%"
"01/28/2019","1.874","1.885","1.997","1.864","-0.58%"
"01/25/2019","1.885","1.872","1.885","1.870","1.18%"
"01/24/2019","1.863","1.893","1.946","1.860","-1.79%"
"01/23/2019","1.897","1.897","1.915","1.887","0.11%"
"01/22/2019","1.895","1.923","1.933","1.890","-2.22%"
"01/21/2019","1.938","1.946","1.946","1.933","-0.41%"
"01/18/2019","1.946","1.911","1.956","1.911","1.78%"
"01/17/2019","1.912","1.914","1.929","1.899","-0.42%"
"01/16/2019","1.920","1.895","1.975","1.895","1.27%"
"01/15/2019","1.896","1.893","1.908","1.881","0.53%"
"01/14/2019","1.886","1.874","1.889","1.871","-0.32%"
"01/11/2019","1.892","1.902","1.907","1.877","-1.15%"
"01/10/2019","1.914","1.894","1.917","1.886","0.26%"
"01/09/2019","1.909","1.909","1.948","1.892","0.47%"
"01/08/2019","1.900","1.883","1.900","1.868","0.74%"
"01/07/2019","1.886","1.841","1.886","1.839","1.78%"
"01/04/2019","1.853","1.791","1.853","1.791","5.10%"
"01/03/2019","1.763","1.853","1.870","1.744","-4.34%"
"01/02/2019","1.843","1.823","1.879","1.801","-1.02%"
"12/31/2018","1.862","1.865","1.865","1.846","-0.05%"
"12/28/2018","1.863","1.910","1.910","1.860","-2.61%"
"12/27/2018","1.913","1.916","1.921","1.891","-0.16%"
"12/24/2018","1.916","1.947","1.949","1.911","-1.44%"
"12/21/2018","1.944","1.927","1.955","1.922","0.99%"
"12/20/2018","1.925","1.889","1.925","1.875","1.85%"
"12/19/2018","1.890","1.923","1.934","1.890","-1.72%"
"12/18/2018","1.923","1.950","1.961","1.920","-1.94%"
"12/17/2018","1.961","2.019","2.021","1.945","-2.97%"
"12/14/2018","2.021","2.057","2.057","2.015","-2.27%"
"12/13/2018","2.068","2.065","2.071","2.049","0.15%"
"12/12/2018","2.065","2.040","2.065","2.038","1.32%"
"12/11/2018","2.038","2.019","2.076","2.002","1.24%"
"12/10/2018","2.013","1.994","2.016","1.989","0.55%"
"12/07/2018","2.002","1.986","2.135","1.967","0.55%"
"12/06/2018","1.991","2.043","2.048","1.945","-3.16%"
"12/05/2018","2.056","2.124","2.134","2.000","-2.93%"
"12/04/2018","2.118","2.156","2.167","2.118","-1.85%"
"12/03/2018","2.158","2.183","2.215","2.158","-0.14%"
"11/30/2018","2.161","2.188","2.188","2.153","-1.23%"
"11/29/2018","2.188","2.190","2.201","2.188","-0.91%"
"11/28/2018","2.208","2.219","2.222","2.208","-0.85%"
"11/27/2018","2.227","2.237","2.240","2.219","-0.58%"
"11/26/2018","2.240","2.242","2.248","2.237","0.40%"
"11/23/2018","2.231","2.245","2.255","2.215","-0.58%"
"11/22/2018","2.244","2.236","2.247","2.236","0.49%"
"11/21/2018","2.233","2.222","2.238","2.217","0.77%"
"11/20/2018","2.216","2.201","2.232","2.201","0.23%"
"11/19/2018","2.211","2.230","2.232","2.211","-0.36%"
"11/16/2018","2.219","2.242","2.253","2.219","-0.89%"
"11/15/2018","2.239","2.237","2.401","2.237","-1.71%"
"11/14/2018","2.278","2.302","2.331","2.262","-1.13%"
"11/13/2018","2.304","2.330","2.333","2.304","-1.41%"
"11/09/2018","2.337","2.348","2.356","2.332","-0.89%"
"11/08/2018","2.358","2.351","2.366","2.347","0.17%"
"11/07/2018","2.354","2.341","2.356","2.341","0.04%"
"11/06/2018","2.353","2.338","2.356","2.338","0.34%"
"11/05/2018","2.345","2.342","2.348","2.340","-0.21%"
"11/02/2018","2.350","2.326","2.358","2.326","1.03%"
"11/01/2018","2.326","2.319","2.352","2.317","-0.51%"
"10/31/2018","2.338","2.319","2.343","2.317","1.04%"
"10/30/2018","2.314","2.273","2.314","2.262","2.21%"
"10/29/2018","2.264","2.266","2.284","2.256","-0.09%"
"10/26/2018","2.266","2.305","2.305","2.258","-1.99%"
"10/25/2018","2.312","2.309","2.325","2.299","0.26%"
"10/24/2018","2.306","2.270","2.324","2.265","1.36%"
"10/23/2018","2.275","2.282","2.295","2.262","-0.87%"
"10/22/2018","2.295","2.300","2.302","2.279","-0.17%"
"10/19/2018","2.299","2.317","2.335","2.274","-0.78%"
"10/18/2018","2.317","2.322","2.337","2.304","-0.17%"
"10/17/2018","2.321","2.310","2.321","2.293","0.56%"
"10/16/2018","2.308","2.300","2.315","2.280","0.35%"
"10/15/2018","2.300","2.274","2.302","2.267","1.14%"
"10/12/2018","2.274","2.274","2.299","2.259","0.04%"
"10/11/2018","2.273","2.300","2.314","2.263","-0.09%"
"10/10/2018","2.275","2.316","2.338","2.273","-1.73%"
"10/09/2018","2.315","2.323","2.326","2.309","-0.30%"
"10/05/2018","2.322","2.311","2.328","2.305","0.52%"
"10/04/2018","2.310","2.319","2.373","2.298","0.00%"
"10/03/2018","2.310","2.276","2.310","2.270","1.81%"
"10/02/2018","2.269","2.292","2.292","2.252","-0.96%"
"10/01/2018","2.291","2.215","2.291","2.212","3.48%"
"09/28/2018","2.214","2.200","2.310","2.183","0.64%"
"09/27/2018","2.200","2.188","2.202","2.174","0.64%"
"09/26/2018","2.186","2.206","2.206","2.184","-0.86%"
"09/25/2018","2.205","2.200","2.208","2.200","0.27%"
"09/24/2018","2.199","2.182","2.202","2.180","0.78%"
"09/21/2018","2.182","2.176","2.196","2.168","0.28%"
"09/20/2018","2.176","2.178","2.187","2.173","-0.05%"
"09/19/2018","2.177","2.149","2.177","2.146","1.35%"
"09/18/2018","2.148","2.129","2.185","2.121","0.94%"
"09/17/2018","2.128","2.137","2.148","2.128","-0.37%"
"09/14/2018","2.136","2.136","2.153","2.133","-0.09%"
"09/13/2018","2.138","2.144","2.147","2.127","-0.19%"
"09/12/2018","2.142","2.145","2.148","2.131","-0.23%"
"09/11/2018","2.147","2.109","2.147","2.109","1.95%"
"09/10/2018","2.106","2.108","2.111","2.103","-0.09%"
"09/07/2018","2.108","2.067","2.108","2.064","2.13%"
"09/06/2018","2.064","2.050","2.075","2.031","0.73%"
"09/05/2018","2.049","2.054","2.073","2.044","-0.24%"
"09/04/2018","2.054","2.068","2.078","2.051","-0.77%"
"08/31/2018","2.070","2.105","2.105","2.064","-1.62%"
"08/30/2018","2.104","2.140","2.145","2.104","-1.68%"
"08/29/2018","2.140","2.140","2.151","2.137","-0.37%"
"08/28/2018","2.148","2.140","2.153","2.140","0.42%"
"08/27/2018","2.139","2.120","2.139","2.107","0.90%"
"08/24/2018","2.120","2.125","2.141","2.117","-0.24%"
"08/23/2018","2.125","2.111","2.125","2.111","0.71%"
"08/22/2018","2.110","2.096","2.211","2.089","0.52%"
"08/21/2018","2.099","2.107","2.117","2.096","-0.10%"
"08/20/2018","2.101","2.111","2.114","2.098","-0.47%"
"08/17/2018","2.111","2.082","2.124","2.069","1.54%"
"08/16/2018","2.079","2.095","2.100","2.079","-0.43%"
"08/15/2018","2.088","2.106","2.120","2.085","-1.60%"
"08/14/2018","2.122","2.116","2.127","2.111","0.52%"
"08/13/2018","2.111","2.103","2.121","2.090","0.43%"
"08/10/2018","2.102","2.115","2.202","2.094","-0.61%"
"08/09/2018","2.115","2.125","2.167","2.105","-0.42%"
"08/08/2018","2.124","2.129","2.140","2.124","-0.23%"
"08/07/2018","2.129","2.105","2.131","2.103","1.53%"
"08/03/2018","2.097","2.100","2.113","2.092","0.14%"
"08/02/2018","2.094","2.084","2.094","2.076","0.34%"
"08/01/2018","2.087","2.066","2.095","2.053","0.92%"
"07/31/2018","2.068","2.050","2.079","2.038","0.88%"
"07/30/2018","2.050","2.063","2.084","2.047","-0.53%"
"07/27/2018","2.061","2.056","2.069","2.051","0.29%"
"07/26/2018","2.055","2.053","2.066","2.035","0.05%"
"07/25/2018","2.054","2.000","2.057","2.000","2.55%"
"07/24/2018","2.003","1.990","2.008","1.990","0.55%"
"07/23/2018","1.992","1.969","2.000","1.967","1.17%"
"07/20/2018","1.969","1.933","1.979","1.923","1.97%"
"07/19/2018","1.931","1.963","1.966","1.925","-0.26%"
"07/18/2018","1.936","1.919","1.936","1.907","0.94%"
"07/17/2018","1.918","1.918","1.927","1.910","-0.57%"
"07/16/2018","1.929","1.924","1.941","1.924","0.42%"
"07/13/2018","1.921","1.924","1.938","1.921","-0.72%"
"07/12/2018","1.935","1.963","1.969","1.935","-0.82%"
"07/11/2018","1.951","1.937","1.977","1.934","0.77%"
"07/10/2018","1.936","1.953","1.959","1.936","-0.46%"
"07/09/2018","1.945","1.911","1.947","1.911","1.83%"
"07/06/2018","1.910","1.913","1.933","1.905","-0.31%"
"07/05/2018","1.916","1.916","1.921","1.905","0.21%"
"07/04/2018","1.912","1.901","1.912","1.895","0.90%"
"07/03/2018","1.895","1.932","1.932","1.887","-0.89%"
"06/29/2018","1.912","1.842","1.915","1.839","3.35%"
"06/28/2018","1.850","1.836","1.870","1.822","2.04%"
"06/27/2018","1.813","1.794","1.819","1.769","0.28%"
"06/26/2018","1.808","1.755","1.811","1.755","1.92%"
"06/25/2018","1.774","1.777","1.791","1.769","-1.11%"
"06/22/2018","1.794","1.852","1.857","1.785","-1.81%"
"06/21/2018","1.827","1.838","1.846","1.819","-1.19%"
"06/20/2018","1.849","1.846","1.851","1.838","0.16%"
"06/19/2018","1.846","1.846","1.862","1.835","-1.44%"
"06/18/2018","1.873","1.889","1.895","1.873","-1.00%"
"06/15/2018","1.892","1.917","1.925","1.886","-1.82%"
"06/14/2018","1.927","1.936","1.944","1.927","-0.57%"
"06/13/2018","1.938","1.902","1.957","1.902","1.89%"
"06/12/2018","1.902","1.907","1.910","1.899","-0.11%"
"06/11/2018","1.904","1.932","1.932","1.904","-1.14%"
"06/08/2018","1.926","1.910","1.929","1.899","0.73%"
"06/07/2018","1.912","1.945","1.947","1.896","-1.49%"
"06/06/2018","1.941","1.922","1.955","1.922","1.25%"
"06/05/2018","1.917","1.936","1.936","1.909","-0.93%"
"06/04/2018","1.935","1.933","1.935","1.916","0.83%"
"06/01/2018","1.919","1.919","1.954","1.908","0.00%"
"05/31/2018","1.919","1.940","1.948","1.889","-0.78%"
"05/30/2018","1.934","1.894","1.934","1.854","4.77%"
"05/29/2018","1.846","1.920","1.923","1.832","-4.80%"
"05/28/2018","1.939","1.942","1.944","1.931","-1.22%"
"05/25/2018","1.963","1.995","1.995","1.960","-1.70%"
"05/24/2018","1.997","2.024","2.026","1.994","-1.38%"
"05/23/2018","2.025","2.028","2.030","1.970","-0.83%"
"05/22/2018","2.042","2.051","2.051","2.042","0.49%"
"05/20/2018","2.032","2.032","2.032","2.032","0.00%"
"05/18/2018","2.032","2.059","2.075","2.032","-1.55%"
"05/17/2018","2.064","2.036","2.066","2.033","0.34%"
"05/16/2018","2.057","2.036","2.059","2.033","0.93%"
"05/15/2018","2.038","2.001","2.054","2.001","2.10%"
"05/14/2018","1.996","1.967","1.996","1.964","1.47%"
"05/11/2018","1.967","1.980","1.987","1.948","-0.51%"
"05/10/2018","1.977","1.956","1.977","1.948","0.97%"
"05/09/2018","1.958","1.942","1.958","1.942","1.24%"
"05/08/2018","1.934","1.916","1.939","1.916","0.94%"
"05/07/2018","1.916","1.910","1.923","1.910","0.31%"
"05/04/2018","1.910","1.910","1.915","1.897","0.00%"
"05/03/2018","1.910","1.936","1.941","1.907","-1.29%"
"05/02/2018","1.935","1.930","1.951","1.927","0.26%"
"05/01/2018","1.930","1.894","1.937","1.886","1.90%"
"04/30/2018","1.894","1.896","1.899","1.886","-0.11%"
"04/27/2018","1.896","1.904","1.914","1.896","-0.84%"
"04/26/2018","1.912","1.930","1.930","1.907","-0.98%"
"04/25/2018","1.931","1.927","1.932","1.919","0.63%"
"04/24/2018","1.919","1.916","1.931","1.909","0.00%"
"04/23/2018","1.919","1.916","1.924","1.913","-0.36%"
"04/20/2018","1.926","1.941","1.956","1.916","1.10%"
"04/19/2018","1.905","1.885","1.926","1.882","0.90%"
"04/18/2018","1.888","1.888","1.920","1.865","0.21%"
"04/17/2018","1.884","1.875","1.890","1.875","0.37%"
"04/16/2018","1.877","1.863","1.886","1.863","0.81%"
"04/13/2018","1.862","1.891","1.902","1.836","-1.90%"
"04/12/2018","1.898","1.853","1.898","1.847","2.43%"
"04/11/2018","1.853","1.821","1.873","1.804","1.48%"
"04/10/2018","1.826","1.798","1.832","1.795","1.78%"
"04/09/2018","1.794","1.791","1.808","1.783","0.22%"
"04/06/2018","1.790","1.805","1.819","1.790","-1.05%"
"04/05/2018","1.809","1.824","1.835","1.809","-0.33%"
"04/04/2018","1.815","1.796","1.818","1.694","0.83%"
"04/03/2018","1.800","1.777","1.800","1.772","1.29%"
"04/02/2018","1.777","1.777","1.794","1.777","0.06%"
"03/29/2018","1.776","1.802","1.807","1.768","-1.66%"
"03/28/2018","1.806","1.834","1.834","1.804","-1.20%"
"03/27/2018","1.828","1.887","1.915","1.828","-2.92%"
"03/26/2018","1.883","1.852","1.883","1.852","1.73%"
"03/23/2018","1.851","1.815","1.879","1.810","1.54%"
"03/22/2018","1.823","1.862","1.864","1.820","-2.36%"
"03/21/2018","1.867","1.826","1.909","1.820","2.30%"
"03/20/2018","1.825","1.784","1.825","1.784","2.36%"
"03/19/2018","1.783","1.764","1.791","1.764","1.13%"
"03/16/2018","1.763","1.760","1.768","1.755","0.23%"
"03/15/2018","1.759","1.770","1.781","1.757","-0.85%"
"03/14/2018","1.774","1.787","1.798","1.774","-0.84%"
"03/13/2018","1.789","1.836","1.836","1.789","-2.19%"
"03/12/2018","1.829","1.832","1.840","1.827","-0.11%"
"03/09/2018","1.831","1.793","1.834","1.790","2.63%"
"03/08/2018","1.784","1.771","1.803","1.771","0.45%"
"03/07/2018","1.776","1.768","1.787","1.741","0.00%"
"03/06/2018","1.776","1.749","1.781","1.733","1.60%"
"03/05/2018","1.748","1.772","1.772","1.721","-1.35%"
"03/02/2018","1.772","1.769","1.785","1.750","0.40%"
"03/01/2018","1.765","1.790","1.798","1.760","-1.23%"
"02/28/2018","1.787","1.814","1.822","1.782","-1.00%"
"02/27/2018","1.805","1.795","1.819","1.787","0.50%"
"02/26/2018","1.796","1.783","1.796","1.770","0.79%"
"02/23/2018","1.782","1.804","1.830","1.780","-1.00%"
"02/22/2018","1.800","1.848","1.851","1.787","-2.60%"
"02/21/2018","1.848","1.830","1.848","1.814","1.20%"
"02/20/2018","1.826","1.842","1.850","1.824","0.16%"
"02/18/2018","1.823","1.823","1.823","1.823","0.00%"
"02/16/2018","1.823","1.849","1.852","1.820","-1.41%"
"02/15/2018","1.849","1.838","1.854","1.830","0.76%"
"02/14/2018","1.835","1.777","1.835","1.777","3.15%"
"02/13/2018","1.779","1.787","1.787","1.771","-0.22%"
"02/12/2018","1.783","1.789","1.796","1.781","-0.28%"
"02/09/2018","1.788","1.838","1.853","1.772","-2.51%"
"02/08/2018","1.834","1.837","1.863","1.831","-0.60%"
"02/07/2018","1.845","1.829","1.853","1.813","0.33%"
"02/06/2018","1.839","1.756","1.839","1.756","2.68%"
"02/05/2018","1.791","1.853","1.859","1.789","-3.35%"
"02/02/2018","1.853","1.866","1.879","1.850","-0.38%"
"02/01/2018","1.860","1.844","1.870","1.836","1.14%"
"01/31/2018","1.839","1.824","1.849","1.811","0.44%"
"01/30/2018","1.831","1.825","1.841","1.820","0.27%"
"01/29/2018","1.826","1.818","1.839","1.818","0.50%"
"01/26/2018","1.817","1.810","1.825","1.807","0.61%"
"01/25/2018","1.806","1.819","1.835","1.804","-0.88%"
"01/24/2018","1.822","1.807","1.822","1.804","0.89%"
"01/23/2018","1.806","1.801","1.806","1.791","0.17%"
"01/22/2018","1.803","1.805","1.810","1.782","-0.06%"
"01/19/2018","1.804","1.817","1.820","1.802","-0.39%"
"01/18/2018","1.811","1.789","1.816","1.783","1.40%"
"01/17/2018","1.786","1.781","1.797","1.748","0.73%"
"01/16/2018","1.773","1.778","1.788","1.763","-0.11%"
"01/15/2018","1.775","1.760","1.775","1.756","0.91%"
"01/12/2018","1.759","1.762","1.782","1.754","0.17%"
"01/11/2018","1.756","1.758","1.784","1.753","0.92%"
"01/10/2018","1.740","1.788","1.791","1.708","-3.28%"
"01/09/2018","1.799","1.790","1.799","1.773","0.84%"
"01/08/2018","1.784","1.778","1.795","1.772","0.56%"
"01/05/2018","1.774","1.706","1.786","1.700","4.17%"
"01/04/2018","1.703","1.691","1.703","1.691","1.31%"
"01/03/2018","1.681","1.698","1.698","1.681","-1.29%"
"01/02/2018","1.703","1.692","1.708","1.683","1.07%"
"12/29/2017","1.685","1.694","1.696","1.677","-0.65%"
"12/28/2017","1.696","1.662","1.699","1.662","2.17%"
"12/27/2017","1.660","1.668","1.674","1.657","-0.12%"
"12/22/2017","1.662","1.684","1.709","1.626","-0.95%"
"12/21/2017","1.678","1.639","1.692","1.634","2.57%"
"12/20/2017","1.636","1.612","1.636","1.612","2.06%"
"12/19/2017","1.603","1.573","1.608","1.573","2.17%"
"12/18/2017","1.569","1.561","1.572","1.561","1.23%"
"12/16/2017","1.550","1.550","1.550","1.550","0.00%"
"12/15/2017","1.550","1.561","1.593","1.550","0.19%"
"12/14/2017","1.547","1.516","1.577","1.508","2.86%"
"12/13/2017","1.504","1.532","1.543","1.502","-1.05%"
"12/12/2017","1.520","1.518","1.531","1.518","0.53%"
"12/11/2017","1.512","1.501","1.512","1.493","0.60%"
"12/08/2017","1.503","1.503","1.506","1.490","0.33%"
"12/07/2017","1.498","1.492","1.500","1.481","0.67%"
"12/06/2017","1.488","1.537","1.540","1.486","-3.19%"
"12/05/2017","1.537","1.555","1.566","1.537","-0.84%"
"12/04/2017","1.550","1.520","1.558","1.520","1.97%"
"12/01/2017","1.520","1.410","1.525","1.405","6.22%"
"11/30/2017","1.431","1.436","1.442","1.426","-0.35%"
"11/29/2017","1.436","1.420","1.438","1.420","1.20%"
"11/28/2017","1.419","1.430","1.435","1.406","-0.77%"
"11/27/2017","1.430","1.443","1.453","1.422","-0.69%"
"11/24/2017","1.440","1.443","1.453","1.440","0.21%"
"11/23/2017","1.437","1.456","1.461","1.435","-1.24%"
"11/22/2017","1.455","1.471","1.471","1.450","-0.48%"
"11/21/2017","1.462","1.470","1.476","1.452","-0.75%"
"11/20/2017","1.473","1.457","1.481","1.449","1.10%"
"11/17/2017","1.457","1.480","1.483","1.444","-1.55%"
"11/16/2017","1.480","1.459","1.480","1.456","2.21%"
"11/15/2017","1.448","1.440","1.458","1.435","-0.82%"
"11/14/2017","1.460","1.476","1.481","1.460","-0.21%"
"11/10/2017","1.463","1.471","1.476","1.455","0.76%"
"11/09/2017","1.452","1.434","1.455","1.431","1.89%"
"11/08/2017","1.425","1.399","1.425","1.394","1.86%"
"11/07/2017","1.399","1.420","1.430","1.391","-1.48%"
"11/06/2017","1.420","1.440","1.443","1.417","-1.39%"
"11/03/2017","1.440","1.412","1.445","1.409","2.06%"
"11/02/2017","1.411","1.416","1.416","1.404","-0.35%"
"11/01/2017","1.416","1.395","1.418","1.393","1.65%"
"10/31/2017","1.393","1.403","1.408","1.385","-0.85%"
"10/30/2017","1.405","1.413","1.423","1.405","-1.54%"
"10/29/2017","1.427","1.427","1.427","1.427","0.00%"
"10/27/2017","1.427","1.442","1.455","1.427","-2.06%"
"10/26/2017","1.457","1.470","1.477","1.374","-0.82%"
"10/25/2017","1.469","1.502","1.522","1.456","-1.67%"
"10/24/2017","1.494","1.484","1.504","1.484","1.22%"
"10/23/2017","1.476","1.473","1.483","1.466","0.20%"
"10/22/2017","1.473","1.473","1.473","1.473","0.00%"
"10/20/2017","1.473","1.508","1.508","1.443","-0.81%"
"10/19/2017","1.485","1.515","1.515","1.473","-1.92%"
"10/18/2017","1.514","1.512","1.530","1.512","0.13%"
"10/17/2017","1.512","1.524","1.539","1.509","-0.92%"
"10/16/2017","1.526","1.551","1.551","1.496","-0.97%"
"10/13/2017","1.541","1.571","1.574","1.541","-1.72%"
"10/12/2017","1.568","1.568","1.578","1.566","1.03%"
"10/11/2017","1.552","1.552","1.555","1.544","0.06%"
"10/10/2017","1.551","1.548","1.574","1.540","0.06%"
"10/08/2017","1.550","1.550","1.550","1.550","0.00%"
"10/07/2017","1.550","1.550","1.550","1.550","0.00%"
"10/06/2017","1.550","1.530","1.555","1.527","1.77%"
"10/05/2017","1.523","1.534","1.534","1.517","-0.46%"
"10/04/2017","1.530","1.509","1.538","1.507","0.46%"
"10/03/2017","1.523","1.536","1.543","1.520","-0.65%"
"10/02/2017","1.533","1.518","1.533","1.515","0.99%"
"10/01/2017","1.518","1.518","1.518","1.518","0.00%"
"09/30/2017","1.518","1.518","1.518","1.518","0.00%"
"09/29/2017","1.518","1.540","1.540","1.495","-1.56%"
"09/28/2017","1.542","1.589","1.598","1.533","-2.59%"
"09/27/2017","1.583","1.627","1.645","1.564","-1.49%"
"09/26/2017","1.607","1.597","1.613","1.593","0.63%"
"09/25/2017","1.597","1.600","1.614","1.589","-0.50%"
"09/24/2017","1.605","1.605","1.605","1.605","0.00%"
"09/23/2017","1.605","1.605","1.605","1.605","0.00%"
"09/22/2017","1.605","1.588","1.607","1.571","0.82%"
"09/21/2017","1.592","1.580","1.592","1.573","0.95%"
"09/20/2017","1.577","1.544","1.591","1.544","1.28%"
"09/19/2017","1.557","1.561","1.565","1.549","-0.64%"
"09/18/2017","1.567","1.603","1.614","1.567","-2.00%"
"09/17/2017","1.599","1.599","1.599","1.599","0.00%"
"09/16/2017","1.599","1.599","1.599","1.599","0.00%"
"09/15/2017","1.599","1.578","1.612","1.578","1.33%"
"09/14/2017","1.578","1.567","1.592","1.567","0.90%"
"09/13/2017","1.564","1.550","1.566","1.547","1.16%"
"09/12/2017","1.546","1.557","1.560","1.546","-0.13%"
"09/11/2017","1.548","1.523","1.643","1.523","1.71%"
"09/10/2017","1.522","1.522","1.522","1.522","0.00%"
"09/09/2017","1.522","1.522","1.522","1.522","0.00%"
"09/08/2017","1.522","1.475","1.527","1.468","3.19%"
"09/07/2017","1.475","1.445","1.488","1.445","1.94%"
"09/06/2017","1.447","1.358","1.450","1.334","7.26%"
"09/05/2017","1.349","1.332","1.354","1.329","0.67%"
"09/03/2017","1.340","1.340","1.340","1.340","0.00%"
"09/02/2017","1.340","1.340","1.340","1.340","0.00%"
"09/01/2017","1.340","1.270","1.354","1.270","5.10%"
"08/31/2017","1.275","1.237","1.288","1.229","3.24%"
"08/30/2017","1.235","1.242","1.251","1.235","-0.80%"
"08/29/2017","1.245","1.265","1.265","1.234","-1.58%"
"08/28/2017","1.265","1.268","1.276","1.263","-0.16%"
"08/27/2017","1.267","1.267","1.267","1.267","0.00%"
"08/26/2017","1.267","1.267","1.267","1.267","0.00%"
"08/25/2017","1.267","1.266","1.275","1.257","0.08%"
"08/24/2017","1.266","1.275","1.275","1.260","0.56%"
"08/23/2017","1.259","1.269","1.275","1.254","-0.79%"
"08/22/2017","1.269","1.258","1.285","1.255","1.52%"
"08/21/2017","1.250","1.244","1.252","1.239","0.48%"
"08/18/2017","1.244","1.226","1.249","1.223","1.14%"
"08/17/2017","1.230","1.231","1.254","1.230","-0.08%"
"08/16/2017","1.231","1.243","1.251","1.231","-0.97%"
"08/15/2017","1.243","1.232","1.261","1.232","1.55%"
"08/14/2017","1.224","1.211","1.234","1.211","1.16%"
"08/11/2017","1.210","1.220","1.229","1.208","-0.82%"
"08/10/2017","1.220","1.238","1.241","1.218","-1.53%"
"08/09/2017","1.239","1.252","1.252","1.229","-1.35%"
"08/08/2017","1.256","1.238","1.262","1.238","1.05%"
"08/06/2017","1.243","1.243","1.243","1.243","0.00%"
"08/04/2017","1.243","1.237","1.258","1.225","0.49%"
"08/03/2017","1.237","1.257","1.268","1.237","-1.83%"
"08/02/2017","1.260","1.262","1.265","1.232","-0.16%"
"08/01/2017","1.262","1.315","1.323","1.262","-4.03%"
"07/31/2017","1.315","1.328","1.335","1.315","-0.90%"
"07/28/2017","1.327","1.295","1.358","1.292","2.31%"
"07/27/2017","1.297","1.287","1.305","1.285","0.54%"
"07/26/2017","1.290","1.320","1.320","1.280","-2.42%"
"07/25/2017","1.322","1.276","1.325","1.276","3.44%"
"07/24/2017","1.278","1.251","1.278","1.251","2.24%"
"07/21/2017","1.250","1.242","1.252","1.227","0.64%"
"07/20/2017","1.242","1.250","1.252","1.229","1.31%"
"07/19/2017","1.226","1.196","1.231","1.196","2.77%"
"07/18/2017","1.193","1.199","1.211","1.191","-0.42%"
"07/17/2017","1.198","1.187","1.198","1.181","0.76%"
"07/16/2017","1.189","1.189","1.189","1.189","0.00%"
"07/14/2017","1.189","1.215","1.215","1.183","-1.82%"
"07/13/2017","1.211","1.195","1.257","1.193","1.34%"
"07/12/2017","1.195","1.121","1.201","1.096","6.60%"
"07/11/2017","1.121","1.143","1.163","1.121","-3.11%"
"07/10/2017","1.157","1.143","1.160","1.134","-0.69%"
"07/07/2017","1.165","1.148","1.171","1.140","2.01%"
"07/06/2017","1.142","1.126","1.159","1.125","1.42%"
"07/05/2017","1.126","1.139","1.148","1.112","-0.97%"
"07/04/2017","1.137","1.123","1.142","1.123","3.36%"
"07/02/2017","1.100","1.100","1.100","1.100","0.00%"
"07/01/2017","1.100","1.100","1.100","1.100","0.00%"
"06/30/2017","1.100","1.074","1.108","1.072","2.14%"
"06/29/2017","1.077","1.039","1.094","1.039","3.06%"
"06/28/2017","1.045","0.981","1.050","0.975","7.18%"
"06/27/2017","0.975","0.906","0.981","0.906","7.97%"
"06/26/2017","0.903","0.898","0.914","0.879","0.89%"
"06/25/2017","0.895","0.895","0.895","0.895","0.00%"
"06/24/2017","0.895","0.898","0.898","0.895","0.00%"
"06/23/2017","0.895","0.939","0.944","0.892","-4.38%"
"06/22/2017","0.936","0.908","0.969","0.905","2.74%"
"06/21/2017","0.911","0.908","0.927","0.905","0.11%"
"06/20/2017","0.910","0.943","0.948","0.905","-3.50%"
"06/19/2017","0.943","0.894","0.943","0.886","5.25%"
"06/16/2017","0.896","0.920","0.932","0.888","-2.40%"
"06/15/2017","0.918","0.887","0.937","0.887","4.68%"
"06/14/2017","0.877","0.907","0.927","0.858","2.21%"
"06/13/2017","0.858","0.858","0.930","0.858","16.10%"
"06/12/2017","0.739","0.739","0.847","0.739","0.27%"
"06/09/2017","0.737","0.713","0.753","0.712","3.08%"
"06/08/2017","0.715","0.717","0.723","0.713","0.00%"
"06/07/2017","0.715","0.713","0.723","0.707","0.28%"
"06/06/2017","0.713","0.703","0.718","0.696","-0.28%"
"06/05/2017","0.715","0.697","0.718","0.692","3.77%"
"06/02/2017","0.689","0.700","0.700","0.670","-1.15%"
"06/01/2017","0.697","0.702","0.716","0.694","0.29%"
"05/31/2017","0.695","0.710","0.710","0.684","-0.71%"
"05/30/2017","0.700","0.713","0.713","0.700","-1.13%"
"05/29/2017","0.708","0.713","0.718","0.705","-0.70%"
"05/26/2017","0.713","0.718","0.718","0.708","-0.70%"
"05/25/2017","0.718","0.719","0.734","0.711","0.70%"
"05/24/2017","0.713","0.703","0.724","0.695","1.42%"
"05/23/2017","0.703","0.682","0.703","0.674","4.15%"
"05/20/2017","0.675","0.675","0.675","0.675","0.00%"
"05/19/2017","0.675","0.690","0.692","0.669","0.00%"
"05/18/2017","0.675","0.665","0.677","0.649","2.27%"
"05/17/2017","0.660","0.684","0.691","0.649","-5.85%"
"05/16/2017","0.701","0.693","0.704","0.688","0.72%"
"05/15/2017","0.696","0.683","0.696","0.683","2.65%"
"05/12/2017","0.678","0.704","0.704","0.678","-3.97%"
"05/11/2017","0.706","0.719","0.719","0.699","-1.81%"
"05/10/2017","0.719","0.712","0.724","0.706","-0.42%"
"05/09/2017","0.722","0.712","0.724","0.707","1.83%"
"05/08/2017","0.709","0.676","0.709","0.673","3.65%"
"05/07/2017","0.684","0.684","0.684","0.684","0.00%"
"05/05/2017","0.684","0.684","0.699","0.668","0.00%"
"05/04/2017","0.684","0.712","0.714","0.679","-2.56%"
"05/03/2017","0.702","0.676","0.704","0.664","3.39%"
"05/02/2017","0.679","0.720","0.722","0.669","-5.69%"
"05/01/2017","0.720","0.730","0.735","0.717","-0.69%"
"04/30/2017","0.725","0.725","0.725","0.725","0.00%"
"04/28/2017","0.725","0.742","0.747","0.717","-1.63%"
"04/27/2017","0.737","0.762","0.764","0.730","0.00%"
"04/26/2017","0.737","0.762","0.764","0.734","-2.90%"
"04/25/2017","0.759","0.744","0.764","0.744","2.71%"
"04/24/2017","0.739","0.747","0.759","0.717","3.07%"
"04/23/2017","0.717","0.717","0.717","0.717","0.00%"
"04/22/2017","0.717","0.717","0.717","0.717","0.42%"
"04/21/2017","0.714","0.711","0.739","0.709","-2.72%"
"04/20/2017","0.734","0.725","0.744","0.717","4.26%"
"04/19/2017","0.704","0.709","0.723","0.695","-1.81%"
"04/18/2017","0.717","0.728","0.732","0.692","-1.92%"
"04/17/2017","0.731","0.723","0.731","0.720","0.41%"
"04/13/2017","0.728","0.725","0.739","0.722","0.41%"
"04/12/2017","0.725","0.742","0.759","0.725","-0.55%"
"04/11/2017","0.729","0.754","0.763","0.726","-4.33%"
"04/10/2017","0.762","0.762","0.765","0.751","0.00%"
"04/07/2017","0.762","0.717","0.765","0.695","5.10%"
"04/06/2017","0.725","0.731","0.734","0.720","0.83%"
"04/05/2017","0.719","0.741","0.752","0.719","-2.57%"
"04/04/2017","0.738","0.741","0.741","0.713","0.82%"
"04/03/2017","0.732","0.749","0.754","0.718","-2.14%"
"03/31/2017","0.748","0.751","0.787","0.748","0.00%"
"03/30/2017","0.748","0.726","0.748","0.712","3.17%"
"03/29/2017","0.725","0.736","0.738","0.719","-2.16%"
"03/28/2017","0.741","0.730","0.744","0.719","1.51%"
"03/27/2017","0.730","0.730","0.740","0.721","-2.80%"
"03/26/2017","0.751","0.751","0.751","0.751","0.00%"
"03/24/2017","0.751","0.778","0.778","0.737","-3.10%"
"03/23/2017","0.775","0.773","0.783","0.762","0.13%"
"03/22/2017","0.774","0.795","0.795","0.763","-2.03%"
"03/21/2017","0.790","0.798","0.825","0.787","-0.25%"
"03/20/2017","0.792","0.812","0.812","0.792","-1.61%"
"03/18/2017","0.805","0.805","0.805","0.805","0.00%"
"03/17/2017","0.805","0.816","0.819","0.800","-1.59%"
"03/16/2017","0.818","0.808","0.829","0.808","1.74%"
"03/15/2017","0.804","0.844","0.849","0.801","-5.85%"
"03/14/2017","0.854","0.876","0.876","0.849","-2.18%"
"03/13/2017","0.873","0.839","0.875","0.839","3.56%"
"03/10/2017","0.843","0.832","0.856","0.829","1.44%"
"03/09/2017","0.831","0.823","0.834","0.810","1.47%"
"03/08/2017","0.819","0.809","0.830","0.809","2.76%"
"03/07/2017","0.797","0.763","0.800","0.763","3.78%"
"03/06/2017","0.768","0.760","0.768","0.749","0.39%"
"03/03/2017","0.765","0.783","0.783","0.765","-0.91%"
"03/02/2017","0.772","0.762","0.783","0.756","1.45%"
"03/01/2017","0.761","0.779","0.790","0.753","0.40%"
"02/28/2017","0.758","0.763","0.768","0.739","-0.52%"
"02/27/2017","0.762","0.747","0.765","0.747","2.14%"
"02/24/2017","0.746","0.767","0.778","0.744","-2.74%"
"02/23/2017","0.767","0.783","0.785","0.762","-1.79%"
"02/22/2017","0.781","0.792","0.797","0.766","-1.01%"
"02/21/2017","0.789","0.786","0.797","0.778","1.41%"
"02/17/2017","0.778","0.804","0.804","0.773","-2.26%"
"02/16/2017","0.796","0.812","0.814","0.788","-2.33%"
"02/15/2017","0.815","0.797","0.820","0.794","2.00%"
"02/14/2017","0.799","0.786","0.809","0.784","1.65%"
"02/13/2017","0.786","0.770","0.788","0.770","2.08%"
"02/10/2017","0.770","0.757","0.793","0.752","2.53%"
"02/09/2017","0.751","0.728","0.757","0.723","4.02%"
"02/08/2017","0.722","0.738","0.743","0.715","-2.43%"
"02/07/2017","0.740","0.735","0.750","0.727","0.41%"
"02/06/2017","0.737","0.775","0.775","0.737","-4.90%"
"02/03/2017","0.775","0.780","0.785","0.757","0.13%"
"02/02/2017","0.774","0.767","0.780","0.764","0.13%"
"02/01/2017","0.773","0.776","0.791","0.771","0.39%"
"01/31/2017","0.770","0.791","0.796","0.765","-3.14%"
"01/30/2017","0.795","0.806","0.851","0.788","-1.24%"
"01/27/2017","0.805","0.815","0.820","0.804","-1.23%"
"01/26/2017","0.815","0.817","0.830","0.810","-0.12%"
"01/25/2017","0.816","0.791","0.824","0.791","3.16%"
"01/24/2017","0.791","0.755","0.793","0.755","5.47%"
"01/23/2017","0.750","0.773","0.773","0.742","-2.85%"
"01/20/2017","0.772","0.782","0.800","0.762","-2.15%"
"01/19/2017","0.789","0.769","0.799","0.767","2.33%"
"01/18/2017","0.771","0.786","0.796","0.753","-0.90%"
"01/17/2017","0.778","0.783","0.798","0.773","-1.77%"
"01/16/2017","0.792","0.800","0.800","0.792","-0.88%"
"01/13/2017","0.799","0.775","0.807","0.772","3.23%"
"01/12/2017","0.774","0.768","0.780","0.756","2.11%"
"01/11/2017","0.758","0.752","0.764","0.744","0.80%"
"01/10/2017","0.752","0.752","0.763","0.749","0.40%"
"01/09/2017","0.749","0.763","0.766","0.740","-1.71%"
"01/07/2017","0.762","0.762","0.762","0.762","-0.39%"
"01/06/2017","0.765","0.723","0.774","0.706","6.25%"
"01/05/2017","0.720","0.750","0.762","0.720","-4.64%"
"01/04/2017","0.755","0.772","0.777","0.752","-1.44%"
"01/03/2017","0.766","0.758","0.783","0.758","2.68%"
"12/30/2016","0.746","0.768","0.768","0.741","-1.84%"
"12/29/2016","0.760","0.775","0.779","0.760","-2.19%"
"12/28/2016","0.777","0.802","0.808","0.777","-2.39%"
"12/23/2016","0.796","0.826","0.826","0.793","-3.98%"
"12/22/2016","0.829","0.826","0.842","0.826","0.00%"
"12/21/2016","0.829","0.826","0.843","0.821","0.73%"
"12/20/2016","0.823","0.804","0.831","0.804","2.75%"
"12/19/2016","0.801","0.817","0.823","0.798","-2.55%"
"12/16/2016","0.822","0.819","0.833","0.803","-0.24%"
"12/15/2016","0.824","0.812","0.835","0.800","2.11%"
"12/14/2016","0.807","0.771","0.809","0.764","3.86%"
"12/13/2016","0.777","0.755","0.779","0.744","2.64%"
"12/12/2016","0.757","0.741","0.768","0.741","1.75%"
"12/11/2016","0.744","0.744","0.744","0.744","0.00%"
"12/10/2016","0.744","0.744","0.744","0.744","0.40%"
"12/09/2016","0.741","0.722","0.749","0.719","3.06%"
"12/08/2016","0.719","0.714","0.733","0.711","2.42%"
"12/07/2016","0.702","0.718","0.718","0.692","-2.90%"
"12/06/2016","0.723","0.739","0.747","0.721","-2.43%"
"12/05/2016","0.741","0.739","0.760","0.731","0.68%"
"12/04/2016","0.736","0.736","0.736","0.736","0.41%"
"12/02/2016","0.733","0.752","0.757","0.731","-3.17%"
"12/01/2016","0.757","0.708","0.778","0.705","7.68%"
"11/30/2016","0.703","0.684","0.711","0.679","4.30%"
"11/29/2016","0.674","0.665","0.684","0.663","1.66%"
"11/28/2016","0.663","0.663","0.676","0.655","-1.04%"
"11/25/2016","0.670","0.681","0.705","0.670","-2.33%"
"11/24/2016","0.686","0.675","0.686","0.675","3.31%"
"11/23/2016","0.664","0.659","0.680","0.656","1.22%"
"11/22/2016","0.656","0.674","0.674","0.656","-2.67%"
"11/21/2016","0.674","0.672","0.679","0.655","0.45%"
"11/18/2016","0.671","0.681","0.703","0.658","-0.74%"
"11/17/2016","0.676","0.652","0.676","0.645","2.42%"
"11/16/2016","0.660","0.676","0.678","0.657","-0.30%"
"11/15/2016","0.662","0.655","0.668","0.652","-1.19%"
"11/14/2016","0.670","0.675","0.680","0.644","6.69%"
"11/10/2016","0.628","0.585","0.649","0.572","6.44%"
"11/09/2016","0.590","0.541","0.608","0.541","1.37%"
"11/08/2016","0.582","0.551","0.584","0.551","5.24%"
"11/07/2016","0.553","0.523","0.556","0.523","5.74%"
"11/04/2016","0.523","0.538","0.556","0.520","-4.56%"
"11/03/2016","0.548","0.541","0.553","0.538","0.55%"
"11/02/2016","0.545","0.545","0.551","0.533","-1.45%"
"11/01/2016","0.553","0.558","0.571","0.548","0.00%"
"10/31/2016","0.553","0.561","0.561","0.548","-2.64%"
"10/28/2016","0.568","0.581","0.591","0.565","-2.57%"
"10/27/2016","0.583","0.565","0.588","0.563","4.48%"
"10/26/2016","0.558","0.545","0.563","0.541","2.76%"
"10/25/2016","0.543","0.545","0.570","0.530","-3.38%"
"10/24/2016","0.562","0.522","0.562","0.510","7.66%"
"10/21/2016","0.522","0.555","0.555","0.507","-5.43%"
"10/20/2016","0.552","0.570","0.570","0.550","-1.78%"
"10/19/2016","0.562","0.589","0.604","0.557","-4.58%"
"10/18/2016","0.589","0.602","0.607","0.589","-2.00%"
"10/17/2016","0.601","0.621","0.626","0.559","-3.22%"
"10/15/2016","0.621","0.621","0.621","0.621","0.00%"
"10/14/2016","0.621","0.604","0.621","0.604","4.19%"
"10/13/2016","0.596","0.594","0.605","0.584","-0.83%"
"10/12/2016","0.601","0.606","0.618","0.601","-0.33%"
"10/11/2016","0.603","0.606","0.612","0.589","1.86%"
"10/07/2016","0.592","0.581","0.603","0.578","1.89%"
"10/06/2016","0.581","0.578","0.589","0.575","0.69%"
"10/05/2016","0.577","0.555","0.583","0.547","3.96%"
"10/04/2016","0.555","0.541","0.558","0.530","2.97%"
"10/03/2016","0.539","0.522","0.539","0.517","3.26%"
"09/30/2016","0.522","0.486","0.528","0.478","5.67%"
"09/29/2016","0.494","0.516","0.525","0.492","-3.89%"
"09/28/2016","0.514","0.500","0.519","0.492","3.42%"
"09/27/2016","0.497","0.508","0.511","0.486","0.00%"
"09/26/2016","0.497","0.525","0.525","0.495","-5.33%"
"09/25/2016","0.525","0.525","0.525","0.525","0.00%"
"09/24/2016","0.525","0.525","0.525","0.525","0.00%"
"09/23/2016","0.525","0.571","0.579","0.522","-8.06%"
"09/22/2016","0.571","0.576","0.582","0.560","-0.87%"
"09/21/2016","0.576","0.576","0.592","0.570","1.05%"
"09/20/2016","0.570","0.584","0.584","0.565","-2.40%"
"09/19/2016","0.584","0.581","0.608","0.578","0.52%"
"09/17/2016","0.581","0.581","0.581","0.581","0.00%"
"09/16/2016","0.581","0.578","0.586","0.567","1.04%"
"09/15/2016","0.575","0.586","0.597","0.575","-1.88%"
"09/14/2016","0.586","0.599","0.599","0.581","-2.66%"
"09/13/2016","0.602","0.575","0.610","0.575","2.73%"
"09/12/2016","0.586","0.583","0.594","0.562","0.51%"
"09/09/2016","0.583","0.569","0.596","0.569","2.46%"
"09/08/2016","0.569","0.545","0.583","0.545","4.40%"
"09/07/2016","0.545","0.572","0.577","0.537","-4.22%"
"09/06/2016","0.569","0.598","0.601","0.569","-4.05%"
"09/02/2016","0.593","0.566","0.593","0.558","5.33%"
"09/01/2016","0.563","0.582","0.590","0.561","-2.76%"
"08/31/2016","0.579","0.589","0.600","0.571","-1.36%"
"08/30/2016","0.587","0.600","0.603","0.584","-0.34%"
"08/29/2016","0.589","0.608","0.610","0.587","-2.97%"
"08/26/2016","0.607","0.589","0.610","0.573","2.53%"
"08/25/2016","0.592","0.573","0.592","0.571","3.32%"
"08/24/2016","0.573","0.563","0.578","0.552","2.87%"
"08/23/2016","0.557","0.557","0.560","0.547","0.91%"
"08/22/2016","0.552","0.573","0.591","0.549","-4.00%"
"08/19/2016","0.575","0.580","0.588","0.565","0.35%"
"08/18/2016","0.573","0.562","0.586","0.562","0.17%"
"08/17/2016","0.572","0.567","0.603","0.557","0.88%"
"08/16/2016","0.567","0.544","0.572","0.521","3.28%"
"08/15/2016","0.549","0.526","0.551","0.515","4.37%"
"08/14/2016","0.526","0.526","0.526","0.526","0.00%"
"08/13/2016","0.526","0.526","0.526","0.526","0.00%"
"08/12/2016","0.526","0.533","0.544","0.510","-2.23%"
"08/11/2016","0.538","0.508","0.541","0.508","5.91%"
"08/10/2016","0.508","0.500","0.513","0.500","0.00%"
"08/09/2016","0.508","0.510","0.515","0.500","-0.39%"
"08/08/2016","0.510","0.520","0.531","0.505","-1.92%"
"08/06/2016","0.520","0.520","0.520","0.520","0.00%"
"08/05/2016","0.520","0.541","0.543","0.500","-3.35%"
"08/04/2016","0.538","0.561","0.564","0.536","-3.58%"
"08/03/2016","0.558","0.558","0.578","0.510","0.00%"
"08/02/2016","0.558","0.551","0.573","0.545","3.33%"
"07/29/2016","0.540","0.576","0.611","0.540","-7.85%"
"07/28/2016","0.586","0.583","0.593","0.566","1.38%"
"07/27/2016","0.578","0.598","0.605","0.575","-2.86%"
"07/26/2016","0.595","0.575","0.598","0.565","2.94%"
"07/25/2016","0.578","0.563","0.583","0.563","2.85%"
"07/22/2016","0.562","0.567","0.607","0.545","-0.88%"
"07/21/2016","0.567","0.602","0.622","0.565","-6.13%"
"07/20/2016","0.604","0.570","0.609","0.570","5.59%"
"07/19/2016","0.572","0.567","0.577","0.555","-1.21%"
"07/18/2016","0.579","0.569","0.587","0.569","1.76%"
"07/15/2016","0.569","0.552","0.594","0.542","4.02%"
"07/14/2016","0.547","0.495","0.547","0.495","10.51%"
"07/13/2016","0.495","0.495","0.505","0.458","-1.98%"
"07/12/2016","0.505","0.473","0.515","0.466","6.77%"
"07/11/2016","0.473","0.466","0.495","0.466","1.50%"
"07/08/2016","0.466","0.466","0.490","0.463","0.00%"
"07/07/2016","0.466","0.471","0.510","0.466","-3.92%"
"07/06/2016","0.485","0.488","0.495","0.476","-1.62%"
"07/05/2016","0.493","0.506","0.519","0.493","-4.64%"
"07/04/2016","0.517","0.517","0.519","0.507","0.00%"
"07/01/2016","0.517","0.517","0.517","0.517","0.00%"
"06/30/2016","0.517","0.550","0.558","0.512","-6.00%"
"06/29/2016","0.550","0.509","0.556","0.496","10.22%"
"06/28/2016","0.499","0.518","0.518","0.485","2.25%"
"06/27/2016","0.488","0.526","0.543","0.488","-9.96%"
"06/24/2016","0.542","0.627","0.627","0.542","-13.14%"
"06/23/2016","0.624","0.605","0.635","0.594","4.87%"
"06/22/2016","0.595","0.605","0.606","0.590","-2.14%"
"06/21/2016","0.608","0.573","0.608","0.570","4.29%"
"06/20/2016","0.583","0.518","0.583","0.518","12.12%"
"06/17/2016","0.520","0.520","0.528","0.507","1.56%"
"06/16/2016","0.512","0.474","0.517","0.468","7.11%"
"06/15/2016","0.478","0.508","0.513","0.476","-3.82%"
"06/14/2016","0.497","0.480","0.510","0.464","1.84%"
"06/13/2016","0.488","0.502","0.502","0.480","-2.59%"
"06/10/2016","0.501","0.518","0.523","0.493","-3.65%"
"06/09/2016","0.520","0.512","0.520","0.493","0.19%"
"06/08/2016","0.519","0.527","0.537","0.519","-1.89%"
"06/07/2016","0.529","0.548","0.550","0.516","-3.29%"
"06/06/2016","0.547","0.507","0.550","0.507","7.89%"
"06/05/2016","0.507","0.507","0.507","0.507","0.00%"
"06/03/2016","0.507","0.565","0.568","0.507","-9.79%"
"06/02/2016","0.562","0.585","0.591","0.557","-4.75%"
"06/01/2016","0.590","0.619","0.619","0.585","-3.75%"
"05/31/2016","0.613","0.660","0.663","0.611","-5.98%"
"05/30/2016","0.652","0.650","0.666","0.650","0.46%"
"05/29/2016","0.649","0.649","0.649","0.649","0.00%"
"05/27/2016","0.649","0.622","0.655","0.615","5.19%"
"05/26/2016","0.617","0.637","0.643","0.614","-3.44%"
"05/25/2016","0.639","0.633","0.639","0.579","1.75%"
"05/24/2016","0.628","0.636","0.636","0.620","0.48%"
"05/20/2016","0.625","0.630","0.638","0.620","-0.32%"
"05/19/2016","0.627","0.635","0.651","0.619","-1.72%"
"05/18/2016","0.638","0.586","0.641","0.583","9.43%"
"05/17/2016","0.583","0.575","0.586","0.557","3.37%"
"05/16/2016","0.564","0.551","0.570","0.551","2.36%"
"05/13/2016","0.551","0.564","0.572","0.548","-2.65%"
"05/12/2016","0.566","0.543","0.574","0.538","5.01%"
"05/11/2016","0.539","0.529","0.539","0.519","2.08%"
"05/10/2016","0.528","0.541","0.549","0.518","0.00%"
"05/09/2016","0.528","0.561","0.561","0.525","-5.88%"
"05/06/2016","0.561","0.571","0.576","0.538","-1.41%"
"05/05/2016","0.569","0.580","0.599","0.568","-1.90%"
"05/04/2016","0.580","0.643","0.651","0.577","-9.80%"
"05/03/2016","0.643","0.691","0.691","0.643","-6.95%"
"05/02/2016","0.691","0.693","0.708","0.683","-0.14%"
"04/29/2016","0.692","0.672","0.700","0.672","2.98%"
"04/28/2016","0.672","0.663","0.687","0.658","-0.74%"
"04/27/2016","0.677","0.685","0.703","0.672","-2.87%"
"04/26/2016","0.697","0.691","0.705","0.689","-0.29%"
"04/25/2016","0.699","0.676","0.699","0.669","3.10%"
"04/22/2016","0.678","0.640","0.678","0.625","6.44%"
"04/21/2016","0.637","0.628","0.645","0.625","1.76%"
"04/20/2016","0.626","0.613","0.628","0.603","1.29%"
"04/19/2016","0.618","0.600","0.628","0.600","3.00%"
"04/18/2016","0.600","0.582","0.602","0.572","1.35%"
"04/15/2016","0.592","0.596","0.597","0.572","-0.67%"
"04/14/2016","0.596","0.573","0.604","0.573","4.56%"
"04/13/2016","0.570","0.582","0.600","0.565","-2.06%"
"04/12/2016","0.582","0.567","0.592","0.560","4.49%"
"04/11/2016","0.557","0.560","0.579","0.557","-1.24%"
"04/08/2016","0.564","0.534","0.567","0.534","7.02%"
"04/07/2016","0.527","0.543","0.549","0.524","-3.30%"
"04/06/2016","0.545","0.528","0.548","0.523","4.81%"
"04/05/2016","0.520","0.542","0.542","0.518","-4.94%"
"04/04/2016","0.547","0.545","0.554","0.545","0.55%"
"04/01/2016","0.544","0.549","0.566","0.537","0.55%"
"03/31/2016","0.541","0.533","0.563","0.527","1.50%"
"03/30/2016","0.533","0.516","0.547","0.506","3.90%"
"03/29/2016","0.513","0.559","0.569","0.513","-9.04%"
"03/28/2016","0.564","0.564","0.585","0.559","0.18%"
"03/25/2016","0.563","0.563","0.563","0.563","-0.53%"
"03/24/2016","0.566","0.562","0.568","0.551","1.62%"
"03/23/2016","0.557","0.610","0.612","0.557","-5.27%"
"03/22/2016","0.588","0.554","0.599","0.535","4.44%"
"03/21/2016","0.563","0.564","0.572","0.538","0.72%"
"03/19/2016","0.559","0.542","0.559","0.542","3.14%"
"03/18/2016","0.542","0.522","0.555","0.510","1.88%"
"03/17/2016","0.532","0.562","0.569","0.500","-0.75%"
"03/16/2016","0.536","0.595","0.600","0.536","-6.62%"
"03/15/2016","0.574","0.601","0.610","0.563","-1.03%"
"03/14/2016","0.580","0.613","0.622","0.580","-6.00%"
"03/12/2016","0.617","0.594","0.617","0.594","3.87%"
"03/11/2016","0.594","0.587","0.597","0.560","4.95%"
"03/10/2016","0.566","0.548","0.571","0.505","6.79%"
"03/09/2016","0.530","0.502","0.535","0.495","7.29%"
"03/08/2016","0.494","0.555","0.564","0.494","-8.01%"
"03/07/2016","0.537","0.524","0.550","0.524","2.29%"
"03/05/2016","0.525","0.525","0.525","0.525","0.00%"
"03/04/2016","0.525","0.536","0.545","0.499","1.94%"
"03/03/2016","0.515","0.547","0.557","0.513","-4.10%"
"03/02/2016","0.537","0.556","0.564","0.518","0.94%"
"03/01/2016","0.532","0.541","0.550","0.517","2.11%"
"02/29/2016","0.521","0.537","0.545","0.505","-2.62%"
"02/27/2016","0.535","0.519","0.535","0.516","3.08%"
"02/26/2016","0.519","0.512","0.524","0.496","5.06%"
"02/25/2016","0.494","0.520","0.527","0.476","-1.20%"
"02/24/2016","0.500","0.485","0.500","0.446","7.07%"
"02/23/2016","0.467","0.453","0.480","0.439","3.09%"
"02/22/2016","0.453","0.466","0.476","0.448","0.22%"
"02/21/2016","0.452","0.462","0.462","0.452","-2.16%"
"02/20/2016","0.462","0.449","0.463","0.449","2.90%"
"02/19/2016","0.449","0.453","0.462","0.426","3.22%"
"02/18/2016","0.435","0.502","0.508","0.435","-10.12%"
"02/17/2016","0.484","0.483","0.502","0.446","4.76%"
"02/16/2016","0.462","0.458","0.472","0.434","-0.43%"
"02/15/2016","0.464","0.438","0.467","0.438","5.94%"
"02/14/2016","0.438","0.438","0.438","0.438","-6.21%"
"02/13/2016","0.467","0.464","0.467","0.461","6.62%"
"02/12/2016","0.438","0.398","0.443","0.367","15.87%"
"02/11/2016","0.378","0.378","0.382","0.302","5.00%"
"02/10/2016","0.360","0.374","0.459","0.353","1.69%"
"02/09/2016","0.354","0.365","0.373","0.324","2.61%"
"02/08/2016","0.345","0.390","0.399","0.332","-7.75%"
"02/07/2016","0.374","0.374","0.374","0.374","-9.88%"
"02/06/2016","0.415","0.371","0.415","0.371","11.86%"
"02/05/2016","0.371","0.408","0.417","0.366","-4.38%"
"02/04/2016","0.388","0.406","0.418","0.388","-3.24%"
"02/03/2016","0.401","0.380","0.406","0.359","6.93%"
"02/02/2016","0.375","0.416","0.421","0.365","-10.93%"
"02/01/2016","0.421","0.438","0.447","0.411","-0.24%"
"01/31/2016","0.422","0.445","0.445","0.422","-5.17%"
"01/30/2016","0.445","0.420","0.445","0.420","5.95%"
"01/29/2016","0.420","0.446","0.453","0.387","-1.87%"
"01/28/2016","0.428","0.429","0.463","0.416","0.47%"
"01/27/2016","0.426","0.455","0.463","0.414","-1.39%"
"01/26/2016","0.432","0.426","0.435","0.386","5.62%"
"01/25/2016","0.409","0.456","0.466","0.409","-9.91%"
"01/23/2016","0.454","0.457","0.457","0.454","0.00%"
"01/22/2016","0.454","0.465","0.491","0.449","-0.87%"
"01/21/2016","0.458","0.387","0.458","0.364","16.84%"
"01/20/2016","0.392","0.281","0.397","0.241","34.71%"
"01/19/2016","0.291","0.316","0.345","0.288","-5.83%"
"01/18/2016","0.309","0.287","0.316","0.287","-24.63%"
"01/17/2016","0.410","0.410","0.410","0.410","42.36%"
"01/15/2016","0.288","0.313","0.313","0.279","-8.86%"
"01/14/2016","0.316","0.307","0.329","0.302","0.96%"
"01/13/2016","0.313","0.349","0.356","0.303","-7.40%"
"01/12/2016","0.338","0.392","0.406","0.333","-13.33%"
"01/11/2016","0.390","0.415","0.444","0.388","-6.70%"
"01/10/2016","0.418","0.418","0.418","0.418","0.00%"
"01/09/2016","0.418","0.416","0.418","0.416","0.00%"
"01/08/2016","0.418","0.436","0.462","0.404","0.24%"
"01/07/2016","0.417","0.405","0.441","0.378","0.48%"
"01/06/2016","0.415","0.452","0.456","0.408","-7.78%"
"01/05/2016","0.450","0.482","0.486","0.447","-4.86%"
"01/04/2016","0.473","0.477","0.482","0.444","-0.63%"
"01/01/2016","0.476","0.478","0.478","0.476","0.00%"
"12/31/2015","0.476","0.483","0.486","0.466","-1.65%"
"12/30/2015","0.484","0.500","0.508","0.484","-3.59%"
"12/29/2015","0.502","0.490","0.512","0.464","2.66%"
"12/25/2015","0.489","0.487","0.489","0.487","0.41%"
"12/24/2015","0.487","0.511","0.515","0.487","-3.94%"
"12/23/2015","0.507","0.514","0.531","0.500","-2.31%"
"12/22/2015","0.519","0.496","0.523","0.490","5.70%"
"12/21/2015","0.491","0.501","0.529","0.486","-2.00%"
"12/18/2015","0.501","0.519","0.519","0.492","-3.84%"
"12/17/2015","0.521","0.555","0.559","0.521","-5.62%"
"12/16/2015","0.552","0.523","0.564","0.519","6.15%"
"12/15/2015","0.520","0.505","0.534","0.502","2.16%"
"12/14/2015","0.509","0.481","0.512","0.470","5.60%"
"12/12/2015","0.482","0.482","0.482","0.482","0.00%"
"12/11/2015","0.482","0.544","0.548","0.480","-11.40%"
"12/10/2015","0.544","0.545","0.554","0.539","0.18%"
"12/09/2015","0.543","0.566","0.580","0.538","-4.06%"
"12/08/2015","0.566","0.601","0.652","0.558","-5.82%"
"12/07/2015","0.601","0.629","0.643","0.598","-4.45%"
"12/04/2015","0.629","0.653","0.664","0.621","-3.68%"
"12/03/2015","0.653","0.619","0.664","0.619","5.49%"
"12/02/2015","0.619","0.595","0.630","0.590","4.03%"
"12/01/2015","0.595","0.631","0.640","0.595","-5.71%"
"11/30/2015","0.631","0.631","0.650","0.629","0.00%"
"11/27/2015","0.631","0.625","0.631","0.618","0.96%"
"11/26/2015","0.625","0.629","0.630","0.620","-0.64%"
"11/25/2015","0.629","0.620","0.634","0.616","1.45%"
"11/24/2015","0.620","0.622","0.628","0.610","-0.32%"
"11/23/2015","0.622","0.617","0.641","0.617","0.81%"
"11/22/2015","0.617","0.617","0.617","0.617","0.00%"
"11/20/2015","0.617","0.619","0.630","0.606","-0.32%"
"11/19/2015","0.619","0.638","0.642","0.616","-2.98%"
"11/18/2015","0.638","0.622","0.646","0.622","2.57%"
"11/17/2015","0.622","0.614","0.635","0.614","1.30%"
"11/16/2015","0.614","0.611","0.627","0.596","0.49%"
"11/13/2015","0.611","0.649","0.657","0.611","-5.86%"
"11/12/2015","0.649","0.660","0.675","0.649","-1.67%"
"11/11/2015","0.660","0.660","0.660","0.660","0.00%"
"11/10/2015","0.660","0.672","0.672","0.652","-1.79%"
"11/09/2015","0.672","0.676","0.690","0.670","-0.59%"
"11/06/2015","0.676","0.630","0.679","0.628","7.30%"
"11/05/2015","0.630","0.623","0.632","0.612","1.12%"
"11/04/2015","0.623","0.599","0.628","0.587","4.01%"
"11/03/2015","0.599","0.581","0.605","0.579","3.10%"
"11/02/2015","0.581","0.576","0.604","0.576","0.87%"
"10/30/2015","0.576","0.575","0.586","0.568","0.17%"
"10/29/2015","0.575","0.544","0.575","0.542","5.70%"
"10/28/2015","0.544","0.493","0.544","0.488","10.34%"
"10/27/2015","0.493","0.518","0.518","0.488","-4.83%"
"10/26/2015","0.518","0.535","0.535","0.518","-3.18%"
"10/23/2015","0.535","0.522","0.555","0.522","2.49%"
"10/22/2015","0.522","0.533","0.550","0.520","-2.06%"
"10/21/2015","0.533","0.558","0.566","0.531","-4.48%"
"10/20/2015","0.558","0.528","0.558","0.528","6.29%"
"10/19/2015","0.525","0.537","0.548","0.525","-2.23%"
"10/18/2015","0.537","0.537","0.537","0.537","0.00%"
"10/16/2015","0.537","0.532","0.540","0.522","0.00%"
"10/15/2015","0.537","0.534","0.539","0.527","3.07%"
"10/14/2015","0.521","0.541","0.541","0.518","-3.52%"
"10/13/2015","0.540","0.538","0.553","0.516","-3.57%"
"10/09/2015","0.560","0.547","0.567","0.547","1.08%"
"10/08/2015","0.554","0.515","0.557","0.508","4.33%"
"10/07/2015","0.531","0.516","0.543","0.516","4.53%"
"10/06/2015","0.508","0.508","0.508","0.508","-0.97%"
"10/05/2015","0.513","0.506","0.559","0.496","1.58%"
"10/03/2015","0.505","0.505","0.505","0.505","0.00%"
"10/02/2015","0.505","0.539","0.547","0.454","-4.54%"
"10/01/2015","0.529","0.537","0.546","0.502","2.12%"
"09/30/2015","0.518","0.509","0.535","0.509","1.97%"
"09/29/2015","0.508","0.499","0.518","0.487","0.40%"
"09/28/2015","0.506","0.542","0.544","0.506","-6.64%"
"09/27/2015","0.542","0.542","0.542","0.542","0.00%"
"09/25/2015","0.542","0.529","0.561","0.525","6.27%"
"09/24/2015","0.510","0.530","0.532","0.495","-1.16%"
"09/23/2015","0.516","0.498","0.524","0.494","2.99%"
"09/22/2015","0.501","0.521","0.525","0.493","-4.21%"
"09/21/2015","0.523","0.462","0.532","0.462","13.70%"
"09/20/2015","0.460","0.460","0.460","0.460","0.00%"
"09/19/2015","0.460","0.463","0.463","0.460","0.00%"
"09/18/2015","0.460","0.480","0.492","0.460","-4.17%"
"09/17/2015","0.480","0.531","0.560","0.480","-9.60%"
"09/16/2015","0.531","0.490","0.534","0.478","6.20%"
"09/15/2015","0.500","0.455","0.503","0.450","8.93%"
"09/14/2015","0.459","0.459","0.467","0.451","-0.22%"
"09/13/2015","0.460","0.460","0.460","0.460","0.00%"
"09/11/2015","0.460","0.461","0.468","0.455","-0.22%"
"09/10/2015","0.461","0.457","0.469","0.448","0.44%"
"09/09/2015","0.459","0.446","0.480","0.422","5.76%"
"09/08/2015","0.434","0.437","0.465","0.434","-1.59%"
"09/06/2015","0.441","0.443","0.443","0.441","0.00%"
"09/04/2015","0.441","0.429","0.459","0.417","1.61%"
"09/03/2015","0.434","0.420","0.455","0.405","3.33%"
"09/02/2015","0.420","0.424","0.436","0.407","0.24%"
"09/01/2015","0.419","0.426","0.455","0.408","-4.99%"
"08/31/2015","0.441","0.417","0.443","0.404","6.01%"
"08/30/2015","0.416","0.416","0.416","0.416","0.00%"
"08/28/2015","0.416","0.400","0.429","0.390","3.74%"
"08/27/2015","0.401","0.384","0.417","0.373","2.30%"
"08/26/2015","0.392","0.352","0.402","0.338","11.36%"
"08/25/2015","0.352","0.338","0.370","0.334","9.32%"
"08/24/2015","0.322","0.330","0.348","0.294","-2.72%"
"08/23/2015","0.331","0.331","0.331","0.331","0.00%"
"08/21/2015","0.331","0.353","0.362","0.331","-6.23%"
"08/20/2015","0.353","0.375","0.376","0.353","-3.81%"
"08/19/2015","0.367","0.414","0.421","0.367","-11.99%"
"08/18/2015","0.417","0.404","0.419","0.394","2.21%"
"08/17/2015","0.408","0.410","0.421","0.403","-0.73%"
"08/14/2015","0.411","0.413","0.424","0.406","-0.48%"
"08/13/2015","0.413","0.434","0.448","0.392","-2.59%"
"08/12/2015","0.424","0.392","0.426","0.381","0.47%"
"08/11/2015","0.422","0.450","0.453","0.420","-8.46%"
"08/10/2015","0.461","0.439","0.466","0.439","4.77%"
"08/07/2015","0.440","0.446","0.465","0.437","0.92%"
"08/06/2015","0.436","0.436","0.453","0.433","-1.36%"
"08/05/2015","0.442","0.405","0.444","0.404","9.14%"
"08/04/2015","0.405","0.408","0.408","0.383","-0.25%"
"08/03/2015","0.406","0.406","0.406","0.406","0.00%"
"08/02/2015","0.406","0.406","0.406","0.406","-0.73%"
"07/31/2015","0.409","0.455","0.466","0.394","-10.11%"
"07/30/2015","0.455","0.475","0.480","0.452","-1.94%"
"07/29/2015","0.464","0.448","0.467","0.442","4.74%"
"07/28/2015","0.443","0.431","0.445","0.423","4.98%"
"07/27/2015","0.422","0.424","0.431","0.414","-1.86%"
"07/26/2015","0.430","0.430","0.430","0.430","-0.69%"
"07/24/2015","0.433","0.428","0.433","0.410","1.64%"
"07/23/2015","0.426","0.431","0.436","0.424","-1.84%"
"07/22/2015","0.434","0.427","0.437","0.425","1.40%"
"07/21/2015","0.428","0.428","0.433","0.421","-0.93%"
"07/20/2015","0.432","0.424","0.437","0.422","0.93%"
"07/19/2015","0.428","0.426","0.428","0.426","0.47%"
"07/18/2015","0.426","0.426","0.426","0.426","0.00%"
"07/17/2015","0.426","0.422","0.433","0.406","2.16%"
"07/16/2015","0.417","0.412","0.417","0.407","3.47%"
"07/15/2015","0.403","0.468","0.508","0.389","-12.39%"
"07/14/2015","0.460","0.469","0.475","0.448","-3.77%"
"07/13/2015","0.478","0.498","0.522","0.469","-4.21%"
"07/12/2015","0.499","0.499","0.499","0.499","0.00%"
"07/11/2015","0.499","0.499","0.499","0.499","0.00%"
"07/10/2015","0.499","0.473","0.506","0.467","7.78%"
"07/09/2015","0.463","0.456","0.466","0.437","6.93%"
"07/08/2015","0.433","0.451","0.464","0.387","-6.88%"
"07/07/2015","0.465","0.470","0.472","0.424","0.87%"
"07/06/2015","0.461","0.481","0.481","0.442","-4.36%"
"07/03/2015","0.482","0.487","0.489","0.462","-1.03%"
"07/02/2015","0.487","0.486","0.555","0.456","0.21%"
"07/01/2015","0.486","0.483","0.486","0.483","0.62%"
"06/30/2015","0.483","0.568","0.584","0.483","-14.21%"
"06/29/2015","0.563","0.585","0.635","0.561","-11.89%"
"06/28/2015","0.639","0.639","0.639","0.639","0.31%"
"06/26/2015","0.637","0.618","0.644","0.618","2.58%"
"06/25/2015","0.621","0.609","0.623","0.602","2.31%"
"06/24/2015","0.607","0.626","0.631","0.602","-3.80%"
"06/23/2015","0.631","0.623","0.721","0.619","1.28%"
"06/22/2015","0.623","0.594","0.634","0.594","4.71%"
"06/21/2015","0.595","0.595","0.595","0.595","0.00%"
"06/19/2015","0.595","0.610","0.621","0.590","-4.34%"
"06/18/2015","0.622","0.600","0.631","0.591","2.30%"
"06/17/2015","0.608","0.616","0.655","0.608","-0.16%"
"06/16/2015","0.609","0.619","0.623","0.609","-2.25%"
"06/15/2015","0.623","0.649","0.649","0.616","-4.45%"
"06/14/2015","0.652","0.650","0.652","0.650","0.00%"
"06/12/2015","0.652","0.653","0.665","0.638","-0.61%"
"06/11/2015","0.656","0.705","0.710","0.656","-3.95%"
"06/10/2015","0.683","0.667","0.683","0.667","3.02%"
"06/09/2015","0.663","0.629","0.674","0.623","5.57%"
"06/08/2015","0.628","0.641","0.647","0.628","-2.03%"
"06/07/2015","0.641","0.641","0.641","0.641","0.00%"
"06/05/2015","0.641","0.577","0.652","0.577","11.67%"
"06/04/2015","0.574","0.608","0.616","0.574","-5.44%"
"06/03/2015","0.607","0.594","0.615","0.580","2.36%"
"06/02/2015","0.593","0.569","0.596","0.569","4.22%"
"06/01/2015","0.569","0.571","0.579","0.548","-0.35%"
"05/30/2015","0.571","0.571","0.571","0.571","0.00%"
"05/29/2015","0.571","0.621","0.621","0.558","-8.05%"
"05/28/2015","0.621","0.631","0.634","0.618","-1.43%"
"05/27/2015","0.630","0.648","0.666","0.630","-2.63%"
"05/26/2015","0.647","0.674","0.679","0.647","-3.86%"
"05/25/2015","0.673","0.681","0.681","0.668","-1.03%"
"05/22/2015","0.680","0.667","0.694","0.659","1.95%"
"05/21/2015","0.667","0.680","0.688","0.667","-1.62%"
"05/20/2015","0.678","0.696","0.696","0.678","-2.59%"
"05/19/2015","0.696","0.672","0.704","0.659","7.74%"
"05/15/2015","0.646","0.672","0.672","0.646","-3.73%"
"05/14/2015","0.671","0.697","0.697","0.668","-3.45%"
"05/13/2015","0.695","0.695","0.697","0.671","0.14%"
"05/12/2015","0.694","0.704","0.735","0.694","-1.70%"
"05/11/2015","0.706","0.662","0.706","0.660","6.65%"
"05/08/2015","0.662","0.677","0.688","0.659","-2.50%"
"05/07/2015","0.679","0.702","0.713","0.677","-3.14%"
"05/06/2015","0.701","0.693","0.716","0.693","1.30%"
"05/05/2015","0.692","0.713","0.713","0.687","-2.81%"
"05/04/2015","0.712","0.710","0.720","0.694","0.42%"
"05/01/2015","0.709","0.683","0.719","0.683","4.57%"
"04/30/2015","0.678","0.680","0.713","0.678","-0.15%"
"04/29/2015","0.679","0.679","0.719","0.668","0.15%"
"04/28/2015","0.678","0.648","0.678","0.645","4.79%"
"04/27/2015","0.647","0.632","0.647","0.630","2.37%"
"04/24/2015","0.632","0.652","0.657","0.632","-3.36%"
"04/23/2015","0.654","0.679","0.679","0.651","-2.82%"
"04/22/2015","0.673","0.649","0.673","0.645","4.18%"
"04/21/2015","0.646","0.641","0.655","0.632","0.62%"
"04/20/2015","0.642","0.628","0.650","0.620","2.07%"
"04/19/2015","0.629","0.629","0.629","0.629","0.00%"
"04/17/2015","0.629","0.579","0.646","0.557","7.89%"
"04/16/2015","0.583","0.565","0.594","0.547","4.11%"
"04/15/2015","0.560","0.510","0.571","0.499","8.95%"
"04/14/2015","0.514","0.517","0.519","0.497","-0.77%"
"04/13/2015","0.518","0.524","0.535","0.518","-1.33%"
"04/10/2015","0.525","0.511","0.528","0.492","2.34%"
"04/09/2015","0.513","0.509","0.518","0.491","1.38%"
"04/08/2015","0.506","0.505","0.515","0.501","0.80%"
"04/07/2015","0.502","0.504","0.522","0.497","0.20%"
"04/06/2015","0.501","0.471","0.515","0.471","1.42%"
"04/02/2015","0.494","0.493","0.508","0.478","0.82%"
"04/01/2015","0.490","0.510","0.512","0.441","-3.35%"
"03/31/2015","0.507","0.506","0.532","0.486","-0.39%"
"03/30/2015","0.509","0.522","0.522","0.506","-2.86%"
"03/27/2015","0.524","0.590","0.602","0.524","-11.93%"
"03/26/2015","0.595","0.508","0.595","0.498","16.44%"
"03/25/2015","0.511","0.469","0.513","0.457","9.42%"
"03/24/2015","0.467","0.460","0.483","0.450","2.19%"
"03/23/2015","0.457","0.459","0.459","0.449","0.22%"
"03/20/2015","0.456","0.472","0.475","0.443","-3.80%"
"03/19/2015","0.474","0.497","0.506","0.463","-3.07%"
"03/18/2015","0.489","0.541","0.542","0.489","-9.94%"
"03/17/2015","0.543","0.533","0.572","0.522","0.74%"
"03/16/2015","0.539","0.573","0.573","0.513","-2.71%"
"03/13/2015","0.554","0.585","0.589","0.544","-4.32%"
"03/12/2015","0.579","0.589","0.589","0.563","-1.19%"
"03/11/2015","0.586","0.590","0.604","0.583","-1.01%"
"03/10/2015","0.592","0.604","0.606","0.582","-1.66%"
"03/09/2015","0.602","0.625","0.625","0.586","-3.99%"
"03/06/2015","0.627","0.621","0.650","0.616","0.32%"
"03/05/2015","0.625","0.613","0.636","0.604","2.80%"
"03/04/2015","0.608","0.500","0.634","0.483","20.87%"
"03/03/2015","0.503","0.491","0.531","0.491","1.82%"
"03/02/2015","0.494","0.470","0.499","0.468","4.66%"
"02/27/2015","0.472","0.502","0.513","0.472","-6.35%"
"02/26/2015","0.504","0.472","0.515","0.460","6.11%"
"02/25/2015","0.475","0.479","0.498","0.470","0.85%"
"02/24/2015","0.471","0.393","0.484","0.376","21.39%"
"02/23/2015","0.388","0.401","0.409","0.383","-4.20%"
"02/20/2015","0.405","0.430","0.431","0.369","-5.81%"
"02/19/2015","0.430","0.422","0.442","0.417","0.94%"
"02/18/2015","0.426","0.456","0.472","0.421","-6.99%"
"02/17/2015","0.458","0.432","0.466","0.425","6.76%"
"02/13/2015","0.429","0.423","0.442","0.419","1.90%"
"02/12/2015","0.421","0.434","0.461","0.411","-4.75%"
"02/11/2015","0.442","0.426","0.457","0.401","3.27%"
"02/10/2015","0.428","0.485","0.499","0.413","-12.30%"
"02/09/2015","0.488","0.498","0.498","0.470","-2.20%"
"02/06/2015","0.499","0.431","0.501","0.426","14.71%"
"02/05/2015","0.435","0.399","0.440","0.392","9.02%"
"02/04/2015","0.399","0.431","0.447","0.399","-7.85%"
"02/03/2015","0.433","0.398","0.436","0.394","9.62%"
"02/02/2015","0.395","0.390","0.410","0.375","0.77%"
"02/01/2015","0.392","0.392","0.392","0.392","0.00%"
"01/30/2015","0.392","0.446","0.446","0.392","-12.50%"
"01/29/2015","0.448","0.438","0.463","0.430","1.82%"
"01/28/2015","0.440","0.496","0.499","0.430","-11.65%"
"01/27/2015","0.498","0.520","0.523","0.438","-4.41%"
"01/26/2015","0.521","0.536","0.554","0.519","-3.16%"
"01/23/2015","0.538","0.535","0.557","0.520","-2.89%"
"01/22/2015","0.554","0.560","0.573","0.522","-1.07%"
"01/21/2015","0.560","0.861","0.865","0.555","-34.04%"
"01/20/2015","0.849","0.859","0.874","0.837","-1.28%"
"01/19/2015","0.860","0.875","0.875","0.850","-1.83%"
"01/16/2015","0.876","0.816","0.876","0.814","7.48%"
"01/15/2015","0.815","0.901","0.909","0.808","-8.32%"
"01/14/2015","0.889","0.912","0.918","0.872","-3.05%"
"01/13/2015","0.917","0.917","0.931","0.912","-0.54%"
"01/12/2015","0.922","0.957","0.957","0.922","-2.64%"
"01/09/2015","0.947","0.982","0.987","0.947","-3.56%"
"01/08/2015","0.982","0.972","0.987","0.972","1.03%"
"01/07/2015","0.972","0.963","0.977","0.953","1.67%"
"01/06/2015","0.956","0.966","0.980","0.949","-2.55%"
"01/05/2015","0.981","1.001","1.010","0.981","-2.00%"
"01/02/2015","1.001","1.011","1.045","0.996","-0.99%"