"Date","Price","Open","High","Low","Change %"
"08/17/2026","3.006","2.989","3.060","2.975","0.03%"
"08/14/2026","3.005","2.959","3.023","2.949","1.18%"
"08/13/2026","2.970","2.978","3.002","2.942","-0.76%"
"08/12/2026","2.993","2.997","3.008","2.946","-0.39%"
"08/11/2026","3.004","3.032","3.037","2.961","0.47%"
"08/10/2026","2.990","2.941","3.008","2.939","2.04%"
"08/07/2026","2.930","2.969","3.001","2.914","-1.20%"
"08/06/2026","2.966","2.922","2.966","2.919","1.25%"
"08/05/2026","2.929","2.911","2.962","2.895","1.10%"
"08/04/2026","2.897","2.987","3.001","2.896","-2.16%"
"08/03/2026","2.961","2.965","3.006","2.952","-2.10%"
"07/31/2026","3.025","2.975","3.052","2.975","1.67%"
"07/30/2026","2.975","3.032","3.040","2.975","-2.45%"
"07/29/2026","3.050","2.982","3.051","2.976","3.21%"
"07/28/2026","2.955","2.993","3.012","2.953","-1.52%"
"07/27/2026","3.001","2.985","3.031","2.984","-2.00%"
"07/24/2026","3.062","3.083","3.106","3.039","-2.36%"
"07/23/2026","3.136","3.082","3.145","3.073","2.68%"
"07/22/2026","3.054","3.033","3.088","3.025","1.31%"
"07/21/2026","3.015","2.991","3.039","2.986","0.38%"
"07/20/2026","3.003","3.031","3.042","2.977","-0.13%"
"07/17/2026","3.007","2.990","3.034","2.963","-0.52%"
"07/16/2026","3.023","2.968","3.023","2.952","2.98%"
"07/15/2026","2.935","2.964","2.996","2.930","0.00%"
"07/14/2026","2.935","3.017","3.018","2.920","0.24%"
"07/13/2026","2.928","2.876","2.952","2.873","3.02%"
"07/10/2026","2.842","2.882","2.883","2.833","-0.89%"
"07/09/2026","2.868","2.891","2.918","2.851","-1.69%"
"07/08/2026","2.917","2.865","2.938","2.830","4.22%"
"07/07/2026","2.799","2.755","2.838","2.755","2.00%"
"07/06/2026","2.744","2.745","2.781","2.715","-1.62%"
"07/03/2026","2.789","2.716","2.805","2.712","2.79%"
"07/02/2026","2.713","2.751","2.776","2.702","-0.16%"
"07/01/2026","2.718","2.734","2.757","2.704","-0.32%"
"06/30/2026","2.726","2.704","2.761","2.692","-0.50%"
"06/29/2026","2.740","2.719","2.767","2.703","1.93%"
"06/26/2026","2.688","2.704","2.730","2.688","-1.43%"
"06/25/2026","2.727","2.735","2.762","2.710","-1.65%"
"06/24/2026","2.773","2.772","2.790","2.728","-0.22%"
"06/23/2026","2.779","2.762","2.793","2.742","-0.93%"
"06/22/2026","2.805","2.801","2.825","2.761","-0.56%"
"06/19/2026","2.821","2.807","2.831","2.789","1.15%"
"06/18/2026","2.788","2.795","2.830","2.780","0.50%"
"06/17/2026","2.774","2.734","2.783","2.723","0.55%"
"06/16/2026","2.759","2.754","2.764","2.722","0.00%"
"06/15/2026","2.759","2.738","2.761","2.723","-1.88%"
"06/12/2026","2.812","2.800","2.826","2.769","-2.12%"
"06/11/2026","2.873","2.939","2.939","2.852","-0.97%"
"06/10/2026","2.901","2.875","2.913","2.853","1.22%"
"06/09/2026","2.866","2.876","2.884","2.840","-0.96%"
"06/08/2026","2.894","2.912","2.917","2.862","-0.11%"
"06/05/2026","2.897","2.841","2.901","2.813","1.51%"
"06/04/2026","2.854","2.829","2.865","2.810","-0.42%"
"06/03/2026","2.866","2.833","2.868","2.820","3.11%"
"06/02/2026","2.779","2.747","2.827","2.735","-1.60%"
"06/01/2026","2.825","2.748","2.830","2.731","4.06%"
"05/29/2026","2.714","2.733","2.740","2.691","-0.79%"
"05/28/2026","2.736","2.780","2.803","2.703","-0.96%"
"05/27/2026","2.762","2.736","2.766","2.711","0.18%"
"05/26/2026","2.757","2.724","2.806","2.723","2.41%"
"05/25/2026","2.692","2.724","2.737","2.681","-5.47%"
"05/22/2026","2.848","2.828","2.852","2.785","-1.13%"
"05/21/2026","2.881","2.863","2.902","2.807","1.37%"
"05/20/2026","2.842","2.912","2.938","2.813","-3.97%"
"05/19/2026","2.959","2.898","2.968","2.879","1.06%"
"05/18/2026","2.928","2.956","2.967","2.881","-0.65%"
"05/15/2026","2.947","2.912","2.952","2.877","3.36%"
"05/14/2026","2.852","2.876","2.887","2.819","-1.79%"
"05/13/2026","2.904","2.868","2.919","2.864","-0.02%"
"05/12/2026","2.904","2.897","2.911","2.871","2.48%"
"05/11/2026","2.834","2.793","2.849","2.792","2.43%"
"05/08/2026","2.767","2.780","2.801","2.754","-0.12%"
"05/07/2026","2.770","2.709","2.772","2.694","0.57%"
"05/06/2026","2.754","2.836","2.845","2.699","-4.58%"
"05/05/2026","2.886","2.926","2.929","2.879","-1.44%"
"05/04/2026","2.929","2.856","2.949","2.856","2.60%"
"05/01/2026","2.854","2.844","2.854","2.844","-0.06%"
"04/30/2026","2.856","2.977","2.977","2.842","-3.71%"
"04/29/2026","2.966","2.864","2.967","2.862","3.40%"
"04/28/2026","2.869","2.809","2.903","2.802","2.48%"
"04/27/2026","2.799","2.779","2.815","2.754","0.69%"
"04/24/2026","2.780","2.833","2.838","2.770","-0.14%"
"04/23/2026","2.784","2.796","2.814","2.760","0.40%"
"04/22/2026","2.773","2.703","2.776","2.693","1.11%"
"04/21/2026","2.742","2.641","2.764","2.641","3.08%"
"04/20/2026","2.661","2.654","2.679","2.632","1.71%"
"04/17/2026","2.616","2.741","2.741","2.582","-4.18%"
"04/16/2026","2.730","2.679","2.741","2.679","-0.45%"
"04/15/2026","2.742","2.715","2.759","2.705","0.03%"
"04/14/2026","2.742","2.806","2.813","2.742","-3.84%"
"04/13/2026","2.851","2.834","2.874","2.810","1.70%"
"04/10/2026","2.803","2.737","2.810","2.737","3.04%"
"04/09/2026","2.721","2.734","2.796","2.721","0.95%"
"04/08/2026","2.695","2.721","2.741","2.634","-9.81%"
"04/07/2026","2.989","2.903","3.018","2.874","4.15%"
"04/06/2026","2.869","2.869","2.869","2.869","-0.08%"
"04/03/2026","2.872","2.864","2.872","2.864","0.37%"
"04/02/2026","2.861","2.932","2.949","2.861","0.07%"
"04/01/2026","2.859","2.774","2.874","2.774","-1.41%"
"03/31/2026","2.900","2.937","2.973","2.896","-1.02%"
"03/30/2026","2.930","2.970","2.998","2.921","-1.95%"
"03/27/2026","2.988","3.037","3.095","2.983","-1.12%"
"03/26/2026","3.022","2.961","3.036","2.955","4.68%"
"03/25/2026","2.887","2.920","2.935","2.863","-2.76%"
"03/24/2026","2.969","2.848","2.990","2.839","3.24%"
"03/23/2026","2.876","3.037","3.151","2.774","-3.21%"
"03/20/2026","2.971","2.760","2.975","2.759","4.34%"
"03/19/2026","2.848","2.761","2.874","2.730","5.04%"
"03/18/2026","2.711","2.575","2.717","2.575","7.43%"
"03/17/2026","2.524","2.548","2.562","2.494","-1.27%"
"03/16/2026","2.556","2.573","2.586","2.514","-1.98%"
"03/13/2026","2.608","2.598","2.627","2.524","2.06%"
"03/12/2026","2.555","2.451","2.642","2.430","2.91%"
"03/11/2026","2.483","2.451","2.513","2.430","4.74%"
"03/10/2026","2.371","2.356","2.422","2.349","-5.23%"
"03/09/2026","2.501","2.643","2.646","2.481","0.34%"
"03/06/2026","2.493","2.344","2.540","2.339","5.44%"
"03/05/2026","2.364","2.303","2.401","2.263","4.81%"
"03/04/2026","2.256","2.293","2.332","2.243","-1.96%"
"03/03/2026","2.301","2.279","2.351","2.253","4.25%"
"03/02/2026","2.207","2.146","2.224","2.144","3.29%"
"02/27/2026","2.137","2.158","2.184","2.125","-1.28%"
"02/26/2026","2.164","2.137","2.189","2.132","0.26%"
"02/25/2026","2.159","2.141","2.169","2.132","0.45%"
"02/24/2026","2.149","2.127","2.163","2.121","0.04%"
"02/23/2026","2.148","2.140","2.165","2.123","-0.95%"
"02/20/2026","2.169","2.144","2.171","2.134","0.74%"
"02/19/2026","2.153","2.149","2.168","2.134","0.65%"
"02/18/2026","2.139","2.129","2.155","2.115","0.67%"
"02/17/2026","2.125","2.112","2.138","2.110","-0.38%"
"02/16/2026","2.133","2.122","2.145","2.109","0.45%"
"02/13/2026","2.123","2.145","2.152","2.103","-1.23%"
"02/12/2026","2.149","2.158","2.170","2.120","-0.55%"
"02/11/2026","2.161","2.137","2.171","2.128","0.66%"
"02/10/2026","2.147","2.165","2.181","2.138","-1.08%"
"02/09/2026","2.170","2.185","2.191","2.145","-0.61%"
"02/06/2026","2.184","2.160","2.190","2.149","-0.18%"
"02/05/2026","2.188","2.177","2.203","2.157","0.27%"
"02/04/2026","2.182","2.178","2.206","2.163","-0.36%"
"02/03/2026","2.190","2.203","2.220","2.180","-0.57%"
"02/02/2026","2.202","2.177","2.213","2.158","1.44%"
"01/30/2026","2.171","2.170","2.189","2.138","0.65%"
"01/29/2026","2.157","2.167","2.177","2.137","-0.68%"
"01/28/2026","2.172","2.157","2.185","2.149","-1.04%"
"01/27/2026","2.194","2.206","2.218","2.176","-0.56%"
"01/26/2026","2.207","2.221","2.224","2.182","-1.39%"
"01/23/2026","2.238","2.220","2.248","2.203","0.18%"
"01/22/2026","2.234","2.212","2.234","2.192","1.45%"
"01/21/2026","2.202","2.181","2.219","2.164","0.78%"
"01/20/2026","2.185","2.198","2.220","2.178","-0.99%"
"01/19/2026","2.207","2.195","2.224","2.182","-1.12%"
"01/16/2026","2.232","2.202","2.241","2.198","1.06%"
"01/15/2026","2.208","2.210","2.221","2.189","0.61%"
"01/14/2026","2.195","2.225","2.226","2.187","-0.52%"
"01/13/2026","2.207","2.235","2.251","2.205","-0.31%"
"01/12/2026","2.213","2.232","2.252","2.208","-0.48%"
"01/09/2026","2.224","2.238","2.250","2.210","-0.30%"
"01/08/2026","2.231","2.228","2.262","2.210","0.72%"
"01/07/2026","2.215","2.209","2.245","2.200","-0.76%"
"01/06/2026","2.232","2.259","2.267","2.210","-0.41%"
"01/05/2026","2.241","2.253","2.287","2.239","-1.35%"
"01/02/2026","2.272","2.249","2.294","2.231","2.37%"
"01/01/2026","2.219","2.219","2.219","2.219","-0.22%"
"12/31/2025","2.224","2.224","2.224","2.224","-1.15%"
"12/30/2025","2.250","2.237","2.286","2.217","0.36%"
"12/29/2025","2.242","2.269","2.325","2.221","-1.93%"
"12/26/2025","2.286","2.286","2.286","2.286","0.00%"
"12/25/2025","2.286","2.286","2.286","2.286","0.00%"
"12/24/2025","2.286","2.286","2.286","2.286","-0.18%"
"12/23/2025","2.290","2.274","2.323","2.264","-1.01%"
"12/22/2025","2.314","2.304","2.349","2.272","1.21%"
"12/19/2025","2.286","2.263","2.341","2.260","-0.21%"
"12/18/2025","2.291","2.250","2.298","2.244","-0.50%"
"12/17/2025","2.302","2.283","2.328","2.249","1.07%"
"12/16/2025","2.278","2.289","2.321","2.262","-2.13%"
"12/15/2025","2.328","2.299","2.336","2.285","-0.09%"
"12/12/2025","2.330","2.315","2.369","2.295","0.00%"
"12/11/2025","2.330","2.315","2.369","2.297","-0.32%"
"12/10/2025","2.337","2.322","2.366","2.320","1.20%"
"12/09/2025","2.310","2.319","2.349","2.305","-1.00%"
"12/08/2025","2.333","2.273","2.340","2.262","3.43%"
"12/05/2025","2.256","2.261","2.409","2.229","-0.10%"
"12/04/2025","2.258","2.235","2.400","2.227","0.95%"
"12/03/2025","2.237","2.221","2.281","2.209","0.41%"
"12/02/2025","2.228","2.232","2.330","2.217","-0.23%"
"12/01/2025","2.233","2.221","2.326","2.202","1.17%"
"11/28/2025","2.207","2.200","2.258","2.190","0.41%"
"11/27/2025","2.198","2.214","2.324","2.178","-2.51%"
"11/26/2025","2.254","2.225","2.354","2.191","1.94%"
"11/25/2025","2.211","2.224","2.367","2.206","-0.87%"
"11/24/2025","2.231","2.213","2.373","2.203","0.06%"
"11/21/2025","2.230","2.213","2.317","2.194","0.22%"
"11/20/2025","2.225","2.226","2.348","2.214","0.53%"
"11/19/2025","2.213","2.248","2.324","2.201","-1.25%"
"11/18/2025","2.241","2.235","2.259","2.217","-0.38%"
"11/17/2025","2.250","2.245","2.272","2.230","-0.23%"
"11/14/2025","2.255","2.259","2.397","2.239","0.53%"
"11/13/2025","2.243","2.207","2.287","2.190","1.93%"
"11/12/2025","2.200","2.210","2.316","2.190","-0.55%"
"11/11/2025","2.212","2.212","2.363","2.185","-0.41%"
"11/10/2025","2.221","2.212","2.358","2.189","0.35%"
"11/07/2025","2.214","2.218","2.316","2.198","0.69%"
"11/06/2025","2.199","2.203","2.353","2.189","-0.53%"
"11/05/2025","2.210","2.171","2.344","2.171","0.53%"
"11/04/2025","2.199","2.188","2.342","2.182","0.32%"
"11/03/2025","2.192","2.185","2.341","2.178","0.77%"
"10/31/2025","2.175","2.205","2.294","2.167","-1.24%"
"10/30/2025","2.202","2.194","2.316","2.190","1.46%"
"10/29/2025","2.171","2.190","2.329","2.156","-0.62%"
"10/28/2025","2.184","2.187","2.336","2.176","-0.26%"
"10/27/2025","2.190","2.192","2.339","2.174","-0.22%"
"10/24/2025","2.195","2.151","2.332","2.143","1.44%"
"10/23/2025","2.164","2.144","2.296","2.130","-1.30%"
"10/22/2025","2.192","2.136","2.289","2.124","2.29%"
"10/21/2025","2.143","2.150","2.286","2.136","-0.28%"
"10/20/2025","2.149","2.150","2.175","2.132","0.32%"
"10/17/2025","2.142","2.101","2.178","2.096","0.74%"
"10/16/2025","2.127","2.152","2.277","2.123","-0.47%"
"10/15/2025","2.137","2.161","2.291","2.128","-1.13%"
"10/14/2025","2.161","2.172","2.260","2.151","-0.96%"
"10/13/2025","2.182","2.209","2.322","2.166","-1.13%"
"10/10/2025","2.207","2.235","2.376","2.193","-1.41%"
"10/09/2025","2.239","2.231","2.367","2.212","-0.52%"
"10/08/2025","2.250","2.247","2.363","2.213","-0.48%"
"10/07/2025","2.261","2.260","2.402","2.252","0.50%"
"10/06/2025","2.250","2.263","2.317","2.239","-0.16%"
"10/03/2025","2.254","2.271","2.403","2.248","0.11%"
"10/02/2025","2.251","2.256","2.397","2.227","0.27%"
"10/01/2025","2.245","2.267","2.353","2.229","-1.32%"
"09/30/2025","2.275","2.261","2.410","2.249","0.93%"
"09/29/2025","2.254","2.270","2.412","2.254","-1.09%"
"09/26/2025","2.279","2.284","2.431","2.269","-0.63%"
"09/25/2025","2.293","2.281","2.368","2.267","0.94%"
"09/24/2025","2.272","2.266","2.305","2.256","0.54%"
"09/23/2025","2.260","2.246","2.289","2.240","0.44%"
"09/22/2025","2.250","2.256","2.280","2.235","-0.64%"
"09/19/2025","2.264","2.248","2.282","2.248","0.39%"
"09/18/2025","2.256","2.235","2.269","2.225","-0.07%"
"09/17/2025","2.257","2.245","2.272","2.231","0.80%"
"09/16/2025","2.239","2.242","2.277","2.231","-0.30%"
"09/15/2025","2.246","2.268","2.273","2.239","-1.03%"
"09/12/2025","2.270","2.256","2.294","2.248","1.39%"
"09/11/2025","2.238","2.228","2.257","2.197","1.37%"
"09/10/2025","2.208","2.201","2.240","2.191","-0.16%"
"09/09/2025","2.212","2.193","2.218","2.178","1.00%"
"09/08/2025","2.190","2.204","2.216","2.172","-0.40%"
"09/05/2025","2.199","2.223","2.254","2.180","-1.80%"
"09/04/2025","2.239","2.236","2.245","2.217","-0.28%"
"09/03/2025","2.245","2.273","2.283","2.235","-2.06%"
"09/02/2025","2.292","2.261","2.300","2.258","1.76%"
"09/01/2025","2.253","2.233","2.273","2.217","1.31%"
"08/29/2025","2.224","2.212","2.246","2.199","0.38%"
"08/28/2025","2.215","2.207","2.238","2.189","-0.03%"
"08/27/2025","2.216","2.226","2.238","2.201","-0.37%"
"08/26/2025","2.224","2.227","2.260","2.211","-1.58%"
"08/25/2025","2.260","2.224","2.287","2.219","2.03%"
"08/22/2025","2.215","2.259","2.286","2.208","-1.54%"
"08/21/2025","2.250","2.197","2.271","2.195","1.99%"
"08/20/2025","2.206","2.209","2.237","2.191","-0.69%"
"08/19/2025","2.221","2.227","2.243","2.210","-0.41%"
"08/18/2025","2.230","2.247","2.277","2.207","-4.36%"
"08/15/2025","2.332","2.223","2.334","2.195","5.79%"
"08/14/2025","2.204","2.181","2.243","2.163","1.03%"
"08/13/2025","2.182","2.216","2.241","2.178","-2.24%"
"08/12/2025","2.232","2.225","2.265","2.219","0.31%"
"08/11/2025","2.225","2.213","2.261","2.199","0.19%"
"08/08/2025","2.221","2.192","2.256","2.183","1.78%"
"08/07/2025","2.182","2.159","2.226","2.152","0.55%"
"08/06/2025","2.170","2.168","2.186","2.147","0.61%"
"08/05/2025","2.157","2.151","2.183","2.139","0.12%"
"08/04/2025","2.154","2.187","2.219","2.148","-1.86%"
"08/01/2025","2.195","2.241","2.255","2.158","-1.39%"
"07/31/2025","2.226","2.214","2.257","2.214","-0.31%"
"07/30/2025","2.233","2.216","2.244","2.192","1.50%"
"07/29/2025","2.200","2.184","2.210","2.184","0.73%"
"07/28/2025","2.184","2.218","2.218","2.173","-2.24%"
"07/25/2025","2.234","2.237","2.270","2.219","1.32%"
"07/24/2025","2.205","2.124","2.206","2.122","6.21%"
"07/23/2025","2.076","2.089","2.098","2.062","2.17%"
"07/22/2025","2.032","2.045","2.083","2.021","-0.34%"
"07/21/2025","2.039","2.055","2.097","2.024","-2.53%"
"07/18/2025","2.092","2.097","2.132","2.072","0.63%"
"07/17/2025","2.079","2.078","2.121","2.065","0.63%"
"07/16/2025","2.066","2.103","2.116","2.061","-1.99%"
"07/15/2025","2.108","2.111","2.120","2.084","-1.03%"
"07/14/2025","2.130","2.135","2.230","2.118","-1.21%"
"07/11/2025","2.156","2.134","2.205","2.134","0.65%"
"07/10/2025","2.142","2.102","2.225","2.096","2.24%"
"07/09/2025","2.095","2.116","2.212","2.092","-1.64%"
"07/08/2025","2.130","2.105","2.207","2.095","0.66%"
"07/07/2025","2.116","2.049","2.132","2.045","3.27%"
"07/04/2025","2.049","2.057","2.089","2.038","-1.44%"
"07/03/2025","2.079","2.086","2.106","2.069","-1.14%"
"07/02/2025","2.103","2.082","2.115","2.079","1.25%"
"07/01/2025","2.077","2.075","2.091","2.049","-0.43%"
"06/30/2025","2.086","2.101","2.106","2.074","-0.71%"
"06/27/2025","2.101","2.065","2.121","2.065","1.69%"
"06/26/2025","2.066","2.069","2.091","2.047","-0.91%"
"06/25/2025","2.085","2.085","2.118","2.073","-0.19%"
"06/24/2025","2.089","2.085","2.143","2.080","-1.04%"
"06/23/2025","2.111","2.151","2.151","2.108","-0.98%"
"06/20/2025","2.132","2.105","2.136","2.097","0.42%"
"06/19/2025","2.123","2.124","2.145","2.105","0.43%"
"06/18/2025","2.114","2.136","2.211","2.111","-1.45%"
"06/17/2025","2.145","2.113","2.217","2.108","1.47%"
"06/16/2025","2.114","2.130","2.158","2.097","-1.03%"
"06/13/2025","2.136","2.078","2.150","2.072","2.89%"
"06/12/2025","2.076","2.075","2.126","2.067","-2.67%"
"06/11/2025","2.133","2.101","2.133","2.075","1.38%"
"06/10/2025","2.104","2.109","2.153","2.093","-1.68%"
"06/09/2025","2.140","2.089","2.159","2.065","1.37%"
"06/06/2025","2.111","2.111","2.200","2.070","-0.47%"
"06/05/2025","2.121","2.035","2.149","2.016","3.31%"
"06/04/2025","2.053","2.022","2.094","2.011","1.13%"
"06/03/2025","2.030","2.018","2.093","1.996","-0.64%"
"06/02/2025","2.043","2.027","2.136","2.016","0.39%"
"05/30/2025","2.035","2.022","2.074","2.009","0.00%"
"05/29/2025","2.035","2.072","2.098","2.015","-1.21%"
"05/28/2025","2.060","2.067","2.097","2.026","-0.34%"
"05/27/2025","2.067","2.043","2.084","2.034","0.34%"
"05/26/2025","2.060","2.068","2.107","2.046","0.54%"
"05/23/2025","2.049","2.077","2.138","2.020","-2.52%"
"05/22/2025","2.102","2.119","2.132","2.081","-0.94%"
"05/21/2025","2.122","2.099","2.155","2.090","1.39%"
"05/20/2025","2.093","2.093","2.137","2.067","-0.57%"
"05/19/2025","2.105","2.108","2.174","2.094","-0.75%"
"05/16/2025","2.121","2.123","2.149","2.093","-1.16%"
"05/15/2025","2.146","2.193","2.197","2.136","-2.28%"
"05/14/2025","2.196","2.196","2.213","2.151","0.23%"
"05/13/2025","2.191","2.178","2.205","2.168","1.01%"
"05/12/2025","2.169","2.091","2.193","2.091","5.19%"
"05/09/2025","2.062","2.055","2.107","2.046","1.33%"
"05/08/2025","2.035","2.008","2.053","1.985","1.40%"
"05/07/2025","2.007","2.046","2.059","1.995","-1.91%"
"05/06/2025","2.046","2.047","2.074","2.030","0.15%"
"05/05/2025","2.043","2.067","2.082","2.033","-0.54%"
"05/02/2025","2.054","2.047","2.078","2.023","2.24%"
"04/30/2025","2.009","2.058","2.058","2.005","-1.71%"
"04/29/2025","2.044","2.032","2.062","2.009","0.44%"
"04/28/2025","2.035","2.045","2.093","2.022","-0.10%"
"04/25/2025","2.037","2.011","2.068","1.994","2.52%"
"04/24/2025","1.987","2.050","2.063","1.978","-3.73%"
"04/23/2025","2.064","2.033","2.080","2.026","2.58%"
"04/22/2025","2.012","2.030","2.046","1.992","-1.57%"
"04/17/2025","2.044","2.109","2.168","2.032","-2.57%"
"04/16/2025","2.098","2.117","2.175","2.086","-2.42%"
"04/15/2025","2.150","2.125","2.218","2.113","1.80%"
"04/14/2025","2.112","2.169","2.195","2.099","-3.87%"
"04/11/2025","2.197","2.171","2.202","2.148","1.06%"
"04/10/2025","2.174","2.241","2.241","2.169","0.28%"
"04/09/2025","2.168","2.182","2.203","2.144","-2.03%"
"04/08/2025","2.213","2.167","2.231","2.146","1.89%"
"04/07/2025","2.172","2.133","2.197","2.084","0.46%"
"04/04/2025","2.162","2.183","2.184","2.106","-1.86%"
"04/03/2025","2.203","2.211","2.227","2.188","-3.16%"
"04/02/2025","2.275","2.286","2.315","2.253","-0.35%"
"04/01/2025","2.283","2.305","2.308","2.262","-1.47%"
"03/31/2025","2.317","2.268","2.320","2.254","0.83%"
"03/28/2025","2.298","2.312","2.342","2.280","-2.42%"
"03/27/2025","2.355","2.362","2.375","2.335","-1.42%"
"03/26/2025","2.389","2.417","2.437","2.381","-1.28%"
"03/25/2025","2.420","2.403","2.462","2.392","0.88%"
"03/24/2025","2.399","2.433","2.435","2.396","-0.83%"
"03/21/2025","2.419","2.437","2.459","2.408","-1.59%"
"03/20/2025","2.458","2.444","2.469","2.432","-0.41%"
"03/19/2025","2.468","2.439","2.490","2.434","0.49%"
"03/18/2025","2.456","2.461","2.481","2.445","0.12%"
"03/17/2025","2.453","2.472","2.484","2.446","-0.97%"
"03/14/2025","2.477","2.469","2.514","2.468","0.08%"
"03/13/2025","2.475","2.492","2.519","2.461","-1.24%"
"03/12/2025","2.506","2.473","2.524","2.464","1.29%"
"03/11/2025","2.474","2.492","2.518","2.463","-1.59%"
"03/10/2025","2.514","2.532","2.540","2.487","-0.98%"
"03/07/2025","2.539","2.545","2.562","2.490","-1.44%"
"03/06/2025","2.576","2.590","2.601","2.521","1.30%"
"03/05/2025","2.543","2.403","2.565","2.384","8.95%"
"03/04/2025","2.334","2.337","2.337","2.290","-1.60%"
"03/03/2025","2.372","2.336","2.389","2.309","1.41%"
"02/28/2025","2.339","2.338","2.369","2.327","-0.72%"
"02/27/2025","2.356","2.376","2.407","2.348","-0.21%"
"02/26/2025","2.361","2.381","2.381","2.345","-0.84%"
"02/25/2025","2.381","2.395","2.397","2.361","-0.92%"
"02/24/2025","2.403","2.422","2.442","2.392","-0.74%"
"02/21/2025","2.421","2.459","2.463","2.413","-1.75%"
"02/20/2025","2.464","2.487","2.503","2.456","-1.48%"
"02/19/2025","2.501","2.453","2.524","2.442","2.79%"
"02/18/2025","2.433","2.451","2.466","2.430","-0.33%"
"02/17/2025","2.441","2.461","2.470","2.432","0.00%"
"02/14/2025","2.441","2.402","2.448","2.400","1.96%"
"02/13/2025","2.394","2.444","2.456","2.382","-2.17%"
"02/12/2025","2.447","2.422","2.464","2.415","0.91%"
"02/11/2025","2.425","2.363","2.435","2.358","3.32%"
"02/10/2025","2.347","2.362","2.388","2.340","-0.84%"
"02/07/2025","2.367","2.352","2.408","2.345","-0.21%"
"02/06/2025","2.372","2.370","2.391","2.346","0.51%"
"02/05/2025","2.360","2.358","2.369","2.330","-0.63%"
"02/04/2025","2.375","2.381","2.407","2.374","0.17%"
"02/03/2025","2.371","2.413","2.414","2.355","-2.71%"
"01/31/2025","2.437","2.509","2.513","2.432","-3.26%"
"01/30/2025","2.519","2.585","2.588","2.503","-3.15%"
"01/29/2025","2.601","2.581","2.609","2.562","0.15%"
"01/28/2025","2.597","2.606","2.617","2.577","-0.19%"
"01/27/2025","2.602","2.604","2.612","2.570","-1.18%"
"01/24/2025","2.633","2.584","2.656","2.575","1.94%"
"01/23/2025","2.583","2.557","2.610","2.552","0.98%"
"01/22/2025","2.558","2.544","2.561","2.518","0.79%"
"01/21/2025","2.538","2.556","2.586","2.529","-0.35%"
"01/20/2025","2.547","2.561","2.588","2.543","-1.36%"
"01/17/2025","2.582","2.562","2.582","2.541","0.58%"
"01/16/2025","2.567","2.620","2.645","2.566","-1.76%"
"01/15/2025","2.613","2.705","2.726","2.601","-4.04%"
"01/14/2025","2.723","2.701","2.728","2.693","-0.18%"
"01/13/2025","2.728","2.720","2.753","2.715","1.72%"
"01/10/2025","2.682","2.630","2.688","2.624","3.87%"
"01/09/2025","2.582","2.553","2.590","2.550","1.33%"
"01/08/2025","2.548","2.507","2.551","2.506","1.31%"
"01/07/2025","2.515","2.498","2.526","2.489","-0.12%"
"01/06/2025","2.518","2.516","2.538","2.503","0.00%"
"01/03/2025","2.518","2.440","2.523","2.427","2.36%"
"01/02/2025","2.460","2.435","2.462","2.384","0.20%"
"12/31/2024","2.455","2.449","2.455","2.449","-0.20%"
"12/30/2024","2.460","2.412","2.464","2.412","1.07%"
"12/27/2024","2.434","2.431","2.462","2.421","-0.08%"
"12/23/2024","2.436","2.427","2.438","2.404","1.25%"
"12/20/2024","2.406","2.386","2.415","2.372","0.59%"
"12/19/2024","2.392","2.448","2.453","2.392","-0.08%"
"12/18/2024","2.394","2.424","2.437","2.382","-1.03%"
"12/17/2024","2.419","2.432","2.458","2.409","-0.08%"
"12/16/2024","2.421","2.406","2.430","2.394","0.17%"
"12/13/2024","2.417","2.402","2.420","2.377","0.67%"
"12/12/2024","2.401","2.317","2.404","2.277","4.94%"
"12/11/2024","2.288","2.320","2.332","2.275","-1.34%"
"12/10/2024","2.319","2.340","2.342","2.299","-0.47%"
"12/09/2024","2.330","2.363","2.380","2.324","-1.73%"
"12/06/2024","2.371","2.394","2.413","2.349","-0.63%"
"12/05/2024","2.386","2.334","2.386","2.313","1.45%"
"12/04/2024","2.352","2.365","2.387","2.335","0.30%"
"12/03/2024","2.345","2.331","2.365","2.324","0.51%"
"12/02/2024","2.333","2.355","2.355","2.311","-0.89%"
"11/29/2024","2.354","2.417","2.426","2.353","-2.61%"
"11/28/2024","2.417","2.484","2.484","2.415","-2.85%"
"11/27/2024","2.488","2.465","2.517","2.461","-0.04%"
"11/26/2024","2.489","2.499","2.503","2.472","0.04%"
"11/25/2024","2.488","2.461","2.527","2.456","1.18%"
"11/22/2024","2.459","2.587","2.595","2.449","-4.73%"
"11/21/2024","2.581","2.629","2.631","2.565","-0.96%"
"11/20/2024","2.606","2.636","2.660","2.606","-0.57%"
"11/19/2024","2.621","2.602","2.648","2.576","-0.19%"
"11/18/2024","2.626","2.614","2.663","2.612","1.82%"
"11/15/2024","2.579","2.574","2.604","2.545","0.74%"
"11/14/2024","2.560","2.615","2.615","2.559","-3.69%"
"11/13/2024","2.658","2.694","2.761","2.634","-0.41%"
"11/12/2024","2.669","2.684","2.728","2.621","-0.07%"
"11/11/2024","2.671","2.703","2.734","2.664","-1.98%"
"11/08/2024","2.725","2.705","2.758","2.692","-0.58%"
"11/07/2024","2.741","2.722","2.999","2.707","-2.66%"
"11/06/2024","2.816","2.722","2.867","2.707","0.00%"
"11/05/2024","2.816","2.828","2.881","2.777","0.72%"
"11/04/2024","2.796","2.813","2.883","2.784","-0.07%"
"11/01/2024","2.798","2.852","2.853","2.773","-2.07%"
"10/31/2024","2.857","2.811","2.906","2.773","2.40%"
"10/30/2024","2.790","2.638","2.791","2.638","2.72%"
"10/29/2024","2.716","2.622","2.717","2.618","4.34%"
"10/28/2024","2.603","2.634","2.681","2.565","-1.14%"
"10/25/2024","2.633","2.583","2.693","2.581","2.05%"
"10/24/2024","2.580","2.595","2.623","2.540","-1.94%"
"10/23/2024","2.631","2.638","2.676","2.593","-1.61%"
"10/22/2024","2.674","2.649","2.730","2.618","1.48%"
"10/21/2024","2.635","2.556","2.688","2.533","4.03%"
"10/18/2024","2.533","2.583","2.586","2.506","-1.71%"
"10/17/2024","2.577","2.630","2.674","2.554","-1.00%"
"10/16/2024","2.603","2.639","2.809","2.602","-1.66%"
"10/15/2024","2.647","2.675","2.813","2.644","-2.90%"
"10/14/2024","2.726","2.715","2.955","2.704","-0.80%"
"10/11/2024","2.748","2.716","2.830","2.680","2.27%"
"10/10/2024","2.687","2.733","2.780","2.685","-1.39%"
"10/09/2024","2.725","2.669","2.836","2.669","1.72%"
"10/08/2024","2.679","2.697","2.795","2.667","-0.89%"
"10/07/2024","2.703","2.656","2.747","2.627","2.78%"
"10/04/2024","2.630","2.571","2.690","2.537","3.26%"
"10/03/2024","2.547","2.542","2.780","2.514","0.51%"
"10/02/2024","2.534","2.500","2.635","2.496","3.72%"
"10/01/2024","2.443","2.467","2.468","2.405","-2.12%"
"09/30/2024","2.496","2.475","2.527","2.450","1.18%"
"09/27/2024","2.467","2.463","2.491","2.434","-0.52%"
"09/26/2024","2.480","2.498","2.507","2.435","-2.21%"
"09/25/2024","2.536","2.501","2.538","2.493","1.44%"
"09/24/2024","2.500","2.544","2.566","2.490","-2.69%"
"09/23/2024","2.569","2.612","2.615","2.555","-2.28%"
"09/20/2024","2.629","2.623","2.667","2.606","0.31%"
"09/19/2024","2.621","2.649","2.661","2.608","-2.06%"
"09/18/2024","2.676","2.628","2.681","2.620","1.87%"
"09/17/2024","2.627","2.571","2.638","2.559","1.51%"
"09/16/2024","2.588","2.603","2.628","2.585","-0.96%"
"09/13/2024","2.613","2.622","2.633","2.609","-1.25%"
"09/12/2024","2.646","2.602","2.660","2.598","1.89%"
"09/11/2024","2.597","2.623","2.638","2.585","-2.22%"
"09/10/2024","2.656","2.687","2.702","2.650","-0.93%"
"09/09/2024","2.681","2.719","2.733","2.676","-0.45%"
"09/06/2024","2.693","2.709","2.726","2.670","-1.36%"
"09/05/2024","2.730","2.752","2.789","2.710","-1.37%"
"09/04/2024","2.768","2.832","2.838","2.747","-3.01%"
"09/03/2024","2.854","2.864","2.914","2.835","-0.28%"
"09/02/2024","2.862","2.883","2.900","2.845","0.03%"
"08/30/2024","2.861","2.825","2.876","2.804","1.20%"
"08/29/2024","2.827","2.855","2.863","2.789","-0.84%"
"08/28/2024","2.851","2.856","2.870","2.830","-0.56%"
"08/27/2024","2.867","2.838","2.887","2.838","1.34%"
"08/26/2024","2.829","2.791","2.858","2.790","1.25%"
"08/23/2024","2.794","2.854","2.872","2.784","-2.03%"
"08/22/2024","2.852","2.806","2.873","2.785","1.53%"
"08/21/2024","2.809","2.872","2.913","2.809","-2.60%"
"08/20/2024","2.884","2.897","2.931","2.874","-0.76%"
"08/19/2024","2.906","2.915","2.957","2.878","-1.72%"
"08/16/2024","2.957","2.920","2.974","2.890","0.54%"
"08/15/2024","2.941","2.814","2.942","2.814","4.18%"
"08/14/2024","2.823","2.808","2.882","2.806","0.14%"
"08/13/2024","2.819","2.883","2.892","2.813","-2.89%"
"08/12/2024","2.903","2.896","2.939","2.876","0.28%"
"08/09/2024","2.895","2.899","2.929","2.873","-0.62%"
"08/08/2024","2.913","2.896","2.961","2.875","-1.29%"
"08/07/2024","2.951","2.899","2.954","2.894","1.41%"
"08/06/2024","2.910","2.919","2.940","2.862","-0.34%"
"08/05/2024","2.920","2.829","2.921","2.794","1.74%"
"08/02/2024","2.870","2.942","2.959","2.859","-2.74%"
"08/01/2024","2.951","2.956","2.997","2.947","-0.81%"
"07/31/2024","2.975","2.995","3.023","2.966","-1.49%"
"07/30/2024","3.020","3.028","3.062","3.002","-0.69%"
"07/29/2024","3.041","3.065","3.075","3.024","-1.23%"
"07/26/2024","3.079","3.110","3.127","3.067","-0.74%"
"07/25/2024","3.102","3.114","3.129","3.076","-0.89%"
"07/24/2024","3.130","3.140","3.153","3.116","-0.25%"
"07/23/2024","3.138","3.170","3.177","3.136","-1.35%"
"07/22/2024","3.181","3.149","3.184","3.145","0.70%"
"07/19/2024","3.159","3.124","3.162","3.108","1.06%"
"07/18/2024","3.126","3.139","3.164","3.103","-0.73%"
"07/17/2024","3.149","3.114","3.167","3.102","0.96%"
"07/16/2024","3.119","3.138","3.140","3.105","-0.73%"
"07/15/2024","3.142","3.189","3.189","3.138","-1.54%"
"07/12/2024","3.191","3.193","3.233","3.166","-5.81%"
"07/11/2024","3.388","3.467","3.492","3.369","-2.11%"
"07/10/2024","3.461","3.481","3.507","3.441","-1.65%"
"07/09/2024","3.519","3.454","3.524","3.449","1.79%"
"07/08/2024","3.457","3.509","3.514","3.446","-0.97%"
"07/05/2024","3.491","3.531","3.536","3.474","-1.77%"
"07/04/2024","3.554","3.532","3.579","3.525","0.42%"
"07/03/2024","3.539","3.537","3.570","3.517","-0.14%"
"07/02/2024","3.544","3.591","3.604","3.525","-0.76%"
"07/01/2024","3.571","3.575","3.631","3.563","-0.03%"
"06/28/2024","3.572","3.536","3.594","3.536","0.65%"
"06/27/2024","3.549","3.549","3.570","3.525","0.17%"
"06/26/2024","3.543","3.519","3.561","3.509","0.48%"
"06/25/2024","3.526","3.520","3.541","3.508","-0.54%"
"06/24/2024","3.545","3.540","3.557","3.519","-0.62%"
"06/21/2024","3.567","3.565","3.568","3.514","0.03%"
"06/20/2024","3.566","3.616","3.621","3.562","-1.65%"
"06/19/2024","3.626","3.579","3.635","3.565","1.74%"
"06/18/2024","3.564","3.592","3.602","3.546","-0.94%"
"06/17/2024","3.598","3.577","3.614","3.550","-0.11%"
"06/14/2024","3.602","3.606","3.615","3.551","0.33%"
"06/13/2024","3.590","3.595","3.634","3.580","0.81%"
"06/12/2024","3.561","3.632","3.670","3.549","-2.38%"
"06/11/2024","3.648","3.658","3.723","3.642","-0.57%"
"06/10/2024","3.669","3.646","3.706","3.622","1.30%"
"06/07/2024","3.622","3.563","3.641","3.548","2.03%"
"06/06/2024","3.550","3.495","3.560","3.494","1.46%"
"06/05/2024","3.499","3.543","3.543","3.495","-0.79%"
"06/04/2024","3.527","3.563","3.566","3.512","-0.62%"
"06/03/2024","3.549","3.595","3.606","3.529","-1.64%"
"05/31/2024","3.608","3.601","3.628","3.574","0.33%"
"05/30/2024","3.596","3.632","3.635","3.590","-1.15%"
"05/29/2024","3.638","3.628","3.654","3.577","0.69%"
"05/28/2024","3.613","3.594","3.618","3.572","1.01%"
"05/27/2024","3.577","3.647","3.651","3.571","-1.92%"
"05/24/2024","3.647","3.619","3.664","3.605","0.91%"
"05/23/2024","3.614","3.552","3.640","3.532","1.72%"
"05/22/2024","3.553","3.555","3.563","3.530","1.02%"
"05/21/2024","3.517","3.542","3.544","3.501","-0.34%"
"05/20/2024","3.529","3.538","3.540","3.508","-0.11%"
"05/17/2024","3.533","3.490","3.549","3.479","1.76%"
"05/16/2024","3.472","3.441","3.492","3.433","0.64%"
"05/15/2024","3.450","3.530","3.535","3.439","-2.73%"
"05/14/2024","3.547","3.532","3.557","3.510","0.45%"
"05/13/2024","3.531","3.533","3.564","3.513","-0.34%"
"05/10/2024","3.543","3.523","3.559","3.503","0.57%"
"05/09/2024","3.523","3.528","3.558","3.486","0.43%"
"05/08/2024","3.508","3.497","3.524","3.488","0.89%"
"05/07/2024","3.477","3.463","3.504","3.454","0.17%"
"05/06/2024","3.471","3.463","3.504","3.441","-0.20%"
"05/03/2024","3.478","3.527","3.539","3.418","-1.83%"
"05/02/2024","3.543","3.553","3.571","3.526","-0.53%"
"05/01/2024","3.562","3.534","3.562","3.562","-0.67%"
"04/30/2024","3.586","3.534","3.595","3.519","1.73%"
"04/29/2024","3.525","3.548","3.558","3.501","-1.01%"
"04/26/2024","3.561","3.578","3.598","3.543","-1.11%"
"04/25/2024","3.601","3.563","3.620","3.514","0.95%"
"04/24/2024","3.567","3.525","3.578","3.517","2.18%"
"04/23/2024","3.491","3.483","3.538","3.467","-0.17%"
"04/22/2024","3.497","3.560","3.586","3.497","-2.21%"
"04/19/2024","3.576","3.550","3.590","3.523","0.22%"
"04/18/2024","3.568","3.513","3.569","3.499","1.16%"
"04/17/2024","3.527","3.552","3.557","3.497","0.00%"
"04/16/2024","3.527","3.479","3.548","3.455","1.23%"
"04/15/2024","3.484","3.455","3.484","3.418","1.10%"
"04/12/2024","3.446","3.488","3.495","3.414","-2.41%"
"04/11/2024","3.531","3.516","3.553","3.476","0.91%"
"04/10/2024","3.499","3.462","3.531","3.401","1.39%"
"04/09/2024","3.451","3.480","3.510","3.443","-0.95%"
"04/08/2024","3.484","3.491","3.514","3.468","0.72%"
"04/05/2024","3.459","3.418","3.470","3.395","0.82%"
"04/04/2024","3.431","3.439","3.459","3.402","-0.98%"
"04/03/2024","3.465","3.438","3.507","3.434","0.52%"
"04/02/2024","3.447","3.458","3.485","3.404","1.09%"
"04/01/2024","3.410","3.407","3.410","3.410","0.00%"
"03/29/2024","3.410","3.407","3.410","3.410","-0.99%"
"03/28/2024","3.444","3.407","3.461","3.407","1.74%"
"03/27/2024","3.385","3.383","3.404","3.366","-0.53%"
"03/26/2024","3.403","3.412","3.418","3.373","-1.31%"
"03/25/2024","3.448","3.390","3.451","3.374","1.38%"
"03/22/2024","3.401","3.411","3.444","3.382","-0.85%"
"03/21/2024","3.430","3.427","3.435","3.381","-0.81%"
"03/20/2024","3.458","3.422","3.469","3.412","0.26%"
"03/19/2024","3.449","3.439","3.456","3.423","-0.46%"
"03/18/2024","3.465","3.455","3.473","3.428","-0.09%"
"03/15/2024","3.468","3.464","3.479","3.441","0.49%"
"03/14/2024","3.451","3.361","3.453","3.322","2.71%"
"03/13/2024","3.360","3.344","3.380","3.327","-0.21%"
"03/12/2024","3.367","3.356","3.375","3.330","0.12%"
"03/11/2024","3.363","3.321","3.369","3.318","1.17%"
"03/08/2024","3.324","3.351","3.372","3.305","-1.45%"
"03/07/2024","3.373","3.405","3.422","3.313","-1.03%"
"03/06/2024","3.408","3.428","3.461","3.402","-0.47%"
"03/05/2024","3.424","3.460","3.473","3.404","-1.52%"
"03/04/2024","3.477","3.488","3.496","3.455","-0.52%"
"03/01/2024","3.495","3.487","3.519","3.460","1.39%"
"02/29/2024","3.447","3.434","3.536","3.433","-0.49%"
"02/28/2024","3.464","3.466","3.476","3.429","-0.55%"
"02/27/2024","3.483","3.467","3.483","3.435","0.55%"
"02/26/2024","3.464","3.387","3.464","3.380","1.94%"
"02/23/2024","3.398","3.481","3.504","3.395","-1.56%"
"02/22/2024","3.452","3.437","3.482","3.418","0.20%"
"02/21/2024","3.445","3.375","3.445","3.346","2.74%"
"02/20/2024","3.353","3.399","3.406","3.344","-2.07%"
"02/19/2024","3.424","3.398","3.424","3.366","0.94%"
"02/16/2024","3.392","3.380","3.417","3.345","0.98%"
"02/15/2024","3.359","3.344","3.377","3.312","0.06%"
"02/14/2024","3.357","3.385","3.396","3.353","-1.06%"
"02/13/2024","3.393","3.348","3.434","3.307","1.77%"
"02/12/2024","3.334","3.373","3.385","3.321","-1.68%"
"02/09/2024","3.391","3.348","3.404","3.329","2.42%"
"02/08/2024","3.311","3.296","3.327","3.263","0.67%"
"02/07/2024","3.289","3.247","3.289","3.235","1.39%"
"02/06/2024","3.244","3.251","3.270","3.217","-0.70%"
"02/05/2024","3.267","3.128","3.281","3.116","1.81%"
"02/02/2024","3.209","3.128","3.221","3.116","3.82%"
"02/01/2024","3.091","3.092","3.108","3.063","1.18%"
"01/31/2024","3.055","3.086","3.135","3.041","-2.24%"
"01/30/2024","3.125","3.065","3.146","3.065","2.12%"
"01/29/2024","3.060","3.083","3.085","3.045","-1.70%"
"01/26/2024","3.113","3.078","3.134","3.059","-0.32%"
"01/25/2024","3.123","3.235","3.267","3.120","-3.25%"
"01/24/2024","3.228","3.212","3.241","3.167","-0.25%"
"01/23/2024","3.236","3.222","3.245","3.202","0.56%"
"01/22/2024","3.218","3.218","3.228","3.199","-0.77%"
"01/19/2024","3.243","3.215","3.256","3.194","-0.03%"
"01/18/2024","3.244","3.234","3.245","3.194","-0.12%"
"01/17/2024","3.248","3.183","3.255","3.152","4.30%"
"01/16/2024","3.114","3.116","3.119","3.065","-0.16%"
"01/15/2024","3.119","3.103","3.131","3.062","1.66%"
"01/12/2024","3.068","3.160","3.160","3.057","-3.37%"
"01/11/2024","3.175","3.211","3.233","3.152","-1.46%"
"01/10/2024","3.222","3.191","3.230","3.165","0.28%"
"01/09/2024","3.213","3.192","3.215","3.169","2.26%"
"01/08/2024","3.142","3.179","3.213","3.128","0.06%"
"01/05/2024","3.140","3.135","3.217","3.109","0.87%"
"01/04/2024","3.113","3.002","3.130","2.995","3.18%"
"01/03/2024","3.017","3.079","3.083","3.017","-0.66%"
"01/02/2024","3.037","3.025","3.060","3.018","2.05%"
"01/01/2024","2.976","2.955","2.976","2.976","-0.73%"
"12/29/2023","2.998","2.955","3.032","2.946","1.25%"
"12/28/2023","2.961","2.915","2.974","2.914","1.13%"
"12/27/2023","2.928","2.935","2.950","2.898","-0.07%"
"12/26/2023","2.930","3.013","2.930","2.930","0.00%"
"12/25/2023","2.930","3.013","2.930","2.930","-0.44%"
"12/22/2023","2.943","3.013","3.024","2.920","-2.03%"
"12/21/2023","3.004","3.016","3.023","2.977","-0.40%"
"12/20/2023","3.016","3.016","3.044","3.003","-1.57%"
"12/19/2023","3.064","3.117","3.118","3.058","-2.20%"
"12/18/2023","3.133","3.128","3.144","3.103","0.64%"
"12/15/2023","3.113","3.158","3.161","3.062","-0.22%"
"12/14/2023","3.120","3.100","3.151","3.047","-5.05%"
"12/13/2023","3.286","3.339","3.352","3.279","-1.44%"
"12/12/2023","3.334","3.289","3.362","3.286","0.00%"
"12/11/2023","3.334","3.334","3.365","3.324","0.12%"
"12/08/2023","3.330","3.213","3.341","3.208","4.10%"
"12/07/2023","3.199","3.206","3.233","3.189","-0.40%"
"12/06/2023","3.212","3.198","3.252","3.170","0.41%"
"12/05/2023","3.199","3.209","3.248","3.188","-1.75%"
"12/04/2023","3.256","3.275","3.314","3.216","0.09%"
"12/01/2023","3.253","3.433","3.433","3.228","-5.38%"
"11/30/2023","3.438","3.411","3.471","3.367","0.76%"
"11/29/2023","3.412","3.470","3.481","3.411","-2.85%"
"11/28/2023","3.512","3.547","3.611","3.510","-1.35%"
"11/27/2023","3.560","3.658","3.666","3.560","-3.29%"
"11/24/2023","3.681","3.671","3.689","3.655","0.30%"
"11/23/2023","3.670","3.629","3.674","3.611","1.66%"
"11/22/2023","3.610","3.590","3.621","3.556","0.61%"
"11/21/2023","3.588","3.585","3.613","3.569","-0.36%"
"11/20/2023","3.601","3.556","3.620","3.556","0.71%"
"11/18/2023","3.576","3.576","3.576","3.576","-0.98%"
"11/17/2023","3.611","3.545","3.613","3.506","0.81%"
"11/16/2023","3.582","3.660","3.671","3.564","-2.77%"
"11/15/2023","3.684","3.650","3.686","3.621","0.35%"
"11/14/2023","3.671","3.764","3.792","3.657","-2.65%"
"11/13/2023","3.771","3.785","3.806","3.744","-0.66%"
"11/10/2023","3.796","3.783","3.822","3.775","1.52%"
"11/09/2023","3.739","3.757","3.793","3.739","0.21%"
"11/08/2023","3.731","3.753","3.793","3.721","-0.61%"
"11/07/2023","3.754","3.806","3.810","3.746","-1.18%"
"11/06/2023","3.799","3.742","3.807","3.727","2.26%"
"11/03/2023","3.715","3.761","3.786","3.678","-1.07%"
"11/02/2023","3.755","3.780","3.793","3.680","-0.92%"
"11/01/2023","3.790","3.883","3.888","3.783","-1.56%"
"10/31/2023","3.850","3.836","3.860","3.816","0.13%"
"10/30/2023","3.845","3.859","3.895","3.824","-2.06%"
"10/27/2023","3.926","3.954","3.966","3.903","-0.81%"
"10/26/2023","3.958","4.080","4.084","3.945","-2.22%"
"10/25/2023","4.048","3.997","4.059","3.994","1.30%"
"10/24/2023","3.996","3.959","3.996","3.935","0.23%"
"10/23/2023","3.987","4.037","4.068","3.984","-1.87%"
"10/20/2023","4.063","4.087","4.113","4.027","-1.38%"
"10/19/2023","4.120","4.185","4.187","4.100","-0.82%"
"10/18/2023","4.154","4.115","4.163","4.104","1.56%"
"10/17/2023","4.090","4.051","4.101","4.033","2.00%"
"10/16/2023","4.010","4.050","4.062","3.985","-0.41%"
"10/14/2023","4.027","4.027","4.027","4.027","-0.21%"
"10/13/2023","4.035","4.026","4.042","3.997","0.32%"
"10/12/2023","4.022","3.929","4.038","3.929","2.45%"
"10/11/2023","3.926","3.930","3.956","3.892","0.74%"
"10/10/2023","3.897","3.981","4.005","3.897","-1.27%"
"10/09/2023","3.947","4.014","4.055","3.947","-1.89%"
"10/06/2023","4.023","4.059","4.077","4.015","0.07%"
"10/05/2023","4.020","4.022","4.043","3.988","-0.07%"
"10/04/2023","4.023","4.132","4.132","4.019","-1.32%"
"10/03/2023","4.077","4.040","4.081","4.013","1.32%"
"10/02/2023","4.024","4.031","4.046","3.991","-0.52%"
"09/29/2023","4.045","4.093","4.100","3.995","-1.89%"
"09/28/2023","4.123","4.090","4.193","4.090","1.33%"
"09/27/2023","4.069","4.041","4.070","3.988","0.99%"
"09/26/2023","4.029","4.006","4.029","3.973","1.46%"
"09/25/2023","3.971","3.990","4.004","3.952","0.00%"
"09/22/2023","3.971","3.976","3.978","3.921","0.43%"
"09/21/2023","3.954","3.964","4.001","3.940","1.44%"
"09/20/2023","3.898","3.933","3.964","3.894","-1.49%"
"09/19/2023","3.957","3.962","3.969","3.925","0.10%"
"09/18/2023","3.953","3.922","3.953","3.893","1.52%"
"09/15/2023","3.894","3.855","3.899","3.849","1.64%"
"09/14/2023","3.831","3.908","3.915","3.814","-2.25%"
"09/13/2023","3.919","3.880","3.921","3.872","2.24%"
"09/12/2023","3.833","3.829","3.843","3.784","0.89%"
"09/11/2023","3.799","3.806","3.815","3.763","1.04%"
"09/09/2023","3.760","3.760","3.760","3.760","-0.42%"
"09/08/2023","3.776","3.648","3.788","3.648","0.64%"
"09/07/2023","3.752","3.815","3.822","3.751","-1.60%"
"09/06/2023","3.813","3.761","3.829","3.721","1.82%"
"09/05/2023","3.745","3.769","3.772","3.718","0.46%"
"09/04/2023","3.728","3.729","3.756","3.700","0.24%"
"09/01/2023","3.719","3.668","3.719","3.622","1.06%"
"08/31/2023","3.680","3.758","3.758","3.645","-1.87%"
"08/30/2023","3.750","3.778","3.784","3.722","1.49%"
"08/29/2023","3.695","3.743","3.764","3.693","-1.60%"
"08/28/2023","3.755","3.758","3.775","3.738","0.43%"
"08/25/2023","3.739","3.695","3.745","3.657","2.02%"
"08/24/2023","3.665","3.635","3.674","3.588","0.58%"
"08/23/2023","3.644","3.774","3.782","3.626","-3.21%"
"08/22/2023","3.765","3.807","3.834","3.739","-1.05%"
"08/21/2023","3.805","3.807","3.809","3.739","1.39%"
"08/18/2023","3.753","3.786","3.799","3.743","-2.16%"
"08/17/2023","3.836","3.828","3.846","3.805","0.95%"
"08/16/2023","3.800","3.800","3.802","3.776","0.08%"
"08/15/2023","3.797","3.786","3.864","3.782","1.31%"
"08/14/2023","3.748","3.694","3.751","3.666","1.41%"
"08/11/2023","3.696","3.683","3.700","3.650","1.20%"
"08/10/2023","3.652","3.659","3.673","3.632","-0.11%"
"08/09/2023","3.656","3.630","3.659","3.607","0.86%"
"08/08/2023","3.625","3.725","3.725","3.614","-2.84%"
"08/07/2023","3.731","3.737","3.765","3.709","0.00%"
"08/04/2023","3.731","3.763","3.802","3.702","0.03%"
"08/03/2023","3.730","3.705","3.736","3.681","0.70%"
"08/02/2023","3.704","3.713","3.721","3.671","-0.59%"
"08/01/2023","3.726","3.693","3.750","3.672","0.65%"
"07/31/2023","3.702","3.749","3.753","3.688","-0.75%"
"07/28/2023","3.730","3.761","3.767","3.684","-0.27%"
"07/27/2023","3.740","3.750","3.810","3.710","-1.53%"
"07/26/2023","3.798","3.770","3.804","3.734","1.23%"
"07/25/2023","3.752","3.727","3.767","3.727","0.75%"
"07/24/2023","3.724","3.776","3.785","3.691","-0.65%"
"07/22/2023","3.749","3.749","3.749","3.749","-0.91%"
"07/21/2023","3.783","3.782","3.798","3.752","-0.16%"
"07/20/2023","3.789","3.744","3.793","3.723","1.58%"
"07/19/2023","3.730","3.665","3.766","3.634","0.43%"
"07/18/2023","3.714","3.829","3.849","3.690","-3.46%"
"07/17/2023","3.847","3.836","3.862","3.821","-0.36%"
"07/14/2023","3.861","3.826","3.861","3.796","1.39%"
"07/13/2023","3.808","3.844","3.849","3.774","-1.68%"
"07/12/2023","3.873","3.979","3.999","3.869","-3.01%"
"07/11/2023","3.993","3.974","4.008","3.941","0.45%"
"07/10/2023","3.975","3.951","3.980","3.918","1.07%"
"07/07/2023","3.933","3.999","4.024","3.921","-2.31%"
"07/06/2023","4.026","3.931","4.032","3.909","3.28%"
"07/05/2023","3.898","3.965","3.973","3.868","-1.47%"
"07/04/2023","3.956","3.978","3.986","3.937","-0.68%"
"07/03/2023","3.983","3.911","3.988","3.885","1.68%"
"06/30/2023","3.917","3.908","3.955","3.888","0.31%"
"06/29/2023","3.905","3.816","3.906","3.789","3.50%"
"06/28/2023","3.773","3.802","3.812","3.759","-1.05%"
"06/27/2023","3.813","3.752","3.846","3.734","2.36%"
"06/26/2023","3.725","3.766","3.779","3.705","-0.83%"
"06/23/2023","3.756","3.804","3.813","3.724","-2.03%"
"06/22/2023","3.834","3.745","3.846","3.736","2.32%"
"06/21/2023","3.747","3.773","3.775","3.727","0.59%"
"06/20/2023","3.725","3.761","3.777","3.721","-0.83%"
"06/19/2023","3.756","3.673","3.777","3.659","2.20%"
"06/16/2023","3.675","3.725","3.739","3.654","-0.62%"
"06/15/2023","3.698","3.638","3.776","3.629","2.78%"
"06/14/2023","3.598","3.550","3.612","3.530","1.81%"
"06/13/2023","3.534","3.490","3.543","3.478","1.26%"
"06/12/2023","3.490","3.526","3.531","3.446","-0.43%"
"06/09/2023","3.505","3.570","3.584","3.504","-1.66%"
"06/08/2023","3.564","3.622","3.625","3.560","-0.83%"
"06/07/2023","3.594","3.518","3.599","3.510","2.77%"
"06/06/2023","3.497","3.519","3.539","3.461","1.98%"
"06/05/2023","3.429","3.372","3.445","3.363","1.93%"
"06/02/2023","3.364","3.363","3.379","3.340","0.47%"
"06/01/2023","3.348","3.375","3.411","3.326","-0.37%"
"05/31/2023","3.361","3.373","3.390","3.353","-2.09%"
"05/30/2023","3.433","3.489","3.489","3.427","-1.67%"
"05/29/2023","3.491","3.547","3.555","3.487","-1.62%"
"05/26/2023","3.549","3.566","3.582","3.512","-0.34%"
"05/25/2023","3.561","3.529","3.561","3.504","1.40%"
"05/24/2023","3.512","3.515","3.534","3.474","0.96%"
"05/23/2023","3.478","3.496","3.534","3.478","-0.17%"
"05/22/2023","3.484","3.441","3.495","3.417","1.49%"
"05/19/2023","3.433","3.468","3.510","3.426","-0.65%"
"05/18/2023","3.456","3.420","3.467","3.393","2.44%"
"05/17/2023","3.373","3.375","3.383","3.327","-0.26%"
"05/16/2023","3.382","3.310","3.393","3.296","1.49%"
"05/15/2023","3.333","3.313","3.352","3.292","0.46%"
"05/12/2023","3.317","3.292","3.328","3.265","2.15%"
"05/11/2023","3.248","3.273","3.321","3.222","-1.51%"
"05/10/2023","3.297","3.337","3.349","3.267","-1.20%"
"05/09/2023","3.338","3.303","3.346","3.287","0.74%"
"05/08/2023","3.313","3.274","3.318","3.273","0.72%"
"05/05/2023","3.289","3.243","3.293","3.224","2.63%"
"05/04/2023","3.205","3.304","3.334","3.201","-2.90%"
"05/03/2023","3.301","3.288","3.305","3.257","0.57%"
"05/02/2023","3.282","3.373","3.386","3.274","-1.23%"
"04/28/2023","3.323","3.511","3.511","3.323","-4.59%"
"04/27/2023","3.483","3.431","3.483","3.409","2.55%"
"04/26/2023","3.396","3.420","3.430","3.356","-1.08%"
"04/25/2023","3.433","3.519","3.519","3.409","-2.32%"
"04/24/2023","3.515","3.452","3.520","3.444","0.73%"
"04/21/2023","3.489","3.443","3.503","3.429","1.30%"
"04/20/2023","3.444","3.464","3.507","3.438","-1.28%"
"04/19/2023","3.489","3.472","3.498","3.458","2.15%"
"04/18/2023","3.416","3.399","3.438","3.363","0.41%"
"04/17/2023","3.402","3.378","3.421","3.372","0.14%"
"04/14/2023","3.397","3.335","3.397","3.322","2.23%"
"04/13/2023","3.323","3.288","3.365","3.279","-0.29%"
"04/12/2023","3.333","3.286","3.364","3.194","2.09%"
"04/11/2023","3.264","3.168","3.274","3.154","5.67%"
"04/06/2023","3.089","3.102","3.111","3.028","0.43%"
"04/05/2023","3.076","3.194","3.207","3.056","-2.83%"
"04/04/2023","3.166","3.195","3.256","3.165","-0.47%"
"04/03/2023","3.181","3.212","3.245","3.176","0.20%"
"03/31/2023","3.174","3.270","3.298","3.174","-2.94%"
"03/30/2023","3.271","3.052","3.272","3.014","5.25%"
"03/29/2023","3.108","3.091","3.115","3.030","1.30%"
"03/28/2023","3.068","3.066","3.131","3.046","2.34%"
"03/27/2023","2.998","2.992","3.025","2.933","2.29%"
"03/26/2023","2.931","2.931","2.931","2.931","-0.20%"
"03/24/2023","2.936","3.076","3.117","2.868","-2.67%"
"03/23/2023","3.017","3.076","3.117","2.996","-3.40%"
"03/22/2023","3.123","3.076","3.179","3.033","4.19%"
"03/21/2023","2.997","2.919","3.031","2.909","4.22%"
"03/20/2023","2.876","2.911","2.968","2.859","-5.59%"
"03/17/2023","3.046","3.165","3.181","3.004","-2.55%"
"03/16/2023","3.126","3.237","3.244","3.007","0.37%"
"03/15/2023","3.114","3.504","3.521","3.104","-13.37%"
"03/14/2023","3.595","3.346","3.663","3.269","4.35%"
"03/13/2023","3.445","3.583","3.592","3.226","-5.64%"
"03/12/2023","3.651","3.649","3.651","3.649","-0.46%"
"03/10/2023","3.668","3.666","3.707","3.571","-2.29%"
"03/09/2023","3.754","3.867","3.872","3.747","-1.55%"
"03/08/2023","3.813","3.902","3.907","3.803","-1.47%"
"03/07/2023","3.870","3.892","3.910","3.766","-0.21%"
"03/06/2023","3.878","3.759","3.879","3.722","2.17%"
"03/05/2023","3.796","3.793","3.796","3.793","0.00%"
"03/03/2023","3.796","3.857","3.868","3.777","-1.63%"
"03/02/2023","3.859","3.865","3.866","3.763","1.02%"
"03/01/2023","3.820","3.736","3.820","3.694","4.37%"
"02/28/2023","3.660","3.693","3.737","3.641","1.05%"
"02/27/2023","3.622","3.635","3.677","3.615","-1.20%"
"02/26/2023","3.666","3.664","3.666","3.664","-0.14%"
"02/24/2023","3.671","3.501","3.681","3.476","4.35%"
"02/23/2023","3.518","3.568","3.577","3.497","-1.37%"
"02/22/2023","3.567","3.571","3.629","3.535","0.03%"
"02/21/2023","3.566","3.468","3.572","3.468","3.24%"
"02/20/2023","3.454","3.411","3.455","3.395","1.11%"
"02/19/2023","3.416","3.414","3.416","3.414","0.95%"
"02/18/2023","3.384","3.384","3.384","3.384","-1.20%"
"02/17/2023","3.425","3.542","3.558","3.401","0.00%"
"02/16/2023","3.425","3.380","3.471","3.380","0.32%"
"02/15/2023","3.414","3.350","3.434","3.328","1.82%"
"02/14/2023","3.353","3.231","3.356","3.220","3.30%"
"02/13/2023","3.246","3.297","3.322","3.243","-0.64%"
"02/12/2023","3.267","3.266","3.267","3.266","-0.58%"
"02/10/2023","3.286","3.270","3.310","3.235","2.40%"
"02/09/2023","3.209","3.217","3.217","3.164","-1.53%"
"02/08/2023","3.259","3.258","3.303","3.243","0.84%"
"02/07/2023","3.232","3.163","3.232","3.144","2.31%"
"02/06/2023","3.159","3.079","3.159","3.079","4.62%"
"02/05/2023","3.020","3.019","3.020","3.019","0.00%"
"02/03/2023","3.019","3.016","3.061","2.969","1.82%"
"02/02/2023","2.965","3.243","3.264","2.949","-9.96%"
"02/01/2023","3.293","3.250","3.304","3.223","0.86%"
"01/31/2023","3.265","3.245","3.308","3.234","-0.79%"
"01/30/2023","3.291","3.162","3.302","3.162","3.62%"
"01/29/2023","3.176","3.174","3.176","3.174","-0.25%"
"01/27/2023","3.184","3.151","3.207","3.147","1.08%"
"01/26/2023","3.150","3.072","3.152","3.056","2.34%"
"01/25/2023","3.078","3.131","3.152","2.989","2.46%"
"01/24/2023","3.004","3.070","3.083","2.999","-3.47%"
"01/23/2023","3.112","3.090","3.114","3.059","1.70%"
"01/20/2023","3.060","2.965","3.063","2.960","4.76%"
"01/19/2023","2.921","2.854","2.983","2.829","3.00%"
"01/18/2023","2.836","2.863","2.897","2.795","-0.84%"
"01/17/2023","2.860","3.025","3.040","2.832","-4.76%"
"01/16/2023","3.003","2.999","3.046","2.989","-0.56%"
"01/13/2023","3.020","2.994","3.020","2.927","0.37%"
"01/12/2023","3.009","3.019","3.045","2.929","-2.24%"
"01/11/2023","3.078","3.113","3.118","3.037","-1.63%"
"01/10/2023","3.129","3.116","3.171","3.107","1.96%"
"01/09/2023","3.069","3.107","3.156","3.059","-0.36%"
"01/06/2023","3.080","3.102","3.163","3.059","-1.41%"
"01/05/2023","3.124","3.086","3.129","3.064","2.12%"
"01/04/2023","3.059","3.129","3.141","3.050","-5.73%"
"01/03/2023","3.245","3.286","3.313","3.186","-0.55%"
"01/02/2023","3.263","3.285","3.296","3.190","-0.85%"
"12/30/2022","3.291","3.217","3.304","3.208","1.45%"
"12/29/2022","3.244","3.194","3.269","3.168","0.93%"
"12/28/2022","3.214","3.217","3.227","3.162","-2.31%"
"12/27/2022","3.290","3.178","3.290","3.159","6.56%"
"12/26/2022","3.088","3.069","3.088","3.069","-3.67%"
"12/23/2022","3.205","3.123","3.205","3.100","2.72%"
"12/22/2022","3.120","3.144","3.147","3.075","-0.06%"
"12/21/2022","3.122","3.166","3.178","3.081","-2.35%"
"12/20/2022","3.197","3.181","3.209","3.139","1.91%"
"12/19/2022","3.137","3.144","3.147","3.106","1.16%"
"12/16/2022","3.101","3.166","3.264","3.090","2.68%"
"12/15/2022","3.020","2.749","3.041","2.724","12.23%"
"12/14/2022","2.691","2.638","2.713","2.638","1.17%"
"12/13/2022","2.660","2.678","2.697","2.574","-1.26%"
"12/12/2022","2.694","2.675","2.703","2.644","1.58%"
"12/09/2022","2.652","2.559","2.661","2.555","3.96%"
"12/08/2022","2.551","2.486","2.553","2.471","2.66%"
"12/07/2022","2.485","2.588","2.595","2.476","-3.04%"
"12/06/2022","2.563","2.679","2.682","2.554","-3.47%"
"12/05/2022","2.655","2.622","2.664","2.605","1.72%"
"12/02/2022","2.610","2.546","2.643","2.485","2.88%"
"12/01/2022","2.537","2.628","2.639","2.503","-6.11%"
"11/30/2022","2.702","2.718","2.731","2.670","1.77%"
"11/29/2022","2.655","2.720","2.720","2.632","-4.26%"
"11/28/2022","2.773","2.729","2.812","2.707","1.43%"
"11/25/2022","2.734","2.695","2.761","2.670","4.23%"
"11/24/2022","2.623","2.686","2.692","2.609","-2.82%"
"11/23/2022","2.699","2.781","2.797","2.663","-0.74%"
"11/22/2022","2.719","2.759","2.780","2.709","-0.15%"
"11/21/2022","2.723","2.680","2.728","2.657","3.22%"
"11/19/2022","2.638","2.638","2.638","2.638","-0.45%"
"11/18/2022","2.650","2.712","2.792","2.630","-1.67%"
"11/17/2022","2.695","2.687","2.752","2.655","0.52%"
"11/16/2022","2.681","2.727","2.732","2.653","-1.36%"
"11/15/2022","2.718","2.761","2.802","2.700","-1.95%"
"11/14/2022","2.772","2.863","2.874","2.770","-1.74%"
"11/11/2022","2.821","2.628","2.847","2.628","9.43%"
"11/10/2022","2.578","2.838","2.898","2.561","-8.29%"
"11/09/2022","2.811","2.842","2.923","2.808","-2.43%"
"11/08/2022","2.881","2.956","2.975","2.870","-1.74%"
"11/07/2022","2.932","2.934","2.942","2.865","1.21%"
"11/04/2022","2.897","2.850","2.935","2.812","1.29%"
"11/03/2022","2.860","2.876","2.890","2.787","3.85%"
"11/02/2022","2.754","2.713","2.791","2.621","0.99%"
"11/01/2022","2.727","2.713","2.741","2.621","-0.94%"
"10/31/2022","2.753","2.677","2.767","2.674","4.00%"
"10/28/2022","2.647","2.510","2.694","2.489","9.15%"
"10/27/2022","2.425","2.798","2.854","2.417","-11.79%"
"10/26/2022","2.749","2.793","2.838","2.725","-0.33%"
"10/25/2022","2.758","2.848","2.884","2.744","-5.29%"
"10/24/2022","2.912","2.974","3.033","2.894","-4.08%"
"10/21/2022","3.036","3.166","3.196","3.036","-1.17%"
"10/20/2022","3.072","3.187","3.193","3.049","-0.45%"
"10/19/2022","3.086","3.027","3.149","3.011","3.98%"
"10/18/2022","2.968","2.975","3.033","2.921","0.27%"
"10/17/2022","2.960","2.996","3.119","2.939","-0.32%"
"10/16/2022","2.970","2.970","2.970","2.970","-0.98%"
"10/14/2022","2.999","2.903","3.004","2.836","1.59%"
"10/13/2022","2.952","2.992","3.090","2.870","-1.53%"
"10/12/2022","2.998","2.940","3.042","2.890","2.78%"
"10/11/2022","2.917","3.001","3.007","2.911","0.41%"
"10/10/2022","2.905","3.170","3.170","2.887","-6.50%"
"10/07/2022","3.107","3.022","3.131","2.936","6.15%"
"10/06/2022","2.927","2.832","2.941","2.801","4.91%"
"10/05/2022","2.790","2.629","2.825","2.622","8.27%"
"10/04/2022","2.577","2.554","2.616","2.453","-2.16%"
"10/03/2022","2.634","2.931","2.944","2.623","-8.03%"
"09/30/2022","2.864","2.931","2.934","2.838","-4.88%"
"09/29/2022","3.011","3.121","3.154","2.969","-1.54%"
"09/28/2022","3.058","3.346","3.390","3.040","-6.88%"
"09/27/2022","3.284","3.257","3.304","3.105","4.45%"
"09/26/2022","3.144","3.141","3.184","3.048","3.52%"
"09/23/2022","3.037","2.831","3.043","2.760","8.19%"
"09/22/2022","2.807","2.886","2.895","2.726","2.15%"
"09/21/2022","2.748","2.699","2.765","2.656","1.18%"
"09/20/2022","2.716","2.654","2.758","2.622","3.35%"
"09/19/2022","2.628","2.571","2.660","2.571","1.23%"
"09/17/2022","2.596","2.596","2.596","2.596","-0.19%"
"09/16/2022","2.601","2.633","2.670","2.596","1.17%"
"09/15/2022","2.571","2.549","2.589","2.494","3.00%"
"09/14/2022","2.496","2.431","2.543","2.430","1.75%"
"09/13/2022","2.453","2.439","2.477","2.330","2.00%"
"09/12/2022","2.405","2.476","2.520","2.365","-1.15%"
"09/09/2022","2.433","2.404","2.462","2.317","5.83%"
"09/08/2022","2.299","2.142","2.313","2.099","6.83%"
"09/07/2022","2.152","2.215","2.223","2.108","-2.18%"
"09/06/2022","2.200","2.189","2.219","2.068","-0.05%"
"09/05/2022","2.201","2.190","2.315","2.189","2.61%"
"09/02/2022","2.145","2.228","2.289","2.080","-5.51%"
"09/01/2022","2.270","2.276","2.315","2.208","2.53%"
"08/31/2022","2.214","2.083","2.302","2.061","5.38%"
"08/30/2022","2.101","2.043","2.139","1.984","2.44%"
"08/29/2022","2.051","2.080","2.145","2.020","7.44%"
"08/26/2022","1.909","1.781","1.969","1.778","7.73%"
"08/25/2022","1.772","1.898","1.912","1.745","-7.03%"
"08/24/2022","1.906","1.918","1.952","1.837","2.58%"
"08/23/2022","1.858","1.853","1.938","1.838","-1.12%"
"08/22/2022","1.879","1.715","1.880","1.706","7.83%"
"08/20/2022","1.742","1.742","1.742","1.742","-0.26%"
"08/19/2022","1.747","1.707","1.795","1.685","7.11%"
"08/18/2022","1.631","1.701","1.722","1.610","0.93%"
"08/17/2022","1.616","1.418","1.629","1.418","14.20%"
"08/16/2022","1.415","1.295","1.433","1.295","9.01%"
"08/15/2022","1.298","1.319","1.409","1.279","-2.70%"
"08/12/2022","1.334","1.295","1.353","1.284","3.57%"
"08/11/2022","1.288","1.257","1.301","1.200","-1.23%"
"08/10/2022","1.304","1.359","1.391","1.252","-4.33%"
"08/09/2022","1.363","1.329","1.403","1.306","1.11%"
"08/08/2022","1.348","1.240","1.352","1.197","4.09%"
"08/05/2022","1.295","1.240","1.299","1.197","4.60%"
"08/04/2022","1.238","1.311","1.347","1.227","-5.78%"
"08/03/2022","1.314","1.347","1.402","1.311","0.69%"
"08/02/2022","1.305","1.191","1.334","1.148","5.24%"
"08/01/2022","1.240","1.403","1.403","1.212","-8.89%"
"07/30/2022","1.361","1.361","1.361","1.361","-3.41%"
"07/29/2022","1.409","1.546","1.626","1.382","-8.09%"
"07/28/2022","1.533","1.765","1.773","1.521","-10.72%"
"07/27/2022","1.717","1.685","1.739","1.672","6.51%"
"07/26/2022","1.612","1.660","1.700","1.609","20.30%"
"07/25/2022","1.340","1.356","1.408","1.317","-1.76%"
"07/22/2022","1.364","1.651","1.652","1.301","-16.47%"
"07/21/2022","1.633","1.535","1.715","1.508","13.48%"
"07/20/2022","1.439","1.226","1.461","1.193","4.81%"
"07/19/2022","1.373","1.226","1.377","1.223","10.02%"
"07/18/2022","1.248","1.334","1.383","1.242","-5.02%"
"07/15/2022","1.314","1.317","1.344","1.241","3.79%"
"07/14/2022","1.266","1.187","1.372","1.187","18.43%"
"07/13/2022","1.069","1.026","1.122","1.007","8.86%"
"07/12/2022","0.982","1.068","1.068","0.964","-4.20%"
"07/11/2022","1.025","1.058","1.068","0.998","-5.00%"
"07/08/2022","1.079","1.067","1.085","1.028","-2.71%"
"07/07/2022","1.109","1.007","1.130","1.003","14.09%"
"07/06/2022","0.972","1.031","1.031","0.897","-4.33%"
"07/05/2022","1.016","1.080","1.105","1.007","-7.47%"
"07/04/2022","1.098","1.072","1.132","1.065","7.12%"
"07/01/2022","1.025","1.221","1.272","0.945","-16.80%"
"06/30/2022","1.232","1.306","1.306","1.187","-6.53%"
"06/29/2022","1.318","1.349","1.408","1.314","-8.09%"
"06/28/2022","1.434","1.437","1.499","1.431","0.07%"
"06/27/2022","1.433","1.389","1.464","1.377","7.30%"
"06/25/2022","1.336","1.336","1.336","1.336","-2.59%"
"06/24/2022","1.371","1.337","1.420","1.276","4.58%"
"06/23/2022","1.311","1.493","1.493","1.291","-10.63%"
"06/22/2022","1.467","1.582","1.589","1.434","-6.50%"
"06/21/2022","1.569","1.597","1.615","1.531","-1.88%"
"06/20/2022","1.599","1.575","1.607","1.508","2.76%"
"06/17/2022","1.556","1.657","1.698","1.505","-8.04%"
"06/16/2022","1.692","1.706","1.850","1.679","-0.53%"
"06/15/2022","1.701","1.788","1.924","1.652","-19.08%"
"06/14/2022","2.102","1.995","2.122","1.960","5.63%"
"06/13/2022","1.990","1.824","2.005","1.755","20.53%"
"06/10/2022","1.651","1.473","1.656","1.449","19.29%"
"06/09/2022","1.384","1.176","1.397","1.144","17.29%"
"06/08/2022","1.180","1.164","1.205","1.143","0.51%"
"06/07/2022","1.174","1.241","1.241","1.155","-2.89%"
"06/06/2022","1.209","1.122","1.260","1.117","-3.05%"
"06/03/2022","1.247","1.198","1.259","1.171","4.97%"
"06/02/2022","1.188","1.095","1.206","1.095","7.80%"
"06/01/2022","1.102","1.027","1.103","1.013","9.22%"
"05/31/2022","1.009","0.938","1.045","0.904","8.96%"
"05/30/2022","0.926","0.889","0.988","0.889","12.11%"
"05/29/2022","0.826","0.826","0.826","0.826","-0.48%"
"05/27/2022","0.830","0.821","0.879","0.802","1.34%"
"05/26/2022","0.819","0.855","0.870","0.799","-9.00%"
"05/25/2022","0.900","0.947","0.949","0.885","-5.06%"
"05/24/2022","0.948","1.035","1.040","0.939","-5.67%"
"05/23/2022","1.005","0.962","1.008","0.925","4.04%"
"05/20/2022","0.966","0.959","0.985","0.941","4.21%"
"05/19/2022","0.927","0.971","0.975","0.891","-0.75%"
"05/18/2022","0.934","0.937","0.965","0.880","3.43%"
"05/17/2022","0.903","0.822","0.928","0.777","15.62%"
"05/16/2022","0.781","0.768","0.840","0.766","5.68%"
"05/14/2022","0.739","0.739","0.739","0.739","-1.07%"
"05/13/2022","0.747","0.709","0.767","0.689","10.34%"
"05/12/2022","0.677","0.729","0.735","0.658","-13.21%"
"05/11/2022","0.780","0.896","0.924","0.780","-14.00%"
"05/10/2022","0.907","1.030","1.030","0.862","-11.43%"
"05/09/2022","1.024","1.123","1.140","1.017","-4.12%"
"05/06/2022","1.068","1.005","1.079","0.973","8.10%"
"05/05/2022","0.988","0.897","0.988","0.791","4.66%"
"05/04/2022","0.944","0.884","0.960","0.858","11.45%"
"05/03/2022","0.847","0.783","0.848","0.783","10.14%"
"05/02/2022","0.769","0.752","0.785","0.715","6.95%"
"04/29/2022","0.719","0.646","0.738","0.631","11.99%"
"04/28/2022","0.642","0.550","0.665","0.484","20.68%"
"04/27/2022","0.532","0.540","0.590","0.512","0.95%"
"04/26/2022","0.527","0.540","0.561","0.512","2.33%"
"04/25/2022","0.515","0.559","0.601","0.509","-14.74%"
"04/22/2022","0.604","0.487","0.604","0.485","19.37%"
"04/21/2022","0.506","0.469","0.506","0.434","25.87%"
"04/20/2022","0.402","0.431","0.439","0.371","-5.63%"
"04/19/2022","0.426","0.425","0.476","0.403","4.16%"
"04/18/2022","0.409","0.416","0.416","0.409","1.74%"
"04/15/2022","0.402","0.416","0.416","0.396","-8.64%"
"04/14/2022","0.440","0.449","0.455","0.366","4.02%"
"04/13/2022","0.423","0.495","0.512","0.407","-6.21%"
"04/12/2022","0.451","0.558","0.566","0.442","-18.00%"
"04/11/2022","0.550","0.533","0.551","0.485","10.66%"
"04/08/2022","0.497","0.406","0.506","0.395","19.18%"
"04/07/2022","0.417","0.371","0.469","0.338","2.71%"
"04/06/2022","0.406","0.440","0.475","0.403","-5.14%"
"04/05/2022","0.428","0.361","0.436","0.361","24.78%"
"04/04/2022","0.343","0.340","0.366","0.300","1.48%"
"04/01/2022","0.338","0.336","0.375","0.312","8.33%"
"03/31/2022","0.312","0.367","0.369","0.298","-15.90%"
"03/30/2022","0.371","0.314","0.411","0.314","24.08%"
"03/29/2022","0.299","0.267","0.383","0.267","16.34%"
"03/28/2022","0.257","0.243","0.315","0.224","24.15%"
"03/25/2022","0.207","0.197","0.217","0.159","3.50%"
"03/24/2022","0.200","0.141","0.212","0.130","41.84%"
"03/23/2022","0.141","0.146","0.194","0.107","-14.55%"
"03/22/2022","0.165","0.170","0.201","0.161","14.58%"
"03/21/2022","0.144","0.167","0.167","0.104","69.41%"
"03/18/2022","0.085","0.111","0.133","0.066","-21.30%"
"03/17/2022","0.108","0.108","0.131","0.090","-3.57%"
"03/16/2022","0.112","0.133","0.145","0.082","-6.67%"
"03/15/2022","0.120","0.170","0.179","0.097","-34.07%"
"03/14/2022","0.182","0.173","0.206","0.161","27.27%"
"03/11/2022","0.143","0.177","0.200","0.139","-28.14%"
"03/10/2022","0.199","-0.003","0.221","-0.053","-1,521.43%"
"03/09/2022","-0.014","-0.067","-0.003","-0.110","-83.53%"
"03/08/2022","-0.085","-0.065","-0.053","-0.121","54.55%"
"03/07/2022","-0.055","-0.098","-0.039","-0.110","-55.65%"
"03/04/2022","-0.124","-0.119","-0.086","-0.157","31.91%"
"03/03/2022","-0.094","-0.126","-0.031","-0.126","-15.32%"
"03/02/2022","-0.111","-0.221","-0.088","-0.221","-59.78%"
"03/01/2022","-0.276","-0.040","-0.040","-0.291","13,700.00%"
"02/28/2022","-0.002","0.078","0.109","-0.002","-101.72%"
"02/25/2022","0.116","0.070","0.116","0.046","90.16%"
"02/24/2022","0.061","0.174","0.186","0.027","-67.72%"
"02/23/2022","0.189","0.184","0.220","0.165","22.73%"
"02/22/2022","0.154","0.120","0.188","0.118","3.36%"
"02/21/2022","0.149","0.134","0.162","0.115","22.13%"
"02/18/2022","0.122","0.147","0.161","0.090","-3.17%"
"02/17/2022","0.126","0.199","0.213","0.126","-38.54%"
"02/16/2022","0.205","0.290","0.294","0.187","-20.85%"
"02/15/2022","0.259","0.283","0.320","0.255","-15.91%"
"02/14/2022","0.308","0.301","0.314","0.276","-6.10%"
"02/11/2022","0.328","0.316","0.346","0.277","12.71%"
"02/10/2022","0.291","0.251","0.303","0.216","29.91%"
"02/09/2022","0.224","0.264","0.316","0.217","-28.66%"
"02/08/2022","0.314","0.368","0.368","0.235","0.32%"
"02/07/2022","0.313","0.352","0.458","0.302","1.29%"
"02/04/2022","0.309","0.290","0.338","0.207","69.78%"
"02/03/2022","0.182","-0.023","0.183","-0.038","-555.00%"
"02/02/2022","-0.040","-0.074","-0.019","-0.087","-43.66%"
"02/01/2022","-0.071","-0.101","-0.055","-0.119","-31.73%"
"01/31/2022","-0.104","-0.166","-0.070","-0.166","-14.05%"
"01/28/2022","-0.121","-0.099","-0.073","-0.128","7.08%"
"01/27/2022","-0.113","-0.068","-0.056","-0.125","16.49%"
"01/26/2022","-0.097","-0.126","-0.082","-0.126","-21.14%"
"01/25/2022","-0.123","-0.122","-0.116","-0.142","3.36%"
"01/24/2022","-0.119","-0.124","-0.119","-0.146","-7.39%"
"01/22/2022","-0.128","-0.128","-0.128","-0.128","6.20%"
"01/21/2022","-0.121","-0.114","-0.101","-0.135","26.04%"
"01/20/2022","-0.096","-0.088","-0.088","-0.117","2.13%"
"01/19/2022","-0.094","-0.074","-0.066","-0.106","-3.09%"
"01/18/2022","-0.097","-0.099","-0.078","-0.116","-1.02%"
"01/17/2022","-0.098","-0.098","-0.094","-0.118","-10.09%"
"01/14/2022","-0.109","-0.126","-0.104","-0.127","-13.49%"
"01/13/2022","-0.126","-0.113","-0.103","-0.136","4.13%"
"01/12/2022","-0.121","-0.096","-0.090","-0.140","31.52%"
"01/11/2022","-0.092","-0.087","-0.080","-0.106","-7.07%"
"01/10/2022","-0.099","-0.073","-0.066","-0.112","25.32%"
"01/07/2022","-0.079","-0.069","-0.064","-0.100","2.60%"
"01/06/2022","-0.077","-0.086","-0.040","-0.091","-19.79%"
"01/05/2022","-0.096","-0.098","-0.072","-0.117","-9.43%"
"01/04/2022","-0.106","-0.094","-0.078","-0.119","20.45%"
"01/03/2022","-0.088","-0.075","-0.052","-0.104","18.92%"
"12/31/2021","-0.074","-0.084","-0.074","-0.084","-7.50%"
"12/30/2021","-0.080","-0.098","-0.059","-0.112","-11.11%"
"12/29/2021","-0.090","-0.107","-0.045","-0.112","-19.64%"
"12/28/2021","-0.112","-0.097","-0.017","-0.112","8.74%"
"12/27/2021","-0.103","-0.119","-0.047","-0.119","-18.90%"
"12/24/2021","-0.127","-0.141","-0.127","-0.141","-9.93%"
"12/23/2021","-0.141","-0.178","-0.117","-0.180","-30.20%"
"12/22/2021","-0.202","-0.237","-0.168","-0.240","-15.48%"
"12/21/2021","-0.239","-0.277","-0.227","-0.280","-15.25%"
"12/20/2021","-0.282","-0.292","-0.243","-0.307","-3.75%"
"12/17/2021","-0.293","-0.267","-0.239","-0.293","18.15%"
"12/16/2021","-0.248","-0.282","-0.203","-0.282","-8.82%"
"12/15/2021","-0.272","-0.287","-0.244","-0.293","-5.23%"
"12/14/2021","-0.287","-0.327","-0.265","-0.347","-11.69%"
"12/13/2021","-0.325","-0.291","-0.239","-0.332","12.07%"
"12/10/2021","-0.290","-0.243","-0.243","-0.303","13.28%"
"12/09/2021","-0.256","-0.239","-0.230","-0.271","13.78%"
"12/08/2021","-0.225","-0.275","-0.219","-0.297","-21.33%"
"12/07/2021","-0.286","-0.284","-0.277","-0.303","-12.00%"
"12/06/2021","-0.325","-0.292","-0.285","-0.330","16.91%"
"12/03/2021","-0.278","-0.280","-0.257","-0.306","-0.71%"
"12/02/2021","-0.280","-0.228","-0.225","-0.301","22.81%"
"12/01/2021","-0.228","-0.287","-0.219","-0.287","-21.92%"
"11/30/2021","-0.292","-0.318","-0.291","-0.333","-41.60%"
"11/29/2021","-0.500","-0.512","-0.491","-0.515","-3.94%"
"11/27/2021","-0.521","-0.521","-0.521","-0.521","2.26%"
"11/26/2021","-0.509","-0.499","-0.494","-0.518","7.16%"
"11/25/2021","-0.475","-0.498","-0.466","-0.509","-1.45%"
"11/24/2021","-0.482","-0.491","-0.467","-0.499","0.21%"
"11/23/2021","-0.481","-0.528","-0.481","-0.529","-9.59%"
"11/22/2021","-0.532","-0.569","-0.528","-0.581","-7.72%"
"11/20/2021","-0.576","-0.576","-0.576","-0.576","2.04%"
"11/19/2021","-0.565","-0.521","-0.498","-0.569","5.61%"
"11/18/2021","-0.535","-0.511","-0.487","-0.537","7.00%"
"11/17/2021","-0.500","-0.501","-0.486","-0.511","0.40%"
"11/16/2021","-0.498","-0.474","-0.462","-0.502","3.75%"
"11/15/2021","-0.480","-0.520","-0.480","-0.522","-3.81%"
"11/12/2021","-0.499","-0.491","-0.460","-0.505","1.63%"
"11/11/2021","-0.491","-0.496","-0.481","-0.514","-4.10%"
"11/10/2021","-0.512","-0.561","-0.511","-0.567","-10.49%"
"11/09/2021","-0.572","-0.551","-0.533","-0.574","4.38%"
"11/08/2021","-0.548","-0.544","-0.507","-0.555","0.37%"
"11/05/2021","-0.546","-0.512","-0.487","-0.555","6.64%"
"11/04/2021","-0.512","-0.462","-0.444","-0.522","14.29%"
"11/03/2021","-0.448","-0.458","-0.434","-0.471","0.00%"
"11/02/2021","-0.448","-0.342","-0.340","-0.450","44.05%"
"11/01/2021","-0.311","-0.305","-0.274","-0.332","0.00%"
"10/30/2021","-0.311","-0.311","-0.311","-0.311","5.42%"
"10/29/2021","-0.295","-0.307","-0.276","-0.339","-20.27%"
"10/28/2021","-0.370","-0.410","-0.339","-0.412","-17.04%"
"10/27/2021","-0.446","-0.456","-0.417","-0.466","0.45%"
"10/26/2021","-0.444","-0.442","-0.408","-0.450","1.60%"
"10/25/2021","-0.437","-0.430","-0.392","-0.439","4.55%"
"10/23/2021","-0.418","-0.418","-0.418","-0.418","1.70%"
"10/22/2021","-0.411","-0.410","-0.382","-0.417","-3.07%"
"10/21/2021","-0.424","-0.436","-0.423","-0.447","-1.62%"
"10/20/2021","-0.431","-0.414","-0.386","-0.436","3.36%"
"10/19/2021","-0.417","-0.454","-0.386","-0.455","-5.44%"
"10/18/2021","-0.441","-0.453","-0.415","-0.457","-6.37%"
"10/15/2021","-0.471","-0.481","-0.435","-0.481","-3.48%"
"10/14/2021","-0.488","-0.462","-0.440","-0.489","2.74%"
"10/13/2021","-0.475","-0.466","-0.442","-0.479","1.93%"
"10/12/2021","-0.466","-0.465","-0.445","-0.478","-0.21%"
"10/11/2021","-0.467","-0.476","-0.439","-0.480","-3.31%"
"10/08/2021","-0.483","-0.477","-0.433","-0.499","-0.82%"
"10/07/2021","-0.487","-0.489","-0.462","-0.499","2.96%"
"10/06/2021","-0.473","-0.469","-0.438","-0.478","-1.46%"
"10/05/2021","-0.480","-0.481","-0.457","-0.496","0.42%"
"10/04/2021","-0.478","-0.477","-0.442","-0.485","0.63%"
"10/01/2021","-0.475","-0.455","-0.447","-0.483","6.26%"
"09/30/2021","-0.447","-0.454","-0.447","-0.465","-2.19%"
"09/29/2021","-0.457","-0.451","-0.429","-0.465","2.24%"
"09/28/2021","-0.447","-0.454","-0.420","-0.462","-3.66%"
"09/27/2021","-0.464","-0.472","-0.424","-0.478","-3.13%"
"09/25/2021","-0.479","-0.479","-0.479","-0.479","1.91%"
"09/24/2021","-0.470","-0.483","-0.441","-0.484","-8.56%"
"09/23/2021","-0.514","-0.502","-0.481","-0.518","0.19%"
"09/22/2021","-0.513","-0.502","-0.490","-0.524","2.81%"
"09/21/2021","-0.499","-0.491","-0.463","-0.507","2.89%"
"09/20/2021","-0.485","-0.472","-0.447","-0.491","0.00%"
"09/19/2021","-0.485","-0.485","-0.485","-0.485","1.68%"
"09/17/2021","-0.477","-0.477","-0.447","-0.487","-1.45%"
"09/16/2021","-0.484","-0.482","-0.460","-0.494","-0.21%"
"09/15/2021","-0.485","-0.503","-0.460","-0.503","-3.96%"
"09/14/2021","-0.505","-0.484","-0.465","-0.505","4.12%"
"09/13/2021","-0.485","-0.479","-0.451","-0.496","-0.41%"
"09/12/2021","-0.487","-0.487","-0.487","-0.487","1.25%"
"09/11/2021","-0.481","-0.481","-0.481","-0.481","0.00%"
"09/10/2021","-0.481","-0.491","-0.453","-0.492","-2.24%"
"09/09/2021","-0.492","-0.458","-0.433","-0.498","7.42%"
"09/08/2021","-0.458","-0.458","-0.439","-0.471","-1.51%"
"09/07/2021","-0.465","-0.490","-0.465","-0.491","-7.19%"
"09/06/2021","-0.501","-0.496","-0.467","-0.503","2.04%"
"09/03/2021","-0.491","-0.503","-0.466","-0.507","-2.77%"
"09/02/2021","-0.505","-0.491","-0.479","-0.513","4.12%"
"09/01/2021","-0.485","-0.469","-0.446","-0.487","3.85%"
"08/31/2021","-0.467","-0.506","-0.465","-0.508","-7.34%"
"08/30/2021","-0.504","-0.489","-0.464","-0.505","2.02%"
"08/27/2021","-0.494","-0.488","-0.449","-0.496","2.92%"
"08/26/2021","-0.480","-0.471","-0.431","-0.480","1.27%"
"08/25/2021","-0.474","-0.509","-0.465","-0.512","-6.88%"
"08/24/2021","-0.509","-0.487","-0.467","-0.511","4.09%"
"08/23/2021","-0.489","-0.509","-0.457","-0.513","-2.78%"
"08/20/2021","-0.503","-0.501","-0.474","-0.509","2.44%"
"08/19/2021","-0.491","-0.498","-0.453","-0.499","-0.61%"
"08/18/2021","-0.494","-0.487","-0.460","-0.499","2.49%"
"08/17/2021","-0.482","-0.491","-0.449","-0.498","-0.82%"
"08/16/2021","-0.486","-0.489","-0.446","-0.491","-0.41%"
"08/13/2021","-0.488","-0.494","-0.450","-0.498","-0.20%"
"08/12/2021","-0.489","-0.491","-0.455","-0.499","0.20%"
"08/11/2021","-0.488","-0.473","-0.456","-0.502","-1.81%"
"08/10/2021","-0.497","-0.490","-0.461","-0.500","1.22%"
"08/09/2021","-0.491","-0.447","-0.447","-0.493","2.29%"
"08/06/2021","-0.480","-0.460","-0.443","-0.488","-3.42%"
"08/05/2021","-0.497","-0.488","-0.456","-0.501","1.02%"
"08/04/2021","-0.492","-0.487","-0.455","-0.498","2.29%"
"08/03/2021","-0.481","-0.474","-0.434","-0.487","1.05%"
"08/02/2021","-0.476","-0.448","-0.425","-0.477","7.69%"
"07/30/2021","-0.442","-0.444","-0.418","-0.449","-0.45%"
"07/29/2021","-0.444","-0.449","-0.411","-0.451","0.00%"
"07/28/2021","-0.444","-0.440","-0.402","-0.444","2.30%"
"07/27/2021","-0.434","-0.439","-0.399","-0.440","-0.91%"
"07/26/2021","-0.438","-0.446","-0.406","-0.449","-1.57%"
"07/23/2021","-0.445","-0.433","-0.402","-0.446","3.49%"
"07/22/2021","-0.430","-0.416","-0.375","-0.430","5.39%"
"07/21/2021","-0.408","-0.407","-0.382","-0.410","0.49%"
"07/20/2021","-0.406","-0.407","-0.382","-0.411","1.25%"
"07/19/2021","-0.401","-0.403","-0.370","-0.413","-0.50%"
"07/16/2021","-0.403","-0.402","-0.392","-0.412","3.07%"
"07/15/2021","-0.391","-0.401","-0.386","-0.403","-1.51%"
"07/14/2021","-0.397","-0.394","-0.324","-0.401","0.00%"
"07/13/2021","-0.397","-0.356","-0.343","-0.399","3.93%"
"07/12/2021","-0.382","-0.379","-0.310","-0.389","1.87%"
"07/09/2021","-0.375","-0.377","-0.303","-0.380","0.27%"
"07/08/2021","-0.374","-0.390","-0.341","-0.393","-3.36%"
"07/07/2021","-0.387","-0.367","-0.321","-0.399","-0.26%"
"07/06/2021","-0.388","-0.377","-0.307","-0.389","2.92%"
"07/05/2021","-0.377","-0.380","-0.338","-0.382","-4.80%"
"07/04/2021","-0.396","-0.396","-0.396","-0.396","3.12%"
"07/02/2021","-0.384","-0.373","-0.302","-0.388","2.67%"
"07/01/2021","-0.374","-0.330","-0.295","-0.374","4.18%"
"06/30/2021","-0.359","-0.333","-0.277","-0.359","8.46%"
"06/29/2021","-0.331","-0.327","-0.258","-0.337","2.16%"
"06/28/2021","-0.324","-0.300","-0.275","-0.326","4.85%"
"06/26/2021","-0.309","-0.309","-0.309","-0.309","2.32%"
"06/25/2021","-0.302","-0.293","-0.272","-0.319","-4.73%"
"06/24/2021","-0.317","-0.290","-0.277","-0.322","0.96%"
"06/23/2021","-0.314","-0.313","-0.293","-0.326","-0.32%"
"06/22/2021","-0.315","-0.313","-0.277","-0.327","-0.94%"
"06/21/2021","-0.318","-0.337","-0.290","-0.338","-7.56%"
"06/20/2021","-0.344","-0.344","-0.344","-0.344","0.00%"
"06/19/2021","-0.344","-0.345","-0.344","-0.345","2.08%"
"06/18/2021","-0.337","-0.373","-0.329","-0.375","-9.16%"
"06/17/2021","-0.371","-0.381","-0.338","-0.387","-7.02%"
"06/16/2021","-0.399","-0.381","-0.349","-0.401","5.00%"
"06/15/2021","-0.380","-0.392","-0.341","-0.394","-0.52%"
"06/14/2021","-0.382","-0.400","-0.370","-0.401","-4.74%"
"06/11/2021","-0.401","-0.399","-0.374","-0.405","3.62%"
"06/10/2021","-0.387","-0.381","-0.339","-0.392","1.84%"
"06/09/2021","-0.380","-0.374","-0.366","-0.400","1.06%"
"06/08/2021","-0.376","-0.354","-0.326","-0.379","7.12%"
"06/07/2021","-0.351","-0.357","-0.330","-0.364","-0.99%"
"06/05/2021","-0.354","-0.354","-0.354","-0.354","2.75%"
"06/04/2021","-0.345","-0.346","-0.312","-0.359","2.68%"
"06/03/2021","-0.336","-0.345","-0.303","-0.351","-2.61%"
"06/02/2021","-0.345","-0.332","-0.265","-0.345","3.29%"
"06/01/2021","-0.334","-0.319","-0.257","-0.341","5.03%"
"05/31/2021","-0.318","-0.314","-0.242","-0.322","1.92%"
"05/28/2021","-0.312","-0.292","-0.267","-0.318","4.00%"
"05/27/2021","-0.300","-0.293","-0.258","-0.306","0.33%"
"05/26/2021","-0.299","-0.288","-0.251","-0.299","8.33%"
"05/25/2021","-0.276","-0.260","-0.205","-0.282","9.96%"
"05/24/2021","-0.251","-0.220","-0.180","-0.261","3.72%"
"05/21/2021","-0.242","-0.242","-0.177","-0.267","0.00%"
"05/20/2021","-0.242","-0.192","-0.142","-0.242","19.21%"
"05/19/2021","-0.203","-0.200","-0.155","-0.208","-3.79%"
"05/18/2021","-0.211","-0.199","-0.141","-0.220","5.50%"
"05/17/2021","-0.200","-0.219","-0.124","-0.223","-6.10%"
"05/14/2021","-0.213","-0.224","-0.141","-0.224","-25.89%"
"05/13/2021","-0.287","-0.292","-0.226","-0.292","-3.23%"
"05/12/2021","-0.297","-0.311","-0.292","-0.319","-2.72%"
"05/11/2021","-0.305","-0.329","-0.298","-0.329","-9.59%"
"05/10/2021","-0.338","-0.312","-0.269","-0.338","6.50%"
"05/07/2021","-0.317","-0.340","-0.283","-0.344","-6.24%"
"05/06/2021","-0.338","-0.354","-0.305","-0.354","-2.34%"
"05/05/2021","-0.346","-0.357","-0.308","-0.358","-3.24%"
"05/04/2021","-0.358","-0.348","-0.276","-0.360","4.25%"
"05/03/2021","-0.343","-0.335","-0.304","-0.348","4.44%"
"04/30/2021","-0.329","-0.315","-0.292","-0.332","6.24%"
"04/29/2021","-0.309","-0.323","-0.302","-0.324","-2.73%"
"04/28/2021","-0.318","-0.313","-0.301","-0.320","1.11%"
"04/27/2021","-0.315","-0.331","-0.268","-0.331","-6.51%"
"04/26/2021","-0.336","-0.329","-0.286","-0.340","-1.35%"
"04/23/2021","-0.341","-0.357","-0.290","-0.363","-2.46%"
"04/22/2021","-0.350","-0.355","-0.340","-0.360","-1.55%"
"04/21/2021","-0.355","-0.346","-0.325","-0.363","3.53%"
"04/20/2021","-0.343","-0.338","-0.293","-0.343","0.85%"
"04/19/2021","-0.340","-0.349","-0.294","-0.362","-2.27%"
"04/16/2021","-0.348","-0.348","-0.296","-0.356","-1.11%"
"04/15/2021","-0.352","-0.331","-0.298","-0.355","5.64%"
"04/14/2021","-0.333","-0.361","-0.306","-0.363","-6.03%"
"04/13/2021","-0.355","-0.355","-0.277","-0.360","-3.51%"
"04/12/2021","-0.368","-0.362","-0.317","-0.376","9.05%"
"04/09/2021","-0.337","-0.379","-0.309","-0.381","-12.65%"
"04/08/2021","-0.386","-0.384","-0.322","-0.392","3.38%"
"04/07/2021","-0.373","-0.374","-0.314","-0.383","1.25%"
"04/06/2021","-0.369","-0.394","-0.321","-0.394","-9.43%"
"04/05/2021","-0.407","-0.407","-0.407","-0.407","0.00%"
"04/02/2021","-0.407","-0.407","-0.407","-0.407","8.61%"
"04/01/2021","-0.375","-0.380","-0.331","-0.400","-0.42%"
"03/31/2021","-0.377","-0.348","-0.326","-0.382","1.78%"
"03/30/2021","-0.370","-0.361","-0.302","-0.381","-5.20%"
"03/29/2021","-0.391","-0.409","-0.329","-0.411","-0.23%"
"03/26/2021","-0.391","-0.407","-0.341","-0.410","-2.71%"
"03/25/2021","-0.402","-0.413","-0.363","-0.417","1.36%"
"03/24/2021","-0.397","-0.413","-0.349","-0.417","-2.65%"
"03/23/2021","-0.408","-0.393","-0.326","-0.408","4.94%"
"03/22/2021","-0.389","-0.393","-0.322","-0.393","-0.66%"
"03/19/2021","-0.391","-0.385","-0.331","-0.394","3.49%"
"03/18/2021","-0.378","-0.354","-0.329","-0.379","7.11%"
"03/17/2021","-0.353","-0.387","-0.299","-0.389","-5.06%"
"03/16/2021","-0.372","-0.390","-0.337","-0.395","-4.55%"
"03/15/2021","-0.389","-0.382","-0.324","-0.390","3.62%"
"03/12/2021","-0.376","-0.389","-0.317","-0.394","-0.40%"
"03/11/2021","-0.377","-0.378","-0.317","-0.400","7.22%"
"03/10/2021","-0.352","-0.366","-0.289","-0.370","-2.92%"
"03/09/2021","-0.362","-0.341","-0.306","-0.371","-3.10%"
"03/08/2021","-0.374","-0.365","-0.298","-0.387","1.36%"
"03/05/2021","-0.369","-0.349","-0.317","-0.375","0.27%"
"03/04/2021","-0.368","-0.356","-0.286","-0.376","13.58%"
"03/03/2021","-0.324","-0.370","-0.294","-0.378","-7.43%"
"03/02/2021","-0.350","-0.371","-0.281","-0.376","-4.37%"
"03/01/2021","-0.366","-0.330","-0.268","-0.373","20.00%"
"02/26/2021","-0.305","-0.308","-0.255","-0.326","12.55%"
"02/25/2021","-0.271","-0.346","-0.262","-0.348","-21.90%"
"02/24/2021","-0.347","-0.368","-0.287","-0.378","1.76%"
"02/23/2021","-0.341","-0.369","-0.275","-0.379","-1.16%"
"02/22/2021","-0.345","-0.363","-0.306","-0.382","-6.76%"
"02/19/2021","-0.370","-0.354","-0.288","-0.376","5.41%"
"02/18/2021","-0.351","-0.389","-0.313","-0.396","6.04%"
"02/17/2021","-0.331","-0.390","-0.315","-0.402","-17.25%"
"02/16/2021","-0.400","-0.420","-0.318","-0.423","-4.31%"
"02/15/2021","-0.418","-0.434","-0.340","-0.439","-2.11%"
"02/12/2021","-0.427","-0.392","-0.365","-0.449","-3.61%"
"02/11/2021","-0.443","-0.438","-0.341","-0.443","9.38%"
"02/10/2021","-0.405","-0.428","-0.343","-0.437","-5.15%"
"02/09/2021","-0.427","-0.406","-0.341","-0.436","-0.70%"
"02/08/2021","-0.430","-0.421","-0.352","-0.430","9.69%"
"02/05/2021","-0.392","-0.415","-0.328","-0.427","-5.77%"
"02/04/2021","-0.416","-0.395","-0.314","-0.416","8.90%"
"02/03/2021","-0.382","-0.406","-0.353","-0.417","6.11%"
"02/02/2021","-0.360","-0.368","-0.292","-0.373","-2.96%"
"02/01/2021","-0.371","-0.370","-0.306","-0.383","2.20%"
"01/29/2021","-0.363","-0.379","-0.298","-0.387","0.00%"
"01/28/2021","-0.363","-0.360","-0.285","-0.369","2.54%"
"01/27/2021","-0.354","-0.340","-0.280","-0.367","16.07%"
"01/26/2021","-0.305","-0.310","-0.268","-0.349","-1.29%"
"01/25/2021","-0.309","-0.293","-0.230","-0.322","21.65%"
"01/22/2021","-0.254","-0.253","-0.233","-0.295","-22.80%"
"01/21/2021","-0.329","-0.382","-0.299","-0.385","-9.62%"
"01/20/2021","-0.364","-0.398","-0.300","-0.399","-3.70%"
"01/19/2021","-0.378","-0.361","-0.297","-0.388","7.69%"
"01/18/2021","-0.351","-0.355","-0.295","-0.366","-5.14%"
"01/15/2021","-0.370","-0.367","-0.307","-0.381","6.02%"
"01/14/2021","-0.349","-0.341","-0.290","-0.389","-8.88%"
"01/13/2021","-0.383","-0.370","-0.307","-0.407","7.89%"
"01/12/2021","-0.355","-0.416","-0.335","-0.425","-16.86%"
"01/11/2021","-0.427","-0.447","-0.370","-0.447","-5.32%"
"01/08/2021","-0.451","-0.451","-0.385","-0.465","6.87%"
"01/07/2021","-0.422","-0.440","-0.364","-0.448","-4.09%"
"01/06/2021","-0.440","-0.427","-0.368","-0.448","-0.90%"
"01/05/2021","-0.444","-0.456","-0.379","-0.463","10.45%"
"01/04/2021","-0.402","-0.449","-0.401","-0.474","-14.92%"
"01/01/2021","-0.472","-0.469","-0.469","-0.475","1.39%"
"12/31/2020","-0.466","-0.472","-0.466","-0.472","1.75%"
"12/30/2020","-0.458","-0.442","-0.363","-0.476","0.00%"
"12/29/2020","-0.458","-0.464","-0.387","-0.477","-2.55%"
"12/28/2020","-0.470","-0.457","-0.394","-0.477","0.64%"
"12/25/2020","-0.467","-0.467","-0.460","-0.467","13.08%"
"12/24/2020","-0.413","-0.448","-0.410","-0.448","-6.56%"
"12/23/2020","-0.442","-0.454","-0.370","-0.459","-2.64%"
"12/22/2020","-0.454","-0.456","-0.385","-0.462","5.09%"
"12/21/2020","-0.432","-0.474","-0.396","-0.476","-6.49%"
"12/18/2020","-0.462","-0.479","-0.382","-0.483","-0.86%"
"12/17/2020","-0.466","-0.477","-0.429","-0.493","-3.32%"
"12/16/2020","-0.482","-0.488","-0.408","-0.495","-1.83%"
"12/15/2020","-0.491","-0.492","-0.424","-0.500","6.51%"
"12/14/2020","-0.461","-0.483","-0.404","-0.491","-0.65%"
"12/11/2020","-0.464","-0.468","-0.420","-0.487","-2.93%"
"12/10/2020","-0.478","-0.472","-0.419","-0.483","1.27%"
"12/09/2020","-0.472","-0.418","-0.386","-0.472","5.36%"
"12/08/2020","-0.448","-0.458","-0.398","-0.469","2.52%"
"12/07/2020","-0.437","-0.449","-0.391","-0.461","-3.32%"
"12/04/2020","-0.452","-0.435","-0.415","-0.472","-1.09%"
"12/03/2020","-0.457","-0.449","-0.386","-0.463","7.03%"
"12/02/2020","-0.427","-0.431","-0.362","-0.454","-0.23%"
"12/01/2020","-0.428","-0.455","-0.387","-0.460","-4.04%"
"11/30/2020","-0.446","-0.458","-0.397","-0.467","0.68%"
"11/27/2020","-0.443","-0.460","-0.402","-0.467","-2.21%"
"11/26/2020","-0.453","-0.446","-0.391","-0.459","0.89%"
"11/25/2020","-0.449","-0.453","-0.375","-0.459","6.65%"
"11/24/2020","-0.421","-0.456","-0.398","-0.465","-8.08%"
"11/23/2020","-0.458","-0.449","-0.385","-0.464","0.00%"
"11/21/2020","-0.458","-0.458","-0.458","-0.458","3.15%"
"11/20/2020","-0.444","-0.437","-0.384","-0.449","0.23%"
"11/19/2020","-0.443","-0.432","-0.354","-0.446","1.61%"
"11/18/2020","-0.436","-0.439","-0.389","-0.445","1.63%"
"11/17/2020","-0.429","-0.417","-0.370","-0.436","0.94%"
"11/16/2020","-0.425","-0.416","-0.377","-0.435","4.17%"
"11/13/2020","-0.408","-0.400","-0.359","-0.415","7.65%"
"11/12/2020","-0.379","-0.382","-0.324","-0.399","1.07%"
"11/11/2020","-0.375","-0.363","-0.330","-0.398","2.18%"
"11/10/2020","-0.367","-0.360","-0.301","-0.381","3.09%"
"11/09/2020","-0.356","-0.413","-0.293","-0.420","-5.82%"
"11/06/2020","-0.378","-0.388","-0.340","-0.404","-0.53%"
"11/05/2020","-0.380","-0.383","-0.331","-0.397","10.47%"
"11/04/2020","-0.344","-0.348","-0.303","-0.370","-0.29%"
"11/03/2020","-0.345","-0.333","-0.256","-0.355","1.47%"
"11/02/2020","-0.340","-0.327","-0.286","-0.345","-0.29%"
"10/30/2020","-0.341","-0.343","-0.295","-0.354","-4.75%"
"10/29/2020","-0.358","-0.307","-0.264","-0.362","16.23%"
"10/28/2020","-0.308","-0.346","-0.279","-0.348","-15.85%"
"10/27/2020","-0.366","-0.354","-0.309","-0.367","3.10%"
"10/26/2020","-0.355","-0.382","-0.298","-0.382","6.93%"
"10/23/2020","-0.332","-0.315","-0.255","-0.335","8.14%"
"10/22/2020","-0.307","-0.320","-0.270","-0.327","0.33%"
"10/21/2020","-0.306","-0.327","-0.251","-0.334","-4.97%"
"10/20/2020","-0.322","-0.321","-0.258","-0.335","1.90%"
"10/19/2020","-0.316","-0.341","-0.276","-0.350","-9.46%"
"10/16/2020","-0.349","-0.316","-0.273","-0.366","14.05%"
"10/15/2020","-0.306","-0.345","-0.266","-0.346","-11.82%"
"10/14/2020","-0.347","-0.342","-0.281","-0.358","2.66%"
"10/13/2020","-0.338","-0.340","-0.285","-0.345","-0.88%"
"10/12/2020","-0.341","-0.324","-0.283","-0.352","4.28%"
"10/09/2020","-0.327","-0.302","-0.259","-0.330","9.36%"
"10/08/2020","-0.299","-0.264","-0.220","-0.304","7.17%"
"10/07/2020","-0.279","-0.288","-0.241","-0.299","6.49%"
"10/06/2020","-0.262","-0.269","-0.223","-0.282","-4.03%"
"10/05/2020","-0.273","-0.275","-0.222","-0.287","-1.27%"
"10/03/2020","-0.276","-0.276","-0.276","-0.276","12.86%"
"10/02/2020","-0.245","-0.240","-0.188","-0.268","2.51%"
"10/01/2020","-0.239","-0.217","-0.176","-0.242","13.27%"
"09/30/2020","-0.211","-0.221","-0.154","-0.232","-8.66%"
"09/29/2020","-0.231","-0.184","-0.172","-0.231","6.45%"
"09/28/2020","-0.217","-0.210","-0.143","-0.218","6.90%"
"09/25/2020","-0.203","-0.208","-0.161","-0.217","-4.69%"
"09/24/2020","-0.213","-0.225","-0.143","-0.227","0.00%"
"09/23/2020","-0.213","-0.224","-0.184","-0.240","2.40%"
"09/22/2020","-0.208","-0.199","-0.141","-0.228","11.83%"
"09/21/2020","-0.186","-0.161","-0.109","-0.204","1.92%"
"09/19/2020","-0.183","-0.183","-0.183","-0.183","11.28%"
"09/18/2020","-0.164","-0.172","-0.111","-0.186","-7.34%"
"09/17/2020","-0.177","-0.168","-0.134","-0.186","17.22%"
"09/16/2020","-0.151","-0.148","-0.118","-0.170","1.34%"
"09/15/2020","-0.149","-0.136","-0.070","-0.151","9.56%"
"09/14/2020","-0.136","-0.122","-0.086","-0.150","13.33%"
"09/11/2020","-0.120","-0.126","-0.068","-0.126","16.50%"
"09/10/2020","-0.103","-0.098","-0.070","-0.117","9.57%"
"09/09/2020","-0.094","-0.085","-0.036","-0.107","27.03%"
"09/08/2020","-0.074","-0.066","-0.016","-0.083","8.82%"
"09/07/2020","-0.068","-0.089","-0.032","-0.092","-28.42%"
"09/04/2020","-0.095","-0.128","-0.079","-0.140","-16.67%"
"09/03/2020","-0.114","-0.125","-0.097","-0.149","-11.63%"
"09/02/2020","-0.129","-0.122","-0.072","-0.134","35.79%"
"09/01/2020","-0.095","-0.071","-0.027","-0.099","50.79%"
"08/31/2020","-0.063","-0.096","-0.028","-0.100","-29.21%"
"08/28/2020","-0.089","-0.092","-0.040","-0.103","-7.29%"
"08/27/2020","-0.096","-0.093","-0.057","-0.134","65.52%"
"08/26/2020","-0.058","-0.060","-0.036","-0.089","5.45%"
"08/25/2020","-0.055","-0.107","-0.036","-0.109","-49.07%"
"08/24/2020","-0.108","-0.141","-0.075","-0.147","-24.48%"
"08/23/2020","-0.143","-0.143","-0.143","-0.143","0.00%"
"08/22/2020","-0.143","-0.143","-0.143","-0.143","25.44%"
"08/21/2020","-0.114","-0.134","-0.090","-0.150","-20.28%"
"08/20/2020","-0.143","-0.139","-0.101","-0.166","20.17%"
"08/19/2020","-0.119","-0.109","-0.094","-0.159","-10.53%"
"08/18/2020","-0.133","-0.128","-0.092","-0.146","5.56%"
"08/17/2020","-0.126","-0.092","-0.067","-0.135","41.57%"
"08/14/2020","-0.089","-0.049","-0.023","-0.096","147.22%"
"08/13/2020","-0.036","-0.078","0.001","-0.094","-46.27%"
"08/12/2020","-0.067","-0.069","-0.012","-0.093","-9.46%"
"08/11/2020","-0.074","-0.054","-0.023","-0.096","-18.68%"
"08/10/2020","-0.091","-0.076","-0.037","-0.100","49.18%"
"08/07/2020","-0.061","-0.048","-0.020","-0.090","52.50%"
"08/06/2020","-0.040","-0.052","-0.012","-0.078","48.15%"
"08/05/2020","-0.027","-0.064","0.000","-0.078","-15.63%"
"08/04/2020","-0.032","-0.038","-0.001","-0.070","45.45%"
"08/03/2020","-0.022","-0.032","0.023","-0.046","214.29%"
"07/31/2020","-0.007","-0.062","0.002","-0.062","-83.33%"
"07/30/2020","-0.042","-0.052","-0.006","-0.066","35.48%"
"07/29/2020","-0.031","-0.045","0.006","-0.051","14.81%"
"07/28/2020","-0.027","-0.050","0.025","-0.050","-37.21%"
"07/27/2020","-0.043","-0.048","-0.003","-0.057","-14.00%"
"07/24/2020","-0.050","-0.068","-0.001","-0.075","-36.71%"
"07/23/2020","-0.079","-0.048","-0.032","-0.087","83.72%"
"07/22/2020","-0.043","-0.012","0.018","-0.062","975.00%"
"07/21/2020","-0.004","-0.014","0.025","-0.031","-123.53%"
"07/20/2020","0.017","0.040","0.089","-0.002","-69.09%"
"07/19/2020","0.055","0.055","0.055","0.055","-32.10%"
"07/17/2020","0.081","0.079","0.139","0.069","20.90%"
"07/16/2020","0.067","0.104","0.146","0.064","-22.99%"
"07/15/2020","0.087","0.091","0.123","0.081","-6.45%"
"07/14/2020","0.093","0.098","0.147","0.088","-7.92%"
"07/13/2020","0.101","0.124","0.164","0.096","17.44%"
"07/11/2020","0.086","0.086","0.086","0.086","-30.08%"
"07/10/2020","0.123","0.103","0.154","0.095","28.13%"
"07/09/2020","0.096","0.098","0.135","0.075","11.63%"
"07/08/2020","0.086","0.077","0.133","0.067","0.00%"
"07/07/2020","0.086","0.088","0.163","0.077","-23.21%"
"07/06/2020","0.112","0.108","0.161","0.088","-19.42%"
"07/03/2020","0.139","0.091","0.168","0.062","26.36%"
"07/02/2020","0.110","0.098","0.140","0.081","2.80%"
"07/01/2020","0.107","0.106","0.150","0.089","21.59%"
"06/30/2020","0.088","0.121","0.135","0.084","-16.98%"
"06/29/2020","0.106","0.121","0.167","0.102","-6.61%"
"06/27/2020","0.113","0.112","0.113","0.112","-12.69%"
"06/26/2020","0.130","0.127","0.160","0.100","-3.70%"
"06/25/2020","0.135","0.105","0.170","0.105","21.62%"
"06/24/2020","0.111","0.083","0.194","0.072","20.65%"
"06/23/2020","0.092","0.107","0.157","0.081","-6.12%"
"06/22/2020","0.098","0.161","0.166","0.078","-25.19%"
"06/20/2020","0.131","0.131","0.131","0.131","-7.09%"
"06/19/2020","0.141","0.156","0.202","0.139","-7.24%"
"06/18/2020","0.152","0.167","0.187","0.120","-1.94%"
"06/17/2020","0.155","0.130","0.177","0.116","11.51%"
"06/16/2020","0.139","0.164","0.188","0.115","-30.15%"
"06/15/2020","0.199","0.210","0.250","0.149","-4.10%"
"06/13/2020","0.207","0.207","0.207","0.207","-7.78%"
"06/12/2020","0.225","0.283","0.302","0.210","-14.12%"
"06/11/2020","0.262","0.292","0.307","0.243","-10.58%"
"06/10/2020","0.293","0.256","0.338","0.224","25.21%"
"06/09/2020","0.234","0.223","0.271","0.215","17.59%"
"06/08/2020","0.199","0.251","0.260","0.193","-11.56%"
"06/05/2020","0.225","0.218","0.254","0.187","-0.44%"
"06/04/2020","0.226","0.344","0.405","0.170","-34.87%"
"06/03/2020","0.347","0.345","0.416","0.332","2.36%"
"06/02/2020","0.339","0.347","0.374","0.302","-1.17%"
"06/01/2020","0.343","0.354","0.386","0.318","-14.89%"
"05/29/2020","0.403","0.352","0.428","0.327","16.81%"
"05/28/2020","0.345","0.421","0.440","0.310","-11.31%"
"05/27/2020","0.389","0.464","0.482","0.377","-17.23%"
"05/26/2020","0.470","0.499","0.522","0.451","-8.20%"
"05/25/2020","0.512","0.545","0.571","0.497","0.99%"
"05/23/2020","0.507","0.507","0.507","0.507","-4.88%"
"05/22/2020","0.533","0.526","0.578","0.511","-2.56%"
"05/21/2020","0.547","0.553","0.622","0.532","3.80%"
"05/20/2020","0.527","0.566","0.600","0.520","-3.66%"
"05/19/2020","0.547","0.492","0.580","0.473","-8.22%"
"05/18/2020","0.596","0.801","0.801","0.564","-23.20%"
"05/15/2020","0.776","0.699","0.790","0.689","10.23%"
"05/14/2020","0.704","0.672","0.724","0.648","6.51%"
"05/13/2020","0.661","0.744","0.760","0.643","-6.90%"
"05/12/2020","0.710","0.706","0.731","0.686","-0.84%"
"05/11/2020","0.716","0.635","0.729","0.620","1.99%"
"05/08/2020","0.702","0.719","0.733","0.634","-10.12%"
"05/07/2020","0.781","0.867","0.899","0.765","19.05%"
"05/06/2020","0.656","0.590","0.684","0.585","7.01%"
"05/05/2020","0.613","0.526","0.666","0.516","14.15%"
"05/04/2020","0.537","0.562","0.712","0.527","10.15%"
"05/01/2020","0.488","0.477","0.488","0.477","-7.14%"
"04/30/2020","0.525","0.574","0.687","0.470","-16.67%"
"04/29/2020","0.630","0.710","0.811","0.586","0.48%"
"04/28/2020","0.627","0.675","0.765","0.615","-11.32%"
"04/27/2020","0.707","0.735","0.798","0.703","-18.83%"
"04/24/2020","0.871","1.086","1.093","0.863","-7.73%"
"04/23/2020","0.944","0.984","1.036","0.894","-10.69%"
"04/22/2020","1.057","1.109","1.257","1.027","-5.79%"
"04/21/2020","1.122","0.942","1.199","0.930","18.86%"
"04/20/2020","0.944","0.869","0.995","0.868","13.73%"
"04/17/2020","0.830","0.872","0.975","0.816","-12.17%"
"04/16/2020","0.945","0.986","1.016","0.843","-10.09%"
"04/15/2020","1.051","0.901","1.149","0.890","24.53%"
"04/14/2020","0.844","0.733","0.896","0.728","37.35%"
"04/13/2020","0.614","0.616","0.616","0.614","-0.08%"
"04/10/2020","0.615","0.616","0.616","0.598","-6.11%"
"04/09/2020","0.655","0.785","0.813","0.607","-5.07%"
"04/08/2020","0.690","0.793","0.793","0.679","20.00%"
"04/07/2020","0.575","0.489","0.605","0.467","17.35%"
"04/06/2020","0.490","0.497","0.614","0.458","0.00%"
"04/03/2020","0.490","0.382","0.600","0.382","25.32%"
"04/02/2020","0.391","0.359","0.523","0.351","-5.10%"
"04/01/2020","0.412","0.418","0.474","0.363","5.37%"
"03/31/2020","0.391","0.345","0.429","0.296","4.55%"
"03/30/2020","0.374","0.281","0.459","0.271","40.07%"
"03/27/2020","0.267","0.221","0.318","0.200","45.90%"
"03/26/2020","0.183","0.381","0.471","0.174","-65.21%"
"03/25/2020","0.526","0.590","0.760","0.494","-6.74%"
"03/24/2020","0.564","0.549","0.699","0.513","1.08%"
"03/23/2020","0.558","0.580","0.682","0.549","-3.79%"
"03/20/2020","0.580","0.550","0.646","0.481","-27.50%"
"03/19/2020","0.800","0.508","0.895","0.508","-44.87%"
"03/18/2020","1.451","1.517","2.115","1.183","-4.35%"
"03/17/2020","1.517","1.012","1.524","1.003","34.96%"
"03/16/2020","1.124","0.888","1.165","0.888","33.65%"
"03/13/2020","0.841","0.887","1.028","0.595","2.69%"
"03/12/2020","0.819","0.311","0.917","0.289","227.60%"
"03/11/2020","0.250","0.374","0.382","0.233","-39.76%"
"03/10/2020","0.415","0.435","0.478","0.300","-9.39%"
"03/09/2020","0.458","0.509","0.520","0.250","-2,048.94%"
"03/07/2020","-0.023","-0.023","-0.023","-0.023","-141.96%"
"03/06/2020","0.056","0.017","0.088","0.002","-315.38%"
"03/05/2020","-0.026","-0.078","-0.008","-0.096","-68.29%"
"03/04/2020","-0.082","-0.088","-0.062","-0.146","-5.75%"
"03/03/2020","-0.087","-0.041","-0.008","-0.098","770.00%"
"03/02/2020","-0.010","-0.036","0.052","-0.048","-50.00%"
"02/28/2020","-0.020","0.051","0.051","-0.063","-73.33%"
"02/27/2020","-0.075","-0.134","-0.059","-0.134","-48.28%"
"02/26/2020","-0.145","-0.140","-0.099","-0.151","0.00%"
"02/25/2020","-0.145","-0.136","-0.104","-0.155","-3.33%"
"02/24/2020","-0.150","-0.167","-0.132","-0.175","-26.47%"
"02/21/2020","-0.204","-0.213","-0.164","-0.214","1.49%"
"02/20/2020","-0.201","-0.189","-0.142","-0.212","8.06%"
"02/19/2020","-0.186","-0.201","-0.142","-0.207","-8.37%"
"02/18/2020","-0.203","-0.209","-0.156","-0.218","-1.93%"
"02/17/2020","-0.207","-0.197","-0.170","-0.216","3.50%"
"02/14/2020","-0.200","-0.203","-0.176","-0.215","-10.71%"
"02/13/2020","-0.224","-0.222","-0.193","-0.237","5.66%"
"02/12/2020","-0.212","-0.194","-0.167","-0.221","5.47%"
"02/11/2020","-0.201","-0.194","-0.146","-0.203","1.52%"
"02/10/2020","-0.198","-0.184","-0.148","-0.203","-1.00%"
"02/07/2020","-0.200","-0.198","-0.150","-0.204","8.11%"
"02/06/2020","-0.185","-0.194","-0.155","-0.199","-1.07%"
"02/05/2020","-0.187","-0.205","-0.173","-0.205","-1.58%"
"02/04/2020","-0.190","-0.184","-0.154","-0.207","-1.04%"
"02/03/2020","-0.192","-0.179","-0.161","-0.196","0.00%"
"01/31/2020","-0.192","-0.191","-0.161","-0.204","2.13%"
"01/30/2020","-0.188","-0.195","-0.131","-0.195","1.62%"
"01/29/2020","-0.185","-0.165","-0.148","-0.187","25.00%"
"01/28/2020","-0.148","-0.142","-0.104","-0.164","8.82%"
"01/27/2020","-0.136","-0.155","-0.119","-0.165","151.85%"
"01/24/2020","-0.054","-0.031","0.023","-0.064","31.71%"
"01/23/2020","-0.041","-0.004","0.019","-0.046","-472.73%"
"01/22/2020","0.011","0.055","0.070","0.011","37.50%"
"01/21/2020","0.008","-0.008","0.057","-0.010","-172.73%"
"01/20/2020","-0.011","-0.014","0.044","-0.015","175.00%"
"01/17/2020","-0.004","0.001","0.025","-0.020","-119.05%"
"01/16/2020","0.021","-0.012","0.028","-0.028","-200.00%"
"01/15/2020","-0.021","-0.031","0.005","-0.038","5.00%"
"01/14/2020","-0.020","-0.015","0.009","-0.028","0.00%"
"01/13/2020","-0.020","-0.042","0.018","-0.043","-60.78%"
"01/10/2020","-0.051","-0.061","-0.018","-0.074","24.39%"
"01/09/2020","-0.041","-0.043","-0.014","-0.055","13.89%"
"01/08/2020","-0.036","-0.059","-0.004","-0.059","-14.29%"
"01/07/2020","-0.042","-0.061","0.000","-0.066","-32.26%"
"01/06/2020","-0.062","-0.091","-0.035","-0.091","0.00%"
"01/03/2020","-0.062","-0.064","-0.035","-0.087","121.43%"
"01/02/2020","-0.028","-0.019","0.001","-0.041","-63.16%"
"01/01/2020","-0.076","-0.072","-0.072","-0.082","280.00%"
"12/31/2019","-0.020","-0.007","-0.007","-0.025","-44.44%"
"12/30/2019","-0.036","-0.053","-0.014","-0.053","-37.93%"
"12/27/2019","-0.058","-0.025","0.041","-0.061","118.87%"
"12/26/2019","-0.026","-0.029","-0.026","-0.029","-48.54%"
"12/25/2019","-0.052","-0.029","-0.029","-0.064","232.26%"
"12/24/2019","-0.015","-0.012","-0.012","-0.030","-321.43%"
"12/23/2019","0.007","-0.011","0.033","-0.014","-143.75%"
"12/20/2019","-0.016","-0.031","0.008","-0.033","-46.67%"
"12/19/2019","-0.030","-0.038","0.004","-0.048","-50.82%"
"12/18/2019","-0.061","-0.081","-0.045","-0.099","-20.78%"
"12/17/2019","-0.077","-0.064","-0.015","-0.078","35.09%"
"12/16/2019","-0.057","-0.084","-0.028","-0.084","-28.75%"
"12/13/2019","-0.080","-0.043","-0.034","-0.081","81.82%"
"12/12/2019","-0.044","-0.031","-0.024","-0.079","62.96%"
"12/11/2019","-0.027","-0.013","0.015","-0.045","68.75%"
"12/10/2019","-0.016","0.009","0.056","-0.018","-176.19%"
"12/09/2019","0.021","0.067","0.067","0.017","-67.19%"
"12/07/2019","0.064","0.064","0.064","0.064","-4.48%"
"12/06/2019","0.067","0.103","0.123","0.049","-34.31%"
"12/05/2019","0.102","0.040","0.116","0.033","137.21%"
"12/04/2019","0.043","0.043","0.043","0.043","-15.69%"
"12/03/2019","0.051","0.089","0.136","0.048","-43.96%"
"12/02/2019","0.091","0.080","0.125","0.073","139.47%"
"11/29/2019","0.038","0.023","0.058","0.011","26.67%"
"11/28/2019","0.030","0.002","0.052","-0.008","0.00%"
"11/27/2019","0.000","-0.015","0.022","-0.037","-100.00%"
"11/26/2019","-0.009","-0.006","0.007","-0.027","-64.00%"
"11/25/2019","-0.025","0.011","0.019","-0.029","-725.00%"
"11/22/2019","0.004","0.030","0.045","-0.014","-66.67%"
"11/21/2019","0.012","0.023","0.046","-0.006","-76.47%"
"11/20/2019","0.051","0.044","0.063","0.030","-19.05%"
"11/19/2019","0.063","0.046","0.085","0.037","26.00%"
"11/18/2019","0.050","0.068","0.084","0.036","-12.28%"
"11/16/2019","0.057","0.052","0.057","0.052","-24.00%"
"11/15/2019","0.075","0.137","0.141","0.055","-53.42%"
"11/14/2019","0.161","0.044","0.173","0.041","177.59%"
"11/13/2019","0.058","0.037","0.086","0.025","132.00%"
"11/12/2019","0.025","0.079","0.082","0.012","-54.55%"
"11/11/2019","0.055","-0.021","0.090","-0.021","-523.08%"
"11/09/2019","-0.013","-0.013","-0.013","-0.013","-200.00%"
"11/08/2019","0.013","-0.059","0.071","-0.064","-143.33%"
"11/07/2019","-0.030","-0.104","-0.005","-0.123","-68.75%"
"11/06/2019","-0.096","-0.085","-0.056","-0.101","9.09%"
"11/05/2019","-0.088","-0.085","-0.064","-0.097","18.92%"
"11/04/2019","-0.074","-0.069","-0.052","-0.102","4.23%"
"11/01/2019","-0.071","-0.111","-0.059","-0.113","-29.00%"
"10/31/2019","-0.100","-0.094","-0.080","-0.115","49.25%"
"10/30/2019","-0.067","-0.062","-0.048","-0.073","11.67%"
"10/29/2019","-0.060","-0.063","-0.045","-0.081","25.00%"
"10/28/2019","-0.048","-0.067","-0.031","-0.078","-48.39%"
"10/25/2019","-0.093","-0.090","-0.080","-0.110","-16.96%"
"10/24/2019","-0.112","-0.104","-0.079","-0.124","5.66%"
"10/23/2019","-0.106","-0.139","-0.085","-0.142","-10.92%"
"10/22/2019","-0.119","-0.110","-0.107","-0.147","25.26%"
"10/21/2019","-0.095","-0.133","-0.088","-0.134","-41.90%"
"10/19/2019","-0.163","-0.163","-0.163","-0.163","34.02%"
"10/18/2019","-0.122","-0.132","-0.112","-0.149","-15.28%"
"10/17/2019","-0.144","-0.152","-0.115","-0.152","5.88%"
"10/16/2019","-0.136","-0.135","-0.126","-0.172","4.62%"
"10/15/2019","-0.130","-0.141","-0.115","-0.159","0.00%"
"10/14/2019","-0.130","-0.134","-0.112","-0.140","21.50%"
"10/12/2019","-0.107","-0.107","-0.107","-0.107","-0.93%"
"10/11/2019","-0.108","-0.114","-0.101","-0.129","0.00%"
"10/10/2019","-0.108","-0.148","-0.095","-0.149","-31.21%"
"10/09/2019","-0.157","-0.162","-0.147","-0.170","-1.87%"
"10/08/2019","-0.160","-0.163","-0.145","-0.169","-1.23%"
"10/07/2019","-0.162","-0.205","-0.154","-0.210","-12.43%"
"10/05/2019","-0.185","-0.185","-0.185","-0.185","-3.14%"
"10/04/2019","-0.191","-0.200","-0.181","-0.221","1.60%"
"10/03/2019","-0.188","-0.160","-0.147","-0.209","22.08%"
"10/02/2019","-0.154","-0.189","-0.151","-0.190","-13.48%"
"10/01/2019","-0.178","-0.199","-0.160","-0.199","-5.82%"
"09/30/2019","-0.189","-0.167","-0.166","-0.194","-23.17%"
"09/28/2019","-0.246","-0.246","-0.246","-0.246","4.24%"
"09/27/2019","-0.236","-0.222","-0.189","-0.239","15.12%"
"09/26/2019","-0.205","-0.203","-0.193","-0.235","-5.96%"
"09/25/2019","-0.218","-0.222","-0.191","-0.233","-3.54%"
"09/24/2019","-0.226","-0.219","-0.191","-0.234","7.62%"
"09/23/2019","-0.210","-0.209","-0.205","-0.252","10.53%"
"09/20/2019","-0.190","-0.206","-0.175","-0.230","-17.03%"
"09/19/2019","-0.229","-0.224","-0.183","-0.240","-4.18%"
"09/18/2019","-0.239","-0.208","-0.196","-0.259","19.50%"
"09/17/2019","-0.200","-0.237","-0.191","-0.249","-3.38%"
"09/16/2019","-0.207","-0.182","-0.168","-0.256","16.29%"
"09/13/2019","-0.178","-0.117","-0.080","-0.224","-6.81%"
"09/12/2019","-0.191","-0.303","-0.174","-0.424","-37.58%"
"09/11/2019","-0.306","-0.289","-0.240","-0.334","12.09%"
"09/10/2019","-0.273","-0.307","-0.260","-0.311","-8.39%"
"09/09/2019","-0.298","-0.331","-0.266","-0.334","-9.97%"
"09/06/2019","-0.331","-0.318","-0.296","-0.356","2.16%"
"09/05/2019","-0.324","-0.347","-0.285","-0.356","-2.99%"
"09/04/2019","-0.334","-0.353","-0.285","-0.373","23.25%"
"09/03/2019","-0.271","-0.273","-0.250","-0.297","23.18%"
"09/02/2019","-0.220","-0.209","-0.209","-0.247","41.03%"
"08/30/2019","-0.156","-0.171","-0.153","-0.256","-14.75%"
"08/29/2019","-0.183","-0.189","-0.171","-0.238","15.82%"
"08/28/2019","-0.158","-0.086","-0.064","-0.224","95.06%"
"08/27/2019","-0.081","-0.029","0.025","-0.102","-276.09%"
"08/26/2019","0.046","0.031","0.063","0.027","91.67%"
"08/23/2019","0.024","-0.017","0.057","-0.017","-25.00%"
"08/22/2019","0.032","-0.028","0.043","-0.045","45.45%"
"08/21/2019","0.022","0.016","0.069","-0.002","-18.52%"
"08/20/2019","0.027","0.128","0.158","0.009","-75.45%"
"08/19/2019","0.110","0.032","0.167","0.032","64.18%"
"08/16/2019","0.067","0.022","0.107","0.022","346.67%"
"08/15/2019","0.015","0.114","0.154","-0.026","-85.98%"
"08/14/2019","0.107","0.119","0.186","0.070","-31.85%"
"08/13/2019","0.157","0.209","0.266","0.156","-45.10%"
"08/12/2019","0.286","0.292","0.324","0.257","-23.32%"
"08/09/2019","0.373","0.257","0.389","0.186","578.18%"
"08/08/2019","0.055","0.046","0.097","-0.004","-277.42%"
"08/07/2019","-0.031","-0.027","0.004","-0.037","416.67%"
"08/06/2019","-0.006","0.001","0.035","-0.013","-113.64%"
"08/05/2019","0.044","-0.034","0.055","-0.041","-12.00%"
"08/03/2019","0.050","0.050","0.050","0.050","163.16%"
"08/02/2019","0.019","0.043","0.058","-0.003","533.33%"
"08/01/2019","0.003","0.006","0.052","-0.019","-118.75%"
"07/31/2019","-0.016","0.001","0.042","-0.021","-245.45%"
"07/30/2019","0.011","0.020","0.077","0.010","10.00%"
"07/29/2019","0.010","-0.018","0.040","-0.044","-225.00%"
"07/27/2019","-0.008","-0.008","-0.008","-0.008","33.33%"
"07/26/2019","-0.006","-0.063","0.039","-0.063","-86.67%"
"07/25/2019","-0.045","-0.079","-0.002","-0.172","-36.62%"
"07/24/2019","-0.071","-0.020","-0.019","-0.111","373.33%"
"07/23/2019","-0.015","0.022","0.036","-0.018","-127.27%"
"07/22/2019","0.055","0.004","0.077","-0.022","175.00%"
"07/20/2019","0.020","0.027","0.027","0.020","-44.44%"
"07/19/2019","0.036","-0.040","0.044","-0.045","-238.46%"
"07/18/2019","-0.026","-0.026","0.007","-0.060","333.33%"
"07/17/2019","-0.006","-0.042","0.008","-0.053","-80.00%"
"07/16/2019","-0.030","-0.015","0.004","-0.060","400.00%"
"07/15/2019","-0.006","0.052","0.083","-0.011","-105.61%"
"07/13/2019","0.107","0.107","0.107","0.107","59.70%"
"07/12/2019","0.067","0.042","0.131","0.038","-15.19%"
"07/11/2019","0.079","0.100","0.109","0.035","-19.39%"
"07/10/2019","0.098","0.115","0.182","0.092","4.26%"
"07/09/2019","0.094","0.082","0.112","0.061","4.44%"
"07/08/2019","0.090","0.067","0.105","0.053","0.00%"
"07/06/2019","0.090","0.090","0.090","0.090","-10.89%"
"07/05/2019","0.101","0.045","0.124","0.034","74.14%"
"07/04/2019","0.058","-0.051","0.078","-0.051","-223.40%"
"07/03/2019","-0.047","-0.031","0.008","-0.058","-197.92%"
"07/02/2019","0.048","0.087","0.089","-0.003","-51.02%"
"07/01/2019","0.098","0.216","0.216","0.082","-65.00%"
"06/29/2019","0.280","0.280","0.280","0.280","25.00%"
"06/28/2019","0.224","0.222","0.236","0.204","-10.76%"
"06/27/2019","0.251","0.265","0.290","0.245","-10.04%"
"06/26/2019","0.279","0.307","0.333","0.270","-7.92%"
"06/25/2019","0.303","0.309","0.350","0.289","-1.62%"
"06/24/2019","0.308","0.243","0.312","0.219","15.36%"
"06/22/2019","0.267","0.267","0.267","0.267","-5.99%"
"06/21/2019","0.284","0.226","0.285","0.196","21.89%"
"06/20/2019","0.233","0.135","0.234","0.129","-0.85%"
"06/19/2019","0.235","0.242","0.270","0.191","-0.42%"
"06/18/2019","0.236","0.366","0.370","0.174","-33.89%"
"06/17/2019","0.357","0.367","0.387","0.339","-23.06%"
"06/15/2019","0.464","0.464","0.464","0.464","24.06%"
"06/14/2019","0.374","0.407","0.413","0.342","-12.41%"
"06/13/2019","0.427","0.463","0.477","0.413","-5.95%"
"06/12/2019","0.454","0.428","0.478","0.407","16.71%"
"06/11/2019","0.389","0.380","0.433","0.369","-0.77%"
"06/10/2019","0.392","0.374","0.459","0.355","5.95%"
"06/07/2019","0.370","0.482","0.486","0.311","-27.73%"
"06/06/2019","0.512","0.505","0.563","0.494","-7.08%"
"06/05/2019","0.551","0.573","0.657","0.544","-0.36%"
"06/04/2019","0.553","0.665","0.669","0.514","-15.44%"
"06/03/2019","0.654","0.706","0.738","0.616","-3.68%"
"06/01/2019","0.679","0.679","0.679","0.679","-3.41%"
"05/31/2019","0.703","0.756","0.821","0.654","8.49%"
"05/30/2019","0.648","0.630","0.675","0.587","2.53%"
"05/29/2019","0.632","0.693","0.693","0.601","-4.24%"
"05/28/2019","0.660","0.669","0.739","0.633","7.32%"
"05/27/2019","0.615","0.505","0.636","0.469","24.24%"
"05/25/2019","0.495","0.495","0.495","0.495","3.34%"
"05/24/2019","0.479","0.553","0.553","0.467","-17.13%"
"05/23/2019","0.578","0.580","0.625","0.567","-4.15%"
"05/22/2019","0.603","0.573","0.631","0.573","-0.82%"
"05/21/2019","0.608","0.653","0.684","0.588","-10.85%"
"05/20/2019","0.682","0.608","0.682","0.582","9.29%"
"05/17/2019","0.624","0.688","0.688","0.573","-8.10%"
"05/16/2019","0.679","0.763","0.764","0.659","-8.49%"
"05/15/2019","0.742","0.738","0.819","0.722","1.78%"
"05/14/2019","0.729","0.645","0.733","0.624","13.20%"
"05/13/2019","0.644","0.623","0.666","0.608","5.92%"
"05/10/2019","0.608","0.592","0.647","0.586","1.00%"
"05/09/2019","0.602","0.564","0.630","0.557","12.10%"
"05/08/2019","0.537","0.515","0.594","0.495","10.72%"
"05/07/2019","0.485","0.466","0.523","0.438","2.11%"
"05/06/2019","0.475","0.472","0.504","0.454","-9.18%"
"05/04/2019","0.523","0.523","0.523","0.523","13.20%"
"05/03/2019","0.462","0.491","0.511","0.432","-6.85%"
"05/02/2019","0.496","0.509","0.522","0.465","-5.88%"
"05/01/2019","0.527","0.498","0.527","0.498","3.54%"
"04/30/2019","0.509","0.562","0.581","0.492","-8.78%"
"04/29/2019","0.558","0.516","0.572","0.508","-0.71%"
"04/26/2019","0.562","0.609","0.632","0.543","-9.65%"
"04/25/2019","0.622","0.597","0.652","0.580","6.14%"
"04/24/2019","0.586","0.597","0.630","0.566","-2.82%"
"04/23/2019","0.603","0.558","0.616","0.540","10.64%"
"04/19/2019","0.545","0.545","0.545","0.545","2.64%"
"04/18/2019","0.531","0.521","0.552","0.493","2.51%"
"04/17/2019","0.518","0.508","0.549","0.488","-2.81%"
"04/16/2019","0.533","0.478","0.559","0.466","10.35%"
"04/15/2019","0.483","0.438","0.502","0.420","0.84%"
"04/13/2019","0.479","0.479","0.479","0.479","5.97%"
"04/12/2019","0.452","0.472","0.496","0.414","-3.21%"
"04/11/2019","0.467","0.522","0.522","0.440","-7.52%"
"04/10/2019","0.505","0.488","0.515","0.459","0.20%"
"04/09/2019","0.504","0.541","0.556","0.500","-9.52%"
"04/08/2019","0.557","0.555","0.575","0.533","-11.02%"
"04/06/2019","0.626","0.626","0.626","0.626","11.79%"
"04/05/2019","0.560","0.601","0.628","0.552","-4.44%"
"04/04/2019","0.586","0.594","0.632","0.572","-2.33%"
"04/03/2019","0.600","0.588","0.616","0.511","2.92%"
"04/02/2019","0.583","0.540","0.624","0.530","4.67%"
"04/01/2019","0.557","0.572","0.587","0.515","104.78%"
"03/30/2019","0.272","0.272","0.272","0.272","11.93%"
"03/29/2019","0.243","0.262","0.277","0.216","-10.99%"
"03/28/2019","0.273","0.238","0.288","0.206","34.48%"
"03/27/2019","0.203","0.196","0.291","0.194","-9.38%"
"03/26/2019","0.224","0.269","0.289","0.216","-16.42%"
"03/25/2019","0.268","0.275","0.294","0.236","15.52%"
"03/23/2019","0.232","0.232","0.232","0.232","1.75%"
"03/22/2019","0.228","0.193","0.292","0.187","18.75%"
"03/21/2019","0.192","0.184","0.240","0.165","-9.86%"
"03/20/2019","0.213","0.202","0.231","0.185","8.67%"
"03/19/2019","0.196","0.156","0.212","0.148","8.89%"
"03/18/2019","0.180","0.162","0.196","0.136","-15.09%"
"03/16/2019","0.212","0.212","0.212","0.212","26.19%"
"03/15/2019","0.168","0.188","0.227","0.164","-18.05%"
"03/14/2019","0.205","0.250","0.254","0.175","-18.97%"
"03/13/2019","0.253","0.261","0.300","0.232","12.95%"
"03/12/2019","0.224","0.224","0.270","0.223","-6.28%"
"03/11/2019","0.239","0.205","0.262","0.199","16.02%"
"03/10/2019","0.206","0.206","0.206","0.206","0.00%"
"03/09/2019","0.206","0.244","0.244","0.206","11.35%"
"03/08/2019","0.185","0.151","0.230","0.129","40.15%"
"03/07/2019","0.132","0.242","0.299","0.103","-50.75%"
"03/06/2019","0.268","0.327","0.347","0.236","-17.79%"
"03/05/2019","0.326","0.363","0.388","0.300","-8.68%"
"03/04/2019","0.357","0.376","0.422","0.350","-13.56%"
"03/02/2019","0.413","0.413","0.413","0.413","13.15%"
"03/01/2019","0.365","0.368","0.432","0.347","-6.65%"
"02/28/2019","0.391","0.408","0.450","0.384","-6.68%"
"02/27/2019","0.419","0.359","0.447","0.348","18.70%"
"02/26/2019","0.353","0.408","0.411","0.345","-17.14%"
"02/25/2019","0.426","0.460","0.466","0.402","-18.70%"
"02/22/2019","0.524","0.516","0.609","0.488","11.49%"
"02/21/2019","0.470","0.526","0.530","0.448","-3.69%"
"02/20/2019","0.488","0.439","0.520","0.427","14.02%"
"02/19/2019","0.428","0.374","0.487","0.361","12.34%"
"02/18/2019","0.381","0.426","0.444","0.359","-14.19%"
"02/15/2019","0.444","0.510","0.601","0.444","-9.02%"
"02/14/2019","0.488","0.457","0.538","0.457","4.27%"
"02/13/2019","0.468","0.549","0.551","0.462","-14.60%"
"02/12/2019","0.548","0.560","0.563","0.521","-8.05%"
"02/11/2019","0.596","0.684","0.721","0.578","-16.53%"
"02/09/2019","0.714","0.714","0.714","0.714","2.73%"
"02/08/2019","0.695","0.599","0.748","0.571","15.83%"
"02/07/2019","0.600","0.552","0.638","0.499","25.79%"
"02/06/2019","0.477","0.470","0.506","0.449","3.47%"
"02/05/2019","0.461","0.454","0.473","0.422","5.01%"
"02/04/2019","0.439","0.497","0.508","0.413","14.03%"
"02/02/2019","0.385","0.385","0.385","0.385","-10.26%"
"02/01/2019","0.429","0.299","0.481","0.286","51.06%"
"01/31/2019","0.284","0.243","0.307","0.243","-0.35%"
"01/30/2019","0.285","0.309","0.336","0.263","-1.04%"
"01/29/2019","0.288","0.336","0.342","0.278","-7.40%"
"01/28/2019","0.311","0.306","0.383","0.301","-18.59%"
"01/26/2019","0.382","0.382","0.382","0.382","25.25%"
"01/25/2019","0.305","0.278","0.341","0.259","7.02%"
"01/24/2019","0.285","0.334","0.341","0.276","-20.17%"
"01/23/2019","0.357","0.350","0.368","0.312","6.25%"
"01/22/2019","0.336","0.342","0.375","0.309","-1.75%"
"01/21/2019","0.342","0.315","0.388","0.313","6.21%"
"01/18/2019","0.322","0.327","0.366","0.282","-0.62%"
"01/17/2019","0.324","0.316","0.360","0.271","0.93%"
"01/16/2019","0.321","0.368","0.386","0.320","-21.13%"
"01/15/2019","0.407","0.422","0.443","0.390","-5.79%"
"01/14/2019","0.432","0.495","0.501","0.416","-11.48%"
"01/11/2019","0.488","0.509","0.528","0.455","-5.61%"
"01/10/2019","0.517","0.486","0.536","0.484","2.78%"
"01/09/2019","0.503","0.556","0.591","0.497","-10.82%"
"01/08/2019","0.564","0.533","0.580","0.512","7.02%"
"01/07/2019","0.527","0.473","0.575","0.471","6.68%"
"01/04/2019","0.494","0.507","0.535","0.486","-15.41%"
"01/03/2019","0.584","0.460","0.588","0.451","27.23%"
"01/02/2019","0.459","0.478","0.489","0.424","-11.90%"
"01/01/2019","0.521","0.510","0.521","0.495","0.58%"
"12/31/2018","0.518","0.518","0.518","0.518","5.07%"
"12/28/2018","0.493","0.527","0.538","0.458","-3.90%"
"12/27/2018","0.513","0.591","0.599","0.506","-13.64%"
"12/26/2018","0.594","0.594","0.594","0.594","0.51%"
"12/25/2018","0.591","0.566","0.591","0.566","-2.96%"
"12/24/2018","0.609","0.614","0.614","0.609","13.62%"
"12/22/2018","0.536","0.536","0.536","0.536","-2.19%"
"12/21/2018","0.548","0.489","0.564","0.468","27.44%"
"12/20/2018","0.430","0.486","0.486","0.391","-6.72%"
"12/19/2018","0.461","0.404","0.493","0.395","-17.83%"
"12/18/2018","0.561","0.576","0.608","0.559","-1.23%"
"12/17/2018","0.568","0.542","0.590","0.539","-4.22%"
"12/15/2018","0.593","0.593","0.593","0.593","3.85%"
"12/14/2018","0.571","0.557","0.591","0.527","1.42%"
"12/13/2018","0.563","0.492","0.574","0.463","-5.06%"
"12/12/2018","0.593","0.646","0.669","0.646","-11.89%"
"12/11/2018","0.673","0.703","0.742","0.667","-2.46%"
"12/10/2018","0.690","0.805","0.805","0.666","-14.18%"
"12/08/2018","0.804","0.804","0.804","0.804","8.36%"
"12/07/2018","0.742","0.743","0.753","0.704","-4.01%"
"12/06/2018","0.773","0.608","0.782","0.585","30.13%"
"12/05/2018","0.594","0.655","0.660","0.540","-9.31%"
"12/04/2018","0.655","0.709","0.717","0.649","-24.97%"
"12/03/2018","0.873","0.873","0.873","0.873","-1.58%"
"12/01/2018","0.887","0.853","0.887","0.853","4.11%"
"11/30/2018","0.852","0.841","0.903","0.822","-0.47%"
"11/29/2018","0.856","0.872","0.936","0.847","-7.16%"
"11/28/2018","0.922","0.910","0.941","0.833","4.42%"
"11/27/2018","0.883","0.850","0.884","0.818","-6.46%"
"11/26/2018","0.944","0.944","0.944","0.944","-6.44%"
"11/24/2018","1.009","1.009","1.009","1.009","-0.20%"
"11/23/2018","1.011","0.900","1.011","0.877","0.00%"
"11/22/2018","1.011","1.155","1.194","0.920","-10.69%"
"11/21/2018","1.132","1.275","1.298","1.127","-18.56%"
"11/20/2018","1.390","1.381","1.507","1.355","-0.29%"
"11/19/2018","1.394","1.348","1.414","1.274","4.26%"
"11/17/2018","1.337","1.337","1.337","1.337","-0.30%"
"11/16/2018","1.341","1.351","1.359","1.268","-1.40%"
"11/15/2018","1.360","1.318","1.395","1.293","1.80%"
"11/14/2018","1.336","1.356","1.395","1.291","4.29%"
"11/13/2018","1.281","1.275","1.332","1.255","1.03%"
"11/12/2018","1.268","1.201","1.290","1.200","5.67%"
"11/09/2018","1.200","1.211","1.263","1.191","1.35%"
"11/08/2018","1.184","1.171","1.223","1.159","4.78%"
"11/07/2018","1.130","1.157","1.157","1.106","-5.12%"
"11/06/2018","1.191","1.134","1.201","1.132","5.49%"
"11/05/2018","1.129","1.173","1.228","1.105","5.12%"
"11/02/2018","1.074","1.206","1.257","1.069","-13.94%"
"11/01/2018","1.248","1.317","1.318","1.202","-5.88%"
"10/31/2018","1.326","1.316","1.345","1.278","-5.96%"
"10/30/2018","1.410","1.229","1.440","1.199","12.71%"
"10/29/2018","1.251","1.313","1.313","1.153","-11.84%"
"10/26/2018","1.419","1.528","1.538","1.399","-4.25%"
"10/25/2018","1.482","1.565","1.565","1.467","-7.03%"
"10/24/2018","1.594","1.512","1.621","1.478","2.84%"
"10/23/2018","1.550","1.574","1.587","1.391","6.02%"
"10/22/2018","1.462","1.235","1.567","1.213","-12.14%"
"10/19/2018","1.664","1.853","2.013","1.580","-8.77%"
"10/18/2018","1.824","1.678","1.873","1.603","11.90%"
"10/17/2018","1.630","1.513","1.636","1.477","2.26%"
"10/16/2018","1.594","1.691","1.697","1.559","-9.33%"
"10/15/2018","1.758","1.762","1.793","1.713","-3.19%"
"10/13/2018","1.816","1.816","1.816","1.816","2.83%"
"10/12/2018","1.766","1.760","1.799","1.739","-1.01%"
"10/11/2018","1.784","1.700","1.850","1.700","5.62%"
"10/10/2018","1.689","1.822","1.832","1.582","-1.86%"
"10/09/2018","1.721","1.791","1.975","1.682","10.89%"
"10/08/2018","1.552","1.506","1.656","1.470","15.05%"
"10/06/2018","1.349","1.349","1.349","1.349","0.82%"
"10/05/2018","1.338","1.290","1.411","1.245","9.94%"
"10/04/2018","1.217","1.171","1.279","1.170","0.08%"
"10/03/2018","1.216","1.248","1.431","1.180","-16.48%"
"10/02/2018","1.456","1.450","1.630","1.370","6.12%"
"10/01/2018","1.372","1.183","1.380","1.051","59.16%"
"09/29/2018","0.862","0.862","0.862","0.862","-18.06%"
"09/28/2018","1.052","1.092","1.247","1.005","33.84%"
"09/27/2018","0.786","0.848","0.980","0.753","6.79%"
"09/26/2018","0.736","0.870","0.870","0.724","-12.90%"
"09/25/2018","0.845","0.832","0.868","0.788","-5.80%"
"09/24/2018","0.897","0.795","0.926","0.770","4.06%"
"09/22/2018","0.862","0.862","0.862","0.862","12.83%"
"09/21/2018","0.764","0.808","0.842","0.763","-8.17%"
"09/20/2018","0.832","0.749","0.854","0.695","13.20%"
"09/19/2018","0.735","0.628","0.751","0.601","16.85%"
"09/18/2018","0.629","0.752","0.755","0.594","-13.48%"
"09/17/2018","0.727","0.779","0.801","0.695","-4.72%"
"09/16/2018","0.763","0.753","0.765","0.753","-12.70%"
"09/15/2018","0.874","0.874","0.874","0.874","-0.34%"
"09/14/2018","0.877","0.866","0.890","0.839","3.91%"
"09/13/2018","0.844","0.854","0.871","0.794","2.30%"
"09/12/2018","0.825","0.845","0.859","0.707","5.36%"
"09/11/2018","0.783","0.702","0.797","0.679","2.89%"
"09/10/2018","0.761","0.867","0.867","0.744","-25.32%"
"09/08/2018","1.019","1.019","1.019","1.019","8.40%"
"09/07/2018","0.940","0.941","0.956","0.835","-6.19%"
"09/06/2018","1.002","1.053","1.086","0.928","-5.11%"
"09/05/2018","1.056","1.097","1.123","0.979","-9.74%"
"09/04/2018","1.170","1.321","1.329","1.140","-16.61%"
"09/03/2018","1.403","1.420","1.510","1.387","0.21%"
"09/01/2018","1.400","1.400","1.400","1.400","-6.04%"
"08/31/2018","1.490","1.332","1.492","1.304","10.86%"
"08/30/2018","1.344","1.156","1.423","1.155","12.85%"
"08/29/2018","1.191","1.268","1.294","1.178","-7.39%"
"08/28/2018","1.286","1.288","1.342","1.235","1.74%"
"08/27/2018","1.264","1.212","1.278","1.194","2.43%"
"08/25/2018","1.234","1.234","1.234","1.234","-0.72%"
"08/24/2018","1.243","1.136","1.249","1.136","7.16%"
"08/23/2018","1.160","1.100","1.168","1.072","3.02%"
"08/22/2018","1.126","1.062","1.126","0.984","7.75%"
"08/21/2018","1.045","1.192","1.214","1.031","-9.60%"
"08/20/2018","1.156","1.313","1.321","1.143","-15.74%"
"08/18/2018","1.372","1.372","1.372","1.372","6.03%"
"08/17/2018","1.294","1.293","1.337","1.256","-0.54%"
"08/16/2018","1.301","1.340","1.390","1.268","-8.06%"
"08/15/2018","1.415","1.278","1.431","1.181","12.75%"
"08/14/2018","1.255","1.211","1.313","1.203","-4.49%"
"08/13/2018","1.314","1.296","1.340","1.222","20.33%"
"08/11/2018","1.092","1.092","1.092","1.092","-7.30%"
"08/10/2018","1.178","1.060","1.201","1.025","18.39%"
"08/09/2018","0.995","0.970","1.046","0.935","1.12%"
"08/08/2018","0.984","0.899","0.993","0.857","7.31%"
"08/07/2018","0.917","0.988","0.988","0.908","-5.17%"
"08/06/2018","0.967","0.960","0.994","0.917","-6.03%"
"08/04/2018","1.029","1.029","1.029","1.029","-0.29%"
"08/03/2018","1.032","1.235","1.362","0.962","6.72%"
"08/02/2018","0.967","0.794","1.023","0.774","23.50%"
"08/01/2018","0.783","0.783","0.792","0.733","4.40%"
"07/31/2018","0.750","0.776","0.803","0.738","-6.37%"
"07/30/2018","0.801","0.790","0.814","0.762","9.28%"
"07/28/2018","0.733","0.733","0.733","0.733","-3.30%"
"07/27/2018","0.758","0.704","0.780","0.690","5.57%"
"07/26/2018","0.718","0.710","0.744","0.696","4.97%"
"07/25/2018","0.684","0.684","0.697","0.636","1.18%"
"07/24/2018","0.676","0.656","0.734","0.656","4.97%"
"07/23/2018","0.644","0.618","0.659","0.571","9.15%"
"07/21/2018","0.590","0.590","0.590","0.590","-3.28%"
"07/20/2018","0.610","0.641","0.667","0.576","10.31%"
"07/19/2018","0.553","0.566","0.583","0.523","-11.09%"
"07/18/2018","0.622","0.597","0.633","0.571","9.12%"
"07/17/2018","0.570","0.643","0.646","0.551","-15.93%"
"07/16/2018","0.678","0.695","0.700","0.637","-11.72%"
"07/14/2018","0.768","0.768","0.768","0.768","9.71%"
"07/13/2018","0.700","0.738","0.763","0.659","-4.50%"
"07/12/2018","0.733","0.804","0.852","0.707","-8.83%"
"07/11/2018","0.804","0.785","0.854","0.742","2.29%"
"07/10/2018","0.786","0.730","0.828","0.726","1.42%"
"07/09/2018","0.775","0.827","0.853","0.761","-8.72%"
"07/07/2018","0.849","0.849","0.849","0.849","-1.05%"
"07/06/2018","0.858","0.871","0.896","0.748","4.89%"
"07/05/2018","0.818","0.713","0.944","0.712","19.59%"
"07/04/2018","0.684","0.712","0.763","0.668","0.44%"
"07/03/2018","0.681","0.642","0.717","0.607","-0.15%"
"07/02/2018","0.682","0.748","0.810","0.670","-21.61%"
"06/30/2018","0.870","0.870","0.870","0.870","20.00%"
"06/29/2018","0.725","0.767","0.800","0.703","-15.99%"
"06/28/2018","0.863","0.884","0.952","0.857","-5.89%"
"06/27/2018","0.917","1.006","1.093","0.887","-11.91%"
"06/26/2018","1.041","0.996","1.106","0.996","2.56%"
"06/25/2018","1.015","0.951","1.063","0.943","7.07%"
"06/23/2018","0.948","0.948","0.948","0.948","4.41%"
"06/22/2018","0.908","0.809","0.916","0.736","-1.30%"
"06/21/2018","0.920","0.595","0.967","0.594","57.26%"
"06/20/2018","0.585","0.588","0.639","0.569","-4.57%"
"06/19/2018","0.613","0.610","0.673","0.561","11.66%"
"06/18/2018","0.549","0.641","0.673","0.525","-27.19%"
"06/17/2018","0.754","0.754","0.754","0.754","0.00%"
"06/16/2018","0.754","0.875","0.875","0.754","12.20%"
"06/15/2018","0.672","0.629","0.775","0.545","-17.24%"
"06/14/2018","0.812","0.953","1.097","0.790","-15.59%"
"06/13/2018","0.962","0.868","0.994","0.828","-7.77%"
"06/12/2018","1.043","1.051","1.073","0.859","-6.29%"
"06/11/2018","1.113","1.133","1.384","1.038","-22.98%"
"06/09/2018","1.445","1.445","1.445","1.445","-13.89%"
"06/08/2018","1.678","1.760","1.824","1.577","11.27%"
"06/07/2018","1.508","1.233","1.539","1.157","11.79%"
"06/06/2018","1.349","1.256","1.465","1.124","35.71%"
"06/05/2018","0.994","0.835","1.029","0.783","25.03%"
"06/04/2018","0.795","0.910","0.915","0.654","-22.74%"
"06/01/2018","1.029","0.712","1.086","0.648","-12.50%"
"05/31/2018","1.176","1.396","1.415","0.816","-40.85%"
"05/30/2018","1.988","2.448","2.448","1.596","-27.39%"
"05/29/2018","2.738","1.684","2.731","1.408","208.33%"
"05/28/2018","0.888","0.288","0.981","0.288","88.54%"
"05/25/2018","0.471","0.319","0.666","0.317","71.90%"
"05/24/2018","0.274","0.248","0.294","0.205","-3.86%"
"05/23/2018","0.285","0.203","0.306","0.201","50.00%"
"05/22/2018","0.190","0.226","0.244","0.151","-30.15%"
"05/21/2018","0.272","0.168","0.283","0.130","403.70%"
"05/20/2018","0.054","0.054","0.054","0.054","0.00%"
"05/19/2018","0.054","0.104","0.104","0.054","-37.21%"
"05/18/2018","0.086","0.051","0.113","0.031","145.71%"
"05/17/2018","0.035","0.055","0.108","0.003","-65.35%"
"05/16/2018","0.101","-0.034","0.116","-0.036","-240.28%"
"05/15/2018","-0.072","-0.106","-0.062","-0.129","-33.94%"
"05/14/2018","-0.109","-0.132","-0.087","-0.132","14.74%"
"05/12/2018","-0.095","-0.095","-0.095","-0.095","-29.63%"
"05/11/2018","-0.135","-0.106","-0.097","-0.140","43.62%"
"05/10/2018","-0.094","-0.118","-0.085","-0.147","-37.75%"
"05/09/2018","-0.151","-0.148","-0.135","-0.170","-6.21%"
"05/08/2018","-0.161","-0.178","-0.140","-0.179","-17.01%"
"05/07/2018","-0.194","-0.171","-0.160","-0.201","10.23%"
"05/04/2018","-0.176","-0.211","-0.164","-0.211","-12.00%"
"05/03/2018","-0.200","-0.173","-0.158","-0.210","10.50%"
"05/02/2018","-0.181","-0.172","-0.165","-0.188","9.04%"
"05/01/2018","-0.166","-0.159","-0.156","-0.166","-0.60%"
"04/30/2018","-0.167","-0.184","-0.152","-0.184","-10.22%"
"04/28/2018","-0.186","-0.189","-0.186","-0.189","1.64%"
"04/27/2018","-0.183","-0.190","-0.167","-0.194","-4.19%"
"04/26/2018","-0.191","-0.176","-0.166","-0.196","13.02%"
"04/25/2018","-0.169","-0.169","-0.139","-0.180","-0.59%"
"04/24/2018","-0.170","-0.163","-0.132","-0.173","8.97%"
"04/23/2018","-0.156","-0.165","-0.145","-0.176","-0.64%"
"04/21/2018","-0.157","-0.157","-0.157","-0.157","3.97%"
"04/20/2018","-0.151","-0.159","-0.128","-0.178","-38.62%"
"04/19/2018","-0.246","-0.267","-0.230","-0.267","-8.21%"
"04/18/2018","-0.268","-0.265","-0.251","-0.271","4.28%"
"04/17/2018","-0.257","-0.231","-0.221","-0.263","13.22%"
"04/16/2018","-0.227","-0.230","-0.216","-0.232","-6.89%"
"04/15/2018","-0.244","-0.244","-0.244","-0.244","5.77%"
"04/14/2018","-0.230","-0.238","-0.219","-0.238","-0.22%"
"04/13/2018","-0.231","-0.225","-0.203","-0.235","3.59%"
"04/12/2018","-0.223","-0.227","-0.208","-0.228","-3.88%"
"04/11/2018","-0.232","-0.235","-0.215","-0.236","0.43%"
"04/10/2018","-0.231","-0.244","-0.222","-0.250","-7.23%"
"04/09/2018","-0.249","-0.253","-0.236","-0.253","-1.31%"
"04/08/2018","-0.252","-0.252","-0.252","-0.252","0.44%"
"04/07/2018","-0.251","-0.246","-0.246","-0.251","3.37%"
"04/06/2018","-0.243","-0.264","-0.237","-0.266","-6.18%"
"04/05/2018","-0.259","-0.288","-0.251","-0.296","-9.44%"
"04/04/2018","-0.286","-0.245","-0.243","-0.290","11.72%"
"04/03/2018","-0.256","-0.256","-0.240","-0.260","-6.23%"
"04/02/2018","-0.273","-0.264","-0.264","-0.273","0.00%"
"03/30/2018","-0.273","-0.267","-0.265","-0.273","2.63%"
"03/29/2018","-0.266","-0.243","-0.218","-0.270","10.83%"
"03/28/2018","-0.240","-0.218","-0.203","-0.242","9.59%"
"03/27/2018","-0.219","-0.204","-0.186","-0.222","11.73%"
"03/26/2018","-0.196","-0.197","-0.169","-0.203","-14.67%"
"03/25/2018","-0.230","-0.230","-0.230","-0.230","2.64%"
"03/24/2018","-0.224","-0.201","-0.201","-0.224","3.13%"
"03/23/2018","-0.217","-0.215","-0.184","-0.221","3.83%"
"03/22/2018","-0.209","-0.191","-0.186","-0.217","19.43%"
"03/21/2018","-0.175","-0.206","-0.169","-0.210","-10.26%"
"03/20/2018","-0.195","-0.157","-0.152","-0.203","24.20%"
"03/19/2018","-0.157","-0.148","-0.119","-0.164","2.08%"
"03/18/2018","-0.154","-0.141","-0.141","-0.154","13.25%"
"03/17/2018","-0.136","-0.148","-0.136","-0.148","-0.88%"
"03/16/2018","-0.137","-0.112","-0.112","-0.158","0.00%"
"03/15/2018","-0.137","-0.138","-0.107","-0.143","-2.14%"
"03/14/2018","-0.140","-0.148","-0.134","-0.151","-4.76%"
"03/13/2018","-0.147","-0.141","-0.133","-0.151","1.38%"
"03/12/2018","-0.145","-0.128","-0.116","-0.146","2.62%"
"03/11/2018","-0.141","-0.141","-0.141","-0.141","5.37%"
"03/10/2018","-0.134","-0.135","-0.134","-0.135","2.37%"
"03/09/2018","-0.131","-0.137","-0.109","-0.142","-8.39%"
"03/08/2018","-0.143","-0.114","-0.097","-0.151","23.28%"
"03/07/2018","-0.116","-0.107","-0.104","-0.126","14.85%"
"03/06/2018","-0.101","-0.095","-0.066","-0.129","13.48%"
"03/05/2018","-0.089","-0.048","-0.047","-0.089","-9.18%"
"03/04/2018","-0.098","-0.098","-0.098","-0.098","6.06%"
"03/03/2018","-0.092","-0.090","-0.090","-0.092","7.44%"
"03/02/2018","-0.086","-0.105","-0.076","-0.113","-14.85%"
"03/01/2018","-0.101","-0.094","-0.080","-0.102","-0.98%"
"02/28/2018","-0.102","-0.080","-0.079","-0.105","22.89%"
"02/27/2018","-0.083","-0.084","-0.062","-0.089","15.28%"
"02/26/2018","-0.072","-0.061","-0.056","-0.076","10.09%"
"02/25/2018","-0.065","-0.065","-0.065","-0.065","12.76%"
"02/23/2018","-0.058","-0.072","-0.052","-0.077","-14.71%"
"02/22/2018","-0.068","-0.079","-0.065","-0.086","-19.05%"
"02/21/2018","-0.084","-0.087","-0.076","-0.093","-64.10%"
"02/20/2018","-0.234","-0.233","-0.220","-0.244","1.30%"
"02/19/2018","-0.231","-0.243","-0.223","-0.250","-11.60%"
"02/18/2018","-0.261","-0.254","-0.254","-0.261","8.88%"
"02/16/2018","-0.240","-0.225","-0.223","-0.251","4.35%"
"02/15/2018","-0.230","-0.241","-0.215","-0.241","-4.56%"
"02/14/2018","-0.241","-0.239","-0.224","-0.249","0.42%"
"02/13/2018","-0.240","-0.253","-0.221","-0.256","-4.76%"
"02/12/2018","-0.252","-0.226","-0.221","-0.254","0.64%"
"02/11/2018","-0.250","-0.250","-0.250","-0.250","3.47%"
"02/09/2018","-0.242","-0.243","-0.219","-0.252","-2.42%"
"02/08/2018","-0.248","-0.250","-0.231","-0.266","-3.50%"
"02/07/2018","-0.257","-0.242","-0.236","-0.265","6.20%"
"02/06/2018","-0.242","-0.250","-0.231","-0.250","0.83%"
"02/05/2018","-0.240","-0.211","-0.195","-0.246","1.10%"
"02/04/2018","-0.237","-0.237","-0.237","-0.237","4.58%"
"02/02/2018","-0.227","-0.252","-0.212","-0.255","-11.33%"
"02/01/2018","-0.256","-0.225","-0.215","-0.259","13.78%"
"01/31/2018","-0.225","-0.228","-0.214","-0.237","1.81%"
"01/30/2018","-0.221","-0.220","-0.200","-0.235","4.74%"
"01/29/2018","-0.211","-0.223","-0.193","-0.227","-13.06%"
"01/28/2018","-0.243","-0.243","-0.243","-0.243","3.19%"
"01/27/2018","-0.235","-0.235","-0.235","-0.235","9.40%"
"01/26/2018","-0.215","-0.250","-0.201","-0.252","-11.89%"
"01/25/2018","-0.244","-0.272","-0.231","-0.280","-4.69%"
"01/24/2018","-0.256","-0.248","-0.238","-0.259","0.79%"
"01/23/2018","-0.254","-0.253","-0.239","-0.259","2.83%"
"01/22/2018","-0.247","-0.241","-0.219","-0.253","2.11%"
"01/21/2018","-0.242","-0.242","-0.242","-0.242","9.46%"
"01/19/2018","-0.221","-0.239","-0.197","-0.255","-4.33%"
"01/18/2018","-0.231","-0.228","-0.213","-0.238","-0.43%"
"01/17/2018","-0.232","-0.230","-0.212","-0.237","0.43%"
"01/16/2018","-0.231","-0.230","-0.219","-0.253","2.67%"
"01/15/2018","-0.225","-0.215","-0.199","-0.231","-1.45%"
"01/14/2018","-0.228","-0.228","-0.228","-0.228","7.18%"
"01/12/2018","-0.213","-0.204","-0.195","-0.222","8.67%"
"01/11/2018","-0.196","-0.229","-0.187","-0.244","-11.71%"
"01/10/2018","-0.222","-0.228","-0.211","-0.236","-1.77%"
"01/09/2018","-0.226","-0.236","-0.215","-0.247","-2.16%"
"01/08/2018","-0.231","-0.240","-0.219","-0.240","-6.63%"
"01/07/2018","-0.247","-0.247","-0.247","-0.247","12.97%"
"01/05/2018","-0.219","-0.220","-0.199","-0.241","-1.79%"
"01/04/2018","-0.223","-0.195","-0.177","-0.225","13.20%"
"01/03/2018","-0.197","-0.161","-0.147","-0.205","43.80%"
"01/02/2018","-0.137","-0.187","-0.126","-0.196","-26.82%"
"01/01/2018","-0.187","-0.180","-0.166","-0.187","22.59%"
"12/30/2017","-0.153","-0.180","-0.153","-0.180","-3.35%"
"12/29/2017","-0.158","-0.212","-0.146","-0.212","-16.40%"
"12/28/2017","-0.189","-0.236","-0.170","-0.245","-18.53%"
"12/27/2017","-0.232","-0.241","-0.206","-0.254","-11.52%"
"12/26/2017","-0.262","-0.255","-0.250","-0.262","2.78%"
"12/25/2017","-0.255","-0.250","-0.238","-0.255","16.54%"
"12/23/2017","-0.219","-0.255","-0.219","-0.255","-10.65%"
"12/22/2017","-0.245","-0.218","-0.209","-0.255","7.93%"
"12/21/2017","-0.227","-0.223","-0.203","-0.240","0.00%"
"12/20/2017","-0.227","-0.262","-0.205","-0.273","-12.02%"
"12/19/2017","-0.258","-0.320","-0.249","-0.332","-17.57%"
"12/18/2017","-0.313","-0.295","-0.286","-0.326","-0.73%"
"12/17/2017","-0.315","-0.315","-0.315","-0.315","8.57%"
"12/16/2017","-0.290","-0.308","-0.290","-0.308","-1.22%"
"12/15/2017","-0.294","-0.308","-0.282","-0.318","-3.92%"
"12/14/2017","-0.306","-0.310","-0.290","-0.311","3.38%"
"12/13/2017","-0.296","-0.344","-0.287","-0.344","-13.95%"
"12/12/2017","-0.344","-0.359","-0.331","-0.373","-3.64%"
"12/11/2017","-0.357","-0.374","-0.355","-0.377","-6.00%"
"12/10/2017","-0.380","-0.378","-0.378","-0.380","2.51%"
"12/09/2017","-0.370","-0.370","-0.352","-0.370","0.68%"
"12/08/2017","-0.368","-0.374","-0.360","-0.376","-1.60%"
"12/07/2017","-0.374","-0.357","-0.345","-0.377","5.65%"
"12/06/2017","-0.354","-0.355","-0.341","-0.361","1.14%"
"12/05/2017","-0.350","-0.346","-0.339","-0.358","2.94%"
"12/04/2017","-0.340","-0.347","-0.321","-0.354","-3.82%"
"12/03/2017","-0.354","-0.354","-0.354","-0.354","1.99%"
"12/02/2017","-0.347","-0.336","-0.336","-0.347","1.94%"
"12/01/2017","-0.340","-0.333","-0.328","-0.357","2.41%"
"11/30/2017","-0.332","-0.306","-0.296","-0.340","6.75%"
"11/29/2017","-0.311","-0.317","-0.292","-0.326","0.32%"
"11/28/2017","-0.310","-0.298","-0.285","-0.317","6.90%"
"11/27/2017","-0.290","-0.308","-0.278","-0.313","-5.01%"
"11/26/2017","-0.305","-0.305","-0.305","-0.305","2.28%"
"11/25/2017","-0.299","-0.299","-0.293","-0.299","1.53%"
"11/24/2017","-0.294","-0.301","-0.282","-0.305","-2.97%"
"11/23/2017","-0.303","-0.315","-0.292","-0.315","-3.50%"
"11/22/2017","-0.314","-0.310","-0.293","-0.321","1.95%"
"11/21/2017","-0.308","-0.303","-0.297","-0.320","14.50%"
"11/20/2017","-0.269","-0.242","-0.242","-0.284","-4.81%"
"11/19/2017","-0.283","-0.276","-0.267","-0.283","2.43%"
"11/18/2017","-0.276","-0.267","-0.267","-0.276","5.31%"
"11/17/2017","-0.262","-0.255","-0.222","-0.281","4.38%"
"11/16/2017","-0.251","-0.254","-0.242","-0.263","2.87%"
"11/15/2017","-0.244","-0.242","-0.232","-0.259","3.39%"
"11/14/2017","-0.236","-0.225","-0.221","-0.247","2.16%"
"11/13/2017","-0.231","-0.241","-0.222","-0.244","-6.78%"
"11/12/2017","-0.248","-0.248","-0.248","-0.248","2.74%"
"11/11/2017","-0.241","-0.241","-0.232","-0.241","3.08%"
"11/10/2017","-0.234","-0.234","-0.203","-0.249","0.00%"
"11/09/2017","-0.234","-0.249","-0.223","-0.259","-6.77%"
"11/08/2017","-0.251","-0.260","-0.238","-0.262","-4.20%"
"11/07/2017","-0.262","-0.242","-0.233","-0.266","6.94%"
"11/06/2017","-0.245","-0.232","-0.224","-0.246","0.45%"
"11/05/2017","-0.244","-0.244","-0.244","-0.244","2.74%"
"11/04/2017","-0.237","-0.237","-0.233","-0.237","2.24%"
"11/03/2017","-0.232","-0.232","-0.222","-0.238","0.30%"
"11/02/2017","-0.231","-0.219","-0.216","-0.235","1.45%"
"11/01/2017","-0.228","-0.222","-0.214","-0.236","5.36%"
"10/31/2017","-0.217","-0.216","-0.200","-0.220","2.03%"
"10/30/2017","-0.212","-0.187","-0.183","-0.223","0.00%"
"10/29/2017","-0.212","-0.206","-0.206","-0.212","3.11%"
"10/28/2017","-0.206","-0.206","-0.193","-0.206","8.14%"
"10/27/2017","-0.190","-0.198","-0.176","-0.209","-3.10%"
"10/26/2017","-0.197","-0.161","-0.154","-0.197","18.59%"
"10/25/2017","-0.166","-0.169","-0.156","-0.176","-2.36%"
"10/24/2017","-0.170","-0.181","-0.160","-0.189","-9.45%"
"10/23/2017","-0.187","-0.183","-0.179","-0.195","1.35%"
"10/22/2017","-0.185","-0.179","-0.179","-0.185","3.53%"
"10/21/2017","-0.179","-0.179","-0.179","-0.179","3.24%"
"10/20/2017","-0.173","-0.163","-0.160","-0.181","-3.62%"
"10/19/2017","-0.179","-0.169","-0.163","-0.191","5.65%"
"10/18/2017","-0.170","-0.190","-0.164","-0.196","-3.68%"
"10/17/2017","-0.176","-0.169","-0.155","-0.182","5.88%"
"10/16/2017","-0.167","-0.145","-0.135","-0.167","11.89%"
"10/15/2017","-0.149","-0.149","-0.149","-0.149","7.35%"
"10/13/2017","-0.139","-0.143","-0.133","-0.152","8.27%"
"10/12/2017","-0.128","-0.131","-0.125","-0.145","0.95%"
"10/11/2017","-0.127","-0.117","-0.113","-0.131","-2.23%"
"10/10/2017","-0.130","-0.126","-0.108","-0.130","-1.52%"
"10/09/2017","-0.132","-0.140","-0.122","-0.147","-6.72%"
"10/08/2017","-0.141","-0.141","-0.141","-0.141","4.51%"
"10/07/2017","-0.135","-0.135","-0.135","-0.135","4.24%"
"10/06/2017","-0.130","-0.127","-0.112","-0.133","-7.09%"
"10/05/2017","-0.140","-0.128","-0.122","-0.148","2.35%"
"10/04/2017","-0.136","-0.157","-0.136","-0.161","-7.65%"
"10/03/2017","-0.148","-0.147","-0.142","-0.159","9.16%"
"10/02/2017","-0.135","-0.137","-0.127","-0.145","-8.33%"
"10/01/2017","-0.148","-0.148","-0.148","-0.148","4.24%"
"09/30/2017","-0.142","-0.142","-0.142","-0.156","-4.00%"
"09/29/2017","-0.147","-0.136","-0.136","-0.159","7.98%"
"09/28/2017","-0.137","-0.111","-0.104","-0.146","12.80%"
"09/27/2017","-0.121","-0.130","-0.107","-0.130","-3.51%"
"09/26/2017","-0.125","-0.133","-0.110","-0.134","-8.53%"
"09/25/2017","-0.137","-0.127","-0.105","-0.142","-5.38%"
"09/24/2017","-0.145","-0.145","-0.145","-0.145","4.24%"
"09/23/2017","-0.139","-0.139","-0.115","-0.139","4.82%"
"09/22/2017","-0.133","-0.144","-0.117","-0.147","7.54%"
"09/21/2017","-0.123","-0.117","-0.103","-0.141","-8.18%"
"09/20/2017","-0.134","-0.132","-0.125","-0.141","1.13%"
"09/19/2017","-0.133","-0.123","-0.115","-0.140","15.26%"
"09/18/2017","-0.115","-0.104","-0.099","-0.134","5.30%"
"09/17/2017","-0.109","-0.104","-0.098","-0.109","5.69%"
"09/16/2017","-0.104","-0.104","-0.098","-0.104","3.81%"
"09/15/2017","-0.100","-0.094","-0.080","-0.110","2.04%"
"09/14/2017","-0.098","-0.103","-0.084","-0.107","1.56%"
"09/13/2017","-0.096","-0.116","-0.087","-0.131","-21.90%"
"09/12/2017","-0.123","-0.137","-0.109","-0.139","-8.12%"
"09/11/2017","-0.134","-0.142","-0.131","-0.155","-7.96%"
"09/10/2017","-0.146","-0.146","-0.146","-0.146","4.22%"
"09/09/2017","-0.140","-0.140","-0.134","-0.140","-2.37%"
"09/08/2017","-0.143","-0.180","-0.132","-0.181","-19.36%"
"09/07/2017","-0.178","-0.097","-0.037","-0.178","77.70%"
"09/06/2017","-0.100","-0.124","-0.092","-0.133","-18.63%"
"09/05/2017","-0.123","-0.097","-0.091","-0.133","25.92%"
"09/04/2017","-0.098","-0.104","-0.094","-0.119","-20.26%"
"09/03/2017","-0.122","-0.122","-0.122","-0.122","4.97%"
"09/02/2017","-0.117","-0.117","-0.108","-0.117","8.36%"
"09/01/2017","-0.108","-0.103","-0.085","-0.113","8.69%"
"08/31/2017","-0.099","-0.071","-0.055","-0.107","52.54%"
"08/30/2017","-0.065","-0.073","-0.049","-0.073","-7.55%"
"08/29/2017","-0.070","-0.056","-0.044","-0.073","31.71%"
"08/28/2017","-0.053","-0.055","-0.018","-0.057","-8.26%"
"08/27/2017","-0.058","-0.066","-0.058","-0.066","-3.33%"
"08/26/2017","-0.060","-0.060","-0.060","-0.064","-2.28%"
"08/25/2017","-0.062","-0.065","-0.021","-0.065","8.08%"
"08/24/2017","-0.057","-0.072","-0.049","-0.072","-5.32%"
"08/23/2017","-0.060","-0.075","-0.048","-0.081","-15.35%"
"08/22/2017","-0.071","-0.096","-0.059","-0.101","-22.57%"
"08/21/2017","-0.092","-0.108","-0.088","-0.110","-19.63%"
"08/20/2017","-0.114","-0.114","-0.114","-0.114","5.16%"
"08/19/2017","-0.108","-0.108","-0.095","-0.108","28.71%"
"08/18/2017","-0.084","-0.099","-0.070","-0.116","-3.77%"
"08/17/2017","-0.088","-0.092","-0.085","-0.099","-9.41%"
"08/16/2017","-0.097","-0.101","-0.086","-0.106","-51.82%"
"08/15/2017","-0.201","-0.201","-0.181","-0.206","4.21%"
"08/14/2017","-0.193","-0.171","-0.171","-0.198","8.94%"
"08/13/2017","-0.177","-0.181","-0.177","-0.181","0.00%"
"08/12/2017","-0.177","-0.177","-0.161","-0.177","3.27%"
"08/11/2017","-0.171","-0.175","-0.138","-0.181","-5.21%"
"08/10/2017","-0.180","-0.187","-0.149","-0.190","-0.33%"
"08/09/2017","-0.181","-0.175","-0.160","-0.186","0.39%"
"08/08/2017","-0.180","-0.172","-0.143","-0.181","8.16%"
"08/07/2017","-0.167","-0.178","-0.136","-0.178","-4.80%"
"08/06/2017","-0.175","-0.176","-0.175","-0.180","-0.51%"
"08/05/2017","-0.176","-0.176","-0.176","-0.176","2.92%"
"08/04/2017","-0.171","-0.176","-0.132","-0.179","-3.06%"
"08/03/2017","-0.176","-0.176","-0.142","-0.179","6.33%"
"08/02/2017","-0.166","-0.169","-0.139","-0.179","-3.15%"
"08/01/2017","-0.171","-0.153","-0.129","-0.177","16.21%"
"07/31/2017","-0.147","-0.155","-0.118","-0.160","-3.22%"
"07/30/2017","-0.152","-0.156","-0.152","-0.156","0.40%"
"07/29/2017","-0.152","-0.152","-0.152","-0.152","0.40%"
"07/28/2017","-0.151","-0.155","-0.124","-0.157","-2.45%"
"07/27/2017","-0.155","-0.150","-0.126","-0.159","10.96%"
"07/26/2017","-0.140","-0.150","-0.113","-0.154","0.43%"
"07/25/2017","-0.139","-0.150","-0.124","-0.155","-5.83%"
"07/24/2017","-0.148","-0.149","-0.116","-0.155","-8.21%"
"07/23/2017","-0.161","-0.161","-0.161","-0.161","7.77%"
"07/21/2017","-0.149","-0.154","-0.129","-0.163","14.33%"
"07/20/2017","-0.131","-0.103","-0.094","-0.141","21.51%"
"07/19/2017","-0.107","-0.110","-0.097","-0.123","4.78%"
"07/18/2017","-0.102","-0.097","-0.093","-0.117","14.02%"
"07/17/2017","-0.090","-0.089","-0.082","-0.096","0.00%"
"07/16/2017","-0.090","-0.086","-0.086","-0.090","5.02%"
"07/14/2017","-0.086","-0.084","-0.055","-0.093","16.15%"
"07/13/2017","-0.074","-0.105","-0.058","-0.116","-30.80%"
"07/12/2017","-0.106","-0.077","-0.067","-0.115","51.28%"
"07/11/2017","-0.070","-0.080","-0.039","-0.089","-13.30%"
"07/10/2017","-0.081","-0.070","-0.051","-0.091","2.01%"
"07/09/2017","-0.080","-0.080","-0.080","-0.080","5.01%"
"07/08/2017","-0.076","-0.059","-0.059","-0.076","15.55%"
"07/07/2017","-0.066","-0.074","-0.055","-0.080","-8.25%"
"07/06/2017","-0.072","-0.088","-0.064","-0.096","-24.26%"
"07/05/2017","-0.094","-0.102","-0.084","-0.110","-12.35%"
"07/04/2017","-0.108","-0.095","-0.089","-0.111","12.30%"
"07/03/2017","-0.096","-0.075","-0.075","-0.111","24.87%"
"07/02/2017","-0.077","-0.073","-0.073","-0.077","5.06%"
"07/01/2017","-0.073","-0.073","-0.073","-0.073","-2.79%"
"06/30/2017","-0.075","-0.065","-0.059","-0.084","10.10%"
"06/29/2017","-0.068","-0.103","-0.052","-0.106","-42.07%"
"06/28/2017","-0.118","-0.090","-0.082","-0.119","23.20%"
"06/27/2017","-0.096","-0.145","-0.095","-0.169","-40.45%"
"06/26/2017","-0.161","-0.151","-0.135","-0.171","-6.41%"
"06/25/2017","-0.172","-0.168","-0.168","-0.172","2.26%"
"06/24/2017","-0.168","-0.168","-0.168","-0.168","7.35%"
"06/23/2017","-0.156","-0.156","-0.154","-0.178","-12.48%"
"06/22/2017","-0.179","-0.167","-0.165","-0.194","8.50%"
"06/21/2017","-0.165","-0.161","-0.155","-0.170","4.70%"
"06/20/2017","-0.157","-0.149","-0.144","-0.158","10.62%"
"06/19/2017","-0.142","-0.138","-0.133","-0.149","3.49%"
"06/18/2017","-0.137","-0.127","-0.127","-0.137","0.00%"
"06/17/2017","-0.137","-0.137","-0.127","-0.137","6.43%"
"06/16/2017","-0.129","-0.125","-0.123","-0.138","-2.27%"
"06/15/2017","-0.132","-0.139","-0.115","-0.141","-8.39%"
"06/14/2017","-0.144","-0.128","-0.123","-0.150","8.18%"
"06/13/2017","-0.133","-0.119","-0.116","-0.140","7.07%"
"06/12/2017","-0.124","-0.125","-0.117","-0.136","3.84%"
"06/11/2017","-0.120","-0.120","-0.120","-0.120","3.18%"
"06/10/2017","-0.116","-0.116","-0.116","-0.116","8.60%"
"06/09/2017","-0.107","-0.069","-0.065","-0.118","53.96%"
"06/08/2017","-0.069","-0.032","-0.023","-0.078","147.33%"
"06/07/2017","-0.028","-0.024","-0.022","-0.047","33.81%"
"06/06/2017","-0.021","-0.024","-0.015","-0.032","16.67%"
"06/05/2017","-0.018","-0.027","-0.011","-0.028","-49.86%"
"06/04/2017","-0.036","-0.036","-0.036","-0.036","10.80%"
"06/03/2017","-0.032","-0.032","-0.032","-0.032","69.63%"
"06/02/2017","-0.019","-0.031","-0.018","-0.040","-16.23%"
"06/01/2017","-0.023","-0.034","-0.009","-0.034","-44.66%"
"05/31/2017","-0.041","-0.042","-0.034","-0.064","-54.73%"
"05/30/2017","-0.091","-0.089","-0.069","-0.094","-16.97%"
"05/29/2017","-0.110","-0.129","-0.089","-0.133","-21.15%"
"05/28/2017","-0.139","-0.139","-0.139","-0.139","4.83%"
"05/27/2017","-0.133","-0.133","-0.133","-0.133","2.47%"
"05/26/2017","-0.129","-0.117","-0.089","-0.133","14.61%"
"05/25/2017","-0.113","-0.135","-0.103","-0.139","-13.22%"
"05/24/2017","-0.130","-0.134","-0.126","-0.138","-3.70%"
"05/23/2017","-0.135","-0.135","-0.124","-0.146","0.00%"
"05/22/2017","-0.135","-0.142","-0.123","-0.152","-10.83%"
"05/21/2017","-0.152","-0.152","-0.152","-0.152","11.64%"
"05/19/2017","-0.136","-0.152","-0.132","-0.160","-4.84%"
"05/18/2017","-0.143","-0.175","-0.133","-0.178","-8.06%"
"05/17/2017","-0.155","-0.123","-0.116","-0.159","36.17%"
"05/16/2017","-0.114","-0.078","-0.065","-0.119","64.83%"
"05/15/2017","-0.069","-0.065","-0.054","-0.086","-20.67%"
"05/14/2017","-0.087","-0.087","-0.087","-0.087","7.53%"
"05/13/2017","-0.081","-0.081","-0.081","-0.081","4.79%"
"05/12/2017","-0.077","-0.077","-0.045","-0.093","9.65%"
"05/11/2017","-0.071","-0.072","-0.048","-0.082","15.57%"
"05/10/2017","-0.061","-0.054","-0.037","-0.081","16.19%"
"05/09/2017","-0.052","-0.049","-0.027","-0.057","20.97%"
"05/08/2017","-0.043","-0.064","-0.023","-0.073","-40.47%"
"05/07/2017","-0.073","-0.067","-0.067","-0.073","8.97%"
"05/06/2017","-0.067","-0.067","-0.067","-0.067","8.96%"
"05/05/2017","-0.061","-0.060","-0.030","-0.070","46.54%"
"05/04/2017","-0.042","-0.033","-0.014","-0.051","39.20%"
"05/03/2017","-0.030","-0.020","0.009","-0.034","1,208.70%"
"05/02/2017","-0.002","-0.002","0.020","-0.014","-89.25%"
"05/01/2017","-0.021","-0.021","0.008","-0.021","34.59%"
"04/28/2017","-0.016","-0.017","0.004","-0.021","-17.19%"
"04/27/2017","-0.019","0.014","0.029","-0.019","-218.52%"
"04/26/2017","0.016","0.028","0.039","0.010","-8.99%"
"04/25/2017","0.018","0.008","0.030","0.008","9.20%"
"04/24/2017","0.016","0.016","0.035","0.009","-68.89%"
"04/23/2017","0.052","0.052","0.052","0.052","-9.81%"
"04/22/2017","0.058","0.058","0.058","0.058","-7.63%"
"04/21/2017","0.063","0.022","0.082","0.020","224.23%"
"04/20/2017","0.019","-0.005","0.042","-0.005","252.73%"
"04/19/2017","0.005","0.014","0.019","-0.007","-68.02%"
"04/18/2017","0.017","0.040","0.054","0.014","-72.26%"
"04/17/2017","0.062","0.035","0.066","0.026","119.86%"
"04/15/2017","0.028","0.028","0.028","0.028","-45.77%"
"04/14/2017","0.052","0.035","0.066","0.026","-21.45%"
"04/13/2017","0.066","0.035","0.066","0.026","34.28%"
"04/12/2017","0.049","0.050","0.081","0.038","-6.98%"
"04/11/2017","0.053","0.015","0.072","0.014","192.82%"
"04/10/2017","0.018","0.008","0.048","-0.002","-233.09%"
"04/09/2017","-0.014","-0.014","-0.014","-0.014","70.00%"
"04/08/2017","-0.008","-0.008","-0.008","-0.008","-167.23%"
"04/07/2017","0.012","0.003","0.013","-0.009","-47.81%"
"04/06/2017","0.023","0.006","0.031","-0.003","107.27%"
"04/05/2017","0.011","-0.005","0.016","-0.008","3,566.67%"
"04/04/2017","0.000","0.009","0.021","-0.008","-97.76%"
"04/03/2017","0.013","0.040","0.042","0.010","-22.99%"
"04/02/2017","0.017","0.017","0.017","0.017","-24.35%"
"04/01/2017","0.023","0.023","0.023","0.023","-48.20%"
"03/31/2017","0.044","0.012","0.060","0.002","244.19%"
"03/30/2017","0.013","0.002","0.024","-0.002","174.47%"
"03/29/2017","0.005","0.014","0.014","-0.010","-64.12%"
"03/28/2017","0.013","0.019","0.022","-0.001","84.51%"
"03/27/2017","0.007","0.005","0.024","0.001","0.00%"
"03/26/2017","0.007","0.013","0.013","0.007","-43.65%"
"03/25/2017","0.013","0.033","0.033","0.013","15.60%"
"03/24/2017","0.011","0.047","0.065","0.009","-75.72%"
"03/23/2017","0.045","0.045","0.053","0.031","10.59%"
"03/22/2017","0.041","0.041","0.059","0.033","-2.17%"
"03/21/2017","0.041","0.048","0.051","0.026","-31.97%"
"03/20/2017","0.061","0.062","0.068","0.049","25.77%"
"03/19/2017","0.049","0.049","0.049","0.049","-10.02%"
"03/18/2017","0.054","0.054","0.054","0.054","-31.60%"
"03/17/2017","0.079","0.065","0.083","0.053","74.72%"
"03/16/2017","0.045","0.030","0.056","0.025","0.00%"
"03/15/2017","0.045","0.083","0.087","0.041","-33.33%"
"03/14/2017","0.068","0.097","0.127","0.068","-21.54%"
"03/13/2017","0.087","0.079","0.118","0.069","30.33%"
"03/12/2017","0.067","0.061","0.067","0.061","-21.92%"
"03/10/2017","0.085","0.084","0.090","0.052","28.27%"
"03/09/2017","0.067","0.028","0.070","-0.003","144.49%"
"03/08/2017","0.027","0.002","0.035","-0.014","-444.30%"
"03/07/2017","-0.008","0.002","0.011","-0.009","-238.60%"
"03/06/2017","0.006","-0.019","0.011","-0.020","-130.65%"
"03/05/2017","-0.019","-0.019","-0.019","-0.019","39.85%"
"03/04/2017","-0.013","-0.013","0.018","-0.013","70.51%"
"03/03/2017","-0.008","0.051","0.056","-0.021","-112.34%"
"03/02/2017","0.063","0.065","0.091","0.053","-25.91%"
"03/01/2017","0.085","0.095","0.118","0.083","-25.24%"
"02/28/2017","0.114","0.110","0.117","0.086","0.00%"
"02/27/2017","0.114","0.117","0.133","0.102","4.00%"
"02/26/2017","0.110","0.098","0.110","0.098","6.18%"
"02/25/2017","0.104","0.104","0.104","0.104","-14.81%"
"02/24/2017","0.122","0.129","0.137","0.111","-1.94%"
"02/23/2017","0.124","0.106","0.137","0.106","10.33%"
"02/22/2017","0.112","0.091","0.143","0.091","21.54%"
"02/21/2017","0.092","0.040","0.101","0.040","108.58%"
"02/20/2017","0.044","0.034","0.053","0.024","128.35%"
"02/19/2017","0.019","0.019","0.019","0.019","-15.65%"
"02/17/2017","0.023","0.004","0.041","-0.005","180.49%"
"02/16/2017","0.008","0.017","0.037","-0.015","-56.38%"
"02/15/2017","0.019","0.013","0.032","0.002","-17.54%"
"02/14/2017","0.023","0.028","0.040","0.004","-33.72%"
"02/13/2017","0.034","0.038","0.058","0.027","45.15%"
"02/12/2017","0.024","0.020","0.024","0.020","-12.87%"
"02/10/2017","0.027","0.009","0.041","0.007","504.44%"
"02/09/2017","0.004","0.015","0.032","-0.007","-81.71%"
"02/08/2017","0.025","0.051","0.070","0.021","-53.58%"
"02/07/2017","0.053","0.077","0.084","0.040","-37.28%"
"02/06/2017","0.084","0.047","0.096","0.031","421.60%"
"02/05/2017","0.016","0.016","0.016","0.016","-66.74%"
"02/03/2017","0.049","0.021","0.061","0.012","75.18%"
"02/02/2017","0.028","0.064","0.072","0.017","-54.65%"
"02/01/2017","0.061","0.056","0.088","0.054","6.06%"
"01/31/2017","0.058","0.063","0.079","0.044","-31.03%"
"01/30/2017","0.084","0.030","0.103","0.030","4,090.00%"
"01/29/2017","0.002","0.002","0.002","0.002","-71.43%"
"01/28/2017","0.007","0.007","0.032","0.007","0.00%"
"01/27/2017","0.007","-0.025","0.035","-0.025","-134.48%"
"01/26/2017","-0.020","-0.064","-0.005","-0.064","-76.00%"
"01/25/2017","-0.085","-0.097","-0.071","-0.102","-3.64%"
"01/24/2017","-0.088","-0.102","-0.085","-0.112","-15.90%"
"01/23/2017","-0.104","-0.098","-0.064","-0.106","4.19%"
"01/22/2017","-0.100","-0.100","-0.100","-0.100","11.33%"
"01/20/2017","-0.090","-0.107","-0.075","-0.110","0.56%"
"01/19/2017","-0.090","-0.098","-0.079","-0.105","-13.94%"
"01/18/2017","-0.104","-0.104","-0.083","-0.117","-0.57%"
"01/17/2017","-0.105","-0.102","-0.080","-0.111","53.15%"
"01/16/2017","-0.068","-0.078","-0.052","-0.094","-31.01%"
"01/15/2017","-0.099","-0.099","-0.099","-0.099","12.12%"
"01/13/2017","-0.088","-0.082","-0.068","-0.093","36.90%"
"01/12/2017","-0.064","-0.093","-0.053","-0.094","-24.65%"
"01/11/2017","-0.086","-0.074","-0.052","-0.103","27.00%"
"01/10/2017","-0.067","-0.080","-0.039","-0.087","-9.65%"
"01/09/2017","-0.075","-0.068","-0.026","-0.086","2.19%"
"01/08/2017","-0.073","-0.073","-0.073","-0.073","40.66%"
"01/06/2017","-0.052","-0.098","-0.043","-0.098","-39.86%"
"01/05/2017","-0.086","-0.128","-0.083","-0.139","-24.36%"
"01/04/2017","-0.114","-0.148","-0.108","-0.151","-13.03%"
"01/03/2017","-0.131","-0.165","-0.126","-0.176","-1.50%"
"01/02/2017","-0.133","-0.159","-0.132","-0.177","-20.05%"
"01/01/2017","-0.167","-0.167","-0.167","-0.167","14.82%"
"12/30/2016","-0.145","-0.146","-0.128","-0.163","2.47%"
"12/29/2016","-0.142","-0.162","-0.120","-0.168","4.42%"
"12/28/2016","-0.136","-0.159","-0.127","-0.168","-8.69%"
"12/27/2016","-0.148","-0.116","-0.111","-0.154","7.14%"
"12/26/2016","-0.139","-0.134","-0.121","-0.140","2.97%"
"12/23/2016","-0.135","-0.135","-0.094","-0.142","8.81%"
"12/22/2016","-0.124","-0.134","-0.090","-0.139","1.56%"
"12/21/2016","-0.122","-0.112","-0.102","-0.138","14.80%"
"12/20/2016","-0.106","-0.105","-0.081","-0.114","9.04%"
"12/19/2016","-0.097","-0.096","-0.071","-0.115","-7.95%"
"12/18/2016","-0.106","-0.106","-0.106","-0.106","21.35%"
"12/16/2016","-0.087","-0.103","-0.072","-0.106","4.56%"
"12/15/2016","-0.083","-0.094","-0.082","-0.107","-17.11%"
"12/14/2016","-0.101","-0.076","-0.066","-0.125","66.94%"
"12/13/2016","-0.060","-0.044","-0.044","-0.086","298.68%"
"12/12/2016","-0.015","0.024","0.026","-0.021","-241.12%"
"12/11/2016","0.011","0.011","0.011","0.011","-48.31%"
"12/09/2016","0.021","0.057","0.062","0.013","-74.66%"
"12/08/2016","0.082","0.088","0.133","0.046","-16.46%"
"12/07/2016","0.098","0.108","0.119","0.080","-16.98%"
"12/06/2016","0.118","0.174","0.179","0.064","-33.78%"
"12/05/2016","0.178","0.218","0.241","0.175","5.77%"
"12/04/2016","0.168","0.168","0.168","0.168","-8.74%"
"12/02/2016","0.184","0.225","0.238","0.174","-28.37%"
"12/01/2016","0.257","0.212","0.259","0.200","20.35%"
"11/30/2016","0.214","0.235","0.255","0.205","-11.54%"
"11/29/2016","0.242","0.273","0.276","0.241","-12.65%"
"11/28/2016","0.277","0.263","0.283","0.241","12.30%"
"11/27/2016","0.246","0.246","0.246","0.246","-1.68%"
"11/26/2016","0.251","0.251","0.251","0.251","-5.29%"
"11/25/2016","0.265","0.248","0.280","0.246","1.15%"
"11/24/2016","0.262","0.205","0.262","0.197","21.39%"
"11/23/2016","0.215","0.174","0.235","0.172","30.21%"
"11/22/2016","0.166","0.178","0.181","0.154","-16.33%"
"11/21/2016","0.198","0.188","0.224","0.178","3.24%"
"11/20/2016","0.192","0.192","0.192","0.192","-2.44%"
"11/19/2016","0.196","0.196","0.196","0.175","1.97%"
"11/18/2016","0.193","0.226","0.228","0.159","-3.56%"
"11/17/2016","0.200","0.176","0.215","0.162","124.38%"
"11/16/2016","0.089","0.098","0.118","0.080","1.25%"
"11/15/2016","0.088","0.128","0.130","0.080","-35.27%"
"11/14/2016","0.136","0.118","0.172","0.115","26.33%"
"11/13/2016","0.108","0.108","0.108","0.108","4.67%"
"11/11/2016","0.103","0.059","0.126","0.058","136.64%"
"11/10/2016","0.043","0.007","0.063","0.002","329.70%"
"11/09/2016","0.010","0.004","0.030","0.001","-50.25%"
"11/08/2016","0.020","0.006","0.030","-0.010","29.30%"
"11/07/2016","0.016","0.023","0.044","-0.001","89.16%"
"11/06/2016","0.008","0.008","0.008","0.008","-41.55%"
"11/05/2016","0.014","0.014","0.014","0.014","-59.66%"
"11/04/2016","0.035","0.026","0.060","0.012","-2.49%"
"11/03/2016","0.036","0.038","0.065","0.014","-20.66%"
"11/02/2016","0.045","0.087","0.089","0.032","-44.85%"
"11/01/2016","0.083","0.062","0.105","0.052","74.42%"
"10/31/2016","0.047","0.042","0.083","0.036","39.94%"
"10/30/2016","0.034","0.034","0.034","0.034","-14.65%"
"10/29/2016","0.040","0.040","0.040","0.040","-11.01%"
"10/28/2016","0.045","0.013","0.071","0.007","772.55%"
"10/27/2016","0.005","-0.030","0.008","-0.036","-120.65%"
"10/26/2016","-0.025","-0.045","-0.004","-0.056","-54.17%"
"10/25/2016","-0.054","-0.055","-0.023","-0.065","0.00%"
"10/24/2016","-0.054","-0.049","-0.022","-0.059","-2.17%"
"10/23/2016","-0.055","-0.055","-0.055","-0.055","11.94%"
"10/22/2016","-0.049","-0.049","-0.049","-0.049","26.02%"
"10/21/2016","-0.039","-0.048","-0.016","-0.052","21.74%"
"10/20/2016","-0.032","-0.048","-0.011","-0.054","-1.83%"
"10/19/2016","-0.033","-0.047","-0.021","-0.057","-30.66%"
"10/18/2016","-0.047","-0.049","-0.017","-0.052","-2.87%"
"10/17/2016","-0.049","-0.047","-0.014","-0.059","-21.20%"
"10/16/2016","-0.062","-0.062","-0.062","-0.062","10.36%"
"10/15/2016","-0.056","-0.056","-0.056","-0.056","3.32%"
"10/14/2016","-0.054","-0.044","-0.019","-0.057","45.70%"
"10/13/2016","-0.037","-0.066","-0.026","-0.066","-13.69%"
"10/12/2016","-0.043","-0.054","-0.026","-0.061","-19.14%"
"10/11/2016","-0.053","-0.047","-0.032","-0.066","-4.48%"
"10/10/2016","-0.056","-0.063","-0.029","-0.065","-23.35%"
"10/09/2016","-0.073","-0.073","-0.073","-0.073","8.49%"
"10/08/2016","-0.067","-0.067","-0.067","-0.067","-0.89%"
"10/07/2016","-0.068","-0.054","-0.031","-0.069","2.42%"
"10/06/2016","-0.066","-0.065","-0.035","-0.074","-1.49%"
"10/05/2016","-0.067","-0.074","-0.037","-0.075","-8.08%"
"10/04/2016","-0.073","-0.079","-0.053","-0.089","0.00%"
"10/03/2016","-0.073","-0.089","-0.052","-0.089","-25.15%"
"10/02/2016","-0.097","-0.097","-0.097","-0.097","6.24%"
"10/01/2016","-0.091","-0.091","-0.091","-0.091","3.99%"
"09/30/2016","-0.088","-0.091","-0.057","-0.091","1.27%"
"09/29/2016","-0.087","-0.084","-0.056","-0.093","-1.03%"
"09/28/2016","-0.088","-0.096","-0.069","-0.096","23.21%"
"09/27/2016","-0.071","-0.095","-0.062","-0.104","-23.05%"
"09/26/2016","-0.092","-0.096","-0.071","-0.101","-11.58%"
"09/25/2016","-0.105","-0.099","-0.099","-0.105","5.77%"
"09/24/2016","-0.099","-0.099","-0.099","-0.099","20.19%"
"09/23/2016","-0.082","-0.093","-0.066","-0.104","-8.97%"
"09/22/2016","-0.090","-0.087","-0.066","-0.100","122.96%"
"09/21/2016","-0.041","-0.060","-0.041","-0.077","-38.91%"
"09/20/2016","-0.066","-0.056","-0.040","-0.071","51.72%"
"09/19/2016","-0.044","-0.034","-0.015","-0.052","-13.64%"
"09/18/2016","-0.051","-0.051","-0.051","-0.051","12.20%"
"09/17/2016","-0.045","-0.045","-0.045","-0.045","2,155.00%"
"09/16/2016","-0.002","-0.034","-0.001","-0.050","-94.55%"
"09/15/2016","-0.037","-0.024","0.003","-0.038","26.99%"
"09/14/2016","-0.029","-0.027","0.003","-0.042","7.84%"
"09/13/2016","-0.027","-0.034","-0.009","-0.048","-17.79%"
"09/12/2016","-0.033","-0.032","0.002","-0.040","-33.33%"
"09/11/2016","-0.049","-0.054","-0.049","-0.054","0.00%"
"09/10/2016","-0.049","-0.049","-0.035","-0.049","11.59%"
"09/09/2016","-0.044","-0.065","-0.033","-0.072","-28.46%"
"09/08/2016","-0.062","-0.101","-0.061","-0.106","-36.20%"
"09/07/2016","-0.096","-0.086","-0.076","-0.111","20.80%"
"09/06/2016","-0.080","-0.073","-0.057","-0.100","7.98%"
"09/05/2016","-0.074","-0.070","-0.034","-0.075","2.35%"
"09/04/2016","-0.072","-0.072","-0.072","-0.072","8.08%"
"09/03/2016","-0.067","-0.067","-0.067","-0.067","40.93%"
"09/02/2016","-0.047","-0.051","-0.033","-0.070","-3.66%"
"09/01/2016","-0.049","-0.067","-0.026","-0.073","-25.68%"
"08/31/2016","-0.066","-0.071","-0.052","-0.084","11.82%"
"08/30/2016","-0.059","-0.075","-0.043","-0.082","-8.64%"
"08/29/2016","-0.065","-0.074","-0.045","-0.082","-21.83%"
"08/28/2016","-0.083","-0.083","-0.083","-0.083","6.83%"
"08/27/2016","-0.078","-0.078","-0.078","-0.078","8.53%"
"08/26/2016","-0.072","-0.076","-0.048","-0.082","1.27%"
"08/25/2016","-0.071","-0.078","-0.049","-0.080","-5.61%"
"08/24/2016","-0.075","-0.079","-0.050","-0.082","-4.23%"
"08/23/2016","-0.078","-0.077","-0.055","-0.079","6.40%"
"08/22/2016","-0.073","-0.071","-0.049","-0.080","7.15%"
"08/21/2016","-0.068","-0.068","-0.068","-0.068","34.84%"
"08/19/2016","-0.051","-0.073","-0.041","-0.076","-13.16%"
"08/18/2016","-0.058","-0.072","-0.041","-0.073","-13.33%"
"08/17/2016","-0.068","-0.069","-0.034","-0.070","11.20%"
"08/16/2016","-0.061","-0.069","-0.036","-0.075","-15.10%"
"08/15/2016","-0.072","-0.069","-0.045","-0.079","3.03%"
"08/14/2016","-0.069","-0.070","-0.069","-0.075","-0.86%"
"08/13/2016","-0.070","-0.070","-0.070","-0.070","-7.16%"
"08/12/2016","-0.075","-0.045","-0.045","-0.075","31.59%"
"08/11/2016","-0.057","-0.065","-0.038","-0.086","-11.44%"
"08/10/2016","-0.065","-0.065","-0.032","-0.077","-4.85%"
"08/09/2016","-0.068","-0.064","-0.030","-0.076","16.04%"
"08/08/2016","-0.059","-0.028","-0.024","-0.068","-21.87%"
"08/07/2016","-0.075","-0.075","-0.075","-0.075","7.45%"
"08/06/2016","-0.070","-0.070","-0.070","-0.070","22.24%"
"08/05/2016","-0.057","-0.056","-0.031","-0.068","-4.67%"
"08/04/2016","-0.060","-0.032","-0.021","-0.072","58.89%"
"08/03/2016","-0.038","-0.034","-0.010","-0.047","2.45%"
"08/02/2016","-0.037","-0.035","-0.018","-0.047","3.95%"
"08/01/2016","-0.035","-0.045","-0.020","-0.054","-27.90%"
"07/31/2016","-0.049","-0.049","-0.049","-0.049","11.59%"
"07/30/2016","-0.044","-0.044","-0.044","-0.044","-3.51%"
"07/29/2016","-0.046","-0.027","-0.016","-0.047","57.24%"
"07/28/2016","-0.029","-0.030","-0.009","-0.043","-20.11%"
"07/27/2016","-0.036","-0.019","-0.010","-0.045","33.95%"
"07/26/2016","-0.027","-0.027","-0.001","-0.040","-23.88%"
"07/25/2016","-0.036","-0.043","-0.014","-0.049","0.00%"
"07/24/2016","-0.036","-0.042","-0.036","-0.042","-4.56%"
"07/23/2016","-0.037","-0.037","-0.037","-0.037","44.02%"
"07/22/2016","-0.026","-0.046","-0.014","-0.046","-25.79%"
"07/21/2016","-0.035","-0.041","-0.023","-0.052","-23.63%"
"07/20/2016","-0.046","-0.054","-0.029","-0.067","3.16%"
"07/19/2016","-0.044","-0.055","-0.031","-0.067","-12.62%"
"07/18/2016","-0.051","-0.035","-0.021","-0.055","11.43%"
"07/17/2016","-0.045","-0.045","-0.045","-0.045","12.07%"
"07/16/2016","-0.041","-0.041","-0.041","-0.041","29.71%"
"07/15/2016","-0.031","-0.042","-0.012","-0.047","-9.54%"
"07/14/2016","-0.035","-0.049","-0.022","-0.058","-33.97%"
"07/13/2016","-0.052","-0.061","-0.019","-0.068","-7.42%"
"07/12/2016","-0.057","-0.068","-0.039","-0.073","-6.91%"
"07/11/2016","-0.061","-0.063","-0.036","-0.072","-16.71%"
"07/10/2016","-0.073","-0.073","-0.073","-0.073","7.20%"
"07/09/2016","-0.068","-0.068","-0.068","-0.068","19.68%"
"07/08/2016","-0.057","-0.058","-0.037","-0.069","11.57%"
"07/07/2016","-0.051","-0.064","-0.027","-0.069","-29.75%"
"07/06/2016","-0.073","-0.078","-0.055","-0.085","-14.89%"
"07/05/2016","-0.085","-0.104","-0.062","-0.106","-16.37%"
"07/04/2016","-0.102","-0.093","-0.073","-0.102","7.37%"
"07/03/2016","-0.095","-0.095","-0.095","-0.095","0.00%"
"07/02/2016","-0.095","-0.095","-0.095","-0.095","-1.04%"
"07/01/2016","-0.096","-0.138","-0.083","-0.138","60.00%"
"06/30/2016","-0.060","-0.036","-0.029","-0.064","50.38%"
"06/29/2016","-0.040","-0.039","-0.023","-0.056","164.24%"
"06/28/2016","-0.015","0.019","0.019","-0.015","-134.32%"
"06/27/2016","0.044","0.089","0.095","0.038","-60.00%"
"06/26/2016","0.110","0.110","0.110","0.110","-4.01%"
"06/25/2016","0.115","0.115","0.115","0.115","36.27%"
"06/24/2016","0.084","0.159","0.183","0.057","439.10%"
"06/23/2016","0.016","0.027","0.038","0.013","-47.47%"
"06/22/2016","0.030","0.031","0.048","0.023","642.50%"
"06/21/2016","0.004","-0.019","0.008","-0.020","-154.05%"
"06/20/2016","-0.007","0.013","0.019","-0.027","-152.11%"
"06/19/2016","0.014","0.014","0.014","0.014","-8.39%"
"06/18/2016","0.015","0.015","0.015","0.015","-10.92%"
"06/17/2016","0.017","0.042","0.059","0.015","-77.01%"
"06/16/2016","0.076","0.053","0.077","0.046","43.64%"
"06/15/2016","0.053","0.062","0.072","0.034","-11.58%"
"06/14/2016","0.060","0.019","0.065","0.015","1,286.05%"
"06/13/2016","0.004","-0.014","0.018","-0.021","-115.87%"
"06/12/2016","-0.027","-0.027","-0.027","-0.027","5.45%"
"06/11/2016","-0.026","-0.026","-0.026","-0.026","-12.88%"
"06/10/2016","-0.030","-0.043","-0.011","-0.054","-41.70%"
"06/09/2016","-0.051","-0.056","-0.034","-0.059","45.82%"
"06/08/2016","-0.035","-0.058","-0.035","-0.066","-43.94%"
"06/07/2016","-0.062","-0.051","-0.043","-0.069","26.84%"
"06/06/2016","-0.049","-0.054","-0.041","-0.064","-26.17%"
"06/05/2016","-0.066","-0.065","-0.065","-0.066","2.16%"
"06/04/2016","-0.065","-0.065","-0.065","-0.065","0.94%"
"06/03/2016","-0.064","-0.063","-0.048","-0.070","9.76%"
"06/02/2016","-0.058","-0.058","-0.042","-0.068","-8.89%"
"06/01/2016","-0.064","-0.053","-0.049","-0.079","5.25%"
"05/31/2016","-0.061","-0.062","-0.050","-0.071","18.02%"
"05/30/2016","-0.052","-0.061","-0.044","-0.072","-25.33%"
"05/28/2016","-0.069","-0.052","-0.052","-0.069","17.52%"
"05/27/2016","-0.059","-0.057","-0.043","-0.070","11.79%"
"05/26/2016","-0.053","-0.070","-0.043","-0.080","-21.84%"
"05/25/2016","-0.067","-0.056","-0.039","-0.072","23.49%"
"05/24/2016","-0.054","-0.055","-0.036","-0.062","11.45%"
"05/23/2016","-0.049","-0.052","-0.037","-0.062","-6.86%"
"05/22/2016","-0.052","-0.054","-0.052","-0.054","0.00%"
"05/21/2016","-0.052","-0.052","-0.052","-0.052","28.12%"
"05/20/2016","-0.041","-0.048","-0.029","-0.053","11.75%"
"05/19/2016","-0.037","-0.038","-0.021","-0.046","-3.94%"
"05/18/2016","-0.038","-0.051","-0.029","-0.062","-21.93%"
"05/17/2016","-0.049","-0.058","-0.036","-0.060","0.00%"
"05/16/2016","-0.049","-0.051","-0.037","-0.064","-18.01%"
"05/15/2016","-0.059","-0.059","-0.059","-0.059","22.22%"
"05/13/2016","-0.049","-0.035","-0.030","-0.073","15.99%"
"05/12/2016","-0.042","-0.062","-0.030","-0.064","-26.49%"
"05/11/2016","-0.057","-0.055","-0.043","-0.065","-11.63%"
"05/10/2016","-0.064","-0.057","-0.040","-0.066","45.60%"
"05/09/2016","-0.044","-0.027","-0.023","-0.057","-3.90%"
"05/08/2016","-0.046","-0.046","-0.046","-0.046","2.90%"
"05/07/2016","-0.045","-0.045","-0.045","-0.045","4.19%"
"05/06/2016","-0.043","-0.040","-0.026","-0.055","23.92%"
"05/05/2016","-0.035","-0.039","-0.030","-0.050","-8.44%"
"05/04/2016","-0.038","-0.039","-0.029","-0.054","-1.30%"
"05/03/2016","-0.038","-0.043","-0.031","-0.054","12.28%"
"05/02/2016","-0.034","-0.035","-0.023","-0.052","0.00%"
"05/01/2016","-0.034","-0.041","-0.034","-0.041","23.47%"
"04/29/2016","-0.028","-0.022","-0.002","-0.034","33.82%"
"04/28/2016","-0.021","-0.016","-0.004","-0.029","168.83%"
"04/27/2016","-0.008","0.011","0.016","-0.018","3,750.00%"
"04/26/2016","0.000","-0.002","0.015","-0.008","-103.57%"
"04/25/2016","0.006","0.006","0.018","-0.006","-150.45%"
"04/24/2016","-0.011","-0.008","-0.008","-0.011","58.57%"
"04/23/2016","-0.007","-0.007","-0.007","-0.007","288.89%"
"04/22/2016","-0.002","0.004","0.013","-0.012","-152.94%"
"04/21/2016","0.003","-0.001","0.020","-0.004","-34.62%"
"04/20/2016","0.005","-0.003","0.014","-0.009","-425.00%"
"04/19/2016","-0.002","-0.003","0.013","-0.013","-71.43%"
"04/18/2016","-0.006","0.014","0.023","-0.012","460.00%"
"04/17/2016","-0.001","0.002","0.002","-0.001","-133.33%"
"04/16/2016","0.003","0.003","0.003","-0.001","57.89%"
"04/15/2016","0.002","0.007","0.020","-0.001","-87.33%"
"04/14/2016","0.015","0.014","0.023","0.006","97.37%"
"04/13/2016","0.008","0.010","0.027","-0.002","-63.29%"
"04/12/2016","0.021","0.013","0.026","0.007","42.76%"
"04/11/2016","0.014","0.017","0.032","0.002","54.26%"
"04/10/2016","0.009","0.015","0.015","0.009","-37.33%"
"04/09/2016","0.015","0.032","0.032","0.015","-42.97%"
"04/08/2016","0.026","0.036","0.041","0.011","-54.58%"
"04/07/2016","0.058","0.008","0.061","-0.002","313.57%"
"04/06/2016","0.014","0.004","0.021","0.001","47.37%"
"04/05/2016","0.009","-0.011","0.016","-0.012","-963.64%"
"04/04/2016","-0.001","-0.018","0.003","-0.020","-95.90%"
"04/03/2016","-0.027","-0.005","-0.005","-0.027","436.00%"
"04/02/2016","-0.005","-0.015","-0.005","-0.027","-66.67%"
"04/01/2016","-0.015","-0.012","-0.001","-0.022","70.45%"
"03/31/2016","-0.009","0.003","0.011","-0.014","-351.43%"
"03/30/2016","0.004","0.006","0.015","0.002","-63.54%"
"03/29/2016","0.010","0.012","0.019","-0.002","5.49%"
"03/28/2016","0.009","0.011","0.033","-0.017","-71.83%"
"03/25/2016","0.032","-0.002","0.036","-0.017","85.63%"
"03/24/2016","0.017","-0.002","0.029","-0.004","461.29%"
"03/23/2016","0.003","-0.010","0.018","-0.014","-129.52%"
"03/22/2016","-0.010","-0.016","-0.007","-0.018","-41.99%"
"03/21/2016","-0.018","-0.014","0.001","-0.020","94.62%"
"03/19/2016","-0.009","-0.008","0.005","-0.013","69.09%"
"03/18/2016","-0.005","-0.016","-0.001","-0.022","-43.88%"
"03/17/2016","-0.010","-0.025","-0.005","-0.028","66.10%"
"03/16/2016","-0.006","-0.025","-0.004","-0.034","-62.18%"
"03/15/2016","-0.016","-0.055","-0.015","-0.056","-69.53%"
"03/14/2016","-0.051","-0.069","-0.050","-0.072","-6.57%"
"03/12/2016","-0.055","-0.055","-0.046","-0.059","-3.86%"
"03/11/2016","-0.057","-0.071","-0.046","-0.079","28.09%"
"03/10/2016","-0.045","-0.071","-0.043","-0.130","-28.69%"
"03/09/2016","-0.062","-0.075","-0.060","-0.075","-13.21%"
"03/08/2016","-0.072","-0.070","-0.061","-0.075","11.82%"
"03/07/2016","-0.064","-0.062","-0.058","-0.072","66.58%"
"03/05/2016","-0.039","-0.044","-0.016","-0.058","-31.92%"
"03/04/2016","-0.057","-0.064","-0.046","-0.068","-5.18%"
"03/03/2016","-0.060","-0.046","-0.036","-0.067","50.25%"
"03/02/2016","-0.040","-0.044","-0.038","-0.060","-4.78%"
"03/01/2016","-0.042","-0.026","-0.021","-0.051","19.77%"
"02/29/2016","-0.035","0.022","0.023","-0.039","-236.86%"
"02/27/2016","0.025","0.021","0.030","0.021","6.69%"
"02/26/2016","0.024","0.023","0.029","0.014","-25.08%"
"02/25/2016","0.032","0.038","0.041","0.025","5.63%"
"02/24/2016","0.030","0.034","0.050","0.030","-21.76%"
"02/23/2016","0.039","0.043","0.048","0.030","-8.75%"
"02/22/2016","0.042","0.045","0.103","0.031","-14.72%"
"02/20/2016","0.050","0.042","0.061","0.042","-4.98%"
"02/19/2016","0.052","0.051","0.062","0.036","16.52%"
"02/18/2016","0.045","0.047","0.053","0.028","-33.23%"
"02/17/2016","0.067","0.070","0.076","0.055","-3.03%"
"02/16/2016","0.069","0.048","0.078","0.048","17.89%"
"02/15/2016","0.059","0.056","0.072","0.045","-29.36%"
"02/14/2016","0.083","0.089","0.089","0.083","-2.35%"
"02/13/2016","0.085","0.093","0.093","0.083","2.41%"
"02/12/2016","0.083","0.094","0.124","0.080","-28.79%"
"02/11/2016","0.117","0.059","0.156","0.059","156.48%"
"02/10/2016","0.045","0.049","0.053","0.035","-44.92%"
"02/09/2016","0.083","0.083","0.119","0.043","42.91%"
"02/08/2016","0.058","-0.002","0.062","-0.008","-1,003.13%"
"02/06/2016","-0.006","0.019","0.019","-0.006","-328.57%"
"02/05/2016","0.003","-0.010","0.004","-0.021","-123.33%"
"02/04/2016","-0.012","-0.020","-0.006","-0.025","-40.00%"
"02/03/2016","-0.020","-0.007","0.010","-0.021","1,150.00%"
"02/02/2016","-0.002","-0.012","0.007","-0.021","-79.22%"
"02/01/2016","-0.008","-0.020","0.007","-0.020","-302.63%"
"01/31/2016","0.004","-0.023","0.004","-0.023","-117.76%"
"01/30/2016","-0.021","-0.021","-0.009","-0.021","120.62%"
"01/29/2016","-0.010","0.002","0.023","-0.012","-179.51%"
"01/28/2016","0.012","0.004","0.034","-0.007","-971.43%"
"01/27/2016","-0.001","0.000","0.027","-0.004","-118.18%"
"01/26/2016","0.008","0.002","0.016","-0.008","6.94%"
"01/25/2016","0.007","0.001","0.015","-0.005","176.92%"
"01/24/2016","0.003","0.008","0.008","0.002","-44.68%"
"01/23/2016","0.005","0.004","0.013","0.003","-45.98%"
"01/22/2016","0.009","-0.005","0.011","-0.012","-39.16%"
"01/21/2016","0.014","0.066","0.073","0.004","-73.47%"
"01/20/2016","0.054","0.023","0.060","0.013","153.05%"
"01/19/2016","0.021","0.021","0.042","0.017","-8.58%"
"01/18/2016","0.023","0.024","0.041","0.008","-606.52%"
"01/17/2016","-0.005","0.020","0.022","-0.005","-122.66%"
"01/16/2016","0.020","0.013","0.045","0.013","79.65%"
"01/15/2016","0.011","0.017","0.036","0.003","-42.93%"
"01/14/2016","0.020","0.013","0.038","-0.001","47.76%"
"01/13/2016","0.013","0.010","0.034","-0.004","143.64%"
"01/12/2016","0.005","0.010","0.028","0.000","10.00%"
"01/11/2016","0.005","-0.006","0.024","-0.016","-192.59%"
"01/10/2016","-0.005","-0.004","-0.004","-0.005","22.73%"
"01/09/2016","-0.004","0.013","0.013","-0.004","-36.23%"
"01/08/2016","-0.007","0.010","0.020","-0.022","-136.70%"
"01/07/2016","0.019","-0.007","0.023","-0.030","-293.81%"
"01/06/2016","-0.010","-0.016","0.008","-0.028","56.45%"
"01/05/2016","-0.006","0.010","0.014","-0.017","-159.62%"
"01/04/2016","0.010","0.013","0.032","0.000","-68.58%"
"01/03/2016","0.033","0.025","0.034","0.025","34.55%"
"01/02/2016","0.025","0.067","0.067","0.025","-63.39%"
"01/01/2016","0.067","0.034","0.070","0.034","98.23%"
"12/31/2015","0.034","0.039","0.039","0.031","4.63%"
"12/30/2015","0.032","0.035","0.043","0.018","1.89%"
"12/29/2015","0.032","0.051","0.058","0.019","-42.29%"
"12/28/2015","0.055","0.073","0.093","0.025","-63.68%"
"12/26/2015","0.152","0.136","0.152","0.136","11.46%"
"12/25/2015","0.136","0.096","0.169","0.096","-4.49%"
"12/24/2015","0.142","0.077","0.154","0.054","81.99%"
"12/23/2015","0.078","0.120","0.127","0.078","-22.55%"
"12/22/2015","0.101","0.114","0.131","0.090","-8.17%"
"12/21/2015","0.110","0.142","0.157","0.110","-12.48%"
"12/20/2015","0.126","0.134","0.134","0.126","-6.47%"
"12/19/2015","0.134","0.137","0.143","0.126","13.89%"
"12/18/2015","0.118","0.139","0.145","0.111","-13.35%"
"12/17/2015","0.136","0.168","0.168","0.130","-11.78%"
"12/16/2015","0.154","0.167","0.178","0.149","-8.15%"
"12/15/2015","0.168","0.166","0.184","0.143","18.70%"
"12/14/2015","0.142","0.124","0.159","0.123","15.58%"
"12/13/2015","0.123","0.123","0.123","0.123","-0.65%"
"12/12/2015","0.123","0.122","0.123","0.109","7.96%"
"12/11/2015","0.114","0.112","0.137","0.099","-3.95%"
"12/10/2015","0.119","0.091","0.126","0.089","12.05%"
"12/09/2015","0.106","0.091","0.118","0.079","29.67%"
"12/08/2015","0.082","0.077","0.097","0.061","0.00%"
"12/07/2015","0.082","0.097","0.113","0.078","-39.96%"
"12/06/2015","0.136","0.106","0.136","0.105","28.32%"
"12/05/2015","0.106","0.115","0.115","0.106","-2.21%"
"12/04/2015","0.109","0.119","0.164","0.091","1.02%"
"12/03/2015","0.108","-0.022","0.163","-0.038","-857.75%"
"12/02/2015","-0.014","0.004","0.025","-0.021","-455.00%"
"12/01/2015","0.004","0.032","0.043","-0.007","-85.40%"
"11/30/2015","0.027","0.011","0.050","-0.002","66.06%"
"11/29/2015","0.016","-0.006","0.016","-0.006","-411.32%"
"11/28/2015","-0.005","-0.005","0.025","-0.005","-160.92%"
"11/27/2015","0.009","-0.017","0.015","-0.038","-180.56%"
"11/26/2015","-0.011","-0.018","0.021","-0.034","107.69%"
"11/25/2015","-0.005","0.046","0.052","-0.026","-111.11%"
"11/24/2015","0.047","0.054","0.062","0.031","-17.17%"
"11/23/2015","0.056","0.049","0.077","0.048","-13.48%"
"11/22/2015","0.065","0.066","0.066","0.065","-1.36%"
"11/21/2015","0.066","0.066","0.066","0.050","24.44%"
"11/20/2015","0.053","0.075","0.080","0.051","-21.19%"
"11/19/2015","0.068","0.079","0.090","0.054","-6.77%"
"11/18/2015","0.072","0.071","0.098","0.063","-10.62%"
"11/17/2015","0.081","0.079","0.100","0.073","1.25%"
"11/16/2015","0.080","0.083","0.128","0.076","-2.79%"
"11/15/2015","0.082","0.082","0.082","0.082","-1.08%"
"11/14/2015","0.083","0.083","0.084","0.079","-6.20%"
"11/13/2015","0.089","0.092","0.104","0.079","2.78%"
"11/12/2015","0.086","0.097","0.101","0.078","4.23%"
"11/11/2015","0.083","0.102","0.123","0.074","-19.14%"
"11/10/2015","0.102","0.103","0.116","0.086","-23.47%"
"11/09/2015","0.134","0.158","0.175","0.131","-13.45%"
"11/08/2015","0.155","0.150","0.157","0.148","-2.03%"
"11/07/2015","0.158","0.158","0.158","0.145","7.79%"
"11/06/2015","0.146","0.116","0.163","0.099","246.92%"
"11/05/2015","0.042","0.055","0.072","0.036","-13.88%"
"11/04/2015","0.049","0.045","0.073","0.037","-3.92%"
"11/03/2015","0.051","0.060","0.077","0.045","-8.93%"
"11/02/2015","0.056","0.054","0.080","0.040","24.44%"
"11/01/2015","0.045","0.036","0.045","0.036","18.42%"
"10/31/2015","0.038","0.047","0.047","0.038","-15.56%"
"10/30/2015","0.045","0.033","0.073","0.027","4.65%"
"10/29/2015","0.043","0.026","0.056","0.018","79.17%"
"10/28/2015","0.024","0.021","0.049","0.006","33.33%"
"10/27/2015","0.018","0.028","0.054","0.012","-37.93%"
"10/26/2015","0.029","0.015","0.050","0.006","45.00%"
"10/25/2015","0.020","0.016","0.020","0.016","11.11%"
"10/24/2015","0.018","0.018","0.030","0.018","-18.18%"
"10/23/2015","0.022","-0.006","0.047","-0.007","-15.38%"
"10/22/2015","0.026","0.093","0.119","0.022","-71.11%"
"10/21/2015","0.090","0.099","0.122","0.085","-10.89%"
"10/20/2015","0.101","0.080","0.111","0.076","23.17%"
"10/19/2015","0.082","0.088","0.112","0.073","-15.46%"
"10/18/2015","0.097","0.080","0.101","0.078","21.25%"
"10/17/2015","0.080","0.080","0.093","0.080","-6.98%"
"10/16/2015","0.086","0.086","0.112","0.079","-4.44%"
"10/15/2015","0.090","0.096","0.116","0.077","-3.23%"
"10/14/2015","0.093","0.081","0.110","0.077","9.41%"
"10/13/2015","0.085","0.087","0.120","0.078","-2.30%"
"10/12/2015","0.087","0.088","0.110","0.079","16.00%"
"10/11/2015","0.075","0.077","0.093","0.075","-2.60%"
"10/10/2015","0.077","0.077","0.093","0.077","-6.10%"
"10/09/2015","0.082","0.092","0.112","0.073","-4.65%"
"10/08/2015","0.086","0.082","0.111","0.074","-3.37%"
"10/07/2015","0.089","0.096","0.119","0.082","-1.11%"
"10/06/2015","0.090","0.080","0.112","0.078","18.42%"
"10/05/2015","0.076","0.079","0.107","0.070","-17.39%"
"10/04/2015","0.092","0.081","0.092","0.081","-29.23%"
"10/03/2015","0.130","0.082","0.130","0.076","60.49%"
"10/02/2015","0.081","0.111","0.141","0.074","-30.17%"
"10/01/2015","0.116","0.136","0.163","0.111","-12.12%"
"09/30/2015","0.132","0.138","0.178","0.127","-4.35%"
"09/29/2015","0.138","0.151","0.171","0.136","-9.21%"
"09/28/2015","0.152","0.156","0.177","0.142","-2.56%"
"09/27/2015","0.156","0.149","0.179","0.147","4.70%"
"09/26/2015","0.149","0.149","0.167","0.149","-3.87%"
"09/25/2015","0.155","0.149","0.177","0.140","13.14%"
"09/24/2015","0.137","0.149","0.168","0.129","-1.44%"
"09/23/2015","0.139","0.141","0.169","0.131","-2.80%"
"09/22/2015","0.143","0.159","0.199","0.140","-20.11%"
"09/21/2015","0.179","0.148","0.179","0.136","17.76%"
"09/20/2015","0.152","0.135","0.152","0.135","11.76%"
"09/19/2015","0.136","0.136","0.154","0.129","-5.56%"
"09/18/2015","0.144","0.131","0.197","0.129","-13.77%"
"09/17/2015","0.167","0.178","0.220","0.152","10.60%"
"09/16/2015","0.151","0.134","0.168","0.122","18.90%"
"09/15/2015","0.127","0.099","0.167","0.097","-14.77%"
"09/14/2015","0.149","0.122","0.170","0.113","2.05%"
"09/13/2015","0.146","0.110","0.146","0.110","30.36%"
"09/12/2015","0.112","0.112","0.134","0.112","-5.08%"
"09/11/2015","0.118","0.111","0.149","0.099","13.46%"
"09/10/2015","0.104","0.104","0.149","0.090","-7.96%"
"09/09/2015","0.113","0.083","0.146","0.083","36.14%"
"09/08/2015","0.083","0.101","0.150","0.078","-15.31%"
"09/07/2015","0.098","0.075","0.135","0.072","12.64%"
"09/06/2015","0.087","0.094","0.094","0.086","0.00%"
"09/05/2015","0.087","0.104","0.107","0.086","-10.31%"
"09/04/2015","0.097","0.128","0.162","0.094","-28.15%"
"09/03/2015","0.135","0.185","0.231","0.132","-26.63%"
"09/02/2015","0.184","0.203","0.240","0.179","-1.08%"
"09/01/2015","0.186","0.191","0.239","0.182","3.91%"
"08/31/2015","0.179","0.197","0.228","0.175","-5.79%"
"08/29/2015","0.190","0.215","0.215","0.190","3.26%"
"08/28/2015","0.184","0.187","0.241","0.178","-2.65%"
"08/27/2015","0.189","0.200","0.245","0.181","-4.06%"
"08/26/2015","0.197","0.181","0.236","0.173","13.22%"
"08/25/2015","0.174","0.177","0.223","0.161","4.82%"
"08/24/2015","0.166","0.154","0.206","0.148","21.17%"
"08/22/2015","0.137","0.134","0.148","0.134","-0.72%"
"08/21/2015","0.138","0.134","0.168","0.128","15.97%"
"08/20/2015","0.119","0.118","0.167","0.106","-3.25%"
"08/19/2015","0.123","0.128","0.168","0.115","0.00%"
"08/18/2015","0.123","0.104","0.167","0.103","4.24%"
"08/17/2015","0.118","0.070","0.137","0.068","26.88%"
"08/15/2015","0.093","0.107","0.107","0.093","-2.11%"
"08/14/2015","0.095","0.080","0.137","0.075","6.74%"
"08/13/2015","0.089","0.072","0.105","0.063","48.33%"
"08/12/2015","0.060","0.063","0.104","0.052","7.14%"
"08/11/2015","0.056","0.061","0.110","0.053","-32.53%"
"08/10/2015","0.083","0.067","0.113","0.053","29.69%"
"08/08/2015","0.064","0.064","0.064","0.064","-3.03%"
"08/07/2015","0.066","0.062","0.102","0.062","0.00%"
"08/06/2015","0.066","0.092","0.117","0.056","-19.51%"
"08/05/2015","0.082","0.078","0.122","0.065","6.49%"
"08/04/2015","0.077","0.084","0.135","0.069","-22.22%"
"08/03/2015","0.099","0.114","0.152","0.091","-1.00%"
"08/02/2015","0.100","0.103","0.113","0.100","-2.91%"
"08/01/2015","0.103","0.101","0.109","0.101","7.29%"
"07/31/2015","0.096","0.099","0.134","0.095","-7.69%"
"07/30/2015","0.104","0.121","0.150","0.092","-15.45%"
"07/29/2015","0.123","0.118","0.168","0.112","-1.60%"
"07/28/2015","0.125","0.141","0.188","0.122","-11.35%"
"07/27/2015","0.141","0.136","0.183","0.135","13.71%"
"07/25/2015","0.124","0.127","0.132","0.124","-1.59%"
"07/24/2015","0.126","0.120","0.171","0.119","0.00%"
"07/23/2015","0.126","0.127","0.171","0.122","-3.82%"
"07/22/2015","0.131","0.136","0.169","0.127","-10.27%"
"07/21/2015","0.146","0.119","0.161","0.112","17.74%"
"07/20/2015","0.124","0.163","0.194","0.107","-1.59%"
"07/18/2015","0.126","0.127","0.141","0.126","-9.35%"
"07/17/2015","0.139","0.162","0.184","0.134","-13.12%"
"07/16/2015","0.160","0.166","0.182","0.156","-15.34%"
"07/15/2015","0.189","0.211","0.214","0.176","-12.09%"
"07/14/2015","0.215","0.224","0.253","0.212","-6.11%"
"07/13/2015","0.229","0.236","0.277","0.226","-17.92%"
"07/11/2015","0.279","0.262","0.280","0.262","1.09%"
"07/10/2015","0.276","0.267","0.292","0.229","-14.81%"
"07/09/2015","0.324","0.344","0.386","0.314","-4.99%"
"07/08/2015","0.341","0.388","0.414","0.327","-13.01%"
"07/07/2015","0.392","0.419","0.432","0.366","-5.31%"
"07/06/2015","0.414","0.431","0.469","0.398","12.20%"
"07/04/2015","0.369","0.384","0.384","0.358","-3.91%"
"07/03/2015","0.384","0.405","0.413","0.379","-5.65%"
"07/02/2015","0.407","0.409","0.420","0.384","4.63%"
"07/01/2015","0.389","0.418","0.420","0.352","-8.90%"
"06/30/2015","0.427","0.471","0.498","0.394","-5.11%"
"06/29/2015","0.450","0.491","0.491","0.394","46.10%"
"06/27/2015","0.308","0.305","0.313","0.292","3.01%"
"06/26/2015","0.299","0.269","0.319","0.268","6.03%"
"06/25/2015","0.282","0.303","0.320","0.253","-7.54%"
"06/24/2015","0.305","0.255","0.317","0.251","11.31%"
"06/23/2015","0.274","0.273","0.300","0.241","-7.12%"
"06/22/2015","0.295","0.333","0.341","0.275","-28.57%"
"06/21/2015","0.413","0.414","0.420","0.397","-0.24%"
"06/20/2015","0.414","0.414","0.414","0.400","3.50%"
"06/19/2015","0.400","0.401","0.419","0.376","5.82%"
"06/18/2015","0.378","0.407","0.434","0.367","-2.83%"
"06/17/2015","0.389","0.438","0.449","0.366","-12.19%"
"06/16/2015","0.443","0.539","0.563","0.428","-2.64%"
"06/15/2015","0.455","0.350","0.510","0.349","21.33%"
"06/14/2015","0.375","0.293","0.381","0.293","27.12%"
"06/13/2015","0.295","0.316","0.316","0.295","-6.05%"
"06/12/2015","0.314","0.231","0.367","0.226","50.24%"
"06/11/2015","0.209","0.221","0.265","0.177","-2.79%"
"06/10/2015","0.215","0.207","0.273","0.182","14.97%"
"06/09/2015","0.187","0.178","0.230","0.172","1.63%"
"06/08/2015","0.184","0.201","0.251","0.183","-9.36%"
"06/07/2015","0.203","0.197","0.204","0.195","6.28%"
"06/05/2015","0.191","0.185","0.238","0.173","14.37%"
"06/04/2015","0.167","0.190","0.221","0.161","-10.70%"
"06/03/2015","0.187","0.180","0.205","0.150","1.63%"
"06/02/2015","0.184","0.170","0.233","0.170","21.05%"
"06/01/2015","0.152","0.132","0.195","0.132","4.11%"
"05/31/2015","0.146","0.146","0.146","0.146","5.04%"
"05/30/2015","0.139","0.139","0.139","0.139","-2.80%"
"05/29/2015","0.143","0.160","0.194","0.141","-8.92%"
"05/28/2015","0.157","0.140","0.176","0.133","19.85%"
"05/27/2015","0.131","0.128","0.182","0.122","-9.03%"
"05/26/2015","0.144","0.142","0.180","0.128","-52.94%"
"05/25/2015","0.306","0.306","0.306","0.306","185.98%"
"05/24/2015","0.107","0.107","0.107","0.107","-6.96%"
"05/22/2015","0.115","0.102","0.158","0.095","2.68%"
"05/21/2015","0.112","0.102","0.140","0.087","17.89%"
"05/20/2015","0.095","0.097","0.119","0.085","-17.39%"
"05/19/2015","0.115","0.142","0.175","0.104","-19.01%"
"05/18/2015","0.142","0.161","0.181","0.137","-8.97%"
"05/17/2015","0.156","0.139","0.159","0.139","10.64%"
"05/16/2015","0.141","0.141","0.163","0.141","1.44%"
"05/15/2015","0.139","0.156","0.169","0.134","-15.76%"
"05/14/2015","0.165","0.155","0.174","0.154","0.00%"
"05/13/2015","0.165","0.167","0.213","0.143","-2.37%"
"05/12/2015","0.169","0.159","0.183","0.147","10.46%"
"05/11/2015","0.153","0.173","0.183","0.147","-19.47%"
"05/10/2015","0.190","0.158","0.190","0.158","19.50%"
"05/09/2015","0.159","0.184","0.184","0.157","0.00%"
"05/08/2015","0.159","0.171","0.197","0.158","-11.17%"
"05/07/2015","0.179","0.180","0.228","0.164","-6.77%"
"05/06/2015","0.192","0.240","0.243","0.176","-11.11%"
"05/05/2015","0.216","0.183","0.227","0.161","36.71%"
"05/04/2015","0.158","0.189","0.199","0.151","-27.85%"
"05/03/2015","0.219","0.218","0.219","0.218","29.59%"
"05/02/2015","0.169","0.169","0.182","0.165","-7.14%"
"05/01/2015","0.182","0.172","0.183","0.169","4.00%"
"04/30/2015","0.175","0.187","0.229","0.157","-0.57%"
"04/29/2015","0.176","0.154","0.217","0.153","18.92%"
"04/28/2015","0.148","0.134","0.183","0.131","-6.33%"
"04/27/2015","0.158","0.170","0.210","0.154","-13.19%"
"04/26/2015","0.182","0.171","0.182","0.171","5.81%"
"04/25/2015","0.172","0.171","0.179","0.156","1.78%"
"04/24/2015","0.169","0.160","0.204","0.154","0.60%"
"04/23/2015","0.168","0.149","0.196","0.144","-2.33%"
"04/22/2015","0.172","0.184","0.228","0.159","-15.27%"
"04/21/2015","0.203","0.189","0.239","0.184","-1.93%"
"04/20/2015","0.207","0.201","0.226","0.172","0.49%"
"04/19/2015","0.206","0.243","0.243","0.198","-1.44%"
"04/18/2015","0.209","0.204","0.241","0.204","5.03%"
"04/17/2015","0.199","0.207","0.257","0.196","2.58%"
"04/16/2015","0.194","0.162","0.235","0.141","13.45%"
"04/15/2015","0.171","0.190","0.224","0.156","-3.39%"
"04/14/2015","0.177","0.178","0.211","0.152","5.99%"
"04/13/2015","0.167","0.180","0.206","0.157","6.37%"
"04/12/2015","0.157","0.195","0.195","0.157","-2.48%"
"04/11/2015","0.161","0.155","0.190","0.155","1.90%"
"04/10/2015","0.158","0.183","0.214","0.148","-7.60%"
"04/09/2015","0.171","0.167","0.206","0.152","-2.84%"
"04/08/2015","0.176","0.162","0.209","0.157","1.73%"
"04/07/2015","0.173","0.188","0.217","0.161","-11.28%"
"04/06/2015","0.195","0.220","0.224","0.189","3.17%"
"04/05/2015","0.189","0.189","0.189","0.189","-2.07%"
"04/04/2015","0.193","0.193","0.223","0.193","2.66%"
"04/03/2015","0.188","0.189","0.216","0.188","-1.57%"
"04/02/2015","0.191","0.189","0.234","0.174","-0.52%"
"04/01/2015","0.192","0.229","0.233","0.176","-5.42%"
"03/31/2015","0.203","0.245","0.273","0.198","-17.14%"
"03/30/2015","0.245","0.266","0.295","0.245","-7.20%"
"03/29/2015","0.264","0.293","0.293","0.247","4.35%"
"03/28/2015","0.253","0.261","0.293","0.253","-1.56%"
"03/27/2015","0.257","0.248","0.289","0.235","-1.53%"
"03/26/2015","0.261","0.303","0.312","0.252","-5.43%"
"03/25/2015","0.276","0.281","0.320","0.259","-1.08%"
"03/24/2015","0.279","0.308","0.322","0.254","-0.36%"
"03/23/2015","0.280","0.246","0.303","0.237","8.95%"
"03/22/2015","0.257","0.247","0.257","0.241","6.20%"
"03/21/2015","0.242","0.242","0.250","0.230","4.31%"
"03/20/2015","0.232","0.243","0.276","0.223","-8.66%"
"03/19/2015","0.254","0.250","0.286","0.228","-17.80%"
"03/18/2015","0.309","0.246","0.340","0.239","36.12%"
"03/17/2015","0.227","0.206","0.241","0.197","15.23%"
"03/16/2015","0.197","0.198","0.235","0.185","-13.22%"
"03/14/2015","0.227","0.214","0.227","0.210","14.65%"
"03/13/2015","0.198","0.206","0.225","0.198","-5.71%"
"03/12/2015","0.210","0.194","0.225","0.158","16.67%"
"03/11/2015","0.180","0.191","0.224","0.176","-6.74%"
"03/10/2015","0.193","0.175","0.206","0.162","1.05%"
"03/09/2015","0.191","0.200","0.208","0.171","-16.96%"
"03/08/2015","0.230","0.227","0.230","0.227","2.22%"
"03/07/2015","0.225","0.225","0.225","0.203","16.58%"
"03/06/2015","0.193","0.157","0.219","0.160","-3.98%"
"03/05/2015","0.201","0.248","0.273","0.174","-17.96%"
"03/04/2015","0.245","0.259","0.279","0.228","0.00%"
"03/03/2015","0.245","0.233","0.271","0.212","6.52%"
"03/02/2015","0.230","0.214","0.258","0.201","0.00%"
"02/28/2015","0.230","0.227","0.230","0.217","4.07%"
"02/27/2015","0.221","0.227","0.259","0.206","-5.96%"
"02/26/2015","0.235","0.269","0.292","0.221","-13.60%"
"02/25/2015","0.272","0.275","0.299","0.267","-3.55%"
"02/24/2015","0.282","0.311","0.319","0.278","-8.44%"
"02/23/2015","0.308","0.306","0.332","0.290","-14.92%"
"02/21/2015","0.362","0.352","0.362","0.352","4.93%"
"02/20/2015","0.345","0.369","0.382","0.332","-5.48%"
"02/19/2015","0.365","0.376","0.390","0.334","-4.45%"
"02/18/2015","0.382","0.383","0.390","0.355","-1.55%"
"02/17/2015","0.388","0.477","0.483","0.371","-1.52%"
"02/16/2015","0.394","0.389","0.421","0.378","-1.01%"
"02/14/2015","0.398","0.391","0.398","0.381","0.00%"
"02/13/2015","0.398","0.381","0.415","0.365","-2.45%"
"02/12/2015","0.408","0.441","0.442","0.390","-1.92%"
"02/11/2015","0.416","0.428","0.443","0.404","-0.95%"
"02/10/2015","0.420","0.428","0.453","0.394","-1.87%"
"02/09/2015","0.428","0.424","0.450","0.398","7.00%"
"02/07/2015","0.400","0.394","0.400","0.386","4.17%"
"02/06/2015","0.384","0.370","0.409","0.365","1.32%"
"02/05/2015","0.379","0.406","0.428","0.364","0.53%"
"02/04/2015","0.377","0.407","0.413","0.370","-8.05%"
"02/03/2015","0.410","0.407","0.444","0.398","-6.18%"
"02/02/2015","0.437","0.430","0.455","0.401","-2.02%"
"02/01/2015","0.446","0.446","0.446","0.446","-0.45%"
"01/31/2015","0.448","0.442","0.449","0.442","-1.32%"
"01/30/2015","0.454","0.445","0.482","0.417","-0.87%"
"01/29/2015","0.458","0.482","0.536","0.446","-2.76%"
"01/28/2015","0.471","0.448","0.498","0.446","5.37%"
"01/27/2015","0.447","0.421","0.488","0.421","9.02%"
"01/26/2015","0.410","0.430","0.469","0.390","-0.73%"
"01/24/2015","0.413","0.432","0.432","0.413","-0.96%"
"01/23/2015","0.417","0.379","0.431","0.366","2.71%"
"01/22/2015","0.406","0.491","0.496","0.406","-13.25%"
"01/21/2015","0.468","0.478","0.520","0.461","-1.68%"
"01/20/2015","0.476","0.488","0.497","0.468","-1.65%"
"01/19/2015","0.484","0.475","0.499","0.473","-4.54%"
"01/17/2015","0.507","0.492","0.508","0.492","1.40%"
"01/16/2015","0.500","0.540","0.541","0.492","9.89%"
"01/15/2015","0.455","0.460","0.486","0.432","-6.38%"
"01/14/2015","0.486","0.502","0.502","0.448","0.83%"
"01/13/2015","0.482","0.480","0.506","0.462","1.47%"
"01/12/2015","0.475","0.508","0.525","0.474","-7.59%"
"01/10/2015","0.514","0.503","0.514","0.503","1.58%"
"01/09/2015","0.506","0.500","0.522","0.465","3.27%"
"01/08/2015","0.490","0.502","0.535","0.473","-7.72%"
"01/07/2015","0.531","0.511","0.535","0.466","12.26%"
"01/06/2015","0.473","0.483","0.494","0.431","7.01%"
"01/05/2015","0.442","0.396","0.465","0.396","8.07%"
"01/04/2015","0.409","0.409","0.409","0.409","0.00%"
"01/03/2015","0.409","0.409","0.424","0.407","0.49%"
"01/02/2015","0.407","0.436","0.444","0.391","-20.20%"
"01/01/2015","0.510","0.519","0.521","0.510","0.00%"