"Date","Price","Open","High","Low","Vol.","Change %"
"08/17/2026","33.03","32.64","33.04","32.63","160.82K","1.72%"
"08/14/2026","32.47","32.16","32.53","32.12","116.19K","0.81%"
"08/13/2026","32.21","32.28","32.46","32.05","388.65K","-1.26%"
"08/12/2026","32.62","32.49","32.67","32.45","293.48K","0.31%"
"08/11/2026","32.52","32.15","32.55","32.14","304.15K","0.62%"
"08/10/2026","32.32","31.81","32.38","31.81","423.02K","3.96%"
"08/07/2026","31.09","31.04","31.39","31.04","279.44K","0.06%"
"08/06/2026","31.07","30.75","31.19","30.74","793.28K","1.67%"
"08/05/2026","30.56","30.62","30.70","30.41","346.27K","0.36%"
"08/04/2026","30.45","30.51","30.62","30.34","804.17K","-2.34%"
"08/03/2026","31.18","31.15","31.31","30.99","808.92K","-2.68%"
"07/31/2026","32.04","32.19","32.26","31.92","331.68K","0.28%"
"07/30/2026","31.95","31.88","32.06","31.87","602.41K","-0.56%"
"07/29/2026","32.13","31.94","32.23","31.92","524.32K","3.35%"
"07/28/2026","31.09","31.32","31.47","30.90","731.57K","-1.27%"
"07/27/2026","31.49","31.97","31.97","31.49","648.55K","-3.91%"
"07/24/2026","32.77","32.84","32.87","32.51","657.44K","-1.12%"
"07/23/2026","33.14","33.09","33.47","33.05","540.84K","2.13%"
"07/22/2026","32.45","32.40","32.60","32.36","282.33K","0.90%"
"07/21/2026","32.16","32.07","32.16","31.92","498.02K","1.68%"
"07/20/2026","31.63","31.48","31.77","31.40","363.36K","0.73%"
"07/17/2026","31.40","31.23","31.50","31.15","328.88K","1.65%"
"07/16/2026","30.89","31.16","31.16","30.79","253.11K","-0.93%"
"07/15/2026","31.18","31.13","31.22","30.76","437.49K","0.58%"
"07/14/2026","31.00","31.04","31.09","30.68","682.10K","1.57%"
"07/13/2026","30.52","29.85","30.61","29.82","475.14K","3.60%"
"07/10/2026","29.46","29.54","29.71","29.32","604.88K","-0.27%"
"07/09/2026","29.54","29.82","29.84","29.45","386.80K","-1.40%"
"07/08/2026","29.96","29.77","30.23","29.59","656.93K","2.32%"
"07/07/2026","29.28","28.89","29.38","28.89","637.32K","1.35%"
"07/06/2026","28.89","28.74","28.90","28.69","628.44K","1.83%"
"07/02/2026","28.37","28.29","28.42","28.20","1.56M","0.14%"
"07/01/2026","28.33","28.45","28.58","28.29","450.41K","-0.94%"
"06/30/2026","28.60","28.68","28.71","28.46","611.86K","0.56%"
"06/29/2026","28.44","28.45","28.55","28.34","749.43K","0.18%"
"06/26/2026","28.39","28.46","28.49","28.27","509.98K","-1.70%"
"06/25/2026","28.88","28.35","28.93","28.35","557.57K","2.30%"
"06/24/2026","28.23","28.26","28.46","28.21","600.77K","-2.49%"
"06/23/2026","28.95","28.86","28.99","28.78","572.00K","-1.03%"
"06/22/2026","29.25","29.34","29.38","29.11","567.59K","-0.95%"
"06/18/2026","29.53","29.32","29.57","29.01","2.44M","0.24%"
"06/17/2026","29.46","29.70","30.29","29.46","896.00K","-0.67%"
"06/16/2026","29.66","29.60","29.76","29.44","291.22K","-1.56%"
"06/15/2026","30.13","30.02","30.15","29.96","508.81K","-1.47%"
"06/12/2026","30.58","30.73","31.03","30.55","991.20K","-1.23%"
"06/11/2026","30.96","31.40","31.64","30.85","1.04M","-1.59%"
"06/10/2026","31.46","31.34","31.74","31.34","1.11M","0.70%"
"06/09/2026","31.24","31.48","31.48","30.90","1.17M","-1.61%"
"06/08/2026","31.75","31.83","31.99","31.74","424.07K","0.51%"
"06/05/2026","31.59","32.04","32.04","31.57","1.04M","-2.47%"
"06/04/2026","32.39","32.38","32.41","32.18","283.98K","-1.49%"
"06/03/2026","32.88","32.97","32.97","32.69","398.28K","0.77%"
"06/02/2026","32.63","32.43","32.68","32.36","313.39K","0.49%"
"06/01/2026","32.47","32.53","32.87","32.20","1.24M","2.11%"
"05/29/2026","31.80","31.86","31.98","31.54","787.74K","-0.97%"
"05/28/2026","32.11","32.16","32.23","31.61","918.65K","0.60%"
"05/27/2026","31.92","31.89","32.18","31.79","691.42K","-2.06%"
"05/26/2026","32.59","32.71","32.92","32.55","486.43K","-1.98%"
"05/22/2026","33.25","33.27","33.55","32.96","637.02K","-0.51%"
"05/21/2026","33.42","34.26","34.30","33.11","1.01M","-1.01%"
"05/20/2026","33.76","34.51","34.51","33.48","912.30K","-2.90%"
"05/19/2026","34.77","34.74","34.85","34.48","477.60K","1.08%"
"05/18/2026","34.40","34.15","34.94","34.10","1.10M","0.61%"
"05/15/2026","34.19","33.94","34.24","33.92","650.81K","0.68%"
"05/14/2026","33.96","33.81","33.98","33.69","592.36K","-0.50%"
"05/13/2026","34.13","34.34","34.52","34.02","617.56K","-0.81%"
"05/12/2026","34.41","34.24","34.43","34.12","764.95K","2.14%"
"05/11/2026","33.69","33.34","33.87","33.30","3.18M","2.68%"
"05/08/2026","32.81","32.67","33.02","32.65","1.06M","-0.24%"
"05/07/2026","32.89","32.10","33.05","31.85","4.80M","0.15%"
"05/06/2026","32.84","33.03","33.15","32.70","1.20M","-4.00%"
"05/05/2026","34.21","34.25","34.31","34.01","1.20M","-0.98%"
"05/04/2026","34.55","34.06","34.74","33.90","2.04M","1.95%"
"05/01/2026","33.89","34.01","34.06","33.58","805.86K","-1.45%"
"04/30/2026","34.39","34.12","34.42","34.04","881.83K","-0.49%"
"04/29/2026","34.56","34.06","34.62","34.06","812.98K","3.66%"
"04/28/2026","33.34","33.17","33.38","33.04","640.80K","1.40%"
"04/27/2026","32.88","32.79","33.13","32.79","635.76K","0.92%"
"04/24/2026","32.58","32.50","32.67","32.20","1.37M","-0.43%"
"04/23/2026","32.72","32.20","32.93","32.14","1.09M","1.87%"
"04/22/2026","32.12","31.85","32.25","31.85","701.71K","1.17%"
"04/21/2026","31.75","30.98","31.83","30.97","1.65M","2.62%"
"04/20/2026","30.94","30.73","31.11","30.67","776.32K","1.94%"
"04/17/2026","30.35","30.09","30.41","29.68","4.39M","-3.74%"
"04/16/2026","31.53","31.35","31.74","31.35","1.01M","1.25%"
"04/15/2026","31.14","31.07","31.38","31.03","1.45M","-0.19%"
"04/14/2026","31.20","31.52","31.54","31.05","1.69M","-1.05%"
"04/13/2026","31.53","32.19","32.23","31.40","2.52M","1.84%"
"04/10/2026","30.96","31.26","31.42","30.92","919.37K","-1.40%"
"04/09/2026","31.40","31.56","31.86","30.89","1.87M","0.96%"
"04/08/2026","31.10","30.53","31.19","30.49","2.92M","-6.69%"
"04/07/2026","33.33","33.85","34.05","32.97","1.57M","-0.57%"
"04/06/2026","33.52","33.49","33.86","33.25","731.79K","0.21%"
"04/02/2026","33.45","33.59","33.68","32.85","616.13K","4.83%"
"04/01/2026","31.91","31.92","32.08","31.67","3.94M","-1.05%"
"03/31/2026","32.25","32.60","32.78","31.97","2.75M","-1.01%"
"03/30/2026","32.58","32.48","32.60","32.31","911.17K","1.65%"
"03/27/2026","32.05","31.57","32.22","31.52","1.05M","3.49%"
"03/26/2026","30.97","30.93","31.25","30.85","1.88M","1.81%"
"03/25/2026","30.42","29.85","30.53","29.83","1.25M","-0.72%"
"03/24/2026","30.64","30.62","30.90","30.39","1.51M","2.10%"
"03/23/2026","30.01","30.56","30.56","29.53","1.58M","-5.39%"
"03/20/2026","31.72","31.45","31.95","31.33","2.25M","1.34%"
"03/19/2026","31.30","31.69","31.95","30.88","1.63M","-1.73%"
"03/18/2026","31.85","31.53","31.90","31.26","1.04M","2.12%"
"03/17/2026","31.19","31.01","31.20","30.82","1.10M","1.96%"
"03/16/2026","30.59","30.91","31.03","30.45","1.35M","-1.70%"
"03/13/2026","31.12","30.69","31.27","30.59","1.27M","0.10%"
"03/12/2026","31.09","30.94","31.19","30.61","2.98M","4.01%"
"03/11/2026","29.89","29.48","29.91","28.96","1.27M","1.67%"
"03/10/2026","29.40","29.56","29.61","27.86","3.92M","1.27%"
"03/09/2026","29.03","31.24","31.70","28.25","7.85M","-2.62%"
"03/06/2026","29.81","29.50","30.14","29.46","1.30M","5.30%"
"03/05/2026","28.31","28.03","28.68","28.01","967.20K","2.24%"
"03/04/2026","27.69","27.47","27.74","27.37","512.65K","1.35%"
"03/03/2026","27.32","27.91","27.91","26.87","1.89M","1.41%"
"03/02/2026","26.94","27.03","27.14","26.56","3.27M","3.78%"
"02/27/2026","25.96","25.98","26.01","25.80","248.28K","1.33%"
"02/26/2026","25.62","25.43","25.79","25.36","199.20K","-0.04%"
"02/25/2026","25.63","25.61","25.72","25.53","204.73K","0.08%"
"02/24/2026","25.61","25.44","25.66","25.44","899.94K","-0.04%"
"02/23/2026","25.62","25.68","25.81","25.55","162.43K","0.16%"
"02/20/2026","25.58","25.47","25.63","25.40","1.62M","0.43%"
"02/19/2026","25.47","25.29","25.49","25.19","310.30K","1.11%"
"02/18/2026","25.19","24.90","25.22","24.90","256.41K","2.86%"
"02/17/2026","24.49","24.57","24.58","24.41","282.67K","-0.93%"
"02/13/2026","24.72","24.68","24.81","24.66","210.28K","0.12%"
"02/12/2026","24.69","25.10","25.13","24.63","177.13K","-2.14%"
"02/11/2026","25.23","25.29","25.33","25.11","250.52K","1.00%"
"02/10/2026","24.98","25.08","25.10","24.88","250.63K","-0.48%"
"02/09/2026","25.10","24.86","25.18","24.86","585.54K","0.72%"
"02/06/2026","24.92","24.76","25.10","24.76","247.44K","0.89%"
"02/05/2026","24.70","24.82","24.85","24.58","230.95K","-1.44%"
"02/04/2026","25.06","25.00","25.24","24.82","1.15M","0.00%"
"02/03/2026","25.06","24.77","25.07","24.75","7.70M","2.45%"
"02/02/2026","24.46","24.57","24.64","24.28","2.64M","-4.00%"
"01/30/2026","25.48","25.67","25.71","25.00","6.97M","-1.89%"
"01/29/2026","25.97","26.28","26.33","25.49","418.75K","1.80%"
"01/28/2026","25.51","25.38","25.53","25.29","315.51K","1.11%"
"01/27/2026","25.23","24.87","25.24","24.81","287.06K","1.53%"
"01/26/2026","24.85","24.86","25.00","24.77","368.19K","0.36%"
"01/23/2026","24.76","24.65","24.77","24.64","280.68K","2.02%"
"01/22/2026","24.27","24.32","24.36","24.23","181.84K","-0.53%"
"01/21/2026","24.40","24.40","24.42","24.29","484.70K","1.37%"
"01/20/2026","24.07","24.17","24.23","24.03","330.50K","1.09%"
"01/16/2026","23.81","23.97","23.97","23.77","169.36K","0.00%"
"01/15/2026","23.81","23.78","23.92","23.73","325.13K","-0.87%"
"01/14/2026","24.02","24.22","24.36","23.84","1.18M","-0.25%"
"01/13/2026","24.08","24.00","24.16","23.99","382.43K","1.18%"
"01/12/2026","23.80","23.69","23.88","23.67","579.62K","0.98%"
"01/09/2026","23.57","23.65","23.76","23.55","399.66K","-0.04%"
"01/08/2026","23.58","23.26","23.58","23.24","268.18K","1.55%"
"01/07/2026","23.22","23.32","23.32","23.15","445.13K","-0.60%"
"01/06/2026","23.36","23.63","23.63","23.33","195.33K","-0.55%"
"01/05/2026","23.49","23.30","23.50","23.30","351.74K","1.82%"
"01/02/2026","23.07","23.01","23.09","22.93","973.01K","0.04%"
"12/31/2025","23.06","23.27","23.28","23.03","392.68K","-1.03%"
"12/30/2025","23.30","23.40","23.45","23.29","905.09K","0.56%"
"12/29/2025","23.17","23.27","23.29","23.16","902.13K","-0.22%"
"12/26/2025","23.22","23.32","23.33","23.16","322.58K","-0.43%"
"12/24/2025","23.32","23.35","23.36","23.25","622.41K","-0.21%"
"12/23/2025","23.37","23.20","23.37","23.14","737.82K","0.99%"
"12/22/2025","23.14","23.07","23.14","23.04","661.90K","1.40%"
"12/19/2025","22.82","22.75","22.86","22.71","764.65K","0.88%"
"12/18/2025","22.62","22.75","22.78","22.60","972.80K","-0.79%"
"12/17/2025","22.80","22.70","22.81","22.65","1.16M","1.42%"
"12/16/2025","22.48","22.62","22.62","22.47","762.98K","-1.32%"
"12/15/2025","22.78","22.91","22.93","22.72","782.13K","-0.70%"
"12/12/2025","22.94","23.11","23.11","22.90","360.10K","-0.99%"
"12/11/2025","23.17","23.02","23.17","23.02","556.44K","-0.39%"
"12/10/2025","23.26","23.05","23.28","23.04","751.99K","0.69%"
"12/09/2025","23.10","23.16","23.22","23.08","815.85K","-0.69%"
"12/08/2025","23.26","23.42","23.43","23.25","520.57K","-1.61%"
"12/05/2025","23.64","23.55","23.77","23.55","712.00K","0.85%"
"12/04/2025","23.44","23.25","23.48","23.23","671.57K","0.56%"
"12/03/2025","23.31","23.33","23.40","23.27","824.70K","0.65%"
"12/02/2025","23.16","23.26","23.33","23.14","451.20K","-0.56%"
"12/01/2025","23.29","23.27","23.35","23.25","1.56M","0.09%"
"11/28/2025","23.27","23.15","23.31","23.15","126.11K","1.26%"
"11/26/2025","22.98","22.70","22.99","22.70","564.50K","1.37%"
"11/25/2025","22.67","22.64","22.71","22.50","1.32M","-0.92%"
"11/24/2025","22.88","22.65","22.91","22.59","1.57M","0.48%"
"11/21/2025","22.77","22.69","22.84","22.60","1.29M","-0.65%"
"11/20/2025","22.92","23.20","23.27","22.91","819.62K","-1.12%"
"11/19/2025","23.18","23.23","23.24","23.08","1.05M","-1.19%"
"11/18/2025","23.46","23.26","23.49","23.18","1.39M","0.99%"
"11/17/2025","23.23","23.22","23.34","23.21","1.20M","-0.09%"
"11/14/2025","23.25","23.22","23.41","23.18","916.35K","0.43%"
"11/13/2025","23.15","23.35","23.36","23.15","294.58K","-0.34%"
"11/12/2025","23.23","23.40","23.40","23.22","931.90K","-1.69%"
"11/11/2025","23.63","23.50","23.68","23.50","1.07M","0.85%"
"11/10/2025","23.43","23.19","23.43","23.14","649.80K","1.52%"
"11/07/2025","23.08","23.11","23.16","23.00","982.50K","0.13%"
"11/06/2025","23.05","23.05","23.09","22.91","898.86K","0.00%"
"11/05/2025","23.05","23.19","23.28","23.03","852.32K","-0.52%"
"11/04/2025","23.17","23.18","23.27","23.14","286.29K","-1.03%"
"11/03/2025","23.41","23.29","23.44","23.18","2.48M","0.86%"
"10/31/2025","23.21","23.19","23.22","23.09","1.66M","0.69%"
"10/30/2025","23.05","22.93","23.15","22.90","827.54K","0.04%"
"10/29/2025","23.04","23.00","23.19","23.00","696.38K","0.70%"
"10/28/2025","22.88","22.97","23.04","22.86","1.24M","-1.29%"
"10/27/2025","23.18","23.26","23.28","23.12","1.02M","-0.30%"
"10/24/2025","23.25","23.36","23.40","23.24","1.47M","-0.39%"
"10/23/2025","23.34","23.30","23.47","23.30","227.15K","1.88%"
"10/22/2025","22.91","22.76","22.98","22.70","424.77K","1.37%"
"10/21/2025","22.60","22.57","22.67","22.43","725.58K","-0.40%"
"10/20/2025","22.69","22.50","22.69","22.50","216.16K","0.84%"
"10/17/2025","22.50","22.50","22.51","22.41","285.63K","-0.18%"
"10/16/2025","22.54","22.62","22.73","22.47","219.88K","-0.22%"
"10/15/2025","22.59","22.64","22.68","22.49","234.65K","0.31%"
"10/14/2025","22.52","22.47","22.61","22.43","384.20K","-1.01%"
"10/13/2025","22.75","22.70","22.78","22.63","204.99K","1.34%"
"10/10/2025","22.45","22.70","22.78","22.37","708.01K","-2.09%"
"10/09/2025","22.93","23.23","23.25","22.91","99.11K","-0.95%"
"10/08/2025","23.15","23.13","23.19","23.08","139.46K","0.43%"
"10/07/2025","23.05","22.93","23.06","22.91","514.30K","0.35%"
"10/06/2025","22.97","22.86","22.99","22.86","345.50K","0.97%"
"10/03/2025","22.75","22.72","22.83","22.71","152.96K","0.26%"
"10/02/2025","22.69","22.82","22.88","22.62","313.41K","-1.00%"
"10/01/2025","22.92","22.81","22.94","22.77","3.32M","-0.22%"
"09/30/2025","22.97","22.91","23.02","22.90","2.54M","-0.26%"
"09/29/2025","23.03","23.12","23.15","23.03","326.30K","-1.20%"
"09/26/2025","23.31","23.26","23.46","23.26","185.60K","0.17%"
"09/25/2025","23.27","23.17","23.29","23.08","521.28K","0.47%"
"09/24/2025","23.16","23.12","23.19","23.08","88.50K","0.70%"
"09/23/2025","23.00","22.85","23.02","22.85","395.76K","1.10%"
"09/22/2025","22.75","22.62","22.75","22.57","153.25K","0.18%"
"09/19/2025","22.71","22.75","22.86","22.70","130.76K","-0.74%"
"09/18/2025","22.88","22.96","23.01","22.82","179.63K","-0.44%"
"09/17/2025","22.98","23.15","23.16","22.93","302.92K","-1.12%"
"09/16/2025","23.24","23.15","23.27","23.14","382.57K","0.91%"
"09/15/2025","23.03","22.92","23.06","22.92","207.24K","1.19%"
"09/12/2025","22.76","22.86","22.94","22.75","451.29K","0.40%"
"09/11/2025","22.67","22.60","22.75","22.60","338.31K","-0.83%"
"09/10/2025","22.86","22.72","22.90","22.72","300.79K","0.70%"
"09/09/2025","22.70","22.83","22.86","22.68","420.49K","-0.04%"
"09/08/2025","22.71","22.72","22.74","22.59","173.15K","0.71%"
"09/05/2025","22.55","22.63","22.63","22.48","329.02K","-0.88%"
"09/04/2025","22.75","22.71","22.78","22.66","239.42K","-0.57%"
"09/03/2025","22.88","23.03","23.04","22.85","453.81K","-1.04%"
"09/02/2025","23.12","22.91","23.13","22.84","4.74M","1.54%"
"08/29/2025","22.77","22.74","22.78","22.70","129.46K","0.22%"
"08/28/2025","22.72","22.64","22.75","22.53","100.63K","0.58%"
"08/27/2025","22.59","22.50","22.64","22.50","88.31K","0.31%"
"08/26/2025","22.52","22.55","22.63","22.47","187.51K","-0.84%"
"08/25/2025","22.71","22.66","22.78","22.61","277.72K","0.62%"
"08/22/2025","22.57","22.42","22.59","22.42","152.43K","0.49%"
"08/21/2025","22.46","22.32","22.49","22.28","74.73K","0.72%"
"08/20/2025","22.30","22.19","22.32","22.17","86.30K","1.09%"
"08/19/2025","22.06","22.04","22.11","22.02","203.36K","-0.54%"
"08/18/2025","22.18","22.02","22.25","21.97","118.60K","0.23%"
"08/15/2025","22.13","22.05","22.18","22.04","278.81K","-0.09%"
"08/14/2025","22.15","22.12","22.16","22.05","151.50K","0.32%"
"08/13/2025","22.08","22.13","22.15","21.93","342.18K","-0.18%"
"08/12/2025","22.12","22.14","22.19","22.10","251.03K","-0.58%"
"08/11/2025","22.25","22.25","22.30","22.17","108.36K","0.32%"
"08/08/2025","22.18","22.34","22.42","22.13","443.88K","-0.22%"
"08/07/2025","22.23","22.29","22.34","22.21","149.00K","0.18%"
"08/06/2025","22.19","22.48","22.55","22.11","507.97K","-0.18%"
"08/05/2025","22.23","22.28","22.35","22.23","391.71K","-0.67%"
"08/04/2025","22.38","22.29","22.50","22.29","389.13K","-0.58%"
"08/01/2025","22.51","22.83","22.85","22.47","2.38M","-1.27%"
"07/31/2025","22.80","22.91","22.95","22.74","247.45K","-1.08%"
"07/30/2025","23.05","22.97","23.13","22.82","472.02K","0.22%"
"07/29/2025","23.00","22.71","23.06","22.67","385.82K","1.28%"
"07/28/2025","22.71","22.67","22.71","22.58","355.65K","1.29%"
"07/25/2025","22.42","22.57","22.60","22.42","145.93K","-0.93%"
"07/24/2025","22.63","22.61","22.67","22.49","187.98K","0.13%"
"07/23/2025","22.60","22.55","22.60","22.46","279.08K","-0.04%"
"07/22/2025","22.61","22.58","22.63","22.51","514.43K","-0.26%"
"07/21/2025","22.67","22.64","22.70","22.56","189.77K","-0.18%"
"07/18/2025","22.71","22.87","22.95","22.67","366.52K","0.26%"
"07/17/2025","22.65","22.46","22.65","22.43","106.00K","0.76%"
"07/16/2025","22.48","22.32","22.49","22.26","165.57K","0.31%"
"07/15/2025","22.41","22.40","22.51","22.38","183.85K","-0.18%"
"07/14/2025","22.45","22.68","22.68","22.43","323.71K","-1.01%"
"07/11/2025","22.68","22.52","22.70","22.52","117.85K","1.30%"
"07/10/2025","22.39","22.41","22.47","22.33","399.76K","-0.71%"
"07/09/2025","22.55","22.43","22.60","22.42","463.51K","0.00%"
"07/08/2025","22.55","22.46","22.66","22.43","334.30K","0.22%"
"07/07/2025","22.50","22.39","22.55","22.35","186.91K","0.18%"
"07/03/2025","22.46","22.50","22.57","22.42","104.14K","-0.31%"
"07/02/2025","22.53","22.20","22.55","22.15","206.69K","1.67%"
"07/01/2025","22.16","22.10","22.16","22.05","3.55M","0.54%"
"06/30/2025","22.04","22.13","22.13","22.00","303.76K","-0.27%"
"06/27/2025","22.10","22.10","22.17","22.00","461.15K","-0.14%"
"06/26/2025","22.13","22.09","22.23","22.05","317.67K","0.32%"
"06/25/2025","22.06","22.00","22.20","21.99","1.07M","-0.23%"
"06/24/2025","22.11","22.18","22.21","21.96","1.56M","-2.51%"
"06/23/2025","22.68","23.58","23.63","22.67","2.01M","-3.86%"
"06/20/2025","23.59","23.57","23.65","23.51","943.37K","0.30%"
"06/18/2025","23.52","23.59","23.66","23.26","1.83M","0.17%"
"06/17/2025","23.48","23.26","23.53","23.23","1.72M","2.13%"
"06/16/2025","22.99","22.97","23.05","22.59","1.14M","-0.22%"
"06/13/2025","23.04","23.01","23.19","22.86","825.82K","2.95%"
"06/12/2025","22.38","22.30","22.42","22.25","309.39K","0.04%"
"06/11/2025","22.37","22.17","22.42","22.10","349.77K","1.77%"
"06/10/2025","21.98","22.06","22.15","21.92","315.10K","-0.27%"
"06/09/2025","22.04","21.98","22.08","21.91","235.13K","0.27%"
"06/06/2025","21.98","21.83","22.01","21.83","282.58K","1.01%"
"06/05/2025","21.76","21.84","21.90","21.75","160.94K","0.55%"
"06/04/2025","21.64","21.66","21.78","21.52","483.10K","-0.28%"
"06/03/2025","21.70","21.60","21.75","21.57","258.25K","0.46%"
"06/02/2025","21.60","21.70","21.70","21.49","2.15M","2.03%"
"05/30/2025","21.17","21.19","21.19","21.03","256.12K","-0.42%"
"05/29/2025","21.26","21.34","21.34","21.19","202.38K","-0.33%"
"05/28/2025","21.33","21.52","21.52","21.32","407.59K","-0.37%"
"05/27/2025","21.41","21.42","21.44","21.27","252.99K","-0.70%"
"05/23/2025","21.56","21.36","21.58","21.36","130.37K","0.79%"
"05/22/2025","21.39","21.41","21.48","21.35","182.09K","-0.70%"
"05/21/2025","21.54","21.74","21.74","21.54","345.69K","-0.55%"
"05/20/2025","21.66","21.49","21.66","21.44","94.73K","0.93%"
"05/19/2025","21.46","21.43","21.54","21.36","2.17M","0.09%"
"05/16/2025","21.44","21.44","21.49","21.35","176.26K","-0.14%"
"05/15/2025","21.47","21.44","21.47","21.29","328.61K","-0.60%"
"05/14/2025","21.60","21.70","21.75","21.60","283.11K","-0.78%"
"05/13/2025","21.77","21.57","21.84","21.57","323.30K","1.30%"
"05/12/2025","21.49","21.67","21.72","21.45","232.73K","0.66%"
"05/09/2025","21.35","21.31","21.39","21.27","142.29K","0.95%"
"05/08/2025","21.15","21.00","21.16","21.00","153.71K","1.49%"
"05/07/2025","20.84","21.05","21.07","20.82","210.30K","-1.14%"
"05/06/2025","21.08","21.12","21.22","21.07","304.33K","1.44%"
"05/05/2025","20.78","20.83","20.86","20.71","271.76K","-0.91%"
"05/02/2025","20.97","21.03","21.03","20.82","659.72K","0.43%"
"05/01/2025","20.88","20.76","20.95","20.65","2.27M","0.63%"
"04/30/2025","20.75","21.03","21.10","20.74","916.16K","-2.03%"
"04/29/2025","21.18","21.36","21.39","21.18","263.43K","-1.53%"
"04/28/2025","21.51","21.54","21.58","21.42","123.88K","-0.42%"
"04/25/2025","21.60","21.45","21.63","21.45","310.38K","0.09%"
"04/24/2025","21.58","21.53","21.59","21.37","634.82K","0.84%"
"04/23/2025","21.40","21.51","21.65","21.25","821.05K","-0.74%"
"04/22/2025","21.56","21.51","21.71","21.50","432.82K","0.70%"
"04/21/2025","21.41","21.46","21.49","21.32","342.43K","-0.83%"
"04/17/2025","21.59","21.46","21.67","21.42","563.26K","1.08%"
"04/16/2025","21.36","21.16","21.37","21.16","463.13K","1.42%"
"04/15/2025","21.06","21.03","21.11","20.95","336.53K","-0.28%"
"04/14/2025","21.12","21.17","21.18","20.97","412.03K","0.00%"
"04/11/2025","21.12","20.78","21.14","20.78","738.56K","1.78%"
"04/10/2025","20.75","20.73","20.80","20.53","963.09K","-1.84%"
"04/09/2025","21.14","20.02","21.18","19.86","1.69M","4.71%"
"04/08/2025","20.19","20.85","20.90","20.12","1.44M","-2.13%"
"04/07/2025","20.63","20.73","21.34","20.59","1.84M","-1.90%"
"04/04/2025","21.03","21.01","21.20","20.69","1.91M","-4.28%"
"04/03/2025","21.97","21.96","22.07","21.92","1.56M","-4.14%"
"04/02/2025","22.92","22.71","22.92","22.71","503.93K","0.66%"
"04/01/2025","22.77","22.80","22.85","22.73","4.57M","0.00%"
"03/31/2025","22.77","22.56","22.78","22.46","495.58K","1.70%"
"03/28/2025","22.39","22.51","22.51","22.34","696.73K","-0.49%"
"03/27/2025","22.50","22.39","22.51","22.33","300.64K","0.27%"
"03/26/2025","22.44","22.48","22.57","22.44","411.06K","-0.09%"
"03/25/2025","22.46","22.51","22.56","22.34","282.29K","0.09%"
"03/24/2025","22.44","22.39","22.47","22.34","532.77K","0.63%"
"03/21/2025","22.30","22.35","22.37","22.29","359.29K","-0.45%"
"03/20/2025","22.40","22.55","22.55","22.17","317.52K","0.40%"
"03/19/2025","22.31","22.18","22.33","22.17","460.17K","0.77%"
"03/18/2025","22.14","22.34","22.36","22.13","610.89K","-0.45%"
"03/17/2025","22.24","22.18","22.27","22.17","528.64K","0.77%"
"03/14/2025","22.07","21.96","22.08","21.93","786.33K","0.55%"
"03/13/2025","21.95","22.01","22.13","21.95","963.63K","-0.59%"
"03/12/2025","22.08","22.04","22.13","22.03","243.93K","0.41%"
"03/11/2025","21.99","22.08","22.14","21.97","400.11K","0.55%"
"03/10/2025","21.87","22.09","22.13","21.86","837.82K","-0.86%"
"03/07/2025","22.06","22.05","22.19","21.95","736.27K","1.01%"
"03/06/2025","21.84","21.87","21.94","21.80","666.34K","-0.36%"
"03/05/2025","21.92","21.82","21.92","21.68","236.90K","-0.50%"
"03/04/2025","22.03","21.91","22.05","21.74","698.79K","0.27%"
"03/03/2025","21.97","22.22","22.26","21.88","1.03M","-0.99%"
"02/28/2025","22.19","22.25","22.25","22.11","478.44K","-0.63%"
"02/27/2025","22.33","22.39","22.44","22.31","474.21K","0.13%"
"02/26/2025","22.30","22.30","22.34","22.23","279.87K","-0.49%"
"02/25/2025","22.41","22.60","22.61","22.30","542.22K","-1.23%"
"02/24/2025","22.69","22.68","22.70","22.62","391.66K","-0.04%"
"02/21/2025","22.70","22.97","22.97","22.69","777.81K","-1.69%"
"02/20/2025","23.09","23.16","23.17","23.09","204.64K","-0.09%"
"02/19/2025","23.11","23.18","23.20","23.01","288.68K","0.43%"
"02/18/2025","23.01","22.88","23.01","22.83","422.02K","1.37%"
"02/14/2025","22.70","22.92","22.92","22.70","408.25K","-0.44%"
"02/13/2025","22.80","22.60","22.80","22.60","485.84K","0.57%"
"02/12/2025","22.67","22.81","22.85","22.67","593.97K","-1.09%"
"02/11/2025","22.92","22.93","22.99","22.90","187.18K","0.39%"
"02/10/2025","22.83","22.70","22.84","22.69","413.22K","1.47%"
"02/07/2025","22.50","22.57","22.60","22.47","453.93K","0.18%"
"02/06/2025","22.46","22.58","22.58","22.37","454.58K","-0.35%"
"02/05/2025","22.54","22.50","22.60","22.47","374.64K","-0.57%"
"02/04/2025","22.67","22.33","22.76","22.29","771.93K","0.09%"
"02/03/2025","22.65","22.62","22.68","22.49","3.51M","0.58%"
"01/31/2025","22.52","22.45","22.56","22.34","630.27K","-0.22%"
"01/30/2025","22.57","22.57","22.67","22.51","366.22K","0.04%"
"01/29/2025","22.56","22.53","22.65","22.48","539.05K","-0.04%"
"01/28/2025","22.57","22.57","22.58","22.43","92.73K","0.45%"
"01/27/2025","22.47","22.61","22.66","22.33","235.57K","-1.40%"
"01/24/2025","22.79","22.82","22.85","22.69","175.88K","0.26%"
"01/23/2025","22.73","22.88","22.93","22.71","626.33K","-0.39%"
"01/22/2025","22.82","22.83","22.91","22.81","532.55K","-0.35%"
"01/21/2025","22.90","22.85","22.92","22.80","143.43K","-0.65%"
"01/17/2025","23.05","23.02","23.15","22.97","119.37K","-0.35%"
"01/16/2025","23.13","23.18","23.18","22.94","189.83K","-0.77%"
"01/15/2025","23.31","22.98","23.32","22.98","267.21K","2.06%"
"01/14/2025","22.84","22.84","22.88","22.78","531.61K","-0.26%"
"01/13/2025","22.90","22.86","23.00","22.82","228.39K","0.84%"
"01/10/2025","22.71","22.75","22.82","22.48","446.17K","3.27%"
"01/08/2025","21.99","22.05","22.12","21.88","192.97K","-0.36%"
"01/07/2025","22.07","22.07","22.12","22.03","382.78K","0.46%"
"01/06/2025","21.97","22.15","22.24","21.94","2.12M","0.09%"
"01/03/2025","21.95","21.97","21.97","21.90","190.31K","-0.18%"
"01/02/2025","21.99","21.98","22.10","21.97","684.79K","1.01%"
"12/31/2024","21.77","21.69","21.78","21.65","453.48K","0.51%"
"12/30/2024","21.66","21.75","21.82","21.64","517.34K","1.12%"
"12/27/2024","21.42","21.46","21.49","21.39","142.40K","0.37%"
"12/26/2024","21.34","21.44","21.44","21.30","89.55K","-0.23%"
"12/24/2024","21.39","21.39","21.45","21.36","57.40K","0.52%"
"12/23/2024","21.28","21.30","21.30","21.14","112.34K","-1.07%"
"12/20/2024","21.51","21.13","21.51","21.10","550.10K","1.75%"
"12/19/2024","21.14","21.36","21.36","21.12","127.19K","-0.24%"
"12/18/2024","21.19","21.37","21.46","21.18","204.08K","-0.66%"
"12/17/2024","21.33","21.25","21.33","21.13","127.46K","-0.37%"
"12/16/2024","21.41","21.55","21.55","21.41","131.68K","-0.74%"
"12/13/2024","21.57","21.51","21.59","21.47","414.27K","0.42%"
"12/12/2024","21.48","21.30","21.50","21.29","150.63K","-0.09%"
"12/11/2024","21.50","21.39","21.54","21.34","196.12K","1.22%"
"12/10/2024","21.24","21.18","21.31","21.16","189.21K","0.43%"
"12/09/2024","21.15","21.15","21.26","21.14","264.95K","1.15%"
"12/06/2024","20.91","20.96","21.00","20.86","174.55K","-0.76%"
"12/05/2024","21.07","21.13","21.18","21.01","125.11K","-0.09%"
"12/04/2024","21.09","21.30","21.31","21.05","407.19K","-0.85%"
"12/03/2024","21.27","21.17","21.30","21.11","262.01K","1.29%"
"12/02/2024","21.00","21.10","21.13","20.93","749.20K","-0.66%"
"11/29/2024","21.14","21.24","21.30","21.14","60.53K","0.09%"
"11/27/2024","21.12","21.11","21.23","21.03","113.27K","-0.14%"
"11/26/2024","21.15","21.28","21.42","21.06","203.09K","-0.24%"
"11/25/2024","21.20","21.34","21.43","21.16","130.01K","-1.30%"
"11/22/2024","21.48","21.34","21.54","21.32","202.38K","0.33%"
"11/21/2024","21.41","21.42","21.42","21.29","116.33K","0.85%"
"11/20/2024","21.23","21.28","21.29","21.18","145.01K","0.14%"
"11/19/2024","21.20","21.21","21.26","21.07","329.34K","0.33%"
"11/18/2024","21.13","20.91","21.17","20.89","197.76K","2.08%"
"11/15/2024","20.70","20.84","20.91","20.67","111.08K","-0.53%"
"11/14/2024","20.81","21.02","21.02","20.76","132.87K","0.05%"
"11/13/2024","20.80","20.77","20.92","20.63","173.81K","-0.14%"
"11/12/2024","20.83","21.00","21.03","20.83","157.18K","-0.29%"
"11/11/2024","20.89","20.94","20.97","20.83","203.93K","-1.56%"
"11/08/2024","21.22","21.39","21.39","21.17","152.51K","-1.53%"
"11/07/2024","21.55","21.40","21.64","21.32","96.57K","0.70%"
"11/06/2024","21.40","21.14","21.51","21.12","201.52K","-0.56%"
"11/05/2024","21.52","21.60","21.64","21.43","129.77K","0.33%"
"11/04/2024","21.45","21.38","21.48","21.31","463.96K","1.80%"
"11/01/2024","21.07","21.36","21.39","21.07","366.66K","-1.08%"
"10/31/2024","21.30","21.13","21.33","21.03","1.88M","1.04%"
"10/30/2024","21.08","20.94","21.08","20.88","704.82K","1.25%"
"10/29/2024","20.82","20.84","20.90","20.71","98.93K","-0.34%"
"10/28/2024","20.89","20.81","20.92","20.78","263.83K","-2.93%"
"10/25/2024","21.52","21.43","21.53","21.37","95.46K","0.84%"
"10/24/2024","21.34","21.46","21.52","21.19","226.07K","-0.19%"
"10/23/2024","21.38","21.34","21.45","21.29","192.25K","-0.28%"
"10/22/2024","21.44","21.26","21.52","21.26","320.47K","1.47%"
"10/21/2024","21.13","21.15","21.23","21.05","206.20K","0.67%"
"10/18/2024","20.99","21.07","21.08","20.89","134.33K","-0.71%"
"10/17/2024","21.14","21.05","21.17","20.97","132.80K","-0.05%"
"10/16/2024","21.15","21.14","21.20","21.02","96.40K","-0.24%"
"10/15/2024","21.20","21.15","21.22","21.05","207.52K","-2.26%"
"10/14/2024","21.69","21.75","21.83","21.65","296.11K","-1.59%"
"10/11/2024","22.04","21.98","22.14","21.96","164.83K","-0.05%"
"10/10/2024","22.05","21.75","22.07","21.68","139.70K","2.04%"
"10/09/2024","21.61","21.46","21.61","21.32","149.26K","-0.69%"
"10/08/2024","21.76","21.93","21.93","21.57","257.53K","-2.64%"
"10/07/2024","22.35","22.07","22.36","22.06","204.14K","1.64%"
"10/04/2024","21.99","21.98","22.13","21.92","157.52K","0.23%"
"10/03/2024","21.94","21.60","21.98","21.58","244.44K","1.81%"
"10/02/2024","21.55","21.65","21.72","21.38","590.09K","0.89%"
"10/01/2024","21.36","20.91","21.59","20.89","935.30K","1.71%"
"09/30/2024","21.00","20.95","21.10","20.88","240.30K","-0.28%"
"09/27/2024","21.06","20.86","21.06","20.80","457.35K","0.86%"
"09/26/2024","20.88","20.90","21.04","20.81","421.64K","-1.14%"
"09/25/2024","21.12","21.21","21.28","21.05","235.22K","-1.03%"
"09/24/2024","21.34","21.38","21.38","21.25","310.62K","1.43%"
"09/23/2024","21.04","21.10","21.22","20.89","117.88K","0.05%"
"09/20/2024","21.03","20.93","21.06","20.86","69.32K","0.10%"
"09/19/2024","21.01","20.88","21.05","20.85","578.84K","1.94%"
"09/18/2024","20.61","20.71","20.85","20.61","507.90K","-0.72%"
"09/17/2024","20.76","20.61","20.82","20.61","172.95K","0.78%"
"09/16/2024","20.60","20.58","20.66","20.50","183.86K","0.83%"
"09/13/2024","20.43","20.53","20.61","20.35","153.05K","0.00%"
"09/12/2024","20.43","20.24","20.49","20.18","160.40K","1.79%"
"09/11/2024","20.07","20.03","20.14","19.78","295.50K","1.16%"
"09/10/2024","19.84","20.19","20.20","19.73","316.82K","-1.73%"
"09/09/2024","20.19","20.05","20.23","19.97","214.44K","0.50%"
"09/06/2024","20.09","20.49","20.52","19.97","387.90K","-1.42%"
"09/05/2024","20.38","20.49","20.61","20.33","330.76K","0.25%"
"09/04/2024","20.33","20.44","20.61","20.31","725.17K","-1.17%"
"09/03/2024","20.57","20.67","20.67","20.50","229.12K","-2.23%"
"08/30/2024","21.04","21.15","21.15","20.99","390.89K","-1.27%"
"08/29/2024","21.31","21.23","21.35","21.17","389.92K","1.14%"
"08/28/2024","21.07","21.10","21.21","21.03","370.42K","-1.17%"
"08/27/2024","21.32","21.40","21.43","21.28","197.05K","-0.61%"
"08/26/2024","21.45","21.46","21.54","21.43","239.22K","1.42%"
"08/23/2024","21.15","21.03","21.17","21.02","289.57K","1.78%"
"08/22/2024","20.78","20.69","20.88","20.67","337.08K","0.29%"
"08/21/2024","20.72","20.95","21.03","20.66","1.03M","-0.86%"
"08/20/2024","20.90","21.04","21.09","20.86","422.07K","-0.48%"
"08/19/2024","21.00","21.15","21.21","20.93","292.78K","-0.66%"
"08/16/2024","21.14","21.12","21.20","21.05","265.25K","-0.80%"
"08/15/2024","21.31","21.31","21.46","21.31","130.01K","0.52%"
"08/14/2024","21.20","21.29","21.34","21.15","220.87K","-0.38%"
"08/13/2024","21.28","21.44","21.44","21.25","272.76K","-1.02%"
"08/12/2024","21.50","21.29","21.56","21.24","139.57K","1.85%"
"08/09/2024","21.11","21.09","21.14","21.00","127.32K","0.62%"
"08/08/2024","20.98","20.87","21.03","20.83","266.67K","0.58%"
"08/07/2024","20.86","20.80","20.97","20.77","260.88K","1.36%"
"08/06/2024","20.58","20.46","20.71","20.44","331.28K","-0.39%"
"08/05/2024","20.66","20.36","20.67","20.33","452.00K","-0.48%"
"08/02/2024","20.76","20.86","20.87","20.63","480.08K","-1.84%"
"08/01/2024","21.15","21.48","21.50","21.06","5.47M","-1.67%"
"07/31/2024","21.51","21.28","21.53","21.21","1.12M","2.48%"
"07/30/2024","20.99","20.90","20.99","20.88","339.27K","-0.29%"
"07/29/2024","21.05","21.28","21.33","21.00","192.50K","-0.89%"
"07/26/2024","21.24","21.41","21.41","21.20","475.23K","-1.12%"
"07/25/2024","21.48","21.29","21.53","21.20","396.13K","0.33%"
"07/24/2024","21.41","21.41","21.58","21.41","852.56K","-0.14%"
"07/23/2024","21.44","21.46","21.49","21.33","681.38K","-0.74%"
"07/22/2024","21.60","21.44","21.60","21.39","334.35K","0.42%"
"07/19/2024","21.51","21.76","21.89","21.50","812.14K","-1.47%"
"07/18/2024","21.83","21.97","22.01","21.82","411.69K","-0.77%"
"07/17/2024","22.00","21.97","22.03","21.93","343.64K","0.55%"
"07/16/2024","21.88","21.77","21.92","21.77","328.14K","-0.50%"
"07/15/2024","21.99","22.06","22.10","21.99","559.34K","-0.77%"
"07/12/2024","22.16","22.22","22.24","22.13","390.13K","-0.40%"
"07/11/2024","22.25","21.92","22.25","21.92","400.18K","0.50%"
"07/10/2024","22.14","22.04","22.19","21.98","417.65K","0.09%"
"07/09/2024","22.12","22.23","22.31","22.07","362.95K","-0.58%"
"07/08/2024","22.25","22.40","22.43","22.25","530.01K","-1.42%"
"07/05/2024","22.57","22.64","22.73","22.53","367.47K","0.18%"
"07/03/2024","22.53","22.45","22.57","22.43","466.96K","0.27%"
"07/02/2024","22.47","22.55","22.58","22.40","382.54K","0.18%"
"07/01/2024","22.43","22.25","22.46","22.17","1.00M","1.26%"
"06/28/2024","22.15","22.34","22.35","22.14","583.07K","-0.67%"
"06/27/2024","22.30","22.31","22.34","22.18","352.86K","0.90%"
"06/26/2024","22.10","22.08","22.26","22.06","276.35K","0.05%"
"06/25/2024","22.09","22.26","22.29","22.09","340.10K","-1.16%"
"06/24/2024","22.35","22.11","22.35","22.11","390.79K","0.90%"
"06/21/2024","22.15","22.35","22.38","22.14","735.16K","-0.94%"
"06/20/2024","22.36","22.40","22.45","22.31","314.64K","0.18%"
"06/18/2024","22.32","22.15","22.33","22.15","447.16K","0.68%"
"06/17/2024","22.17","22.02","22.17","21.98","519.73K","0.77%"
"06/14/2024","22.00","22.15","22.18","22.00","715.84K","0.00%"
"06/13/2024","22.00","22.10","22.15","21.99","278.76K","-0.09%"
"06/12/2024","22.02","22.17","22.19","21.97","523.59K","0.46%"
"06/11/2024","21.92","21.84","22.01","21.82","652.90K","0.00%"
"06/10/2024","21.92","21.68","21.92","21.65","663.83K","1.81%"
"06/07/2024","21.53","21.65","21.71","21.52","925.60K","-1.19%"
"06/06/2024","21.79","21.55","21.79","21.53","398.47K","1.44%"
"06/05/2024","21.48","21.37","21.48","21.27","610.45K","0.70%"
"06/04/2024","21.33","21.34","21.42","21.23","598.39K","-1.02%"
"06/03/2024","21.55","21.89","21.89","21.49","2.80M","-1.82%"
"05/31/2024","21.95","22.15","22.17","21.84","460.34K","-0.59%"
"05/30/2024","22.08","22.22","22.31","22.05","269.54K","-1.38%"
"05/29/2024","22.39","22.61","22.62","22.39","202.17K","-1.24%"
"05/28/2024","22.67","22.52","22.68","22.47","459.93K","2.03%"
"05/24/2024","22.22","22.15","22.27","22.15","162.02K","0.54%"
"05/23/2024","22.10","22.40","22.44","22.06","227.26K","-0.45%"
"05/22/2024","22.20","22.30","22.35","22.17","212.95K","-1.07%"
"05/21/2024","22.44","22.47","22.55","22.36","325.27K","-0.36%"
"05/20/2024","22.52","22.43","22.61","22.41","228.81K","0.40%"
"05/17/2024","22.43","22.35","22.44","22.28","375.39K","1.13%"
"05/16/2024","22.18","22.20","22.24","22.14","281.25K","0.41%"
"05/15/2024","22.09","21.94","22.10","21.80","319.98K","0.59%"
"05/14/2024","21.96","21.99","22.07","21.89","418.34K","-0.72%"
"05/13/2024","22.12","22.04","22.19","22.03","221.54K","0.59%"
"05/10/2024","21.99","22.16","22.20","21.98","139.62K","-0.63%"
"05/09/2024","22.13","22.03","22.14","22.02","180.62K","0.50%"
"05/08/2024","22.02","21.88","22.03","21.83","225.94K","-0.05%"
"05/07/2024","22.03","21.98","22.13","21.94","472.39K","-0.05%"
"05/06/2024","22.04","21.94","22.11","21.94","516.10K","0.87%"
"05/03/2024","21.85","21.91","21.95","21.83","410.20K","-0.05%"
"05/02/2024","21.86","21.84","21.93","21.73","393.54K","0.14%"
"05/01/2024","21.83","22.07","22.22","21.80","1.02M","-1.98%"
"04/30/2024","22.27","22.42","22.44","22.19","1.32M","-1.42%"
"04/29/2024","22.59","22.67","22.73","22.55","266.63K","-0.35%"
"04/26/2024","22.67","22.80","22.80","22.63","1.06M","-0.18%"
"04/25/2024","22.71","22.54","22.71","22.43","744.03K","0.80%"
"04/24/2024","22.53","22.55","22.67","22.49","1.16M","-0.44%"
"04/23/2024","22.63","22.26","22.64","22.26","1.46M","0.58%"
"04/22/2024","22.50","22.28","22.50","22.27","412.24K","0.13%"
"04/19/2024","22.47","22.36","22.56","22.34","706.22K","0.81%"
"04/18/2024","22.29","22.34","22.42","22.24","309.64K","-0.04%"
"04/17/2024","22.30","22.53","22.65","22.26","939.33K","-1.76%"
"04/16/2024","22.70","22.66","22.75","22.58","1.03M","-0.18%"
"04/15/2024","22.74","22.66","22.77","22.49","1.22M","0.22%"
"04/12/2024","22.69","22.96","23.08","22.66","674.06K","0.09%"
"04/11/2024","22.67","22.68","22.69","22.55","311.02K","-0.48%"
"04/10/2024","22.78","22.72","22.79","22.53","441.10K","0.44%"
"04/09/2024","22.68","22.83","22.83","22.61","246.14K","-0.53%"
"04/08/2024","22.80","22.87","22.90","22.64","383.94K","-0.18%"
"04/05/2024","22.84","22.87","22.97","22.77","233.66K","0.31%"
"04/04/2024","22.77","22.59","22.86","22.50","634.10K","0.75%"
"04/03/2024","22.60","22.60","22.67","22.57","274.86K","0.76%"
"04/02/2024","22.43","22.38","22.45","22.29","227.53K","0.95%"
"04/01/2024","22.22","22.12","22.31","22.07","345.19K","0.73%"
"03/28/2024","22.06","21.91","22.12","21.91","271.29K","1.05%"
"03/27/2024","21.83","21.71","21.83","21.69","339.77K","0.09%"
"03/26/2024","21.81","22.02","22.02","21.79","156.80K","-0.77%"
"03/25/2024","21.98","21.89","22.08","21.88","460.56K","0.83%"
"03/22/2024","21.80","21.90","21.90","21.76","595.43K","-0.37%"
"03/21/2024","21.88","21.92","21.92","21.75","314.90K","-0.23%"
"03/20/2024","21.93","21.87","21.94","21.77","301.84K","-0.77%"
"03/19/2024","22.10","22.07","22.13","22.03","272.82K","0.00%"
"03/18/2024","22.10","21.93","22.12","21.90","417.33K","1.33%"
"03/15/2024","21.81","21.70","21.82","21.66","204.20K","0.41%"
"03/14/2024","21.72","21.67","21.79","21.65","410.31K","0.51%"
"03/13/2024","21.61","21.48","21.63","21.48","450.50K","1.55%"
"03/12/2024","21.28","21.26","21.39","21.20","357.97K","-0.14%"
"03/11/2024","21.31","21.14","21.35","21.06","226.13K","0.57%"
"03/08/2024","21.19","21.28","21.29","21.10","303.19K","-0.70%"
"03/07/2024","21.34","21.22","21.45","21.19","303.73K","0.33%"
"03/06/2024","21.27","21.30","21.45","21.26","325.72K","0.76%"
"03/05/2024","21.11","21.19","21.29","21.07","626.94K","-0.75%"
"03/04/2024","21.27","21.45","21.47","21.22","631.76K","-0.37%"
"03/01/2024","21.35","21.29","21.48","21.23","3.06M","1.09%"
"02/29/2024","21.12","21.08","21.25","21.03","284.45K","0.09%"
"02/28/2024","21.10","21.23","21.28","21.07","350.87K","-0.57%"
"02/27/2024","21.22","21.12","21.25","21.11","649.67K","0.81%"
"02/26/2024","21.05","20.83","21.10","20.81","397.78K","0.91%"
"02/23/2024","20.86","20.92","20.95","20.81","495.67K","-1.42%"
"02/22/2024","21.16","21.00","21.19","20.99","272.30K","0.33%"
"02/21/2024","21.09","21.00","21.09","20.98","266.93K","0.43%"
"02/20/2024","21.00","21.10","21.12","20.90","202.01K","-0.52%"
"02/16/2024","21.11","21.00","21.14","20.98","208.96K","0.48%"
"02/15/2024","21.01","20.89","21.11","20.89","310.88K","0.77%"
"02/14/2024","20.85","21.12","21.20","20.83","228.75K","-1.09%"
"02/13/2024","21.08","21.12","21.19","21.02","449.72K","-0.14%"
"02/12/2024","21.11","21.08","21.14","21.02","271.87K","0.19%"
"02/09/2024","21.07","21.10","21.19","21.02","222.21K","0.19%"
"02/08/2024","21.03","20.85","21.05","20.85","306.77K","1.50%"
"02/07/2024","20.72","20.63","20.75","20.63","729.58K","0.63%"
"02/06/2024","20.59","20.53","20.66","20.51","252.31K","0.59%"
"02/05/2024","20.47","20.39","20.50","20.25","689.49K","0.49%"
"02/02/2024","20.37","20.44","20.52","20.34","349.89K","-1.31%"
"02/01/2024","20.64","20.99","21.06","20.60","481.84K","-1.43%"
"01/31/2024","20.94","21.13","21.16","20.90","316.94K","-1.23%"
"01/30/2024","21.20","20.97","21.22","20.96","355.66K","0.86%"
"01/29/2024","21.02","21.12","21.14","20.94","175.13K","-1.08%"
"01/26/2024","21.25","21.01","21.26","20.87","544.19K","0.90%"
"01/25/2024","21.06","20.96","21.10","20.84","341.81K","1.40%"
"01/24/2024","20.77","20.70","20.83","20.61","356.16K","0.87%"
"01/23/2024","20.59","20.47","20.67","20.47","435.01K","0.44%"
"01/22/2024","20.50","20.33","20.59","20.31","379.21K","0.74%"
"01/19/2024","20.35","20.49","20.53","20.30","650.55K","-0.10%"
"01/18/2024","20.37","20.19","20.41","20.12","181.89K","1.04%"
"01/17/2024","20.16","20.02","20.17","19.96","311.70K","0.10%"
"01/16/2024","20.14","20.35","20.35","20.13","223.99K","-0.74%"
"01/12/2024","20.29","20.57","20.65","20.20","474.07K","0.20%"
"01/11/2024","20.25","20.33","20.43","20.18","368.15K","1.15%"
"01/10/2024","20.02","20.32","20.35","19.99","417.20K","-0.79%"
"01/09/2024","20.18","20.14","20.32","20.03","1.35M","1.15%"
"01/08/2024","19.95","19.84","19.98","19.74","322.59K","-1.87%"
"01/05/2024","20.33","20.32","20.42","20.23","389.64K","0.69%"
"01/04/2024","20.19","20.21","20.26","19.97","848.62K","-0.30%"
"01/03/2024","20.25","20.05","20.27","20.01","781.70K","2.02%"
"01/02/2024","19.85","20.19","20.19","19.81","3.39M","-1.05%"
"12/29/2023","20.06","20.24","20.26","20.05","954.41K","-0.59%"
"12/28/2023","20.18","20.35","20.46","20.15","972.54K","-1.46%"
"12/27/2023","20.48","20.61","20.67","20.46","646.46K","-0.68%"
"12/26/2023","20.62","20.61","20.73","20.38","1.14M","1.43%"
"12/22/2023","20.33","20.49","20.56","20.32","460.20K","-0.39%"
"12/21/2023","20.41","20.25","20.41","20.25","933.22K","0.49%"
"12/20/2023","20.31","20.61","20.64","20.31","1.10M","-1.02%"
"12/19/2023","20.52","20.31","20.53","20.29","1.28M","0.98%"
"12/18/2023","20.32","20.43","20.55","20.22","939.10K","0.84%"
"12/15/2023","20.15","20.09","20.17","19.91","488.26K","0.35%"
"12/14/2023","20.08","19.97","20.12","19.97","962.27K","2.03%"
"12/13/2023","19.68","19.48","19.68","19.45","485.32K","1.08%"
"12/12/2023","19.47","19.55","19.59","19.41","712.78K","-2.06%"
"12/11/2023","19.88","19.83","19.92","19.72","487.40K","-0.20%"
"12/08/2023","19.92","19.87","20.01","19.82","447.09K","1.07%"
"12/07/2023","19.71","19.78","19.81","19.59","1.40M","0.46%"
"12/06/2023","19.62","19.96","20.01","19.62","2.09M","-2.78%"
"12/05/2023","20.18","20.38","20.47","20.18","1.02M","-0.74%"
"12/04/2023","20.33","20.35","20.54","20.23","1.76M","-0.78%"
"12/01/2023","20.49","20.70","20.90","20.45","4.73M","-0.92%"
"11/30/2023","20.68","21.19","21.30","20.66","2.23M","-1.85%"
"11/29/2023","21.07","20.99","21.11","20.74","1.00M","1.01%"
"11/28/2023","20.86","20.70","20.95","20.64","723.99K","1.51%"
"11/27/2023","20.55","20.68","20.76","20.50","797.87K","-1.01%"
"11/24/2023","20.76","20.85","20.97","20.75","486.57K","-1.00%"
"11/22/2023","20.97","20.62","21.01","20.57","407.58K","-0.99%"
"11/21/2023","21.18","21.08","21.19","21.04","631.12K","0.47%"
"11/20/2023","21.08","21.01","21.17","20.98","735.67K","1.35%"
"11/17/2023","20.80","20.57","20.82","20.55","1.08M","1.86%"
"11/16/2023","20.42","20.74","20.75","20.35","918.31K","-2.90%"
"11/15/2023","21.03","21.03","21.17","20.99","556.02K","-0.71%"
"11/14/2023","21.18","21.27","21.41","21.12","1.56M","-0.19%"
"11/13/2023","21.22","20.89","21.22","20.89","496.17K","1.68%"
"11/10/2023","20.87","20.82","20.93","20.76","928.83K","0.97%"
"11/09/2023","20.67","20.81","20.95","20.66","1.04M","-0.48%"
"11/08/2023","20.77","20.95","21.04","20.68","608.04K","-1.33%"
"11/07/2023","21.05","21.27","21.31","21.02","908.43K","-2.82%"
"11/06/2023","21.66","21.80","21.85","21.65","910.45K","-0.05%"
"11/03/2023","21.67","21.71","21.94","21.58","1.08M","-0.91%"
"11/02/2023","21.87","21.62","21.92","21.61","916.01K","1.30%"
"11/01/2023","21.59","21.86","21.88","21.50","859.30K","-0.18%"
"10/31/2023","21.63","21.76","21.89","21.54","1.02M","-0.41%"
"10/30/2023","21.72","21.92","21.98","21.60","545.78K","-1.76%"
"10/27/2023","22.11","21.94","22.18","21.78","1.01M","1.42%"
"10/26/2023","21.80","21.77","21.93","21.74","438.78K","-0.82%"
"10/25/2023","21.98","21.83","22.03","21.53","443.85K","0.92%"
"10/24/2023","21.78","21.96","21.99","21.68","807.81K","-1.54%"
"10/23/2023","22.12","22.38","22.38","22.03","1.03M","-1.29%"
"10/20/2023","22.41","22.66","22.69","22.37","806.39K","-0.88%"
"10/19/2023","22.61","22.26","22.63","22.21","583.58K","1.25%"
"10/18/2023","22.33","22.30","22.42","22.27","840.84K","0.86%"
"10/17/2023","22.14","22.00","22.18","21.93","580.90K","0.09%"
"10/16/2023","22.12","22.17","22.22","22.05","755.69K","-0.63%"
"10/13/2023","22.26","22.08","22.27","21.97","574.80K","2.96%"
"10/12/2023","21.62","21.71","21.73","21.49","1.01M","0.19%"
"10/11/2023","21.58","21.61","21.67","21.40","522.54K","-0.92%"
"10/10/2023","21.78","21.85","21.85","21.66","1.19M","-0.37%"
"10/09/2023","21.86","21.73","21.90","21.67","1.10M","2.44%"
"10/06/2023","21.34","21.35","21.40","21.16","1.07M","0.52%"
"10/05/2023","21.23","21.15","21.42","21.13","620.81K","-1.21%"
"10/04/2023","21.49","21.87","21.88","21.38","905.27K","-3.33%"
"10/03/2023","22.23","22.22","22.27","22.11","1.16M","-0.09%"
"10/02/2023","22.25","22.53","22.57","22.20","1.61M","-1.16%"
"09/29/2023","22.51","22.84","22.86","22.48","1.35M","-1.01%"
"09/28/2023","22.74","22.78","22.92","22.70","484.60K","-0.39%"
"09/27/2023","22.83","22.71","22.91","22.71","343.64K","1.33%"
"09/26/2023","22.53","22.39","22.53","22.37","1.36M","0.13%"
"09/25/2023","22.50","22.55","22.56","22.38","287.25K","-0.35%"
"09/22/2023","22.58","22.76","22.79","22.49","383.22K","0.22%"
"09/21/2023","22.53","22.81","22.83","22.52","926.78K","-0.22%"
"09/20/2023","22.58","22.66","22.85","22.58","651.66K","-1.14%"
"09/19/2023","22.84","22.91","22.95","22.78","426.13K","0.18%"
"09/18/2023","22.80","22.89","22.90","22.67","355.61K","-0.04%"
"09/15/2023","22.81","22.73","22.86","22.67","600.68K","-0.35%"
"09/14/2023","22.89","22.79","22.91","22.75","1.09M","1.28%"
"09/13/2023","22.60","22.57","22.66","22.50","534.82K","0.36%"
"09/12/2023","22.52","22.47","22.58","22.47","639.23K","0.54%"
"09/11/2023","22.40","22.45","22.49","22.32","564.61K","0.67%"
"09/08/2023","22.25","22.23","22.35","22.18","365.59K","0.36%"
"09/07/2023","22.17","22.13","22.22","22.06","483.89K","-0.18%"
"09/06/2023","22.21","22.07","22.26","22.01","945.70K","0.32%"
"09/05/2023","22.14","22.18","22.34","22.10","976.21K","0.59%"
"09/01/2023","22.01","21.93","22.02","21.88","1.99M","1.43%"
"08/31/2023","21.70","21.57","21.70","21.51","280.42K","0.84%"
"08/30/2023","21.52","21.56","21.62","21.42","762.01K","0.00%"
"08/29/2023","21.52","21.41","21.53","21.29","687.39K","0.37%"
"08/28/2023","21.44","21.42","21.55","21.36","522.00K","-0.28%"
"08/25/2023","21.50","21.38","21.52","21.16","608.33K","1.65%"
"08/24/2023","21.15","21.00","21.22","20.93","535.33K","0.14%"
"08/23/2023","21.12","20.95","21.23","20.92","815.82K","-0.14%"
"08/22/2023","21.15","21.26","21.27","21.12","377.46K","-0.28%"
"08/21/2023","21.21","21.43","21.43","21.17","401.69K","-0.33%"
"08/18/2023","21.28","21.13","21.33","21.10","384.89K","1.09%"
"08/17/2023","21.05","21.19","21.23","21.04","503.94K","0.62%"
"08/16/2023","20.92","21.15","21.22","20.91","819.66K","-0.81%"
"08/15/2023","21.09","21.29","21.31","21.06","723.06K","-1.63%"
"08/14/2023","21.44","21.46","21.52","21.33","336.51K","-0.56%"
"08/11/2023","21.56","21.57","21.73","21.53","388.74K","-0.14%"
"08/10/2023","21.59","21.70","21.81","21.55","386.46K","-0.96%"
"08/09/2023","21.80","21.71","21.84","21.61","618.84K","1.40%"
"08/08/2023","21.50","21.16","21.56","21.08","539.44K","0.00%"
"08/07/2023","21.50","21.48","21.51","21.34","1.21M","0.19%"
"08/04/2023","21.46","21.47","21.58","21.36","518.36K","0.28%"
"08/03/2023","21.40","21.16","21.42","21.13","365.53K","1.13%"
"08/02/2023","21.16","21.50","21.50","21.05","693.67K","-1.81%"
"08/01/2023","21.55","21.48","21.58","21.41","2.39M","-0.23%"
"07/31/2023","21.60","21.48","21.60","21.41","166.27K","0.70%"
"07/28/2023","21.45","21.32","21.48","21.22","177.48K","0.47%"
"07/27/2023","21.35","21.32","21.44","21.23","154.27K","0.47%"
"07/26/2023","21.25","21.28","21.34","21.22","247.81K","-0.56%"
"07/25/2023","21.37","21.18","21.42","21.17","117.50K","0.33%"
"07/24/2023","21.30","21.05","21.38","21.00","564.70K","2.11%"
"07/21/2023","20.86","20.72","20.87","20.72","107.13K","0.87%"
"07/20/2023","20.68","20.77","20.79","20.55","135.36K","0.53%"
"07/19/2023","20.57","20.65","20.77","20.56","240.89K","0.54%"
"07/18/2023","20.46","20.23","20.52","20.22","168.35K","1.59%"
"07/17/2023","20.14","20.23","20.30","20.14","151.93K","-1.18%"
"07/14/2023","20.38","20.53","20.53","20.30","257.90K","-0.73%"
"07/13/2023","20.53","20.28","20.54","20.25","199.97K","1.28%"
"07/12/2023","20.27","20.33","20.42","20.21","357.86K","0.55%"
"07/11/2023","20.16","19.98","20.18","19.95","204.65K","1.31%"
"07/10/2023","19.90","19.88","20.02","19.81","167.15K","0.00%"
"07/07/2023","19.90","19.64","19.92","19.64","179.54K","1.07%"
"07/06/2023","19.69","19.64","19.69","19.41","181.19K","-0.10%"
"07/05/2023","19.71","19.76","19.76","19.57","247.99K","1.28%"
"07/03/2023","19.46","19.52","19.60","19.42","101.55K","-0.15%"
"06/30/2023","19.49","19.42","19.63","19.39","251.17K","0.88%"
"06/29/2023","19.32","19.25","19.41","19.19","166.16K","0.31%"
"06/28/2023","19.26","19.13","19.35","19.03","336.93K","0.16%"
"06/27/2023","19.23","19.46","19.50","19.20","245.30K","-1.89%"
"06/26/2023","19.60","19.51","19.72","19.51","213.86K","0.36%"
"06/23/2023","19.53","19.29","19.53","19.29","274.78K","-0.86%"
"06/22/2023","19.70","19.82","19.89","19.63","286.08K","-2.33%"
"06/21/2023","20.17","19.83","20.19","19.83","285.31K","1.66%"
"06/20/2023","19.84","19.88","19.88","19.68","260.08K","-0.95%"
"06/16/2023","20.03","19.85","20.08","19.85","195.51K","1.42%"
"06/15/2023","19.75","19.38","19.80","19.38","298.85K","2.70%"
"06/14/2023","19.23","19.42","19.48","19.15","401.91K","-0.26%"
"06/13/2023","19.28","19.28","19.38","19.26","402.78K","1.90%"
"06/12/2023","18.92","19.00","19.07","18.86","792.10K","-2.07%"
"06/09/2023","19.32","19.40","19.53","19.29","179.32K","-0.57%"
"06/08/2023","19.43","19.53","19.57","19.09","860.29K","-0.41%"
"06/07/2023","19.51","19.48","19.60","19.46","236.68K","0.72%"
"06/06/2023","19.37","19.23","19.46","19.21","259.87K","0.21%"
"06/05/2023","19.33","19.55","19.59","19.33","200.71K","-0.15%"
"06/02/2023","19.36","19.27","19.37","19.17","468.88K","1.89%"
"06/01/2023","19.00","18.71","19.15","18.71","1.69M","1.77%"
"05/31/2023","18.67","18.71","18.84","18.65","337.17K","-1.01%"
"05/30/2023","18.86","18.98","19.00","18.77","316.57K","-2.63%"
"05/26/2023","19.37","19.34","19.39","19.26","329.01K","1.15%"
"05/25/2023","19.15","19.22","19.26","19.00","480.78K","-1.59%"
"05/24/2023","19.46","19.50","19.57","19.32","322.38K","0.72%"
"05/23/2023","19.32","19.33","19.43","19.28","311.61K","0.42%"
"05/22/2023","19.24","19.18","19.30","19.13","287.93K","-0.05%"
"05/19/2023","19.25","19.41","19.44","19.14","338.19K","-0.21%"
"05/18/2023","19.29","19.24","19.30","19.16","283.56K","-0.72%"
"05/17/2023","19.43","19.32","19.46","19.16","313.91K","1.62%"
"05/16/2023","19.12","19.27","19.36","19.12","289.05K","-1.04%"
"05/15/2023","19.32","19.15","19.39","19.15","491.27K","1.52%"
"05/12/2023","19.03","19.17","19.23","18.98","391.24K","-0.63%"
"05/11/2023","19.15","19.20","19.27","19.07","402.59K","-1.64%"
"05/10/2023","19.47","19.51","19.53","19.34","364.30K","-0.56%"
"05/09/2023","19.58","19.39","19.60","19.22","709.56K","0.31%"
"05/08/2023","19.52","19.60","19.63","19.47","1.88M","1.35%"
"05/05/2023","19.26","19.15","19.31","19.15","418.72K","2.45%"
"05/04/2023","18.80","18.73","18.99","18.65","327.36K","0.59%"
"05/03/2023","18.69","18.88","18.88","18.67","2.07M","-2.45%"
"05/02/2023","19.16","19.56","19.56","19.13","331.02K","-3.04%"
"05/01/2023","19.76","19.78","19.87","19.60","393.98K","-0.75%"
"04/28/2023","19.91","19.63","19.95","19.59","593.28K","1.43%"
"04/27/2023","19.63","19.63","19.71","19.51","772.86K","0.15%"
"04/26/2023","19.60","19.94","20.00","19.59","328.07K","-2.05%"
"04/25/2023","20.01","20.18","20.20","19.93","507.82K","-1.82%"
"04/24/2023","20.38","20.17","20.43","20.16","226.77K","0.84%"
"04/21/2023","20.21","20.36","20.36","20.15","240.81K","0.00%"
"04/20/2023","20.21","20.29","20.33","20.17","415.03K","-1.70%"
"04/19/2023","20.56","20.66","20.71","20.50","299.37K","-1.53%"
"04/18/2023","20.88","20.85","20.99","20.73","327.58K","0.19%"
"04/17/2023","20.84","20.92","20.95","20.76","397.26K","-0.67%"
"04/14/2023","20.98","20.97","21.04","20.81","213.56K","0.24%"
"04/13/2023","20.93","21.02","21.10","20.89","251.81K","-0.38%"
"04/12/2023","21.01","20.88","21.08","20.86","286.21K","0.96%"
"04/11/2023","20.81","20.62","20.81","20.61","392.27K","1.02%"
"04/10/2023","20.60","20.59","20.71","20.57","479.65K","-0.10%"
"04/06/2023","20.62","20.70","20.70","20.54","209.96K","-0.19%"
"04/05/2023","20.66","20.65","20.70","20.55","432.83K","0.15%"
"04/04/2023","20.63","20.74","20.77","20.46","459.96K","-0.15%"
"04/03/2023","20.66","20.68","20.83","20.59","2.35M","2.68%"
"03/31/2023","20.12","19.95","20.12","19.88","806.20K","1.26%"
"03/30/2023","19.87","19.79","19.88","19.69","267.82K","0.81%"
"03/29/2023","19.71","19.89","19.96","19.68","340.05K","-0.61%"
"03/28/2023","19.83","19.71","19.90","19.71","339.07K","0.46%"
"03/27/2023","19.74","19.37","19.76","19.32","398.17K","2.60%"
"03/24/2023","19.24","19.08","19.28","19.04","416.12K","0.47%"
"03/23/2023","19.15","19.41","19.50","19.13","401.76K","-0.47%"
"03/22/2023","19.24","19.27","19.41","19.12","474.00K","0.16%"
"03/21/2023","19.21","19.12","19.25","19.03","1.11M","1.00%"
"03/20/2023","19.02","18.88","19.03","18.76","549.56K","0.69%"
"03/17/2023","18.89","19.08","19.08","18.70","289.54K","-0.89%"
"03/16/2023","19.06","18.82","19.19","18.67","492.70K","0.26%"
"03/15/2023","19.01","19.06","19.19","18.65","1.08M","-2.81%"
"03/14/2023","19.56","19.72","19.95","19.48","1.04M","-1.76%"
"03/13/2023","19.91","19.73","20.16","19.65","592.04K","-1.09%"
"03/10/2023","20.13","19.93","20.17","19.92","298.37K","1.05%"
"03/09/2023","19.92","20.30","20.38","19.90","595.89K","-1.39%"
"03/08/2023","20.20","20.19","20.32","20.13","287.64K","-0.54%"
"03/07/2023","20.31","20.80","20.80","20.30","1.02M","-2.59%"
"03/06/2023","20.85","20.61","20.85","20.58","574.32K","-0.10%"
"03/03/2023","20.87","20.39","20.87","20.39","260.16K","1.56%"
"03/02/2023","20.55","20.63","20.64","20.44","338.08K","-0.29%"
"03/01/2023","20.61","20.37","20.61","20.29","2.45M","1.48%"
"02/28/2023","20.31","20.38","20.39","20.27","343.59K","0.64%"
"02/27/2023","20.18","20.23","20.25","20.07","164.81K","-0.20%"
"02/24/2023","20.22","19.96","20.23","19.86","377.27K","0.25%"
"02/23/2023","20.17","20.21","20.29","20.05","287.31K","0.85%"
"02/22/2023","20.00","20.28","20.34","20.00","480.61K","-1.86%"
"02/21/2023","20.38","20.45","20.56","20.30","400.22K","0.39%"
"02/17/2023","20.30","20.19","20.35","20.08","438.19K","-1.12%"
"02/16/2023","20.53","20.60","20.72","20.53","330.45K","-0.53%"
"02/15/2023","20.64","20.69","20.73","20.48","568.64K","-1.24%"
"02/14/2023","20.90","20.65","20.95","20.62","359.27K","0.34%"
"02/13/2023","20.83","20.75","20.98","20.72","839.90K","-0.33%"
"02/10/2023","20.90","20.73","20.90","20.70","265.70K","1.80%"
"02/09/2023","20.53","20.56","20.61","20.37","560.56K","-0.73%"
"02/08/2023","20.68","20.67","20.73","20.48","523.44K","0.44%"
"02/07/2023","20.59","20.20","20.60","20.18","453.40K","2.29%"
"02/06/2023","20.13","20.07","20.13","19.72","774.04K","0.70%"
"02/03/2023","19.99","20.43","20.73","19.99","978.81K","-2.34%"
"02/02/2023","20.47","20.64","20.71","20.44","1.25M","-1.06%"
"02/01/2023","20.69","21.06","21.07","20.52","2.50M","-2.45%"
"01/31/2023","21.21","20.86","21.21","20.82","700.35K","1.63%"
"01/30/2023","20.87","21.07","21.24","20.87","458.99K","-1.56%"
"01/27/2023","21.20","21.55","21.57","21.13","574.67K","-1.30%"
"01/26/2023","21.48","21.54","21.58","21.33","367.61K","0.75%"
"01/25/2023","21.32","21.36","21.43","21.21","377.88K","-0.23%"
"01/24/2023","21.37","21.60","21.61","21.30","663.91K","-1.06%"
"01/23/2023","21.60","21.54","21.67","21.50","653.25K","0.51%"
"01/20/2023","21.49","21.39","21.52","21.23","413.95K","0.99%"
"01/19/2023","21.28","21.22","21.39","21.11","415.22K","0.95%"
"01/18/2023","21.08","21.50","21.58","21.05","615.41K","-1.36%"
"01/17/2023","21.37","21.24","21.38","21.10","315.33K","1.04%"
"01/13/2023","21.15","20.95","21.16","20.91","553.74K","1.20%"
"01/12/2023","20.90","20.87","21.00","20.75","1.08M","1.06%"
"01/11/2023","20.68","20.55","20.68","20.38","727.63K","2.33%"
"01/10/2023","20.21","20.24","20.37","20.06","439.36K","0.00%"
"01/09/2023","20.21","20.29","20.48","20.15","1.07M","1.20%"
"01/06/2023","19.97","20.11","20.16","19.89","841.65K","0.55%"
"01/05/2023","19.86","19.88","20.02","19.77","542.56K","-0.30%"
"01/04/2023","19.92","20.13","20.15","19.83","3.24M","-3.21%"
"01/03/2023","20.58","20.92","21.08","20.47","2.66M","-3.06%"
"12/30/2022","21.23","20.98","21.25","20.91","676.07K","1.14%"
"12/29/2022","20.99","20.80","21.01","20.75","709.93K","-0.24%"
"12/28/2022","21.04","21.08","21.10","20.77","733.80K","-0.94%"
"12/27/2022","21.24","20.86","21.42","20.65","968.34K","0.71%"
"12/23/2022","21.09","20.94","21.13","20.78","869.03K","1.83%"
"12/22/2022","20.71","20.89","20.93","20.57","837.81K","-0.77%"
"12/21/2022","20.87","20.74","20.89","20.73","1.39M","2.20%"
"12/20/2022","20.42","20.35","20.52","20.19","1.71M","0.05%"
"12/19/2022","20.41","20.49","20.51","20.26","845.46K","-0.10%"
"12/16/2022","20.43","20.34","20.58","20.29","1.35M","-1.49%"
"12/15/2022","20.74","20.89","20.93","20.60","2.10M","-0.91%"
"12/14/2022","20.93","20.79","21.00","20.70","1.88M","1.21%"
"12/13/2022","20.68","20.57","20.83","20.57","3.22M","2.27%"
"12/12/2022","20.22","20.06","20.32","20.06","1.96M","1.66%"
"12/09/2022","19.89","19.99","20.10","19.69","1.74M","0.10%"
"12/08/2022","19.87","20.13","20.17","19.74","4.62M","-0.35%"
"12/07/2022","19.94","20.18","20.26","19.82","1.27M","-0.80%"
"12/06/2022","20.10","20.48","20.57","19.96","982.86K","-2.38%"
"12/05/2022","20.59","21.40","21.45","20.52","1.48M","-2.92%"
"12/02/2022","21.21","21.38","21.48","21.13","1.68M","-1.21%"
"12/01/2022","21.47","21.82","21.92","21.44","2.69M","-0.56%"
"11/30/2022","21.59","21.53","21.61","21.38","2.26M","2.18%"
"11/29/2022","21.13","21.20","21.32","20.98","1.98M","1.34%"
"11/28/2022","20.85","20.63","21.05","20.59","923.57K","-0.81%"
"11/25/2022","21.02","21.27","21.41","21.00","800.22K","-1.08%"
"11/23/2022","21.25","21.34","21.43","21.16","1.05M","-1.89%"
"11/22/2022","21.66","21.63","21.81","21.56","2.61M","1.21%"
"11/21/2022","21.40","21.03","21.50","20.78","1.50M","-0.19%"
"11/18/2022","21.44","21.13","21.46","21.13","966.56K","-0.88%"
"11/17/2022","21.63","21.84","21.87","21.55","1.14M","-1.99%"
"11/16/2022","22.07","21.97","22.11","21.89","776.65K","-1.08%"
"11/15/2022","22.31","22.00","22.57","21.88","1.05M","1.50%"
"11/14/2022","21.98","22.32","22.55","21.98","1.33M","-1.96%"
"11/11/2022","22.42","22.48","22.63","22.27","1.20M","1.82%"
"11/10/2022","22.02","21.91","22.15","21.83","1.50M","0.82%"
"11/09/2022","21.84","22.14","22.17","21.83","965.66K","-2.67%"
"11/08/2022","22.44","22.76","22.82","22.34","796.14K","-1.71%"
"11/07/2022","22.83","22.95","23.15","22.77","1.39M","-0.65%"
"11/04/2022","22.98","22.81","22.98","22.68","863.76K","3.65%"
"11/03/2022","22.17","22.02","22.32","21.98","501.94K","-0.27%"
"11/02/2022","22.23","22.07","22.43","21.98","967.54K","0.59%"
"11/01/2022","22.10","22.23","22.24","21.98","1.64M","1.14%"
"10/31/2022","21.85","21.84","22.07","21.69","2.08M","-0.59%"
"10/28/2022","21.98","21.91","22.04","21.75","1.01M","-0.86%"
"10/27/2022","22.17","22.23","22.28","22.10","522.83K","0.00%"
"10/26/2022","22.17","21.75","22.18","21.75","874.86K","2.21%"
"10/25/2022","21.69","21.57","21.75","21.53","848.44K","0.46%"
"10/24/2022","21.59","21.56","21.77","21.48","850.20K","0.05%"
"10/21/2022","21.58","21.37","21.58","21.30","965.04K","0.56%"
"10/20/2022","21.46","21.67","21.83","21.39","753.34K","0.14%"
"10/19/2022","21.43","21.28","21.55","21.22","866.47K","0.14%"
"10/18/2022","21.40","21.55","21.64","21.22","1.06M","-1.29%"
"10/17/2022","21.68","21.88","21.93","21.63","623.53K","-0.23%"
"10/14/2022","21.73","22.05","22.10","21.68","1.08M","-2.47%"
"10/13/2022","22.28","21.80","22.34","21.74","1.03M","1.87%"
"10/12/2022","21.87","22.00","22.04","21.82","586.91K","-0.46%"
"10/11/2022","21.97","22.09","22.22","21.92","905.48K","-1.52%"
"10/10/2022","22.31","22.71","22.88","22.30","1.13M","-1.33%"
"10/07/2022","22.61","22.28","22.74","22.26","1.08M","1.71%"
"10/06/2022","22.23","22.03","22.25","21.99","806.08K","0.59%"
"10/05/2022","22.10","21.81","22.14","21.63","1.26M","1.66%"
"10/04/2022","21.74","21.59","21.79","21.52","2.16M","2.89%"
"10/03/2022","21.13","21.14","21.18","20.89","2.71M","2.67%"
"09/30/2022","20.58","20.65","20.87","20.49","2.33M","-1.44%"
"09/29/2022","20.88","21.00","21.05","20.74","750.93K","-0.48%"
"09/28/2022","20.98","20.49","20.99","20.46","673.17K","3.25%"
"09/27/2022","20.32","20.35","20.57","20.23","4.16M","1.40%"
"09/26/2022","20.04","20.47","20.65","20.00","1.55M","-2.39%"
"09/23/2022","20.53","20.62","20.63","20.41","1.75M","-3.75%"
"09/22/2022","21.33","21.66","21.75","21.28","833.52K","-0.23%"
"09/21/2022","21.38","21.67","21.72","21.22","795.52K","-0.37%"
"09/20/2022","21.46","21.41","21.52","21.24","838.59K","-0.23%"
"09/19/2022","21.51","20.96","21.51","20.93","985.80K","0.61%"
"09/16/2022","21.38","21.46","21.53","21.28","733.20K","-0.19%"
"09/15/2022","21.42","21.66","21.69","21.31","1.27M","-3.34%"
"09/14/2022","22.16","22.10","22.30","22.03","768.55K","0.45%"
"09/13/2022","22.06","22.09","22.25","21.74","1.31M","-0.68%"
"09/12/2022","22.21","22.14","22.35","22.08","1.05M","1.55%"
"09/09/2022","21.87","21.63","21.95","21.62","601.18K","2.87%"
"09/08/2022","21.26","21.32","21.42","21.09","708.14K","0.57%"
"09/07/2022","21.14","21.35","21.60","21.11","4.16M","-2.67%"
"09/06/2022","21.72","21.95","21.98","21.69","1.10M","-0.78%"
"09/02/2022","21.89","22.09","22.15","21.84","819.53K","0.74%"
"09/01/2022","21.73","21.91","22.09","21.70","2.31M","-2.34%"
"08/31/2022","22.25","22.38","22.62","22.25","1.92M","-2.24%"
"08/30/2022","22.76","23.04","23.06","22.52","1.89M","-3.11%"
"08/29/2022","23.49","23.15","23.54","23.08","2.12M","1.82%"
"08/26/2022","23.07","22.99","23.17","22.83","1.86M","0.22%"
"08/25/2022","23.02","23.37","23.40","22.90","712.51K","-1.16%"
"08/24/2022","23.29","23.13","23.29","22.93","911.49K","1.13%"
"08/23/2022","23.03","22.84","23.17","22.84","1.13M","1.86%"
"08/22/2022","22.61","22.31","22.63","22.00","1.13M","1.03%"
"08/19/2022","22.38","22.34","22.62","22.23","940.93K","0.09%"
"08/18/2022","22.36","22.26","22.48","22.16","3.03M","1.54%"
"08/17/2022","22.02","21.99","22.17","21.81","1.19M","0.73%"
"08/16/2022","21.86","22.12","22.33","21.79","937.09K","-1.18%"
"08/15/2022","22.12","21.77","22.21","21.73","1.19M","-1.99%"
"08/12/2022","22.57","22.52","22.65","22.35","1.44M","-0.40%"
"08/11/2022","22.66","22.53","22.81","22.39","925.63K","1.98%"
"08/10/2022","22.22","21.93","22.33","21.64","1.54M","1.51%"
"08/09/2022","21.89","21.97","22.09","21.75","1.12M","0.92%"
"08/08/2022","21.69","21.43","21.74","21.41","3.02M","1.02%"
"08/05/2022","21.47","21.28","21.85","21.25","1.52M","-0.42%"
"08/04/2022","21.56","21.62","21.78","21.42","1.82M","-1.33%"
"08/03/2022","21.85","22.22","22.31","21.68","979.68K","-0.91%"
"08/02/2022","22.05","22.23","22.44","22.03","1.44M","-0.90%"
"08/01/2022","22.25","22.22","22.36","22.02","1.39M","-2.97%"
"07/29/2022","22.93","23.06","23.42","22.89","1.53M","0.61%"
"07/28/2022","22.79","23.00","23.04","22.65","801.83K","-0.31%"
"07/27/2022","22.86","22.58","22.91","22.38","1.03M","2.37%"
"07/26/2022","22.33","22.74","22.78","22.28","848.92K","0.09%"
"07/25/2022","22.31","22.19","22.36","22.04","927.19K","1.78%"
"07/22/2022","21.92","22.09","22.36","21.89","506.58K","-1.13%"
"07/21/2022","22.17","21.99","22.26","21.94","1.07M","-1.90%"
"07/20/2022","22.60","22.50","22.67","22.36","897.56K","0.00%"
"07/19/2022","22.60","22.19","22.63","22.17","4.42M","0.53%"
"07/18/2022","22.48","22.52","22.68","22.44","1.07M","2.70%"
"07/15/2022","21.89","21.84","22.00","21.63","1.15M","1.25%"
"07/14/2022","21.62","21.31","21.67","20.98","1.43M","-0.51%"
"07/13/2022","21.73","21.68","22.06","21.58","1.27M","0.70%"
"07/12/2022","21.58","22.15","22.25","21.56","2.95M","-5.18%"
"07/11/2022","22.76","22.81","22.89","22.53","963.02K","-0.04%"
"07/08/2022","22.77","22.64","22.85","22.38","869.41K","1.65%"
"07/07/2022","22.40","22.26","22.67","22.25","3.23M","3.99%"
"07/06/2022","21.54","21.71","21.85","21.25","3.13M","-1.42%"
"07/05/2022","21.85","22.76","22.78","21.68","5.41M","-6.54%"
"07/01/2022","23.38","23.50","23.55","23.18","3.76M","1.21%"
"06/30/2022","23.10","23.60","23.64","23.05","2.94M","-2.90%"
"06/29/2022","23.79","24.45","24.55","23.79","1.47M","-1.82%"
"06/28/2022","24.23","24.04","24.27","23.96","1.15M","1.21%"
"06/27/2022","23.94","23.83","24.09","23.57","2.02M","0.46%"
"06/24/2022","23.83","23.63","23.99","23.50","1.15M","1.53%"
"06/23/2022","23.47","24.06","24.12","23.43","1.94M","-2.25%"
"06/22/2022","24.01","23.61","24.26","23.54","1.85M","-1.92%"
"06/21/2022","24.48","24.69","24.90","24.45","1.47M","-0.08%"
"06/17/2022","24.50","25.16","25.22","24.26","2.10M","-3.58%"
"06/16/2022","25.41","25.15","25.53","24.94","1.94M","0.63%"
"06/15/2022","25.25","25.31","25.55","25.08","1.69M","-0.20%"
"06/14/2022","25.30","25.82","25.90","25.07","3.24M","-1.82%"
"06/13/2022","25.77","25.83","26.04","25.32","3.24M","-0.88%"
"06/10/2022","26.00","26.13","26.16","25.74","2.07M","-1.07%"
"06/09/2022","26.28","26.10","26.37","26.05","1.76M","-0.23%"
"06/08/2022","26.34","26.15","26.49","26.08","2.60M","0.80%"
"06/07/2022","26.13","25.86","26.14","25.74","1.31M","0.73%"
"06/06/2022","25.94","26.00","26.07","25.85","985.88K","0.08%"
"06/03/2022","25.92","25.58","25.96","25.50","1.06M","0.93%"
"06/02/2022","25.68","25.41","25.69","25.18","2.13M","1.95%"
"06/01/2022","25.19","25.41","25.52","25.18","3.18M","0.60%"
"05/31/2022","25.04","25.79","25.81","24.90","2.99M","-0.83%"
"05/27/2022","25.25","24.94","25.27","24.90","1.51M","1.04%"
"05/26/2022","24.99","24.67","25.16","24.67","2.50M","1.46%"
"05/25/2022","24.63","24.55","24.63","24.39","935.09K","0.57%"
"05/24/2022","24.49","24.49","24.61","24.33","1.09M","-0.37%"
"05/23/2022","24.58","24.38","24.63","24.28","1.01M","0.66%"
"05/20/2022","24.42","24.36","24.49","24.16","1.07M","0.49%"
"05/19/2022","24.30","23.73","24.41","23.70","2.52M","1.55%"
"05/18/2022","23.93","24.57","24.57","23.84","1.87M","-2.17%"
"05/17/2022","24.46","24.78","24.91","24.42","1.38M","-1.17%"
"05/16/2022","24.75","24.28","24.79","24.26","1.70M","2.40%"
"05/13/2022","24.17","24.00","24.19","23.82","1.04M","1.85%"
"05/12/2022","23.73","23.49","23.77","23.37","1.68M","0.64%"
"05/11/2022","23.58","23.50","23.73","23.48","1.16M","3.19%"
"05/10/2022","22.85","23.20","23.31","22.76","2.53M","-0.52%"
"05/09/2022","22.97","23.80","23.82","22.93","5.49M","-5.74%"
"05/06/2022","24.37","24.39","24.52","24.09","4.40M","0.16%"
"05/05/2022","24.33","24.68","24.70","24.09","2.40M","-0.41%"
"05/04/2022","24.43","24.22","24.47","23.99","2.43M","3.69%"
"05/03/2022","23.56","23.80","24.00","23.48","1.93M","-2.08%"
"05/02/2022","24.06","23.39","24.06","23.21","2.39M","1.60%"
"04/29/2022","23.68","24.06","24.21","23.65","2.41M","-0.88%"
"04/28/2022","23.89","23.59","23.93","23.44","2.18M","1.23%"
"04/27/2022","23.60","23.25","23.68","23.21","1.57M","0.73%"
"04/26/2022","23.43","23.23","23.55","22.97","2.13M","1.52%"
"04/25/2022","23.08","22.59","23.12","22.46","4.67M","-1.16%"
"04/22/2022","23.35","23.57","23.66","23.34","2.47M","-1.73%"
"04/21/2022","23.76","23.84","23.97","23.57","2.20M","0.17%"
"04/20/2022","23.72","23.72","23.78","23.32","1.49M","0.34%"
"04/19/2022","23.64","23.86","23.87","23.51","1.85M","-3.31%"
"04/18/2022","24.45","24.39","24.75","24.34","2.04M","1.62%"
"04/14/2022","24.06","23.61","24.20","23.53","1.72M","1.26%"
"04/13/2022","23.76","23.35","23.76","23.12","2.97M","2.81%"
"04/12/2022","23.11","22.81","23.21","22.81","2.00M","3.82%"
"04/11/2022","22.26","22.26","22.41","22.12","3.20M","-1.59%"
"04/08/2022","22.62","22.33","22.68","22.26","1.63M","1.16%"
"04/07/2022","22.36","22.39","22.51","21.96","1.87M","-0.27%"
"04/06/2022","22.42","23.07","23.16","22.23","3.27M","-1.54%"
"04/05/2022","22.77","23.29","23.41","22.73","2.95M","-1.60%"
"04/04/2022","23.14","23.09","23.22","22.85","3.27M","2.34%"
"04/01/2022","22.61","22.63","22.83","22.53","2.73M","-0.18%"
"03/31/2022","22.65","23.02","23.27","22.56","3.85M","-3.29%"
"03/30/2022","23.42","23.54","23.69","23.35","2.67M","1.61%"
"03/29/2022","23.05","22.38","23.09","22.28","3.28M","0.35%"
"03/28/2022","22.97","23.46","23.70","22.90","3.35M","-5.78%"
"03/25/2022","24.38","24.00","24.50","23.91","2.05M","0.79%"
"03/24/2022","24.19","24.56","24.57","24.08","5.13M","-1.22%"
"03/23/2022","24.49","24.29","24.60","24.27","2.06M","3.55%"
"03/22/2022","23.65","23.75","23.83","23.45","2.45M","-0.71%"
"03/21/2022","23.82","23.37","23.82","23.31","2.67M","4.93%"
"03/18/2022","22.70","22.58","22.71","22.39","2.64M","0.89%"
"03/17/2022","22.50","22.28","22.63","22.19","3.16M","5.68%"
"03/16/2022","21.29","21.72","21.85","21.15","4.51M","-0.79%"
"03/15/2022","21.46","21.35","21.74","21.14","6.20M","-2.90%"
"03/14/2022","22.10","22.43","22.43","21.97","6.60M","-3.91%"
"03/11/2022","23.00","22.56","23.16","22.56","4.77M","1.86%"
"03/10/2022","22.58","23.56","23.76","22.52","5.53M","-2.17%"
"03/09/2022","23.08","24.36","24.50","22.45","10.20M","-10.72%"
"03/08/2022","25.85","25.69","26.08","24.70","10.90M","3.77%"
"03/07/2022","24.91","24.59","25.23","24.41","11.18M","2.68%"
"03/04/2022","24.26","24.00","24.45","23.52","8.00M","4.43%"
"03/03/2022","23.23","23.12","23.64","22.99","7.27M","0.17%"
"03/02/2022","23.19","22.90","23.34","22.41","9.80M","5.07%"
"03/01/2022","22.07","21.66","22.24","21.58","8.99M","6.05%"
"02/28/2022","20.81","20.70","20.89","20.60","4.75M","2.87%"
"02/25/2022","20.23","20.25","20.34","19.95","4.85M","-1.70%"
"02/24/2022","20.58","21.39","21.43","20.31","8.07M","1.48%"
"02/23/2022","20.28","20.20","20.48","20.19","3.08M","0.55%"
"02/22/2022","20.17","20.33","20.36","20.08","5.46M","1.66%"
"02/18/2022","19.84","19.63","19.95","19.57","2.30M","0.35%"
"02/17/2022","19.77","19.70","19.84","19.65","1.85M","0.71%"
"02/16/2022","19.63","19.87","20.08","19.62","3.90M","-0.36%"
"02/15/2022","19.70","19.69","19.70","19.52","3.85M","-1.79%"
"02/14/2022","20.06","19.77","20.15","19.72","4.07M","0.65%"
"02/11/2022","19.93","19.59","20.02","19.57","2.83M","2.21%"
"02/10/2022","19.50","19.58","19.84","19.46","3.14M","-0.66%"
"02/09/2022","19.63","19.46","19.63","19.44","2.42M","1.13%"
"02/08/2022","19.41","19.44","19.46","19.26","2.27M","-1.12%"
"02/07/2022","19.63","19.62","19.69","19.56","1.73M","-0.20%"
"02/04/2022","19.67","19.65","19.77","19.61","1.98M","1.39%"
"02/03/2022","19.40","19.13","19.46","19.07","2.53M","0.41%"
"02/02/2022","19.32","19.36","19.38","19.16","3.59M","0.31%"
"02/01/2022","19.26","19.06","19.26","19.02","10.84M","0.73%"
"01/31/2022","19.12","19.14","19.14","18.87","2.98M","0.53%"
"01/28/2022","19.02","19.11","19.19","18.92","3.41M","0.53%"
"01/27/2022","18.92","19.03","19.03","18.80","5.54M","0.53%"
"01/26/2022","18.82","18.83","19.01","18.78","1.47M","0.80%"
"01/25/2022","18.67","18.45","18.72","18.44","1.74M","1.08%"
"01/24/2022","18.47","18.41","18.49","18.19","2.20M","-0.54%"
"01/21/2022","18.57","18.61","18.67","18.48","1.85M","0.05%"
"01/20/2022","18.56","18.69","18.84","18.55","1.46M","-0.32%"
"01/19/2022","18.62","18.65","18.78","18.61","3.75M","0.49%"
"01/18/2022","18.53","18.40","18.54","18.36","2.27M","1.15%"
"01/14/2022","18.32","18.10","18.32","18.09","867.58K","1.95%"
"01/13/2022","17.97","18.17","18.17","17.95","1.53M","-1.21%"
"01/12/2022","18.19","18.08","18.24","18.06","1.83M","1.11%"
"01/11/2022","17.99","17.70","17.99","17.60","1.44M","2.45%"
"01/10/2022","17.56","17.61","17.64","17.47","1.04M","-0.51%"
"01/07/2022","17.65","17.64","17.65","17.55","690.59K","0.28%"
"01/06/2022","17.60","17.64","17.68","17.55","950.69K","1.21%"
"01/05/2022","17.39","17.50","17.60","17.39","2.85M","0.12%"
"01/04/2022","17.37","17.27","17.44","17.27","7.46M","1.11%"
"01/03/2022","17.18","17.06","17.22","17.00","5.42M","0.41%"
"12/31/2021","17.11","17.26","17.28","17.07","1.49M","-0.75%"
"12/30/2021","17.24","17.35","17.42","17.23","1.69M","-0.46%"
"12/29/2021","17.32","17.22","17.45","17.20","1.49M","0.41%"
"12/28/2021","17.25","17.34","17.37","17.24","731.12K","-0.23%"
"12/27/2021","17.29","17.00","17.32","16.99","1.26M","1.47%"
"12/23/2021","17.04","16.87","17.05","16.86","533.34K","0.71%"
"12/22/2021","16.92","16.70","16.92","16.68","1.94M","1.68%"
"12/21/2021","16.64","16.44","16.64","16.40","1.10M","2.59%"
"12/20/2021","16.22","16.10","16.25","15.91","1.49M","-1.16%"
"12/17/2021","16.41","16.52","16.54","16.36","1.08M","-1.08%"
"12/16/2021","16.59","16.52","16.70","16.47","1.13M","0.67%"
"12/15/2021","16.48","16.34","16.48","16.22","1.49M","0.55%"
"12/14/2021","16.39","16.37","16.44","16.28","1.35M","-0.79%"
"12/13/2021","16.52","16.57","16.65","16.49","1.44M","-0.60%"
"12/10/2021","16.62","16.55","16.63","16.49","1.16M","1.22%"
"12/09/2021","16.42","16.55","16.59","16.41","2.02M","-1.79%"
"12/08/2021","16.72","16.59","16.73","16.57","1.47M","1.15%"
"12/07/2021","16.53","16.50","16.69","16.47","1.09M","1.16%"
"12/06/2021","16.34","16.07","16.37","16.01","1.39M","2.38%"
"12/03/2021","15.96","16.27","16.34","15.89","1.52M","-0.31%"
"12/02/2021","16.01","15.71","16.07","15.65","1.74M","1.65%"
"12/01/2021","15.75","16.15","16.22","15.71","5.55M","-1.32%"
"11/30/2021","15.96","16.13","16.21","15.69","2.79M","-3.10%"
"11/29/2021","16.47","16.86","16.91","16.37","1.86M","-0.24%"
"11/26/2021","16.51","16.97","16.97","16.31","3.05M","-6.51%"
"11/24/2021","17.66","17.68","17.76","17.66","1.48M","-0.39%"
"11/23/2021","17.73","17.52","17.73","17.52","891.04K","2.19%"
"11/22/2021","17.35","17.23","17.43","17.23","2.05M","0.64%"
"11/19/2021","17.24","17.42","17.43","17.17","902.19K","-1.54%"
"11/18/2021","17.51","17.53","17.56","17.41","525.75K","0.34%"
"11/17/2021","17.45","17.61","17.66","17.36","725.12K","-1.30%"
"11/16/2021","17.68","17.67","17.75","17.60","422.82K","0.00%"
"11/15/2021","17.68","17.53","17.69","17.46","1.51M","0.23%"
"11/12/2021","17.64","17.63","17.74","17.60","1.03M","-0.28%"
"11/11/2021","17.69","17.68","17.79","17.62","813.84K","0.40%"
"11/10/2021","17.62","17.83","17.90","17.53","1.22M","-1.34%"
"11/09/2021","17.86","17.73","17.87","17.64","1.34M","0.68%"
"11/08/2021","17.74","17.66","17.75","17.63","848.63K","0.62%"
"11/05/2021","17.63","17.48","17.67","17.39","1.63M","1.32%"
"11/04/2021","17.40","17.88","17.98","17.34","2.20M","-0.97%"
"11/03/2021","17.57","17.72","17.80","17.55","1.28M","-2.23%"
"11/02/2021","17.97","17.94","18.00","17.88","1.70M","-0.06%"
"11/01/2021","17.98","18.01","18.05","17.93","4.56M","0.73%"
"10/29/2021","17.85","17.75","17.89","17.65","1.54M","-0.39%"
"10/28/2021","17.92","17.83","17.92","17.73","1.32M","0.62%"
"10/27/2021","17.81","17.93","18.06","17.81","1.81M","-1.71%"
"10/26/2021","18.12","18.04","18.17","17.98","1.21M","0.22%"
"10/25/2021","18.08","18.17","18.21","18.06","1.52M","0.61%"
"10/22/2021","17.97","17.92","17.98","17.77","875.98K","0.79%"
"10/21/2021","17.83","17.89","17.91","17.62","1.24M","-1.49%"
"10/20/2021","18.10","17.81","18.11","17.79","964.43K","1.17%"
"10/19/2021","17.89","17.77","17.95","17.75","788.47K","0.39%"
"10/18/2021","17.82","18.03","18.05","17.82","2.90M","-0.61%"
"10/15/2021","17.93","17.97","18.02","17.89","1.38M","0.67%"
"10/14/2021","17.81","17.80","17.83","17.68","1.08M","1.14%"
"10/13/2021","17.61","17.53","17.63","17.44","1.16M","0.23%"
"10/12/2021","17.57","17.67","17.72","17.53","1.51M","-0.11%"
"10/11/2021","17.59","17.70","17.73","17.59","2.25M","0.46%"
"10/08/2021","17.51","17.56","17.62","17.43","1.41M","0.29%"
"10/07/2021","17.46","17.22","17.47","17.13","1.48M","1.45%"
"10/06/2021","17.21","17.37","17.37","17.18","2.85M","-1.88%"
"10/05/2021","17.54","17.46","17.59","17.43","1.58M","1.27%"
"10/04/2021","17.32","17.24","17.44","17.24","2.13M","1.70%"
"10/01/2021","17.03","16.87","17.05","16.81","7.98M","1.01%"
"09/30/2021","16.86","16.66","16.96","16.62","2.64M","0.72%"
"09/29/2021","16.74","16.81","16.89","16.74","880.62K","-0.36%"
"09/28/2021","16.80","17.04","17.07","16.78","1.90M","-0.77%"
"09/27/2021","16.93","16.87","16.94","16.86","3.68M","1.80%"
"09/24/2021","16.63","16.51","16.66","16.48","451.73K","0.54%"
"09/23/2021","16.54","16.35","16.55","16.35","627.08K","1.60%"
"09/22/2021","16.28","16.23","16.36","16.19","635.20K","1.50%"
"09/21/2021","16.04","16.05","16.08","15.87","842.37K","-0.31%"
"09/20/2021","16.09","16.10","16.16","15.96","1.45M","-1.23%"
"09/17/2021","16.29","16.35","16.35","16.25","924.26K","-0.85%"
"09/16/2021","16.43","16.43","16.45","16.27","567.07K","-0.48%"
"09/15/2021","16.51","16.45","16.58","16.44","1.08M","2.10%"
"09/14/2021","16.17","16.23","16.24","16.10","934.22K","0.19%"
"09/13/2021","16.14","16.15","16.17","16.07","489.09K","0.62%"
"09/10/2021","16.04","16.08","16.10","16.02","840.10K","1.33%"
"09/09/2021","15.83","15.87","16.05","15.79","645.41K","-1.06%"
"09/08/2021","16.00","16.04","16.08","15.94","986.68K","1.01%"
"09/07/2021","15.84","15.94","15.98","15.81","889.50K","-1.37%"
"09/03/2021","16.06","16.11","16.16","16.04","414.54K","0.06%"
"09/02/2021","16.05","16.06","16.16","16.04","1.07M","1.33%"
"09/01/2021","15.84","15.79","15.91","15.73","5.64M","-0.44%"
"08/31/2021","15.91","15.96","15.98","15.86","1.66M","-0.75%"
"08/30/2021","16.03","16.00","16.04","15.92","1.17M","0.12%"
"08/27/2021","16.01","15.91","16.01","15.91","413.04K","1.39%"
"08/26/2021","15.79","15.74","15.88","15.71","678.73K","-0.32%"
"08/25/2021","15.84","15.74","15.88","15.69","554.89K","0.64%"
"08/24/2021","15.74","15.59","15.74","15.56","1.77M","2.08%"
"08/23/2021","15.42","15.13","15.46","15.13","1.42M","3.56%"
"08/20/2021","14.89","15.02","15.11","14.89","1.35M","-1.91%"
"08/19/2021","15.18","15.12","15.20","15.00","3.14M","-1.30%"
"08/18/2021","15.38","15.61","15.63","15.35","1.46M","-1.28%"
"08/17/2021","15.58","15.67","15.74","15.54","827.28K","-1.02%"
"08/16/2021","15.74","15.67","15.80","15.56","969.43K","-0.25%"
"08/13/2021","15.78","15.93","15.97","15.78","631.84K","-0.63%"
"08/12/2021","15.88","15.86","15.97","15.74","733.56K","0.13%"
"08/11/2021","15.86","15.67","15.90","15.62","648.19K","0.57%"
"08/10/2021","15.77","15.58","15.81","15.58","778.38K","1.81%"
"08/09/2021","15.49","15.50","15.52","15.37","1.03M","-1.53%"
"08/08/2021","15.73","15.73","15.73","15.73","","0.00%"
"08/07/2021","15.73","15.73","15.73","15.73","","0.00%"
"08/06/2021","15.73","15.91","15.93","15.71","846.58K","-0.88%"
"08/05/2021","15.87","15.76","15.90","15.76","699.56K","1.02%"
"08/04/2021","15.71","15.82","15.89","15.70","916.73K","-1.94%"
"08/03/2021","16.02","15.87","16.02","15.83","995.12K","-0.56%"
"08/02/2021","16.11","16.26","16.32","16.00","2.11M","-1.17%"
"07/30/2021","16.30","16.36","16.36","16.24","779.64K","-0.37%"
"07/29/2021","16.36","16.25","16.40","16.19","418.13K","1.49%"
"07/28/2021","16.12","16.13","16.18","16.10","487.14K","0.25%"
"07/27/2021","16.08","16.18","16.22","16.03","734.42K","-0.62%"
"07/26/2021","16.18","16.04","16.18","16.02","1.18M","0.81%"
"07/23/2021","16.05","16.07","16.08","16.00","910.07K","0.31%"
"07/22/2021","16.00","15.88","16.05","15.82","781.08K","1.14%"
"07/21/2021","15.82","15.65","15.87","15.65","779.61K","2.06%"
"07/20/2021","15.50","15.30","15.50","15.20","1.54M","1.44%"
"07/19/2021","15.28","15.65","15.65","15.17","2.56M","-3.90%"
"07/16/2021","15.90","15.99","16.00","15.80","1.50M","0.25%"
"07/15/2021","15.86","15.89","16.01","15.86","940.96K","-0.69%"
"07/14/2021","15.97","16.22","16.25","15.90","1.82M","-1.18%"
"07/13/2021","16.16","16.03","16.21","16.00","1.22M","0.87%"
"07/12/2021","16.02","15.90","16.04","15.83","917.19K","0.13%"
"07/09/2021","16.00","15.90","16.02","15.89","733.04K","1.39%"
"07/08/2021","15.78","15.66","15.80","15.57","2.04M","0.57%"
"07/07/2021","15.69","15.93","15.94","15.57","1.52M","-1.38%"
"07/06/2021","15.91","16.22","16.22","15.78","1.60M","-2.15%"
"07/05/2021","16.26","16.26","16.26","16.26","","0.00%"
"07/04/2021","16.26","16.26","16.26","16.26","","0.00%"
"07/03/2021","16.26","16.26","16.26","16.26","","0.00%"
"07/02/2021","16.26","16.22","16.29","16.13","1.50M","0.31%"
"07/01/2021","16.21","16.41","16.43","16.15","5.37M","0.75%"
"06/30/2021","16.09","15.92","16.15","15.84","1.86M","1.00%"
"06/29/2021","15.93","15.95","16.03","15.87","796.47K","0.44%"
"06/28/2021","15.86","15.90","15.92","15.84","1.32M","-0.19%"
"06/25/2021","15.89","15.90","15.92","15.73","911.11K","0.13%"
"06/24/2021","15.87","15.72","15.87","15.70","915.38K","0.25%"
"06/23/2021","15.83","15.91","15.98","15.82","1.23M","0.51%"
"06/22/2021","15.75","15.78","15.85","15.73","1.88M","-0.25%"
"06/21/2021","15.79","15.52","15.79","15.49","1.44M","1.41%"
"06/18/2021","15.57","15.50","15.65","15.46","4.02M","0.97%"
"06/17/2021","15.42","15.73","15.76","15.35","2.58M","-2.53%"
"06/16/2021","15.82","15.90","16.02","15.81","1.98M","-0.69%"
"06/15/2021","15.93","15.88","15.93","15.83","1.02M","0.06%"
"06/14/2021","15.92","15.89","15.98","15.87","1.70M","-0.38%"
"06/11/2021","15.98","15.96","16.00","15.89","916.26K","0.31%"
"06/10/2021","15.93","15.98","16.00","15.74","1.28M","0.25%"
"06/09/2021","15.89","15.95","15.97","15.83","1.13M","-0.31%"
"06/08/2021","15.94","15.76","15.94","15.74","777.24K","1.01%"
"06/07/2021","15.78","15.86","15.88","15.78","793.97K","-0.32%"
"06/04/2021","15.83","15.83","15.88","15.77","1.20M","1.02%"
"06/03/2021","15.67","15.80","15.80","15.60","1.39M","-0.70%"
"06/02/2021","15.78","15.79","15.80","15.70","1.97M","0.45%"
"06/01/2021","15.71","15.75","15.87","15.63","5.90M","1.62%"
"05/28/2021","15.46","15.50","15.55","15.42","1.07M","-0.26%"
"05/27/2021","15.50","15.30","15.52","15.30","711.58K","1.57%"
"05/26/2021","15.26","15.20","15.30","15.12","1.04M","0.20%"
"05/25/2021","15.23","15.29","15.35","15.21","1.12M","-0.59%"
"05/24/2021","15.32","15.13","15.32","15.11","1.39M","1.66%"
"05/21/2021","15.07","15.05","15.11","15.04","2.65M","1.07%"
"05/20/2021","14.91","15.06","15.11","14.88","1.63M","-1.26%"
"05/19/2021","15.10","15.16","15.16","14.91","3.46M","-2.14%"
"05/18/2021","15.43","15.53","15.59","15.29","3.08M","-0.58%"
"05/17/2021","15.52","15.41","15.52","15.41","2.03M","1.37%"
"05/14/2021","15.31","15.37","15.40","15.27","1.11M","0.59%"
"05/13/2021","15.22","15.36","15.42","15.13","2.36M","-2.62%"
"05/12/2021","15.63","15.67","15.79","15.62","2.62M","0.00%"
"05/11/2021","15.63","15.41","15.66","15.41","1.92M","0.77%"
"05/10/2021","15.51","15.67","15.68","15.41","1.94M","-0.32%"
"05/07/2021","15.56","15.48","15.61","15.43","1.53M","0.39%"
"05/06/2021","15.50","15.49","15.50","15.38","2.56M","0.45%"
"05/05/2021","15.43","15.50","15.51","15.38","1.95M","0.13%"
"05/04/2021","15.41","15.39","15.42","15.30","2.64M","1.45%"
"05/03/2021","15.19","15.22","15.27","15.16","2.17M","0.60%"
"04/30/2021","15.10","15.02","15.11","14.95","1.25M","-0.46%"
"04/29/2021","15.17","15.23","15.23","15.05","1.36M","0.86%"
"04/28/2021","15.04","15.00","15.18","14.99","1.91M","0.40%"
"04/27/2021","14.98","14.95","15.01","14.85","1.52M","0.74%"
"04/26/2021","14.87","14.69","14.87","14.68","1.05M","0.88%"
"04/23/2021","14.74","14.63","14.75","14.61","1.19M","0.75%"
"04/22/2021","14.63","14.60","14.64","14.50","813.96K","0.90%"
"04/21/2021","14.50","14.45","14.61","14.42","846.72K","-0.62%"
"04/20/2021","14.59","14.69","14.72","14.47","1.16M","-0.14%"
"04/19/2021","14.61","14.61","14.66","14.56","701.43K","0.21%"
"04/16/2021","14.58","14.64","14.64","14.55","1.21M","-0.21%"
"04/15/2021","14.61","14.57","14.62","14.50","577.95K","0.83%"
"04/14/2021","14.49","14.30","14.57","14.28","3.43M","2.26%"
"04/13/2021","14.17","14.13","14.17","14.10","1.00M","1.14%"
"04/12/2021","14.01","14.11","14.16","13.99","735.19K","-0.43%"
"04/09/2021","14.07","14.11","14.11","14.04","887.32K","-0.42%"
"04/08/2021","14.13","14.01","14.13","13.98","1.16M","0.78%"
"04/07/2021","14.02","13.95","14.04","13.83","977.89K","0.36%"
"04/06/2021","13.97","14.06","14.16","13.94","581.91K","0.58%"
"04/05/2021","13.89","14.04","14.07","13.77","911.17K","-1.77%"
"04/01/2021","14.14","14.11","14.19","13.90","2.22M","1.22%"
"03/31/2021","13.97","13.93","14.15","13.90","1.68M","0.22%"
"03/30/2021","13.94","14.01","14.06","13.93","1.45M","-1.62%"
"03/29/2021","14.17","14.04","14.17","13.96","1.22M","0.21%"
"03/26/2021","14.14","14.05","14.16","14.05","1.18M","2.61%"
"03/25/2021","13.78","13.87","13.91","13.65","1.33M","-1.99%"
"03/24/2021","14.06","13.96","14.14","13.91","761.93K","2.78%"
"03/23/2021","13.68","13.86","14.00","13.67","1.71M","-3.25%"
"03/22/2021","14.14","14.19","14.23","14.12","1.11M","-0.42%"
"03/19/2021","14.20","13.96","14.22","13.85","1.30M","2.45%"
"03/18/2021","13.86","14.41","14.41","13.74","3.21M","-5.00%"
"03/17/2021","14.59","14.57","14.61","14.46","898.30K","0.07%"
"03/16/2021","14.58","14.57","14.64","14.49","1.10M","-0.55%"
"03/15/2021","14.66","14.61","14.70","14.54","2.04M","-0.14%"
"03/12/2021","14.68","14.67","14.76","14.64","997.74K","-0.54%"
"03/11/2021","14.76","14.63","14.76","14.57","1.07M","1.65%"
"03/10/2021","14.52","14.48","14.55","14.38","1.10M","0.48%"
"03/09/2021","14.45","14.54","14.57","14.43","888.57K","-0.41%"
"03/08/2021","14.51","14.65","14.65","14.50","1.95M","-1.63%"
"03/05/2021","14.75","14.66","14.75","14.59","2.08M","2.29%"
"03/04/2021","14.42","14.23","14.56","14.18","2.24M","1.76%"
"03/03/2021","14.17","14.16","14.27","14.10","1.90M","0.57%"
"03/02/2021","14.09","14.19","14.26","14.08","1.15M","-0.07%"
"03/01/2021","14.10","14.29","14.32","14.03","3.77M","-0.98%"
"02/26/2021","14.24","14.46","14.46","14.22","1.76M","-2.06%"
"02/25/2021","14.54","14.60","14.65","14.52","1.76M","-0.68%"
"02/24/2021","14.64","14.51","14.68","14.48","1.67M","1.39%"
"02/23/2021","14.44","14.35","14.47","14.23","2.09M","0.63%"
"02/22/2021","14.35","14.20","14.41","14.19","1.55M","2.21%"
"02/19/2021","14.04","14.16","14.23","14.01","828.98K","-0.35%"
"02/18/2021","14.09","14.24","14.24","14.05","1.38M","-0.56%"
"02/17/2021","14.17","14.05","14.18","14.00","1.86M","0.71%"
"02/16/2021","14.07","14.00","14.09","13.99","3.65M","1.08%"
"02/12/2021","13.92","13.69","13.93","13.69","598.91K","1.61%"
"02/11/2021","13.70","13.78","13.80","13.69","621.14K","-0.07%"
"02/10/2021","13.71","13.79","13.79","13.69","859.94K","-0.44%"
"02/09/2021","13.77","13.70","13.79","13.64","602.80K","0.22%"
"02/08/2021","13.74","13.62","13.74","13.61","1.29M","1.63%"
"02/05/2021","13.52","13.53","13.57","13.47","801.38K","0.82%"
"02/04/2021","13.41","13.38","13.43","13.26","864.82K","0.60%"
"02/03/2021","13.33","13.28","13.39","13.26","1.37M","0.98%"
"02/02/2021","13.20","13.28","13.28","13.20","1.13M","0.53%"
"02/01/2021","13.13","13.09","13.14","12.96","5.39M","1.70%"
"01/29/2021","12.91","13.04","13.05","12.88","1.26M","0.23%"
"01/28/2021","12.88","13.08","13.11","12.88","339.64K","-0.54%"
"01/27/2021","12.95","12.99","13.03","12.85","784.45K","-0.31%"
"01/26/2021","12.99","13.00","13.03","12.95","506.68K","0.39%"
"01/25/2021","12.94","12.80","12.95","12.78","511.42K","1.33%"
"01/22/2021","12.77","12.77","12.89","12.75","624.40K","-1.47%"
"01/21/2021","12.96","12.99","13.02","12.94","393.38K","-0.23%"
"01/20/2021","12.99","13.00","13.03","12.96","737.59K","0.23%"
"01/19/2021","12.96","12.99","13.02","12.93","1.50M","0.31%"
"01/15/2021","12.92","13.01","13.02","12.86","925.06K","-1.45%"
"01/14/2021","13.11","12.96","13.11","12.96","913.51K","1.16%"
"01/13/2021","12.96","13.02","13.06","12.96","667.42K","-0.54%"
"01/12/2021","13.03","12.89","13.07","12.87","2.99M","1.96%"
"01/11/2021","12.78","12.72","12.79","12.69","590.81K","-0.85%"
"01/08/2021","12.89","12.82","12.89","12.72","1.19M","1.42%"
"01/07/2021","12.71","12.70","12.75","12.68","808.59K","0.16%"
"01/06/2021","12.69","12.68","12.75","12.58","936.20K","0.16%"
"01/05/2021","12.67","12.48","12.69","12.47","1.28M","3.51%"
"01/04/2021","12.24","12.44","12.46","12.21","1.53M","-0.73%"
"12/31/2020","12.33","12.22","12.33","12.19","1.56M","0.90%"
"12/30/2020","12.22","12.13","12.27","12.13","1.70M","0.66%"
"12/29/2020","12.14","12.15","12.19","12.12","1.46M","0.25%"
"12/28/2020","12.11","12.20","12.20","12.08","270.17K","-0.57%"
"12/24/2020","12.18","12.16","12.18","12.12","195.24K","0.41%"
"12/23/2020","12.13","12.06","12.21","12.04","366.72K","1.34%"
"12/22/2020","11.97","12.03","12.04","11.95","296.22K","-0.99%"
"12/21/2020","12.09","11.98","12.12","11.95","504.20K","-1.39%"
"12/18/2020","12.26","12.21","12.29","12.19","412.99K","0.57%"
"12/17/2020","12.19","12.14","12.19","12.11","535.79K","1.25%"
"12/16/2020","12.04","11.98","12.05","11.95","270.40K","0.50%"
"12/15/2020","11.98","11.90","11.99","11.90","2.30M","0.76%"
"12/14/2020","11.89","11.90","11.90","11.73","785.12K","0.25%"
"12/11/2020","11.86","11.87","11.87","11.77","317.26K","-0.17%"
"12/10/2020","11.88","11.75","11.99","11.75","579.96K","1.80%"
"12/09/2020","11.67","11.68","11.72","11.59","432.32K","0.26%"
"12/08/2020","11.64","11.64","11.65","11.57","196.07K","0.09%"
"12/07/2020","11.63","11.61","11.74","11.59","413.66K","-0.60%"
"12/04/2020","11.70","11.67","11.75","11.66","330.13K","0.34%"
"12/03/2020","11.66","11.64","11.69","11.58","373.65K","0.09%"
"12/02/2020","11.65","11.55","11.72","11.53","285.65K","0.69%"
"12/01/2020","11.57","11.66","11.66","11.53","1.72M","-0.69%"
"11/30/2020","11.65","11.72","11.72","11.58","814.08K","-0.34%"
"11/27/2020","11.69","11.67","11.71","11.65","245.69K","-0.09%"
"11/25/2020","11.70","11.72","11.76","11.63","616.80K","0.78%"
"11/24/2020","11.61","11.46","11.64","11.46","892.56K","2.11%"
"11/23/2020","11.37","11.35","11.39","11.32","201.52K","0.71%"
"11/20/2020","11.29","11.20","11.29","11.20","207.93K","0.80%"
"11/19/2020","11.20","11.17","11.20","11.11","547.92K","-0.09%"
"11/18/2020","11.21","11.24","11.30","11.20","319.48K","0.27%"
"11/17/2020","11.18","11.18","11.19","11.08","206.15K","0.36%"
"11/16/2020","11.14","11.20","11.20","11.11","292.44K","1.18%"
"11/13/2020","11.01","11.07","11.08","10.98","263.41K","-0.63%"
"11/12/2020","11.08","11.19","11.24","11.06","266.35K","-0.72%"
"11/11/2020","11.16","11.30","11.31","11.15","510.64K","-0.18%"
"11/10/2020","11.18","11.06","11.19","11.04","397.38K","2.38%"
"11/09/2020","10.92","11.07","11.10","10.92","566.75K","2.63%"
"11/06/2020","10.64","10.77","10.77","10.61","307.16K","-1.48%"
"11/05/2020","10.80","10.86","10.93","10.77","221.59K","0.00%"
"11/04/2020","10.80","10.72","10.82","10.62","277.89K","1.50%"
"11/03/2020","10.64","10.71","10.71","10.60","366.47K","0.85%"
"11/02/2020","10.55","10.34","10.56","10.31","1.61M","1.64%"
"10/30/2020","10.38","10.35","10.39","10.29","389.16K","-0.29%"
"10/29/2020","10.41","10.29","10.44","10.20","224.22K","-1.33%"
"10/28/2020","10.55","10.59","10.60","10.52","243.42K","-2.94%"
"10/27/2020","10.87","10.80","10.92","10.79","251.96K","1.12%"
"10/26/2020","10.75","10.80","10.85","10.70","299.44K","-1.65%"
"10/23/2020","10.93","11.04","11.04","10.89","253.32K","-0.82%"
"10/22/2020","11.02","10.98","11.08","10.98","176.08K","0.36%"
"10/21/2020","10.98","11.05","11.11","10.94","187.92K","-0.99%"
"10/20/2020","11.09","10.98","11.14","10.97","251.42K","0.91%"
"10/19/2020","10.99","11.06","11.09","10.98","264.76K","-0.36%"
"10/16/2020","11.03","11.08","11.08","10.98","280.34K","-0.54%"
"10/15/2020","11.09","10.85","11.10","10.85","333.01K","0.54%"
"10/14/2020","11.03","10.96","11.05","10.96","326.97K","1.01%"
"10/13/2020","10.92","10.90","10.95","10.86","223.82K","0.55%"
"10/12/2020","10.86","11.01","11.01","10.84","201.10K","-1.54%"
"10/09/2020","11.03","11.04","11.12","11.01","203.59K","0.27%"
"10/08/2020","11.00","10.95","11.03","10.94","288.30K","1.29%"
"10/07/2020","10.86","10.81","10.87","10.76","155.51K","0.65%"
"10/06/2020","10.79","10.85","10.95","10.77","756.11K","0.65%"
"10/05/2020","10.72","10.54","10.75","10.54","402.85K","3.38%"
"10/04/2020","10.37","10.37","10.37","10.37","","0.00%"
"10/03/2020","10.37","10.37","10.37","10.37","","0.00%"
"10/02/2020","10.37","10.34","10.48","10.30","400.56K","-1.71%"
"10/01/2020","10.55","10.63","10.65","10.43","1.88M","-1.86%"
"09/30/2020","10.75","10.63","10.80","10.61","655.83K","1.61%"
"09/29/2020","10.58","10.71","10.71","10.51","250.51K","-2.04%"
"09/28/2020","10.80","10.74","10.81","10.68","190.04K","0.75%"
"09/27/2020","10.72","10.72","10.72","10.72","","0.00%"
"09/26/2020","10.72","10.72","10.72","10.72","","0.00%"
"09/25/2020","10.72","10.66","10.74","10.66","218.32K","0.19%"
"09/24/2020","10.70","10.64","10.74","10.60","805.75K","0.66%"
"09/23/2020","10.63","10.69","10.80","10.63","322.04K","-0.56%"
"09/22/2020","10.69","10.78","10.80","10.63","477.87K","-0.56%"
"09/21/2020","10.75","10.87","10.87","10.63","269.08K","-2.36%"
"09/18/2020","11.01","11.00","11.03","10.95","385.32K","0.27%"
"09/17/2020","10.98","10.77","10.99","10.76","325.43K","1.29%"
"09/16/2020","10.84","10.75","10.86","10.72","604.09K","2.17%"
"09/15/2020","10.61","10.55","10.65","10.52","326.66K","0.76%"
"09/14/2020","10.53","10.51","10.57","10.49","323.33K","-0.38%"
"09/13/2020","10.57","10.57","10.57","10.57","","0.00%"
"09/11/2020","10.57","10.50","10.61","10.49","184.91K","0.96%"
"09/10/2020","10.47","10.57","10.63","10.45","599.53K","-1.32%"
"09/09/2020","10.61","10.48","10.65","10.46","349.61K","1.34%"
"09/08/2020","10.47","10.48","10.52","10.37","751.73K","-3.32%"
"09/04/2020","10.83","10.95","10.97","10.80","297.45K","-1.37%"
"09/03/2020","10.98","10.94","11.02","10.85","559.22K","-0.63%"
"09/02/2020","11.05","11.19","11.21","11.03","303.13K","-2.04%"
"09/01/2020","11.28","11.28","11.34","11.23","941.73K","0.27%"
"08/31/2020","11.25","11.32","11.32","11.20","552.62K","-0.27%"
"08/30/2020","11.28","11.28","11.28","11.28","","0.00%"
"08/28/2020","11.28","11.27","11.28","11.20","146.88K","0.62%"
"08/27/2020","11.21","11.25","11.26","11.13","1.01M","-0.53%"
"08/26/2020","11.27","11.21","11.30","11.21","196.57K","0.09%"
"08/25/2020","11.26","11.25","11.28","11.21","258.88K","1.26%"
"08/24/2020","11.12","11.14","11.16","11.10","247.92K","0.54%"
"08/23/2020","11.06","11.06","11.06","11.06","","0.00%"
"08/21/2020","11.06","11.00","11.06","10.94","243.51K","-0.81%"
"08/20/2020","11.15","11.05","11.17","11.01","447.06K","-0.36%"
"08/19/2020","11.19","11.15","11.22","11.15","260.78K","0.27%"
"08/18/2020","11.16","11.16","11.22","11.12","225.31K","-0.27%"
"08/17/2020","11.19","11.06","11.19","11.06","291.44K","1.45%"
"08/14/2020","11.03","11.02","11.05","10.98","164.80K","0.00%"
"08/13/2020","11.03","11.00","11.04","10.98","131.64K","0.27%"
"08/12/2020","11.00","10.95","11.05","10.94","305.20K","1.20%"
"08/11/2020","10.87","11.04","11.05","10.85","328.43K","-1.00%"
"08/10/2020","10.98","10.98","11.02","10.95","407.91K","0.64%"
"08/09/2020","10.91","10.91","10.91","10.91","","0.00%"
"08/08/2020","10.91","10.91","10.91","10.91","","0.00%"
"08/07/2020","10.91","10.99","10.99","10.84","328.09K","-1.00%"
"08/06/2020","11.02","11.11","11.14","11.02","284.68K","-0.27%"
"08/05/2020","11.05","11.17","11.21","11.01","580.59K","1.19%"
"08/04/2020","10.92","10.82","10.99","10.77","877.38K","0.55%"
"08/03/2020","10.86","10.79","10.91","10.76","1.35M","1.02%"
"08/02/2020","10.75","10.75","10.75","10.75","","0.00%"
"07/31/2020","10.75","10.72","10.75","10.63","265.10K","0.84%"
"07/30/2020","10.66","10.71","10.71","10.47","408.73K","-1.84%"
"07/29/2020","10.86","10.83","10.86","10.77","196.10K","0.84%"
"07/28/2020","10.77","10.80","10.80","10.74","166.79K","-0.74%"
"07/27/2020","10.85","10.81","10.86","10.69","478.36K","0.37%"
"07/26/2020","10.81","10.81","10.81","10.81","","0.00%"
"07/25/2020","10.81","10.81","10.81","10.81","","0.00%"
"07/24/2020","10.81","10.80","10.81","10.71","217.26K","0.09%"
"07/23/2020","10.80","10.83","10.90","10.75","555.74K","-0.18%"
"07/22/2020","10.82","10.77","10.88","10.74","2.12M","0.09%"
"07/21/2020","10.81","10.85","10.89","10.79","454.56K","1.50%"
"07/20/2020","10.65","10.61","10.65","10.50","596.01K","0.00%"
"07/17/2020","10.65","10.67","10.68","10.57","3.04M","-0.28%"
"07/16/2020","10.68","10.66","10.73","10.64","178.37K","-0.28%"
"07/15/2020","10.71","10.64","10.76","10.58","4.90M","1.04%"
"07/14/2020","10.60","10.45","10.66","10.45","135.49K","0.76%"
"07/13/2020","10.52","10.71","10.71","10.52","434.56K","-1.87%"
"07/12/2020","10.72","10.72","10.72","10.72","","0.00%"
"07/11/2020","10.72","10.72","10.72","10.72","","0.00%"
"07/10/2020","10.72","10.62","10.72","10.54","444.27K","1.32%"
"07/09/2020","10.58","10.72","10.73","10.55","250.36K","-1.21%"
"07/08/2020","10.71","10.64","10.72","10.61","269.22K","1.04%"
"07/07/2020","10.60","10.56","10.69","10.55","177.09K","-0.09%"
"07/06/2020","10.61","10.60","10.67","10.58","313.70K","0.76%"
"07/05/2020","10.53","10.53","10.53","10.53","","0.00%"
"07/04/2020","10.53","10.53","10.53","10.53","","0.00%"
"07/02/2020","10.53","10.53","10.58","10.44","254.43K","0.77%"
"07/01/2020","10.45","10.42","10.47","10.33","583.71K","0.77%"
"06/30/2020","10.37","10.30","10.43","10.25","345.11K","0.58%"
"06/29/2020","10.31","10.18","10.34","10.14","1.15M","2.69%"
"06/26/2020","10.04","10.16","10.18","10.02","164.70K","-1.86%"
"06/25/2020","10.23","10.05","10.23","10.04","130.15K","0.89%"
"06/24/2020","10.14","10.39","10.41","10.07","412.05K","-2.97%"
"06/23/2020","10.45","10.54","10.59","10.43","392.92K","-0.29%"
"06/22/2020","10.48","10.38","10.51","10.37","156.83K","1.26%"
"06/19/2020","10.35","10.45","10.48","10.26","258.91K","0.39%"
"06/18/2020","10.31","10.19","10.31","10.17","234.61K","1.18%"
"06/17/2020","10.19","10.20","10.25","10.11","227.32K","-0.49%"
"06/16/2020","10.24","10.24","10.34","10.07","320.14K","1.29%"
"06/15/2020","10.11","9.79","10.11","9.76","327.11K","0.80%"
"06/12/2020","10.03","10.04","10.11","9.91","174.54K","0.80%"
"06/11/2020","9.95","10.05","10.13","9.88","483.33K","-4.51%"
"06/10/2020","10.42","10.30","10.47","10.24","131.45K","1.26%"
"06/09/2020","10.29","10.24","10.37","10.16","125.44K","0.19%"
"06/08/2020","10.27","10.37","10.39","10.24","534.03K","-1.25%"
"06/07/2020","10.40","10.40","10.40","10.40","","0.00%"
"06/05/2020","10.40","10.48","10.48","10.35","297.31K","2.87%"
"06/04/2020","10.11","10.05","10.15","10.01","259.23K","0.80%"
"06/03/2020","10.03","10.03","10.11","9.94","870.95K","0.10%"
"06/02/2020","10.02","9.96","10.05","9.94","260.07K","1.62%"
"06/01/2020","9.86","9.75","9.90","9.70","1.03M","0.41%"
"05/29/2020","9.82","9.54","9.90","9.49","541.70K","2.51%"
"05/28/2020","9.58","9.54","9.68","9.48","303.13K","0.10%"
"05/27/2020","9.57","9.59","9.63","9.45","488.42K","-0.93%"
"05/26/2020","9.66","9.73","9.77","9.61","315.39K","0.94%"
"05/22/2020","9.57","9.52","9.59","9.43","346.45K","-1.24%"
"05/21/2020","9.69","9.78","9.82","9.62","380.05K","-0.31%"
"05/20/2020","9.72","9.64","9.74","9.61","1.24M","2.21%"
"05/19/2020","9.51","9.59","9.60","9.45","535.29K","0.00%"
"05/18/2020","9.51","9.50","9.67","9.46","201.12K","3.93%"
"05/15/2020","9.15","9.10","9.20","9.03","150.64K","1.44%"
"05/14/2020","9.02","8.78","9.04","8.78","243.05K","2.73%"
"05/13/2020","8.78","8.90","8.93","8.72","607.48K","-1.35%"
"05/12/2020","8.90","8.98","8.99","8.88","194.51K","-0.67%"
"05/11/2020","8.96","9.10","9.12","8.86","257.92K","-1.43%"
"05/10/2020","9.09","9.09","9.09","9.09","","0.00%"
"05/09/2020","9.09","9.09","9.09","9.09","","0.00%"
"05/08/2020","9.09","9.03","9.09","8.93","627.58K","2.48%"
"05/07/2020","8.87","9.17","9.20","8.85","339.90K","0.23%"
"05/06/2020","8.85","8.95","8.95","8.71","1.25M","-2.32%"
"05/05/2020","9.06","8.86","9.06","8.86","448.59K","4.86%"
"05/04/2020","8.64","8.44","8.67","8.40","610.88K","1.89%"
"05/03/2020","8.48","8.48","8.48","8.48","","0.00%"
"05/02/2020","8.48","8.48","8.48","8.48","","0.00%"
"05/01/2020","8.48","8.50","8.50","8.36","430.92K","0.00%"
"04/30/2020","8.48","8.33","8.50","8.18","284.00K","4.18%"
"04/29/2020","8.14","8.12","8.22","8.09","418.18K","2.65%"
"04/28/2020","7.93","7.96","8.08","7.87","309.35K","-0.38%"
"04/27/2020","7.96","7.83","7.99","7.80","1.19M","-4.67%"
"04/24/2020","8.35","8.41","8.44","8.21","785.36K","-0.83%"
"04/23/2020","8.42","8.41","8.63","8.28","524.11K","3.06%"
"04/22/2020","8.17","8.19","8.41","8.09","1.27M","2.00%"
"04/21/2020","8.01","9.10","9.10","7.50","824.24K","-10.40%"
"04/20/2020","8.94","9.06","9.14","8.82","799.48K","-4.28%"
"04/17/2020","9.34","9.36","9.41","9.27","557.82K","-0.53%"
"04/16/2020","9.39","9.39","9.43","9.22","1.12M","0.32%"
"04/15/2020","9.36","9.36","9.43","9.24","726.06K","-2.60%"
"04/14/2020","9.61","9.72","9.76","9.55","617.31K","-2.73%"
"04/13/2020","9.88","9.87","9.88","9.73","571.68K","0.10%"
"04/09/2020","9.87","10.28","10.42","9.71","283.90K","-2.37%"
"04/08/2020","10.11","9.95","10.12","9.79","1.09M","1.92%"
"04/07/2020","9.92","10.26","10.26","9.79","688.92K","-1.20%"
"04/06/2020","10.04","10.01","10.10","9.88","1.12M","-1.38%"
"04/03/2020","10.18","10.10","10.41","9.87","693.37K","5.38%"
"04/02/2020","9.66","9.27","10.10","9.17","943.12K","5.81%"
"04/01/2020","9.13","9.20","9.20","9.02","1.41M","-1.83%"
"03/31/2020","9.30","9.42","9.48","9.28","7.27M","-0.53%"
"03/30/2020","9.35","9.42","9.42","9.24","1.71M","-2.71%"
"03/27/2020","9.61","9.64","9.64","9.51","1.46M","-2.14%"
"03/26/2020","9.82","9.96","9.98","9.69","1.59M","-1.50%"
"03/25/2020","9.97","9.95","10.09","9.77","491.33K","0.30%"
"03/24/2020","9.94","9.70","10.00","9.70","362.51K","2.90%"
"03/23/2020","9.66","9.56","9.71","9.46","799.83K","0.21%"
"03/20/2020","9.64","9.98","9.99","9.28","1.52M","-2.23%"
"03/19/2020","9.86","9.49","10.02","9.37","520.48K","4.56%"
"03/18/2020","9.43","9.05","9.75","9.05","808.06K","-5.70%"
"03/17/2020","10.00","10.23","10.38","10.00","851.29K","-2.44%"
"03/16/2020","10.25","10.07","10.48","10.00","791.24K","-8.07%"
"03/13/2020","11.15","11.25","11.26","10.84","846.46K","2.20%"
"03/12/2020","10.91","10.79","11.15","10.55","1.32M","-5.13%"
"03/11/2020","11.50","11.64","11.71","11.46","804.85K","-2.62%"
"03/10/2020","11.81","11.72","11.90","11.57","1.38M","4.70%"
"03/09/2020","11.28","11.41","11.77","11.20","1.86M","-12.08%"
"03/06/2020","12.83","13.21","13.23","12.74","908.58K","-4.96%"
"03/05/2020","13.50","13.69","13.73","13.46","716.53K","-1.60%"
"03/04/2020","13.72","13.88","13.91","13.66","439.26K","-0.22%"
"03/03/2020","13.75","13.81","14.00","13.62","892.83K","0.07%"
"03/02/2020","13.74","13.49","13.76","13.42","1.87M","2.84%"
"02/28/2020","13.36","13.30","13.36","13.10","471.81K","-1.40%"
"02/27/2020","13.55","13.52","13.70","13.39","489.56K","-2.45%"
"02/26/2020","13.89","14.06","14.17","13.83","436.94K","-1.56%"
"02/25/2020","14.11","14.38","14.38","14.11","396.63K","-1.81%"
"02/24/2020","14.37","14.38","14.43","14.25","202.21K","-2.91%"
"02/21/2020","14.80","14.76","14.83","14.70","271.04K","-0.67%"
"02/20/2020","14.90","14.97","15.04","14.90","249.41K","-0.13%"
"02/19/2020","14.92","14.86","14.95","14.78","288.66K","1.29%"
"02/18/2020","14.73","14.59","14.73","14.59","356.11K","0.41%"
"02/14/2020","14.67","14.68","14.71","14.59","493.62K","0.62%"
"02/13/2020","14.58","14.57","14.64","14.53","433.85K","0.07%"
"02/12/2020","14.57","14.54","14.58","14.46","2.58M","1.89%"
"02/11/2020","14.30","14.35","14.39","14.24","2.92M","0.63%"
"02/10/2020","14.21","14.23","14.30","14.18","336.37K","-1.11%"
"02/07/2020","14.37","14.38","14.45","14.34","172.97K","-0.62%"
"02/06/2020","14.46","14.36","14.46","14.30","189.97K","0.14%"
"02/05/2020","14.44","14.44","14.54","14.37","366.23K","1.83%"
"02/04/2020","14.18","14.32","14.36","14.14","344.22K","0.14%"
"02/03/2020","14.16","14.17","14.43","14.13","1.89M","-2.28%"
"01/31/2020","14.49","14.51","14.61","14.41","909.93K","-1.29%"
"01/30/2020","14.68","14.61","14.71","14.51","599.33K","-1.01%"
"01/29/2020","14.83","14.93","14.93","14.81","215.60K","-0.60%"
"01/28/2020","14.92","14.83","14.97","14.81","260.68K","0.88%"
"01/27/2020","14.79","14.88","14.89","14.74","310.73K","-2.38%"
"01/24/2020","15.15","15.24","15.25","15.08","633.75K","-1.69%"
"01/23/2020","15.41","15.39","15.43","15.30","243.27K","-1.09%"
"01/22/2020","15.58","15.70","15.70","15.54","268.78K","-1.45%"
"01/21/2020","15.81","15.83","15.88","15.79","165.89K","-0.63%"
"01/17/2020","15.91","15.88","15.93","15.83","257.18K","0.38%"
"01/16/2020","15.85","15.84","15.91","15.83","368.16K","-0.13%"
"01/15/2020","15.87","15.92","15.92","15.77","264.16K","-0.50%"
"01/14/2020","15.95","15.96","16.00","15.92","309.23K","0.57%"
"01/13/2020","15.86","16.01","16.01","15.83","296.18K","-1.00%"
"01/10/2020","16.02","16.05","16.07","15.98","207.71K","-0.06%"
"01/09/2020","16.03","16.03","16.07","15.92","259.72K","-0.74%"
"01/08/2020","16.15","16.44","16.45","15.98","834.99K","-1.88%"
"01/07/2020","16.46","16.43","16.50","16.38","255.35K","-0.30%"
"01/06/2020","16.51","16.61","16.61","16.48","280.57K","0.00%"
"01/03/2020","16.51","16.54","16.61","16.42","429.13K","1.35%"
"01/02/2020","16.29","16.39","16.39","16.20","1.54M","0.49%"
"12/31/2019","16.21","16.24","16.32","16.19","1.29M","-0.73%"
"12/30/2019","16.33","16.48","16.50","16.28","408.71K","-0.31%"
"12/27/2019","16.38","16.41","16.41","16.34","512.95K","-0.06%"
"12/26/2019","16.39","16.29","16.39","16.27","405.13K","0.92%"
"12/24/2019","16.24","16.10","16.25","16.10","106.11K","0.43%"
"12/23/2019","16.17","16.01","16.17","16.00","247.23K","0.25%"
"12/20/2019","16.13","16.17","16.20","16.10","141.43K","-0.25%"
"12/19/2019","16.17","16.18","16.23","16.16","232.58K","0.12%"
"12/18/2019","16.15","16.06","16.20","16.05","1.41M","0.00%"
"12/17/2019","16.15","15.97","16.18","15.97","1.98M","0.56%"
"12/16/2019","16.06","16.02","16.08","16.02","156.09K","1.13%"
"12/13/2019","15.88","15.88","16.02","15.82","118.67K","0.44%"
"12/12/2019","15.81","15.70","15.85","15.68","233.31K","0.89%"
"12/11/2019","15.67","15.69","15.74","15.56","116.98K","-0.57%"
"12/10/2019","15.76","15.69","15.76","15.68","150.70K","0.51%"
"12/09/2019","15.68","15.64","15.71","15.62","190.84K","-0.19%"
"12/06/2019","15.71","15.55","15.80","15.55","199.08K","0.77%"
"12/05/2019","15.59","15.63","15.68","15.56","365.34K","0.13%"
"12/04/2019","15.57","15.50","15.60","15.49","217.78K","1.83%"
"12/03/2019","15.29","15.24","15.37","15.19","285.96K","0.20%"
"12/02/2019","15.26","15.35","15.38","15.23","267.81K","0.20%"
"11/29/2019","15.23","15.46","15.46","15.21","119.91K","-2.37%"
"11/27/2019","15.60","15.66","15.68","15.55","82.48K","-0.45%"
"11/26/2019","15.67","15.62","15.69","15.57","274.79K","0.38%"
"11/25/2019","15.61","15.53","15.62","15.48","374.39K","0.19%"
"11/22/2019","15.58","15.62","15.66","15.51","104.73K","-0.26%"
"11/21/2019","15.62","15.49","15.64","15.49","132.55K","1.36%"
"11/20/2019","15.41","15.21","15.47","15.21","294.37K","1.31%"
"11/19/2019","15.21","15.29","15.31","15.17","422.81K","-1.17%"
"11/18/2019","15.39","15.50","15.53","15.37","253.61K","-1.41%"
"11/15/2019","15.61","15.47","15.66","15.47","96.97K","0.64%"
"11/14/2019","15.51","15.60","15.61","15.46","165.62K","-0.26%"
"11/13/2019","15.55","15.45","15.58","15.43","147.29K","0.19%"
"11/12/2019","15.52","15.54","15.59","15.47","131.56K","0.06%"
"11/11/2019","15.51","15.47","15.60","15.45","146.34K","-0.83%"
"11/08/2019","15.64","15.42","15.65","15.35","158.85K","0.45%"
"11/07/2019","15.57","15.68","15.70","15.56","167.17K","-0.06%"
"11/06/2019","15.58","15.75","15.80","15.52","286.11K","-1.08%"
"11/05/2019","15.75","15.70","15.77","15.69","198.20K","0.64%"
"11/04/2019","15.65","15.69","15.75","15.62","194.44K","0.64%"
"11/01/2019","15.55","15.32","15.57","15.32","174.73K","2.50%"
"10/31/2019","15.17","15.23","15.26","15.11","274.99K","-0.98%"
"10/30/2019","15.32","15.42","15.45","15.30","213.20K","-0.58%"
"10/29/2019","15.41","15.34","15.50","15.31","136.34K","-0.32%"
"10/28/2019","15.46","15.56","15.57","15.40","109.87K","-0.45%"
"10/25/2019","15.53","15.44","15.54","15.36","130.07K","0.39%"
"10/24/2019","15.47","15.39","15.50","15.39","162.44K","0.52%"
"10/23/2019","15.39","15.10","15.41","15.10","126.63K","1.58%"
"10/22/2019","15.15","15.20","15.26","15.12","185.16K","0.40%"
"10/21/2019","15.09","15.02","15.12","15.01","174.14K","-0.46%"
"10/18/2019","15.16","15.20","15.25","15.09","166.10K","-0.26%"
"10/17/2019","15.20","15.08","15.20","15.03","145.79K","0.53%"
"10/16/2019","15.12","15.00","15.16","15.00","326.94K","0.47%"
"10/15/2019","15.05","15.07","15.17","15.02","153.67K","-0.27%"
"10/14/2019","15.09","15.08","15.14","15.02","167.37K","-1.11%"
"10/11/2019","15.26","15.08","15.28","15.08","216.58K","1.67%"
"10/10/2019","15.01","15.03","15.04","14.94","217.98K","0.60%"
"10/09/2019","14.92","15.05","15.07","14.89","127.58K","0.54%"
"10/08/2019","14.84","14.74","14.91","14.73","325.38K","-0.27%"
"10/07/2019","14.88","14.95","15.03","14.84","100.00K","0.00%"
"10/04/2019","14.88","14.91","14.95","14.79","218.88K","0.61%"
"10/03/2019","14.79","14.65","14.82","14.56","415.36K","0.07%"
"10/02/2019","14.78","14.97","14.97","14.71","272.61K","-1.34%"
"10/01/2019","14.98","15.10","15.10","14.91","163.64K","-0.47%"
"09/30/2019","15.05","15.13","15.20","15.00","660.14K","-1.05%"
"09/27/2019","15.21","15.16","15.35","15.14","230.21K","-0.72%"
"09/26/2019","15.32","15.28","15.35","15.15","267.00K","-0.07%"
"09/25/2019","15.33","15.19","15.33","15.15","264.06K","-0.20%"
"09/24/2019","15.36","15.54","15.55","15.35","514.64K","-1.66%"
"09/23/2019","15.62","15.58","15.64","15.51","186.94K","0.32%"
"09/20/2019","15.57","15.64","15.66","15.49","7.67M","-0.19%"
"09/19/2019","15.60","15.62","15.67","15.54","156.49K","0.65%"
"09/18/2019","15.50","15.51","15.59","15.43","286.39K","-0.64%"
"09/17/2019","15.60","16.03","16.11","15.52","689.00K","-2.92%"
"09/16/2019","16.07","15.81","16.26","15.78","262.32K","6.78%"
"09/13/2019","15.05","15.08","15.09","15.02","237.71K","0.13%"
"09/12/2019","15.03","14.83","15.04","14.80","220.25K","-0.53%"
"09/11/2019","15.11","15.32","15.36","15.03","574.07K","-1.24%"
"09/10/2019","15.30","15.31","15.42","15.26","723.53K","0.13%"
"09/09/2019","15.28","15.17","15.32","15.16","359.03K","1.46%"
"09/06/2019","15.06","14.87","15.13","14.84","230.11K","0.13%"
"09/05/2019","15.04","15.14","15.26","15.01","312.59K","-0.07%"
"09/04/2019","15.05","14.87","15.09","14.87","381.56K","2.87%"
"09/03/2019","14.63","14.52","14.65","14.48","1.06M","-1.28%"
"08/30/2019","14.82","15.00","15.00","14.71","3.23M","-1.33%"
"08/29/2019","15.02","14.93","15.06","14.92","301.49K","0.60%"
"08/28/2019","14.93","14.94","14.99","14.86","337.37K","1.29%"
"08/27/2019","14.74","14.70","14.76","14.60","311.27K","0.89%"
"08/26/2019","14.61","14.77","14.81","14.58","403.09K","0.07%"
"08/23/2019","14.60","14.63","14.74","14.51","485.37K","-1.42%"
"08/22/2019","14.81","14.91","14.96","14.75","593.81K","-0.60%"
"08/21/2019","14.90","15.01","15.05","14.86","392.90K","0.20%"
"08/20/2019","14.87","14.85","14.92","14.75","432.92K","0.07%"
"08/19/2019","14.86","14.79","14.88","14.77","573.67K","0.95%"
"08/16/2019","14.72","14.67","14.76","14.67","495.01K","0.20%"
"08/15/2019","14.69","14.71","14.78","14.63","423.84K","-0.47%"
"08/14/2019","14.76","14.79","14.86","14.65","682.39K","-1.80%"
"08/13/2019","15.03","14.60","15.12","14.58","1.02M","1.97%"
"08/12/2019","14.74","14.88","14.90","14.71","1.64M","-0.74%"
"08/09/2019","14.85","14.85","14.94","14.83","271.24K","1.16%"
"08/08/2019","14.68","14.56","14.72","14.54","225.15K","0.82%"
"08/07/2019","14.56","14.54","14.59","14.33","523.17K","-1.49%"
"08/06/2019","14.78","14.99","15.00","14.73","399.74K","-0.87%"
"08/05/2019","14.91","14.70","15.04","14.70","173.20K","-1.06%"
"08/02/2019","15.07","15.20","15.22","15.06","156.40K","0.47%"
"08/01/2019","15.00","15.46","15.47","14.87","502.42K","-3.72%"
"07/31/2019","15.58","15.73","15.76","15.55","498.84K","-0.45%"
"07/30/2019","15.65","15.54","15.68","15.51","231.49K","0.64%"
"07/29/2019","15.55","15.51","15.55","15.40","226.10K","0.71%"
"07/26/2019","15.44","15.43","15.50","15.39","77.45K","0.00%"
"07/25/2019","15.44","15.57","15.61","15.44","329.46K","-0.32%"
"07/24/2019","15.49","15.63","15.72","15.40","256.69K","-0.58%"
"07/23/2019","15.58","15.48","15.61","15.40","199.62K","0.58%"
"07/22/2019","15.49","15.47","15.52","15.44","145.65K","-0.19%"
"07/19/2019","15.52","15.42","15.53","15.34","210.19K","0.84%"
"07/18/2019","15.39","15.53","15.55","15.22","337.32K","-1.03%"
"07/17/2019","15.55","15.79","15.79","15.53","194.24K","-1.14%"
"07/16/2019","15.73","15.95","16.02","15.58","325.78K","-1.32%"
"07/15/2019","15.94","16.15","16.15","15.92","230.54K","-1.24%"
"07/12/2019","16.14","16.09","16.16","16.06","207.75K","0.25%"
"07/11/2019","16.10","16.10","16.15","16.03","315.19K","0.19%"
"07/10/2019","16.07","15.90","16.10","15.89","289.05K","2.75%"
"07/09/2019","15.64","15.51","15.64","15.49","212.19K","0.64%"
"07/08/2019","15.54","15.66","15.72","15.54","250.38K","-0.45%"
"07/05/2019","15.61","15.53","15.62","15.52","306.30K","0.77%"
"07/03/2019","15.49","15.45","15.50","15.39","352.06K","1.04%"
"07/02/2019","15.33","15.65","15.69","15.29","830.66K","-2.48%"
"07/01/2019","15.72","15.92","15.92","15.60","453.97K","0.45%"
"06/28/2019","15.65","15.93","15.95","15.60","4.18M","-1.45%"
"06/27/2019","15.88","15.91","15.94","15.86","272.05K","0.00%"
"06/26/2019","15.88","15.85","15.99","15.83","637.45K","1.34%"
"06/25/2019","15.67","15.71","15.76","15.64","3.31M","0.19%"
"06/24/2019","15.64","15.62","15.65","15.50","177.56K","0.26%"
"06/21/2019","15.60","15.58","15.63","15.55","3.30M","0.45%"
"06/20/2019","15.53","15.46","15.58","15.43","232.15K","2.24%"
"06/19/2019","15.19","15.06","15.20","15.05","410.31K","0.07%"
"06/18/2019","15.18","15.00","15.25","14.99","534.16K","1.61%"
"06/17/2019","14.94","14.98","15.04","14.90","312.17K","-0.60%"
"06/14/2019","15.03","15.01","15.09","14.96","560.85K","0.54%"
"06/13/2019","14.95","15.07","15.07","14.87","372.68K","1.42%"
"06/12/2019","14.74","14.90","14.95","14.71","433.27K","-2.12%"
"06/11/2019","15.06","15.03","15.10","14.97","660.65K","0.40%"
"06/10/2019","15.00","15.00","15.12","14.95","383.95K","-0.27%"
"06/07/2019","15.04","14.90","15.11","14.88","622.29K","0.27%"
"06/06/2019","15.00","14.74","15.00","14.68","892.31K","1.83%"
"06/05/2019","14.73","14.94","14.94","14.59","412.26K","-2.13%"
"06/04/2019","15.05","14.95","15.06","14.88","271.20K","1.01%"
"06/03/2019","14.90","15.14","15.16","14.88","464.16K","-0.73%"
"05/31/2019","15.01","15.30","15.37","14.97","2.58M","-3.53%"
"05/30/2019","15.56","15.87","15.88","15.52","476.21K","-1.89%"
"05/29/2019","15.86","15.84","15.90","15.66","325.29K","-0.25%"
"05/28/2019","15.90","15.98","15.99","15.87","5.42M","0.63%"
"05/24/2019","15.80","15.76","15.80","15.59","341.62K","1.15%"
"05/23/2019","15.62","15.80","15.80","15.53","402.01K","-2.68%"
"05/22/2019","16.05","16.24","16.27","16.03","217.61K","-1.77%"
"05/21/2019","16.34","16.38","16.40","16.30","89.18K","0.00%"
"05/20/2019","16.34","16.37","16.45","16.30","128.55K","0.18%"
"05/17/2019","16.31","16.39","16.44","16.28","86.19K","-0.79%"
"05/16/2019","16.44","16.37","16.47","16.36","169.58K","1.23%"
"05/15/2019","16.24","16.09","16.28","16.09","258.67K","0.93%"
"05/14/2019","16.09","16.02","16.15","16.02","307.58K","1.45%"
"05/13/2019","15.86","16.18","16.20","15.85","138.67K","-0.94%"
"05/10/2019","16.01","15.96","16.06","15.96","540.40K","0.31%"
"05/09/2019","15.96","15.97","16.00","15.85","330.30K","-0.50%"
"05/08/2019","16.04","15.98","16.11","15.96","139.43K","0.50%"
"05/07/2019","15.96","16.03","16.07","15.90","179.21K","-1.78%"
"05/06/2019","16.25","16.07","16.27","16.05","253.85K","0.49%"
"05/03/2019","16.17","16.21","16.29","16.17","276.01K","0.19%"
"05/02/2019","16.14","16.23","16.23","16.05","318.88K","-1.59%"
"05/01/2019","16.40","16.42","16.42","16.27","992.17K","0.06%"
"04/30/2019","16.39","16.47","16.47","16.32","1.53M","0.24%"
"04/29/2019","16.35","16.35","16.39","16.28","379.77K","0.25%"
"04/26/2019","16.31","16.50","16.50","16.23","841.72K","-1.69%"
"04/25/2019","16.59","16.69","16.71","16.57","536.45K","-0.60%"
"04/24/2019","16.69","16.78","16.79","16.68","622.03K","-0.60%"
"04/23/2019","16.79","16.76","16.82","16.73","259.40K","0.18%"
"04/22/2019","16.76","16.73","16.83","16.72","346.92K","1.27%"
"04/18/2019","16.55","16.55","16.55","16.46","167.25K","0.36%"
"04/17/2019","16.49","16.58","16.60","16.48","7.47M","-0.48%"
"04/16/2019","16.57","16.50","16.58","16.44","469.06K","0.12%"
"04/15/2019","16.55","16.53","16.57","16.49","255.67K","-0.42%"
"04/12/2019","16.62","16.62","16.66","16.56","277.30K","0.54%"
"04/11/2019","16.53","16.60","16.63","16.47","307.13K","-0.66%"
"04/10/2019","16.64","16.58","16.68","16.56","291.31K","0.73%"
"04/09/2019","16.52","16.58","16.58","16.48","293.29K","-0.48%"
"04/08/2019","16.60","16.52","16.60","16.52","444.45K","0.79%"
"04/05/2019","16.47","16.33","16.48","16.33","346.04K","0.86%"
"04/04/2019","16.33","16.32","16.42","16.26","255.15K","0.00%"
"04/03/2019","16.33","16.30","16.34","16.24","1.15M","0.18%"
"04/02/2019","16.30","16.18","16.31","16.17","289.69K","0.74%"
"04/01/2019","16.18","16.05","16.19","16.05","1.05M","1.44%"
"03/29/2019","15.95","16.07","16.08","15.93","2.56M","0.13%"
"03/28/2019","15.93","15.79","15.94","15.79","423.39K","-0.25%"
"03/27/2019","15.97","16.08","16.08","15.88","409.41K","-0.68%"
"03/26/2019","16.08","16.11","16.14","16.04","367.23K","0.63%"
"03/25/2019","15.98","15.92","16.04","15.85","732.18K","0.25%"
"03/22/2019","15.94","15.99","16.02","15.84","361.06K","-0.99%"
"03/21/2019","16.10","16.11","16.16","16.06","320.92K","-0.49%"
"03/20/2019","16.18","16.00","16.18","15.97","424.49K","1.31%"
"03/19/2019","15.97","16.03","16.06","15.91","478.21K","-0.13%"
"03/18/2019","15.99","15.95","15.99","15.87","480.35K","0.76%"
"03/15/2019","15.87","15.73","15.90","15.73","255.96K","0.13%"
"03/14/2019","15.85","15.89","15.93","15.84","234.74K","-0.13%"
"03/13/2019","15.87","15.76","15.88","15.76","345.32K","1.21%"
"03/12/2019","15.68","15.72","15.75","15.63","371.15K","0.32%"
"03/11/2019","15.63","15.65","15.66","15.56","345.35K","0.39%"
"03/08/2019","15.57","15.37","15.57","15.29","239.07K","-0.26%"
"03/07/2019","15.61","15.63","15.66","15.56","339.72K","0.13%"
"03/06/2019","15.59","15.63","15.64","15.51","294.03K","-0.45%"
"03/05/2019","15.66","15.70","15.70","15.58","273.46K","0.32%"
"03/04/2019","15.61","15.66","15.73","15.52","461.40K","0.45%"
"03/01/2019","15.54","15.72","15.76","15.46","530.04K","-1.15%"
"02/28/2019","15.72","15.75","15.79","15.67","593.76K","-0.13%"
"02/27/2019","15.74","15.66","15.79","15.63","712.11K","1.03%"
"02/26/2019","15.58","15.51","15.60","15.50","465.49K","0.52%"
"02/25/2019","15.50","15.68","15.69","15.47","578.70K","-2.02%"
"02/22/2019","15.82","15.90","15.90","15.80","425.46K","0.19%"
"02/21/2019","15.79","15.80","15.80","15.72","353.89K","0.32%"
"02/20/2019","15.74","15.58","15.80","15.58","323.36K","0.64%"
"02/19/2019","15.64","15.58","15.66","15.54","295.16K","-0.13%"
"02/15/2019","15.66","15.52","15.66","15.49","892.97K","1.82%"
"02/14/2019","15.38","15.26","15.38","15.20","464.69K","0.52%"
"02/13/2019","15.30","15.25","15.35","15.25","415.94K","0.92%"
"02/12/2019","15.16","15.26","15.28","15.13","340.04K","0.80%"
"02/11/2019","15.04","15.00","15.07","14.90","755.41K","-0.59%"
"02/08/2019","15.13","15.17","15.17","15.03","530.24K","0.27%"
"02/07/2019","15.09","15.24","15.26","14.96","1.01M","-1.37%"
"02/06/2019","15.30","15.18","15.35","15.16","1.07M","0.20%"
"02/05/2019","15.27","15.25","15.36","15.22","656.45K","-0.65%"
"02/04/2019","15.37","15.24","15.38","15.12","1.04M","-0.19%"
"02/01/2019","15.40","15.21","15.41","15.21","1.48M","1.38%"
"01/31/2019","15.19","15.38","15.42","15.12","2.98M","-0.52%"
"01/30/2019","15.27","15.27","15.35","15.21","1.28M","0.93%"
"01/29/2019","15.13","15.06","15.20","15.06","1.97M","1.41%"
"01/28/2019","14.92","14.95","14.96","14.84","1.41M","-1.97%"
"01/25/2019","15.22","15.15","15.24","15.11","515.83K","0.53%"
"01/24/2019","15.14","15.07","15.17","15.05","458.43K","0.26%"
"01/23/2019","15.10","15.19","15.20","14.97","1.81M","-0.20%"
"01/22/2019","15.13","15.14","15.16","14.99","3.21M","-1.24%"
"01/18/2019","15.32","15.17","15.36","15.12","1.02M","1.19%"
"01/17/2019","15.14","15.01","15.17","14.92","1.54M","0.26%"
"01/16/2019","15.10","15.08","15.12","14.98","464.65K","0.47%"
"01/15/2019","15.03","14.99","15.07","14.95","279.22K","1.08%"
"01/14/2019","14.87","14.95","15.04","14.84","360.68K","-0.93%"
"01/11/2019","15.01","15.05","15.10","14.92","335.96K","-0.60%"
"01/10/2019","15.10","15.00","15.13","14.95","1.33M","-0.07%"
"01/09/2019","15.11","14.94","15.13","14.84","647.82K","2.79%"
"01/08/2019","14.70","14.65","14.73","14.59","280.63K","1.31%"
"01/07/2019","14.51","14.53","14.70","14.49","343.38K","0.42%"
"01/04/2019","14.45","14.45","14.59","14.36","446.43K","1.47%"
"01/03/2019","14.24","14.23","14.24","13.97","523.82K","1.06%"
"01/02/2019","14.09","13.82","14.32","13.78","713.12K","0.50%"
"12/31/2018","14.02","14.02","14.03","13.82","3.03M","0.36%"
"12/28/2018","13.97","13.94","14.03","13.86","1.56M","-0.71%"
"12/27/2018","14.07","14.01","14.08","13.89","953.37K","-1.40%"
"12/26/2018","14.27","13.69","14.29","13.50","1.06M","2.96%"
"12/24/2018","13.86","14.02","14.06","13.85","660.76K","-1.70%"
"12/21/2018","14.10","14.11","14.21","14.05","1.32M","-1.19%"
"12/20/2018","14.27","14.39","14.48","14.20","695.41K","-1.38%"
"12/19/2018","14.47","14.46","14.65","14.42","748.49K","0.49%"
"12/18/2018","14.40","14.76","14.79","14.34","878.94K","-2.64%"
"12/17/2018","14.79","15.10","15.12","14.76","621.04K","-1.99%"
"12/14/2018","15.09","15.28","15.28","15.05","580.50K","-1.95%"
"12/13/2018","15.39","15.13","15.43","15.09","488.38K","1.65%"
"12/12/2018","15.14","15.30","15.38","15.13","486.67K","-0.72%"
"12/11/2018","15.25","15.36","15.38","15.17","524.02K","0.53%"
"12/10/2018","15.17","15.30","15.38","15.13","515.86K","-1.94%"
"12/07/2018","15.47","15.60","15.73","15.43","783.59K","1.44%"
"12/06/2018","15.25","15.46","15.46","14.97","1.34M","-1.36%"
"12/04/2018","15.46","15.54","15.61","15.45","2.34M","0.00%"
"12/03/2018","15.46","15.49","15.52","15.31","997.69K","2.32%"
"11/30/2018","15.11","15.00","15.21","14.89","4.99M","-0.40%"
"11/29/2018","15.17","15.14","15.28","15.07","757.94K","0.93%"
"11/28/2018","15.03","15.10","15.24","15.00","1.26M","-0.60%"
"11/27/2018","15.12","15.16","15.22","14.93","1.94M","-0.33%"
"11/26/2018","15.17","15.14","15.23","15.12","1.53M","0.20%"
"11/23/2018","15.14","15.16","15.21","15.03","1.00M","-3.32%"
"11/21/2018","15.66","15.68","15.90","15.63","747.16K","0.77%"
"11/20/2018","15.54","15.93","15.99","15.41","1.06M","-3.90%"
"11/19/2018","16.17","16.02","16.23","15.89","483.89K","0.19%"
"11/16/2018","16.14","16.17","16.28","15.95","567.11K","1.19%"
"11/15/2018","15.95","16.08","16.14","15.94","844.79K","-0.93%"
"11/14/2018","16.10","16.07","16.21","16.01","1.13M","2.09%"
"11/13/2018","15.77","16.22","16.28","15.71","2.13M","-3.13%"
"11/12/2018","16.28","16.48","16.58","16.25","3.54M","-0.43%"
"11/09/2018","16.35","16.31","16.45","16.23","372.22K","-0.91%"
"11/08/2018","16.50","16.61","16.66","16.47","468.95K","-1.08%"
"11/07/2018","16.68","16.80","16.82","16.59","723.61K","-0.12%"
"11/06/2018","16.70","16.84","16.88","16.57","371.38K","-0.60%"
"11/05/2018","16.80","16.96","17.00","16.79","292.14K","0.00%"
"11/02/2018","16.80","16.80","16.89","16.73","823.71K","-0.12%"
"11/01/2018","16.82","17.07","17.09","16.77","1.18M","-1.00%"
"10/31/2018","16.99","17.15","17.24","16.98","1.00M","-1.11%"
"10/30/2018","17.18","17.14","17.28","17.09","446.41K","-0.58%"
"10/29/2018","17.28","17.42","17.45","17.25","438.41K","-1.26%"
"10/26/2018","17.50","17.25","17.53","17.22","463.44K","0.98%"
"10/25/2018","17.33","17.32","17.42","17.29","468.52K","0.52%"
"10/24/2018","17.24","17.40","17.47","17.22","688.26K","-0.40%"
"10/23/2018","17.31","17.50","17.52","17.21","419.00K","-2.64%"
"10/22/2018","17.78","17.71","17.78","17.61","208.64K","0.17%"
"10/19/2018","17.75","17.78","17.84","17.69","398.64K","0.74%"
"10/18/2018","17.62","17.66","17.76","17.61","420.36K","-1.34%"
"10/17/2018","17.86","18.01","18.01","17.77","316.54K","-1.22%"
"10/16/2018","18.08","18.00","18.15","17.95","3.05M","0.33%"
"10/15/2018","18.02","17.99","18.06","17.89","416.18K","0.45%"
"10/12/2018","17.94","17.97","18.01","17.78","493.11K","0.62%"
"10/11/2018","17.83","18.00","18.03","17.78","569.04K","-1.65%"
"10/10/2018","18.13","18.47","18.47","18.12","765.00K","-2.11%"
"10/09/2018","18.52","18.47","18.55","18.34","415.61K","0.71%"
"10/08/2018","18.39","18.29","18.40","18.25","283.39K","-0.16%"
"10/05/2018","18.42","18.42","18.52","18.37","532.93K","-0.22%"
"10/04/2018","18.46","18.71","18.71","18.36","251.97K","-1.39%"
"10/03/2018","18.72","18.54","18.81","18.43","594.02K","1.03%"
"10/02/2018","18.53","18.53","18.58","18.48","502.66K","0.16%"
"10/01/2018","18.50","18.12","18.53","18.12","787.94K","2.15%"
"09/28/2018","18.11","17.94","18.18","17.94","876.53K","1.00%"
"09/27/2018","17.93","17.91","17.94","17.85","221.37K","0.56%"
"09/26/2018","17.83","17.87","17.95","17.83","163.50K","-0.67%"
"09/25/2018","17.95","17.99","18.00","17.90","110.76K","0.34%"
"09/24/2018","17.89","17.83","17.94","17.82","256.07K","1.47%"
"09/21/2018","17.63","17.73","17.78","17.53","228.59K","0.46%"
"09/20/2018","17.55","17.63","17.63","17.49","141.82K","-0.11%"
"09/19/2018","17.57","17.45","17.58","17.40","166.91K","0.80%"
"09/18/2018","17.43","17.41","17.52","17.34","169.45K","1.10%"
"09/17/2018","17.24","17.34","17.38","17.21","146.10K","-0.23%"
"09/14/2018","17.28","17.30","17.41","17.17","156.15K","-0.17%"
"09/13/2018","17.31","17.45","17.46","17.24","289.45K","-1.14%"
"09/12/2018","17.51","17.48","17.64","17.48","292.05K","0.63%"
"09/11/2018","17.40","17.21","17.42","17.17","119.04K","1.16%"
"09/10/2018","17.20","17.29","17.32","17.17","167.42K","0.06%"
"09/07/2018","17.19","17.03","17.19","17.01","95.45K","0.29%"
"09/06/2018","17.14","17.30","17.31","17.00","270.64K","-0.70%"
"09/05/2018","17.26","17.34","17.38","17.23","179.76K","-0.58%"
"09/04/2018","17.36","17.52","17.53","17.31","537.23K","-0.46%"
"08/31/2018","17.44","17.49","17.54","17.43","373.21K","0.00%"
"08/30/2018","17.44","17.48","17.50","17.40","105.30K","-0.11%"
"08/29/2018","17.46","17.33","17.46","17.27","190.97K","1.33%"
"08/28/2018","17.23","17.36","17.38","17.20","129.41K","-0.52%"
"08/27/2018","17.32","17.27","17.32","17.25","134.09K","0.46%"
"08/24/2018","17.24","17.31","17.35","17.19","136.29K","0.94%"
"08/23/2018","17.08","17.09","17.12","17.02","202.41K","-0.29%"
"08/22/2018","17.13","17.08","17.17","16.98","227.54K","1.42%"
"08/21/2018","16.89","16.94","16.97","16.85","281.86K","0.36%"
"08/20/2018","16.83","16.83","16.88","16.78","240.75K","0.06%"
"08/17/2018","16.82","16.83","16.88","16.71","143.10K","0.72%"
"08/16/2018","16.70","16.65","16.71","16.62","265.10K","0.85%"
"08/15/2018","16.56","16.78","16.78","16.49","480.98K","-2.24%"
"08/14/2018","16.94","17.11","17.11","16.89","290.78K","-0.06%"
"08/13/2018","16.95","16.94","16.99","16.70","293.68K","-0.41%"
"08/10/2018","17.02","17.02","17.16","16.99","492.36K","0.29%"
"08/09/2018","16.97","17.06","17.11","16.96","434.75K","-0.24%"
"08/08/2018","17.01","17.27","17.27","16.95","660.16K","-1.73%"
"08/07/2018","17.31","17.34","17.40","17.30","456.10K","0.46%"
"08/06/2018","17.23","17.22","17.37","17.21","537.45K","0.17%"
"08/03/2018","17.20","17.16","17.24","17.09","412.39K","0.12%"
"08/02/2018","17.18","16.98","17.23","16.95","574.35K","0.88%"
"08/01/2018","17.03","17.06","17.15","16.96","1.29M","-1.33%"
"07/31/2018","17.26","17.40","17.40","17.25","430.92K","-0.86%"
"07/30/2018","17.41","17.41","17.50","17.39","118.25K","0.75%"
"07/27/2018","17.28","17.36","17.39","17.20","139.73K","-0.40%"
"07/26/2018","17.35","17.31","17.40","17.29","218.54K","0.06%"
"07/25/2018","17.34","17.21","17.34","17.13","182.02K","1.40%"
"07/24/2018","17.10","17.02","17.21","17.02","182.09K","0.47%"
"07/23/2018","17.02","17.10","17.15","16.96","384.93K","0.18%"
"07/20/2018","16.99","16.97","17.04","16.93","260.73K","0.53%"
"07/19/2018","16.90","16.85","17.02","16.81","239.80K","0.00%"
"07/18/2018","16.90","16.69","16.94","16.68","279.73K","0.66%"
"07/17/2018","16.79","16.73","16.86","16.69","511.08K","0.06%"
"07/16/2018","16.78","16.97","16.97","16.71","392.50K","-2.33%"
"07/13/2018","17.18","17.10","17.30","17.09","367.73K","0.35%"
"07/12/2018","17.12","17.04","17.14","16.90","395.30K","0.53%"
"07/11/2018","17.03","17.59","17.59","16.95","471.94K","-4.06%"
"07/10/2018","17.75","17.79","17.86","17.68","564.67K","-0.06%"
"07/09/2018","17.76","17.73","17.77","17.64","256.61K","0.45%"
"07/06/2018","17.68","17.52","17.70","17.48","339.41K","0.28%"
"07/05/2018","17.63","17.62","17.78","17.57","419.56K","-0.17%"
"07/03/2018","17.66","17.82","17.86","17.54","306.96K","0.00%"
"07/02/2018","17.66","17.85","17.85","17.64","542.95K","-1.40%"
"06/29/2018","17.91","17.79","17.96","17.79","797.63K","1.36%"
"06/28/2018","17.67","17.67","17.81","17.66","173.72K","0.23%"
"06/27/2018","17.63","17.57","17.74","17.56","666.12K","1.32%"
"06/26/2018","17.40","17.20","17.44","17.10","377.13K","1.52%"
"06/25/2018","17.14","17.27","17.27","17.09","255.48K","-1.49%"
"06/22/2018","17.40","17.28","17.40","17.15","307.17K","2.53%"
"06/21/2018","16.97","16.91","17.04","16.89","306.04K","-0.35%"
"06/20/2018","17.03","17.13","17.13","16.94","435.87K","0.00%"
"06/19/2018","17.03","16.96","17.04","16.87","864.66K","-0.93%"
"06/18/2018","17.19","17.09","17.22","17.05","347.24K","0.94%"
"06/15/2018","17.03","17.31","17.31","17.02","450.22K","-2.29%"
"06/14/2018","17.43","17.56","17.56","17.39","180.42K","-0.91%"
"06/13/2018","17.59","17.48","17.60","17.45","332.60K","0.46%"
"06/12/2018","17.51","17.46","17.56","17.45","181.59K","0.17%"
"06/11/2018","17.48","17.40","17.55","17.40","792.75K","-0.23%"
"06/08/2018","17.52","17.47","17.57","17.44","246.38K","-0.17%"
"06/07/2018","17.55","17.49","17.56","17.45","427.13K","0.92%"
"06/06/2018","17.39","17.35","17.42","17.25","555.33K","0.23%"
"06/05/2018","17.35","17.20","17.37","17.18","441.80K","0.17%"
"06/04/2018","17.32","17.48","17.50","17.29","589.21K","-1.09%"
"06/01/2018","17.51","17.57","17.61","17.50","610.46K","-1.02%"
"05/31/2018","17.69","17.79","17.89","17.62","732.10K","-0.79%"
"05/30/2018","17.83","17.58","17.83","17.58","403.57K","1.65%"
"05/29/2018","17.54","17.60","17.71","17.44","1.97M","-1.02%"
"05/25/2018","17.72","17.84","17.84","17.66","410.20K","-1.94%"
"05/24/2018","18.07","18.23","18.23","18.06","235.16K","-0.61%"
"05/23/2018","18.18","18.13","18.21","18.03","187.83K","0.11%"
"05/22/2018","18.16","18.23","18.31","18.14","288.59K","0.06%"
"05/21/2018","18.15","18.05","18.16","18.00","216.56K","0.95%"
"05/18/2018","17.98","18.02","18.08","17.96","241.50K","-0.28%"
"05/17/2018","18.03","18.03","18.16","17.99","242.68K","0.28%"
"05/16/2018","17.98","17.86","18.00","17.84","387.15K","0.45%"
"05/15/2018","17.90","17.88","17.95","17.78","245.65K","-0.06%"
"05/14/2018","17.91","17.80","17.91","17.80","240.01K","0.73%"
"05/11/2018","17.78","17.88","17.88","17.77","282.50K","-0.73%"
"05/10/2018","17.91","17.86","17.93","17.76","566.02K","0.34%"
"05/09/2018","17.85","17.76","17.89","17.74","303.59K","1.13%"
"05/08/2018","17.65","17.68","17.72","17.28","520.93K","0.28%"
"05/07/2018","17.60","17.71","17.76","17.56","350.28K","-0.11%"
"05/04/2018","17.62","17.42","17.65","17.42","281.30K","0.97%"
"05/03/2018","17.45","17.28","17.45","17.24","1.70M","0.69%"
"05/02/2018","17.33","17.27","17.39","17.23","466.17K","0.12%"
"05/01/2018","17.31","17.38","17.38","17.21","1.09M","-0.63%"
"04/30/2018","17.42","17.29","17.57","17.27","3.00M","0.29%"
"04/27/2018","17.37","17.36","17.40","17.30","2.26M","-0.17%"
"04/26/2018","17.40","17.44","17.44","17.32","341.78K","0.40%"
"04/25/2018","17.33","17.26","17.34","17.20","198.30K","0.35%"
"04/24/2018","17.27","17.38","17.48","17.24","225.37K","-0.97%"
"04/23/2018","17.44","17.23","17.45","17.19","1.82M","0.35%"
"04/20/2018","17.38","17.28","17.43","17.23","308.13K","-0.06%"
"04/19/2018","17.39","17.52","17.55","17.36","401.28K","-0.46%"
"04/18/2018","17.47","17.34","17.50","17.30","446.71K","2.34%"
"04/17/2018","17.07","17.02","17.09","16.96","215.41K","-0.06%"
"04/16/2018","17.08","17.17","17.19","17.04","364.98K","-0.58%"
"04/13/2018","17.18","17.17","17.22","17.14","267.15K","0.17%"
"04/12/2018","17.15","17.00","17.16","16.98","2.19M","0.41%"
"04/11/2018","17.08","16.98","17.22","16.97","413.75K","0.71%"
"04/10/2018","16.96","16.77","16.98","16.77","330.75K","2.35%"
"04/09/2018","16.57","16.45","16.61","16.45","239.07K","1.66%"
"04/06/2018","16.30","16.49","16.55","16.26","259.19K","-1.21%"
"04/05/2018","16.50","16.43","16.53","16.39","166.50K","0.43%"
"04/04/2018","16.43","16.11","16.45","16.02","421.45K","-0.06%"
"04/03/2018","16.44","16.45","16.50","16.40","219.72K","0.37%"
"04/02/2018","16.38","16.60","16.60","16.35","715.95K","-1.62%"
"03/29/2018","16.65","16.54","16.72","16.52","1.04M","0.54%"
"03/28/2018","16.56","16.54","16.62","16.44","383.81K","-0.18%"
"03/27/2018","16.59","16.73","16.75","16.57","320.99K","-0.54%"
"03/26/2018","16.68","16.71","16.74","16.63","170.90K","-0.24%"
"03/23/2018","16.72","16.61","16.75","16.58","281.16K","1.21%"
"03/22/2018","16.52","16.58","16.60","16.51","675.32K","-1.20%"
"03/21/2018","16.72","16.53","16.75","16.50","322.60K","2.01%"
"03/20/2018","16.39","16.37","16.47","16.34","514.33K","0.99%"
"03/19/2018","16.23","16.29","16.32","16.14","200.01K","-0.67%"
"03/16/2018","16.34","16.21","16.37","16.17","217.68K","0.68%"
"03/15/2018","16.23","16.24","16.28","16.18","156.75K","0.19%"
"03/14/2018","16.20","16.22","16.27","16.12","155.34K","0.12%"
"03/13/2018","16.18","16.20","16.35","16.13","175.95K","-0.25%"
"03/12/2018","16.22","16.28","16.29","16.12","574.54K","-0.73%"
"03/09/2018","16.34","16.21","16.36","16.17","174.10K","1.30%"
"03/08/2018","16.13","16.23","16.29","16.07","474.21K","-0.80%"
"03/07/2018","16.26","16.40","16.45","16.16","121.28K","-1.16%"
"03/06/2018","16.45","16.54","16.54","16.43","1.22M","-0.18%"
"03/05/2018","16.48","16.23","16.49","16.20","389.20K","1.17%"
"03/02/2018","16.29","16.19","16.30","16.08","328.70K","-0.12%"
"03/01/2018","16.31","16.20","16.31","16.06","922.68K","0.25%"
"02/28/2018","16.27","16.56","16.61","16.27","295.67K","-1.57%"
"02/27/2018","16.53","16.69","16.69","16.52","273.62K","-1.08%"
"02/26/2018","16.71","16.63","16.75","16.57","1.49M","0.48%"
"02/23/2018","16.63","16.50","16.63","16.46","587.59K","0.97%"
"02/22/2018","16.47","16.34","16.53","16.30","1.50M","1.23%"
"02/21/2018","16.27","16.28","16.38","16.25","3.04M","-0.25%"
"02/20/2018","16.31","16.35","16.43","16.29","2.58M","0.00%"
"02/16/2018","16.31","16.24","16.36","16.20","848.88K","0.18%"
"02/15/2018","16.28","16.11","16.29","15.99","1.34M","0.68%"
"02/14/2018","16.17","15.83","16.20","15.76","818.50K","1.63%"
"02/13/2018","15.91","15.82","15.93","15.77","456.69K","0.19%"
"02/12/2018","15.88","15.93","16.00","15.86","1.10M","0.51%"
"02/09/2018","15.80","16.00","16.03","15.65","888.79K","-1.68%"
"02/08/2018","16.07","16.28","16.31","16.06","183.37K","-1.11%"
"02/07/2018","16.25","16.55","16.62","16.20","690.74K","-1.87%"
"02/06/2018","16.56","16.55","16.68","16.50","1.21M","-2.82%"
"02/05/2018","17.04","16.77","17.04","16.60","380.52K","1.01%"
"02/02/2018","16.87","16.95","16.95","16.77","819.92K","-1.35%"
"02/01/2018","17.10","16.96","17.11","16.90","1.69M","1.24%"
"01/31/2018","16.89","16.87","16.92","16.77","498.01K","0.06%"
"01/30/2018","16.88","16.98","16.98","16.85","309.76K","-0.94%"
"01/29/2018","17.04","17.07","17.09","16.98","288.22K","-0.70%"
"01/26/2018","17.16","17.04","17.19","17.02","336.85K","1.00%"
"01/25/2018","16.99","17.18","17.22","16.97","390.90K","-0.76%"
"01/24/2018","17.12","16.92","17.13","16.90","543.21K","1.24%"
"01/23/2018","16.91","16.80","16.91","16.79","531.18K","0.83%"
"01/22/2018","16.77","16.69","16.80","16.67","420.11K","0.42%"
"01/19/2018","16.70","16.69","16.75","16.63","299.95K","-0.18%"
"01/18/2018","16.73","16.74","16.78","16.66","316.72K","-0.18%"
"01/17/2018","16.76","16.66","16.78","16.66","341.17K","0.30%"
"01/16/2018","16.71","16.72","16.75","16.65","736.25K","-0.54%"
"01/12/2018","16.80","16.68","16.80","16.65","303.99K","0.72%"
"01/11/2018","16.68","16.69","16.79","16.67","556.73K","0.24%"
"01/10/2018","16.64","16.66","16.68","16.60","678.67K","0.36%"
"01/09/2018","16.58","16.50","16.62","16.40","340.29K","0.91%"
"01/08/2018","16.43","16.42","16.45","16.35","327.47K","0.18%"
"01/05/2018","16.40","16.43","16.46","16.36","319.17K","-0.85%"
"01/04/2018","16.54","16.54","16.58","16.50","244.04K","0.00%"
"01/03/2018","16.54","16.45","16.55","16.41","625.54K","1.04%"
"01/02/2018","16.37","16.41","16.41","16.30","686.42K","0.55%"
"12/29/2017","16.28","16.33","16.38","16.28","1.80M","0.06%"
"12/28/2017","16.27","16.23","16.27","16.20","261.28K","0.62%"
"12/27/2017","16.17","16.13","16.19","16.13","371.16K","0.25%"
"12/26/2017","16.13","15.97","16.19","15.92","169.93K","1.77%"
"12/22/2017","15.85","15.79","15.88","15.75","115.29K","0.32%"
"12/21/2017","15.80","15.71","15.82","15.70","79.07K","0.32%"
"12/20/2017","15.75","15.68","15.75","15.65","220.03K","0.77%"
"12/19/2017","15.63","15.62","15.66","15.57","182.48K","0.39%"
"12/18/2017","15.57","15.60","15.65","15.50","188.81K","0.26%"
"12/15/2017","15.53","15.56","15.56","15.48","146.42K","0.19%"
"12/14/2017","15.50","15.33","15.50","15.31","221.65K","0.65%"
"12/13/2017","15.40","15.51","15.52","15.36","426.27K","-0.58%"
"12/12/2017","15.49","15.65","15.66","15.40","131.23K","-0.77%"
"12/11/2017","15.61","15.57","15.66","15.54","129.03K","0.45%"
"12/08/2017","15.54","15.54","15.58","15.44","97.93K","0.91%"
"12/07/2017","15.40","15.32","15.41","15.31","131.08K","0.46%"
"12/06/2017","15.33","15.57","15.57","15.31","164.64K","-2.04%"
"12/05/2017","15.65","15.60","15.68","15.58","81.03K","0.00%"
"12/04/2017","15.65","15.75","15.75","15.63","235.82K","-1.39%"
"12/01/2017","15.87","15.81","15.97","15.81","164.81K","1.21%"
"11/30/2017","15.68","15.82","15.84","15.63","165.39K","-0.51%"
"11/29/2017","15.76","15.81","15.90","15.68","70.27K","-0.63%"
"11/28/2017","15.86","15.79","15.87","15.79","141.56K","-0.06%"
"11/27/2017","15.87","15.89","15.93","15.80","95.90K","-0.38%"
"11/24/2017","15.93","15.99","15.99","15.86","44.23K","0.44%"
"11/22/2017","15.86","15.73","15.88","15.73","278.21K","0.89%"
"11/21/2017","15.72","15.61","15.73","15.61","74.70K","0.58%"
"11/20/2017","15.63","15.62","15.64","15.52","58.51K","-0.64%"
"11/17/2017","15.73","15.59","15.75","15.59","125.62K","1.55%"
"11/16/2017","15.49","15.53","15.57","15.46","118.53K","-0.39%"
"11/15/2017","15.55","15.49","15.58","15.47","83.66K","0.00%"
"11/14/2017","15.55","15.76","15.78","15.51","432.19K","-1.58%"
"11/13/2017","15.80","15.86","15.90","15.80","89.76K","-0.38%"
"11/10/2017","15.86","15.91","15.95","15.81","107.09K","-0.25%"
"11/09/2017","15.90","15.95","15.99","15.88","619.46K","0.19%"
"11/08/2017","15.87","15.88","16.04","15.83","139.14K","-0.38%"
"11/07/2017","15.93","15.99","15.99","15.88","409.19K","-0.69%"
"11/06/2017","16.04","15.75","16.07","15.72","475.69K","2.10%"
"11/03/2017","15.71","15.60","15.72","15.50","123.88K","1.03%"
"11/02/2017","15.55","15.44","15.56","15.43","1.04M","0.45%"
"11/01/2017","15.48","15.56","15.64","15.43","2.80M","0.00%"
"10/31/2017","15.48","15.41","15.52","15.40","1.47M","0.32%"
"10/30/2017","15.43","15.37","15.47","15.37","81.53K","0.26%"
"10/27/2017","15.39","15.16","15.39","15.16","86.91K","0.98%"
"10/26/2017","15.24","15.15","15.25","15.08","44.10K","0.66%"
"10/25/2017","15.14","15.16","15.19","15.09","196.78K","-0.26%"
"10/24/2017","15.18","15.00","15.19","14.98","98.25K","1.07%"
"10/23/2017","15.02","15.07","15.07","14.99","79.91K","0.07%"
"10/20/2017","15.01","14.94","15.02","14.89","71.87K","0.54%"
"10/19/2017","14.93","14.95","14.99","14.85","568.35K","-0.86%"
"10/18/2017","15.06","15.12","15.12","14.99","120.78K","-0.13%"
"10/17/2017","15.08","15.11","15.14","14.98","90.97K","-0.13%"
"10/16/2017","15.10","15.20","15.20","15.07","175.85K","0.53%"
"10/13/2017","15.02","15.01","15.03","14.94","140.94K","1.08%"
"10/12/2017","14.86","14.79","14.90","14.78","140.23K","-0.47%"
"10/11/2017","14.93","14.90","14.93","14.82","123.94K","0.34%"
"10/10/2017","14.88","14.83","14.90","14.81","135.67K","1.64%"
"10/09/2017","14.64","14.68","14.69","14.61","56.34K","0.07%"
"10/06/2017","14.63","14.69","14.71","14.59","85.34K","-1.81%"
"10/05/2017","14.90","14.81","14.96","14.81","114.11K","1.43%"
"10/04/2017","14.69","14.77","14.80","14.69","136.82K","-0.27%"
"10/03/2017","14.73","14.76","14.76","14.71","104.32K","0.00%"
"10/02/2017","14.73","14.68","14.76","14.66","409.83K","-1.14%"
"09/29/2017","14.90","14.97","14.98","14.89","1.03M","-0.60%"
"09/28/2017","14.99","15.09","15.11","14.92","144.01K","-0.27%"
"09/27/2017","15.03","15.05","15.05","14.96","174.72K","0.13%"
"09/26/2017","15.01","15.07","15.07","14.96","130.55K","-0.73%"
"09/25/2017","15.12","14.95","15.14","14.95","120.85K","1.48%"
"09/22/2017","14.90","14.81","14.90","14.81","90.99K","0.20%"
"09/21/2017","14.87","14.87","14.88","14.78","63.98K","-0.27%"
"09/20/2017","14.91","14.80","14.94","14.80","121.34K","1.29%"
"09/19/2017","14.72","14.81","14.81","14.66","120.12K","-0.41%"
"09/18/2017","14.78","14.79","14.79","14.69","99.87K","0.00%"
"09/15/2017","14.78","14.75","14.83","14.75","631.81K","0.48%"
"09/14/2017","14.71","14.77","14.86","14.68","250.86K","0.00%"
"09/13/2017","14.71","14.55","14.71","14.55","241.44K","1.03%"
"09/12/2017","14.56","14.52","14.58","14.49","118.32K","0.34%"
"09/11/2017","14.51","14.43","14.54","14.39","294.91K","0.14%"
"09/08/2017","14.49","14.69","14.71","14.46","195.58K","-1.43%"
"09/07/2017","14.70","14.72","14.73","14.67","1.04M","-0.14%"
"09/06/2017","14.72","14.67","14.73","14.63","133.95K","1.10%"
"09/05/2017","14.56","14.59","14.65","14.56","113.04K","0.55%"
"09/01/2017","14.48","14.44","14.49","14.36","230.33K","0.14%"
"08/31/2017","14.46","14.18","14.49","14.18","502.45K","2.99%"
"08/30/2017","14.04","14.15","14.17","14.03","43.19K","-0.64%"
"08/29/2017","14.13","14.13","14.16","14.07","62.93K","-0.21%"
"08/28/2017","14.16","14.19","14.26","14.09","65.56K","-0.21%"
"08/25/2017","14.19","14.26","14.28","14.16","77.93K","-0.14%"
"08/24/2017","14.21","14.21","14.23","14.11","100.97K","-0.07%"
"08/23/2017","14.22","14.17","14.26","14.12","97.55K","0.64%"
"08/22/2017","14.13","14.20","14.20","14.10","45.28K","0.36%"
"08/21/2017","14.08","14.21","14.22","14.07","71.98K","-1.47%"
"08/18/2017","14.29","14.08","14.30","13.99","104.17K","2.07%"
"08/17/2017","14.00","13.96","14.06","13.93","84.00K","-0.14%"
"08/16/2017","14.02","14.18","14.18","14.00","176.69K","-0.71%"
"08/15/2017","14.12","14.04","14.12","14.02","86.58K","0.00%"
"08/14/2017","14.12","14.28","14.35","14.12","159.70K","-1.60%"
"08/11/2017","14.35","14.24","14.37","14.23","118.01K","0.63%"
"08/10/2017","14.26","14.59","14.59","14.26","120.01K","-1.59%"
"08/09/2017","14.49","14.48","14.52","14.43","152.44K","0.56%"
"08/08/2017","14.41","14.49","14.49","14.39","49.30K","-0.14%"
"08/07/2017","14.43","14.36","14.46","14.31","90.88K","-0.07%"
"08/04/2017","14.44","14.41","14.45","14.34","74.33K","0.49%"
"08/03/2017","14.37","14.49","14.55","14.36","126.24K","-0.96%"
"08/02/2017","14.51","14.44","14.51","14.34","444.90K","0.69%"
"08/01/2017","14.41","14.49","14.49","14.27","157.63K","-1.37%"
"07/31/2017","14.61","14.50","14.62","14.45","581.09K","0.62%"
"07/28/2017","14.52","14.49","14.56","14.48","173.38K","0.69%"
"07/27/2017","14.42","14.46","14.46","14.37","88.47K","0.56%"
"07/26/2017","14.34","14.27","14.36","14.18","122.81K","1.27%"
"07/25/2017","14.16","14.14","14.20","14.09","142.95K","1.43%"
"07/24/2017","13.96","13.96","13.98","13.92","214.19K","0.14%"
"07/21/2017","13.94","14.18","14.18","13.92","180.27K","-1.62%"
"07/20/2017","14.17","14.33","14.33","14.15","114.80K","-0.42%"
"07/19/2017","14.23","14.11","14.24","14.11","211.27K","1.28%"
"07/18/2017","14.05","14.12","14.15","14.00","213.75K","0.36%"
"07/17/2017","14.00","14.04","14.09","13.98","195.68K","-0.50%"
"07/14/2017","14.07","14.00","14.08","13.99","83.14K","1.08%"
"07/13/2017","13.92","13.91","13.98","13.88","110.18K","0.22%"
"07/12/2017","13.89","14.09","14.09","13.89","531.12K","-0.36%"
"07/11/2017","13.94","13.72","13.95","13.72","439.88K","1.16%"
"07/10/2017","13.78","13.70","13.84","13.70","536.21K","0.44%"
"07/07/2017","13.72","13.80","13.80","13.65","141.53K","-1.29%"
"07/06/2017","13.90","13.95","14.04","13.88","143.84K","0.22%"
"07/05/2017","13.87","14.08","14.12","13.85","186.22K","-1.91%"
"07/03/2017","14.14","14.09","14.19","14.09","57.07K","0.86%"
"06/30/2017","14.02","13.81","14.03","13.78","3.83M","2.34%"
"06/29/2017","13.70","13.69","13.78","13.66","190.75K","0.59%"
"06/28/2017","13.62","13.53","13.62","13.46","208.95K","0.89%"
"06/27/2017","13.50","13.49","13.56","13.43","465.75K","1.05%"
"06/26/2017","13.36","13.30","13.39","13.21","88.07K","0.53%"
"06/23/2017","13.29","13.27","13.31","13.21","422.50K","0.61%"
"06/22/2017","13.21","13.31","13.32","13.21","1.12M","0.15%"
"06/21/2017","13.19","13.45","13.49","13.16","1.18M","-1.64%"
"06/20/2017","13.41","13.39","13.42","13.30","429.22K","-1.11%"
"06/19/2017","13.56","13.70","13.70","13.54","93.45K","-0.80%"
"06/16/2017","13.67","13.66","13.68","13.62","2.89M","0.66%"
"06/15/2017","13.58","13.55","13.59","13.51","1.30M","0.07%"
"06/14/2017","13.57","13.82","13.89","13.55","1.14M","-2.16%"
"06/13/2017","13.87","13.78","13.87","13.74","159.90K","0.58%"
"06/12/2017","13.79","13.97","13.97","13.78","1.30M","-0.58%"
"06/09/2017","13.87","13.83","13.94","13.83","1.31M","0.29%"
"06/08/2017","13.83","13.81","13.92","13.80","1.29M","-0.14%"
"06/07/2017","13.85","14.05","14.10","13.81","267.43K","-1.91%"
"06/06/2017","14.12","13.99","14.13","13.98","195.19K","0.71%"
"06/05/2017","14.02","14.02","14.04","13.97","212.28K","-0.71%"
"06/02/2017","14.12","14.11","14.39","14.04","139.20K","-0.49%"
"06/01/2017","14.19","14.25","14.33","14.17","89.11K","-0.49%"
"05/31/2017","14.26","14.19","14.30","14.14","1.27M","-0.90%"
"05/30/2017","14.39","14.42","14.45","14.32","90.19K","-0.83%"
"05/26/2017","14.51","14.43","14.52","14.38","88.87K","1.04%"
"05/25/2017","14.36","14.73","14.76","14.35","164.40K","-2.64%"
"05/24/2017","14.75","14.76","14.83","14.70","96.63K","-0.34%"
"05/23/2017","14.80","14.84","14.84","14.76","83.39K","-0.13%"
"05/22/2017","14.82","14.80","14.87","14.80","436.06K","0.61%"
"05/19/2017","14.73","14.61","14.74","14.61","135.46K","1.94%"
"05/18/2017","14.45","14.35","14.49","14.31","177.08K","0.00%"
"05/17/2017","14.45","14.49","14.52","14.37","430.35K","0.49%"
"05/16/2017","14.38","14.47","14.49","14.35","221.46K","-0.35%"
"05/15/2017","14.43","14.54","14.54","14.39","349.29K","0.77%"
"05/12/2017","14.32","14.29","14.33","14.23","948.14K","0.49%"
"05/11/2017","14.25","14.27","14.29","14.20","47.96K","0.49%"
"05/10/2017","14.18","14.03","14.21","13.99","75.25K","1.94%"
"05/09/2017","13.91","14.04","14.04","13.89","85.86K","-0.86%"
"05/08/2017","14.03","14.01","14.06","13.90","55.33K","-0.07%"
"05/05/2017","14.04","13.95","14.10","13.93","210.23K","1.01%"
"05/04/2017","13.90","13.87","14.16","13.83","90.06K","-2.80%"
"05/03/2017","14.30","14.24","14.36","14.24","84.99K","0.00%"
"05/02/2017","14.30","14.46","14.46","14.25","165.29K","-1.11%"
"05/01/2017","14.46","14.44","14.48","14.41","343.58K","0.21%"
"04/28/2017","14.43","14.45","14.49","14.38","219.38K","0.07%"
"04/27/2017","14.42","14.31","14.42","14.25","249.55K","0.00%"
"04/26/2017","14.42","14.38","14.59","14.38","1.20M","-0.69%"
"04/25/2017","14.52","14.40","14.54","14.34","328.97K","0.90%"
"04/24/2017","14.39","14.45","14.45","14.36","141.25K","-0.48%"
"04/21/2017","14.46","14.64","14.67","14.42","346.97K","-1.30%"
"04/20/2017","14.65","14.75","14.75","14.61","194.92K","-0.41%"
"04/19/2017","14.71","15.01","15.05","14.63","241.10K","-2.06%"
"04/18/2017","15.02","15.01","15.07","14.92","145.55K","-0.53%"
"04/17/2017","15.10","15.16","15.19","15.08","172.36K","-0.46%"
"04/13/2017","15.17","15.17","15.21","15.13","125.49K","0.33%"
"04/12/2017","15.12","15.25","15.25","15.09","75.88K","-0.40%"
"04/11/2017","15.18","15.10","15.19","15.06","263.86K","0.20%"
"04/10/2017","15.15","15.11","15.15","15.07","173.86K","0.87%"
"04/07/2017","15.02","14.99","15.05","14.94","193.59K","0.40%"
"04/06/2017","14.96","14.94","14.97","14.91","121.17K","0.88%"
"04/05/2017","14.83","14.97","14.99","14.82","1.74M","-0.07%"
"04/04/2017","14.84","14.75","14.85","14.74","317.93K","1.16%"
"04/03/2017","14.67","14.79","14.82","14.66","4.19M","-1.01%"
"03/31/2017","14.82","14.67","14.82","14.67","2.54M","0.61%"
"03/30/2017","14.73","14.69","14.78","14.66","115.11K","0.55%"
"03/29/2017","14.65","14.51","14.66","14.51","462.89K","1.10%"
"03/28/2017","14.49","14.46","14.55","14.43","144.63K","0.69%"
"03/27/2017","14.39","14.32","14.39","14.24","208.88K","-0.28%"
"03/24/2017","14.43","14.39","14.44","14.37","261.30K","0.28%"
"03/23/2017","14.39","14.40","14.41","14.34","106.15K","-0.42%"
"03/22/2017","14.45","14.35","14.46","14.26","323.84K","0.00%"
"03/21/2017","14.45","14.55","14.60","14.42","383.95K","-0.76%"
"03/20/2017","14.56","14.54","14.63","14.53","213.29K","-0.21%"
"03/17/2017","14.59","14.59","14.65","14.55","376.95K","-0.07%"
"03/16/2017","14.60","14.62","14.63","14.54","434.56K","0.07%"
"03/15/2017","14.59","14.50","14.59","14.46","324.26K","1.18%"
"03/14/2017","14.42","14.36","14.42","14.29","537.93K","-0.41%"
"03/13/2017","14.48","14.51","14.54","14.45","411.08K","-0.21%"
"03/10/2017","14.51","14.66","14.66","14.47","209.66K","-1.16%"
"03/09/2017","14.68","14.74","14.76","14.53","300.05K","-0.88%"
"03/08/2017","14.81","15.12","15.22","14.77","219.69K","-2.76%"
"03/07/2017","15.23","15.37","15.38","15.22","113.60K","-0.52%"
"03/06/2017","15.31","15.35","15.38","15.27","116.38K","0.13%"
"03/03/2017","15.29","15.21","15.31","15.21","105.34K","0.53%"
"03/02/2017","15.21","15.28","15.32","15.18","187.11K","-1.74%"
"03/01/2017","15.48","15.51","15.54","15.43","445.03K","0.19%"
"02/28/2017","15.45","15.32","15.45","15.32","426.95K","0.32%"
"02/27/2017","15.40","15.54","15.54","15.38","133.11K","-0.13%"
"02/24/2017","15.42","15.40","15.47","15.39","153.45K","-0.32%"
"02/23/2017","15.47","15.59","15.61","15.45","89.78K","0.45%"
"02/22/2017","15.40","15.40","15.44","15.38","191.70K","-0.84%"
"02/21/2017","15.53","15.67","15.67","15.50","223.28K","0.52%"
"02/17/2017","15.45","15.39","15.48","15.39","278.14K","-0.32%"
"02/16/2017","15.50","15.56","15.59","15.43","133.91K","-0.19%"
"02/15/2017","15.53","15.51","15.61","15.51","179.39K","0.00%"
"02/14/2017","15.53","15.59","15.62","15.49","274.07K","0.39%"
"02/13/2017","15.47","15.53","15.55","15.47","214.04K","-1.28%"
"02/10/2017","15.67","15.67","15.73","15.66","133.84K","1.03%"
"02/09/2017","15.51","15.53","15.56","15.45","156.69K","0.45%"
"02/08/2017","15.44","15.33","15.47","15.29","234.02K","0.59%"
"02/07/2017","15.35","15.35","15.41","15.28","906.44K","-0.71%"
"02/06/2017","15.46","15.62","15.63","15.44","200.06K","-0.96%"
"02/03/2017","15.61","15.54","15.67","15.53","334.79K","-0.06%"
"02/02/2017","15.62","15.66","15.69","15.56","775.58K","0.00%"
"02/01/2017","15.62","15.53","15.67","15.47","4.23M","1.23%"
"01/31/2017","15.43","15.46","15.54","15.37","363.45K","0.59%"
"01/30/2017","15.34","15.37","15.37","15.30","150.23K","-0.90%"
"01/27/2017","15.48","15.50","15.50","15.38","163.82K","-0.83%"
"01/26/2017","15.61","15.59","15.69","15.58","196.13K","0.52%"
"01/25/2017","15.53","15.49","15.61","15.47","192.84K","-0.26%"
"01/24/2017","15.57","15.60","15.65","15.55","308.15K","0.06%"
"01/23/2017","15.56","15.42","15.58","15.42","172.14K","0.00%"
"01/20/2017","15.56","15.56","15.63","15.54","172.20K","1.17%"
"01/19/2017","15.38","15.42","15.46","15.34","68.45K","-0.19%"
"01/18/2017","15.41","15.46","15.56","15.30","185.09K","-1.34%"
"01/17/2017","15.62","15.80","15.80","15.60","172.08K","0.06%"
"01/13/2017","15.61","15.59","15.63","15.54","301.53K","-0.19%"
"01/12/2017","15.64","15.65","15.66","15.52","227.91K","1.56%"
"01/11/2017","15.40","15.30","15.50","15.09","308.27K","1.32%"
"01/10/2017","15.20","15.36","15.47","15.17","155.18K","-0.72%"
"01/09/2017","15.31","15.42","15.45","15.29","781.69K","-1.73%"
"01/06/2017","15.58","15.67","15.71","15.54","193.41K","-0.38%"
"01/05/2017","15.64","15.61","15.73","15.51","300.04K","0.64%"
"01/04/2017","15.54","15.42","15.59","15.34","426.53K","0.78%"
"01/03/2017","15.42","15.85","15.89","15.37","2.42M","-1.60%"
"12/30/2016","15.67","15.65","15.71","15.63","1.00M","-0.13%"
"12/29/2016","15.69","15.69","15.78","15.65","1.52M","0.13%"
"12/28/2016","15.67","15.69","15.71","15.63","165.06K","0.32%"
"12/27/2016","15.62","15.49","15.67","15.49","186.55K","1.43%"
"12/23/2016","15.40","15.36","15.43","15.32","101.68K","0.26%"
"12/22/2016","15.36","15.35","15.43","15.33","128.16K","0.00%"
"12/21/2016","15.36","15.43","15.49","15.29","201.09K","-0.39%"
"12/20/2016","15.42","15.47","15.50","15.37","164.05K","0.26%"
"12/19/2016","15.38","15.50","15.50","15.34","267.45K","-0.58%"
"12/16/2016","15.47","15.34","15.49","15.31","271.86K","0.91%"
"12/15/2016","15.33","15.23","15.39","15.20","202.68K","-0.07%"
"12/14/2016","15.34","15.49","15.61","15.32","308.45K","-1.60%"
"12/13/2016","15.59","15.65","15.65","15.51","209.69K","0.45%"
"12/12/2016","15.52","15.72","15.77","15.52","381.78K","0.65%"
"12/09/2016","15.42","15.39","15.43","15.34","219.57K","0.72%"
"12/08/2016","15.31","15.39","15.39","15.13","489.47K","0.79%"
"12/07/2016","15.19","15.21","15.31","15.17","228.77K","-0.85%"
"12/06/2016","15.32","15.25","15.38","15.25","136.13K","-0.26%"
"12/05/2016","15.36","15.48","15.50","15.35","363.98K","0.26%"
"12/02/2016","15.32","15.29","15.34","15.23","190.31K","0.59%"
"12/01/2016","15.23","15.18","15.37","15.17","346.75K","2.08%"
"11/30/2016","14.92","14.85","15.04","14.74","708.24K","4.56%"
"11/29/2016","14.27","14.31","14.37","14.22","180.53K","-2.53%"
"11/28/2016","14.64","14.65","14.76","14.60","172.23K","0.48%"
"11/25/2016","14.57","14.59","14.68","14.47","555.01K","-0.95%"
"11/23/2016","14.71","14.60","14.77","14.60","216.36K","0.14%"
"11/22/2016","14.69","14.73","14.80","14.56","114.31K","-0.27%"
"11/21/2016","14.73","14.52","14.74","14.52","152.38K","3.22%"
"11/18/2016","14.27","14.14","14.28","14.09","111.13K","0.99%"
"11/17/2016","14.13","14.32","14.36","14.10","132.60K","0.00%"
"11/16/2016","14.13","14.22","14.29","14.09","142.65K","-0.84%"
"11/15/2016","14.25","14.05","14.28","14.05","109.08K","2.52%"
"11/14/2016","13.90","13.87","13.92","13.70","461.75K","-0.07%"
"11/11/2016","13.91","14.07","14.14","13.87","128.38K","-1.63%"
"11/10/2016","14.14","14.18","14.26","14.12","166.93K","-1.19%"
"11/09/2016","14.31","14.21","14.35","14.12","164.79K","0.85%"
"11/08/2016","14.19","14.15","14.29","14.09","249.30K","-0.28%"
"11/07/2016","14.23","14.20","14.24","14.05","241.67K","0.85%"
"11/04/2016","14.11","14.10","14.20","14.02","140.40K","-0.84%"
"11/03/2016","14.23","14.35","14.37","14.17","159.53K","-0.91%"
"11/02/2016","14.36","14.40","14.45","14.24","358.59K","-1.58%"
"11/01/2016","14.59","14.68","14.75","14.49","532.10K","0.21%"
"10/31/2016","14.56","14.81","14.85","14.56","404.32K","-2.67%"
"10/28/2016","14.96","15.01","15.10","14.91","76.80K","-0.80%"
"10/27/2016","15.08","15.03","15.14","14.98","84.45K","0.80%"
"10/26/2016","14.96","14.92","15.09","14.89","351.30K","-0.66%"
"10/25/2016","15.06","15.12","15.19","15.03","121.42K","-0.86%"
"10/24/2016","15.19","15.03","15.19","15.01","107.11K","-0.07%"
"10/21/2016","15.20","15.14","15.20","15.10","458.24K","0.53%"
"10/20/2016","15.12","15.14","15.22","15.08","346.04K","-1.24%"
"10/19/2016","15.31","15.19","15.40","15.19","168.27K","0.92%"
"10/18/2016","15.17","15.21","15.23","15.11","122.50K","0.20%"
"10/17/2016","15.14","15.16","15.17","15.04","161.75K","-0.26%"
"10/14/2016","15.18","15.20","15.22","15.11","162.25K","-0.07%"
"10/13/2016","15.19","15.04","15.21","15.02","240.70K","0.73%"
"10/12/2016","15.08","15.09","15.18","15.07","82.90K","-0.98%"
"10/11/2016","15.23","15.31","15.31","15.16","154.51K","-0.46%"
"10/10/2016","15.30","15.18","15.43","15.18","104.02K","1.39%"
"10/07/2016","15.09","15.20","15.22","15.02","144.09K","-0.79%"
"10/06/2016","15.21","15.16","15.21","15.09","78.94K","0.60%"
"10/05/2016","15.12","15.13","15.15","15.02","472.99K","1.20%"
"10/04/2016","14.94","15.00","15.00","14.90","135.82K","0.13%"
"10/03/2016","14.92","14.83","14.96","14.72","241.71K","0.67%"
"09/30/2016","14.82","14.81","14.85","14.76","803.46K","0.41%"
"09/29/2016","14.76","14.72","14.85","14.64","175.01K","1.03%"
"09/28/2016","14.61","14.37","14.73","14.21","233.63K","2.53%"
"09/27/2016","14.25","14.28","14.34","14.19","110.55K","-1.45%"
"09/26/2016","14.46","14.42","14.58","14.42","58.06K","0.98%"
"09/23/2016","14.32","14.51","14.60","14.24","73.76K","-1.65%"
"09/22/2016","14.56","14.62","14.66","14.55","178.57K","0.55%"
"09/21/2016","14.48","14.35","14.49","14.35","116.83K","1.61%"
"09/20/2016","14.25","14.10","14.28","14.08","131.79K","0.49%"
"09/19/2016","14.18","14.22","14.32","14.15","68.68K","-0.14%"
"09/16/2016","14.20","14.03","14.20","14.03","81.73K","0.21%"
"09/15/2016","14.17","14.16","14.26","14.09","59.36K","0.50%"
"09/14/2016","14.10","14.21","14.32","14.07","245.07K","-1.12%"
"09/13/2016","14.26","14.41","14.41","14.26","47.94K","-1.86%"
"09/12/2016","14.53","14.31","14.62","14.31","58.61K","0.48%"
"09/09/2016","14.46","14.60","14.61","14.44","71.90K","-1.83%"
"09/08/2016","14.73","14.55","14.80","14.44","98.40K","2.22%"
"09/07/2016","14.41","14.30","14.44","14.24","469.29K","0.98%"
"09/06/2016","14.27","14.11","14.27","14.11","112.87K","0.71%"
"09/02/2016","14.17","14.15","14.25","14.15","87.91K","0.85%"
"09/01/2016","14.05","14.10","14.17","13.95","275.36K","-1.33%"
"08/31/2016","14.24","14.42","14.50","14.18","257.47K","-2.33%"
"08/30/2016","14.58","14.74","14.74","14.50","46.78K","-0.82%"
"08/29/2016","14.70","14.71","14.73","14.65","86.74K","-0.74%"
"08/26/2016","14.81","14.86","14.99","14.77","79.25K","-0.40%"
"08/25/2016","14.87","14.79","14.89","14.75","73.28K","0.47%"
"08/24/2016","14.80","14.91","14.97","14.73","152.90K","-1.27%"
"08/23/2016","14.99","14.78","15.04","14.75","145.54K","0.67%"
"08/22/2016","14.89","15.05","15.05","14.89","195.53K","-1.72%"
"08/19/2016","15.15","15.12","15.17","15.06","65.08K","-0.07%"
"08/18/2016","15.16","15.05","15.21","15.04","116.38K","1.27%"
"08/17/2016","14.97","14.86","14.98","14.75","263.33K","0.67%"
"08/16/2016","14.87","14.79","14.88","14.68","156.39K","0.81%"
"08/15/2016","14.75","14.60","14.75","14.59","340.29K","1.72%"
"08/12/2016","14.50","14.35","14.50","14.32","139.67K","1.40%"
"08/11/2016","14.30","14.06","14.37","14.04","614.12K","2.44%"
"08/10/2016","13.96","14.25","14.34","13.96","90.34K","-1.41%"
"08/09/2016","14.16","14.31","14.33","14.15","605.73K","-0.70%"
"08/08/2016","14.26","14.26","14.34","14.21","227.02K","0.99%"
"08/05/2016","14.12","14.07","14.13","13.97","297.11K","0.64%"
"08/04/2016","14.03","13.86","14.11","13.79","375.03K","0.50%"
"08/03/2016","13.96","13.68","13.96","13.65","167.89K","2.27%"
"08/02/2016","13.65","13.86","13.92","13.56","1.02M","-0.15%"
"08/01/2016","13.67","13.83","13.93","13.64","6.07M","-2.08%"
"07/29/2016","13.96","13.85","13.99","13.77","3.97M","0.50%"
"07/28/2016","13.89","14.02","14.04","13.86","368.87K","-0.86%"
"07/27/2016","14.01","14.24","14.27","13.97","780.62K","-1.41%"
"07/26/2016","14.21","14.21","14.25","14.14","151.19K","-0.28%"
"07/25/2016","14.25","14.28","14.31","14.21","98.94K","-1.25%"
"07/22/2016","14.43","14.41","14.44","14.31","353.70K","-0.35%"
"07/21/2016","14.48","14.55","14.68","14.46","68.15K","-0.89%"
"07/20/2016","14.61","14.56","14.73","14.52","151.04K","-0.41%"
"07/19/2016","14.67","14.80","14.80","14.67","204.14K","-1.08%"
"07/18/2016","14.83","14.74","14.86","14.40","365.24K","-0.74%"
"07/15/2016","14.94","15.00","15.07","14.90","98.38K","0.13%"
"07/14/2016","14.92","14.97","15.02","14.91","57.43K","0.47%"
"07/13/2016","14.85","15.09","15.13","14.79","63.95K","-1.72%"
"07/12/2016","15.11","15.02","15.15","14.87","249.91K","2.79%"
"07/11/2016","14.70","14.92","14.96","14.68","116.45K","-1.01%"
"07/08/2016","14.85","14.87","14.95","14.72","543.41K","0.88%"
"07/07/2016","14.72","15.37","15.38","14.70","402.89K","-3.35%"
"07/06/2016","15.23","15.01","15.25","14.91","342.05K","0.46%"
"07/05/2016","15.16","15.66","15.66","15.07","410.60K","-3.50%"
"07/01/2016","15.71","15.48","15.72","15.48","6.64M","1.22%"
"06/30/2016","15.52","15.61","15.69","15.48","870.49K","-1.08%"
"06/29/2016","15.69","15.51","15.81","15.51","1.43M","1.49%"
"06/28/2016","15.46","15.43","15.46","15.28","516.54K","1.78%"
"06/27/2016","15.19","15.18","15.20","15.02","439.47K","-0.72%"
"06/24/2016","15.30","15.19","15.38","15.19","577.66K","-3.10%"
"06/23/2016","15.79","15.74","15.79","15.63","94.91K","1.15%"
"06/22/2016","15.61","15.81","15.86","15.51","229.60K","-0.89%"
"06/21/2016","15.75","15.70","15.78","15.58","77.85K","-0.44%"
"06/20/2016","15.82","15.77","15.87","15.71","314.14K","1.02%"
"06/17/2016","15.66","15.49","15.67","15.46","215.11K","3.03%"
"06/16/2016","15.20","15.48","15.48","15.18","149.48K","-2.06%"
"06/15/2016","15.52","15.63","15.75","15.46","534.70K","-1.15%"
"06/14/2016","15.70","15.67","15.75","15.60","103.62K","-0.44%"
"06/13/2016","15.77","15.77","15.90","15.74","93.31K","-0.44%"
"06/10/2016","15.84","15.98","16.02","15.81","177.56K","-1.92%"
"06/09/2016","16.15","16.05","16.18","16.05","242.33K","-0.62%"
"06/08/2016","16.25","16.11","16.26","16.11","499.15K","1.75%"
"06/07/2016","15.97","15.85","15.98","15.85","101.14K","0.82%"
"06/06/2016","15.84","15.84","15.90","15.72","315.92K","1.08%"
"06/03/2016","15.67","15.69","15.74","15.55","344.73K","0.32%"
"06/02/2016","15.62","15.47","15.70","15.41","235.30K","0.32%"
"06/01/2016","15.57","15.28","15.58","15.25","628.15K","0.97%"
"05/31/2016","15.42","15.60","15.67","15.40","1.71M","-1.03%"
"05/27/2016","15.58","15.46","15.58","15.39","238.20K","0.39%"
"05/26/2016","15.52","15.59","15.61","15.44","200.42K","0.06%"
"05/25/2016","15.51","15.40","15.54","15.34","364.41K","1.24%"
"05/24/2016","15.32","15.26","15.42","15.25","176.19K","0.46%"
"05/23/2016","15.25","15.17","15.31","15.13","323.04K","-0.91%"
"05/20/2016","15.39","15.40","15.49","15.30","61.40K","0.13%"
"05/19/2016","15.37","15.24","15.38","15.12","155.31K","-0.13%"
"05/18/2016","15.39","15.46","15.62","15.37","408.24K","-1.22%"
"05/17/2016","15.58","15.40","15.58","15.39","454.98K","0.97%"
"05/16/2016","15.43","15.37","15.44","15.34","782.89K","1.85%"
"05/13/2016","15.15","15.09","15.17","15.03","62.06K","-0.20%"
"05/12/2016","15.18","15.20","15.21","15.00","293.34K","0.33%"
"05/11/2016","15.13","14.77","15.14","14.73","170.69K","2.23%"
"05/10/2016","14.80","14.50","14.81","14.50","113.76K","2.64%"
"05/09/2016","14.42","14.63","14.63","14.39","160.65K","-2.37%"
"05/06/2016","14.77","14.60","14.89","14.60","110.19K","0.68%"
"05/05/2016","14.67","14.99","15.00","14.61","70.35K","-0.20%"
"05/04/2016","14.70","14.83","14.88","14.57","150.35K","0.00%"
"05/03/2016","14.70","14.88","14.88","14.64","881.94K","-1.80%"
"05/02/2016","14.97","15.17","15.17","14.93","265.74K","-1.64%"
"04/29/2016","15.22","15.25","15.32","15.07","3.36M","0.79%"
"04/28/2016","15.10","15.06","15.19","15.02","114.45K","0.33%"
"04/27/2016","15.05","14.99","15.06","14.75","186.18K","1.42%"
"04/26/2016","14.84","14.71","14.84","14.66","784.52K","1.64%"
"04/25/2016","14.60","14.74","14.74","14.55","87.02K","-0.54%"
"04/22/2016","14.68","14.80","14.90","14.64","113.19K","-0.54%"
"04/21/2016","14.76","14.90","14.90","14.66","168.14K","-0.47%"
"04/20/2016","14.83","14.39","14.90","14.33","188.09K","2.21%"
"04/19/2016","14.51","14.32","14.52","14.32","101.67K","2.18%"
"04/18/2016","14.20","13.92","14.25","13.90","123.08K","-0.07%"
"04/15/2016","14.21","14.20","14.27","14.05","2.60M","-0.84%"
"04/14/2016","14.33","14.42","14.46","14.25","572.13K","-0.42%"
"04/13/2016","14.39","14.40","14.55","14.36","104.15K","-0.28%"
"04/12/2016","14.43","14.19","14.47","14.15","234.92K","2.63%"
"04/11/2016","14.06","14.02","14.11","13.98","513.59K","0.79%"
"04/08/2016","13.95","13.82","13.96","13.81","246.87K","3.26%"
"04/07/2016","13.51","13.48","13.52","13.36","76.49K","-0.30%"
"04/06/2016","13.55","13.35","13.59","13.33","165.11K","2.03%"
"04/05/2016","13.28","13.26","13.30","13.19","416.76K","-0.08%"
"04/04/2016","13.29","13.46","13.56","13.25","324.37K","-1.63%"
"04/01/2016","13.51","13.53","13.55","13.47","117.35K","-2.03%"
"03/31/2016","13.79","13.77","13.90","13.71","664.47K","0.15%"
"03/30/2016","13.77","14.01","14.05","13.76","181.69K","-0.79%"
"03/29/2016","13.88","13.78","13.88","13.72","135.41K","-0.72%"
"03/28/2016","13.98","13.96","13.98","13.88","685.64K","-0.07%"
"03/24/2016","13.99","13.80","14.00","13.77","446.28K","-0.36%"
"03/23/2016","14.04","14.19","14.26","14.01","135.96K","-2.50%"
"03/22/2016","14.40","14.28","14.41","14.28","106.58K","0.21%"
"03/21/2016","14.37","14.32","14.40","14.22","829.44K","0.42%"
"03/18/2016","14.31","14.47","14.54","14.28","679.04K","-0.49%"
"03/17/2016","14.38","14.35","14.42","14.19","5.31M","1.34%"
"03/16/2016","14.19","13.98","14.19","13.94","191.88K","2.31%"
"03/15/2016","13.87","13.89","13.89","13.79","324.80K","-0.93%"
"03/14/2016","14.00","13.97","14.02","13.85","151.07K","-1.13%"
"03/11/2016","14.16","14.17","14.26","14.11","140.06K","0.85%"
"03/10/2016","14.04","14.00","14.12","13.91","497.41K","-0.78%"
"03/09/2016","14.15","13.94","14.18","13.91","7.44M","2.69%"
"03/08/2016","13.78","14.05","14.05","13.76","364.06K","-1.92%"
"03/07/2016","14.05","13.76","14.08","13.73","318.63K","2.55%"
"03/04/2016","13.70","13.44","13.70","13.37","195.58K","2.62%"
"03/03/2016","13.35","13.23","13.38","13.21","191.59K","0.07%"
"03/02/2016","13.34","13.19","13.37","13.12","213.40K","0.76%"
"03/01/2016","13.24","13.15","13.29","13.07","381.81K","0.30%"
"02/29/2016","13.20","13.11","13.22","13.07","1.51M","1.30%"
"02/26/2016","13.03","13.29","13.35","12.97","100.48K","-0.15%"
"02/25/2016","13.05","12.91","13.12","12.72","138.92K","0.54%"
"02/24/2016","12.98","12.63","13.00","12.60","93.54K","1.41%"
"02/23/2016","12.80","12.98","12.98","12.74","57.24K","-1.99%"
"02/22/2016","13.06","13.05","13.12","13.00","201.93K","1.95%"
"02/19/2016","12.81","12.84","12.86","12.68","101.17K","-0.93%"
"02/18/2016","12.93","13.18","13.19","12.92","113.85K","-0.46%"
"02/17/2016","12.99","12.73","13.11","12.72","135.98K","2.85%"
"02/16/2016","12.63","12.82","12.85","12.58","254.26K","-0.71%"
"02/12/2016","12.72","12.57","12.78","12.46","220.58K","2.33%"
"02/11/2016","12.43","12.29","12.44","12.21","290.38K","0.81%"
"02/10/2016","12.33","12.31","12.55","12.30","339.45K","-0.80%"
"02/09/2016","12.43","12.65","12.74","12.31","164.12K","-2.89%"
"02/08/2016","12.80","12.95","12.95","12.74","157.35K","-1.46%"
"02/05/2016","12.99","13.06","13.16","12.90","695.09K","-1.14%"
"02/04/2016","13.14","13.42","13.48","13.10","279.87K","-0.90%"
"02/03/2016","13.26","13.01","13.27","12.79","407.20K","3.76%"
"02/02/2016","12.78","12.77","12.88","12.70","434.82K","-2.29%"
"02/01/2016","13.08","13.26","13.26","13.02","636.69K","-2.97%"
"01/29/2016","13.48","13.43","13.51","13.24","2.42M","0.75%"
"01/28/2016","13.38","13.45","13.45","13.20","268.45K","2.37%"
"01/27/2016","13.07","12.87","13.19","12.81","410.22K","1.55%"
"01/26/2016","12.87","12.77","13.08","12.76","500.22K","2.22%"
"01/25/2016","12.59","12.83","12.94","12.57","175.15K","-3.30%"
"01/22/2016","13.02","12.92","13.02","12.81","1.62M","3.91%"
"01/21/2016","12.53","12.28","12.59","12.17","784.17K","2.04%"
"01/20/2016","12.28","12.27","12.32","12.03","408.31K","-1.13%"
"01/19/2016","12.42","12.56","12.63","12.41","312.01K","-1.04%"
"01/15/2016","12.55","12.59","12.67","12.45","127.83K","-2.64%"
"01/14/2016","12.89","12.81","12.94","12.73","175.07K","0.47%"
"01/13/2016","12.83","12.97","13.08","12.76","862.27K","-0.77%"
"01/12/2016","12.93","13.08","13.14","12.76","143.83K","-0.23%"
"01/11/2016","12.96","13.33","13.34","12.95","265.50K","-3.43%"
"01/08/2016","13.42","13.51","13.51","13.36","552.35K","-0.15%"
"01/07/2016","13.44","13.42","13.68","13.37","236.78K","-0.96%"
"01/06/2016","13.57","13.69","13.78","13.55","234.98K","-2.93%"
"01/05/2016","13.98","14.07","14.11","13.96","137.74K","-0.99%"
"01/04/2016","14.12","14.37","14.48","14.04","359.53K","-0.77%"
"12/31/2015","14.23","14.04","14.38","14.04","3.80M","0.85%"
"12/30/2015","14.11","14.19","14.19","14.04","1.63M","-1.60%"
"12/29/2015","14.34","14.29","14.38","14.25","1.33M","1.92%"
"12/28/2015","14.07","14.12","14.16","14.04","855.55K","-1.54%"
"12/24/2015","14.29","14.28","14.33","14.24","106.78K","0.21%"
"12/23/2015","14.26","14.09","14.30","14.04","657.14K","2.59%"
"12/22/2015","13.90","13.90","14.00","13.87","499.32K","-0.22%"
"12/21/2015","13.93","13.88","14.02","13.84","347.32K","-0.36%"
"12/18/2015","13.98","14.00","14.19","13.95","978.12K","0.43%"
"12/17/2015","13.92","14.10","14.50","13.86","411.44K","-1.07%"
"12/16/2015","14.07","14.19","14.21","14.00","1.49M","-1.26%"
"12/15/2015","14.25","14.24","14.49","14.20","1.05M","0.64%"
"12/14/2015","14.16","14.10","14.33","14.06","770.31K","-1.05%"
"12/11/2015","14.31","14.52","14.53","14.28","218.92K","-1.51%"
"12/10/2015","14.53","14.57","14.70","14.53","331.69K","-0.62%"
"12/09/2015","14.62","14.72","14.94","14.49","370.08K","-0.14%"
"12/08/2015","14.64","14.64","14.87","14.57","308.77K","-0.88%"
"12/07/2015","14.77","15.07","15.10","14.70","476.93K","-3.78%"
"12/04/2015","15.35","15.30","15.43","15.26","576.33K","-0.52%"
"12/03/2015","15.43","15.27","15.59","15.20","219.39K","1.45%"
"12/02/2015","15.21","15.45","15.54","15.17","262.47K","-2.37%"
"12/01/2015","15.58","15.57","15.68","15.50","341.78K","0.45%"
"11/30/2015","15.51","15.71","15.77","15.50","1.15M","-0.77%"
"11/27/2015","15.63","15.63","15.76","15.60","80.42K","-1.64%"
"11/25/2015","15.89","15.81","15.91","15.65","205.42K","0.00%"
"11/24/2015","15.89","15.86","16.00","15.78","313.53K","1.40%"
"11/23/2015","15.67","15.54","15.78","15.51","173.51K","0.58%"
"11/20/2015","15.58","15.62","15.79","15.55","132.15K","-0.19%"
"11/19/2015","15.61","15.58","15.64","15.57","146.46K","0.06%"
"11/18/2015","15.60","15.68","15.68","15.44","187.33K","0.32%"
"11/17/2015","15.55","15.64","15.67","15.52","189.50K","-1.58%"
"11/16/2015","15.80","15.64","15.80","15.47","239.78K","0.57%"
"11/13/2015","15.71","15.86","15.86","15.64","172.07K","-1.26%"
"11/12/2015","15.91","15.97","16.14","15.88","374.70K","-1.73%"
"11/11/2015","16.19","16.44","16.44","16.12","101.31K","-1.04%"
"11/10/2015","16.36","16.37","16.52","16.32","251.26K","-0.37%"
"11/09/2015","16.42","16.58","16.58","16.35","593.75K","-1.14%"
"11/06/2015","16.61","16.60","16.64","16.51","96.47K","-0.72%"
"11/05/2015","16.73","16.83","16.93","16.68","317.08K","-1.36%"
"11/04/2015","16.96","17.30","17.30","16.90","157.43K","-2.08%"
"11/03/2015","17.32","17.09","17.38","17.09","217.47K","2.18%"
"11/02/2015","16.95","16.93","17.06","16.89","255.23K","-0.70%"
"10/30/2015","17.07","16.94","17.17","16.88","736.42K","1.01%"
"10/29/2015","16.90","16.96","17.06","16.87","97.73K","-0.53%"
"10/28/2015","16.99","16.60","17.01","16.59","84.42K","2.85%"
"10/27/2015","16.52","16.57","16.57","16.44","154.07K","-0.78%"
"10/26/2015","16.65","16.73","16.75","16.64","147.75K","-0.89%"
"10/23/2015","16.80","16.82","16.83","16.72","120.25K","-0.94%"
"10/22/2015","16.96","16.99","17.09","16.86","120.80K","0.36%"
"10/21/2015","16.90","16.89","16.97","16.79","472.15K","-0.88%"
"10/20/2015","17.05","17.00","17.11","16.95","92.14K","0.12%"
"10/19/2015","17.03","17.09","17.16","17.00","79.01K","-1.79%"
"10/16/2015","17.34","17.37","17.38","17.13","89.60K","0.06%"
"10/15/2015","17.33","17.22","17.35","17.07","147.45K","0.06%"
"10/14/2015","17.32","17.32","17.34","17.21","76.44K","0.12%"
"10/13/2015","17.30","17.41","17.58","17.26","87.92K","-0.92%"
"10/12/2015","17.46","17.91","17.91","17.40","210.95K","-2.51%"
"10/09/2015","17.91","17.96","18.02","17.85","91.87K","-0.06%"
"10/08/2015","17.92","17.72","17.99","17.65","218.85K","1.30%"
"10/07/2015","17.69","17.98","18.01","17.62","178.30K","-0.56%"
"10/06/2015","17.79","17.37","17.79","17.37","581.91K","2.95%"
"10/05/2015","17.28","17.25","17.34","17.22","174.41K","1.35%"
"10/02/2015","17.05","16.75","17.09","16.75","156.30K","0.47%"
"10/01/2015","16.97","17.32","17.39","16.89","347.73K","-0.64%"
"09/30/2015","17.08","17.03","17.22","16.91","434.98K","0.29%"
"09/29/2015","17.03","16.94","17.10","16.93","148.34K","0.77%"
"09/28/2015","16.90","16.99","17.06","16.87","85.11K","-1.63%"
"09/25/2015","17.18","17.19","17.26","17.07","105.69K","0.64%"
"09/24/2015","17.07","16.85","17.07","16.82","132.83K","0.59%"
"09/23/2015","16.97","17.29","17.44","16.92","76.26K","-1.22%"
"09/22/2015","17.18","17.08","17.23","16.98","142.09K","-0.52%"
"09/21/2015","17.27","17.13","17.31","17.13","98.13K","1.59%"
"09/18/2015","17.00","17.22","17.23","16.89","152.18K","-2.24%"
"09/17/2015","17.39","17.47","17.51","17.26","182.79K","-0.63%"
"09/16/2015","17.50","17.30","17.55","17.29","160.76K","2.04%"
"09/15/2015","17.15","17.12","17.16","17.02","120.95K","0.35%"
"09/14/2015","17.09","17.16","17.21","17.02","173.15K","-1.33%"
"09/11/2015","17.32","17.26","17.39","17.08","113.07K","-0.57%"
"09/10/2015","17.42","17.23","17.47","17.16","122.43K","1.34%"
"09/09/2015","17.19","17.56","17.60","17.17","148.66K","-1.88%"
"09/08/2015","17.52","17.43","17.58","17.22","159.18K","0.34%"
"09/04/2015","17.46","17.58","17.64","17.42","134.59K","-1.36%"
"09/03/2015","17.70","17.65","18.01","17.54","273.12K","0.74%"
"09/02/2015","17.57","17.58","17.67","17.04","631.67K","1.44%"
"09/01/2015","17.32","17.87","17.90","17.29","340.33K","-4.68%"
"08/31/2015","18.17","17.35","18.34","17.10","1.15M","3.71%"
"08/28/2015","17.52","16.96","17.64","16.91","198.49K","3.61%"
"08/27/2015","16.91","16.39","16.93","16.37","199.53K","4.71%"
"08/26/2015","16.15","16.22","16.23","16.04","176.16K","-0.06%"
"08/25/2015","16.16","16.54","16.54","16.15","747.40K","0.31%"
"08/24/2015","16.11","15.97","16.38","15.90","730.29K","-3.24%"
"08/21/2015","16.65","16.85","16.85","16.56","229.65K","-1.54%"
"08/20/2015","16.91","17.05","17.12","16.89","226.78K","-0.24%"
"08/19/2015","16.95","17.30","17.31","16.91","544.23K","-2.08%"
"08/18/2015","17.31","17.24","17.38","17.21","189.77K","-0.23%"
"08/17/2015","17.35","17.43","17.47","17.31","265.89K","-0.34%"
"08/14/2015","17.41","17.51","17.58","17.40","110.18K","-0.63%"
"08/13/2015","17.52","17.59","17.61","17.45","303.14K","-0.85%"
"08/12/2015","17.67","17.76","17.81","17.54","135.69K","-0.06%"
"08/11/2015","17.68","17.66","17.69","17.52","859.40K","-1.50%"
"08/10/2015","17.95","17.60","18.01","17.60","158.55K","2.28%"
"08/07/2015","17.55","17.58","17.64","17.50","60.19K","-0.79%"
"08/06/2015","17.69","17.66","17.70","17.56","121.42K","-0.39%"
"08/05/2015","17.76","17.92","18.02","17.64","112.11K","-0.56%"
"08/04/2015","17.86","17.85","17.94","17.77","151.83K","0.79%"
"08/03/2015","17.72","17.84","17.94","17.69","221.98K","-2.21%"
"07/31/2015","18.12","18.46","18.46","18.08","537.00K","-1.68%"
"07/30/2015","18.43","18.52","18.57","18.39","94.69K","-0.32%"
"07/29/2015","18.49","18.37","18.62","18.33","104.76K","0.60%"
"07/28/2015","18.38","18.34","18.53","18.21","549.59K","0.99%"
"07/27/2015","18.20","18.37","18.40","18.17","105.80K","-2.15%"
"07/24/2015","18.60","18.71","18.71","18.52","80.91K","-1.01%"
"07/23/2015","18.79","19.00","19.06","18.72","74.05K","-0.84%"
"07/22/2015","18.95","19.10","19.21","18.93","91.12K","-1.71%"
"07/21/2015","19.28","19.22","19.36","19.16","109.20K","0.47%"
"07/20/2015","19.19","19.30","19.33","19.17","98.00K","-1.39%"
"07/17/2015","19.46","19.51","19.51","19.32","95.01K","-0.26%"
"07/16/2015","19.51","19.69","19.69","19.47","120.20K","-0.36%"
"07/15/2015","19.58","19.74","19.82","19.52","111.11K","-1.71%"
"07/14/2015","19.92","19.75","19.98","19.70","201.64K","0.20%"
"07/13/2015","19.88","19.77","20.04","19.70","122.67K","-0.55%"
"07/10/2015","19.99","19.97","20.06","19.84","116.23K","0.05%"
"07/09/2015","19.98","20.00","20.09","19.88","1.63M","1.47%"
"07/08/2015","19.69","19.81","19.85","19.52","115.62K","-0.56%"
"07/07/2015","19.80","19.81","19.87","19.29","197.98K","-0.20%"
"07/06/2015","19.84","20.16","20.16","19.73","194.07K","-4.39%"
"07/02/2015","20.75","20.86","21.00","20.72","116.33K","-0.10%"
"07/01/2015","20.77","20.90","20.96","20.70","602.09K","-1.61%"
"06/30/2015","21.11","20.82","21.21","20.81","204.44K","1.93%"
"06/29/2015","20.71","20.71","20.83","20.68","114.66K","-0.96%"
"06/26/2015","20.91","20.81","20.99","20.77","99.79K","0.43%"
"06/25/2015","20.82","20.82","20.87","20.74","160.83K","-0.24%"
"06/24/2015","20.87","21.02","21.17","20.82","303.03K","-1.09%"
"06/23/2015","21.10","20.75","21.11","20.75","138.30K","1.49%"
"06/22/2015","20.79","20.61","20.81","20.52","278.51K","0.34%"
"06/19/2015","20.72","20.75","20.77","20.60","78.33K","-1.24%"
"06/18/2015","20.98","21.00","21.06","20.90","86.20K","0.10%"
"06/17/2015","20.96","21.16","21.25","20.72","108.18K","0.05%"
"06/16/2015","20.95","20.89","20.95","20.82","56.93K","0.38%"
"06/15/2015","20.87","20.85","20.93","20.80","893.05K","-0.81%"
"06/12/2015","21.04","21.14","21.21","21.00","84.10K","-1.13%"
"06/11/2015","21.28","21.41","21.41","21.22","90.04K","-0.98%"
"06/10/2015","21.49","21.51","21.59","21.35","252.71K","1.13%"
"06/09/2015","21.25","21.17","21.32","21.17","69.52K","2.07%"
"06/08/2015","20.82","20.83","20.88","20.73","98.30K","-0.29%"
"06/05/2015","20.88","20.50","20.91","20.43","128.75K","0.63%"
"06/04/2015","20.75","20.88","20.95","20.66","113.49K","-1.33%"
"06/03/2015","21.03","21.30","21.35","20.97","128.50K","-1.91%"
"06/02/2015","21.44","21.26","21.44","21.20","81.46K","1.23%"
"06/01/2015","21.18","21.19","21.25","21.01","102.95K","0.09%"
"05/29/2015","21.16","20.79","21.24","20.79","1.57M","1.88%"
"05/28/2015","20.77","20.58","20.78","20.47","362.50K","0.63%"
"05/27/2015","20.64","20.72","20.87","20.60","239.28K","-1.39%"
"05/26/2015","20.93","21.13","21.15","20.84","125.52K","-2.10%"
"05/22/2015","21.38","21.38","21.50","21.33","87.22K","-1.34%"
"05/21/2015","21.67","21.50","21.72","21.48","139.39K","1.88%"
"05/20/2015","21.27","21.25","21.31","21.20","159.39K","0.38%"
"05/19/2015","21.19","21.46","21.46","21.12","169.54K","-2.31%"
"05/18/2015","21.69","21.77","21.77","21.59","127.06K","-0.69%"
"05/15/2015","21.84","21.63","21.84","21.52","101.10K","0.14%"
"05/14/2015","21.81","21.86","21.94","21.71","346.54K","0.28%"
"05/13/2015","21.75","21.95","22.01","21.73","215.51K","-0.18%"
"05/12/2015","21.79","21.52","21.86","21.48","117.50K","1.54%"
"05/11/2015","21.46","21.56","21.56","21.38","89.85K","-0.60%"
"05/08/2015","21.59","21.51","21.60","21.30","119.72K","0.75%"
"05/07/2015","21.43","21.82","21.84","21.38","156.27K","-2.10%"
"05/06/2015","21.89","22.09","22.34","21.85","183.63K","-0.05%"
"05/05/2015","21.90","21.86","22.04","21.85","148.16K","1.44%"
"05/04/2015","21.59","21.53","21.62","21.46","268.24K","-0.23%"
"05/01/2015","21.64","21.55","21.64","21.41","421.56K","0.05%"
"04/30/2015","21.63","21.51","21.68","21.37","129.72K","1.12%"
"04/29/2015","21.39","21.08","21.57","21.08","92.07K","1.28%"
"04/28/2015","21.12","21.12","21.24","21.04","184.22K","0.19%"
"04/27/2015","21.08","21.18","21.23","21.01","145.60K","-0.43%"
"04/24/2015","21.17","21.11","21.20","21.02","121.65K","0.14%"
"04/23/2015","21.14","20.85","21.25","20.84","144.18K","2.03%"
"04/22/2015","20.72","20.78","20.86","20.66","140.08K","0.10%"
"04/21/2015","20.70","20.88","20.94","20.65","106.76K","-1.10%"
"04/20/2015","20.93","20.88","21.08","20.79","191.77K","-0.48%"
"04/17/2015","21.03","21.09","21.20","20.88","177.05K","-0.52%"
"04/16/2015","21.14","20.90","21.25","20.77","99.91K","1.15%"
"04/15/2015","20.90","20.46","20.99","20.40","230.54K","2.85%"
"04/14/2015","20.32","20.21","20.39","20.17","124.34K","1.04%"
"04/13/2015","20.11","20.28","20.32","20.01","196.76K","0.00%"
"04/10/2015","20.11","20.04","20.15","20.02","250.55K","1.26%"
"04/09/2015","19.86","19.96","20.17","19.85","351.94K","-0.05%"
"04/08/2015","19.87","20.37","20.37","19.75","494.80K","-3.17%"
"04/07/2015","20.52","20.21","20.58","20.15","189.03K","1.28%"
"04/06/2015","20.26","20.00","20.37","19.90","159.94K","2.32%"
"04/02/2015","19.80","19.75","19.89","19.54","212.81K","-0.70%"
"04/01/2015","19.94","19.60","20.08","19.51","351.50K","2.26%"
"03/31/2015","19.50","19.58","19.73","19.44","133.99K","-1.22%"
"03/30/2015","19.74","19.76","19.86","19.55","94.07K","0.25%"
"03/27/2015","19.69","20.11","20.11","19.66","166.74K","-3.00%"
"03/26/2015","20.30","20.18","20.38","20.05","163.49K","2.27%"
"03/25/2015","19.85","19.80","19.99","19.65","131.90K","1.02%"
"03/24/2015","19.65","19.74","19.77","19.61","227.42K","-0.76%"
"03/23/2015","19.80","19.61","19.81","19.54","133.52K","1.49%"
"03/20/2015","19.51","19.51","19.64","19.31","212.26K","1.30%"
"03/19/2015","19.26","19.24","19.36","19.10","288.28K","-2.28%"
"03/18/2015","19.71","18.87","19.71","18.83","66.08K","3.68%"
"03/17/2015","19.01","19.00","19.12","18.87","147.81K","-1.04%"
"03/16/2015","19.21","19.18","19.25","18.90","228.28K","-0.57%"
"03/13/2015","19.32","19.70","19.70","19.31","243.55K","-2.72%"
"03/12/2015","19.86","20.11","20.15","19.76","1.02M","-1.05%"
"03/11/2015","20.07","20.01","20.53","19.83","262.59K","0.30%"
"03/10/2015","20.01","20.10","20.13","19.89","155.56K","-1.72%"
"03/09/2015","20.36","20.39","20.60","20.33","86.17K","-0.39%"
"03/06/2015","20.44","20.57","20.61","20.36","579.93K","-1.21%"
"03/05/2015","20.69","20.78","20.84","20.61","197.87K","-0.62%"
"03/04/2015","20.82","20.76","20.87","20.52","91.55K","0.19%"
"03/03/2015","20.78","20.77","20.86","20.63","181.27K","0.78%"
"03/02/2015","20.62","20.71","20.93","20.50","122.42K","-1.20%"
"02/27/2015","20.87","20.60","21.01","20.60","340.26K","1.02%"
"02/26/2015","20.66","20.70","20.84","20.46","1.06M","-1.10%"
"02/25/2015","20.89","20.52","20.92","20.40","193.66K","2.40%"
"02/24/2015","20.40","20.60","20.70","20.37","230.28K","-0.20%"
"02/23/2015","20.44","20.47","20.67","20.36","677.88K","-1.35%"
"02/20/2015","20.72","20.92","20.94","20.69","273.75K","-0.62%"
"02/19/2015","20.85","20.45","20.99","20.41","258.28K","-0.05%"
"02/18/2015","20.86","21.02","21.15","20.81","154.02K","-1.70%"
"02/17/2015","21.22","21.19","21.34","20.82","207.22K","0.19%"
"02/13/2015","21.18","21.13","21.24","21.07","157.61K","2.07%"
"02/12/2015","20.75","20.56","20.87","20.45","126.36K","2.27%"
"02/11/2015","20.29","20.33","20.35","20.04","109.78K","-1.41%"
"02/10/2015","20.58","20.93","20.93","20.42","109.98K","-1.81%"
"02/09/2015","20.96","20.91","21.11","20.85","200.22K","0.91%"
"02/06/2015","20.77","20.65","20.94","20.59","132.01K","1.32%"
"02/05/2015","20.50","20.17","20.70","20.17","227.76K","1.94%"
"02/04/2015","20.11","20.54","20.54","19.90","262.85K","-3.36%"
"02/03/2015","20.81","20.36","21.11","20.35","364.58K","3.48%"
"02/02/2015","20.11","20.04","20.13","19.77","681.32K","2.08%"
"01/30/2015","19.70","19.00","19.89","18.97","2.61M","3.63%"
"01/29/2015","19.01","19.07","19.07","18.81","123.69K","0.00%"
"01/28/2015","19.01","19.20","19.29","18.96","675.18K","-1.60%"
"01/27/2015","19.32","19.11","19.42","19.09","328.84K","1.10%"
"01/26/2015","19.11","19.17","19.35","19.07","194.74K","-0.42%"
"01/23/2015","19.19","19.27","19.39","19.17","439.37K","-0.93%"
"01/22/2015","19.37","19.54","19.58","19.25","203.89K","-0.56%"
"01/21/2015","19.48","19.50","19.59","19.35","241.36K","0.72%"
"01/20/2015","19.34","19.44","19.48","19.27","731.37K","-2.42%"
"01/16/2015","19.82","19.54","19.83","19.48","271.52K","2.27%"
"01/15/2015","19.38","19.96","19.98","19.36","475.52K","-1.77%"
"01/14/2015","19.73","19.29","19.79","19.15","476.03K","1.86%"
"01/13/2015","19.37","19.39","19.41","19.10","810.89K","-0.77%"
"01/12/2015","19.52","19.81","19.81","19.49","164.97K","-2.74%"
"01/09/2015","20.07","20.19","20.22","19.89","270.34K","-1.08%"
"01/08/2015","20.29","20.23","20.35","20.02","345.94K","0.35%"
"01/07/2015","20.22","20.35","20.47","20.10","317.03K","-0.30%"
"01/06/2015","20.28","20.55","20.64","20.23","382.02K","-1.65%"
"01/05/2015","20.62","20.94","20.94","20.62","213.36K","-2.83%"
"01/02/2015","21.22","21.27","21.43","21.14","337.06K","-1.67%"