"Date","Price","Open","High","Low","Vol.","Change %"
"08/17/2026","715.68","715.24","716.62","714.03","201.99K","-0.17%"
"08/14/2026","716.91","714.83","717.35","712.57","440.58K","0.32%"
"08/13/2026","714.60","713.62","715.45","711.62","330.48K","0.40%"
"08/12/2026","711.72","713.40","713.57","708.24","367.64K","0.38%"
"08/11/2026","709.05","707.80","712.43","707.49","385.29K","0.29%"
"08/10/2026","706.98","708.43","709.66","705.86","411.33K","-0.31%"
"08/07/2026","709.16","705.78","710.31","704.55","531.74K","1.37%"
"08/06/2026","699.57","702.03","707.33","699.43","503.61K","-0.34%"
"08/05/2026","701.98","707.74","710.42","701.86","809.07K","-0.64%"
"08/04/2026","706.48","697.65","707.60","694.85","1.38M","1.79%"
"08/03/2026","694.09","687.64","694.25","686.58","578.17K","1.13%"
"07/31/2026","686.32","690.08","691.20","680.68","573.11K","-0.13%"
"07/30/2026","687.19","687.61","687.87","679.11","465.44K","0.89%"
"07/29/2026","681.16","691.15","691.59","680.57","861.79K","-1.70%"
"07/28/2026","692.97","691.20","694.00","689.15","477.69K","0.02%"
"07/27/2026","692.85","694.27","698.24","688.17","615.70K","0.31%"
"07/24/2026","690.71","691.18","695.52","688.57","557.95K","0.40%"
"07/23/2026","687.93","686.00","690.56","683.79","479.21K","-0.32%"
"07/22/2026","690.13","688.91","694.09","688.91","410.88K","-0.04%"
"07/21/2026","690.43","686.98","690.91","683.70","682.61K","1.04%"
"07/20/2026","683.34","691.46","692.45","683.10","1.01M","-0.79%"
"07/17/2026","688.75","686.49","693.27","684.79","572.23K","-0.61%"
"07/16/2026","692.99","686.35","695.26","686.35","581.85K","0.51%"
"07/15/2026","689.49","690.99","693.30","685.81","453.50K","0.04%"
"07/14/2026","689.19","691.50","693.49","687.16","648.99K","0.47%"
"07/13/2026","685.98","689.53","691.22","684.44","566.89K","-0.56%"
"07/10/2026","689.82","691.41","692.48","685.12","613.36K","-0.06%"
"07/09/2026","690.22","686.15","694.11","686.14","487.40K","1.28%"
"07/08/2026","681.47","683.47","684.44","675.55","498.43K","-0.97%"
"07/07/2026","688.12","694.95","696.36","686.42","593.60K","-1.23%"
"07/06/2026","696.66","695.06","698.96","694.50","431.84K","0.43%"
"07/02/2026","693.70","699.80","704.45","687.29","677.12K","-0.48%"
"07/01/2026","697.07","699.90","703.74","695.64","1.02M","-0.89%"
"06/30/2026","703.34","698.29","704.17","696.55","1.27M","0.78%"
"06/29/2026","697.92","696.28","698.03","689.55","951.94K","0.38%"
"06/26/2026","695.29","693.38","697.80","690.98","1.24M","-0.30%"
"06/25/2026","697.38","696.53","703.36","693.95","794.41K","0.92%"
"06/24/2026","691.05","687.94","695.67","687.81","880.42K","0.62%"
"06/23/2026","686.82","683.91","692.26","682.14","582.91K","-1.01%"
"06/22/2026","693.83","693.22","695.85","691.49","725.47K","0.41%"
"06/18/2026","691.00","691.04","692.43","686.26","761.13K","0.75%"
"06/17/2026","685.87","694.60","699.99","684.30","1.37M","-1.22%"
"06/16/2026","694.32","698.08","701.31","693.37","868.75K","-0.30%"
"06/15/2026","696.41","702.54","704.12","695.03","947.62K","0.38%"
"06/12/2026","693.74","692.10","696.98","688.72","1.02M","0.71%"
"06/11/2026","688.85","676.35","689.58","675.52","1.48M","2.53%"
"06/10/2026","671.84","679.30","686.73","671.67","677.34K","-1.44%"
"06/09/2026","681.68","681.48","689.67","666.80","1.46M","0.80%"
"06/08/2026","676.25","679.32","681.36","675.41","504.85K","0.25%"
"06/05/2026","674.59","683.61","684.14","672.30","518.89K","-1.95%"
"06/04/2026","687.98","685.40","690.03","684.22","602.20K","0.36%"
"06/03/2026","685.50","683.09","687.10","681.41","789.58K","-0.09%"
"06/02/2026","686.15","678.73","686.16","678.46","689.62K","0.90%"
"06/01/2026","680.02","677.20","682.04","674.49","639.81K","-0.09%"
"05/29/2026","680.61","679.80","682.54","677.68","509.48K","0.20%"
"05/28/2026","679.25","676.30","681.53","672.89","714.51K","0.10%"
"05/27/2026","678.56","682.89","682.98","677.98","488.85K","-0.37%"
"05/26/2026","681.07","676.10","681.24","674.31","766.65K","1.55%"
"05/22/2026","670.65","668.65","672.53","665.93","729.94K","0.81%"
"05/21/2026","665.25","660.63","667.12","655.92","519.35K","0.12%"
"05/20/2026","664.43","655.85","664.58","650.84","516.57K","1.89%"
"05/19/2026","652.12","655.51","656.36","649.37","486.05K","-0.95%"
"05/18/2026","658.38","661.73","664.46","656.21","586.02K","-0.14%"
"05/15/2026","659.29","663.62","665.18","658.23","676.55K","-1.63%"
"05/14/2026","670.19","670.53","673.27","667.42","560.15K","0.42%"
"05/13/2026","667.42","670.68","670.68","663.72","695.44K","-0.24%"
"05/12/2026","669.05","672.33","672.33","661.17","533.59K","-0.68%"
"05/11/2026","673.63","676.20","677.25","672.40","392.91K","-0.24%"
"05/08/2026","675.24","676.80","677.23","672.77","328.04K","0.43%"
"05/07/2026","672.37","684.97","685.50","671.48","606.31K","-1.25%"
"05/06/2026","680.90","677.58","681.76","675.59","665.64K","1.80%"
"05/05/2026","668.83","664.62","669.70","662.97","341.75K","1.29%"
"05/04/2026","660.32","662.53","666.59","657.22","541.09K","-0.61%"
"05/01/2026","664.35","667.05","668.07","663.19","566.14K","0.03%"
"04/30/2026","664.17","655.82","664.98","655.05","463.75K","1.66%"
"04/29/2026","653.32","658.07","659.31","650.41","638.37K","-0.73%"
"04/28/2026","658.14","663.97","665.67","656.15","569.07K","-1.00%"
"04/27/2026","664.80","665.20","668.89","662.38","416.03K","0.05%"
"04/24/2026","664.47","665.25","667.77","661.20","579.16K","0.22%"
"04/23/2026","663.01","662.65","666.10","655.41","704.42K","-0.01%"
"04/22/2026","663.09","672.75","672.75","661.37","570.26K","-0.38%"
"04/21/2026","665.62","670.96","675.77","664.09","621.45K","-0.59%"
"04/20/2026","669.58","663.63","669.94","663.63","861.92K","0.62%"
"04/17/2026","665.43","659.09","669.70","658.59","696.89K","1.95%"
"04/16/2026","652.71","652.27","656.13","650.19","455.01K","0.20%"
"04/15/2026","651.40","652.79","654.55","649.41","527.27K","-0.30%"
"04/14/2026","653.39","652.03","654.93","648.83","450.09K","0.51%"
"04/13/2026","650.09","640.59","650.56","640.06","812.54K","1.09%"
"04/10/2026","643.10","646.56","646.88","642.19","804.06K","-0.32%"
"04/09/2026","645.16","641.04","647.77","640.25","831.86K","0.23%"
"04/08/2026","643.68","643.12","647.81","640.52","1.17M","2.84%"
"04/07/2026","625.89","623.13","629.00","621.71","1.02M","0.11%"
"04/06/2026","625.20","621.30","625.46","618.11","526.87K","0.45%"
"04/02/2026","622.40","612.19","628.14","610.83","561.67K","0.10%"
"04/01/2026","621.79","619.88","626.14","619.88","1.12M","0.82%"
"03/31/2026","616.76","606.58","620.52","604.60","1.48M","2.96%"
"03/30/2026","599.03","610.43","610.43","597.03","1.31M","-0.79%"
"03/27/2026","603.80","610.30","612.03","602.50","1.02M","-1.62%"
"03/26/2026","613.77","616.38","623.49","613.36","1.01M","-1.48%"
"03/25/2026","623.00","623.70","626.35","615.78","1.26M","0.84%"
"03/24/2026","617.79","607.68","620.86","607.20","1.30M","0.84%"
"03/23/2026","612.67","613.98","622.60","610.59","2.52M","1.86%"
"03/20/2026","601.47","612.98","614.62","597.15","2.27M","-2.48%"
"03/19/2026","616.76","608.07","620.22","607.53","1.46M","0.25%"
"03/18/2026","615.23","618.33","623.15","615.03","1.18M","-0.93%"
"03/17/2026","621.00","618.90","624.37","618.41","792.63K","0.91%"
"03/16/2026","615.40","617.85","622.75","615.03","2.21M","0.72%"
"03/13/2026","611.01","615.30","619.21","609.22","5.58M","-0.12%"
"03/12/2026","611.77","618.00","620.38","611.39","1.60M","-2.04%"
"03/11/2026","624.53","623.32","628.00","620.31","1.10M","-0.30%"
"03/10/2026","626.44","628.29","636.58","625.63","1.36M","-0.44%"
"03/09/2026","629.24","617.84","630.68","608.92","2.10M","0.99%"
"03/06/2026","623.08","627.49","627.49","620.09","1.43M","-2.34%"
"03/05/2026","637.98","641.51","647.01","633.32","2.06M","-1.38%"
"03/04/2026","646.94","649.83","651.79","642.12","957.21K","-0.01%"
"03/03/2026","647.01","642.94","649.81","632.24","2.80M","-1.72%"
"03/02/2026","658.36","647.48","659.72","647.08","1.67M","0.85%"
"02/27/2026","652.82","650.82","652.89","646.71","1.03M","-0.81%"
"02/26/2026","658.14","657.35","660.08","650.81","916.66K","0.38%"
"02/25/2026","655.64","657.92","657.92","650.76","728.77K","0.37%"
"02/24/2026","653.22","647.10","654.17","646.34","688.04K","0.94%"
"02/23/2026","647.12","655.53","656.78","643.36","1.03M","-1.74%"
"02/20/2026","658.61","652.12","662.65","652.12","975.07K","0.63%"
"02/19/2026","654.50","651.52","654.81","649.94","614.37K","-0.02%"
"02/18/2026","654.63","651.90","659.21","650.00","1.29M","0.44%"
"02/17/2026","651.76","649.98","653.64","643.63","1.06M","0.17%"
"02/13/2026","650.66","644.47","654.09","640.45","920.61K","0.96%"
"02/12/2026","644.50","658.04","662.60","641.11","1.19M","-1.41%"
"02/11/2026","653.71","658.83","661.18","649.96","818.59K","-0.25%"
"02/10/2026","655.36","655.94","658.34","653.98","666.33K","-0.05%"
"02/09/2026","655.67","653.92","657.43","651.58","771.92K","0.05%"
"02/06/2026","655.32","642.99","656.03","642.00","2.18M","3.21%"
"02/05/2026","634.94","633.42","640.47","632.48","960.26K","-0.53%"
"02/04/2026","638.32","637.30","642.00","630.74","1.19M","0.70%"
"02/03/2026","633.88","634.70","639.03","626.72","1.21M","0.19%"
"02/02/2026","632.69","625.36","634.88","624.73","741.53K","0.82%"
"01/30/2026","627.57","629.48","634.34","623.33","1.37M","-0.88%"
"01/29/2026","633.15","636.92","637.87","625.62","986.61K","-0.18%"
"01/28/2026","634.32","637.39","638.42","632.87","1.01M","-0.23%"
"01/27/2026","635.77","636.16","636.72","633.38","584.24K","-0.01%"
"01/26/2026","635.83","637.43","640.06","634.16","934.72K","-0.05%"
"01/23/2026","636.15","641.33","642.26","633.94","709.56K","-1.01%"
"01/22/2026","642.61","646.97","648.79","641.30","1.06M","0.02%"
"01/21/2026","642.45","635.72","645.73","635.11","1.36M","1.79%"
"01/20/2026","631.17","631.11","637.62","629.40","1.28M","-1.36%"
"01/16/2026","639.85","641.29","642.41","638.12","789.44K","-0.30%"
"01/15/2026","641.78","637.67","644.19","637.67","978.69K","1.18%"
"01/14/2026","634.31","632.69","635.91","630.97","1.23M","0.10%"
"01/13/2026","633.68","633.91","636.14","631.07","512.73K","0.22%"
"01/12/2026","632.32","628.03","632.87","626.62","819.06K","0.15%"
"01/09/2026","631.38","628.50","632.21","626.11","850.78K","0.85%"
"01/08/2026","626.04","621.90","627.35","621.17","668.19K","0.37%"
"01/07/2026","623.73","628.55","629.47","622.09","857.62K","-0.72%"
"01/06/2026","628.27","618.07","628.77","616.82","1.37M","1.44%"
"01/05/2026","619.36","613.13","621.44","612.35","1.47M","1.32%"
"01/02/2026","611.31","605.88","612.38","603.37","968.82K","1.33%"
"12/31/2025","603.28","609.14","609.59","603.01","730.84K","-1.01%"
"12/30/2025","609.45","611.68","612.18","609.22","665.14K","-0.34%"
"12/29/2025","611.55","613.66","615.83","610.31","559.09K","-0.61%"
"12/26/2025","615.33","614.81","615.58","613.00","420.45K","0.02%"
"12/24/2025","615.19","614.99","616.56","613.20","558.87K","0.15%"
"12/23/2025","614.29","614.62","616.47","612.59","663.66K","-0.29%"
"12/22/2025","616.09","613.36","618.07","613.36","1.10M","0.74%"
"12/19/2025","611.57","606.51","611.80","606.27","1.14M","0.58%"
"12/18/2025","608.07","610.65","614.00","606.66","653.23K","0.44%"
"12/17/2025","605.40","609.21","614.07","604.65","612.46K","-0.45%"
"12/16/2025","608.15","611.24","613.16","604.88","940.03K","-0.62%"
"12/15/2025","611.94","615.93","616.85","609.96","868.84K","-0.19%"
"12/12/2025","613.11","621.97","622.79","611.32","1.18M","-1.31%"
"12/11/2025","621.24","614.69","622.03","614.69","1.45M","0.95%"
"12/10/2025","615.37","604.95","617.16","604.25","1.39M","1.90%"
"12/09/2025","603.90","602.65","608.81","602.40","867.75K","-0.07%"
"12/08/2025","604.34","608.08","608.42","603.24","868.04K","-0.50%"
"12/05/2025","607.38","607.35","610.58","606.01","1.14M","0.04%"
"12/04/2025","607.15","603.65","608.96","603.29","790.90K","0.49%"
"12/03/2025","604.19","599.51","604.90","599.00","784.69K","0.69%"
"12/02/2025","600.02","604.37","605.01","599.68","746.73K","-0.36%"
"12/01/2025","602.20","599.48","606.50","599.44","994.99K","-0.54%"
"11/28/2025","605.48","603.54","606.33","602.40","804.86K","0.49%"
"11/26/2025","602.50","598.60","606.56","598.05","1.02M","0.60%"
"11/25/2025","598.88","588.45","599.57","588.04","1.00M","1.88%"
"11/24/2025","587.81","583.01","589.66","581.71","1.17M","0.94%"
"11/21/2025","582.32","570.51","585.59","570.15","1.66M","2.41%"
"11/20/2025","568.63","585.03","587.74","568.21","1.63M","-1.60%"
"11/19/2025","577.89","577.56","581.52","574.86","1.01M","0.12%"
"11/18/2025","577.19","572.27","580.15","571.44","1.12M","0.33%"
"11/17/2025","575.30","584.38","586.45","573.45","1.80M","-1.85%"
"11/14/2025","586.16","580.05","589.57","580.05","932.38K","-0.21%"
"11/13/2025","587.38","595.60","598.78","585.55","1.28M","-1.88%"
"11/12/2025","598.63","597.73","602.09","597.66","692.00K","0.35%"
"11/11/2025","596.54","595.46","598.56","594.01","681.61K","0.00%"
"11/10/2025","596.56","597.36","598.90","591.48","865.23K","0.64%"
"11/07/2025","592.78","582.00","592.84","581.61","933.90K","1.16%"
"11/06/2025","586.01","592.11","594.31","583.89","1.55M","-0.92%"
"11/05/2025","591.43","587.59","595.30","586.92","1.10M","0.65%"
"11/04/2025","587.59","585.37","590.00","584.50","635.59K","-0.86%"
"11/03/2025","592.70","591.86","592.70","585.36","873.38K","-0.05%"
"10/31/2025","592.98","590.68","594.33","587.93","737.49K","0.61%"
"10/30/2025","589.39","591.12","597.30","589.27","811.68K","-1.05%"
"10/29/2025","595.66","597.44","602.55","592.72","1.11M","-0.64%"
"10/28/2025","599.47","604.45","604.45","598.95","707.18K","-0.88%"
"10/27/2025","604.78","606.61","607.76","603.12","986.14K","0.38%"
"10/24/2025","602.47","605.81","606.12","602.40","577.25K","0.53%"
"10/23/2025","599.29","592.86","600.23","592.33","691.99K","1.36%"
"10/22/2025","591.26","597.34","599.37","588.66","750.27K","-1.14%"
"10/21/2025","598.05","595.47","599.99","593.49","556.70K","0.35%"
"10/20/2025","595.95","593.64","596.67","592.62","653.49K","1.20%"
"10/17/2025","588.86","586.11","590.05","584.67","588.17K","0.21%"
"10/16/2025","587.61","595.81","596.34","584.77","1.68M","-1.23%"
"10/15/2025","594.92","598.45","600.94","590.00","582.48K","0.09%"
"10/14/2025","594.38","582.70","597.43","582.70","1.04M","0.93%"
"10/13/2025","588.92","584.87","590.98","584.12","953.06K","1.93%"
"10/10/2025","577.77","595.25","596.66","577.15","1.10M","-2.80%"
"10/09/2025","594.43","600.31","602.09","592.97","668.91K","-1.09%"
"10/08/2025","600.97","597.46","601.72","594.58","952.87K","0.99%"
"10/07/2025","595.07","602.62","603.39","593.35","1.47M","-1.08%"
"10/06/2025","601.57","603.30","604.60","599.36","623.56K","0.15%"
"10/03/2025","600.68","600.58","604.20","599.58","657.34K","0.32%"
"10/02/2025","598.75","597.63","599.36","593.97","831.83K","0.13%"
"10/01/2025","597.97","593.43","598.90","593.43","651.32K","0.33%"
"09/30/2025","596.03","594.19","596.77","590.78","514.36K","0.12%"
"09/29/2025","595.34","598.97","599.36","593.72","764.91K","-0.22%"
"09/26/2025","596.68","591.90","597.05","591.29","853.59K","1.01%"
"09/25/2025","590.71","589.57","591.49","587.14","594.46K","-0.56%"
"09/24/2025","594.03","599.30","601.03","593.93","523.15K","-0.77%"
"09/23/2025","598.62","600.16","604.65","597.71","557.03K","-0.05%"
"09/22/2025","598.93","597.67","600.19","595.41","646.74K","-0.08%"
"09/19/2025","599.42","604.69","604.69","597.86","1.14M","-1.02%"
"09/18/2025","605.62","601.02","606.69","599.77","989.24K","1.23%"
"09/17/2025","598.29","600.43","608.79","593.71","852.81K","-0.09%"
"09/16/2025","598.81","600.25","601.47","595.73","451.71K","-0.27%"
"09/15/2025","600.46","601.58","604.39","599.67","761.22K","-0.03%"
"09/12/2025","600.62","605.15","606.52","600.31","542.43K","-1.11%"
"09/11/2025","607.37","598.97","607.54","597.86","1.43M","1.69%"
"09/10/2025","597.29","597.57","601.47","595.08","484.82K","-0.04%"
"09/09/2025","597.54","601.84","602.19","595.87","553.01K","-0.91%"
"09/08/2025","603.04","603.45","603.91","598.84","834.94K","0.02%"
"09/05/2025","602.89","603.00","607.85","598.24","512.43K","0.47%"
"09/04/2025","600.07","592.99","600.22","591.32","614.84K","1.45%"
"09/03/2025","591.51","591.23","595.30","588.26","741.17K","-0.17%"
"09/02/2025","592.51","588.64","592.87","587.48","512.53K","-0.45%"
"08/29/2025","595.16","598.31","599.10","593.03","855.45K","-0.48%"
"08/28/2025","598.04","599.05","599.16","594.80","617.01K","0.13%"
"08/27/2025","597.27","592.05","598.40","592.04","1.61M","0.64%"
"08/26/2025","593.46","591.93","595.22","591.68","704.19K","0.47%"
"08/25/2025","590.69","594.36","594.50","590.69","720.84K","-0.82%"
"08/22/2025","595.56","582.09","597.91","581.90","1.52M","2.77%"
"08/21/2025","579.53","576.92","580.50","575.91","377.77K","-0.12%"
"08/20/2025","580.23","581.41","583.03","577.18","439.22K","-0.42%"
"08/19/2025","582.70","581.92","587.47","580.92","426.10K","0.18%"
"08/18/2025","581.64","580.50","581.93","579.50","1.00M","0.27%"
"08/15/2025","580.05","583.71","583.95","579.72","613.00K","-0.51%"
"08/14/2025","583.04","584.27","584.56","580.04","824.42K","-1.34%"
"08/13/2025","590.93","583.79","591.03","582.70","680.24K","1.54%"
"08/12/2025","581.95","572.04","582.11","570.72","825.32K","2.29%"
"08/11/2025","568.90","571.78","573.76","567.90","434.73K","-0.39%"
"08/08/2025","571.12","573.56","574.72","570.20","427.70K","-0.02%"
"08/07/2025","571.21","578.16","578.21","568.89","551.64K","-0.22%"
"08/06/2025","572.45","573.99","574.31","570.47","509.82K","-0.29%"
"08/05/2025","574.10","574.95","576.07","569.37","615.89K","-0.05%"
"08/04/2025","574.39","570.53","574.42","569.70","593.46K","1.29%"
"08/01/2025","567.09","568.18","569.56","559.89","885.81K","-1.48%"
"07/31/2025","575.62","579.32","582.77","574.81","630.35K","-1.12%"
"07/30/2025","582.16","586.76","588.17","578.95","577.91K","-0.60%"
"07/29/2025","585.68","589.12","589.45","583.74","571.82K","-0.13%"
"07/28/2025","586.47","589.22","589.43","585.00","516.53K","-0.22%"
"07/25/2025","587.77","585.47","588.24","581.35","566.16K","0.91%"
"07/24/2025","582.49","585.50","586.48","582.31","543.95K","-0.94%"
"07/23/2025","588.03","587.16","588.38","585.38","546.88K","0.82%"
"07/22/2025","583.26","576.91","584.20","576.91","1.02M","1.29%"
"07/21/2025","575.81","580.78","581.31","575.50","575.22K","-0.62%"
"07/18/2025","579.42","582.36","582.47","577.21","755.25K","-0.09%"
"07/17/2025","579.96","573.08","581.01","573.08","903.06K","1.09%"
"07/16/2025","573.72","572.85","574.41","565.43","717.02K","0.47%"
"07/15/2025","571.03","583.02","583.56","570.76","463.52K","-1.75%"
"07/14/2025","581.19","578.15","581.56","577.55","402.98K","0.34%"
"07/11/2025","579.23","580.59","581.45","578.27","637.07K","-0.88%"
"07/10/2025","584.40","581.22","587.81","580.76","852.60K","0.47%"
"07/09/2025","581.66","581.87","582.10","577.45","504.13K","0.42%"
"07/08/2025","579.25","577.54","582.13","577.24","799.53K","0.42%"
"07/07/2025","576.82","579.03","583.09","573.26","620.32K","-0.96%"
"07/03/2025","582.43","580.80","583.85","580.49","391.59K","0.53%"
"07/02/2025","579.34","573.88","579.40","571.81","862.15K","0.99%"
"07/01/2025","573.66","564.77","577.62","564.32","1.14M","1.27%"
"06/30/2025","566.48","567.63","567.79","564.46","1.26M","-0.01%"
"06/27/2025","566.51","566.40","570.21","563.30","983.17K","0.22%"
"06/26/2025","565.24","559.93","565.58","559.59","1.02M","1.36%"
"06/25/2025","557.67","562.28","562.50","556.82","693.67K","-0.81%"
"06/24/2025","562.22","560.40","563.41","558.33","946.14K","0.92%"
"06/23/2025","557.09","550.58","557.56","547.05","783.93K","0.90%"
"06/20/2025","552.11","555.00","555.96","549.73","905.44K","-0.36%"
"06/18/2025","554.12","552.31","558.47","551.36","582.52K","0.38%"
"06/17/2025","552.01","552.74","555.93","551.66","544.09K","-0.87%"
"06/16/2025","556.83","555.66","559.77","553.97","1.43M","1.14%"
"06/13/2025","550.57","552.77","556.87","548.53","676.54K","-1.54%"
"06/12/2025","559.19","555.17","559.24","554.29","730.25K","0.09%"
"06/11/2025","558.70","562.96","563.68","557.13","565.31K","-0.52%"
"06/10/2025","561.63","561.57","563.74","559.70","615.42K","0.32%"
"06/09/2025","559.85","560.53","562.81","557.47","853.85K","0.27%"
"06/06/2025","558.36","558.76","559.44","555.90","661.66K","0.99%"
"06/05/2025","552.90","554.34","556.46","550.02","552.76K","-0.15%"
"06/04/2025","553.75","555.24","556.93","553.68","463.19K","-0.23%"
"06/03/2025","555.01","548.65","555.89","546.69","1.08M","1.23%"
"06/02/2025","548.24","547.50","548.54","540.43","758.43K","-0.09%"
"05/30/2025","548.72","548.55","550.88","544.06","635.12K","-0.41%"
"05/29/2025","550.97","552.77","553.77","546.41","488.91K","0.28%"
"05/28/2025","549.42","556.09","557.19","548.82","576.55K","-1.31%"
"05/27/2025","556.70","551.48","556.71","547.92","1.43M","2.21%"
"05/23/2025","544.66","538.06","546.32","537.75","666.02K","-0.16%"
"05/22/2025","545.56","544.55","548.70","542.50","751.68K","-0.12%"
"05/21/2025","546.20","556.12","557.27","545.96","768.52K","-2.67%"
"05/20/2025","561.21","562.36","563.75","559.36","682.57K","-0.28%"
"05/19/2025","562.76","557.55","563.22","557.29","773.86K","-0.38%"
"05/16/2025","564.93","559.69","564.98","557.26","805.95K","1.09%"
"05/15/2025","558.84","555.74","559.14","553.64","827.23K","0.24%"
"05/14/2025","557.51","559.04","560.08","556.42","827.09K","-0.32%"
"05/13/2025","559.29","559.15","561.92","558.15","821.10K","0.31%"
"05/12/2025","557.55","556.81","559.78","553.07","1.10M","3.52%"
"05/09/2025","538.59","540.40","541.27","536.57","540.93K","-0.12%"
"05/08/2025","539.24","537.43","543.99","534.63","597.08K","1.24%"
"05/07/2025","532.64","533.00","535.38","529.15","758.71K","0.30%"
"05/06/2025","531.07","530.36","535.35","528.24","512.74K","-0.73%"
"05/05/2025","534.96","531.77","538.54","531.77","789.95K","-0.19%"
"05/02/2025","535.98","530.59","537.23","530.23","917.69K","2.35%"
"05/01/2025","523.66","522.90","529.25","519.78","890.22K","0.55%"
"04/30/2025","520.80","515.10","522.03","509.19","973.33K","-0.21%"
"04/29/2025","521.88","518.19","524.42","515.50","764.88K","0.48%"
"04/28/2025","519.41","518.10","522.40","514.06","671.44K","0.37%"
"04/25/2025","517.51","516.58","519.06","513.46","646.23K","-0.46%"
"04/24/2025","519.89","510.00","520.66","508.47","734.90K","2.13%"
"04/23/2025","509.03","515.61","524.32","507.28","1.27M","1.28%"
"04/22/2025","502.61","496.00","504.29","495.36","910.06K","2.51%"
"04/21/2025","490.29","497.45","498.90","485.27","894.78K","-2.29%"
"04/17/2025","501.78","499.34","504.81","498.05","1.01M","0.89%"
"04/16/2025","497.37","500.55","504.14","492.05","1.33M","-1.12%"
"04/15/2025","502.98","503.22","509.03","501.77","962.60K","-0.15%"
"04/14/2025","503.76","505.30","506.28","496.12","1.08M","1.26%"
"04/11/2025","497.47","489.53","499.32","481.86","2.42M","1.40%"
"04/10/2025","490.62","498.52","500.09","477.61","2.80M","-4.18%"
"04/09/2025","512.02","462.86","515.00","461.69","3.55M","9.35%"
"04/08/2025","468.22","494.00","495.62","461.93","3.75M","-2.17%"
"04/07/2025","478.59","465.80","499.79","458.82","5.47M","-1.06%"
"04/04/2025","483.74","490.19","493.75","473.84","4.78M","-4.87%"
"04/03/2025","508.50","520.58","524.15","507.98","2.02M","-6.67%"
"04/02/2025","544.86","529.76","546.07","529.76","974.31K","1.58%"
"04/01/2025","536.37","532.95","538.48","527.16","1.03M","0.54%"
"03/31/2025","533.48","525.85","536.50","522.28","880.41K","0.23%"
"03/28/2025","532.23","540.21","541.74","529.67","1.16M","-1.81%"
"03/27/2025","542.06","544.13","546.75","539.69","849.90K","-0.73%"
"03/26/2025","546.02","551.04","553.21","544.53","690.53K","-0.63%"
"03/25/2025","549.46","551.66","553.45","546.55","521.04K","-0.29%"
"03/24/2025","551.07","545.38","551.80","544.84","659.83K","2.45%"
"03/21/2025","537.89","536.25","539.08","532.01","1.25M","-0.78%"
"03/20/2025","542.12","541.46","547.61","541.26","699.11K","-0.71%"
"03/19/2025","545.97","538.84","549.01","538.61","1.19M","1.25%"
"03/18/2025","539.23","540.77","541.41","537.36","864.22K","-0.83%"
"03/17/2025","543.73","535.20","545.61","535.20","896.43K","1.49%"
"03/14/2025","535.74","528.60","536.14","526.95","843.00K","2.44%"
"03/13/2025","522.96","531.43","531.98","520.28","715.21K","-1.58%"
"03/12/2025","531.33","537.74","538.33","527.78","1.10M","-0.06%"
"03/11/2025","531.63","534.15","538.14","527.53","1.30M","-0.56%"
"03/10/2025","534.63","540.64","544.53","530.35","1.25M","-2.12%"
"03/07/2025","546.20","540.96","547.81","533.79","993.30K","0.71%"
"03/06/2025","542.35","544.35","549.74","540.18","1.44M","-1.58%"
"03/05/2025","551.08","544.95","551.74","541.07","1.78M","1.23%"
"03/04/2025","544.36","546.91","552.92","537.06","1.67M","-1.55%"
"03/03/2025","552.91","567.57","569.00","549.93","1.17M","-2.28%"
"02/28/2025","565.80","558.53","565.90","557.43","1.04M","1.10%"
"02/27/2025","559.66","567.25","569.03","559.54","869.38K","-1.27%"
"02/26/2025","566.84","567.91","572.50","565.25","847.36K","0.23%"
"02/25/2025","565.55","566.40","569.86","561.19","841.35K","-0.04%"
"02/24/2025","565.76","568.69","569.74","562.46","1.00M","-0.13%"
"02/21/2025","566.50","583.40","583.63","564.84","1.54M","-2.38%"
"02/20/2025","580.29","584.49","585.39","577.22","718.88K","-0.98%"
"02/19/2025","586.02","585.58","587.33","584.04","565.61K","-0.55%"
"02/18/2025","589.24","585.30","589.24","584.68","902.88K","0.90%"
"02/14/2025","583.99","586.22","588.11","583.10","555.55K","-0.06%"
"02/13/2025","584.32","581.30","584.72","579.20","790.18K","0.90%"
"02/12/2025","579.11","576.20","580.82","574.43","1.09M","-0.69%"
"02/11/2025","583.12","583.22","584.98","581.30","899.57K","-0.49%"
"02/10/2025","585.97","588.14","588.68","583.40","765.64K","0.10%"
"02/07/2025","585.37","592.31","592.56","584.51","886.85K","-1.25%"
"02/06/2025","592.76","595.81","596.30","588.42","1.05M","-0.05%"
"02/05/2025","593.04","589.62","593.05","587.15","416.56K","0.94%"
"02/04/2025","587.49","583.16","588.14","582.87","740.41K","0.58%"
"02/03/2025","584.08","578.73","587.62","576.00","1.84M","-1.12%"
"01/31/2025","590.68","597.00","598.97","590.01","1.10M","-0.96%"
"01/30/2025","596.41","594.08","599.27","592.31","1.17M","1.14%"
"01/29/2025","589.68","591.47","595.10","587.17","859.06K","-0.40%"
"01/28/2025","592.03","591.88","593.69","589.24","725.06K","0.12%"
"01/27/2025","591.30","591.23","596.01","588.29","1.84M","-1.04%"
"01/24/2025","597.49","598.04","599.53","596.18","719.85K","-0.17%"
"01/23/2025","598.53","596.60","599.19","594.15","771.79K","-0.01%"
"01/22/2025","598.56","601.80","602.32","597.85","828.03K","-0.44%"
"01/21/2025","601.18","596.14","601.24","595.64","715.93K","1.70%"
"01/17/2025","591.11","592.40","593.40","590.08","543.96K","0.43%"
"01/16/2025","588.60","584.99","589.94","582.69","858.26K","0.75%"
"01/15/2025","584.24","588.60","589.57","582.67","661.81K","1.31%"
"01/14/2025","576.69","573.74","577.91","571.65","1.09M","1.14%"
"01/13/2025","570.20","561.12","570.42","560.89","677.53K","0.81%"
"01/10/2025","565.61","567.07","568.61","563.11","960.11K","-1.42%"
"01/08/2025","573.73","569.68","573.78","566.70","559.52K","0.26%"
"01/07/2025","572.23","578.00","579.56","569.47","1.07M","-0.66%"
"01/06/2025","576.02","578.50","582.32","575.18","806.97K","0.16%"
"01/03/2025","575.11","570.20","575.69","566.94","715.63K","1.20%"
"01/02/2025","568.28","572.43","575.62","566.34","1.05M","-0.23%"
"12/31/2024","569.58","571.22","573.17","567.75","940.80K","0.23%"
"12/30/2024","568.28","569.00","571.30","563.22","1.36M","-0.69%"
"12/27/2024","572.23","574.58","578.01","568.68","885.35K","-0.98%"
"12/26/2024","577.89","573.48","578.72","572.20","688.98K","0.39%"
"12/24/2024","575.63","572.46","576.12","570.04","495.63K","0.71%"
"12/23/2024","571.60","569.10","571.97","565.78","851.35K","0.24%"
"12/20/2024","570.23","563.56","576.21","562.80","2.15M","0.35%"
"12/19/2024","568.22","574.42","577.78","568.10","1.23M","-0.18%"
"12/18/2024","569.27","594.19","595.18","568.17","1.36M","-3.88%"
"12/17/2024","592.24","595.76","598.42","590.49","973.00K","-1.17%"
"12/16/2024","599.27","599.31","602.99","597.33","1.35M","-0.06%"
"12/13/2024","599.65","602.30","603.04","597.07","579.79K","-0.45%"
"12/12/2024","602.34","604.78","606.64","602.25","705.07K","-0.58%"
"12/11/2024","605.83","606.30","607.59","603.62","499.83K","0.62%"
"12/10/2024","602.09","606.70","606.80","600.46","823.99K","-0.68%"
"12/09/2024","606.21","611.30","612.54","605.76","806.86K","-0.43%"
"12/06/2024","608.80","612.30","612.96","607.42","591.83K","0.01%"
"12/05/2024","608.72","613.69","614.18","608.13","573.83K","-0.81%"
"12/04/2024","613.69","613.37","614.43","610.08","534.35K","0.28%"
"12/03/2024","611.99","613.46","614.92","609.82","808.05K","-0.30%"
"12/02/2024","613.85","616.48","616.72","611.85","867.51K","-0.33%"
"11/29/2024","615.86","618.38","620.21","615.39","616.62K","0.14%"
"11/27/2024","615.02","619.70","623.10","614.06","863.14K","-0.30%"
"11/26/2024","616.90","618.16","618.85","613.49","1.87M","-0.52%"
"11/25/2024","620.12","616.41","624.13","615.61","1.53M","1.54%"
"11/22/2024","610.71","603.56","611.14","603.15","1.09M","1.67%"
"11/21/2024","600.66","593.37","601.98","591.67","807.70K","1.61%"
"11/20/2024","591.16","587.88","591.24","584.66","1.31M","0.56%"
"11/19/2024","587.88","582.43","588.58","580.95","1.07M","0.05%"
"11/18/2024","587.60","587.14","589.59","585.47","547.35K","0.25%"
"11/15/2024","586.13","592.56","592.56","584.86","843.36K","-1.10%"
"11/14/2024","592.66","599.80","600.83","591.46","939.06K","-0.87%"
"11/13/2024","597.88","603.12","604.38","597.66","535.76K","-0.56%"
"11/12/2024","601.25","604.92","607.98","599.41","785.79K","-1.05%"
"11/11/2024","607.64","607.20","609.69","606.12","797.28K","0.88%"
"11/08/2024","602.32","599.63","603.45","598.19","733.59K","0.49%"
"11/07/2024","599.41","600.90","603.21","598.17","1.05M","-0.17%"
"11/06/2024","600.43","598.02","600.88","591.12","2.22M","4.12%"
"11/05/2024","576.69","566.34","576.78","565.09","823.17K","1.45%"
"11/04/2024","568.45","565.92","572.93","565.92","1.14M","0.29%"
"11/01/2024","566.79","568.13","571.90","566.03","820.31K","0.21%"
"10/31/2024","565.60","572.55","573.47","565.57","973.34K","-1.32%"
"10/30/2024","573.17","572.48","579.81","571.89","606.04K","-0.14%"
"10/29/2024","573.99","570.31","574.20","568.10","938.13K","0.10%"
"10/28/2024","573.42","570.70","574.73","570.24","768.69K","1.01%"
"10/25/2024","567.67","573.06","573.58","566.18","716.67K","-0.60%"
"10/24/2024","571.10","571.74","572.50","568.63","748.36K","0.19%"
"10/23/2024","570.00","571.29","573.42","566.33","436.83K","-0.61%"
"10/22/2024","573.50","575.14","575.30","571.15","918.13K","-0.65%"
"10/21/2024","577.23","583.65","583.99","576.12","431.27K","-1.15%"
"10/18/2024","583.97","584.30","585.00","582.29","335.49K","0.03%"
"10/17/2024","583.78","584.98","585.50","581.92","596.52K","0.10%"
"10/16/2024","583.22","580.87","584.91","580.42","496.31K","0.91%"
"10/15/2024","577.95","578.69","584.70","577.74","951.24K","-0.26%"
"10/14/2024","579.47","576.40","579.88","573.88","344.13K","0.60%"
"10/11/2024","576.01","567.84","576.28","567.84","750.35K","1.68%"
"10/10/2024","566.49","565.82","567.36","563.35","593.62K","-0.51%"
"10/09/2024","569.39","565.24","571.12","564.58","438.51K","0.68%"
"10/08/2024","565.56","565.41","567.47","563.11","474.23K","0.03%"
"10/07/2024","565.38","567.62","567.70","561.98","602.26K","-0.68%"
"10/04/2024","569.27","569.90","571.41","565.26","655.62K","0.94%"
"10/03/2024","563.98","562.90","565.02","559.64","771.45K","-0.26%"
"10/02/2024","565.47","563.32","567.86","561.84","599.58K","0.08%"
"10/01/2024","564.99","568.44","569.00","560.77","954.31K","-0.82%"
"09/30/2024","569.66","567.80","570.46","564.34","734.60K","0.08%"
"09/27/2024","569.18","572.19","574.28","566.89","817.15K","0.15%"
"09/26/2024","568.33","568.80","572.19","566.60","543.78K","0.83%"
"09/25/2024","563.65","570.00","570.15","562.71","497.90K","-0.99%"
"09/24/2024","569.30","570.42","572.22","568.31","575.59K","-0.03%"
"09/23/2024","569.45","568.95","570.49","566.39","1.21M","0.52%"
"09/20/2024","566.52","568.81","568.81","563.99","1.06M","-0.97%"
"09/19/2024","572.06","573.24","573.24","567.07","743.38K","1.71%"
"09/18/2024","562.44","562.35","571.69","560.56","966.14K","0.05%"
"09/17/2024","562.15","562.20","565.72","559.76","504.14K","0.52%"
"09/16/2024","559.24","556.45","559.72","555.52","1.04M","0.69%"
"09/13/2024","555.43","550.36","555.95","549.70","680.04K","1.74%"
"09/12/2024","545.91","542.56","546.97","539.21","422.15K","0.86%"
"09/11/2024","541.26","538.06","541.87","529.37","530.46K","0.39%"
"09/10/2024","539.18","541.19","541.19","534.91","478.99K","-0.22%"
"09/09/2024","540.36","539.29","543.74","538.49","566.47K","0.45%"
"09/06/2024","537.95","546.26","548.75","536.94","970.50K","-1.34%"
"09/05/2024","545.25","549.46","550.07","543.56","687.40K","-0.68%"
"09/04/2024","548.99","549.10","553.00","547.47","530.59K","-0.30%"
"09/03/2024","550.64","561.10","563.39","548.88","825.49K","-2.59%"
"08/30/2024","565.30","562.98","565.50","558.13","636.77K","0.73%"
"08/29/2024","561.19","562.34","565.85","557.80","544.04K","0.33%"
"08/28/2024","559.33","560.44","562.15","556.80","528.41K","-0.51%"
"08/27/2024","562.20","561.27","563.03","559.79","484.37K","-0.36%"
"08/26/2024","564.22","569.20","570.09","563.76","391.20K","-0.34%"
"08/23/2024","566.17","557.90","567.55","556.85","960.77K","2.17%"
"08/22/2024","554.16","557.78","559.64","553.08","380.09K","-0.59%"
"08/21/2024","557.44","553.63","557.79","551.90","541.88K","1.20%"
"08/20/2024","550.83","555.20","555.62","549.47","332.72K","-0.85%"
"08/19/2024","555.54","551.40","555.54","551.26","473.16K","0.92%"
"08/16/2024","550.48","548.48","552.59","547.96","299.56K","0.06%"
"08/15/2024","550.15","548.30","551.90","546.38","681.93K","1.96%"
"08/14/2024","539.58","541.56","542.52","537.65","389.58K","-0.10%"
"08/13/2024","540.14","536.27","540.86","533.71","522.57K","1.36%"
"08/12/2024","532.90","537.64","537.79","531.87","384.76K","-0.60%"
"08/09/2024","536.11","536.92","537.84","532.61","696.32K","-0.13%"
"08/08/2024","536.83","530.33","536.94","527.97","664.16K","2.19%"
"08/07/2024","525.34","536.28","538.43","524.74","860.70K","-0.71%"
"08/06/2024","529.12","524.80","535.81","520.85","1.45M","1.01%"
"08/05/2024","523.84","513.46","530.58","511.97","1.52M","-2.60%"
"08/02/2024","537.81","541.37","542.39","532.29","2.06M","-2.83%"
"08/01/2024","553.45","566.80","570.15","549.62","1.19M","-2.23%"
"07/31/2024","566.09","566.80","574.11","562.65","1.01M","0.57%"
"07/30/2024","562.88","562.52","565.22","559.52","731.61K","0.42%"
"07/29/2024","560.51","562.77","564.28","559.00","583.88K","-0.20%"
"07/26/2024","561.66","557.77","562.84","556.27","842.77K","1.72%"
"07/25/2024","552.18","548.64","560.44","547.87","1.04M","0.84%"
"07/24/2024","547.57","555.62","559.32","547.33","957.17K","-1.92%"
"07/23/2024","558.29","555.74","560.26","554.90","805.89K","0.18%"
"07/22/2024","557.28","552.95","557.83","548.14","916.10K","1.20%"
"07/19/2024","550.66","553.20","554.40","548.79","716.94K","-0.67%"
"07/18/2024","554.38","560.40","566.97","553.06","790.97K","-1.11%"
"07/17/2024","560.60","564.30","569.98","560.60","801.03K","-1.46%"
"07/16/2024","568.92","557.82","569.28","557.40","837.38K","2.47%"
"07/15/2024","555.23","554.80","559.05","552.37","745.35K","0.55%"
"07/12/2024","552.22","550.13","554.81","549.49","713.07K","0.99%"
"07/11/2024","546.79","540.54","547.71","539.60","1.29M","2.41%"
"07/10/2024","533.92","529.79","534.09","529.12","582.85K","1.21%"
"07/09/2024","527.53","529.97","531.45","527.35","624.15K","-0.64%"
"07/08/2024","530.92","531.30","534.84","529.88","748.75K","0.40%"
"07/05/2024","528.82","532.38","532.66","527.35","924.42K","-0.77%"
"07/03/2024","532.90","532.81","535.57","531.50","670.99K","0.22%"
"07/02/2024","531.75","529.92","531.96","528.97","820.65K","0.40%"
"07/01/2024","529.65","536.40","537.33","529.10","1.55M","-1.01%"
"06/28/2024","535.08","536.24","538.83","531.73","901.19K","0.28%"
"06/27/2024","533.57","532.10","533.72","530.54","689.89K","0.38%"
"06/26/2024","531.55","531.00","532.65","529.47","567.84K","-0.33%"
"06/25/2024","533.29","538.07","538.07","531.28","735.10K","-0.94%"
"06/24/2024","538.33","536.39","541.72","535.16","777.11K","0.56%"
"06/21/2024","535.35","533.30","535.35","530.15","838.59K","0.02%"
"06/20/2024","535.26","535.62","538.33","533.80","638.53K","-0.26%"
"06/18/2024","536.66","535.09","537.90","534.48","732.19K","0.26%"
"06/17/2024","535.25","528.66","535.56","528.39","657.95K","0.92%"
"06/14/2024","530.35","531.78","532.70","527.10","938.14K","-1.26%"
"06/13/2024","537.11","539.09","539.66","533.87","738.37K","-0.62%"
"06/12/2024","540.46","543.16","546.70","538.68","1.02M","1.34%"
"06/11/2024","533.29","532.50","534.13","528.39","827.52K","-0.44%"
"06/10/2024","535.62","529.64","536.36","529.19","718.43K","0.18%"
"06/07/2024","534.67","534.72","537.96","533.18","962.05K","-0.73%"
"06/06/2024","538.61","538.56","540.65","536.28","781.35K","-0.31%"
"06/05/2024","540.29","537.10","540.53","533.52","832.60K","1.13%"
"06/04/2024","534.24","539.40","539.74","534.04","1.18M","-1.36%"
"06/03/2024","541.58","549.10","549.61","538.02","1.14M","-0.84%"
"05/31/2024","546.18","541.55","546.23","538.19","1.30M","1.32%"
"05/30/2024","539.08","536.19","540.75","536.19","562.42K","0.93%"
"05/29/2024","534.11","535.86","536.31","533.40","822.40K","-1.32%"
"05/28/2024","541.23","546.17","546.64","539.48","491.93K","-0.62%"
"05/24/2024","544.61","543.23","544.94","541.62","690.80K","0.87%"
"05/23/2024","539.89","548.67","548.87","538.88","736.86K","-1.27%"
"05/22/2024","546.83","550.00","551.44","545.14","429.22K","-0.79%"
"05/21/2024","551.16","550.61","551.54","549.90","324.83K","-0.10%"
"05/20/2024","551.70","551.75","554.03","550.85","428.57K","0.00%"
"05/17/2024","551.69","550.93","552.14","549.81","748.43K","0.11%"
"05/16/2024","551.11","555.38","556.34","551.08","658.89K","-0.91%"
"05/15/2024","556.17","556.37","556.96","553.22","778.64K","0.79%"
"05/14/2024","551.79","552.58","553.63","549.38","738.34K","0.82%"
"05/13/2024","547.29","550.82","551.87","546.65","521.85K","0.04%"
"05/10/2024","547.09","549.37","549.86","546.02","408.52K","-0.16%"
"05/09/2024","547.97","542.62","547.97","542.01","533.76K","1.05%"
"05/08/2024","542.30","540.75","542.79","540.33","727.44K","-0.44%"
"05/07/2024","544.68","543.95","546.99","543.18","960.74K","0.35%"
"05/06/2024","542.79","540.51","543.01","539.50","688.38K","1.38%"
"05/03/2024","535.41","538.08","540.41","533.66","951.02K","1.01%"
"05/02/2024","530.06","528.34","531.11","522.56","724.37K","1.31%"
"05/01/2024","523.21","522.87","532.11","521.17","1.53M","0.09%"
"04/30/2024","522.76","530.04","530.65","522.73","833.29K","-1.79%"
"04/29/2024","532.28","530.60","533.41","530.16","444.28K","0.55%"
"04/26/2024","529.38","527.90","531.35","526.89","549.45K","0.29%"
"04/25/2024","527.86","525.62","528.96","521.72","773.46K","-0.37%"
"04/24/2024","529.80","529.51","532.06","526.32","783.23K","0.00%"
"04/23/2024","529.80","524.59","531.50","523.93","798.23K","1.20%"
"04/22/2024","523.50","520.35","526.24","517.73","1.07M","1.01%"
"04/19/2024","518.28","515.24","520.19","515.10","957.49K","0.33%"
"04/18/2024","516.55","519.17","522.18","515.00","898.41K","-0.14%"
"04/17/2024","517.25","524.87","524.87","517.25","718.32K","-0.84%"
"04/16/2024","521.63","521.94","524.52","518.26","1.06M","-0.47%"
"04/15/2024","524.10","533.76","535.85","522.46","1.14M","-1.10%"
"04/12/2024","529.94","535.19","536.88","528.23","940.03K","-1.51%"
"04/11/2024","538.08","539.92","540.33","534.60","1.06M","0.09%"
"04/10/2024","537.60","539.05","542.43","536.00","1.86M","-2.10%"
"04/09/2024","549.14","549.94","551.30","544.69","742.46K","0.09%"
"04/08/2024","548.62","548.13","549.98","546.69","551.59K","0.50%"
"04/05/2024","545.87","541.37","547.61","541.17","940.35K","0.77%"
"04/04/2024","541.69","551.91","552.82","540.33","1.29M","-1.06%"
"04/03/2024","547.49","543.49","548.39","543.49","811.01K","0.40%"
"04/02/2024","545.31","548.21","548.23","543.16","1.09M","-1.28%"
"04/01/2024","552.38","556.71","556.80","551.92","1.10M","-0.72%"
"03/28/2024","556.40","554.55","558.34","554.55","1.15M","0.36%"
"03/27/2024","554.41","548.05","554.42","547.87","1.13M","1.72%"
"03/26/2024","545.05","547.59","548.74","544.81","525.34K","-0.13%"
"03/25/2024","545.77","546.30","548.75","545.77","595.74K","0.03%"
"03/22/2024","545.59","550.23","550.94","545.25","708.11K","-0.83%"
"03/21/2024","550.16","546.60","551.25","546.36","764.21K","1.13%"
"03/20/2024","544.00","535.64","545.27","535.38","987.18K","1.34%"
"03/19/2024","536.79","531.59","537.27","531.59","663.50K","0.75%"
"03/18/2024","532.82","534.85","536.20","532.60","680.02K","-0.24%"
"03/15/2024","534.10","532.41","536.68","532.24","1.37M","-0.30%"
"03/14/2024","535.73","541.64","542.55","531.56","1.02M","-1.14%"
"03/13/2024","541.90","539.90","543.63","539.90","596.02K","0.39%"
"03/12/2024","539.80","537.12","541.15","535.68","542.83K","0.50%"
"03/11/2024","537.11","538.20","539.55","534.22","855.02K","-0.42%"
"03/08/2024","539.40","545.22","547.46","538.29","1.00M","-0.54%"
"03/07/2024","542.31","540.58","543.23","540.43","830.30K","0.90%"
"03/06/2024","537.49","538.28","539.27","535.27","1.27M","0.65%"
"03/05/2024","534.03","532.98","536.81","531.52","948.35K","-0.28%"
"03/04/2024","535.51","537.20","538.26","534.75","1.57M","0.73%"
"03/01/2024","531.61","528.40","532.07","526.04","996.19K","0.68%"
"02/29/2024","528.00","526.98","529.53","524.26","1.10M","0.78%"
"02/28/2024","523.91","520.47","525.36","520.13","795.73K","0.06%"
"02/27/2024","523.60","523.01","524.27","522.05","858.20K","0.42%"
"02/26/2024","521.43","520.90","524.26","520.01","618.33K","-0.03%"
"02/23/2024","521.60","521.42","523.79","519.82","631.23K","-0.03%"
"02/22/2024","521.76","516.73","522.09","516.73","843.27K","1.51%"
"02/21/2024","513.99","511.22","514.16","510.54","410.09K","0.25%"
"02/20/2024","512.70","512.89","513.48","510.45","643.08K","-0.74%"
"02/16/2024","516.53","519.20","521.83","516.53","771.68K","-0.96%"
"02/15/2024","521.52","515.12","522.06","515.12","1.08M","1.84%"
"02/14/2024","512.10","509.73","513.12","506.33","805.31K","1.41%"
"02/13/2024","504.99","504.90","509.36","501.24","1.42M","-2.47%"
"02/12/2024","517.76","513.04","519.39","513.04","679.72K","0.95%"
"02/09/2024","512.91","509.34","513.10","508.57","828.81K","0.75%"
"02/08/2024","509.11","503.64","509.28","503.64","429.17K","0.91%"
"02/07/2024","504.53","504.09","506.42","500.24","753.92K","0.58%"
"02/06/2024","501.64","499.42","502.60","498.41","791.80K","0.48%"
"02/05/2024","499.26","500.97","501.62","495.53","927.34K","-1.14%"
"02/02/2024","505.01","501.49","507.38","498.63","1.23M","-0.09%"
"02/01/2024","505.45","500.88","505.45","495.78","1.11M","1.38%"
"01/31/2024","498.56","506.92","509.06","498.28","2.36M","-1.84%"
"01/30/2024","507.88","506.90","509.33","506.01","654.45K","-0.27%"
"01/29/2024","509.24","504.07","509.24","502.60","717.67K","0.94%"
"01/26/2024","504.48","505.36","507.33","503.19","578.92K","0.10%"
"01/25/2024","503.99","504.66","506.66","501.01","739.59K","0.63%"
"01/24/2024","500.81","508.88","508.88","500.46","851.32K","-0.61%"
"01/23/2024","503.90","508.73","509.94","502.28","999.58K","-0.42%"
"01/22/2024","506.01","503.35","507.20","503.28","1.49M","1.16%"
"01/19/2024","500.19","496.44","500.97","493.08","1.17M","1.00%"
"01/18/2024","495.25","493.79","495.76","490.24","1.10M","0.79%"
"01/17/2024","491.35","489.13","493.02","487.66","1.09M","-0.71%"
"01/16/2024","494.84","494.63","496.56","492.00","1.49M","-0.65%"
"01/12/2024","498.09","502.59","504.11","496.45","843.98K","-0.03%"
"01/11/2024","498.24","498.57","499.15","493.25","1.32M","-0.27%"
"01/10/2024","499.61","498.71","500.26","495.61","662.43K","0.30%"
"01/09/2024","498.10","496.51","499.86","495.36","1.06M","-0.70%"
"01/08/2024","501.60","494.25","501.60","493.12","919.31K","1.31%"
"01/05/2024","495.11","491.63","498.48","490.67","1.24M","0.36%"
"01/04/2024","493.35","493.57","496.48","493.13","839.06K","-0.20%"
"01/03/2024","494.33","500.44","501.13","493.99","1.53M","-2.26%"
"01/02/2024","505.74","503.85","508.92","503.18","1.06M","-0.32%"
"12/29/2023","507.38","511.39","512.46","507.34","1.01M","-0.96%"
"12/28/2023","512.30","511.40","513.49","510.35","568.95K","-0.06%"
"12/27/2023","512.60","512.38","513.98","510.69","520.42K","0.06%"
"12/26/2023","512.30","509.20","513.87","508.67","513.85K","0.75%"
"12/22/2023","508.49","508.00","511.23","506.11","934.31K","0.38%"
"12/21/2023","506.59","503.92","506.91","501.75","849.93K","1.39%"
"12/20/2023","499.64","506.82","510.50","499.63","965.26K","-1.60%"
"12/19/2023","507.78","503.63","508.08","502.93","635.29K","1.32%"
"12/18/2023","501.17","502.86","503.55","500.18","968.37K","0.12%"
"12/15/2023","500.58","505.13","505.78","499.24","1.50M","-1.32%"
"12/14/2023","507.30","501.67","508.70","501.64","1.07M","2.40%"
"12/13/2023","495.43","483.11","495.47","481.07","1.24M","2.51%"
"12/12/2023","483.28","483.57","485.20","481.14","702.68K","-0.16%"
"12/11/2023","484.05","481.23","484.61","480.88","957.87K","0.52%"
"12/08/2023","481.55","478.90","483.61","478.88","579.97K","0.44%"
"12/07/2023","479.42","477.64","479.56","476.17","774.13K","0.56%"
"12/06/2023","476.75","480.51","484.56","476.51","832.20K","-0.20%"
"12/05/2023","477.70","481.81","481.94","476.74","960.71K","-1.29%"
"12/04/2023","483.93","478.88","484.43","478.20","1.13M","0.78%"
"12/01/2023","480.19","468.03","480.43","466.92","1.62M","2.42%"
"11/30/2023","468.83","467.57","469.61","465.36","1.43M","0.55%"
"11/29/2023","466.25","467.22","471.10","465.56","1.05M","0.38%"
"11/28/2023","464.49","466.79","468.01","463.89","1.04M","-0.64%"
"11/27/2023","467.48","466.41","468.44","464.42","675.31K","-0.17%"
"11/24/2023","468.29","465.72","468.84","465.27","336.55K","0.45%"
"11/22/2023","466.20","465.44","467.85","464.40","929.30K","0.58%"
"11/21/2023","463.50","464.20","465.13","463.09","625.99K","-0.50%"
"11/20/2023","465.82","463.37","466.65","461.66","788.20K","0.45%"
"11/17/2023","463.73","462.49","464.76","462.31","848.56K","0.87%"
"11/16/2023","459.75","463.82","465.14","458.42","1.00M","-1.07%"
"11/15/2023","464.70","463.13","469.65","462.68","1.04M","0.44%"
"11/14/2023","462.65","455.17","463.96","454.86","1.44M","3.91%"
"11/13/2023","445.26","444.39","446.81","443.16","864.88K","-0.16%"
"11/10/2023","445.96","442.57","446.11","440.29","591.07K","1.23%"
"11/09/2023","440.55","447.47","447.47","439.81","785.66K","-1.06%"
"11/08/2023","445.25","447.48","449.52","444.49","724.96K","-0.48%"
"11/07/2023","447.38","447.41","448.65","444.96","637.83K","-0.25%"
"11/06/2023","448.52","452.60","453.43","446.88","763.94K","-0.99%"
"11/03/2023","453.01","449.73","455.31","449.73","1.07M","1.95%"
"11/02/2023","444.35","439.99","444.47","439.14","1.03M","2.15%"
"11/01/2023","435.00","431.82","435.18","428.94","1.52M","0.57%"
"10/31/2023","432.52","429.66","433.27","428.79","833.36K","0.92%"
"10/30/2023","428.58","428.41","431.23","424.90","910.46K","0.82%"
"10/27/2023","425.08","431.85","432.09","424.22","1.65M","-1.32%"
"10/26/2023","430.78","429.05","434.04","429.05","1.36M","0.46%"
"10/25/2023","428.79","432.36","433.79","428.40","800.39K","-1.54%"
"10/24/2023","435.48","435.38","438.39","433.39","675.23K","0.56%"
"10/23/2023","433.07","434.80","438.47","432.67","949.63K","-0.94%"
"10/20/2023","437.16","441.61","443.21","436.69","1.27M","-1.06%"
"10/19/2023","441.83","447.15","450.44","440.53","1.54M","-1.50%"
"10/18/2023","448.58","454.77","454.97","448.29","957.39K","-2.23%"
"10/17/2023","458.80","450.86","461.87","450.86","1.06M","1.18%"
"10/16/2023","453.47","449.91","454.37","448.54","871.78K","1.65%"
"10/13/2023","446.09","449.91","450.81","444.67","748.30K","-0.56%"
"10/12/2023","448.59","457.83","457.93","446.23","853.56K","-1.92%"
"10/11/2023","457.38","456.61","459.40","454.17","673.75K","0.30%"
"10/10/2023","456.00","453.48","459.02","453.39","938.27K","0.91%"
"10/09/2023","451.89","446.18","453.08","445.92","830.39K","0.74%"
"10/06/2023","448.59","442.35","451.01","440.64","1.27M","0.86%"
"10/05/2023","444.78","444.54","447.01","442.18","1.25M","-0.17%"
"10/04/2023","445.55","443.59","446.15","440.00","1.35M","0.48%"
"10/03/2023","443.41","448.23","449.66","441.53","1.38M","-1.60%"
"10/02/2023","450.61","455.52","456.80","448.72","1.56M","-1.32%"
"09/29/2023","456.64","461.79","462.50","456.04","2.42M","-0.40%"
"09/28/2023","458.49","453.85","460.39","453.52","1.05M","1.06%"
"09/27/2023","453.68","453.33","455.61","450.11","1.39M","0.62%"
"09/26/2023","450.89","454.94","457.35","450.75","1.20M","-1.60%"
"09/25/2023","458.20","453.12","458.82","453.03","894.31K","0.65%"
"09/22/2023","455.24","456.78","458.72","455.11","913.96K","-0.12%"
"09/21/2023","455.78","461.52","461.56","455.77","948.73K","-1.81%"
"09/20/2023","464.18","468.69","471.12","464.10","690.15K","-0.57%"
"09/19/2023","466.82","468.19","469.80","465.18","615.00K","-0.20%"
"09/18/2023","467.76","468.90","469.87","466.78","691.25K","-0.17%"
"09/15/2023","468.54","471.49","471.83","466.97","1.61M","-1.37%"
"09/14/2023","475.03","472.53","475.33","471.65","688.84K","1.32%"
"09/13/2023","468.84","471.80","472.41","467.11","561.90K","-0.60%"
"09/12/2023","471.68","470.72","474.00","470.32","508.22K","0.03%"
"09/11/2023","471.55","473.95","474.68","470.91","526.95K","0.10%"
"09/08/2023","471.09","471.46","472.78","469.92","408.11K","-0.08%"
"09/07/2023","471.48","473.11","474.37","469.87","772.81K","-0.86%"
"09/06/2023","475.56","476.99","479.86","473.44","733.26K","-0.32%"
"09/05/2023","477.08","484.19","485.53","477.02","1.20M","-2.32%"
"09/01/2023","488.42","486.99","489.22","485.90","998.83K","1.00%"
"08/31/2023","483.57","483.91","486.28","483.47","564.69K","0.07%"
"08/30/2023","483.23","481.89","485.21","481.60","545.67K","0.17%"
"08/29/2023","482.41","475.64","482.43","474.29","690.29K","1.39%"
"08/28/2023","475.81","473.77","478.29","473.46","933.97K","0.88%"
"08/25/2023","471.68","471.79","473.74","466.77","906.20K","0.42%"
"08/24/2023","469.73","473.64","477.49","469.73","758.94K","-1.08%"
"08/23/2023","474.87","469.43","474.98","468.41","649.06K","1.12%"
"08/22/2023","469.59","472.75","473.57","468.74","947.78K","-0.46%"
"08/21/2023","471.76","471.83","473.30","468.15","968.09K","0.08%"
"08/18/2023","471.37","466.39","472.43","466.25","900.80K","0.34%"
"08/17/2023","469.75","477.00","478.08","469.75","897.74K","-1.30%"
"08/16/2023","475.93","479.99","482.38","475.91","638.66K","-0.93%"
"08/15/2023","480.39","484.03","484.03","480.04","628.14K","-1.35%"
"08/14/2023","486.94","483.90","487.06","482.22","678.78K","0.17%"
"08/11/2023","486.12","484.36","487.68","484.04","627.41K","-0.02%"
"08/10/2023","486.23","488.64","492.52","484.29","1.21M","-0.13%"
"08/09/2023","486.87","488.79","489.71","485.45","560.96K","-0.49%"
"08/08/2023","489.27","487.98","489.72","484.12","962.81K","-0.85%"
"08/07/2023","493.44","491.32","494.00","490.00","555.38K","0.72%"
"08/04/2023","489.89","491.24","494.81","488.94","1.04M","0.04%"
"08/03/2023","489.69","488.56","491.68","486.65","967.98K","-0.31%"
"08/02/2023","491.22","491.50","493.85","489.65","976.27K","-1.16%"
"08/01/2023","496.96","495.18","497.87","494.02","622.80K","-0.27%"
"07/31/2023","498.33","497.17","499.29","496.00","725.39K","0.49%"
"07/28/2023","495.89","496.00","497.73","493.87","770.18K","0.81%"
"07/27/2023","491.90","500.78","500.78","490.81","867.86K","-1.23%"
"07/26/2023","498.04","494.74","499.41","494.47","725.86K","0.52%"
"07/25/2023","495.44","493.26","497.79","492.96","644.68K","0.17%"
"07/24/2023","494.58","493.48","497.28","492.97","488.86K","0.15%"
"07/21/2023","493.84","497.78","497.78","493.35","504.71K","-0.21%"
"07/20/2023","494.88","498.18","498.30","493.16","998.19K","-0.56%"
"07/19/2023","497.67","497.69","498.92","495.24","745.80K","0.33%"
"07/18/2023","496.01","491.09","496.40","491.09","968.70K","0.99%"
"07/17/2023","491.16","487.55","492.41","486.43","774.07K","0.67%"
"07/14/2023","487.89","492.73","492.73","485.96","1.07M","-0.97%"
"07/13/2023","492.67","491.59","493.26","490.01","396.29K","0.51%"
"07/12/2023","490.15","492.40","492.94","489.21","991.48K","0.75%"
"07/11/2023","486.49","482.30","487.08","481.68","685.46K","1.09%"
"07/10/2023","481.26","474.16","481.36","473.90","631.20K","1.28%"
"07/07/2023","475.20","471.29","479.24","471.09","615.58K","1.00%"
"07/06/2023","470.51","471.44","471.75","466.28","793.46K","-1.12%"
"07/05/2023","475.86","478.46","478.48","475.13","736.27K","-0.78%"
"07/03/2023","479.60","478.52","481.31","477.59","404.14K","0.14%"
"06/30/2023","478.91","479.08","480.51","476.47","861.89K","0.69%"
"06/29/2023","475.63","469.92","475.72","469.33","519.89K","1.22%"
"06/28/2023","469.92","469.06","469.99","466.42","736.49K","0.02%"
"06/27/2023","469.82","463.25","470.54","462.21","662.83K","1.58%"
"06/26/2023","462.53","459.48","464.81","459.08","654.25K","0.85%"
"06/23/2023","458.63","459.00","462.14","458.27","985.73K","-1.17%"
"06/22/2023","464.07","465.43","465.73","461.66","682.49K","-0.53%"
"06/21/2023","466.52","465.37","468.60","464.03","761.37K","-0.12%"
"06/20/2023","467.06","468.18","468.58","464.86","992.07K","-0.74%"
"06/16/2023","470.54","474.24","475.23","468.89","1.72M","-0.78%"
"06/15/2023","474.23","467.81","474.38","467.81","1.12M","0.98%"
"06/14/2023","469.62","473.39","476.20","466.59","981.96K","-0.59%"
"06/13/2023","472.43","469.79","474.10","468.46","836.94K","1.07%"
"06/12/2023","467.43","465.41","468.31","463.39","727.40K","0.56%"
"06/09/2023","464.85","468.03","468.44","463.66","1.04M","-0.62%"
"06/08/2023","467.76","468.99","470.22","464.96","953.66K","-0.43%"
"06/07/2023","469.79","464.90","470.56","464.07","1.15M","1.50%"
"06/06/2023","462.85","452.25","463.67","452.25","1.22M","2.08%"
"06/05/2023","453.40","456.32","456.49","450.91","1.74M","-1.07%"
"06/02/2023","458.31","449.10","458.54","449.10","1.22M","3.23%"
"06/01/2023","443.97","440.70","444.90","438.30","954.31K","0.87%"
"05/31/2023","440.15","444.01","445.72","437.48","990.96K","-1.35%"
"05/30/2023","446.18","448.44","449.79","444.45","925.12K","-0.13%"
"05/26/2023","446.78","442.76","447.34","442.16","747.01K","1.02%"
"05/25/2023","442.26","442.38","443.56","438.62","899.89K","-0.03%"
"05/24/2023","442.41","445.04","445.37","440.79","872.32K","-0.95%"
"05/23/2023","446.64","449.80","453.21","446.35","895.18K","-1.02%"
"05/22/2023","451.25","450.36","453.04","447.57","694.75K","0.55%"
"05/19/2023","448.80","455.80","455.80","447.26","643.81K","-0.90%"
"05/18/2023","452.89","448.32","453.51","447.03","842.40K","0.80%"
"05/17/2023","449.29","443.42","450.05","441.90","880.76K","1.78%"
"05/16/2023","441.42","445.81","445.81","441.42","627.42K","-1.46%"
"05/15/2023","447.94","445.44","449.58","444.04","544.67K","0.80%"
"05/12/2023","444.39","445.70","447.28","441.47","555.14K","-0.01%"
"05/11/2023","444.43","445.13","445.98","442.21","526.78K","-0.66%"
"05/10/2023","447.37","451.71","451.71","442.69","823.80K","0.18%"
"05/09/2023","446.57","445.84","448.24","444.33","513.03K","-0.34%"
"05/08/2023","448.09","451.58","451.90","446.37","556.57K","-0.31%"
"05/05/2023","449.50","446.44","450.83","446.14","843.59K","2.17%"
"05/04/2023","439.95","444.58","445.11","437.75","1.11M","-1.76%"
"05/03/2023","447.83","449.18","455.77","447.22","1.29M","-0.03%"
"05/02/2023","447.95","452.44","454.62","442.26","1.49M","-1.43%"
"05/01/2023","454.44","453.87","458.32","453.80","706.07K","-0.07%"
"04/28/2023","454.75","449.53","455.26","449.48","669.48K","0.95%"
"04/27/2023","450.45","444.61","450.76","443.14","590.44K","1.58%"
"04/26/2023","443.43","445.94","448.19","442.82","620.59K","-0.89%"
"04/25/2023","447.42","453.13","453.88","447.40","551.59K","-1.92%"
"04/24/2023","456.18","455.74","458.31","454.20","512.64K","0.01%"
"04/21/2023","456.15","456.82","457.15","452.48","580.36K","-0.05%"
"04/20/2023","456.39","454.80","458.27","454.80","459.60K","-0.34%"
"04/19/2023","457.93","455.10","458.63","454.41","380.51K","0.18%"
"04/18/2023","457.13","459.87","460.36","455.01","719.71K","-0.15%"
"04/17/2023","457.83","455.20","458.00","453.94","500.50K","0.76%"
"04/14/2023","454.38","457.04","459.92","451.92","643.84K","-0.55%"
"04/13/2023","456.90","454.92","457.82","452.43","485.02K","0.71%"
"04/12/2023","453.66","460.04","460.06","453.20","589.17K","-0.57%"
"04/11/2023","456.27","454.20","458.04","453.45","516.23K","0.92%"
"04/10/2023","452.09","444.31","452.19","444.31","608.26K","1.22%"
"04/06/2023","446.62","446.75","447.95","444.40","608.56K","-0.14%"
"04/05/2023","447.23","448.09","449.47","444.40","683.26K","-0.73%"
"04/04/2023","450.53","458.83","459.56","447.80","856.11K","-1.64%"
"04/03/2023","458.03","458.67","460.89","454.64","1.09M","-0.08%"
"03/31/2023","458.41","453.14","458.61","452.95","858.72K","1.77%"
"03/30/2023","450.42","453.00","454.25","449.15","537.20K","0.29%"
"03/29/2023","449.11","447.45","449.40","445.54","718.28K","1.23%"
"03/28/2023","443.65","441.23","445.47","441.23","725.48K","0.18%"
"03/27/2023","442.86","443.46","445.04","439.54","844.58K","1.00%"
"03/24/2023","438.47","431.52","438.79","428.30","776.10K","0.83%"
"03/23/2023","434.88","439.58","445.00","431.73","1.06M","-0.46%"
"03/22/2023","436.88","448.00","449.90","436.78","1.19M","-2.54%"
"03/21/2023","448.28","446.82","450.40","446.16","860.58K","1.82%"
"03/20/2023","440.27","436.80","443.80","436.80","847.95K","1.66%"
"03/17/2023","433.10","439.20","440.97","431.49","1.23M","-2.54%"
"03/16/2023","444.40","433.54","446.46","432.03","1.69M","1.38%"
"03/15/2023","438.36","437.38","440.03","431.45","1.32M","-2.19%"
"03/14/2023","448.16","450.85","453.42","443.30","967.86K","1.90%"
"03/13/2023","439.79","439.40","446.75","434.95","1.93M","-1.82%"
"03/10/2023","447.95","459.28","461.10","444.70","2.37M","-2.83%"
"03/09/2023","461.01","472.40","473.92","460.81","1.12M","-2.41%"
"03/08/2023","472.39","472.37","474.53","469.37","754.32K","0.10%"
"03/07/2023","471.91","477.60","479.37","471.20","1.04M","-1.19%"
"03/06/2023","477.60","483.63","483.98","476.57","1.11M","-1.23%"
"03/03/2023","483.54","479.99","484.19","477.51","1.13M","1.02%"
"03/02/2023","478.68","472.28","478.82","471.29","502.01K","0.59%"
"03/01/2023","475.88","473.11","477.39","472.66","688.78K","0.24%"
"02/28/2023","474.75","475.38","479.15","474.46","741.27K","-0.22%"
"02/27/2023","475.79","478.27","480.85","474.36","501.71K","0.25%"
"02/24/2023","474.59","471.49","475.48","469.80","854.17K","-0.62%"
"02/23/2023","477.53","478.04","480.38","472.07","603.52K","0.48%"
"02/22/2023","475.24","475.17","478.69","473.86","1.33M","0.12%"
"02/21/2023","474.65","480.86","482.43","474.15","417.65K","-2.42%"
"02/17/2023","486.42","485.56","487.01","482.54","515.04K","-0.13%"
"02/16/2023","487.06","484.62","492.30","484.28","605.32K","-0.72%"
"02/15/2023","490.59","484.12","490.67","483.42","359.55K","0.66%"
"02/14/2023","487.35","484.32","490.31","482.17","531.25K","0.05%"
"02/13/2023","487.11","481.70","487.16","480.03","470.85K","1.20%"
"02/10/2023","481.32","478.05","481.82","477.49","524.12K","0.23%"
"02/09/2023","480.20","489.12","491.39","478.94","605.81K","-1.21%"
"02/08/2023","486.06","489.10","490.97","485.02","658.22K","-1.19%"
"02/07/2023","491.92","486.59","493.05","483.21","961.39K","0.76%"
"02/06/2023","488.23","490.77","493.28","486.32","756.60K","-1.15%"
"02/03/2023","493.92","492.96","497.90","491.95","1.13M","-0.64%"
"02/02/2023","497.12","494.27","499.48","492.76","1.01M","1.14%"
"02/01/2023","491.50","482.43","494.65","481.04","1.24M","1.60%"
"01/31/2023","483.75","473.25","483.83","473.25","1.33M","2.41%"
"01/30/2023","472.37","474.20","478.77","472.13","690.27K","-1.11%"
"01/27/2023","477.65","473.85","479.26","473.85","377.55K","0.38%"
"01/26/2023","475.83","474.71","476.49","470.64","492.54K","0.84%"
"01/25/2023","471.85","466.51","472.08","464.79","492.13K","0.25%"
"01/24/2023","470.66","469.96","472.93","468.20","409.89K","-0.33%"
"01/23/2023","472.20","467.11","473.72","466.35","622.73K","1.29%"
"01/20/2023","466.20","460.39","466.53","457.44","503.40K","1.63%"
"01/19/2023","458.72","460.47","461.95","456.66","489.09K","-1.03%"
"01/18/2023","463.48","470.98","474.40","463.41","788.20K","-1.31%"
"01/17/2023","469.64","470.75","472.63","468.87","561.96K","-0.21%"
"01/13/2023","470.65","465.37","471.09","464.68","624.76K","0.49%"
"01/12/2023","468.36","466.27","469.26","462.24","756.34K","0.91%"
"01/11/2023","464.12","460.56","464.20","460.04","470.84K","1.24%"
"01/10/2023","458.44","453.46","458.51","451.63","408.47K","0.98%"
"01/09/2023","454.01","456.09","459.12","453.57","618.56K","-0.03%"
"01/06/2023","454.13","446.68","454.82","445.29","668.24K","2.55%"
"01/05/2023","442.85","444.50","444.93","440.30","561.11K","-1.03%"
"01/04/2023","447.45","444.31","449.68","443.39","645.28K","1.53%"
"01/03/2023","440.72","446.37","448.76","437.68","850.09K","-0.47%"
"12/30/2022","442.79","441.25","443.66","439.18","615.49K","-0.45%"
"12/29/2022","444.78","438.85","446.35","438.47","430.86K","1.94%"
"12/28/2022","436.32","444.09","445.33","436.21","402.72K","-1.69%"
"12/27/2022","443.82","443.52","445.63","441.29","442.29K","0.05%"
"12/23/2022","443.61","439.66","443.78","437.95","423.75K","0.76%"
"12/22/2022","440.25","442.60","442.60","433.15","623.76K","-1.17%"
"12/21/2022","445.48","441.07","446.57","441.07","843.93K","1.90%"
"12/20/2022","437.19","433.88","439.58","433.85","692.41K","0.52%"
"12/19/2022","434.92","439.68","441.17","433.04","827.86K","-1.16%"
"12/16/2022","440.03","439.59","442.57","436.58","675.40K","-1.38%"
"12/15/2022","446.19","450.80","451.63","444.94","832.43K","-2.27%"
"12/14/2022","456.56","458.32","462.39","453.25","790.18K","-0.47%"
"12/13/2022","458.70","468.81","469.57","455.62","1.32M","0.59%"
"12/12/2022","456.03","451.80","456.44","449.59","871.48K","1.09%"
"12/09/2022","451.13","453.66","456.30","451.08","604.19K","-1.09%"
"12/08/2022","456.10","454.59","459.16","453.68","439.12K","0.79%"
"12/07/2022","452.53","452.06","456.63","451.35","541.46K","-0.12%"
"12/06/2022","453.07","457.73","459.02","449.09","938.05K","-1.17%"
"12/05/2022","458.44","466.68","466.68","456.54","869.18K","-2.48%"
"12/02/2022","470.10","464.20","472.35","464.20","597.00K","0.10%"
"12/01/2022","469.65","472.96","475.17","468.30","957.43K","-0.18%"
"11/30/2022","470.48","460.08","470.79","455.99","1.37M","2.30%"
"11/29/2022","459.91","458.30","462.19","458.30","498.57K","0.33%"
"11/28/2022","458.41","463.40","464.99","457.36","722.12K","-1.94%"
"11/25/2022","467.50","465.57","468.10","464.78","274.66K","0.52%"
"11/23/2022","465.10","463.75","467.64","462.85","537.10K","0.07%"
"11/22/2022","464.79","459.40","465.01","459.18","584.57K","1.63%"
"11/21/2022","457.33","456.06","458.36","454.92","420.67K","-0.21%"
"11/18/2022","458.27","459.56","460.76","454.05","498.99K","0.66%"
"11/17/2022","455.28","451.50","455.40","449.76","706.94K","-0.55%"
"11/16/2022","457.82","461.81","461.81","456.85","612.56K","-1.47%"
"11/15/2022","464.65","464.16","468.38","460.94","990.48K","1.56%"
"11/14/2022","457.51","459.79","464.22","457.28","920.28K","-0.98%"
"11/11/2022","462.02","460.65","465.79","460.16","733.80K","0.57%"
"11/10/2022","459.38","449.82","459.59","449.82","1.38M","5.80%"
"11/09/2022","434.21","440.12","442.78","433.43","703.84K","-2.11%"
"11/08/2022","443.59","443.69","448.23","438.54","683.61K","0.17%"
"11/07/2022","442.83","441.68","443.19","437.35","753.49K","0.89%"
"11/04/2022","438.93","437.68","442.23","431.88","788.49K","1.70%"
"11/03/2022","431.59","427.36","434.64","424.11","852.46K","-0.25%"
"11/02/2022","432.66","443.80","448.11","432.47","834.14K","-2.90%"
"11/01/2022","445.59","448.42","449.43","443.11","1.04M","0.41%"
"10/31/2022","443.77","442.26","446.27","440.76","854.99K","-0.06%"
"10/28/2022","444.05","436.85","444.41","434.49","753.09K","1.82%"
"10/27/2022","436.11","438.15","441.87","435.63","658.78K","0.00%"
"10/26/2022","436.13","436.40","442.75","433.82","717.89K","0.25%"
"10/25/2022","435.03","424.28","435.51","424.25","745.93K","2.51%"
"10/24/2022","424.37","424.14","425.72","419.76","698.58K","0.66%"
"10/21/2022","421.60","414.00","422.45","410.07","811.51K","2.07%"
"10/20/2022","413.07","420.15","423.79","411.96","639.01K","-1.53%"
"10/19/2022","419.49","423.21","425.19","415.34","731.54K","-1.73%"
"10/18/2022","426.89","429.60","432.39","423.59","894.14K","1.45%"
"10/17/2022","420.78","416.68","422.60","416.68","967.22K","2.76%"
"10/14/2022","409.49","422.69","425.21","409.06","935.21K","-2.45%"
"10/13/2022","419.77","402.79","422.03","399.69","1.30M","2.17%"
"10/12/2022","410.85","413.53","413.68","409.04","935.47K","-0.51%"
"10/11/2022","412.94","410.33","418.42","407.24","1.16M","0.13%"
"10/10/2022","412.39","415.01","415.95","409.41","575.60K","-0.18%"
"10/07/2022","413.15","420.00","420.40","411.28","714.45K","-2.53%"
"10/06/2022","423.89","425.09","429.28","422.46","824.13K","-0.76%"
"10/05/2022","427.15","423.94","429.30","419.96","1.09M","-0.59%"
"10/04/2022","429.68","420.11","429.69","420.11","925.11K","3.97%"
"10/03/2022","413.27","407.00","415.91","403.32","1.00M","2.89%"
"09/30/2022","401.66","404.11","410.72","401.08","1.31M","-0.70%"
"09/29/2022","404.48","407.94","408.75","400.20","1.53M","-2.04%"
"09/28/2022","412.91","403.74","415.01","402.61","881.07K","2.71%"
"09/27/2022","402.01","405.99","408.94","398.11","1.12M","0.11%"
"09/26/2022","401.58","405.61","410.79","400.21","1.05M","-1.54%"
"09/23/2022","407.87","410.77","411.39","402.64","1.03M","-2.10%"
"09/22/2022","416.60","424.99","426.08","415.72","1.05M","-2.20%"
"09/21/2022","425.98","434.07","438.72","425.70","1.09M","-1.32%"
"09/20/2022","431.66","434.68","435.20","428.78","670.22K","-1.65%"
"09/19/2022","438.92","428.96","439.38","428.94","685.63K","1.31%"
"09/16/2022","433.23","433.92","435.45","429.47","933.69K","-1.83%"
"09/15/2022","441.31","441.90","448.18","439.55","708.32K","-0.61%"
"09/14/2022","444.03","444.57","445.06","439.05","629.11K","0.02%"
"09/13/2022","443.92","450.12","452.44","442.66","736.52K","-3.72%"
"09/12/2022","461.08","459.70","463.61","458.55","767.26K","0.97%"
"09/09/2022","456.67","451.58","457.46","451.57","699.53K","1.79%"
"09/08/2022","448.64","440.73","448.71","439.01","661.25K","0.92%"
"09/07/2022","444.56","433.95","445.16","433.29","534.72K","2.29%"
"09/06/2022","434.60","438.80","439.36","431.59","957.62K","-0.64%"
"09/02/2022","437.40","445.13","447.08","435.55","874.66K","-0.74%"
"09/01/2022","440.65","440.48","440.80","434.88","849.95K","-0.77%"
"08/31/2022","444.09","448.02","449.42","443.49","497.07K","-0.71%"
"08/30/2022","447.25","454.72","455.17","445.51","620.92K","-1.36%"
"08/29/2022","453.40","453.01","457.38","451.48","517.78K","-0.66%"
"08/26/2022","456.40","470.35","471.00","456.38","576.59K","-3.01%"
"08/25/2022","470.57","464.58","470.57","464.04","563.66K","1.69%"
"08/24/2022","462.75","460.26","464.25","459.15","337.39K","0.50%"
"08/23/2022","460.43","460.89","465.46","459.61","615.05K","0.00%"
"08/22/2022","460.44","464.76","464.76","459.69","582.57K","-2.13%"
"08/19/2022","470.46","474.73","475.15","469.27","663.26K","-1.67%"
"08/18/2022","478.44","475.67","478.98","474.81","424.83K","0.81%"
"08/17/2022","474.61","476.68","477.58","471.58","451.55K","-1.34%"
"08/16/2022","481.07","476.69","483.10","476.69","436.18K","0.63%"
"08/15/2022","478.05","473.98","478.73","473.03","820.44K","0.14%"
"08/12/2022","477.40","472.06","477.41","470.95","415.25K","1.57%"
"08/11/2022","470.02","471.68","476.33","469.64","645.42K","0.57%"
"08/10/2022","467.35","463.47","467.93","462.81","543.40K","2.46%"
"08/09/2022","456.11","458.60","459.35","454.51","560.32K","-0.86%"
"08/08/2022","460.05","459.43","464.41","458.99","483.29K","0.67%"
"08/05/2022","456.97","450.40","457.78","450.24","540.37K","0.55%"
"08/04/2022","454.47","457.56","457.71","454.24","417.31K","-0.76%"
"08/03/2022","457.95","456.10","459.34","453.82","641.67K","0.89%"
"08/02/2022","453.91","456.23","459.00","452.56","721.84K","-0.96%"
"08/01/2022","458.33","455.97","460.41","453.13","986.24K","-0.07%"
"07/29/2022","458.63","453.76","460.01","452.35","801.08K","1.34%"
"07/28/2022","452.57","448.10","452.83","443.09","489.68K","1.57%"
"07/27/2022","445.59","439.48","447.35","438.62","560.77K","1.87%"
"07/26/2022","437.39","438.73","439.29","435.83","424.12K","-0.57%"
"07/25/2022","439.91","438.74","440.37","435.31","587.15K","0.63%"
"07/22/2022","437.16","442.33","444.02","434.37","544.21K","-0.92%"
"07/21/2022","441.22","435.87","441.22","433.43","595.77K","0.83%"
"07/20/2022","437.59","432.97","438.42","431.26","726.43K","1.03%"
"07/19/2022","433.12","424.59","433.51","424.08","684.03K","3.27%"
"07/18/2022","419.39","424.61","426.51","418.51","859.84K","-0.22%"
"07/15/2022","420.32","417.60","420.46","412.64","766.56K","1.94%"
"07/14/2022","412.33","409.78","413.08","406.65","792.48K","-1.01%"
"07/13/2022","416.54","412.48","418.70","410.44","1.05M","-0.26%"
"07/12/2022","417.61","417.20","422.76","415.50","629.13K","-0.17%"
"07/11/2022","418.32","420.64","422.23","417.78","491.90K","-1.19%"
"07/08/2022","423.35","423.60","426.56","419.84","677.29K","-0.31%"
"07/07/2022","424.67","419.15","425.57","419.15","743.54K","2.13%"
"07/06/2022","415.81","417.81","420.45","411.10","865.33K","-0.60%"
"07/05/2022","418.33","412.44","418.46","406.22","1.01M","-0.12%"
"07/01/2022","418.85","412.99","419.58","409.80","883.49K","1.30%"
"06/30/2022","413.49","412.11","418.54","408.16","1.16M","-1.01%"
"06/29/2022","417.71","421.12","421.51","414.54","622.29K","-0.75%"
"06/28/2022","420.86","429.43","433.07","420.85","816.03K","-1.43%"
"06/27/2022","426.98","427.17","429.81","423.19","924.87K","0.36%"
"06/24/2022","425.44","414.47","425.64","413.86","1.12M","3.50%"
"06/23/2022","411.07","409.73","411.79","405.22","1.21M","0.61%"
"06/22/2022","408.59","404.22","411.34","403.39","742.56K","-0.33%"
"06/21/2022","409.95","411.16","413.68","407.48","854.05K","1.26%"
"06/17/2022","404.83","402.79","408.49","400.05","1.67M","0.56%"
"06/16/2022","402.57","412.91","413.69","400.07","1.14M","-4.74%"
"06/15/2022","422.61","421.55","427.91","415.77","1.36M","1.20%"
"06/14/2022","417.61","420.37","422.19","413.59","1.56M","-0.42%"
"06/13/2022","419.38","427.98","429.68","417.49","1.33M","-4.48%"
"06/10/2022","439.05","444.17","445.55","438.33","1.16M","-2.64%"
"06/09/2022","450.95","458.32","459.39","450.94","830.10K","-2.06%"
"06/08/2022","460.42","466.60","467.13","459.12","645.97K","-1.86%"
"06/07/2022","469.13","459.01","469.15","458.30","817.84K","1.31%"
"06/06/2022","463.07","465.10","465.83","461.61","755.22K","0.58%"
"06/03/2022","460.39","461.97","462.55","458.70","679.16K","-1.16%"
"06/02/2022","465.77","456.58","465.89","455.18","876.09K","2.27%"
"06/01/2022","455.41","461.49","462.62","449.71","636.78K","-0.83%"
"05/31/2022","459.23","461.68","462.58","456.30","1.82M","-1.00%"
"05/27/2022","463.85","455.44","463.92","455.20","965.69K","2.31%"
"05/26/2022","453.37","445.94","455.30","445.89","743.32K","2.33%"
"05/25/2022","443.04","433.21","445.04","432.93","836.10K","1.92%"
"05/24/2022","434.70","436.25","437.53","427.04","971.07K","-1.23%"
"05/23/2022","440.12","439.54","442.14","434.10","935.87K","1.09%"
"05/20/2022","435.36","441.23","441.63","425.42","1.03M","-0.29%"
"05/19/2022","436.62","433.11","442.09","433.11","1.01M","-0.12%"
"05/18/2022","437.14","449.38","449.59","435.50","1.01M","-3.71%"
"05/17/2022","454.00","448.39","454.54","445.33","1.43M","2.91%"
"05/16/2022","441.16","442.05","444.77","437.73","742.87K","-0.57%"
"05/13/2022","443.71","437.39","446.51","437.37","868.56K","2.63%"
"05/12/2022","432.35","425.98","435.37","424.27","1.42M","0.96%"
"05/11/2022","428.25","436.17","444.39","427.70","1.48M","-1.73%"
"05/10/2022","435.78","442.29","444.85","428.02","1.61M","-0.33%"
"05/09/2022","437.22","446.03","448.27","435.31","1.59M","-3.34%"
"05/06/2022","452.34","455.60","457.22","446.37","1.89M","-1.33%"
"05/05/2022","458.46","471.69","471.69","453.87","1.37M","-3.71%"
"05/04/2022","476.14","464.05","476.47","458.77","1.29M","2.82%"
"05/03/2022","463.08","458.64","465.37","457.51","1.22M","0.96%"
"05/02/2022","458.67","455.80","461.12","448.54","1.98M","0.62%"
"04/29/2022","455.83","466.91","471.15","455.13","1.69M","-2.76%"
"04/28/2022","468.75","464.54","470.42","456.18","1.30M","1.90%"
"04/27/2022","460.01","459.81","465.42","457.20","2.53M","0.12%"
"04/26/2022","459.46","470.02","470.62","459.42","2.04M","-2.97%"
"04/25/2022","473.52","466.63","473.83","461.05","1.76M","0.59%"
"04/22/2022","470.72","481.24","481.67","470.49","1.47M","-2.69%"
"04/21/2022","483.72","496.99","497.79","482.34","1.22M","-1.81%"
"04/20/2022","492.64","492.05","495.50","490.87","1.02M","0.76%"
"04/19/2022","488.90","478.72","489.59","478.43","897.32K","2.26%"
"04/18/2022","478.08","478.19","480.59","475.87","1.14M","-0.19%"
"04/14/2022","479.01","482.60","485.47","478.94","1.45M","-0.59%"
"04/13/2022","481.84","474.93","482.49","474.93","1.03M","1.63%"
"04/12/2022","474.13","478.50","483.68","472.85","1.40M","-0.14%"
"04/11/2022","474.78","474.73","481.09","474.52","865.08K","-0.47%"
"04/08/2022","477.03","477.03","481.44","474.73","799.91K","0.01%"
"04/07/2022","477.00","477.63","479.58","470.93","1.11M","-0.25%"
"04/06/2022","478.20","479.92","480.92","475.26","797.97K","-1.17%"
"04/05/2022","483.86","491.75","495.04","482.72","1.10M","-1.83%"
"04/04/2022","492.86","493.87","494.39","490.45","1.07M","-0.18%"
"04/01/2022","493.76","493.39","496.21","489.57","1.20M","0.67%"
"03/31/2022","490.45","497.07","499.86","490.35","1.26M","-1.47%"
"03/30/2022","497.79","504.33","504.39","495.49","1.48M","-1.53%"
"03/29/2022","505.52","499.32","506.70","499.06","1.76M","2.14%"
"03/28/2022","494.95","492.82","495.04","488.56","1.36M","0.15%"
"03/25/2022","494.20","491.77","494.37","489.22","1.52M","0.71%"
"03/24/2022","490.72","486.53","490.78","484.63","514.53K","1.15%"
"03/23/2022","485.12","492.38","492.53","484.95","1.58M","-1.86%"
"03/22/2022","494.31","493.08","498.05","492.26","1.15M","0.62%"
"03/21/2022","491.26","493.44","496.60","487.92","1.01M","-0.27%"
"03/18/2022","492.58","486.29","493.64","485.20","1.53M","0.49%"
"03/17/2022","490.17","482.60","490.25","482.34","996.02K","0.97%"
"03/16/2022","485.45","477.00","485.45","473.33","1.58M","2.84%"
"03/15/2022","472.03","466.80","472.42","465.89","957.61K","1.50%"
"03/14/2022","465.06","470.40","473.10","462.81","884.49K","-0.83%"
"03/11/2022","468.96","475.99","478.68","468.79","2.22M","-1.04%"
"03/10/2022","473.89","468.41","474.63","466.98","1.05M","0.02%"
"03/09/2022","473.81","469.01","476.19","468.37","1.49M","2.85%"
"03/08/2022","460.70","460.13","471.51","456.83","1.82M","0.32%"
"03/07/2022","459.24","476.68","476.70","459.00","1.22M","-3.76%"
"03/04/2022","477.19","480.14","480.97","472.47","1.16M","-1.54%"
"03/03/2022","484.65","490.67","491.18","481.14","1.17M","-0.85%"
"03/02/2022","488.80","478.77","490.84","478.76","2.44M","2.65%"
"03/01/2022","476.17","484.26","486.61","472.62","2.37M","-1.91%"
"02/28/2022","485.44","479.77","487.93","479.71","2.17M","-0.05%"
"02/25/2022","485.67","473.21","485.76","471.14","2.52M","2.83%"
"02/24/2022","472.32","453.40","473.18","452.89","1.88M","1.48%"
"02/23/2022","465.43","476.61","478.16","464.96","1.61M","-1.68%"
"02/22/2022","473.39","478.00","481.83","470.58","1.56M","-1.40%"
"02/18/2022","480.12","481.66","487.09","478.53","1.48M","-0.39%"
"02/17/2022","482.01","488.75","489.74","481.46","1.24M","-2.18%"
"02/16/2022","492.76","489.26","494.39","487.88","1.30M","0.30%"
"02/15/2022","491.30","485.34","492.02","485.06","1.56M","2.17%"
"02/14/2022","480.87","482.57","486.89","477.59","1.83M","-0.33%"
"02/11/2022","482.44","489.23","493.09","479.66","1.28M","-1.30%"
"02/10/2022","488.78","489.19","500.55","486.32","1.66M","-1.42%"
"02/09/2022","495.83","491.25","496.09","491.08","1.19M","1.78%"
"02/08/2022","487.14","478.59","487.82","478.59","1.04M","1.91%"
"02/07/2022","477.99","478.39","481.41","475.96","1.79M","0.00%"
"02/04/2022","478.00","476.40","481.87","471.40","778.71K","0.19%"
"02/03/2022","477.08","480.60","484.19","476.65","1.17M","-1.62%"
"02/02/2022","484.95","485.45","487.27","481.23","1.28M","0.00%"
"02/01/2022","484.93","481.56","485.71","475.37","1.53M","1.02%"
"01/31/2022","480.04","467.45","480.38","466.57","2.01M","2.18%"
"01/28/2022","469.78","461.38","469.91","454.75","2.02M","1.99%"
"01/27/2022","460.61","472.38","477.08","458.52","2.74M","-1.54%"
"01/26/2022","467.81","478.80","483.26","463.27","2.51M","-1.06%"
"01/25/2022","472.80","474.61","478.92","464.09","2.29M","-1.77%"
"01/24/2022","481.32","466.38","482.33","459.32","5.00M","1.91%"
"01/21/2022","472.30","478.61","483.63","472.10","3.19M","-1.73%"
"01/20/2022","480.60","491.00","497.70","480.28","1.71M","-1.77%"
"01/19/2022","489.25","498.26","499.62","489.15","1.36M","-1.34%"
"01/18/2022","495.88","501.76","502.52","495.09","1.37M","-2.14%"
"01/14/2022","506.71","504.25","507.28","499.69","1.09M","-0.32%"
"01/13/2022","508.33","511.45","515.10","507.15","1.40M","-0.28%"
"01/12/2022","509.75","513.21","515.33","507.13","824.00K","-0.31%"
"01/11/2022","511.36","507.02","511.42","501.79","1.57M","0.95%"
"01/10/2022","506.53","505.97","506.89","498.26","2.39M","-0.39%"
"01/07/2022","508.52","512.25","515.26","506.95","1.69M","-0.77%"
"01/06/2022","512.47","510.67","515.80","507.27","1.99M","0.52%"
"01/05/2022","509.83","521.65","523.93","509.74","1.73M","-2.28%"
"01/04/2022","521.70","521.10","524.18","519.65","1.71M","0.48%"
"01/03/2022","519.19","518.95","522.52","515.30","1.91M","0.29%"
"12/31/2021","517.68","516.20","520.23","515.81","790.26K","0.11%"
"12/30/2021","517.09","519.09","522.18","516.78","863.02K","-0.28%"
"12/29/2021","518.54","516.00","519.20","515.05","930.92K","0.54%"
"12/28/2021","515.74","515.52","519.60","514.57","1.21M","-0.02%"
"12/27/2021","515.86","509.60","516.05","507.55","914.12K","1.35%"
"12/23/2021","509.01","507.00","510.26","505.92","1.21M","0.66%"
"12/22/2021","505.67","500.40","505.84","499.88","1.26M","0.97%"
"12/21/2021","500.83","491.94","500.85","491.93","1.33M","2.67%"
"12/20/2021","487.80","489.79","490.17","481.48","2.01M","-1.68%"
"12/17/2021","496.13","494.80","501.42","491.51","1.54M","-0.49%"
"12/16/2021","498.59","507.85","509.02","496.83","1.35M","-1.32%"
"12/15/2021","505.27","500.45","505.72","494.72","1.09M","1.03%"
"12/14/2021","500.14","498.75","505.13","498.18","991.87K","-0.40%"
"12/13/2021","502.13","506.40","507.17","500.27","1.20M","-1.02%"
"12/10/2021","507.33","510.03","510.86","503.25","1.00M","0.12%"
"12/09/2021","506.72","512.01","513.32","506.72","1.09M","-1.47%"
"12/08/2021","514.29","512.46","515.33","510.72","1.56M","0.52%"
"12/07/2021","511.64","508.76","516.03","508.23","1.34M","1.72%"
"12/06/2021","502.98","497.31","506.41","494.13","1.39M","2.11%"
"12/03/2021","492.58","501.00","501.98","489.21","1.64M","-1.48%"
"12/02/2021","500.00","488.29","501.11","487.92","2.53M","2.91%"
"12/01/2021","485.85","502.70","506.77","485.85","1.82M","-1.61%"
"11/30/2021","493.80","503.75","504.27","493.20","1.61M","-2.61%"
"11/29/2021","507.04","512.82","513.36","504.38","1.07M","0.14%"
"11/26/2021","506.35","511.11","512.37","502.93","1.61M","-3.30%"
"11/24/2021","523.63","520.52","524.14","518.84","917.52K","-0.03%"
"11/23/2021","523.79","524.18","526.83","519.42","1.11M","-0.08%"
"11/22/2021","524.20","526.15","529.59","523.96","1.02M","0.12%"
"11/19/2021","523.58","523.35","525.87","521.54","655.85K","-0.44%"
"11/18/2021","525.91","528.46","528.75","522.06","959.49K","-0.12%"
"11/17/2021","526.56","529.80","529.80","523.87","1.10M","-0.84%"
"11/16/2021","531.03","530.31","533.29","529.20","937.94K","0.18%"
"11/15/2021","530.09","531.26","531.37","528.88","625.41K","0.18%"
"11/12/2021","529.14","528.21","529.76","527.41","656.23K","0.36%"
"11/11/2021","527.23","525.87","528.69","524.54","697.06K","0.53%"
"11/10/2021","524.45","527.10","529.92","522.41","806.56K","-0.89%"
"11/09/2021","529.17","529.61","531.02","527.37","765.69K","-0.13%"
"11/08/2021","529.85","532.46","533.57","528.77","745.16K","0.05%"
"11/05/2021","529.56","529.12","533.20","526.88","758.10K","0.89%"
"11/04/2021","524.90","527.58","530.15","523.83","1.17M","-0.32%"
"11/03/2021","526.61","519.42","528.34","519.17","1.35M","1.12%"
"11/02/2021","520.77","519.76","522.09","517.35","963.08K","0.19%"
"11/01/2021","519.78","511.78","520.02","510.88","1.68M","2.09%"
"10/29/2021","509.14","508.48","511.48","507.09","696.16K","0.05%"
"10/28/2021","508.87","503.74","509.00","503.71","811.33K","1.58%"
"10/27/2021","500.96","508.71","508.86","500.82","878.59K","-1.56%"
"10/26/2021","508.89","513.07","513.71","508.86","854.32K","-0.64%"
"10/25/2021","512.19","510.87","513.97","508.80","714.68K","0.53%"
"10/22/2021","509.51","509.31","512.45","507.08","677.95K","0.14%"
"10/21/2021","508.80","506.70","509.18","505.78","739.92K","0.30%"
"10/20/2021","507.29","503.67","508.33","502.92","775.89K","0.78%"
"10/19/2021","503.38","504.49","504.90","501.72","607.26K","0.28%"
"10/18/2021","501.99","499.10","502.81","497.48","935.13K","0.21%"
"10/15/2021","500.92","504.24","506.20","500.67","764.95K","0.09%"
"10/14/2021","500.45","496.38","500.69","495.99","893.72K","1.71%"
"10/13/2021","492.05","490.63","493.15","486.45","879.05K","0.38%"
"10/12/2021","490.20","488.56","492.51","487.88","819.49K","0.60%"
"10/11/2021","487.29","491.15","494.02","487.26","695.21K","-0.53%"
"10/08/2021","489.90","493.20","494.63","489.84","643.16K","-0.60%"
"10/07/2021","492.85","489.33","495.98","489.33","1.24M","1.47%"
"10/06/2021","485.70","481.87","485.95","477.40","1.80M","-0.18%"
"10/05/2021","486.57","487.80","491.15","484.42","1.70M","0.12%"
"10/04/2021","486.01","487.84","491.07","484.03","1.66M","-0.54%"
"10/01/2021","488.66","482.78","491.87","479.23","1.74M","1.62%"
"09/30/2021","480.88","490.33","490.75","480.78","1.53M","-1.53%"
"09/29/2021","488.34","489.94","491.46","486.86","1.25M","0.04%"
"09/28/2021","488.13","493.93","494.77","487.72","1.70M","-1.56%"
"09/27/2021","495.85","492.46","498.47","492.46","1.28M","0.94%"
"09/24/2021","491.23","489.95","493.25","488.68","967.54K","-0.25%"
"09/23/2021","492.47","487.66","494.72","487.07","1.10M","1.41%"
"09/22/2021","485.61","482.00","488.91","482.00","1.18M","1.40%"
"09/21/2021","478.90","482.55","483.42","476.42","1.03M","-0.13%"
"09/20/2021","479.50","478.29","480.89","473.53","2.27M","-1.53%"
"09/17/2021","486.96","490.79","492.21","486.00","1.40M","-1.12%"
"09/16/2021","492.50","493.43","495.07","489.75","790.28K","-0.16%"
"09/15/2021","493.30","488.62","493.53","487.16","960.32K","1.09%"
"09/14/2021","487.97","494.73","494.88","486.66","850.25K","-1.07%"
"09/13/2021","493.27","494.03","494.35","489.89","777.13K","0.65%"
"09/10/2021","490.09","497.30","497.87","490.00","828.22K","-0.98%"
"09/09/2021","494.94","494.89","499.25","494.16","1.13M","-0.23%"
"09/08/2021","496.06","496.80","498.14","493.01","818.13K","-0.33%"
"09/07/2021","497.70","503.15","503.15","497.56","1.05M","-1.15%"
"09/03/2021","503.50","504.53","505.60","502.36","629.55K","-0.50%"
"09/02/2021","506.04","504.96","507.24","503.73","917.65K","0.47%"
"09/01/2021","503.66","503.32","505.20","499.44","840.28K","0.27%"
"08/31/2021","502.28","503.96","504.38","500.66","620.44K","-0.27%"
"08/30/2021","503.63","506.10","506.12","502.66","726.09K","-0.26%"
"08/27/2021","504.96","496.48","505.77","496.27","1.35M","1.95%"
"08/26/2021","495.28","499.91","499.98","494.94","951.23K","-0.92%"
"08/25/2021","499.87","497.97","502.29","496.96","586.50K","0.56%"
"08/24/2021","497.09","493.92","498.10","493.79","800.85K","0.95%"
"08/23/2021","492.42","491.17","493.07","490.34","640.53K","0.89%"
"08/20/2021","488.06","482.20","488.37","481.68","674.82K","1.22%"
"08/19/2021","482.20","482.13","485.70","479.55","859.00K","-0.82%"
"08/18/2021","486.20","489.53","492.93","486.09","666.84K","-0.95%"
"08/17/2021","490.87","492.88","493.12","486.16","814.73K","-1.22%"
"08/16/2021","496.93","495.73","497.52","492.85","435.79K","-0.24%"
"08/13/2021","498.11","498.84","499.83","497.19","526.41K","-0.19%"
"08/12/2021","499.05","500.06","500.29","496.37","512.34K","-0.17%"
"08/11/2021","499.89","496.68","499.91","493.71","743.34K","0.83%"
"08/10/2021","495.76","494.75","497.15","492.70","1.22M","0.36%"
"08/09/2021","494.00","494.48","495.68","491.19","446.65K","-0.29%"
"08/08/2021","495.46","495.46","495.46","495.46","","0.00%"
"08/07/2021","495.46","495.46","495.46","495.46","","0.00%"
"08/06/2021","495.46","495.96","498.16","493.99","564.15K","0.47%"
"08/05/2021","493.13","490.11","493.93","489.85","744.49K","0.95%"
"08/04/2021","488.51","490.83","493.84","488.51","671.65K","-1.01%"
"08/03/2021","493.51","492.10","493.58","486.75","899.94K","0.58%"
"08/02/2021","490.68","495.12","500.02","490.12","737.84K","-0.35%"
"07/30/2021","492.40","491.17","496.70","490.80","659.37K","-0.19%"
"07/29/2021","493.33","491.27","496.18","491.14","796.31K","1.02%"
"07/28/2021","488.35","486.41","491.03","481.98","574.94K","0.77%"
"07/27/2021","484.62","484.74","485.52","481.39","757.18K","-0.62%"
"07/26/2021","487.63","487.14","490.39","486.30","657.27K","0.17%"
"07/23/2021","486.80","485.20","487.32","482.36","577.04K","0.85%"
"07/22/2021","482.71","486.54","486.76","480.37","812.54K","-1.05%"
"07/21/2021","487.84","484.18","489.50","484.05","1.21M","1.31%"
"07/20/2021","481.54","469.89","483.96","468.40","1.13M","2.81%"
"07/19/2021","468.36","468.35","472.39","464.34","1.53M","-1.73%"
"07/16/2021","476.62","485.67","485.67","476.35","825.74K","-1.24%"
"07/15/2021","482.58","481.29","484.50","478.90","645.55K","-0.32%"
"07/14/2021","484.12","488.85","491.77","483.26","892.21K","-0.55%"
"07/13/2021","486.82","492.39","492.91","486.57","717.47K","-1.54%"
"07/12/2021","494.42","491.16","494.86","489.64","615.17K","0.29%"
"07/09/2021","493.00","487.29","493.41","486.92","1.14M","2.09%"
"07/08/2021","482.90","480.49","487.11","477.34","1.11M","-1.20%"
"07/07/2021","488.78","487.80","490.59","484.17","865.58K","0.15%"
"07/06/2021","488.04","493.59","493.59","484.06","1.33M","-1.15%"
"07/05/2021","493.71","493.71","493.71","493.71","","0.00%"
"07/04/2021","493.71","493.71","493.71","493.71","","0.00%"
"07/03/2021","493.71","493.71","493.71","493.71","","0.00%"
"07/02/2021","493.71","496.08","496.44","491.96","1.04M","-0.32%"
"07/01/2021","495.28","493.73","496.47","492.21","1.47M","0.87%"
"06/30/2021","491.01","490.68","491.94","489.65","738.63K","0.01%"
"06/29/2021","490.94","493.06","494.73","489.83","714.53K","-0.10%"
"06/28/2021","491.41","496.70","496.70","489.08","942.89K","-1.00%"
"06/25/2021","496.39","493.75","497.16","492.45","711.20K","0.86%"
"06/24/2021","492.17","490.49","492.26","488.22","738.69K","0.98%"
"06/23/2021","487.38","487.76","489.65","487.12","701.28K","0.07%"
"06/22/2021","487.06","485.76","488.31","482.69","654.86K","0.12%"
"06/21/2021","486.46","478.53","487.03","478.53","934.71K","2.39%"
"06/18/2021","475.11","479.04","481.62","475.11","1.15M","-2.28%"
"06/17/2021","486.19","493.29","494.14","482.07","879.58K","-1.57%"
"06/16/2021","493.94","496.64","497.35","491.33","998.40K","-0.69%"
"06/15/2021","497.35","498.14","498.90","493.70","839.03K","-0.08%"
"06/14/2021","497.74","502.62","503.13","495.99","736.03K","-0.90%"
"06/11/2021","502.25","500.35","502.34","499.30","1.08M","0.76%"
"06/10/2021","498.46","501.23","502.26","496.82","995.18K","-0.01%"
"06/09/2021","498.53","502.00","502.69","498.41","858.84K","-0.66%"
"06/08/2021","501.86","498.31","502.47","495.40","1.21M","0.95%"
"06/07/2021","497.15","498.64","499.41","496.15","2.06M","-0.16%"
"06/04/2021","497.94","497.59","498.49","494.95","816.92K","0.61%"
"06/03/2021","494.92","495.02","496.25","491.27","1.00M","-0.55%"
"06/02/2021","497.66","502.00","502.00","496.86","951.45K","-0.57%"
"06/01/2021","500.51","501.05","501.38","497.88","1.25M","0.55%"
"05/28/2021","497.76","499.23","499.80","495.24","622.23K","0.09%"
"05/27/2021","497.30","497.14","498.53","496.18","854.86K","0.64%"
"05/26/2021","494.13","490.50","494.32","490.32","605.66K","0.98%"
"05/25/2021","489.35","495.11","496.71","488.94","724.49K","-0.74%"
"05/24/2021","493.01","493.23","494.81","490.74","853.41K","0.52%"
"05/21/2021","490.45","493.08","494.93","488.94","1.12M","0.16%"
"05/20/2021","489.65","487.94","490.92","485.32","842.11K","0.46%"
"05/19/2021","487.41","483.40","487.61","479.56","1.59M","-0.64%"
"05/18/2021","490.54","495.82","496.89","490.30","1.15M","-1.04%"
"05/17/2021","495.72","493.95","496.31","490.59","1.33M","-0.11%"
"05/14/2021","496.27","491.96","497.09","490.00","2.26M","1.63%"
"05/13/2021","488.31","480.37","490.27","479.97","2.20M","1.97%"
"05/12/2021","478.88","490.91","494.01","478.88","1.85M","-3.10%"
"05/11/2021","494.22","491.04","496.97","488.82","2.14M","-0.90%"
"05/10/2021","498.72","505.30","506.87","498.72","1.59M","-1.21%"
"05/07/2021","504.81","498.54","505.29","497.21","718.34K","1.05%"
"05/06/2021","499.54","497.41","499.61","492.12","1.74M","0.52%"
"05/05/2021","496.97","499.94","499.99","493.60","1.08M","-0.15%"
"05/04/2021","497.70","496.48","498.17","492.30","1.10M","-0.37%"
"05/03/2021","499.54","501.73","502.72","498.07","856.73K","0.60%"
"04/30/2021","496.58","500.01","501.26","495.75","1.38M","-1.36%"
"04/29/2021","503.43","506.89","507.63","499.78","941.35K","0.00%"
"04/28/2021","503.43","502.92","504.92","502.13","782.36K","0.02%"
"04/27/2021","503.35","503.44","504.60","500.85","525.20K","0.14%"
"04/26/2021","502.67","502.54","504.26","501.64","998.32K","0.50%"
"04/23/2021","500.18","493.97","502.28","493.41","1.38M","1.68%"
"04/22/2021","491.92","495.26","498.40","490.54","1.45M","-0.50%"
"04/21/2021","494.38","485.59","494.63","484.11","796.13K","1.72%"
"04/20/2021","486.00","491.36","492.76","482.98","754.26K","-1.47%"
"04/19/2021","493.25","494.80","496.23","490.27","985.09K","-0.54%"
"04/16/2021","495.94","494.51","497.16","493.11","885.95K","0.73%"
"04/15/2021","492.34","492.70","492.70","487.98","731.25K","0.73%"
"04/14/2021","488.78","487.28","492.70","486.86","1.03M","0.55%"
"04/13/2021","486.09","487.81","489.04","483.04","868.02K","-0.40%"
"04/12/2021","488.06","486.28","488.75","484.71","613.53K","0.32%"
"04/09/2021","486.51","484.09","487.00","482.99","851.97K","0.43%"
"04/08/2021","484.45","483.93","484.65","479.35","615.65K","0.45%"
"04/07/2021","482.30","485.96","486.95","480.86","659.53K","-0.79%"
"04/06/2021","486.16","486.14","489.47","485.11","877.49K","0.09%"
"04/05/2021","485.70","487.09","487.69","482.70","903.16K","0.70%"
"04/01/2021","482.30","478.11","482.47","477.75","1.20M","1.31%"
"03/31/2021","476.05","476.76","479.76","474.92","687.20K","0.10%"
"03/30/2021","475.57","469.95","476.25","468.64","577.06K","1.24%"
"03/29/2021","469.73","475.75","480.30","468.32","816.02K","-1.81%"
"03/26/2021","478.38","471.08","478.61","468.88","705.74K","2.32%"
"03/25/2021","467.55","454.55","469.20","452.36","852.54K","2.12%"
"03/24/2021","457.85","464.77","469.26","457.80","910.87K","-0.63%"
"03/23/2021","460.74","469.98","471.81","459.05","2.55M","-2.63%"
"03/22/2021","473.19","476.06","476.55","471.16","922.34K","-0.54%"
"03/19/2021","475.77","474.39","479.93","471.36","1.01M","-0.17%"
"03/18/2021","476.56","484.52","488.82","475.68","519.55K","-1.98%"
"03/17/2021","486.17","481.38","486.39","478.38","482.06K","0.67%"
"03/16/2021","482.93","489.33","489.33","481.19","567.24K","-1.30%"
"03/15/2021","489.29","483.57","489.48","481.96","894.80K","1.40%"
"03/12/2021","482.53","477.19","482.87","477.00","828.03K","0.92%"
"03/11/2021","478.11","475.12","479.37","473.61","928.86K","1.51%"
"03/10/2021","470.99","467.60","473.00","467.43","873.11K","1.36%"
"03/09/2021","464.66","467.81","468.85","463.07","727.85K","0.73%"
"03/08/2021","461.30","460.47","467.72","458.31","998.30K","0.75%"
"03/05/2021","457.85","453.30","458.94","438.81","1.02M","2.33%"
"03/04/2021","447.42","456.23","459.33","440.50","1.29M","-2.12%"
"03/03/2021","457.09","461.80","464.32","456.98","684.74K","-0.87%"
"03/02/2021","461.11","467.23","468.24","460.41","808.38K","-1.39%"
"03/01/2021","467.63","463.50","469.50","463.19","881.68K","2.81%"
"02/26/2021","454.85","457.56","460.96","449.53","954.64K","-0.11%"
"02/25/2021","455.33","468.89","470.05","454.29","1.01M","-3.08%"
"02/24/2021","469.79","462.11","470.57","461.51","550.68K","1.83%"
"02/23/2021","461.34","456.17","462.67","449.01","1.35M","0.19%"
"02/22/2021","460.45","458.92","464.39","458.92","735.20K","-0.31%"
"02/19/2021","461.89","457.63","463.18","457.52","793.27K","1.44%"
"02/18/2021","455.35","457.05","458.00","453.07","652.26K","-1.07%"
"02/17/2021","460.28","459.83","461.72","455.98","547.33K","-0.54%"
"02/16/2021","462.79","466.81","467.47","461.46","486.54K","-0.17%"
"02/12/2021","463.58","461.22","464.21","460.45","374.07K","0.30%"
"02/11/2021","462.19","461.05","463.48","456.34","714.87K","0.62%"
"02/10/2021","459.36","461.63","463.00","456.27","607.37K","-0.08%"
"02/09/2021","459.75","457.91","461.26","456.97","491.54K","0.30%"
"02/08/2021","458.38","454.37","458.57","453.14","792.44K","1.56%"
"02/05/2021","451.32","450.69","451.54","448.04","513.58K","1.07%"
"02/04/2021","446.54","441.84","447.17","441.30","468.66K","1.41%"
"02/03/2021","440.31","440.83","442.11","436.81","594.92K","0.02%"
"02/02/2021","440.22","439.34","441.03","436.43","838.61K","1.22%"
"02/01/2021","434.90","430.34","435.75","426.99","680.67K","2.10%"
"01/29/2021","425.96","434.45","435.19","424.73","1.07M","-1.94%"
"01/28/2021","434.37","434.37","437.81","433.00","1.04M","0.76%"
"01/27/2021","431.11","435.08","437.51","429.24","1.33M","-2.52%"
"01/26/2021","442.26","449.05","450.00","442.01","733.36K","-1.00%"
"01/25/2021","446.73","447.54","452.16","442.37","794.52K","-0.39%"
"01/22/2021","448.48","443.82","448.73","442.65","787.73K","0.37%"
"01/21/2021","446.82","450.65","451.14","446.50","662.35K","-0.66%"
"01/20/2021","449.79","447.28","450.02","446.67","1.11M","1.02%"
"01/19/2021","445.23","445.90","446.21","442.93","949.56K","0.90%"
"01/15/2021","441.24","440.50","443.16","436.60","1.02M","-1.07%"
"01/14/2021","446.01","444.49","448.64","444.34","1.34M","0.97%"
"01/13/2021","441.73","445.61","446.30","441.39","881.87K","-0.95%"
"01/12/2021","445.97","441.77","446.45","441.77","812.68K","1.17%"
"01/11/2021","440.82","434.92","442.24","434.43","664.97K","0.17%"
"01/08/2021","440.08","442.47","443.29","435.09","988.58K","-0.16%"
"01/07/2021","440.78","438.11","441.57","438.01","1.06M","1.08%"
"01/06/2021","436.06","422.71","438.89","422.13","2.31M","3.96%"
"01/05/2021","419.45","412.95","421.30","412.87","1.52M","1.48%"
"01/04/2021","413.34","422.29","422.76","409.74","2.25M","-1.57%"
"12/31/2020","419.92","419.00","421.77","416.15","870.92K","0.12%"
"12/30/2020","419.43","417.45","421.75","416.91","798.45K","0.89%"
"12/29/2020","415.72","421.47","422.35","413.73","1.08M","-1.09%"
"12/28/2020","420.31","425.11","425.31","420.05","825.57K","-0.34%"
"12/24/2020","421.75","421.41","421.75","419.10","345.91K","0.23%"
"12/23/2020","420.77","418.93","422.04","418.93","669.24K","0.90%"
"12/22/2020","417.02","415.85","418.08","414.73","636.53K","0.46%"
"12/21/2020","415.12","410.71","415.66","407.69","1.02M","-0.22%"
"12/18/2020","416.02","418.45","420.43","414.29","1.30M","-0.87%"
"12/17/2020","419.68","417.66","419.73","416.42","1.52M","0.82%"
"12/16/2020","416.26","418.10","418.42","414.09","1.40M","-0.34%"
"12/15/2020","417.69","411.20","417.74","410.19","764.30K","2.36%"
"12/14/2020","408.06","413.02","414.42","407.95","840.68K","-0.23%"
"12/11/2020","409.00","406.99","411.77","405.35","1.93M","-0.23%"
"12/10/2020","409.94","405.95","410.42","405.01","927.37K","0.30%"
"12/09/2020","408.72","412.23","413.44","406.54","837.82K","-0.41%"
"12/08/2020","410.41","405.65","411.16","405.65","559.25K","0.49%"
"12/07/2020","408.40","408.91","409.39","406.78","529.51K","-0.34%"
"12/04/2020","409.78","404.20","409.86","403.89","602.88K","1.87%"
"12/03/2020","402.24","400.52","404.65","399.87","735.61K","0.57%"
"12/02/2020","399.96","398.50","400.76","396.77","727.34K","-0.21%"
"12/01/2020","400.81","400.35","402.93","399.02","1.20M","1.27%"
"11/30/2020","395.78","401.28","402.44","395.14","891.03K","-1.71%"
"11/27/2020","402.66","402.64","403.30","401.00","389.51K","0.20%"
"11/25/2020","401.85","403.25","403.38","399.69","480.41K","-0.69%"
"11/24/2020","404.66","402.40","405.84","401.01","777.27K","1.69%"
"11/23/2020","397.93","394.95","399.77","394.32","804.18K","1.55%"
"11/20/2020","391.84","390.69","392.96","389.78","494.54K","-0.07%"
"11/19/2020","392.11","388.45","392.37","386.44","540.32K","0.89%"
"11/18/2020","388.64","395.29","395.79","388.55","989.80K","-1.42%"
"11/17/2020","394.24","389.88","395.38","387.16","736.72K","0.23%"
"11/16/2020","393.35","391.30","393.40","388.73","981.12K","2.00%"
"11/13/2020","385.62","380.45","386.15","380.45","801.31K","2.16%"
"11/12/2020","377.47","382.10","382.10","374.72","1.14M","-1.74%"
"11/11/2020","384.17","386.33","386.45","381.45","611.96K","-0.11%"
"11/10/2020","384.61","381.42","385.81","378.97","1.21M","1.19%"
"11/09/2020","380.10","392.41","396.00","379.67","1.82M","2.84%"
"11/06/2020","369.61","371.90","373.04","368.80","759.95K","-0.46%"
"11/05/2020","371.32","365.60","372.47","365.31","1.05M","2.79%"
"11/04/2020","361.25","357.34","366.00","356.40","1.05M","0.08%"
"11/03/2020","360.96","357.56","362.57","356.82","1.03M","2.23%"
"11/02/2020","353.07","350.24","353.55","349.00","1.10M","1.96%"
"10/30/2020","346.27","347.01","348.93","341.80","1.80M","-0.70%"
"10/29/2020","348.71","345.01","350.74","342.61","1.46M","0.95%"
"10/28/2020","345.43","348.01","350.75","345.22","1.04M","-2.66%"
"10/27/2020","354.86","359.37","360.23","354.80","733.78K","-1.36%"
"10/26/2020","359.74","362.84","363.38","355.58","711.29K","-2.11%"
"10/23/2020","367.49","366.91","368.43","363.68","1.07M","0.63%"
"10/22/2020","365.20","360.05","365.31","359.06","858.28K","1.69%"
"10/21/2020","359.14","361.98","363.90","359.11","551.11K","-0.65%"
"10/20/2020","361.50","361.90","365.37","361.00","713.25K","0.47%"
"10/19/2020","359.82","364.85","367.03","359.01","572.31K","-1.15%"
"10/16/2020","364.01","365.78","366.66","363.97","540.01K","-0.26%"
"10/15/2020","364.95","357.24","365.64","356.38","779.26K","0.96%"
"10/14/2020","361.48","363.11","366.28","361.45","632.51K","-0.50%"
"10/13/2020","363.29","363.53","365.14","362.45","826.67K","-0.78%"
"10/12/2020","366.13","365.32","366.75","363.83","525.07K","0.63%"
"10/09/2020","363.83","365.49","366.53","362.67","693.47K","0.26%"
"10/08/2020","362.88","362.29","362.96","360.16","718.69K","1.06%"
"10/07/2020","359.09","356.88","360.23","356.46","801.24K","1.75%"
"10/06/2020","352.93","356.61","361.30","352.07","1.38M","-0.49%"
"10/05/2020","354.68","349.46","354.69","349.44","847.70K","2.35%"
"10/04/2020","346.52","346.52","346.52","346.52","","0.00%"
"10/03/2020","346.52","346.52","346.52","346.52","","0.00%"
"10/02/2020","346.52","337.71","348.00","336.60","1.28M","0.88%"
"10/01/2020","343.51","340.60","343.51","339.18","1.15M","1.38%"
"09/30/2020","338.83","337.72","342.31","336.24","856.17K","0.64%"
"09/29/2020","336.66","338.57","339.73","334.60","608.91K","-0.60%"
"09/28/2020","338.69","335.09","339.56","335.09","656.59K","2.40%"
"09/27/2020","330.75","330.75","330.75","330.75","","0.00%"
"09/26/2020","330.75","330.75","330.75","330.75","","0.00%"
"09/25/2020","330.75","324.51","331.74","323.98","763.56K","1.40%"
"09/24/2020","326.19","325.54","330.55","321.77","951.74K","0.01%"
"09/23/2020","326.16","333.75","336.56","326.11","783.03K","-2.26%"
"09/22/2020","333.71","332.87","334.66","330.13","749.99K","0.67%"
"09/21/2020","331.48","333.22","333.34","327.51","1.00M","-2.50%"
"09/18/2020","339.97","344.43","345.43","336.97","871.80K","-1.38%"
"09/17/2020","344.71","341.53","345.79","340.14","920.35K","-0.61%"
"09/16/2020","346.82","347.15","350.94","346.17","675.11K","0.31%"
"09/15/2020","345.75","347.75","348.49","344.88","549.22K","0.12%"
"09/14/2020","345.33","341.90","345.94","341.11","624.04K","1.97%"
"09/13/2020","338.65","338.65","338.65","338.65","","0.00%"
"09/11/2020","338.65","340.83","341.00","335.57","665.69K","-0.06%"
"09/10/2020","338.86","345.07","346.94","338.71","811.17K","-1.22%"
"09/09/2020","343.05","341.69","344.72","339.99","1.31M","1.36%"
"09/08/2020","338.45","342.57","343.36","337.49","1.36M","-2.20%"
"09/04/2020","346.06","350.93","351.92","339.38","1.24M","-0.49%"
"09/03/2020","347.75","357.23","357.91","345.85","1.17M","-3.04%"
"09/02/2020","358.67","355.39","359.57","353.38","968.52K","1.29%"
"09/01/2020","354.10","350.96","354.24","348.15","975.78K","0.77%"
"08/31/2020","351.40","354.75","354.93","351.33","715.54K","-1.07%"
"08/30/2020","355.20","355.20","355.20","355.20","","0.00%"
"08/28/2020","355.20","354.64","355.26","352.58","615.18K","0.56%"
"08/27/2020","353.23","352.79","354.86","351.37","639.06K","0.39%"
"08/26/2020","351.86","353.09","353.24","351.02","558.98K","-0.36%"
"08/25/2020","353.12","354.79","355.04","350.36","794.13K","-0.19%"
"08/24/2020","353.79","350.84","353.79","349.08","651.86K","1.51%"
"08/23/2020","348.53","348.53","348.53","348.53","","0.00%"
"08/21/2020","348.53","348.17","349.69","346.87","584.08K","-0.24%"
"08/20/2020","349.36","348.16","351.27","347.56","714.25K","-0.67%"
"08/19/2020","351.72","354.28","354.64","351.22","892.23K","-0.42%"
"08/18/2020","353.19","356.13","356.31","352.39","712.48K","-0.92%"
"08/17/2020","356.46","356.34","357.54","355.13","452.94K","0.28%"
"08/14/2020","355.48","354.45","357.32","353.96","747.75K","-0.22%"
"08/13/2020","356.28","355.42","358.06","354.78","759.86K","-0.18%"
"08/12/2020","356.92","358.07","358.57","355.11","766.55K","0.64%"
"08/11/2020","354.64","358.16","360.17","353.73","849.96K","-0.15%"
"08/10/2020","355.16","353.97","356.63","353.82","712.88K","0.54%"
"08/09/2020","353.27","353.27","353.27","353.27","","0.00%"
"08/08/2020","353.27","353.27","353.27","353.27","","0.00%"
"08/07/2020","353.27","348.02","353.52","347.43","673.72K","1.20%"
"08/06/2020","349.07","349.49","350.88","347.72","669.29K","-0.32%"
"08/05/2020","350.19","347.83","350.33","346.70","688.00K","1.40%"
"08/04/2020","345.37","342.49","345.37","341.80","638.05K","0.51%"
"08/03/2020","343.63","341.70","344.12","339.66","656.25K","1.18%"
"08/02/2020","339.62","339.62","339.62","339.62","","0.00%"
"07/31/2020","339.62","341.45","341.55","334.58","1.34M","-0.68%"
"07/30/2020","341.96","339.41","342.59","336.77","1.12M","-0.67%"
"07/29/2020","344.27","338.55","344.81","338.54","868.49K","2.22%"
"07/28/2020","336.78","338.86","340.60","336.60","599.26K","-1.00%"
"07/27/2020","340.17","337.17","340.26","335.61","677.82K","0.87%"
"07/26/2020","337.22","337.22","337.22","337.22","","0.00%"
"07/25/2020","337.22","337.22","337.22","337.22","","0.00%"
"07/24/2020","337.22","338.33","339.52","336.28","1.08M","-0.74%"
"07/23/2020","339.74","338.90","343.89","337.03","825.86K","0.12%"
"07/22/2020","339.32","335.46","339.59","335.26","688.30K","0.72%"
"07/21/2020","336.91","335.32","338.93","334.58","695.52K","1.28%"
"07/20/2020","332.64","333.98","334.78","331.26","678.72K","-0.58%"
"07/17/2020","334.59","334.28","335.56","332.29","858.19K","0.39%"
"07/16/2020","333.29","332.59","334.67","330.90","1.08M","-0.39%"
"07/15/2020","334.61","331.43","335.49","329.95","1.48M","3.00%"
"07/14/2020","324.86","318.96","324.93","317.31","1.69M","1.63%"
"07/13/2020","319.65","325.40","328.92","319.32","1.63M","-1.04%"
"07/12/2020","323.01","323.01","323.01","323.01","","0.00%"
"07/11/2020","323.01","323.01","323.01","323.01","","0.00%"
"07/10/2020","323.01","318.74","323.06","317.70","1.18M","1.43%"
"07/09/2020","318.46","323.32","323.92","314.49","1.21M","-1.49%"
"07/08/2020","323.28","321.31","324.69","319.32","1.23M","0.67%"
"07/07/2020","321.12","324.48","326.42","320.81","1.18M","-1.90%"
"07/06/2020","327.34","330.52","331.50","326.05","998.89K","1.06%"
"07/05/2020","323.92","323.92","323.92","323.92","","0.00%"
"07/04/2020","323.92","323.92","323.92","323.92","","0.00%"
"07/02/2020","323.92","328.11","330.07","323.15","1.11M","0.48%"
"07/01/2020","322.38","325.08","326.91","321.25","1.27M","-0.65%"
"06/30/2020","324.49","319.50","325.62","319.35","1.24M","1.24%"
"06/29/2020","320.50","315.81","321.23","312.87","1.12M","2.44%"
"06/26/2020","312.88","317.41","318.22","312.32","1.30M","-2.02%"
"06/25/2020","319.33","313.59","319.44","311.27","1.13M","1.33%"
"06/24/2020","315.14","322.95","323.33","311.79","1.57M","-3.41%"
"06/23/2020","326.28","330.54","330.56","325.81","1.40M","0.16%"
"06/22/2020","325.77","323.88","326.55","319.58","851.07K","0.26%"
"06/19/2020","324.93","331.24","331.62","322.26","1.58M","-0.75%"
"06/18/2020","327.38","325.46","330.68","324.18","962.55K","-0.27%"
"06/17/2020","328.27","333.75","334.03","327.78","1.02M","-1.40%"
"06/16/2020","332.92","338.46","338.92","327.52","1.81M","2.03%"
"06/15/2020","326.31","311.47","327.91","310.16","2.62M","1.61%"
"06/12/2020","321.15","325.36","327.54","312.30","4.70M","2.00%"
"06/11/2020","314.84","325.89","326.91","314.05","2.02M","-7.16%"
"06/10/2020","339.12","347.68","347.68","338.05","1.54M","-2.49%"
"06/09/2020","347.77","349.67","350.47","345.81","1.26M","-2.09%"
"06/08/2020","355.21","352.30","355.23","351.60","1.16M","1.93%"
"06/07/2020","348.47","348.47","348.47","348.47","","0.00%"
"06/05/2020","348.47","352.83","354.14","347.73","1.85M","3.16%"
"06/04/2020","337.78","335.79","339.39","333.82","1.48M","0.03%"
"06/03/2020","337.68","332.80","338.84","332.80","1.89M","2.77%"
"06/02/2020","328.59","327.77","329.45","325.60","1.23M","0.89%"
"06/01/2020","325.68","322.84","327.57","321.10","998.48K","1.29%"
"05/29/2020","321.53","321.15","323.39","317.48","1.74M","-0.56%"
"05/28/2020","323.35","331.36","331.38","322.37","1.42M","-1.47%"
"05/27/2020","328.16","325.96","328.45","318.50","1.52M","2.60%"
"05/26/2020","319.85","320.14","322.14","319.02","1.54M","3.50%"
"05/22/2020","309.03","309.05","309.86","305.96","965.99K","-0.09%"
"05/21/2020","309.31","307.86","310.44","305.68","1.09M","0.49%"
"05/20/2020","307.80","306.54","309.79","306.20","1.38M","2.17%"
"05/19/2020","301.26","304.60","308.04","301.20","1.41M","-1.38%"
"05/18/2020","305.47","299.48","306.96","299.15","2.49M","6.06%"
"05/15/2020","288.02","283.40","288.82","281.17","1.23M","0.82%"
"05/14/2020","285.69","276.86","285.82","271.91","1.66M","1.13%"
"05/13/2020","282.51","290.25","290.64","279.68","1.66M","-3.40%"
"05/12/2020","292.45","304.91","305.49","292.35","1.81M","-3.69%"
"05/11/2020","303.64","301.47","305.80","299.33","1.71M","-0.70%"
"05/08/2020","305.77","300.05","305.92","299.25","1.64M","3.58%"
"05/07/2020","295.20","294.04","298.29","294.04","1.50M","1.65%"
"05/06/2020","290.41","294.50","295.55","290.01","1.37M","-0.77%"
"05/05/2020","292.66","294.55","298.73","291.99","1.31M","0.96%"
"05/04/2020","289.88","286.36","290.19","283.61","1.45M","0.12%"
"05/03/2020","289.52","289.52","289.52","289.52","","0.00%"
"05/02/2020","289.52","289.52","289.52","289.52","","0.00%"
"05/01/2020","289.52","293.36","293.92","286.49","1.68M","-3.43%"
"04/30/2020","299.81","303.30","304.28","299.51","1.92M","-3.11%"
"04/29/2020","309.43","305.36","311.65","303.65","1.56M","4.20%"
"04/28/2020","296.95","300.70","302.92","294.12","1.60M","1.05%"
"04/27/2020","293.85","284.86","295.42","284.54","1.45M","4.17%"
"04/24/2020","282.10","280.44","283.66","277.27","767.49K","1.31%"
"04/23/2020","278.45","277.22","282.75","276.47","1.07M","1.24%"
"04/22/2020","275.05","277.44","278.58","273.59","719.20K","1.37%"
"04/21/2020","271.33","272.85","275.21","269.62","815.23K","-2.65%"
"04/20/2020","278.72","279.18","284.26","277.65","1.16M","-1.89%"
"04/17/2020","284.09","284.48","286.78","281.38","1.65M","3.53%"
"04/16/2020","274.40","275.63","276.32","269.51","1.32M","-0.09%"
"04/15/2020","274.64","276.26","277.79","273.17","818.37K","-3.93%"
"04/14/2020","285.87","286.77","289.65","282.80","953.35K","2.11%"
"04/13/2020","279.97","286.85","288.21","276.73","1.92M","-3.11%"
"04/09/2020","288.97","286.60","293.43","284.32","1.75M","3.40%"
"04/08/2020","279.47","270.00","281.04","267.17","2.32M","5.11%"
"04/07/2020","265.89","272.74","278.93","265.51","1.21M","1.16%"
"04/06/2020","262.83","253.08","263.69","253.08","1.18M","8.12%"
"04/03/2020","243.09","248.86","251.53","240.58","1.13M","-2.69%"
"04/02/2020","249.80","247.01","256.27","243.65","1.60M","1.13%"
"04/01/2020","247.00","250.83","253.74","245.34","1.42M","-6.04%"
"03/31/2020","262.88","264.12","266.51","258.79","1.17M","-1.08%"
"03/30/2020","265.76","260.17","266.00","254.80","1.53M","2.63%"
"03/28/2020","258.94","258.94","258.94","258.94","","0.00%"
"03/27/2020","258.94","257.67","265.22","254.31","1.38M","-3.17%"
"03/26/2020","267.42","255.58","267.86","255.00","1.10M","5.77%"
"03/25/2020","252.82","246.58","262.33","240.91","2.01M","3.07%"
"03/24/2020","245.29","233.92","245.43","232.01","1.75M","11.07%"
"03/23/2020","220.85","227.36","227.36","214.22","2.25M","-3.66%"
"03/21/2020","229.25","229.25","229.25","229.25","","0.00%"
"03/20/2020","229.25","240.86","246.78","227.46","1.76M","-4.37%"
"03/19/2020","239.73","227.47","244.02","220.00","2.34M","3.77%"
"03/18/2020","231.03","241.45","247.39","221.10","3.68M","-10.00%"
"03/17/2020","256.71","249.34","256.94","239.28","3.09M","5.39%"
"03/16/2020","243.57","252.13","261.74","239.02","5.08M","-13.65%"
"03/14/2020","282.07","282.07","282.07","282.07","","0.00%"
"03/13/2020","282.07","272.52","282.79","258.37","4.28M","9.31%"
"03/12/2020","258.04","268.61","275.92","253.68","4.73M","-10.68%"
"03/11/2020","288.91","301.11","302.67","285.56","8.77M","-6.60%"
"03/10/2020","309.33","307.92","309.65","293.50","3.73M","4.04%"
"03/09/2020","297.31","304.49","327.97","295.35","4.60M","-9.43%"
"03/06/2020","328.26","323.37","330.32","320.39","2.43M","-1.65%"
"03/05/2020","333.78","338.11","339.21","330.39","2.94M","-3.61%"
"03/04/2020","346.29","340.57","346.64","337.40","2.40M","3.48%"
"03/03/2020","334.65","342.41","347.79","331.54","3.59M","-2.19%"
"03/02/2020","342.16","332.99","342.18","327.30","2.65M","3.34%"
"02/28/2020","331.09","326.59","333.72","322.65","8.37M","-1.94%"
"02/27/2020","337.65","343.17","350.15","336.83","3.50M","-3.66%"
"02/26/2020","350.49","357.24","359.79","350.05","1.78M","-1.46%"
"02/25/2020","355.70","369.64","370.13","355.34","3.28M","-3.50%"
"02/24/2020","368.60","368.43","370.90","366.82","1.73M","-2.98%"
"02/21/2020","379.94","382.29","382.56","378.88","820.09K","-1.06%"
"02/20/2020","384.02","381.86","384.47","379.53","812.86K","0.41%"
"02/19/2020","382.47","382.20","384.00","381.67","661.43K","0.40%"
"02/18/2020","380.94","381.10","381.93","378.66","663.54K","-0.30%"
"02/17/2020","382.08","382.08","382.08","382.08","","0.00%"
"02/14/2020","382.08","382.60","382.88","380.74","536.11K","-0.05%"
"02/13/2020","382.26","379.33","382.79","378.85","708.04K","0.34%"
"02/12/2020","380.97","380.20","381.08","379.24","713.77K","0.67%"
"02/11/2020","378.44","377.15","380.00","376.77","1.89M","0.78%"
"02/10/2020","375.50","372.59","375.54","372.58","574.30K","0.54%"
"02/07/2020","373.47","375.58","375.86","372.86","782.72K","-0.92%"
"02/06/2020","376.94","380.04","380.30","376.93","569.87K","-0.50%"
"02/05/2020","378.84","378.18","379.27","376.83","741.44K","1.15%"
"02/04/2020","374.55","374.00","376.03","373.54","727.21K","1.33%"
"02/03/2020","369.62","367.38","371.36","367.38","1.01M","1.14%"
"01/31/2020","365.46","371.56","371.84","364.63","1.57M","-2.02%"
"01/30/2020","373.00","370.11","373.18","368.86","1.16M","0.10%"
"01/29/2020","372.62","375.49","376.12","372.58","869.64K","-0.47%"
"01/28/2020","374.39","372.99","375.48","372.34","1.05M","0.98%"
"01/27/2020","370.75","370.29","372.91","369.31","1.14M","-1.37%"
"01/24/2020","375.90","380.73","380.73","374.05","818.17K","-1.06%"
"01/23/2020","379.92","378.67","380.62","375.84","645.97K","0.22%"
"01/22/2020","379.07","380.18","381.59","378.55","519.79K","-0.07%"
"01/21/2020","379.34","379.65","380.60","378.70","578.24K","-0.55%"
"01/17/2020","381.45","383.11","383.41","381.04","476.19K","-0.21%"
"01/16/2020","382.24","380.32","382.36","380.00","1.33M","1.11%"
"01/15/2020","378.03","376.44","379.54","376.40","776.52K","0.14%"
"01/14/2020","377.52","375.43","378.66","375.05","639.97K","0.29%"
"01/13/2020","376.43","373.91","376.62","372.92","823.61K","0.78%"
"01/10/2020","373.53","374.83","375.05","372.60","484.93K","-0.31%"
"01/09/2020","374.68","375.24","375.38","373.48","457.62K","0.29%"
"01/08/2020","373.60","373.12","374.99","372.34","888.53K","0.18%"
"01/07/2020","372.93","372.93","373.91","371.75","624.06K","-0.28%"
"01/06/2020","373.96","371.42","374.10","370.63","1.24M","0.00%"
"01/03/2020","373.97","371.21","374.85","371.08","930.92K","-0.52%"
"01/02/2020","375.93","377.17","377.59","372.46","1.02M","0.15%"
"12/31/2019","375.38","374.23","376.72","374.01","760.74K","0.10%"
"12/30/2019","375.01","375.29","376.27","373.66","701.86K","-0.09%"
"12/27/2019","375.36","377.02","377.02","374.62","383.62K","-0.19%"
"12/26/2019","376.09","375.79","376.42","375.01","387.53K","0.22%"
"12/24/2019","375.26","375.61","375.87","374.93","332.31K","0.01%"
"12/23/2019","375.24","376.39","376.51","374.42","691.82K","-0.09%"
"12/20/2019","375.56","374.82","376.57","374.70","673.88K","0.10%"
"12/19/2019","375.19","373.73","375.29","373.17","662.32K","0.44%"
"12/18/2019","373.55","374.04","374.04","372.22","1.21M","0.05%"
"12/17/2019","373.38","372.64","373.57","372.00","973.79K","0.35%"
"12/16/2019","372.09","372.02","373.81","371.63","1.19M","0.61%"
"12/13/2019","369.84","371.52","373.26","368.72","2.56M","-0.54%"
"12/12/2019","371.86","368.06","372.81","367.36","2.64M","1.08%"
"12/11/2019","367.90","367.59","368.33","366.51","476.19K","0.16%"
"12/10/2019","367.30","367.32","368.05","366.29","634.06K","-0.06%"
"12/09/2019","367.51","368.46","369.00","367.36","536.57K","-0.46%"
"12/06/2019","369.21","368.49","370.36","368.31","981.76K","0.98%"
"12/05/2019","365.61","366.00","366.41","364.26","720.17K","0.15%"
"12/04/2019","365.08","363.86","366.86","363.41","965.82K","0.83%"
"12/03/2019","362.09","361.00","362.35","359.00","983.32K","-0.57%"
"12/02/2019","364.15","367.23","367.60","363.98","788.52K","-0.68%"
"11/29/2019","366.64","369.73","369.95","366.42","785.70K","-1.04%"
"11/27/2019","370.51","369.03","370.54","368.40","722.34K","0.69%"
"11/26/2019","367.98","366.88","368.45","366.00","811.78K","0.37%"
"11/25/2019","366.61","363.46","367.05","363.35","946.32K","1.24%"
"11/22/2019","362.11","362.30","362.80","360.84","783.85K","0.24%"
"11/21/2019","361.23","364.16","364.23","360.83","821.57K","-0.71%"
"11/20/2019","363.82","363.76","365.59","361.26","701.43K","-0.32%"
"11/19/2019","364.97","365.45","365.86","363.46","520.60K","0.21%"
"11/18/2019","364.19","364.18","364.45","363.23","863.90K","-0.17%"
"11/15/2019","364.81","365.03","365.33","363.52","773.47K","0.50%"
"11/14/2019","362.99","361.59","363.47","361.40","1.13M","0.24%"
"11/13/2019","362.13","361.11","362.97","360.50","1.57M","-0.20%"
"11/12/2019","362.85","363.48","365.06","362.33","1.31M","-0.17%"
"11/11/2019","363.48","362.14","364.33","361.69","944.07K","-0.20%"
"11/08/2019","364.22","362.44","364.25","361.65","738.70K","0.29%"
"11/07/2019","363.17","365.25","366.34","362.30","1.34M","0.13%"
"11/06/2019","362.70","363.95","363.95","361.51","1.16M","-0.42%"
"11/05/2019","364.23","364.34","366.24","363.87","925.37K","0.24%"
"11/04/2019","363.35","363.42","364.00","362.05","826.64K","0.55%"
"11/01/2019","361.35","358.44","361.43","358.02","914.97K","1.44%"
"10/31/2019","356.23","358.43","358.43","354.55","818.68K","-0.71%"
"10/30/2019","358.79","359.41","359.45","356.71","751.21K","-0.29%"
"10/29/2019","359.83","357.50","360.72","357.45","718.81K","0.26%"
"10/28/2019","358.88","358.43","360.73","358.43","608.87K","0.60%"
"10/25/2019","356.75","354.36","357.82","354.36","588.26K","0.51%"
"10/24/2019","354.94","355.99","356.71","353.35","530.81K","0.02%"
"10/23/2019","354.86","354.64","355.21","353.27","438.03K","0.10%"
"10/22/2019","354.49","355.03","356.50","353.68","572.84K","-0.02%"
"10/21/2019","354.56","355.29","356.34","354.41","998.76K","0.55%"
"10/18/2019","352.62","352.03","353.51","350.68","863.92K","-0.08%"
"10/17/2019","352.90","351.62","353.50","350.74","1.36M","0.83%"
"10/16/2019","350.01","349.43","351.44","348.95","1.09M","-0.09%"
"10/15/2019","350.31","348.46","351.41","347.62","1.11M","0.79%"
"10/14/2019","347.57","347.98","348.35","346.34","424.49K","-0.42%"
"10/11/2019","349.03","347.30","351.94","347.05","1.40M","1.72%"
"10/10/2019","343.14","341.62","344.46","341.07","816.18K","0.62%"
"10/09/2019","341.02","341.40","342.40","339.44","854.75K","0.68%"
"10/08/2019","338.73","341.98","342.27","338.54","1.32M","-1.78%"
"10/07/2019","344.87","345.62","347.32","343.99","871.70K","-0.48%"
"10/04/2019","346.52","343.71","346.65","342.47","1.25M","0.95%"
"10/03/2019","343.26","340.42","343.27","336.82","1.58M","0.59%"
"10/02/2019","341.23","343.74","343.89","338.82","1.38M","-1.31%"
"10/01/2019","345.75","353.54","355.19","345.30","1.85M","-1.91%"
"09/30/2019","352.47","350.24","353.30","350.24","1.24M","0.73%"
"09/27/2019","349.92","353.52","354.58","348.50","775.72K","-0.68%"
"09/26/2019","352.33","353.85","353.98","351.07","955.23K","-0.60%"
"09/25/2019","354.45","349.91","355.04","349.84","1.56M","1.17%"
"09/24/2019","350.36","354.84","356.02","349.51","1.06M","-1.14%"
"09/23/2019","354.40","353.00","355.69","352.01","821.27K","0.25%"
"09/20/2019","353.53","354.94","356.75","352.66","1.58M","-0.72%"
"09/19/2019","356.11","357.30","359.05","355.64","1.20M","-0.19%"
"09/18/2019","356.78","357.54","357.54","353.78","905.90K","-0.24%"
"09/17/2019","357.63","358.21","358.21","356.30","952.65K","-0.36%"
"09/16/2019","358.92","357.38","360.02","356.37","1.43M","0.11%"
"09/13/2019","358.51","359.61","360.98","358.18","1.30M","0.06%"
"09/12/2019","358.29","359.15","359.51","356.16","1.12M","-0.05%"
"09/11/2019","358.48","354.38","358.55","351.91","1.75M","1.34%"
"09/10/2019","353.75","350.63","353.75","348.96","810.88K","0.59%"
"09/09/2019","351.69","350.24","351.70","348.75","1.01M","0.82%"
"09/06/2019","348.82","349.59","350.57","348.45","805.99K","-0.08%"
"09/05/2019","349.10","347.44","350.45","346.50","1.25M","1.73%"
"09/04/2019","343.17","342.10","343.39","341.26","1.01M","1.22%"
"09/03/2019","339.03","340.38","341.37","337.17","1.08M","-1.20%"
"08/30/2019","343.14","344.16","344.61","341.31","1.03M","0.19%"
"08/29/2019","342.50","340.65","343.02","340.54","951.66K","1.54%"
"08/28/2019","337.32","333.26","338.42","332.89","1.31M","0.95%"
"08/27/2019","334.13","339.67","339.92","333.97","706.27K","-1.15%"
"08/26/2019","338.01","337.73","338.30","335.33","963.26K","0.90%"
"08/23/2019","334.98","342.78","344.38","334.05","2.43M","-2.72%"
"08/22/2019","344.36","344.91","346.17","342.34","863.02K","0.08%"
"08/21/2019","344.09","344.92","345.16","343.44","704.68K","0.57%"
"08/20/2019","342.15","344.32","344.33","341.97","571.02K","-0.79%"
"08/19/2019","344.86","345.29","346.28","344.49","660.96K","0.93%"
"08/16/2019","341.68","336.29","342.02","336.28","1.08M","2.14%"
"08/15/2019","334.51","336.38","336.38","332.77","1.24M","-0.15%"
"08/14/2019","335.00","339.57","340.11","334.67","1.37M","-3.00%"
"08/13/2019","345.37","340.60","348.52","339.66","850.85K","1.19%"
"08/12/2019","341.31","344.71","345.26","340.59","771.39K","-1.48%"
"08/09/2019","346.42","349.58","349.80","345.39","792.54K","-1.36%"
"08/08/2019","351.18","345.29","351.18","345.29","1.84M","2.15%"
"08/07/2019","343.78","339.49","344.81","337.49","1.48M","0.19%"
"08/06/2019","343.14","340.93","343.32","338.79","1.82M","1.26%"
"08/05/2019","338.86","342.76","343.36","335.79","1.68M","-2.83%"
"08/02/2019","348.74","350.68","351.25","346.50","1.97M","-1.04%"
"08/01/2019","352.40","358.43","360.28","350.79","2.94M","-1.54%"
"07/31/2019","357.92","361.93","362.88","356.19","1.48M","-1.13%"
"07/30/2019","362.01","357.42","362.07","356.60","1.48M","0.66%"
"07/29/2019","359.63","361.14","361.57","358.99","1.16M","-0.48%"
"07/26/2019","361.37","358.58","361.69","358.58","631.47K","0.98%"
"07/25/2019","357.87","361.05","361.06","357.40","855.06K","-1.00%"
"07/24/2019","361.47","355.80","361.69","355.62","1.09M","1.43%"
"07/23/2019","356.38","353.99","356.42","353.18","1.47M","1.09%"
"07/22/2019","352.55","353.50","354.34","352.29","713.05K","-0.06%"
"07/19/2019","352.76","354.74","356.13","352.69","542.34K","-0.31%"
"07/18/2019","353.86","352.51","354.59","351.77","703.89K","0.32%"
"07/17/2019","352.73","354.83","355.36","352.37","463.08K","-0.77%"
"07/16/2019","355.46","354.81","356.63","353.77","479.38K","0.06%"
"07/15/2019","355.24","357.56","357.89","354.52","570.18K","-0.52%"
"07/12/2019","357.08","353.90","357.61","353.68","911.95K","1.04%"
"07/11/2019","353.40","354.93","354.93","351.94","527.58K","-0.23%"
"07/10/2019","354.20","356.26","356.72","353.51","701.20K","-0.10%"
"07/09/2019","354.57","352.84","354.70","352.53","608.59K","0.02%"
"07/08/2019","354.50","356.32","357.02","353.95","462.44K","-0.95%"
"07/05/2019","357.89","355.61","357.92","353.71","833.81K","0.09%"
"07/03/2019","357.57","355.02","357.68","354.79","680.60K","0.91%"
"07/02/2019","354.36","355.43","355.53","353.00","950.83K","-0.26%"
"07/01/2019","355.28","358.24","359.25","353.70","1.16M","0.19%"
"06/28/2019","354.59","350.61","354.72","350.47","1.06M","1.33%"
"06/27/2019","349.92","346.45","350.11","346.45","936.02K","1.31%"
"06/26/2019","345.41","347.17","348.03","345.41","859.47K","-0.18%"
"06/25/2019","346.02","348.50","348.82","345.75","647.40K","-0.54%"
"06/24/2019","347.91","351.55","351.75","347.86","770.69K","-0.80%"
"06/21/2019","350.71","352.55","353.20","349.79","681.62K","-1.02%"
"06/20/2019","354.31","355.41","355.75","351.81","1.03M","0.66%"
"06/19/2019","351.97","350.93","352.41","350.37","913.89K","0.30%"
"06/18/2019","350.93","348.91","353.33","348.66","1.12M","1.14%"
"06/17/2019","346.96","347.35","348.60","346.58","570.21K","0.02%"
"06/14/2019","346.88","348.83","348.91","346.57","709.58K","-0.68%"
"06/13/2019","349.27","348.85","349.89","347.35","744.50K","0.64%"
"06/12/2019","347.05","347.44","347.68","345.85","552.73K","-0.10%"
"06/11/2019","347.41","349.83","350.95","346.36","552.28K","0.07%"
"06/10/2019","347.16","346.98","349.37","346.49","612.34K","0.58%"
"06/07/2019","345.16","344.82","346.79","344.12","680.55K","0.48%"
"06/06/2019","343.51","342.33","344.16","340.37","948.23K","0.42%"
"06/05/2019","342.06","342.53","342.77","338.21","1.03M","0.30%"
"06/04/2019","341.02","335.65","341.10","335.42","907.02K","2.54%"
"06/03/2019","332.57","330.54","333.95","330.46","2.10M","0.74%"
"05/31/2019","330.13","330.12","331.81","328.72","2.02M","-1.01%"
"05/30/2019","333.51","335.00","337.03","331.94","1.02M","-0.22%"
"05/29/2019","334.25","334.48","335.16","331.97","1.17M","-0.56%"
"05/28/2019","336.12","340.19","341.05","336.12","754.08K","-1.13%"
"05/24/2019","339.95","339.76","340.84","338.35","456.14K","0.56%"
"05/23/2019","338.06","340.69","340.69","336.29","791.48K","-1.60%"
"05/22/2019","343.57","345.06","345.67","342.88","790.53K","-0.84%"
"05/21/2019","346.49","344.09","347.03","343.95","976.57K","1.32%"
"05/20/2019","341.99","342.12","344.01","341.12","1.19M","-0.70%"
"05/17/2019","344.41","345.60","349.04","344.24","857.59K","-1.22%"
"05/16/2019","348.68","347.06","350.62","347.06","672.99K","0.63%"
"05/15/2019","346.51","343.49","347.12","342.31","882.84K","0.31%"
"05/14/2019","345.43","342.96","347.03","342.25","828.40K","0.98%"
"05/13/2019","342.09","345.85","346.62","340.78","1.49M","-2.94%"
"05/10/2019","352.44","349.88","353.32","345.79","923.89K","0.36%"
"05/09/2019","351.17","349.30","352.00","346.43","1.40M","-0.27%"
"05/08/2019","352.12","352.78","354.90","351.73","1.24M","-0.31%"
"05/07/2019","353.21","356.82","358.02","350.92","1.12M","-1.97%"
"05/06/2019","360.30","355.33","361.15","355.17","954.84K","-0.20%"
"05/03/2019","361.02","357.25","361.18","357.25","935.23K","1.46%"
"05/02/2019","355.83","354.36","356.84","352.36","2.22M","0.25%"
"05/01/2019","354.95","359.82","359.82","354.94","1.36M","-1.16%"
"04/30/2019","359.10","359.52","359.65","355.83","1.77M","-0.18%"
"04/29/2019","359.76","360.08","360.76","359.14","864.50K","0.11%"
"04/26/2019","359.38","356.16","359.85","355.74","1.06M","0.95%"
"04/25/2019","356.00","358.60","358.84","354.10","960.78K","-1.17%"
"04/24/2019","360.21","359.30","361.52","359.30","961.02K","0.35%"
"04/23/2019","358.95","355.06","359.67","355.06","1.43M","1.23%"
"04/22/2019","354.60","354.82","355.51","353.34","747.49K","-0.32%"
"04/18/2019","355.74","355.30","356.31","353.65","666.07K","0.19%"
"04/17/2019","355.05","358.90","359.09","354.13","623.52K","-0.74%"
"04/16/2019","357.71","358.48","358.94","356.75","690.59K","0.08%"
"04/15/2019","357.44","358.30","358.75","356.62","565.80K","-0.14%"
"04/12/2019","357.95","357.47","358.58","356.07","899.72K","0.75%"
"04/11/2019","355.30","354.81","355.69","353.88","525.33K","0.30%"
"04/10/2019","354.25","351.65","354.61","351.57","1.08M","0.91%"
"04/09/2019","351.05","353.59","353.66","350.33","1.02M","-1.10%"
"04/08/2019","354.97","354.00","355.09","352.94","607.37K","-0.01%"
"04/05/2019","354.99","352.89","355.10","352.61","1.06M","0.77%"
"04/04/2019","352.26","350.88","352.56","350.24","1.04M","0.52%"
"04/03/2019","350.45","350.88","352.16","349.45","1.26M","0.53%"
"04/02/2019","348.59","349.97","349.97","347.20","790.80K","-0.40%"
"04/01/2019","350.00","347.55","350.12","347.22","1.28M","1.33%"
"03/29/2019","345.40","346.26","346.90","344.25","966.42K","0.38%"
"03/28/2019","344.10","342.08","344.33","340.67","898.13K","0.84%"
"03/27/2019","341.24","341.46","342.81","338.23","1.03M","-0.07%"
"03/26/2019","341.48","340.32","343.01","339.07","749.80K","0.99%"
"03/25/2019","338.14","337.29","339.97","335.14","1.33M","0.24%"
"03/22/2019","337.34","345.35","345.78","337.34","1.93M","-2.90%"
"03/21/2019","347.42","341.47","348.35","341.47","1.24M","1.37%"
"03/20/2019","342.71","345.17","346.37","341.02","1.42M","-0.84%"
"03/19/2019","345.60","348.97","348.97","344.74","716.91K","-0.51%"
"03/18/2019","347.37","345.25","348.13","345.16","997.53K","0.76%"
"03/15/2019","344.75","344.61","347.19","344.00","1.38M","-0.17%"
"03/14/2019","345.32","345.52","345.98","344.07","942.53K","-0.12%"
"03/13/2019","345.74","345.55","347.16","345.26","704.90K","0.45%"
"03/12/2019","344.20","344.08","345.14","343.18","711.65K","0.14%"
"03/11/2019","343.71","339.91","343.83","339.83","1.37M","1.32%"
"03/08/2019","339.22","337.80","339.44","337.49","1.31M","-0.29%"
"03/07/2019","340.19","342.58","342.92","339.26","993.54K","-0.84%"
"03/06/2019","343.07","347.63","347.75","342.92","966.07K","-1.35%"
"03/05/2019","347.75","349.38","349.46","347.52","1.17M","-0.42%"
"03/04/2019","349.22","351.84","352.14","346.16","1.17M","-0.46%"
"03/01/2019","350.85","350.48","352.06","348.38","1.26M","0.76%"
"02/28/2019","348.22","349.06","349.88","347.68","900.73K","-0.41%"
"02/27/2019","349.64","348.23","350.12","347.65","806.61K","0.11%"
"02/26/2019","349.26","351.61","352.32","349.07","1.68M","-0.84%"
"02/25/2019","352.23","354.02","354.70","351.72","938.77K","-0.01%"
"02/22/2019","352.26","350.45","352.60","350.07","1.31M","0.76%"
"02/21/2019","349.61","350.23","350.39","348.21","1.90M","-0.34%"
"02/20/2019","350.79","349.31","351.37","348.90","1.17M","0.46%"
"02/19/2019","349.17","347.47","350.10","347.09","1.15M","0.08%"
"02/15/2019","348.89","346.47","348.89","345.87","847.08K","1.24%"
"02/14/2019","344.62","343.00","346.13","342.54","1.06M","-0.06%"
"02/13/2019","344.83","343.99","345.50","342.89","1.44M","0.55%"
"02/12/2019","342.95","341.35","343.67","341.18","1.03M","1.02%"
"02/11/2019","339.50","338.21","339.69","337.41","1.43M","0.62%"
"02/08/2019","337.41","335.95","337.98","334.54","875.35K","-0.07%"
"02/07/2019","337.66","338.22","338.66","334.82","1.26M","-0.45%"
"02/06/2019","339.18","339.04","340.04","338.05","772.82K","-0.10%"
"02/05/2019","339.53","338.50","339.91","337.69","957.57K","0.41%"
"02/04/2019","338.16","335.19","338.21","333.91","670.97K","0.99%"
"02/01/2019","334.85","334.86","335.71","333.30","1.53M","0.32%"
"01/31/2019","333.79","332.32","334.52","331.30","1.78M","0.37%"
"01/30/2019","332.57","331.69","334.08","328.98","1.36M","0.63%"
"01/29/2019","330.49","330.77","331.63","329.71","727.97K","0.01%"
"01/28/2019","330.47","328.33","330.90","327.75","1.10M","-0.16%"
"01/25/2019","330.99","330.14","331.65","329.70","896.68K","1.13%"
"01/24/2019","327.30","324.94","328.17","324.76","773.42K","0.66%"
"01/23/2019","325.16","327.06","328.11","322.41","879.34K","-0.16%"
"01/22/2019","325.68","328.94","329.35","323.94","1.25M","-1.54%"
"01/18/2019","330.79","328.01","331.42","327.38","1.08M","1.34%"
"01/17/2019","326.40","322.05","327.58","322.05","1.27M","1.00%"
"01/16/2019","323.16","321.41","324.12","321.35","833.64K","0.69%"
"01/15/2019","320.95","319.61","321.19","318.58","925.22K","0.62%"
"01/14/2019","318.98","318.56","320.59","317.86","2.81M","-0.55%"
"01/11/2019","320.76","319.14","321.26","318.14","977.77K","0.04%"
"01/10/2019","320.62","316.29","320.62","315.57","1.13M","0.80%"
"01/09/2019","318.06","316.53","319.00","315.42","1.03M","0.99%"
"01/08/2019","314.95","312.75","315.05","310.48","1.06M","1.68%"
"01/07/2019","309.76","306.72","312.14","305.32","1.45M","1.11%"
"01/04/2019","306.35","300.56","307.53","300.38","1.38M","3.28%"
"01/03/2019","296.63","300.32","301.76","295.38","2.01M","-1.64%"
"01/02/2019","301.59","298.67","303.05","296.57","1.78M","-0.36%"
"12/31/2018","302.67","301.12","302.67","298.02","3.31M","1.11%"
"12/28/2018","299.36","300.39","303.36","297.62","2.83M","-0.14%"
"12/27/2018","299.78","294.24","299.79","289.62","4.00M","0.59%"
"12/26/2018","298.03","286.23","298.09","284.45","1.42M","4.59%"
"12/24/2018","284.96","291.19","291.96","284.89","1.56M","-2.70%"
"12/21/2018","292.88","300.14","302.83","292.15","1.77M","-2.44%"
"12/20/2018","300.20","302.65","305.17","296.79","2.32M","-1.29%"
"12/19/2018","304.12","309.63","313.29","302.46","2.09M","-1.69%"
"12/18/2018","309.35","311.54","313.80","308.26","1.59M","-0.02%"
"12/17/2018","309.40","314.55","317.00","307.90","2.82M","-2.17%"
"12/14/2018","316.27","318.37","320.93","315.32","2.62M","-1.37%"
"12/13/2018","320.66","325.24","326.07","320.58","1.60M","-1.05%"
"12/12/2018","324.06","325.51","328.26","324.02","1.18M","0.76%"
"12/11/2018","321.63","326.65","328.14","320.36","1.80M","-0.31%"
"12/10/2018","322.62","324.63","325.50","318.26","1.44M","-0.59%"
"12/07/2018","324.54","331.40","333.67","323.07","1.59M","-2.10%"
"12/06/2018","331.49","328.02","331.62","323.07","1.72M","-0.47%"
"12/04/2018","333.05","344.97","345.34","332.74","1.83M","-3.54%"
"12/03/2018","345.26","346.78","347.25","341.91","1.16M","0.74%"
"11/30/2018","342.74","340.01","343.18","339.34","1.17M","0.69%"
"11/29/2018","340.38","339.52","342.53","337.37","1.20M","-0.09%"
"11/28/2018","340.67","335.12","340.68","332.20","1.08M","1.99%"
"11/27/2018","334.03","335.55","336.25","333.00","914.90K","-0.81%"
"11/26/2018","336.77","335.55","337.61","334.63","1.02M","1.29%"
"11/23/2018","332.48","330.82","335.10","330.48","377.91K","-0.16%"
"11/21/2018","333.00","330.68","335.95","330.64","1.17M","1.10%"
"11/20/2018","329.37","331.24","333.46","328.07","1.63M","-1.71%"
"11/19/2018","335.11","339.26","340.41","333.93","1.02M","-1.37%"
"11/16/2018","339.77","338.02","340.70","337.26","895.69K","0.06%"
"11/15/2018","339.56","333.37","340.03","332.36","1.08M","1.23%"
"11/14/2018","335.44","340.41","341.33","333.15","1.25M","-0.60%"
"11/13/2018","337.48","338.10","341.70","336.59","901.85K","0.00%"
"11/12/2018","337.47","342.55","343.02","336.81","1.06M","-1.57%"
"11/09/2018","342.86","344.28","345.19","340.61","928.30K","-1.05%"
"11/08/2018","346.51","346.84","348.30","345.06","823.85K","-0.39%"
"11/07/2018","347.85","344.56","348.10","342.88","906.99K","1.50%"
"11/06/2018","342.72","340.12","342.94","339.96","1.22M","0.58%"
"11/05/2018","340.76","339.45","341.86","338.28","1.72M","0.50%"
"11/02/2018","339.08","340.62","341.33","335.98","1.25M","0.11%"
"11/01/2018","338.72","333.42","339.12","332.88","2.10M","1.98%"
"10/31/2018","332.15","333.93","335.10","331.93","3.64M","0.34%"
"10/30/2018","331.01","325.38","331.39","325.05","2.76M","1.76%"
"10/29/2018","325.28","330.37","333.46","321.85","1.87M","-0.41%"
"10/26/2018","326.63","326.86","330.40","321.76","1.95M","-1.11%"
"10/25/2018","330.31","327.15","332.08","326.34","2.49M","1.49%"
"10/24/2018","325.47","335.04","336.29","325.28","2.12M","-3.01%"
"10/23/2018","335.57","334.60","337.90","329.93","1.64M","-1.01%"
"10/22/2018","339.00","341.34","342.06","338.67","798.70K","-0.53%"
"10/19/2018","340.80","343.79","345.23","339.80","1.17M","-0.63%"
"10/18/2018","342.97","346.79","347.78","341.83","1.61M","-1.44%"
"10/17/2018","347.98","348.45","349.05","344.14","1.58M","-0.31%"
"10/16/2018","349.07","343.76","349.27","341.49","1.58M","2.13%"
"10/15/2018","341.79","339.94","344.21","339.58","1.43M","0.46%"
"10/12/2018","340.23","344.06","344.20","335.77","2.68M","0.22%"
"10/11/2018","339.50","344.84","347.00","339.34","3.80M","-2.10%"
"10/10/2018","346.79","355.46","355.62","346.35","1.92M","-2.59%"
"10/09/2018","356.00","356.86","358.44","355.77","815.44K","-0.55%"
"10/08/2018","357.97","356.80","358.68","355.35","621.48K","0.03%"
"10/05/2018","357.87","360.61","361.44","355.86","996.74K","-0.75%"
"10/04/2018","360.57","363.48","363.71","359.22","1.05M","-1.09%"
"10/03/2018","364.55","364.64","366.30","363.28","623.31K","0.39%"
"10/02/2018","363.14","364.56","365.57","362.60","808.41K","-0.38%"
"10/01/2018","364.52","368.93","369.13","363.65","1.09M","-0.80%"
"09/28/2018","367.46","364.98","368.46","364.98","794.84K","0.36%"
"09/27/2018","366.14","366.28","367.82","365.50","738.85K","0.07%"
"09/26/2018","365.88","369.27","369.73","365.69","791.59K","-0.92%"
"09/25/2018","369.28","369.93","370.35","368.99","674.97K","-0.09%"
"09/24/2018","369.62","370.64","371.09","367.72","972.40K","-0.36%"
"09/21/2018","370.95","372.92","373.40","370.78","683.79K","-0.56%"
"09/20/2018","373.05","371.51","373.30","370.91","850.74K","0.75%"
"09/19/2018","370.26","371.27","373.25","369.51","1.19M","-0.32%"
"09/18/2018","371.45","370.53","372.21","369.30","916.83K","0.44%"
"09/17/2018","369.84","373.10","373.67","369.60","1.48M","-0.96%"
"09/14/2018","373.41","371.93","374.10","371.73","1.54M","0.40%"
"09/13/2018","371.93","372.15","372.89","370.94","1.19M","0.21%"
"09/12/2018","371.15","370.76","371.65","368.58","1.16M","0.07%"
"09/11/2018","370.90","369.49","371.77","368.79","883.13K","0.17%"
"09/10/2018","370.28","370.89","371.64","369.78","465.26K","0.22%"
"09/07/2018","369.46","369.17","371.40","368.20","893.21K","-0.22%"
"09/06/2018","370.28","371.64","372.87","369.44","1.03M","-0.32%"
"09/05/2018","371.48","371.20","371.92","368.61","578.10K","-0.05%"
"09/04/2018","371.66","371.88","373.23","369.80","818.43K","-0.22%"
"08/31/2018","372.49","370.87","372.97","370.67","492.01K","0.22%"
"08/30/2018","371.66","372.91","373.29","371.17","792.15K","-0.50%"
"08/29/2018","373.52","372.52","374.04","371.20","811.33K","0.30%"
"08/28/2018","372.42","373.08","373.53","370.84","724.29K","0.02%"
"08/27/2018","372.36","371.80","374.10","371.80","713.73K","0.48%"
"08/24/2018","370.57","370.10","371.22","369.77","467.10K","0.37%"
"08/23/2018","369.20","370.28","370.75","368.54","482.28K","-0.35%"
"08/22/2018","370.49","370.24","371.45","369.92","425.56K","-0.01%"
"08/21/2018","370.54","367.99","371.50","367.99","719.16K","0.80%"
"08/20/2018","367.59","366.82","368.23","366.07","658.44K","0.37%"
"08/17/2018","366.22","363.80","366.51","363.19","495.42K","0.51%"
"08/16/2018","364.37","362.70","366.15","362.70","639.97K","0.83%"
"08/15/2018","361.38","363.11","363.32","358.67","1.05M","-0.93%"
"08/14/2018","364.79","362.34","365.89","362.34","667.22K","0.92%"
"08/13/2018","361.45","363.57","364.59","360.33","654.30K","-0.51%"
"08/10/2018","363.30","363.02","365.37","362.64","435.10K","-0.57%"
"08/09/2018","365.37","365.74","367.27","365.21","527.28K","-0.08%"
"08/08/2018","365.68","366.30","366.49","364.41","532.70K","-0.28%"
"08/07/2018","366.69","366.65","368.25","366.57","676.12K","0.26%"
"08/06/2018","365.75","363.85","366.11","363.46","510.44K","0.49%"
"08/03/2018","363.96","362.97","364.67","362.32","480.78K","0.28%"
"08/02/2018","362.93","358.03","363.39","358.03","800.59K","0.84%"
"08/01/2018","359.92","360.67","361.16","357.73","914.89K","-0.32%"
"07/31/2018","361.07","358.63","362.18","358.24","1.03M","0.93%"
"07/30/2018","357.76","359.26","360.71","357.63","723.52K","-0.46%"
"07/27/2018","359.40","363.68","363.96","358.12","931.43K","-1.11%"
"07/26/2018","363.42","361.92","364.61","361.44","687.81K","0.42%"
"07/25/2018","361.90","360.69","361.90","359.00","746.05K","0.32%"
"07/24/2018","360.73","364.96","365.09","359.53","611.98K","-0.74%"
"07/23/2018","363.43","363.68","364.15","361.96","433.08K","0.01%"
"07/20/2018","363.40","364.83","365.22","363.25","1.03M","-0.61%"
"07/19/2018","365.62","363.04","366.25","362.32","602.44K","0.43%"
"07/18/2018","364.05","362.44","364.19","361.45","424.66K","0.34%"
"07/17/2018","362.82","360.64","363.44","360.58","699.98K","0.46%"
"07/16/2018","361.17","363.43","363.83","360.23","628.74K","-0.53%"
"07/13/2018","363.08","362.87","365.03","362.87","488.86K","-0.04%"
"07/12/2018","363.21","363.86","364.16","361.19","527.13K","0.30%"
"07/11/2018","362.11","363.35","364.62","361.74","876.81K","-0.88%"
"07/10/2018","365.34","366.15","366.70","363.82","577.85K","-0.01%"
"07/09/2018","365.39","363.22","365.47","362.86","550.49K","1.00%"
"07/06/2018","361.77","358.75","362.45","358.32","595.79K","0.72%"
"07/05/2018","359.17","357.95","359.17","355.63","721.86K","0.89%"
"07/03/2018","355.99","356.41","358.26","355.49","484.14K","0.26%"
"07/02/2018","355.06","352.72","355.28","352.06","937.47K","0.01%"
"06/29/2018","355.02","355.76","358.00","354.88","978.30K","0.12%"
"06/28/2018","354.60","352.88","355.31","351.34","951.51K","0.40%"
"06/27/2018","353.17","357.67","359.19","353.01","743.41K","-1.09%"
"06/26/2018","357.07","356.79","358.30","355.46","701.96K","0.15%"
"06/25/2018","356.52","360.72","360.72","354.87","2.25M","-1.43%"
"06/22/2018","361.68","363.08","363.87","361.53","1.30M","0.09%"
"06/21/2018","361.37","363.77","364.02","360.36","856.82K","-0.70%"
"06/20/2018","363.92","363.31","364.30","361.88","705.19K","0.49%"
"06/19/2018","362.14","359.96","362.28","357.95","956.31K","-0.14%"
"06/18/2018","362.66","359.99","363.20","359.99","610.05K","0.19%"
"06/15/2018","361.99","361.55","362.70","359.59","1.24M","-0.51%"
"06/14/2018","363.85","363.90","364.10","361.80","909.24K","0.26%"
"06/13/2018","362.89","365.84","365.84","362.77","797.80K","-0.62%"
"06/12/2018","365.14","365.00","366.10","364.01","632.25K","0.14%"
"06/11/2018","364.62","364.79","365.75","364.33","882.22K","-0.01%"
"06/08/2018","364.67","362.31","364.72","361.84","1.79M","0.57%"
"06/07/2018","362.61","363.34","363.91","361.12","1.60M","0.04%"
"06/06/2018","362.47","360.04","362.50","359.28","686.08K","0.83%"
"06/05/2018","359.49","358.29","359.77","357.77","688.04K","0.23%"
"06/04/2018","358.66","357.53","358.66","356.35","1.15M","0.59%"
"06/01/2018","356.54","356.79","357.60","356.19","744.62K","0.56%"
"05/31/2018","354.54","358.68","359.05","354.19","2.10M","-1.13%"
"05/30/2018","358.59","354.62","359.61","354.62","1.74M","1.53%"
"05/29/2018","353.18","352.05","355.13","350.91","1.12M","-0.35%"
"05/25/2018","354.42","354.23","355.50","353.61","734.89K","-0.27%"
"05/24/2018","355.37","354.70","355.79","352.44","708.51K","0.06%"
"05/23/2018","355.15","353.53","355.20","353.25","1.18M","0.08%"
"05/22/2018","354.88","357.63","358.15","354.64","834.12K","-0.69%"
"05/21/2018","357.34","355.36","357.56","355.36","945.15K","0.98%"
"05/18/2018","353.87","354.81","355.00","353.83","504.65K","-0.20%"
"05/17/2018","354.58","353.64","355.88","353.39","786.21K","0.21%"
"05/16/2018","353.85","351.93","354.95","351.73","1.10M","0.69%"
"05/15/2018","351.41","351.04","352.27","349.80","757.94K","-0.24%"
"05/14/2018","352.26","353.34","354.42","351.74","622.47K","-0.17%"
"05/11/2018","352.86","352.76","354.04","351.93","823.83K","0.09%"
"05/10/2018","352.55","350.87","353.57","350.57","794.50K","0.74%"
"05/09/2018","349.95","348.73","350.96","347.85","715.19K","0.49%"
"05/08/2018","348.23","346.62","348.53","346.42","797.50K","0.33%"
"05/07/2018","347.07","345.96","348.83","345.83","559.54K","0.54%"
"05/04/2018","345.19","339.56","346.69","338.75","644.04K","1.35%"
"05/03/2018","340.59","339.79","341.81","336.66","883.09K","-0.14%"
"05/02/2018","341.08","341.32","343.97","340.85","644.81K","-0.18%"
"05/01/2018","341.71","339.88","342.17","337.21","1.06M","0.35%"
"04/30/2018","340.51","344.83","346.02","340.43","1.35M","-1.04%"
"04/27/2018","344.10","344.28","345.21","342.35","647.28K","-0.16%"
"04/26/2018","344.65","343.75","345.73","342.66","1.27M","0.38%"
"04/25/2018","343.34","342.50","344.84","340.39","870.75K","0.04%"
"04/24/2018","343.21","346.94","348.40","340.63","1.37M","-0.75%"
"04/23/2018","345.80","346.04","347.80","344.16","590.16K","-0.01%"
"04/20/2018","345.83","347.34","348.07","344.83","1.09M","-0.60%"
"04/19/2018","347.93","348.88","349.68","346.31","937.30K","-0.52%"
"04/18/2018","349.75","349.64","351.47","349.07","584.53K","0.34%"
"04/17/2018","348.57","347.72","349.61","346.89","671.21K","0.77%"
"04/16/2018","345.90","344.16","346.88","343.22","710.35K","1.00%"
"04/13/2018","342.48","344.79","345.22","341.26","730.90K","-0.30%"
"04/12/2018","343.51","343.63","344.90","342.53","727.37K","0.40%"
"04/11/2018","342.15","340.65","343.70","340.57","560.68K","-0.11%"
"04/10/2018","342.54","341.12","343.93","340.01","1.12M","1.58%"
"04/09/2018","337.21","338.92","341.69","336.92","833.04K","0.05%"
"04/06/2018","337.03","341.00","343.34","334.29","1.44M","-1.95%"
"04/05/2018","343.75","343.24","344.65","341.45","706.89K","0.77%"
"04/04/2018","341.13","333.59","341.72","333.30","1.27M","0.86%"
"04/03/2018","338.22","335.22","339.39","333.94","2.29M","1.37%"
"04/02/2018","333.64","340.39","341.51","330.91","2.12M","-2.37%"
"03/29/2018","341.73","338.47","343.38","338.38","1.81M","1.38%"
"03/28/2018","337.08","337.18","338.82","334.89","1.44M","0.21%"
"03/27/2018","336.38","342.78","342.78","334.95","2.36M","-1.50%"
"03/26/2018","341.50","338.22","341.67","335.37","1.28M","2.19%"
"03/23/2018","334.17","340.71","342.35","333.97","1.42M","-1.96%"
"03/22/2018","340.86","346.43","348.17","340.73","1.37M","-2.51%"
"03/21/2018","349.63","349.19","352.09","348.61","642.14K","0.29%"
"03/20/2018","348.63","349.17","350.12","347.77","653.15K","0.08%"
"03/19/2018","348.34","350.35","350.46","345.50","1.08M","-0.92%"
"03/16/2018","351.57","349.26","352.59","349.26","2.01M","0.41%"
"03/15/2018","350.13","352.25","352.35","349.46","1.12M","-0.39%"
"03/14/2018","351.50","354.70","355.22","350.78","1.34M","-0.52%"
"03/13/2018","353.32","356.90","357.11","352.58","1.53M","-0.54%"
"03/12/2018","355.25","355.21","356.37","354.17","1.90M","0.10%"
"03/09/2018","354.91","351.12","355.03","350.59","1.22M","1.66%"
"03/08/2018","349.13","350.39","350.81","346.95","739.28K","-0.18%"
"03/07/2018","349.77","346.41","350.34","346.19","1.08M","0.21%"
"03/06/2018","349.04","346.60","349.04","344.31","1.01M","1.06%"
"03/05/2018","345.37","340.29","346.32","340.08","1.05M","1.05%"
"03/02/2018","341.78","335.55","342.46","334.88","961.91K","1.04%"
"03/01/2018","338.26","339.12","342.13","335.48","1.24M","-0.29%"
"02/28/2018","339.26","344.46","345.18","339.18","886.63K","-1.18%"
"02/27/2018","343.32","348.44","349.65","343.32","792.08K","-1.46%"
"02/26/2018","348.40","347.39","348.59","345.04","744.92K","0.58%"
"02/23/2018","346.40","343.91","346.47","342.85","775.51K","1.22%"
"02/22/2018","342.23","343.79","345.80","341.69","761.85K","-0.13%"
"02/21/2018","342.68","343.83","347.93","342.61","961.06K","-0.21%"
"02/20/2018","343.41","344.72","346.66","342.33","743.33K","-0.70%"
"02/16/2018","345.82","344.08","347.47","343.98","940.08K","0.21%"
"02/15/2018","345.11","343.43","345.13","340.37","962.18K","1.09%"
"02/14/2018","341.38","333.09","341.90","332.90","989.94K","1.83%"
"02/13/2018","335.24","332.55","335.67","331.14","1.31M","0.30%"
"02/12/2018","334.25","331.82","336.07","329.53","2.22M","0.97%"
"02/09/2018","331.03","330.50","333.02","321.61","3.54M","1.11%"
"02/08/2018","327.40","338.83","339.23","327.35","3.26M","-3.28%"
"02/07/2018","338.52","338.21","341.58","336.38","2.41M","-0.12%"
"02/06/2018","338.94","328.99","340.26","326.04","6.69M","1.02%"
"02/05/2018","335.52","345.44","348.20","335.31","3.21M","-3.69%"
"02/02/2018","348.38","353.44","353.54","348.16","1.38M","-2.01%"
"02/01/2018","355.54","354.28","356.42","353.59","1.03M","0.15%"
"01/31/2018","355.00","356.93","358.42","353.72","848.73K","-0.20%"
"01/30/2018","355.70","357.12","357.90","355.14","1.21M","-1.04%"
"01/29/2018","359.43","361.45","362.21","359.39","884.48K","-0.85%"
"01/26/2018","362.51","361.58","362.57","359.53","582.36K","0.44%"
"01/25/2018","360.93","362.33","362.73","359.47","778.23K","-0.07%"
"01/24/2018","361.18","362.85","363.70","359.74","933.24K","-0.25%"
"01/23/2018","362.10","361.23","362.67","360.29","694.30K","0.18%"
"01/22/2018","361.45","359.80","361.47","359.22","719.59K","0.51%"
"01/19/2018","359.60","356.40","359.63","356.16","553.08K","1.04%"
"01/18/2018","355.90","356.57","357.22","355.51","792.53K","-0.34%"
"01/17/2018","357.12","355.73","357.96","355.10","1.03M","0.73%"
"01/16/2018","354.53","358.27","359.18","353.94","1.42M","-0.75%"
"01/12/2018","357.20","356.44","357.49","355.92","907.09K","0.25%"
"01/11/2018","356.30","351.75","356.30","351.75","1.09M","1.43%"
"01/10/2018","351.28","352.15","352.28","350.37","883.39K","-0.46%"
"01/09/2018","352.90","353.86","354.47","352.83","707.83K","-0.16%"
"01/08/2018","353.45","351.48","353.72","350.36","1.57M","0.55%"
"01/05/2018","351.52","351.04","351.85","350.29","916.08K","0.35%"
"01/04/2018","350.31","350.62","351.55","350.15","800.90K","0.30%"
"01/03/2018","349.27","348.73","349.92","348.11","1.33M","0.16%"
"01/02/2018","348.70","346.93","348.70","345.92","2.31M","0.95%"
"12/29/2017","345.41","348.03","348.12","345.24","2.00M","-0.53%"
"12/28/2017","347.26","346.31","347.30","345.52","932.92K","0.37%"
"12/27/2017","345.98","345.90","347.08","345.76","1.07M","-0.04%"
"12/26/2017","346.11","345.67","346.72","345.66","546.11K","0.05%"
"12/22/2017","345.94","345.84","346.10","344.93","652.63K","0.00%"
"12/21/2017","345.93","345.82","346.72","345.13","1.54M","0.22%"
"12/20/2017","345.16","345.73","346.01","343.87","1.04M","0.16%"
"12/19/2017","344.60","346.41","346.74","344.26","646.27K","-0.41%"
"12/18/2017","346.03","344.66","346.56","344.65","782.44K","1.04%"
"12/15/2017","342.47","340.87","344.49","340.44","1.18M","0.61%"
"12/14/2017","340.38","343.40","343.83","340.16","1.11M","-0.84%"
"12/13/2017","343.26","343.40","345.14","343.05","1.47M","0.01%"
"12/12/2017","343.22","344.77","344.77","343.08","879.69K","-0.26%"
"12/11/2017","344.12","344.52","345.05","343.55","1.06M","-0.07%"
"12/08/2017","344.35","344.19","345.33","343.30","1.75M","0.37%"
"12/07/2017","343.07","340.71","343.90","340.38","1.15M","0.65%"
"12/06/2017","340.85","341.63","342.51","340.75","725.74K","-0.41%"
"12/05/2017","342.24","345.43","345.89","342.20","1.30M","-0.78%"
"12/04/2017","344.92","348.20","349.16","344.85","1.01M","-0.03%"
"12/01/2017","345.02","346.06","346.06","337.71","1.63M","-0.26%"
"11/30/2017","345.91","345.26","347.36","344.59","1.20M","0.58%"
"11/29/2017","343.93","342.79","344.95","342.78","1.28M","0.46%"
"11/28/2017","342.37","338.62","342.42","338.52","810.55K","1.38%"
"11/27/2017","337.70","338.74","339.08","337.70","1.05M","-0.19%"
"11/24/2017","338.34","339.21","339.31","338.16","318.70K","0.04%"
"11/22/2017","338.19","338.58","339.36","338.12","942.30K","-0.07%"
"11/21/2017","338.41","337.62","338.53","337.41","825.26K","0.64%"
"11/20/2017","336.26","335.34","336.36","334.74","889.59K","0.36%"
"11/17/2017","335.07","333.51","335.59","333.13","831.77K","0.27%"
"11/16/2017","334.16","332.03","335.12","331.91","1.24M","0.99%"
"11/15/2017","330.87","330.67","332.02","328.57","922.79K","-0.46%"
"11/14/2017","332.41","331.55","332.76","331.47","795.04K","-0.14%"
"11/13/2017","332.86","331.23","332.97","330.34","510.50K","0.19%"
"11/10/2017","332.22","331.92","332.76","331.44","650.37K","-0.01%"
"11/09/2017","332.25","331.95","333.58","329.96","917.26K","-0.49%"
"11/08/2017","333.90","332.50","334.19","331.82","762.11K","0.25%"
"11/07/2017","333.08","335.19","335.58","331.88","513.63K","-0.63%"
"11/06/2017","335.19","333.93","335.71","333.93","595.77K","0.40%"
"11/03/2017","333.86","332.64","334.04","332.30","879.35K","0.25%"
"11/02/2017","333.02","332.28","334.29","332.04","1.04M","0.08%"
"11/01/2017","332.74","335.28","335.67","331.65","792.13K","-0.26%"
"10/31/2017","333.62","332.67","334.22","332.26","944.70K","0.53%"
"10/30/2017","331.85","333.48","333.96","331.12","988.59K","-0.72%"
"10/27/2017","334.25","332.35","334.37","331.45","784.92K","0.53%"
"10/26/2017","332.50","331.68","333.00","331.33","879.95K","0.43%"
"10/25/2017","331.07","332.29","332.40","328.74","836.13K","-0.62%"
"10/24/2017","333.12","332.47","333.60","332.44","1.04M","0.40%"
"10/23/2017","331.80","333.78","333.83","331.68","614.57K","-0.53%"
"10/20/2017","333.57","333.28","333.64","332.69","1.39M","0.60%"
"10/19/2017","331.59","329.64","331.61","328.89","654.47K","0.10%"
"10/18/2017","331.27","331.07","331.98","330.41","567.69K","0.31%"
"10/17/2017","330.23","330.51","331.21","329.90","455.74K","-0.14%"
"10/16/2017","330.68","331.01","332.02","330.52","544.08K","-0.02%"
"10/13/2017","330.73","331.24","332.08","330.55","655.99K","-0.06%"
"10/12/2017","330.94","329.94","331.34","329.64","1.51M","0.02%"
"10/11/2017","330.86","330.57","331.15","330.18","662.43K","0.07%"
"10/10/2017","330.63","330.59","331.61","329.95","650.17K","0.30%"
"10/09/2017","329.63","330.71","331.46","329.18","614.19K","-0.29%"
"10/06/2017","330.59","329.85","330.89","329.68","592.64K","-0.10%"
"10/05/2017","330.91","330.33","331.46","329.95","1.03M","0.32%"
"10/04/2017","329.84","329.71","330.42","329.08","805.89K","-0.06%"
"10/03/2017","330.04","329.56","330.12","328.47","880.68K","0.26%"
"10/02/2017","329.20","326.58","329.24","326.26","1.12M","0.88%"
"09/29/2017","326.33","325.79","327.06","325.73","919.60K","0.11%"
"09/28/2017","325.96","325.04","326.04","323.77","802.10K","0.22%"
"09/27/2017","325.24","323.58","325.71","321.89","1.47M","0.94%"
"09/26/2017","322.22","322.18","323.05","322.00","917.13K","0.08%"
"09/25/2017","321.95","320.95","322.28","320.41","857.58K","0.23%"
"09/22/2017","321.22","319.84","321.49","319.84","894.79K","0.28%"
"09/21/2017","320.33","320.92","321.12","320.03","449.93K","-0.22%"
"09/20/2017","321.03","320.58","321.12","319.89","1.20M","0.29%"
"09/19/2017","320.09","320.65","320.69","319.85","518.34K","-0.01%"
"09/18/2017","320.12","319.35","320.49","319.17","974.28K","0.47%"
"09/15/2017","318.61","317.25","318.79","317.05","737.16K","-0.10%"
"09/14/2017","318.93","318.35","319.35","317.91","1.00M","-0.03%"
"09/13/2017","319.02","319.05","319.75","318.76","751.01K","-0.11%"
"09/12/2017","319.38","317.97","319.52","317.68","872.42K","0.70%"
"09/11/2017","317.17","315.97","317.71","315.81","1.13M","1.19%"
"09/08/2017","313.44","311.98","314.05","311.45","764.80K","0.25%"
"09/07/2017","312.66","313.86","314.13","311.55","659.61K","-0.33%"
"09/06/2017","313.70","314.06","314.60","313.04","723.50K","0.12%"
"09/05/2017","313.33","316.89","317.54","312.12","1.04M","-1.10%"
"09/01/2017","316.80","316.21","317.34","316.06","742.57K","0.39%"
"08/31/2017","315.58","313.98","315.82","313.81","889.18K","0.80%"
"08/30/2017","313.06","310.84","313.29","310.38","648.87K","0.61%"
"08/29/2017","311.17","309.69","311.54","309.28","661.17K","-0.09%"
"08/28/2017","311.46","312.18","312.47","310.45","595.00K","-0.05%"
"08/25/2017","311.62","310.87","312.45","310.87","634.22K","0.48%"
"08/24/2017","310.14","311.70","311.73","310.06","1.29M","-0.11%"
"08/23/2017","310.48","309.45","311.33","309.11","649.20K","-0.24%"
"08/22/2017","311.22","308.79","311.48","308.73","1.07M","0.93%"
"08/21/2017","308.35","307.89","308.85","307.28","1.04M","-0.01%"
"08/18/2017","308.38","307.99","309.95","307.29","769.92K","-0.20%"
"08/17/2017","309.00","313.46","314.53","308.96","1.83M","-1.72%"
"08/16/2017","314.42","314.24","315.66","314.14","984.94K","0.25%"
"08/15/2017","313.63","315.74","315.74","313.52","1.01M","-0.53%"
"08/14/2017","315.29","313.56","315.97","313.38","1.02M","1.15%"
"08/11/2017","311.72","310.59","312.08","310.09","1.83M","0.20%"
"08/10/2017","311.09","314.85","315.10","311.00","2.33M","-1.57%"
"08/09/2017","316.06","316.80","317.15","315.06","1.01M","-0.69%"
"08/08/2017","318.25","318.88","321.05","317.73","1.11M","-0.25%"
"08/07/2017","319.06","319.37","319.95","318.11","748.57K","0.03%"
"08/04/2017","318.97","318.59","319.33","318.11","1.31M","0.29%"
"08/03/2017","318.06","319.21","319.45","317.43","1.29M","-0.28%"
"08/02/2017","318.94","320.67","321.10","317.79","1.40M","-0.74%"
"08/01/2017","321.32","321.61","321.80","320.12","846.53K","0.26%"
"07/31/2017","320.50","321.49","321.87","319.57","1.08M","-0.12%"
"07/28/2017","320.88","321.65","322.13","320.12","816.07K","-0.47%"
"07/27/2017","322.41","323.77","324.15","320.73","1.08M","-0.30%"
"07/26/2017","323.37","326.41","326.59","323.28","902.74K","-0.93%"
"07/25/2017","326.41","325.21","326.88","324.58","2.85M","0.89%"
"07/24/2017","323.52","322.63","323.72","322.18","780.57K","0.18%"
"07/21/2017","322.95","323.31","323.80","321.76","771.64K","-0.26%"
"07/20/2017","323.80","324.19","324.43","323.14","868.54K","-0.11%"
"07/19/2017","324.15","321.01","324.22","321.01","786.17K","1.03%"
"07/18/2017","320.85","320.87","321.48","319.63","744.32K","-0.33%"
"07/17/2017","321.92","321.07","322.34","320.22","925.19K","0.23%"
"07/14/2017","321.19","319.73","322.38","319.73","1.20M","0.31%"
"07/13/2017","320.20","319.99","320.33","318.35","741.84K","0.11%"
"07/12/2017","319.86","319.47","321.64","319.22","1.08M","0.63%"
"07/11/2017","317.86","317.05","318.12","315.31","1.12M","0.17%"
"07/10/2017","317.32","317.25","318.70","316.83","1.29M","-0.22%"
"07/07/2017","318.03","315.43","318.29","315.11","1.02M","0.99%"
"07/06/2017","314.91","317.34","317.94","314.61","2.51M","-1.22%"
"07/05/2017","318.81","319.13","319.92","317.79","769.03K","-0.38%"
"07/03/2017","320.04","319.02","321.01","318.83","737.67K","0.76%"
"06/30/2017","317.62","317.72","319.15","317.31","1.12M","0.07%"
"06/29/2017","317.41","319.70","320.25","314.83","2.08M","-0.65%"
"06/28/2017","319.49","317.76","320.48","317.62","1.94M","1.14%"
"06/27/2017","315.89","317.95","319.04","315.84","1.96M","-0.82%"
"06/26/2017","318.51","318.09","319.35","317.08","1.93M","0.39%"
"06/23/2017","317.27","316.05","318.03","315.42","748.70K","0.42%"
"06/22/2017","315.95","315.36","316.69","314.37","645.27K","0.14%"
"06/21/2017","315.52","318.16","318.33","315.15","906.10K","-0.58%"
"06/20/2017","317.36","319.94","320.04","317.31","1.11M","-1.11%"
"06/19/2017","320.91","319.63","321.22","319.63","1.10M","0.60%"
"06/16/2017","318.99","318.39","319.05","317.07","977.59K","-0.16%"
"06/15/2017","319.51","318.03","320.20","317.77","2.34M","-0.47%"
"06/14/2017","321.03","322.48","322.61","319.56","1.23M","-0.44%"
"06/13/2017","322.45","320.97","322.75","320.64","1.54M","0.65%"
"06/12/2017","320.38","320.05","321.00","318.95","1.27M","0.11%"
"06/09/2017","320.04","319.41","322.00","318.42","1.57M","0.36%"
"06/08/2017","318.89","316.17","319.78","315.57","888.24K","0.88%"
"06/07/2017","316.11","316.44","317.41","315.56","692.78K","-0.05%"
"06/06/2017","316.27","316.04","317.43","315.03","1.53M","-0.37%"
"06/05/2017","317.44","318.54","319.08","317.27","862.79K","-0.41%"
"06/02/2017","318.74","318.80","320.22","317.64","1.74M","0.14%"
"06/01/2017","318.31","314.38","318.31","313.48","1.94M","1.58%"
"05/31/2017","313.37","313.88","314.18","310.24","3.43M","0.02%"
"05/30/2017","313.31","313.83","314.56","312.47","697.70K","-0.32%"
"05/26/2017","314.31","314.52","315.00","313.66","1.00M","-0.25%"
"05/25/2017","315.11","315.66","316.59","314.59","924.46K","0.16%"
"05/24/2017","314.62","313.71","315.09","313.20","789.49K","0.28%"
"05/23/2017","313.74","313.83","314.53","311.91","650.79K","0.18%"
"05/22/2017","313.17","312.15","313.49","312.08","790.76K","0.50%"
"05/19/2017","311.60","309.08","312.81","308.87","1.37M","1.03%"
"05/18/2017","308.42","307.45","309.52","306.23","1.98M","0.08%"
"05/17/2017","308.16","310.62","314.68","307.96","3.09M","-2.02%"
"05/16/2017","314.52","315.38","315.48","312.78","1.24M","-0.13%"
"05/15/2017","314.94","313.70","316.13","313.69","781.04K","0.63%"
"05/12/2017","312.98","313.33","313.67","312.13","548.42K","-0.40%"
"05/11/2017","314.25","315.16","315.40","311.84","967.62K","-0.62%"
"05/10/2017","316.20","313.77","316.48","313.57","934.78K","0.64%"
"05/09/2017","314.20","315.14","315.54","313.34","815.73K","-0.23%"
"05/08/2017","314.92","315.74","316.30","313.75","871.80K","-0.43%"
"05/05/2017","316.27","314.75","316.27","313.46","562.09K","0.85%"
"05/04/2017","313.59","314.19","314.26","311.54","1.07M","-0.14%"
"05/03/2017","314.02","314.27","315.03","312.80","959.39K","-0.42%"
"05/02/2017","315.34","316.02","316.78","314.54","926.09K","-0.16%"
"05/01/2017","315.83","315.82","317.10","313.95","1.24M","0.31%"
"04/28/2017","314.85","318.18","318.44","314.83","1.75M","-1.01%"
"04/27/2017","318.07","318.33","319.06","317.02","756.36K","0.09%"
"04/26/2017","317.77","317.31","319.39","316.98","1.43M","0.01%"
"04/25/2017","317.75","317.71","318.98","317.32","1.12M","0.61%"
"04/24/2017","315.83","315.95","316.48","314.85","1.10M","1.21%"
"04/21/2017","312.05","312.42","312.89","311.31","801.27K","-0.25%"
"04/20/2017","312.84","310.92","313.22","310.20","2.16M","0.99%"
"04/19/2017","309.77","310.12","311.67","309.34","1.09M","0.19%"
"04/18/2017","309.17","308.23","309.55","307.13","907.59K","-0.02%"
"04/17/2017","309.22","306.16","309.24","305.46","1.16M","1.23%"
"04/13/2017","305.45","308.40","309.23","305.45","1.45M","-1.12%"
"04/12/2017","308.90","312.48","312.48","308.66","1.24M","-1.23%"
"04/11/2017","312.74","310.05","312.74","309.00","1.72M","0.59%"
"04/10/2017","310.90","310.37","312.51","309.47","1.22M","0.26%"
"04/07/2017","310.08","309.61","311.30","309.03","1.07M","-0.14%"
"04/06/2017","310.53","308.16","311.00","307.24","1.68M","0.86%"
"04/05/2017","307.89","311.73","313.01","307.62","1.46M","-0.77%"
"04/04/2017","310.27","310.15","311.11","309.47","1.98M","-0.15%"
"04/03/2017","310.73","312.72","313.45","309.19","2.44M","-0.54%"
"03/31/2017","312.42","312.33","313.70","311.82","1.01M","0.03%"
"03/30/2017","312.32","310.49","312.54","310.49","798.94K","0.53%"
"03/29/2017","310.68","309.33","310.88","308.51","1.03M","0.34%"
"03/28/2017","309.63","306.28","310.30","306.28","1.23M","0.75%"
"03/27/2017","307.32","304.87","307.77","303.85","1.98M","-0.15%"
"03/24/2017","307.78","309.04","309.95","306.76","974.16K","-0.10%"
"03/23/2017","308.08","307.37","310.05","306.42","979.05K","0.23%"
"03/22/2017","307.36","306.24","307.56","305.11","1.25M","0.22%"
"03/21/2017","306.67","314.31","314.31","306.53","1.87M","-1.96%"
"03/20/2017","312.80","313.93","314.35","312.23","767.94K","-0.45%"
"03/17/2017","314.22","314.55","314.93","313.39","972.85K","-0.19%"
"03/16/2017","314.83","315.51","316.07","314.21","2.09M","-0.07%"
"03/15/2017","315.04","312.23","315.63","312.00","1.33M","1.34%"
"03/14/2017","310.88","310.95","311.42","309.13","1.34M","-0.38%"
"03/13/2017","312.07","311.25","312.88","311.25","946.47K","0.17%"
"03/10/2017","311.55","312.04","312.47","309.70","1.12M","0.49%"
"03/09/2017","310.02","311.29","312.28","308.81","1.81M","-0.38%"
"03/08/2017","311.20","313.20","313.93","311.20","942.26K","-0.53%"
"03/07/2017","312.85","314.22","314.43","312.58","802.27K","-0.51%"
"03/06/2017","314.46","314.95","315.11","313.37","1.47M","-0.65%"
"03/03/2017","316.53","316.23","317.02","315.04","1.03M","0.10%"
"03/02/2017","316.22","319.61","319.68","316.07","1.03M","-1.16%"
"03/01/2017","319.92","317.83","320.48","317.72","2.11M","1.67%"
"02/28/2017","314.66","317.00","317.26","314.50","1.47M","-1.07%"
"02/27/2017","318.05","315.60","318.08","315.34","1.34M","0.63%"
"02/24/2017","316.06","313.31","316.06","312.82","919.84K","0.15%"
"02/23/2017","315.58","317.58","317.81","314.15","1.08M","-0.45%"
"02/22/2017","317.02","317.42","317.77","316.12","1.00M","-0.35%"
"02/21/2017","318.14","315.88","318.27","315.88","1.02M","0.80%"
"02/17/2017","315.60","314.23","315.60","313.51","1.12M","0.12%"
"02/16/2017","315.23","315.62","316.07","313.65","1.13M","-0.11%"
"02/15/2017","315.58","313.60","315.83","313.60","1.27M","0.31%"
"02/14/2017","314.60","313.26","314.66","312.33","662.15K","0.28%"
"02/13/2017","313.71","314.30","314.90","313.55","827.25K","0.29%"
"02/10/2017","312.80","312.31","313.42","311.56","1.17M","0.53%"
"02/09/2017","311.15","308.87","311.64","308.61","1.61M","0.94%"
"02/08/2017","308.26","307.25","308.41","305.74","858.78K","0.08%"
"02/07/2017","308.00","309.55","310.09","307.24","1.09M","-0.28%"
"02/06/2017","308.86","309.22","310.42","308.26","921.14K","-0.43%"
"02/03/2017","310.19","308.45","310.44","308.08","1.25M","1.32%"
"02/02/2017","306.16","305.84","307.46","304.87","1.37M","0.11%"
"02/01/2017","305.81","308.58","309.46","304.73","1.98M","-0.29%"
"01/31/2017","306.70","305.22","307.23","303.94","1.59M","0.34%"
"01/30/2017","305.67","306.51","306.55","302.80","1.51M","-0.86%"
"01/27/2017","308.32","310.27","310.79","307.57","967.82K","-0.52%"
"01/26/2017","309.93","311.10","311.77","309.27","910.74K","-0.33%"
"01/25/2017","310.97","309.77","311.11","309.69","1.44M","0.85%"
"01/24/2017","308.36","305.09","309.19","305.00","2.49M","1.50%"
"01/23/2017","303.81","303.95","304.80","302.14","823.15K","-0.25%"
"01/20/2017","304.58","304.15","305.39","303.53","900.54K","0.51%"
"01/19/2017","303.03","305.39","306.44","301.87","1.15M","-0.70%"
"01/18/2017","305.18","304.35","305.32","303.00","1.18M","0.41%"
"01/17/2017","303.93","305.71","306.19","303.35","1.05M","-0.89%"
"01/13/2017","306.65","305.70","307.84","305.69","1.48M","0.55%"
"01/12/2017","304.96","306.08","306.08","301.67","1.76M","-0.58%"
"01/11/2017","306.73","305.77","306.73","304.52","1.57M","0.40%"
"01/10/2017","305.50","303.86","306.59","303.57","1.06M","0.65%"
"01/09/2017","303.53","304.96","305.31","303.01","971.08K","-0.63%"
"01/06/2017","305.45","306.06","307.02","304.95","823.14K","-0.09%"
"01/05/2017","305.74","307.09","307.96","304.56","1.29M","-0.79%"
"01/04/2017","308.16","304.27","308.44","304.14","3.11M","1.58%"
"01/03/2017","303.36","304.68","305.47","301.43","2.00M","0.54%"
"12/30/2016","301.73","303.71","303.71","301.05","1.95M","-0.39%"
"12/29/2016","302.91","302.31","303.69","301.78","1.67M","0.29%"
"12/28/2016","302.02","305.39","305.86","301.57","832.02K","-1.02%"
"12/27/2016","305.12","304.16","305.85","304.01","581.56K","0.39%"
"12/23/2016","303.92","303.30","304.07","303.09","825.66K","0.22%"
"12/22/2016","303.24","305.05","305.23","302.38","1.17M","-0.60%"
"12/21/2016","305.06","306.23","306.62","304.99","921.52K","-0.45%"
"12/20/2016","306.45","305.73","306.75","305.08","836.20K","0.59%"
"12/19/2016","304.66","303.45","304.90","303.22","1.44M","0.57%"
"12/16/2016","302.93","303.50","305.89","302.33","2.24M","-0.57%"
"12/15/2016","304.68","304.03","306.53","302.80","1.25M","0.44%"
"12/14/2016","303.34","307.07","308.02","302.97","1.55M","-1.26%"
"12/13/2016","307.22","308.03","308.36","305.59","2.68M","0.19%"
"12/12/2016","306.64","307.58","309.22","305.73","3.05M","-0.57%"
"12/09/2016","308.39","309.17","309.55","307.75","2.65M","-0.23%"
"12/08/2016","309.09","306.33","309.59","305.85","2.20M","1.11%"
"12/07/2016","305.70","302.26","307.00","302.00","2.63M","1.14%"
"12/06/2016","302.24","299.48","302.25","298.98","1.51M","1.00%"
"12/05/2016","299.25","297.68","299.48","297.68","1.83M","1.10%"
"12/02/2016","295.99","296.25","297.09","295.33","1.11M","0.08%"
"12/01/2016","295.75","297.66","298.26","294.86","2.37M","-0.23%"
"11/30/2016","296.43","298.41","298.67","296.40","1.47M","-0.27%"
"11/29/2016","297.22","296.69","298.19","296.16","2.06M","0.24%"
"11/28/2016","296.52","298.43","298.65","296.36","1.98M","-0.73%"
"11/25/2016","298.69","298.57","298.77","298.11","327.01K","0.29%"
"11/23/2016","297.83","295.96","297.88","295.63","2.13M","0.44%"
"11/22/2016","296.52","295.24","296.74","294.64","1.58M","0.71%"
"11/21/2016","294.43","293.30","294.74","292.90","1.44M","0.69%"
"11/18/2016","292.42","292.62","292.90","291.89","1.75M","0.02%"
"11/17/2016","292.36","291.09","292.68","290.97","1.90M","0.65%"
"11/16/2016","290.48","290.16","290.92","289.37","1.23M","0.02%"
"11/15/2016","290.42","289.19","290.84","288.18","1.58M","0.49%"
"11/14/2016","289.00","286.70","289.20","286.06","2.02M","1.59%"
"11/11/2016","284.47","281.50","284.71","281.10","1.50M","0.99%"
"11/10/2016","281.69","282.04","283.88","280.00","1.95M","0.45%"
"11/09/2016","280.44","273.35","281.26","273.02","2.48M","1.82%"
"11/08/2016","275.43","273.79","276.63","273.24","1.24M","0.25%"
"11/07/2016","274.75","273.83","274.97","272.89","963.21K","2.11%"
"11/04/2016","269.07","268.81","271.49","268.25","1.21M","0.16%"
"11/03/2016","268.63","269.55","270.52","268.33","1.66M","-0.18%"
"11/02/2016","269.11","271.19","271.76","268.92","2.04M","-0.97%"
"11/01/2016","271.75","275.31","275.50","270.23","2.00M","-1.10%"
"10/31/2016","274.77","273.29","275.27","273.23","1.74M","0.72%"
"10/28/2016","272.80","273.16","275.10","272.24","1.44M","-0.20%"
"10/27/2016","273.35","276.33","276.39","272.47","1.12M","-0.80%"
"10/26/2016","275.56","275.44","276.80","274.89","911.10K","-0.54%"
"10/25/2016","277.05","278.72","278.74","276.59","893.06K","-0.71%"
"10/24/2016","279.04","279.45","280.84","278.40","639.82K","0.46%"
"10/21/2016","277.76","275.97","277.82","275.36","545.71K","-0.05%"
"10/20/2016","277.91","278.21","279.14","276.49","676.41K","-0.39%"
"10/19/2016","279.00","278.07","279.61","276.94","1.48M","0.46%"
"10/18/2016","277.72","278.83","279.08","277.08","955.94K","0.55%"
"10/17/2016","276.21","276.67","277.26","275.93","1.10M","-0.05%"
"10/14/2016","276.34","277.69","278.77","276.18","1.21M","-0.05%"
"10/13/2016","276.48","275.19","277.23","273.83","970.44K","-0.40%"
"10/12/2016","277.58","277.06","278.33","275.99","808.11K","0.39%"
"10/11/2016","276.50","280.08","280.37","275.36","3.43M","-1.65%"
"10/10/2016","281.14","280.75","282.79","280.75","1.14M","0.84%"
"10/07/2016","278.80","280.91","281.62","277.53","547.11K","-0.73%"
"10/06/2016","280.86","279.71","281.13","278.84","662.83K","0.21%"
"10/05/2016","280.27","280.15","281.67","280.12","1.30M","0.50%"
"10/04/2016","278.87","280.76","281.14","277.81","1.57M","-0.48%"
"10/03/2016","280.21","281.21","281.88","279.75","2.16M","-0.73%"
"09/30/2016","282.27","281.24","283.30","280.26","1.35M","0.87%"
"09/29/2016","279.84","282.56","283.18","279.14","1.14M","-1.11%"
"09/28/2016","282.99","280.89","283.20","279.31","783.58K","0.84%"
"09/27/2016","280.62","280.16","281.11","279.27","748.15K","0.10%"
"09/26/2016","280.34","280.30","281.49","280.15","746.62K","-0.52%"
"09/23/2016","281.81","283.24","284.13","281.72","1.39M","-0.79%"
"09/22/2016","284.06","282.30","284.37","282.30","1.89M","1.18%"
"09/21/2016","280.75","277.87","280.90","277.17","2.28M","1.34%"
"09/20/2016","277.05","279.63","279.63","277.05","606.40K","-0.49%"
"09/19/2016","278.42","277.70","280.14","277.24","622.76K","0.74%"
"09/16/2016","276.37","276.29","276.92","275.36","1.40M","-0.89%"
"09/15/2016","278.86","275.90","279.34","275.56","749.82K","1.04%"
"09/14/2016","276.00","277.05","277.98","275.38","1.07M","-0.28%"
"09/13/2016","276.78","279.55","280.31","275.52","2.95M","-1.82%"
"09/12/2016","281.90","277.33","282.26","276.94","1.65M","1.20%"
"09/09/2016","278.55","284.64","284.93","278.55","2.62M","-2.94%"
"09/08/2016","287.00","287.76","287.93","286.89","817.48K","-0.47%"
"09/07/2016","288.35","286.95","288.40","286.61","912.57K","0.38%"
"09/06/2016","287.27","288.06","288.27","286.13","777.79K","-0.22%"
"09/02/2016","287.89","286.34","287.89","286.28","1.83M","1.03%"
"09/01/2016","284.95","285.26","285.94","282.94","884.37K","-0.05%"
"08/31/2016","285.08","285.82","286.08","283.73","1.04M","-0.39%"
"08/30/2016","286.19","286.51","286.83","284.95","662.26K","-0.03%"
"08/29/2016","286.27","284.48","286.98","284.48","1.98M","0.77%"
"08/26/2016","284.07","285.64","287.24","282.78","1.23M","-0.39%"
"08/25/2016","285.17","283.73","285.90","283.62","949.77K","0.14%"
"08/24/2016","284.78","286.11","286.20","283.85","1.01M","-0.50%"
"08/23/2016","286.21","285.98","287.08","285.92","1.70M","0.50%"
"08/22/2016","284.80","284.20","284.89","283.42","628.35K","0.09%"
"08/19/2016","284.53","283.59","284.83","282.99","828.60K","0.03%"
"08/18/2016","284.45","282.46","284.53","282.45","1.29M","0.69%"
"08/17/2016","282.51","283.09","283.26","280.79","1.12M","-0.18%"
"08/16/2016","283.02","284.86","285.00","282.88","916.98K","-0.96%"
"08/15/2016","285.76","284.20","286.32","284.16","898.79K","0.75%"
"08/12/2016","283.63","283.66","284.52","282.91","840.57K","-0.18%"
"08/11/2016","284.13","284.22","284.73","283.20","1.15M","0.23%"
"08/10/2016","283.47","284.24","284.72","282.92","1.06M","-0.30%"
"08/09/2016","284.32","284.60","285.04","284.01","749.90K","-0.04%"
"08/08/2016","284.42","284.36","285.42","284.15","873.11K","0.02%"
"08/05/2016","284.36","283.00","284.76","282.64","1.41M","0.97%"
"08/04/2016","281.64","281.75","282.82","281.14","968.41K","0.01%"
"08/03/2016","281.60","279.68","281.60","278.91","865.90K","0.64%"
"08/02/2016","279.80","282.86","283.29","279.00","1.05M","-1.14%"
"08/01/2016","283.02","283.93","284.46","282.48","1.05M","-0.27%"
"07/29/2016","283.78","282.59","284.60","281.68","1.45M","0.34%"
"07/28/2016","282.81","281.33","283.35","281.03","1.24M","0.33%"
"07/27/2016","281.88","283.14","283.58","280.76","1.94M","-0.42%"
"07/26/2016","283.06","281.64","283.15","281.25","1.24M","0.56%"
"07/25/2016","281.47","282.06","282.47","280.97","834.79K","-0.37%"
"07/22/2016","282.51","280.68","282.75","280.27","1.14M","0.81%"
"07/21/2016","280.25","281.72","282.60","280.06","1.05M","-0.59%"
"07/20/2016","281.90","281.11","282.48","280.10","1.22M","0.42%"
"07/19/2016","280.72","280.73","281.00","279.68","1.31M","-0.18%"
"07/18/2016","281.24","280.45","281.78","280.19","1.34M","0.13%"
"07/15/2016","280.87","281.82","282.12","280.25","1.32M","0.00%"
"07/14/2016","280.88","282.39","282.52","280.85","1.54M","0.23%"
"07/13/2016","280.24","282.11","282.21","279.60","1.86M","-0.27%"
"07/12/2016","281.00","280.17","281.75","279.54","2.87M","1.00%"
"07/11/2016","278.22","277.68","278.86","277.40","1.66M","0.56%"
"07/08/2016","276.67","274.09","276.94","273.87","1.47M","1.90%"
"07/07/2016","271.52","271.80","273.41","270.45","1.18M","0.17%"
"07/06/2016","271.05","268.84","271.23","267.85","1.56M","0.52%"
"07/05/2016","269.65","271.83","272.17","268.08","2.13M","-1.15%"
"07/01/2016","272.78","271.97","274.17","271.84","1.08M","0.20%"
"06/30/2016","272.23","267.48","272.39","266.81","2.09M","1.79%"
"06/29/2016","267.45","265.30","267.45","264.89","2.44M","1.92%"
"06/28/2016","262.42","259.80","262.66","259.56","2.81M","1.92%"
"06/27/2016","257.47","261.91","262.28","256.08","6.56M","-2.82%"
"06/24/2016","264.93","264.57","269.61","263.59","5.34M","-4.05%"
"06/23/2016","276.10","273.76","276.10","273.62","2.30M","1.85%"
"06/22/2016","271.08","272.23","273.38","271.00","1.40M","-0.33%"
"06/21/2016","271.97","272.11","272.60","270.70","1.18M","0.08%"
"06/20/2016","271.76","272.83","273.80","271.62","2.01M","1.05%"
"06/17/2016","268.93","268.89","270.03","267.80","1.13M","-0.31%"
"06/16/2016","269.77","268.38","269.93","266.32","2.28M","-0.07%"
"06/15/2016","269.96","270.35","271.90","269.71","1.05M","0.19%"
"06/14/2016","269.46","269.47","270.77","268.11","993.84K","-0.36%"
"06/13/2016","270.44","272.46","273.59","270.07","2.04M","-1.08%"
"06/10/2016","273.38","274.82","275.19","272.62","1.81M","-1.41%"
"06/09/2016","277.28","276.88","277.57","275.95","1.13M","-0.26%"
"06/08/2016","277.99","277.03","278.33","276.99","1.19M","0.47%"
"06/07/2016","276.69","276.02","277.50","275.51","1.34M","0.32%"
"06/06/2016","275.81","273.94","276.27","273.54","2.09M","0.89%"
"06/03/2016","273.38","274.43","274.43","271.58","2.27M","-0.55%"
"06/02/2016","274.89","272.52","274.89","271.78","1.35M","0.66%"
"06/01/2016","273.09","270.76","273.23","270.20","1.69M","0.47%"
"05/31/2016","271.82","272.72","273.15","271.12","3.97M","-0.06%"
"05/27/2016","271.98","269.97","271.99","269.79","1.37M","0.82%"
"05/26/2016","269.78","269.98","270.71","269.34","2.07M","0.04%"
"05/25/2016","269.66","268.99","270.18","268.84","3.34M","0.62%"
"05/24/2016","268.00","265.00","268.37","264.90","3.79M","1.66%"
"05/23/2016","263.63","263.95","264.66","263.09","830.61K","-0.21%"
"05/20/2016","264.19","261.62","264.48","261.60","1.32M","1.39%"
"05/19/2016","260.56","259.85","261.73","258.42","1.32M","-0.34%"
"05/18/2016","261.45","261.39","264.09","260.00","1.17M","-0.23%"
"05/17/2016","262.06","264.32","265.37","261.00","1.33M","-1.08%"
"05/16/2016","264.93","262.92","265.78","262.73","1.20M","1.05%"
"05/13/2016","262.18","264.11","264.95","261.32","1.30M","-0.99%"
"05/12/2016","264.81","265.76","266.57","263.13","1.42M","-0.03%"
"05/11/2016","264.90","266.65","267.42","264.77","1.21M","-0.98%"
"05/10/2016","267.53","265.54","267.53","264.97","1.08M","1.18%"
"05/09/2016","264.40","264.25","265.46","263.35","799.56K","-0.02%"
"05/06/2016","264.46","262.30","264.49","261.63","851.71K","0.46%"
"05/05/2016","263.24","264.37","265.13","262.58","872.11K","-0.06%"
"05/04/2016","263.41","263.21","265.52","262.63","1.59M","-0.42%"
"05/03/2016","264.53","266.28","266.34","263.05","1.35M","-1.41%"
"05/02/2016","268.30","266.75","268.30","265.59","1.43M","0.92%"
"04/29/2016","265.85","266.33","267.14","263.99","1.79M","-0.56%"
"04/28/2016","267.35","269.02","270.62","266.89","1.18M","-1.31%"
"04/27/2016","270.89","269.75","271.16","268.82","1.02M","0.51%"
"04/26/2016","269.52","268.12","269.68","267.44","1.69M","0.84%"
"04/25/2016","267.27","268.06","268.29","266.31","1.62M","-0.53%"
"04/22/2016","268.70","266.87","269.03","266.78","1.70M","0.86%"
"04/21/2016","266.41","269.02","269.44","266.16","1.74M","-0.87%"
"04/20/2016","268.76","268.92","270.12","267.56","2.74M","0.06%"
"04/19/2016","268.61","268.43","269.72","267.49","1.57M","0.37%"
"04/18/2016","267.62","265.15","267.81","264.86","1.21M","0.44%"
"04/15/2016","266.45","264.99","266.56","264.75","2.48M","0.44%"
"04/14/2016","265.29","266.27","266.67","265.08","1.05M","-0.39%"
"04/13/2016","266.34","263.36","266.40","263.26","2.67M","1.66%"
"04/12/2016","261.98","259.69","262.34","258.88","1.46M","1.11%"
"04/11/2016","259.10","260.95","262.45","259.08","3.33M","-0.18%"
"04/08/2016","259.57","259.81","261.29","258.83","920.02K","0.62%"
"04/07/2016","257.96","259.79","260.33","256.55","1.01M","-1.30%"
"04/06/2016","261.37","258.78","261.45","258.15","1.86M","1.00%"
"04/05/2016","258.78","259.77","260.36","258.51","1.12M","-1.01%"
"04/04/2016","261.43","263.74","263.94","261.21","970.23K","-1.04%"
"04/01/2016","264.19","260.75","264.19","260.17","1.81M","0.56%"
"03/31/2016","262.72","262.77","263.68","262.24","1.32M","0.05%"
"03/30/2016","262.59","264.35","264.35","262.00","2.29M","-0.02%"
"03/29/2016","262.65","257.09","262.65","256.70","2.30M","1.85%"
"03/28/2016","257.88","257.61","258.39","256.17","1.27M","0.38%"
"03/24/2016","256.91","255.08","257.03","254.33","1.22M","0.08%"
"03/23/2016","256.70","259.17","259.18","256.62","1.30M","-1.20%"
"03/22/2016","259.81","258.52","260.72","258.02","1.67M","-0.01%"
"03/21/2016","259.83","259.59","260.50","258.79","1.95M","0.05%"
"03/18/2016","259.70","258.97","260.90","258.22","1.28M","0.17%"
"03/17/2016","259.26","256.36","259.91","255.62","1.35M","1.02%"
"03/16/2016","256.65","253.01","256.90","253.01","2.53M","1.08%"
"03/15/2016","253.92","254.24","254.51","253.07","911.55K","-0.67%"
"03/14/2016","255.63","255.97","256.24","254.57","1.26M","-0.36%"
"03/11/2016","256.55","253.81","256.69","253.75","4.19M","1.94%"
"03/10/2016","251.66","253.21","254.01","249.30","1.67M","-0.32%"
"03/09/2016","252.46","252.67","252.89","250.96","1.29M","0.45%"
"03/08/2016","251.34","254.86","254.90","251.32","1.67M","-1.92%"
"03/07/2016","256.27","253.80","256.38","253.67","1.82M","0.46%"
"03/04/2016","255.09","253.58","255.95","252.77","2.24M","0.69%"
"03/03/2016","253.34","250.37","253.34","250.04","1.64M","1.07%"
"03/02/2016","250.66","247.92","250.80","247.47","1.80M","0.87%"
"03/01/2016","248.50","244.99","248.50","243.92","2.45M","2.29%"
"02/29/2016","242.94","244.20","245.70","242.94","1.19M","-0.51%"
"02/26/2016","244.18","244.48","245.02","243.33","1.10M","0.47%"
"02/25/2016","243.03","241.10","243.11","240.16","1.30M","1.14%"
"02/24/2016","240.28","236.54","240.78","235.32","1.26M","0.62%"
"02/23/2016","238.80","239.98","240.79","238.56","1.18M","-0.88%"
"02/22/2016","240.93","239.96","241.83","239.84","1.66M","1.27%"
"02/19/2016","237.90","236.74","237.90","235.22","1.47M","0.05%"
"02/18/2016","237.78","238.63","238.79","236.82","1.42M","-0.24%"
"02/17/2016","238.36","236.33","239.30","236.07","1.55M","1.57%"
"02/16/2016","234.67","232.55","234.97","231.01","1.14M","2.15%"
"02/12/2016","229.74","227.68","230.11","226.69","2.86M","1.84%"
"02/11/2016","225.58","225.13","226.99","223.68","2.13M","-1.39%"
"02/10/2016","228.76","229.57","232.61","228.66","2.25M","0.24%"
"02/09/2016","228.22","226.24","230.08","225.93","2.54M","-0.28%"
"02/08/2016","228.85","230.54","230.65","225.56","2.10M","-1.71%"
"02/05/2016","232.83","237.06","237.07","232.55","1.79M","-2.13%"
"02/04/2016","237.89","235.45","239.59","235.42","2.84M","0.74%"
"02/03/2016","236.14","236.26","236.72","230.75","3.11M","0.70%"
"02/02/2016","234.51","237.52","237.52","233.80","2.55M","-2.13%"
"02/01/2016","239.61","238.03","240.77","237.18","2.14M","-0.15%"
"01/29/2016","239.97","233.46","240.00","233.34","4.28M","3.28%"
"01/28/2016","232.34","234.26","234.76","230.97","1.90M","0.04%"
"01/27/2016","232.25","233.67","236.15","231.03","1.91M","-1.01%"
"01/26/2016","234.62","230.49","234.71","230.43","1.41M","2.24%"
"01/25/2016","229.48","233.14","233.49","229.16","1.71M","-2.07%"
"01/22/2016","234.34","231.97","234.55","231.82","2.32M","2.50%"
"01/21/2016","228.62","229.00","232.17","227.13","4.48M","0.15%"
"01/20/2016","228.27","226.56","230.69","220.88","6.15M","-0.65%"
"01/19/2016","229.76","233.26","233.31","227.91","2.83M","-0.55%"
"01/15/2016","231.03","228.73","231.47","226.61","5.34M","-1.44%"
"01/14/2016","234.40","232.61","235.95","229.81","3.19M","1.18%"
"01/13/2016","231.66","238.91","239.47","230.84","6.69M","-2.70%"
"01/12/2016","238.08","239.11","239.77","234.73","5.41M","0.41%"
"01/11/2016","237.10","238.85","239.53","234.93","5.18M","-0.30%"
"01/08/2016","237.82","242.00","242.83","237.61","4.34M","-1.34%"
"01/07/2016","241.04","243.32","244.97","240.85","6.41M","-2.55%"
"01/06/2016","247.36","247.62","249.18","246.04","5.39M","-1.41%"
"01/05/2016","250.90","251.23","251.79","249.63","3.86M","0.03%"
"01/04/2016","250.82","249.92","250.82","248.24","5.09M","-1.27%"
"12/31/2015","254.04","255.82","257.32","254.04","2.69M","-1.05%"
"12/30/2015","256.73","258.66","259.08","256.73","1.55M","-0.86%"
"12/29/2015","258.96","258.33","259.50","257.34","1.05M","0.80%"
"12/28/2015","256.90","256.13","257.01","254.32","1.59M","-0.12%"
"12/24/2015","257.22","257.30","258.21","256.35","432.04K","-0.02%"
"12/23/2015","257.26","255.37","257.27","254.77","1.25M","1.32%"
"12/22/2015","253.90","252.36","254.48","250.86","1.01M","0.94%"
"12/21/2015","251.53","251.17","252.24","249.76","1.75M","0.71%"
"12/18/2015","249.75","252.43","252.47","249.72","1.67M","-1.77%"
"12/17/2015","254.25","258.15","258.15","254.20","1.11M","-1.20%"
"12/16/2015","257.35","256.07","258.05","254.29","1.68M","1.04%"
"12/15/2015","254.71","253.60","255.39","253.35","1.33M","1.03%"
"12/14/2015","252.11","253.06","254.55","250.10","2.37M","-0.50%"
"12/11/2015","253.37","254.65","255.93","252.64","1.62M","-1.50%"
"12/10/2015","257.23","256.51","258.94","256.08","2.64M","0.22%"
"12/09/2015","256.67","258.76","261.69","255.86","2.49M","-1.20%"
"12/08/2015","259.80","259.26","260.68","258.10","1.08M","-0.69%"
"12/07/2015","261.61","263.54","263.64","260.18","1.53M","-0.93%"
"12/04/2015","264.07","261.18","264.42","260.90","1.33M","1.22%"
"12/03/2015","260.89","266.19","266.48","259.86","2.25M","-1.70%"
"12/02/2015","265.39","268.30","268.72","265.05","2.49M","-1.15%"
"12/01/2015","268.49","267.42","268.55","266.75","1.41M","0.85%"
"11/30/2015","266.22","268.51","268.82","266.00","1.98M","-0.55%"
"11/27/2015","267.70","267.08","268.15","265.78","1.18M","0.36%"
"11/25/2015","266.74","266.05","267.17","265.52","1.86M","0.30%"
"11/24/2015","265.93","263.16","266.50","262.44","3.72M","0.61%"
"11/23/2015","264.31","263.46","265.53","263.38","1.65M","0.21%"
"11/20/2015","263.75","263.22","264.55","262.87","2.14M","0.49%"
"11/19/2015","262.47","262.69","263.08","261.71","2.37M","-0.17%"
"11/18/2015","262.91","259.03","262.91","258.70","2.97M","1.83%"
"11/17/2015","258.18","259.47","260.98","257.93","1.03M","-0.41%"
"11/16/2015","259.25","256.03","259.26","255.54","1.30M","1.34%"
"11/13/2015","255.82","257.72","258.35","255.44","2.96M","-0.97%"
"11/12/2015","258.32","262.14","262.28","258.21","2.53M","-2.10%"
"11/11/2015","263.87","265.87","266.01","263.79","787.37K","-0.60%"
"11/10/2015","265.46","263.30","265.46","262.97","1.99M","0.50%"
"11/09/2015","264.14","265.87","266.06","262.19","1.25M","-0.84%"
"11/06/2015","266.39","266.05","266.72","264.16","709.61K","-0.12%"
"11/05/2015","266.70","266.68","267.07","264.65","2.23M","0.02%"
"11/04/2015","266.64","267.95","267.98","265.79","3.72M","-0.11%"
"11/03/2015","266.93","266.32","268.20","265.71","1.64M","0.10%"
"11/02/2015","266.67","262.98","267.07","262.80","1.08M","1.51%"
"10/30/2015","262.71","263.01","264.30","262.54","1.84M","-0.14%"
"10/29/2015","263.07","263.62","264.26","262.36","1.98M","-0.57%"
"10/28/2015","264.59","259.94","264.59","259.30","3.29M","2.06%"
"10/27/2015","259.26","260.36","260.91","257.83","1.08M","-0.79%"
"10/26/2015","261.33","261.64","262.03","260.36","1.99M","-0.25%"
"10/23/2015","261.98","262.43","262.49","260.12","2.30M","0.50%"
"10/22/2015","260.67","259.99","261.69","259.08","2.97M","0.73%"
"10/21/2015","258.79","262.37","262.51","258.54","1.75M","-1.11%"
"10/20/2015","261.69","261.20","262.99","260.96","1.12M","0.00%"
"10/19/2015","261.70","259.80","262.17","259.71","1.47M","0.35%"
"10/16/2015","260.79","261.60","261.62","259.38","850.38K","-0.01%"
"10/15/2015","260.82","258.61","260.93","256.71","2.15M","1.17%"
"10/14/2015","257.81","259.89","260.82","257.54","1.78M","-0.72%"
"10/13/2015","259.69","261.04","263.23","259.52","1.85M","-0.96%"
"10/12/2015","262.21","262.70","262.70","261.53","920.43K","-0.08%"
"10/09/2015","262.41","262.51","262.85","261.21","1.92M","0.20%"
"10/08/2015","261.89","258.69","262.50","258.41","1.84M","1.03%"
"10/07/2015","259.21","257.19","259.38","256.00","1.91M","1.31%"
"10/06/2015","255.85","256.76","257.65","255.05","1.23M","-0.40%"
"10/05/2015","256.87","253.85","257.23","253.55","1.70M","1.89%"
"10/02/2015","252.11","246.07","252.11","244.88","1.16M","1.51%"
"10/01/2015","248.35","249.15","249.84","245.93","2.30M","-0.22%"
"09/30/2015","248.89","248.07","249.38","246.31","2.27M","1.33%"
"09/29/2015","245.62","245.89","247.60","244.48","1.95M","-0.17%"
"09/28/2015","246.03","251.32","251.77","245.16","1.46M","-2.49%"
"09/25/2015","252.30","254.68","254.94","251.26","2.09M","-0.16%"
"09/24/2015","252.70","252.31","253.39","250.13","2.09M","-0.47%"
"09/23/2015","253.90","255.11","255.77","253.22","1.73M","-0.25%"
"09/22/2015","254.54","254.96","256.16","253.21","1.61M","-1.41%"
"09/21/2015","258.19","257.89","260.86","257.45","2.12M","0.60%"
"09/18/2015","256.64","257.97","259.64","256.33","1.41M","-2.05%"
"09/17/2015","262.02","262.37","265.48","261.21","1.14M","-0.06%"
"09/16/2015","262.18","259.73","262.46","259.40","2.04M","0.95%"
"09/15/2015","259.71","257.41","260.08","256.82","1.89M","1.18%"
"09/14/2015","256.69","258.51","258.62","256.36","1.38M","-0.51%"
"09/11/2015","258.00","255.64","258.09","254.69","1.10M","0.63%"
"09/10/2015","256.39","255.33","258.90","255.33","2.55M","0.15%"
"09/09/2015","256.00","260.64","261.02","255.58","910.76K","-1.06%"
"09/08/2015","258.74","256.14","259.00","255.63","1.51M","2.44%"
"09/04/2015","252.57","252.55","254.51","251.68","877.34K","-1.20%"
"09/03/2015","255.65","255.15","258.17","254.85","1.18M","0.44%"
"09/02/2015","254.52","253.95","254.53","250.67","2.62M","1.52%"
"09/01/2015","250.70","253.22","255.33","249.95","2.94M","-2.83%"
"08/31/2015","258.00","258.69","260.39","257.71","1.23M","-0.72%"
"08/28/2015","259.88","258.37","260.50","257.93","1.33M","0.43%"
"08/27/2015","258.77","255.00","259.36","254.24","2.00M","2.48%"
"08/26/2015","252.52","251.35","253.21","246.32","4.86M","2.56%"
"08/25/2015","246.21","255.00","255.46","245.98","4.86M","-0.84%"
"08/24/2015","248.29","245.11","256.70","216.91","6.05M","-4.14%"
"08/21/2015","259.02","262.65","263.99","259.01","7.37M","-2.39%"
"08/20/2015","265.36","269.22","269.67","265.27","4.09M","-2.23%"
"08/19/2015","271.41","272.90","273.54","270.31","3.06M","-1.08%"
"08/18/2015","274.38","275.75","275.76","274.05","887.91K","-0.55%"
"08/17/2015","275.89","272.55","275.96","271.61","1.38M","0.95%"
"08/14/2015","273.29","271.45","273.59","270.99","1.18M","0.64%"
"08/13/2015","271.54","271.70","272.74","270.57","1.06M","-0.02%"
"08/12/2015","271.59","270.43","272.03","267.39","3.53M","-0.25%"
"08/11/2015","272.26","272.62","273.64","271.24","2.12M","-0.99%"
"08/10/2015","274.99","272.42","275.00","272.29","2.19M","1.51%"
"08/07/2015","270.89","270.63","271.30","269.61","1.64M","-0.12%"
"08/06/2015","271.21","274.14","274.33","269.61","1.39M","-0.97%"
"08/05/2015","273.86","273.64","275.70","272.96","1.15M","0.53%"
"08/04/2015","272.41","272.76","274.13","271.71","1.10M","-0.09%"
"08/03/2015","272.66","273.95","273.95","271.15","1.50M","-0.30%"
"07/31/2015","273.49","273.47","274.81","272.87","1.66M","0.16%"
"07/30/2015","273.05","272.06","273.23","270.97","1.08M","0.22%"
"07/29/2015","272.45","269.45","272.85","268.99","1.74M","1.15%"
"07/28/2015","269.35","267.67","269.54","265.76","2.03M","1.05%"
"07/27/2015","266.54","267.32","267.85","266.08","1.66M","-0.74%"
"07/24/2015","268.52","270.89","271.47","268.09","2.47M","-0.93%"
"07/23/2015","271.03","273.28","273.89","270.73","1.54M","-0.71%"
"07/22/2015","272.96","271.43","273.14","271.23","1.03M","0.32%"
"07/21/2015","272.10","273.98","274.85","271.92","1.50M","-0.74%"
"07/20/2015","274.14","274.12","274.76","273.50","2.13M","-0.02%"
"07/17/2015","274.20","276.02","276.30","273.68","1.54M","-0.76%"
"07/16/2015","276.31","276.90","277.06","275.73","1.29M","0.34%"
"07/15/2015","275.37","277.07","277.15","274.92","1.09M","-0.52%"
"07/14/2015","276.81","275.58","277.39","275.46","1.44M","0.38%"
"07/13/2015","275.75","275.20","276.11","274.83","1.32M","0.92%"
"07/10/2015","273.24","273.16","273.97","272.32","1.47M","1.03%"
"07/09/2015","270.46","273.25","273.52","270.36","2.03M","0.03%"
"07/08/2015","270.37","271.56","273.05","269.21","3.40M","-1.40%"
"07/07/2015","274.20","273.22","274.32","269.29","3.62M","0.49%"
"07/06/2015","272.87","271.32","274.37","271.21","2.71M","-0.33%"
"07/02/2015","273.78","274.90","275.27","272.90","1.91M","-0.18%"
"07/01/2015","274.27","275.67","275.67","273.17","4.32M","0.39%"
"06/30/2015","273.20","274.61","274.79","272.47","2.32M","0.21%"
"06/29/2015","272.63","276.08","277.81","272.54","2.21M","-2.07%"
"06/26/2015","278.39","278.75","279.04","277.52","1.71M","0.15%"
"06/25/2015","277.96","279.57","279.81","277.52","1.10M","-0.33%"
"06/24/2015","278.87","281.34","281.59","278.68","1.69M","-0.94%"
"06/23/2015","281.53","281.44","281.93","280.97","958.60K","0.06%"
"06/22/2015","281.36","281.47","281.71","280.53","1.03M","0.54%"
"06/19/2015","279.85","280.45","281.12","279.82","1.22M","-0.64%"
"06/18/2015","281.66","280.17","282.41","279.81","1.61M","0.87%"
"06/17/2015","279.22","280.13","280.62","278.31","927.14K","-0.06%"
"06/16/2015","279.39","277.08","279.76","276.95","1.12M","0.66%"
"06/15/2015","277.55","277.37","278.01","275.38","1.48M","-0.58%"
"06/12/2015","279.17","279.37","279.93","278.55","967.87K","-0.45%"
"06/11/2015","280.44","279.32","280.62","279.09","1.72M","0.60%"
"06/10/2015","278.77","277.20","279.76","276.82","2.77M","1.15%"
"06/09/2015","275.61","276.53","276.81","274.58","975.35K","-0.30%"
"06/08/2015","276.43","277.85","278.50","276.22","934.88K","-0.62%"
"06/05/2015","278.15","276.97","278.40","275.20","945.42K","0.29%"
"06/04/2015","277.35","278.72","279.17","276.95","1.86M","-0.91%"
"06/03/2015","279.91","279.24","280.97","278.28","3.27M","0.52%"
"06/02/2015","278.46","277.43","279.30","276.75","1.16M","0.07%"
"06/01/2015","278.26","278.76","279.35","276.41","1.31M","0.21%"
"05/29/2015","277.69","279.38","279.55","276.90","2.57M","-0.69%"
"05/28/2015","279.62","279.60","280.15","278.41","1.10M","-0.19%"
"05/27/2015","280.15","278.30","280.33","277.63","1.97M","0.91%"
"05/26/2015","277.63","279.92","280.02","277.04","2.09M","-1.13%"
"05/22/2015","280.79","280.32","281.32","280.21","907.49K","-0.08%"
"05/21/2015","281.02","280.43","281.51","279.84","583.00K","0.11%"
"05/20/2015","280.72","280.94","281.61","279.93","1.09M","0.02%"
"05/19/2015","280.66","281.41","281.55","280.03","999.43K","-0.11%"
"05/18/2015","280.98","278.56","281.30","278.07","1.32M","0.80%"
"05/15/2015","278.76","278.85","279.17","277.73","1.34M","-0.08%"
"05/14/2015","278.97","277.68","279.04","276.68","1.97M","1.07%"
"05/13/2015","276.01","276.65","277.24","275.35","950.33K","0.12%"
"05/12/2015","275.69","275.10","276.43","272.87","989.05K","-0.23%"
"05/11/2015","276.33","276.10","277.38","275.22","1.26M","0.00%"
"05/08/2015","276.32","276.19","277.49","276.17","1.30M","0.86%"
"05/07/2015","273.97","273.08","274.78","272.07","996.50K","0.37%"
"05/06/2015","272.95","273.80","274.30","271.46","1.62M","0.05%"
"05/05/2015","272.82","276.27","277.01","272.45","4.71M","-1.31%"
"05/04/2015","276.45","275.98","277.46","275.49","1.61M","0.43%"
"05/01/2015","275.27","273.68","275.87","273.68","2.75M","0.78%"
"04/30/2015","273.15","275.54","275.85","272.17","2.64M","-1.11%"
"04/29/2015","276.22","276.34","277.21","275.27","966.92K","-0.62%"
"04/28/2015","277.94","276.61","278.05","274.85","1.68M","0.40%"
"04/27/2015","276.82","279.80","280.12","276.45","1.97M","-0.82%"
"04/24/2015","279.11","280.69","280.69","278.80","1.36M","-0.41%"
"04/23/2015","280.27","278.82","280.90","278.52","1.79M","0.49%"
"04/22/2015","278.90","278.18","278.98","276.60","1.35M","0.29%"
"04/21/2015","278.09","279.07","279.47","277.75","1.02M","-0.03%"
"04/20/2015","278.17","277.45","278.61","277.16","1.42M","0.87%"
"04/17/2015","275.76","276.81","277.41","274.73","1.92M","-1.17%"
"04/16/2015","279.03","279.21","279.90","278.15","1.13M","-0.26%"
"04/15/2015","279.77","279.38","280.85","279.16","1.29M","0.44%"
"04/14/2015","278.55","278.24","279.00","276.46","1.13M","0.10%"
"04/13/2015","278.27","279.16","279.89","278.23","903.57K","-0.34%"
"04/10/2015","279.23","279.18","279.74","278.62","2.22M","0.22%"
"04/09/2015","278.61","278.52","279.49","276.76","1.65M","-0.03%"
"04/08/2015","278.68","277.33","279.01","276.70","1.34M","0.53%"
"04/07/2015","277.22","279.23","279.68","277.19","2.04M","-0.82%"
"04/06/2015","279.52","275.91","279.76","275.76","3.47M","0.84%"
"04/02/2015","277.19","276.18","278.42","275.99","1.31M","0.36%"
"04/01/2015","276.20","277.26","277.26","274.39","1.95M","-0.38%"
"03/31/2015","277.24","277.00","278.02","276.27","1.08M","-0.35%"
"03/30/2015","278.20","275.87","278.60","275.82","1.37M","1.43%"
"03/27/2015","274.29","272.99","274.43","272.47","994.11K","0.46%"
"03/26/2015","273.04","272.32","274.04","271.57","1.64M","-0.19%"
"03/25/2015","273.57","278.67","278.99","273.57","2.10M","-1.70%"
"03/24/2015","278.31","279.35","279.45","278.18","901.93K","-0.43%"
"03/23/2015","279.51","280.05","280.39","279.46","863.11K","-0.06%"
"03/20/2015","279.67","277.71","280.20","277.34","2.90M","0.85%"
"03/19/2015","277.31","277.66","277.95","276.50","1.22M","-0.28%"
"03/18/2015","278.08","274.85","279.32","274.12","1.68M","1.00%"
"03/17/2015","275.34","273.96","275.51","273.62","2.07M","0.19%"
"03/16/2015","274.83","272.76","274.95","272.56","1.43M","1.19%"
"03/13/2015","271.59","272.75","272.78","269.72","1.46M","-0.60%"
"03/12/2015","273.22","271.51","273.61","271.41","1.57M","1.10%"
"03/11/2015","270.24","268.96","270.29","267.87","1.32M","0.73%"
"03/10/2015","268.27","269.30","269.75","268.17","1.60M","-1.26%"
"03/09/2015","271.69","271.24","272.17","271.13","1.75M","0.36%"
"03/06/2015","270.72","272.71","273.46","270.19","1.13M","-1.25%"
"03/05/2015","274.15","274.13","274.41","273.12","777.31K","0.15%"
"03/04/2015","273.74","273.90","274.14","272.44","1.15M","-0.38%"
"03/03/2015","274.78","275.52","276.00","273.76","1.41M","-0.55%"
"03/02/2015","276.30","274.41","276.38","274.25","2.00M","0.77%"
"02/27/2015","274.20","274.99","275.58","274.14","1.75M","-0.40%"
"02/26/2015","275.29","275.94","276.06","274.47","1.07M","-0.27%"
"02/25/2015","276.03","275.93","276.71","275.34","1.69M","-0.11%"
"02/24/2015","276.34","275.78","276.45","275.02","1.62M","0.13%"
"02/23/2015","275.99","275.39","275.99","274.31","1.48M","0.01%"
"02/20/2015","275.97","273.66","276.08","272.22","3.15M","0.72%"
"02/19/2015","274.01","273.62","274.71","273.07","1.92M","-0.11%"
"02/18/2015","274.30","272.81","274.39","272.50","1.49M","0.31%"
"02/17/2015","273.45","273.37","274.04","272.23","1.79M","-0.02%"
"02/13/2015","273.50","272.03","273.52","271.71","2.02M","0.65%"
"02/12/2015","271.74","270.61","272.13","269.94","3.12M","0.94%"
"02/11/2015","269.21","269.04","269.98","267.80","1.49M","-0.06%"
"02/10/2015","269.37","268.71","269.56","266.43","1.51M","0.84%"
"02/09/2015","267.13","267.60","268.91","266.79","1.06M","-0.53%"
"02/06/2015","268.56","269.99","270.33","267.62","1.58M","-0.37%"
"02/05/2015","269.57","267.84","269.70","267.26","1.66M","1.04%"
"02/04/2015","266.79","266.81","268.21","266.27","1.85M","-0.41%"
"02/03/2015","267.89","264.56","268.03","264.11","2.15M","1.84%"
"02/02/2015","263.06","261.90","263.34","258.02","2.80M","0.76%"
"01/30/2015","261.07","262.86","263.86","260.72","2.93M","-1.33%"
"01/29/2015","264.60","262.72","264.85","260.83","1.75M","0.75%"
"01/28/2015","262.64","267.38","267.88","262.02","2.28M","-1.22%"
"01/27/2015","265.88","264.54","267.00","263.74","1.44M","-0.68%"
"01/26/2015","267.69","264.46","267.69","263.48","1.69M","1.18%"
"01/23/2015","264.56","265.77","266.22","264.43","1.38M","-0.51%"
"01/22/2015","265.92","262.77","265.92","260.23","1.79M","1.87%"
"01/21/2015","261.05","258.63","261.56","258.15","1.80M","0.60%"
"01/20/2015","259.49","260.59","261.37","257.33","1.19M","-0.19%"
"01/16/2015","259.98","255.61","260.35","255.55","1.64M","1.39%"
"01/15/2015","256.41","260.31","260.69","256.19","1.00M","-1.11%"
"01/14/2015","259.29","257.04","259.59","256.33","2.20M","-0.41%"
"01/13/2015","260.36","262.17","265.04","257.75","2.49M","-0.05%"
"01/12/2015","260.48","262.27","262.80","259.13","1.13M","-0.53%"
"01/09/2015","261.88","264.55","264.62","261.12","1.41M","-0.84%"
"01/08/2015","264.11","261.91","264.42","261.89","3.69M","1.55%"
"01/07/2015","260.08","258.72","260.21","257.70","1.28M","1.35%"
"01/06/2015","256.61","259.96","260.31","255.32","2.17M","-1.17%"
"01/05/2015","259.65","261.90","262.90","258.98","1.11M","-1.48%"
"01/02/2015","263.55","265.28","265.83","261.67","1.53M","-0.16%"