"Date","Price","Open","High","Low","Vol.","Change %"
"08/17/2026","106.81","106.95","107.01","106.77","977.51K","-0.17%"
"08/14/2026","106.99","107.13","107.17","106.93","1.33M","-0.16%"
"08/13/2026","107.16","107.12","107.31","107.08","1.62M","0.22%"
"08/12/2026","106.92","107.05","107.07","106.89","1.13M","0.03%"
"08/11/2026","106.89","106.88","106.99","106.79","1.98M","0.03%"
"08/10/2026","106.86","106.96","107.00","106.85","1.14M","-0.21%"
"08/07/2026","107.08","107.11","107.14","106.99","1.15M","0.20%"
"08/06/2026","106.87","106.94","106.97","106.80","1.96M","-0.12%"
"08/05/2026","107.00","107.05","107.11","106.92","1.77M","-0.05%"
"08/04/2026","107.05","107.10","107.13","106.99","2.32M","0.18%"
"08/03/2026","106.86","106.89","106.97","106.75","2.61M","-0.72%"
"07/31/2026","107.63","107.55","107.63","107.34","3.87M","-0.10%"
"07/30/2026","107.74","107.83","107.89","107.67","2.20M","-0.03%"
"07/29/2026","107.77","107.64","108.00","107.48","1.76M","0.10%"
"07/28/2026","107.66","107.50","107.80","107.48","2.77M","0.25%"
"07/27/2026","107.39","107.57","107.63","107.39","1.26M","-0.10%"
"07/24/2026","107.50","107.55","107.74","107.50","1.22M","0.01%"
"07/23/2026","107.49","107.54","107.65","107.48","2.26M","-0.26%"
"07/22/2026","107.77","107.95","107.96","107.76","1.74M","-0.10%"
"07/21/2026","107.88","108.00","108.01","107.84","1.49M","-0.16%"
"07/20/2026","108.05","108.19","108.21","108.00","1.01M","-0.20%"
"07/17/2026","108.27","108.27","108.36","108.17","1.79M","0.28%"
"07/16/2026","107.97","107.98","108.05","107.92","863.89K","-0.09%"
"07/15/2026","108.07","107.99","108.16","107.99","1.90M","0.06%"
"07/14/2026","108.01","107.95","108.13","107.90","1.45M","0.09%"
"07/13/2026","107.91","108.05","108.05","107.82","1.15M","-0.20%"
"07/10/2026","108.13","108.08","108.15","107.98","1.16M","0.01%"
"07/09/2026","108.12","108.14","108.22","108.09","1.17M","0.06%"
"07/08/2026","108.05","108.09","108.12","107.98","941.74K","-0.11%"
"07/07/2026","108.17","108.36","108.36","108.11","1.76M","-0.29%"
"07/06/2026","108.49","108.43","108.49","108.29","1.35M","0.15%"
"07/02/2026","108.33","108.31","108.43","108.24","2.01M","0.15%"
"07/01/2026","108.17","108.29","108.46","108.16","1.69M","-1.15%"
"06/30/2026","109.43","109.84","109.86","109.43","4.14M","-0.43%"
"06/29/2026","109.90","109.78","109.91","109.78","2.43M","0.18%"
"06/26/2026","109.70","109.55","109.75","109.53","2.68M","0.18%"
"06/25/2026","109.50","109.57","109.75","109.49","2.95M","0.16%"
"06/24/2026","109.32","109.12","109.34","109.05","1.24M","0.39%"
"06/23/2026","108.90","108.94","109.05","108.88","2.63M","-0.04%"
"06/22/2026","108.94","109.25","109.26","108.93","1.16M","-0.41%"
"06/18/2026","109.39","109.31","109.53","109.28","2.91M","0.33%"
"06/17/2026","109.03","109.82","109.82","109.02","2.04M","-0.67%"
"06/16/2026","109.76","109.73","109.87","109.67","1.02M","0.00%"
"06/15/2026","109.76","109.71","109.78","109.64","1.18M","0.14%"
"06/12/2026","109.61","109.48","109.62","109.39","2.61M","0.01%"
"06/11/2026","109.60","109.33","109.66","109.21","1.87M","0.36%"
"06/10/2026","109.21","109.46","109.56","109.21","1.52M","-0.10%"
"06/09/2026","109.32","109.34","109.39","109.18","2.37M","0.17%"
"06/08/2026","109.13","109.50","109.52","109.12","2.52M","-0.11%"
"06/05/2026","109.25","109.42","109.47","109.25","1.82M","-0.48%"
"06/04/2026","109.78","109.84","109.86","109.72","1.48M","0.01%"
"06/03/2026","109.77","109.81","109.90","109.68","1.08M","-0.18%"
"06/02/2026","109.97","110.11","110.12","109.96","1.39M","-0.01%"
"06/01/2026","109.98","109.87","109.99","109.76","1.84M","-1.11%"
"05/29/2026","111.21","111.17","111.29","111.11","3.08M","0.03%"
"05/28/2026","111.18","111.06","111.27","110.97","1.70M","0.27%"
"05/27/2026","110.88","110.86","111.01","110.83","1.96M","0.05%"
"05/26/2026","110.82","110.70","110.84","110.63","2.18M","0.40%"
"05/22/2026","110.38","110.51","110.54","110.12","1.41M","0.01%"
"05/21/2026","110.37","110.30","110.39","110.15","2.79M","0.00%"
"05/20/2026","110.37","110.11","110.45","110.10","2.92M","0.24%"
"05/19/2026","110.11","110.15","110.27","109.93","2.62M","-0.33%"
"05/18/2026","110.48","110.58","110.65","110.39","2.49M","-0.12%"
"05/15/2026","110.61","110.60","110.66","110.47","7.48M","-0.36%"
"05/14/2026","111.01","111.24","111.29","110.99","3.15M","-0.10%"
"05/13/2026","111.12","111.17","111.21","111.02","869.60K","0.00%"
"05/12/2026","111.12","111.28","111.28","111.05","1.25M","-0.17%"
"05/11/2026","111.31","111.35","111.38","111.26","1.75M","-0.08%"
"05/08/2026","111.40","111.40","111.44","111.31","1.14M","0.33%"
"05/07/2026","111.03","111.24","111.24","110.95","1.53M","-0.11%"
"05/06/2026","111.15","111.21","111.24","111.09","1.54M","0.07%"
"05/05/2026","111.07","111.11","111.18","111.04","1.44M","-0.07%"
"05/04/2026","111.15","111.27","111.27","111.01","1.21M","-0.18%"
"05/01/2026","111.35","111.27","111.49","111.21","1.51M","-0.19%"
"04/30/2026","111.56","111.47","111.64","111.40","1.96M","0.15%"
"04/29/2026","111.39","111.59","111.63","111.32","1.20M","-0.30%"
"04/28/2026","111.73","111.74","111.74","111.54","1.54M","-0.04%"
"04/27/2026","111.77","111.73","111.88","111.69","2.12M","-0.03%"
"04/24/2026","111.80","111.51","111.84","111.41","1.13M","0.21%"
"04/23/2026","111.57","111.53","111.60","111.32","1.07M","0.16%"
"04/22/2026","111.39","111.49","111.55","111.37","1.44M","0.15%"
"04/21/2026","111.22","111.34","111.39","111.17","1.06M","-0.17%"
"04/20/2026","111.41","111.48","111.49","111.30","1.46M","-0.06%"
"04/17/2026","111.48","111.43","111.49","111.32","1.51M","0.26%"
"04/16/2026","111.19","111.46","111.50","111.16","1.59M","-0.22%"
"04/15/2026","111.43","111.49","111.50","111.36","1.82M","-0.09%"
"04/14/2026","111.53","111.26","111.54","111.25","2.18M","0.22%"
"04/13/2026","111.28","111.09","111.31","111.04","1.57M","0.23%"
"04/10/2026","111.02","110.99","111.11","110.92","2.25M","0.05%"
"04/09/2026","110.96","110.85","111.06","110.75","1.86M","0.05%"
"04/08/2026","110.91","111.07","111.08","110.79","2.72M","0.02%"
"04/07/2026","110.89","110.71","110.96","110.39","1.77M","0.12%"
"04/06/2026","110.76","110.64","110.83","110.60","1.53M","-0.05%"
"04/02/2026","110.81","110.53","110.83","110.47","1.98M","0.41%"
"04/01/2026","110.36","110.31","110.52","110.28","3.33M","0.00%"
"03/31/2026","110.36","110.64","110.68","110.33","5.51M","0.01%"
"03/30/2026","110.35","110.36","110.52","110.29","3.45M","0.62%"
"03/27/2026","109.67","109.65","109.86","109.58","3.07M","-0.08%"
"03/26/2026","109.76","110.12","110.21","109.76","3.27M","-0.36%"
"03/25/2026","110.16","110.11","110.17","109.93","4.29M","0.30%"
"03/24/2026","109.83","109.88","110.07","109.68","4.52M","-0.33%"
"03/23/2026","110.19","110.09","110.39","110.00","5.75M","-0.03%"
"03/20/2026","110.22","110.72","110.73","110.19","4.00M","-0.80%"
"03/19/2026","111.11","111.02","111.22","110.94","4.82M","-0.12%"
"03/18/2026","111.24","111.51","111.56","111.21","3.35M","-0.19%"
"03/17/2026","111.45","111.27","111.48","111.22","1.82M","0.35%"
"03/16/2026","111.06","111.01","111.09","110.88","2.26M","0.32%"
"03/13/2026","110.71","110.88","110.94","110.65","2.27M","-0.20%"
"03/12/2026","110.93","111.08","111.19","110.80","2.42M","-0.13%"
"03/11/2026","111.07","111.26","111.26","111.03","2.86M","-0.15%"
"03/10/2026","111.24","111.53","111.54","111.21","2.98M","-0.33%"
"03/09/2026","111.61","111.52","111.69","111.35","4.62M","0.16%"
"03/06/2026","111.43","111.32","111.71","111.28","2.77M","0.19%"
"03/05/2026","111.22","111.08","111.32","111.04","2.50M","-0.03%"
"03/04/2026","111.25","111.47","111.48","111.24","1.76M","-0.22%"
"03/03/2026","111.50","111.31","111.63","111.28","2.74M","-0.06%"
"03/02/2026","111.57","111.83","111.83","111.32","3.32M","-0.28%"
"02/27/2026","111.88","111.98","111.98","111.79","2.46M","0.15%"
"02/26/2026","111.71","111.53","111.72","111.51","1.55M","0.27%"
"02/25/2026","111.41","111.28","111.46","111.25","1.55M","0.09%"
"02/24/2026","111.31","111.33","111.36","111.21","1.23M","0.02%"
"02/23/2026","111.29","111.29","111.46","111.25","2.32M","0.09%"
"02/20/2026","111.19","111.31","111.31","110.99","3.09M","-0.05%"
"02/19/2026","111.25","111.13","111.34","111.11","2.67M","0.08%"
"02/18/2026","111.16","111.22","111.29","111.13","1.94M","-0.06%"
"02/17/2026","111.23","111.32","111.32","111.19","1.84M","-0.14%"
"02/13/2026","111.39","111.38","111.43","111.25","4.66M","0.13%"
"02/12/2026","111.25","110.90","111.27","110.88","2.40M","0.40%"
"02/11/2026","110.81","110.84","111.00","110.77","1.77M","-0.16%"
"02/10/2026","110.99","111.00","111.08","110.91","2.03M","0.21%"
"02/09/2026","110.76","110.60","110.78","110.55","2.71M","0.08%"
"02/06/2026","110.67","110.59","110.67","110.48","2.48M","0.10%"
"02/05/2026","110.56","110.41","110.58","110.33","2.32M","0.28%"
"02/04/2026","110.25","110.22","110.35","110.21","4.07M","-0.11%"
"02/03/2026","110.37","110.24","110.41","110.24","1.65M","0.16%"
"02/02/2026","110.19","110.43","110.43","110.16","4.42M","-0.26%"
"01/30/2026","110.48","110.46","110.55","110.38","2.29M","-0.04%"
"01/29/2026","110.52","110.49","110.68","110.47","2.02M","0.07%"
"01/28/2026","110.44","110.43","110.46","110.24","2.45M","0.05%"
"01/27/2026","110.39","110.42","110.49","110.38","2.04M","0.01%"
"01/26/2026","110.38","110.34","110.42","110.28","2.79M","0.14%"
"01/23/2026","110.23","110.03","110.26","110.00","5.14M","0.20%"
"01/22/2026","110.01","110.02","110.18","109.96","4.03M","-0.10%"
"01/21/2026","110.12","109.82","110.13","109.75","4.36M","0.39%"
"01/20/2026","109.69","109.71","109.87","109.68","2.45M","-0.30%"
"01/16/2026","110.02","110.26","110.29","110.02","2.32M","-0.19%"
"01/15/2026","110.23","110.43","110.44","110.23","2.65M","-0.15%"
"01/14/2026","110.40","110.38","110.54","110.38","1.88M","0.11%"
"01/13/2026","110.28","110.30","110.36","110.19","2.59M","0.09%"
"01/12/2026","110.18","110.15","110.25","110.12","1.56M","0.00%"
"01/09/2026","110.18","110.08","110.25","110.00","2.59M","0.14%"
"01/08/2026","110.03","110.07","110.14","110.02","2.41M","-0.20%"
"01/07/2026","110.25","110.28","110.31","110.11","3.60M","0.15%"
"01/06/2026","110.08","110.12","110.17","109.95","3.74M","-0.07%"
"01/05/2026","110.16","109.97","110.18","109.93","2.08M","0.27%"
"01/02/2026","109.86","110.00","110.01","109.85","2.79M","-0.05%"
"12/31/2025","109.91","109.99","110.17","109.89","2.93M","-0.20%"
"12/30/2025","110.13","110.10","110.22","110.07","1.72M","-0.02%"
"12/29/2025","110.15","110.14","110.19","110.09","1.57M","0.09%"
"12/26/2025","110.05","110.18","110.20","109.98","1.36M","-0.01%"
"12/24/2025","110.06","110.01","110.10","109.97","877.76K","0.21%"
"12/23/2025","109.83","109.58","109.87","109.57","1.91M","0.05%"
"12/22/2025","109.78","109.87","109.89","109.73","2.12M","-0.15%"
"12/19/2025","109.94","110.10","110.10","109.87","2.94M","-0.51%"
"12/18/2025","110.50","110.34","110.51","110.18","4.25M","0.19%"
"12/17/2025","110.29","110.15","110.30","110.13","1.83M","0.11%"
"12/16/2025","110.17","110.01","110.26","109.99","5.09M","0.02%"
"12/15/2025","110.15","110.35","110.42","110.15","2.23M","-0.07%"
"12/12/2025","110.23","110.18","110.24","110.13","2.38M","-0.15%"
"12/11/2025","110.40","110.62","110.68","110.36","3.66M","-0.05%"
"12/10/2025","110.45","110.03","110.47","110.01","3.50M","0.33%"
"12/09/2025","110.09","110.34","110.36","110.09","5.18M","-0.13%"
"12/08/2025","110.23","110.44","110.44","110.15","2.10M","-0.20%"
"12/05/2025","110.45","110.70","110.71","110.45","3.67M","-0.16%"
"12/04/2025","110.63","110.69","110.70","110.60","2.24M","-0.14%"
"12/03/2025","110.78","110.67","110.81","110.63","2.54M","0.23%"
"12/02/2025","110.53","110.53","110.63","110.51","4.07M","0.03%"
"12/01/2025","110.50","110.62","110.68","110.50","3.20M","-0.68%"
"11/28/2025","111.26","111.48","111.52","111.23","1.83M","-0.22%"
"11/26/2025","111.51","111.28","111.51","111.14","3.81M","0.22%"
"11/25/2025","111.27","111.06","111.31","111.04","3.40M","0.18%"
"11/24/2025","111.07","111.14","111.14","111.02","2.62M","0.05%"
"11/21/2025","111.02","111.04","111.04","110.88","2.65M","0.23%"
"11/20/2025","110.76","110.83","110.92","110.64","3.09M","0.05%"
"11/19/2025","110.71","110.89","110.91","110.68","2.47M","-0.13%"
"11/18/2025","110.85","110.91","110.97","110.72","4.62M","0.07%"
"11/17/2025","110.77","110.85","110.87","110.76","2.04M","0.02%"
"11/14/2025","110.75","111.09","111.13","110.73","3.06M","-0.12%"
"11/13/2025","110.88","111.00","111.09","110.88","2.22M","-0.22%"
"11/12/2025","111.13","111.15","111.24","111.07","3.30M","-0.22%"
"11/11/2025","111.37","111.15","111.37","111.09","3.90M","0.41%"
"11/10/2025","110.92","110.88","110.93","110.82","2.35M","0.02%"
"11/07/2025","110.90","110.70","110.99","110.70","3.10M","0.02%"
"11/06/2025","110.88","110.85","110.96","110.82","2.39M","0.27%"
"11/05/2025","110.58","110.83","110.87","110.55","3.91M","-0.37%"
"11/04/2025","110.99","110.96","111.09","110.93","4.86M","0.05%"
"11/03/2025","110.94","110.94","111.03","110.84","3.89M","-0.40%"
"10/31/2025","111.38","111.32","111.41","111.26","2.25M","0.16%"
"10/30/2025","111.20","111.16","111.39","111.15","3.98M","-0.22%"
"10/29/2025","111.44","111.93","112.04","111.39","2.98M","-0.53%"
"10/28/2025","112.03","111.94","112.04","111.91","2.61M","0.08%"
"10/27/2025","111.94","111.92","111.97","111.78","2.75M","-0.03%"
"10/24/2025","111.97","111.91","112.02","111.76","1.71M","-0.01%"
"10/23/2025","111.98","112.11","112.17","111.94","2.65M","-0.20%"
"10/22/2025","112.20","112.12","112.24","112.03","2.90M","0.16%"
"10/21/2025","112.02","112.04","112.11","112.00","2.70M","0.21%"
"10/20/2025","111.78","111.77","111.79","111.69","2.11M","0.09%"
"10/17/2025","111.68","111.91","111.92","111.64","1.74M","-0.20%"
"10/16/2025","111.90","111.57","111.92","111.54","2.69M","0.23%"
"10/15/2025","111.64","111.81","111.89","111.50","3.02M","-0.03%"
"10/14/2025","111.67","111.60","111.76","111.57","4.47M","-0.11%"
"10/13/2025","111.79","111.56","111.79","111.45","2.21M","0.25%"
"10/10/2025","111.51","111.42","111.65","111.36","4.02M","0.35%"
"10/09/2025","111.12","111.24","111.27","111.09","2.49M","-0.12%"
"10/08/2025","111.25","111.37","111.38","111.21","2.27M","0.07%"
"10/07/2025","111.17","110.99","111.24","110.95","2.71M","0.28%"
"10/06/2025","110.86","110.92","111.06","110.84","2.26M","-0.17%"
"10/03/2025","111.05","111.26","111.29","111.04","2.18M","-0.11%"
"10/02/2025","111.17","111.20","111.31","111.14","3.16M","-0.04%"
"10/01/2025","111.22","111.29","111.36","111.11","3.80M","0.00%"
"09/30/2025","111.22","111.26","111.40","111.18","2.99M","-0.03%"
"09/29/2025","111.25","111.21","111.30","111.16","2.52M","0.13%"
"09/26/2025","111.11","111.16","111.29","111.01","2.79M","0.02%"
"09/25/2025","111.09","111.11","111.17","110.93","4.02M","-0.16%"
"09/24/2025","111.27","111.41","111.43","111.22","2.24M","-0.18%"
"09/23/2025","111.47","111.30","111.47","111.19","2.86M","0.27%"
"09/22/2025","111.17","111.33","111.36","111.15","2.08M","-0.24%"
"09/19/2025","111.44","111.48","111.54","111.31","1.34M","-0.05%"
"09/18/2025","111.50","111.57","111.71","111.32","4.22M","-0.28%"
"09/17/2025","111.81","111.94","112.26","111.65","5.68M","-0.06%"
"09/16/2025","111.88","111.86","111.96","111.80","5.35M","0.09%"
"09/15/2025","111.78","111.74","111.89","111.74","3.59M","0.10%"
"09/12/2025","111.67","111.70","111.72","111.57","2.05M","-0.13%"
"09/11/2025","111.82","111.77","111.96","111.76","4.16M","0.16%"
"09/10/2025","111.64","111.57","111.79","111.48","4.60M","0.15%"
"09/09/2025","111.47","111.67","111.75","111.45","4.94M","-0.20%"
"09/08/2025","111.69","111.64","111.72","111.55","3.82M","0.21%"
"09/05/2025","111.46","111.37","111.46","111.33","4.07M","0.44%"
"09/04/2025","110.97","110.91","110.99","110.78","3.92M","0.15%"
"09/03/2025","110.80","110.55","110.92","110.54","4.70M","0.23%"
"09/02/2025","110.55","110.48","110.60","110.44","5.71M","-0.56%"
"08/29/2025","111.17","111.32","111.34","111.15","2.85M","-0.11%"
"08/28/2025","111.29","111.24","111.35","111.20","3.88M","0.06%"
"08/27/2025","111.22","110.96","111.27","110.89","2.11M","0.23%"
"08/26/2025","110.97","110.76","111.03","110.70","5.35M","0.23%"
"08/25/2025","110.71","110.74","110.82","110.67","4.33M","-0.19%"
"08/22/2025","110.92","110.30","110.95","110.27","3.39M","0.68%"
"08/21/2025","110.17","110.10","110.22","109.93","3.56M","0.02%"
"08/20/2025","110.15","110.05","110.25","110.04","2.37M","0.11%"
"08/19/2025","110.03","110.03","110.11","110.01","2.26M","0.10%"
"08/18/2025","109.92","110.06","110.06","109.79","1.72M","-0.11%"
"08/15/2025","110.04","110.24","110.28","109.94","1.75M","-0.19%"
"08/14/2025","110.25","110.45","110.49","110.24","2.20M","-0.30%"
"08/13/2025","110.58","110.50","110.65","110.49","1.60M","0.38%"
"08/12/2025","110.16","110.03","110.22","109.95","2.53M","-0.17%"
"08/11/2025","110.35","110.43","110.53","110.35","1.62M","0.00%"
"08/08/2025","110.35","110.26","110.42","110.13","1.83M","-0.06%"
"08/07/2025","110.42","110.34","110.42","110.23","1.61M","0.11%"
"08/06/2025","110.30","110.30","110.45","110.08","1.86M","-0.08%"
"08/05/2025","110.39","110.40","110.53","110.37","1.80M","-0.09%"
"08/04/2025","110.49","110.25","110.58","110.19","3.02M","0.29%"
"08/01/2025","110.17","110.02","110.20","109.80","3.77M","0.46%"
"07/31/2025","109.67","109.99","110.08","109.65","3.61M","-0.16%"
"07/30/2025","109.85","110.05","110.24","109.81","3.85M","-0.39%"
"07/29/2025","110.28","109.82","110.28","109.81","2.33M","0.54%"
"07/28/2025","109.69","109.71","109.83","109.67","1.66M","-0.13%"
"07/25/2025","109.83","109.73","109.89","109.65","1.09M","0.09%"
"07/24/2025","109.73","109.52","109.82","109.30","2.32M","0.07%"
"07/23/2025","109.65","109.84","109.88","109.61","2.28M","-0.39%"
"07/22/2025","110.08","110.00","110.18","109.98","3.95M","0.09%"
"07/21/2025","109.98","109.98","110.15","109.90","3.06M","0.26%"
"07/18/2025","109.70","109.87","109.88","109.64","1.72M","0.11%"
"07/17/2025","109.58","109.57","109.68","109.53","1.62M","0.09%"
"07/16/2025","109.48","109.16","109.49","109.12","4.48M","0.34%"
"07/15/2025","109.11","109.71","109.71","109.03","2.41M","-0.27%"
"07/14/2025","109.40","109.30","109.46","109.23","1.53M","0.06%"
"07/11/2025","109.33","109.34","109.36","109.24","2.27M","-0.16%"
"07/10/2025","109.51","109.47","109.55","109.34","2.38M","-0.03%"
"07/09/2025","109.54","109.18","109.54","109.16","3.66M","0.38%"
"07/08/2025","109.13","109.05","109.16","109.03","1.58M","-0.08%"
"07/07/2025","109.22","109.21","109.25","109.10","1.76M","-0.13%"
"07/03/2025","109.36","109.39","109.46","109.24","1.78M","-0.17%"
"07/02/2025","109.55","109.45","109.56","109.40","3.42M","-0.05%"
"07/01/2025","109.60","109.60","109.78","109.48","5.95M","-0.40%"
"06/30/2025","110.04","110.00","110.16","109.89","4.25M","0.26%"
"06/27/2025","109.76","109.72","110.04","109.67","1.55M","-0.13%"
"06/26/2025","109.90","109.70","109.92","109.62","2.62M","0.29%"
"06/25/2025","109.58","109.46","109.63","109.16","2.10M","0.05%"
"06/24/2025","109.52","109.22","109.60","109.13","2.60M","0.13%"
"06/23/2025","109.38","109.50","109.78","109.38","2.85M","0.08%"
"06/20/2025","109.29","108.99","109.38","108.93","1.74M","0.17%"
"06/18/2025","109.10","109.16","109.22","108.98","2.17M","0.07%"
"06/17/2025","109.02","108.68","109.06","108.57","3.58M","0.53%"
"06/16/2025","108.45","108.50","108.75","108.44","1.68M","-0.14%"
"06/13/2025","108.60","109.04","109.04","108.38","1.63M","-0.15%"
"06/12/2025","108.76","108.75","108.84","108.64","2.21M","0.29%"
"06/11/2025","108.45","108.25","108.54","108.18","1.82M","0.17%"
"06/10/2025","108.27","108.44","108.45","108.19","1.76M","0.05%"
"06/09/2025","108.22","108.14","108.35","108.08","2.85M","0.14%"
"06/06/2025","108.07","108.42","108.58","108.07","2.03M","-0.53%"
"06/05/2025","108.65","109.02","109.09","108.63","2.60M","-0.29%"
"06/04/2025","108.97","108.78","109.07","108.72","2.43M","0.39%"
"06/03/2025","108.55","108.78","108.84","108.43","3.67M","-0.09%"
"06/02/2025","108.65","108.64","108.80","108.48","2.80M","-0.59%"
"05/30/2025","109.29","108.96","109.36","108.90","3.95M","0.33%"
"05/29/2025","108.93","108.70","108.97","108.64","1.71M","0.29%"
"05/28/2025","108.62","108.71","108.79","108.53","2.37M","-0.23%"
"05/27/2025","108.87","108.75","108.96","108.67","2.88M","0.29%"
"05/23/2025","108.56","108.62","108.66","108.44","1.60M","0.09%"
"05/22/2025","108.46","108.05","108.48","107.98","2.65M","0.30%"
"05/21/2025","108.14","108.47","108.57","108.07","1.87M","-0.54%"
"05/20/2025","108.73","108.62","108.79","108.47","1.85M","-0.15%"
"05/19/2025","108.89","108.45","108.95","108.39","2.18M","0.01%"
"05/16/2025","108.88","108.98","109.00","108.75","1.12M","0.17%"
"05/15/2025","108.69","108.51","108.78","108.39","1.67M","0.29%"
"05/14/2025","108.38","108.49","108.50","108.28","1.82M","-0.10%"
"05/13/2025","108.49","108.22","108.49","108.07","2.72M","0.24%"
"05/12/2025","108.23","108.49","108.67","108.21","1.48M","-0.78%"
"05/09/2025","109.08","109.18","109.33","109.01","867.22K","0.09%"
"05/08/2025","108.98","109.44","109.45","108.90","1.13M","-0.36%"
"05/07/2025","109.37","109.41","109.63","109.26","2.19M","0.10%"
"05/06/2025","109.26","108.97","109.28","108.89","1.77M","0.30%"
"05/05/2025","108.93","108.94","109.00","108.67","1.75M","-0.10%"
"05/02/2025","109.04","109.37","109.39","108.99","1.79M","-0.52%"
"05/01/2025","109.61","110.02","110.22","109.46","2.38M","-0.82%"
"04/30/2025","110.52","110.36","110.63","110.24","2.73M","0.12%"
"04/29/2025","110.39","110.15","110.41","110.14","1.11M","0.17%"
"04/28/2025","110.20","109.88","110.23","109.86","1.20M","0.35%"
"04/25/2025","109.82","109.94","109.97","109.75","1.93M","0.05%"
"04/24/2025","109.77","109.55","109.77","109.47","1.66M","0.53%"
"04/23/2025","109.19","109.82","109.88","109.01","1.74M","0.29%"
"04/22/2025","108.87","108.85","108.99","108.74","2.64M","0.37%"
"04/21/2025","108.47","108.81","109.17","108.43","2.08M","-0.51%"
"04/17/2025","109.03","108.82","109.09","108.76","1.94M","0.23%"
"04/16/2025","108.78","108.56","108.88","108.43","2.29M","0.28%"
"04/15/2025","108.48","108.48","108.75","108.39","2.98M","-0.01%"
"04/14/2025","108.49","108.63","108.74","108.25","3.64M","0.48%"
"04/11/2025","107.97","107.10","107.97","106.47","2.99M","0.04%"
"04/10/2025","107.93","108.90","109.08","107.87","4.61M","-1.19%"
"04/09/2025","109.23","108.35","109.25","107.79","4.56M","0.21%"
"04/08/2025","109.00","109.50","109.82","108.95","3.55M","-0.25%"
"04/07/2025","109.27","110.30","110.49","109.23","5.65M","-1.20%"
"04/04/2025","110.60","111.43","111.50","110.56","4.73M","-0.33%"
"04/03/2025","110.97","111.22","111.45","110.90","3.55M","0.63%"
"04/02/2025","110.28","110.79","110.79","110.09","1.68M","-0.15%"
"04/01/2025","110.45","110.49","110.81","110.38","3.95M","-0.58%"
"03/31/2025","111.09","111.07","111.23","110.93","2.76M","0.40%"
"03/28/2025","110.65","110.42","110.76","110.41","1.56M","0.51%"
"03/27/2025","110.09","109.95","110.14","109.87","2.95M","0.21%"
"03/26/2025","109.86","109.92","110.04","109.81","1.55M","-0.13%"
"03/25/2025","110.00","109.86","110.05","109.81","1.17M","0.16%"
"03/24/2025","109.82","110.00","110.03","109.76","1.98M","-0.25%"
"03/21/2025","110.10","110.43","110.46","110.10","1.23M","-0.12%"
"03/20/2025","110.23","110.46","110.48","110.08","2.29M","0.09%"
"03/19/2025","110.13","109.50","110.13","109.39","1.39M","0.51%"
"03/18/2025","109.57","109.40","109.68","109.39","1.17M","0.11%"
"03/17/2025","109.45","109.55","109.69","109.39","1.84M","0.03%"
"03/14/2025","109.42","109.49","109.58","109.38","1.04M","-0.24%"
"03/13/2025","109.68","109.43","109.76","109.34","2.15M","0.15%"
"03/12/2025","109.52","109.56","109.79","109.50","3.29M","-0.12%"
"03/11/2025","109.65","109.94","110.14","109.58","2.34M","-0.27%"
"03/10/2025","109.95","109.97","110.13","109.86","1.90M","0.45%"
"03/07/2025","109.46","109.92","109.99","109.37","2.42M","-0.16%"
"03/06/2025","109.64","109.52","109.71","109.20","1.95M","-0.05%"
"03/05/2025","109.69","110.26","110.33","109.66","2.82M","-0.51%"
"03/04/2025","110.25","110.89","110.89","110.17","3.75M","-0.35%"
"03/03/2025","110.64","110.36","110.68","110.02","2.63M","0.27%"
"02/28/2025","110.34","109.99","110.41","109.89","2.42M","0.69%"
"02/27/2025","109.58","109.55","109.75","109.50","1.19M","-0.12%"
"02/26/2025","109.71","109.65","109.83","109.53","1.73M","0.08%"
"02/25/2025","109.62","109.60","109.71","109.53","1.63M","0.42%"
"02/24/2025","109.16","108.86","109.18","108.86","1.14M","0.22%"
"02/21/2025","108.92","108.81","109.12","108.78","1.11M","0.20%"
"02/20/2025","108.70","108.59","108.82","108.56","2.13M","0.20%"
"02/19/2025","108.48","108.32","108.52","108.29","1.03M","0.20%"
"02/18/2025","108.26","108.41","108.54","108.25","1.33M","-0.32%"
"02/14/2025","108.61","108.69","108.79","108.57","2.05M","0.18%"
"02/13/2025","108.41","108.20","108.46","108.03","1.67M","0.56%"
"02/12/2025","107.81","108.08","108.09","107.79","1.68M","-0.60%"
"02/11/2025","108.46","108.36","108.46","108.30","1.49M","-0.03%"
"02/10/2025","108.49","108.61","108.68","108.41","1.03M","0.05%"
"02/07/2025","108.44","108.42","108.57","108.24","3.19M","-0.27%"
"02/06/2025","108.73","108.86","108.89","108.64","1.37M","-0.17%"
"02/05/2025","108.92","108.73","108.98","108.68","2.19M","0.44%"
"02/04/2025","108.44","107.90","108.46","107.86","3.02M","0.17%"
"02/03/2025","108.26","108.65","108.87","108.13","5.06M","0.23%"
"01/31/2025","108.01","107.93","108.05","107.71","2.86M","0.07%"
"01/30/2025","107.93","107.98","108.11","107.81","1.53M","0.10%"
"01/29/2025","107.82","108.00","108.05","107.52","941.40K","-0.12%"
"01/28/2025","107.95","107.80","107.97","107.68","1.36M","0.06%"
"01/27/2025","107.88","107.89","107.95","107.70","3.06M","0.42%"
"01/24/2025","107.43","107.14","107.45","107.11","1.65M","0.18%"
"01/23/2025","107.24","106.84","107.24","106.82","2.55M","0.09%"
"01/22/2025","107.14","107.30","107.32","107.07","1.55M","-0.11%"
"01/21/2025","107.26","107.27","107.38","107.14","2.55M","0.07%"
"01/17/2025","107.18","107.23","107.33","107.10","1.07M","0.04%"
"01/16/2025","107.14","107.03","107.32","106.89","2.67M","0.13%"
"01/15/2025","107.00","106.90","107.04","106.79","2.80M","0.70%"
"01/14/2025","106.26","106.29","106.30","106.12","1.10M","0.04%"
"01/13/2025","106.22","106.34","106.35","106.09","1.67M","0.00%"
"01/10/2025","106.22","106.30","106.43","106.09","4.24M","-0.36%"
"01/08/2025","106.60","106.38","106.72","106.34","2.66M","0.26%"
"01/07/2025","106.32","106.44","106.52","106.19","6.72M","-0.16%"
"01/06/2025","106.49","106.40","106.56","106.34","4.28M","0.00%"
"01/03/2025","106.49","106.74","106.79","106.48","2.28M","-0.21%"
"01/02/2025","106.71","106.78","106.97","106.63","3.75M","0.15%"
"12/31/2024","106.55","106.85","106.92","106.54","2.97M","-0.12%"
"12/30/2024","106.68","106.74","106.82","106.57","6.39M","0.29%"
"12/27/2024","106.37","106.55","106.65","106.34","1.36M","-0.25%"
"12/26/2024","106.64","106.39","106.71","106.38","1.18M","0.00%"
"12/24/2024","106.64","106.27","106.64","106.26","704.41K","0.23%"
"12/23/2024","106.40","106.50","106.54","106.32","2.27M","-0.13%"
"12/20/2024","106.54","106.68","106.83","106.52","3.30M","0.20%"
"12/19/2024","106.33","106.65","106.70","106.04","5.93M","-0.40%"
"12/18/2024","106.76","107.48","107.67","106.74","2.63M","-0.78%"
"12/17/2024","107.60","107.58","107.74","107.55","1.38M","-0.06%"
"12/16/2024","107.66","107.85","107.89","107.64","2.85M","-0.11%"
"12/13/2024","107.78","108.10","108.11","107.73","1.48M","-0.28%"
"12/12/2024","108.08","108.28","108.36","108.04","1.84M","-0.32%"
"12/11/2024","108.43","108.59","108.70","108.36","1.20M","-0.15%"
"12/10/2024","108.59","108.45","108.66","108.39","1.93M","-0.04%"
"12/09/2024","108.63","108.71","108.73","108.57","1.24M","-0.18%"
"12/06/2024","108.83","109.05","109.11","108.75","1.56M","0.08%"
"12/05/2024","108.74","108.63","108.82","108.60","1.71M","-0.12%"
"12/04/2024","108.87","108.46","108.95","108.45","2.74M","0.29%"
"12/03/2024","108.56","108.67","108.73","108.48","2.07M","0.05%"
"12/02/2024","108.51","108.25","108.76","108.25","10.47M","-0.23%"
"11/29/2024","108.76","108.70","108.77","108.54","2.22M","0.29%"
"11/27/2024","108.45","108.49","108.53","108.28","2.11M","0.31%"
"11/26/2024","108.11","108.32","108.38","108.05","2.61M","-0.23%"
"11/25/2024","108.36","108.28","108.40","108.05","2.03M","0.55%"
"11/22/2024","107.77","107.70","107.90","107.62","1.54M","0.07%"
"11/21/2024","107.69","107.83","107.98","107.59","2.01M","-0.13%"
"11/20/2024","107.83","107.78","108.10","107.74","2.47M","-0.05%"
"11/19/2024","107.88","107.93","108.06","107.83","1.35M","0.16%"
"11/18/2024","107.71","107.43","107.77","107.37","1.57M","0.24%"
"11/15/2024","107.45","107.21","107.64","107.06","3.51M","0.03%"
"11/14/2024","107.42","107.73","107.86","107.37","2.10M","-0.02%"
"11/13/2024","107.44","108.00","108.09","107.35","2.86M","-0.19%"
"11/12/2024","107.64","108.02","108.19","107.57","3.03M","-0.53%"
"11/11/2024","108.21","108.28","108.32","108.12","1.47M","-0.33%"
"11/08/2024","108.57","108.54","108.68","108.37","2.77M","0.28%"
"11/07/2024","108.27","107.99","108.37","107.97","4.43M","0.37%"
"11/06/2024","107.87","107.42","108.11","107.38","1.83M","-0.16%"
"11/05/2024","108.04","107.85","108.14","107.63","3.19M","0.09%"
"11/04/2024","107.94","108.23","108.29","107.80","1.90M","0.17%"
"11/01/2024","107.76","108.36","108.49","107.67","2.61M","-0.51%"
"10/31/2024","108.31","108.33","108.49","108.08","3.68M","-0.11%"
"10/30/2024","108.43","108.33","108.76","108.31","1.17M","0.19%"
"10/29/2024","108.22","107.84","108.24","107.71","8.30M","0.15%"
"10/28/2024","108.06","108.21","108.22","107.88","1.85M","-0.19%"
"10/25/2024","108.27","108.69","108.69","108.22","1.68M","-0.27%"
"10/24/2024","108.56","108.51","108.76","108.44","1.50M","0.10%"
"10/23/2024","108.45","108.48","108.53","108.31","1.31M","-0.25%"
"10/22/2024","108.72","108.80","108.87","108.62","1.46M","0.14%"
"10/21/2024","108.57","109.06","109.09","108.54","1.78M","-0.72%"
"10/18/2024","109.36","109.33","109.48","109.33","964.82K","0.16%"
"10/17/2024","109.18","109.24","109.33","109.11","1.16M","-0.30%"
"10/16/2024","109.51","109.63","109.65","109.48","680.98K","0.02%"
"10/15/2024","109.49","109.45","109.64","109.41","911.17K","0.11%"
"10/14/2024","109.37","109.10","109.40","109.08","1.10M","-0.10%"
"10/11/2024","109.48","109.42","109.68","109.35","1.72M","0.01%"
"10/10/2024","109.47","109.27","109.49","109.19","1.85M","0.20%"
"10/09/2024","109.25","109.14","109.28","109.00","2.54M","-0.18%"
"10/08/2024","109.45","109.08","109.47","109.04","1.95M","0.16%"
"10/07/2024","109.27","109.21","109.36","109.16","1.64M","-0.11%"
"10/04/2024","109.39","109.59","109.72","109.36","1.92M","-0.68%"
"10/03/2024","110.14","110.38","110.63","110.12","1.59M","-0.42%"
"10/02/2024","110.61","110.39","110.68","110.31","2.56M","-0.09%"
"10/01/2024","110.71","110.66","111.03","110.62","3.07M","0.22%"
"09/30/2024","110.47","110.55","110.59","110.27","1.59M","-0.06%"
"09/27/2024","110.54","110.48","110.64","110.40","892.41K","0.24%"
"09/26/2024","110.27","110.39","110.43","110.11","2.14M","-0.13%"
"09/25/2024","110.41","110.62","110.63","110.39","1.18M","-0.38%"
"09/24/2024","110.83","110.47","110.89","110.38","1.88M","0.24%"
"09/23/2024","110.56","110.36","110.68","110.19","1.21M","0.01%"
"09/20/2024","110.55","110.51","110.68","110.32","1.09M","-0.14%"
"09/19/2024","110.70","110.33","110.73","110.28","1.79M","0.30%"
"09/18/2024","110.37","110.59","111.06","110.33","1.19M","-0.37%"
"09/17/2024","110.78","110.85","110.91","110.72","2.20M","-0.04%"
"09/16/2024","110.82","110.66","110.87","110.57","944.61K","0.34%"
"09/13/2024","110.44","110.52","110.53","110.31","1.69M","0.34%"
"09/12/2024","110.07","109.98","110.14","109.86","1.79M","0.02%"
"09/11/2024","110.05","110.02","110.33","109.97","1.55M","0.06%"
"09/10/2024","109.98","109.69","110.01","109.65","2.78M","0.22%"
"09/09/2024","109.74","109.56","109.81","109.46","1.38M","0.23%"
"09/06/2024","109.49","109.65","109.99","109.43","2.26M","0.06%"
"09/05/2024","109.42","109.55","109.55","109.25","6.29M","0.06%"
"09/04/2024","109.35","109.05","109.40","109.00","2.18M","0.27%"
"09/03/2024","109.06","109.12","109.37","109.00","2.89M","0.17%"
"08/30/2024","108.87","109.17","109.25","108.80","1.16M","-0.32%"
"08/29/2024","109.22","109.23","109.29","109.13","746.08K","-0.14%"
"08/28/2024","109.37","109.44","109.51","109.31","687.63K","-0.01%"
"08/27/2024","109.38","109.16","109.46","109.13","1.60M","0.00%"
"08/26/2024","109.38","109.56","109.61","109.38","1.10M","0.01%"
"08/23/2024","109.37","108.93","109.49","108.86","790.40K","0.53%"
"08/22/2024","108.79","108.82","108.82","108.47","1.02M","-0.31%"
"08/21/2024","109.13","108.99","109.20","108.79","2.22M","0.22%"
"08/20/2024","108.89","108.70","108.94","108.65","1.45M","0.40%"
"08/19/2024","108.46","108.37","108.64","108.37","1.16M","0.06%"
"08/16/2024","108.39","108.61","108.63","108.34","840.14K","-0.04%"
"08/15/2024","108.43","108.21","108.43","108.14","443.83K","-0.21%"
"08/14/2024","108.66","108.79","108.95","108.60","516.13K","-0.06%"
"08/13/2024","108.72","108.73","108.75","108.57","717.87K","0.21%"
"08/12/2024","108.49","108.11","108.53","108.06","611.33K","0.27%"
"08/09/2024","108.20","108.31","108.31","108.11","804.91K","0.26%"
"08/08/2024","107.92","107.79","107.95","107.65","1.19M","-0.09%"
"08/07/2024","108.02","108.19","108.37","107.95","1.24M","-0.30%"
"08/06/2024","108.35","108.72","108.75","108.33","2.12M","-0.58%"
"08/05/2024","108.98","108.72","109.13","108.43","3.17M","0.29%"
"08/02/2024","108.67","108.59","108.81","108.38","1.39M","0.48%"
"08/01/2024","108.15","108.19","108.46","108.12","3.25M","-0.03%"
"07/31/2024","108.18","107.89","108.20","107.64","1.59M","0.55%"
"07/30/2024","107.59","107.61","107.71","107.45","693.48K","0.07%"
"07/29/2024","107.51","107.59","107.60","107.42","973.28K","0.10%"
"07/26/2024","107.40","107.36","107.44","107.22","1.46M","0.32%"
"07/25/2024","107.06","106.94","107.24","106.93","1.07M","0.24%"
"07/24/2024","106.80","107.23","107.34","106.80","1.25M","-0.30%"
"07/23/2024","107.12","107.20","107.35","107.11","2.04M","-0.06%"
"07/22/2024","107.18","107.29","107.35","107.01","2.35M","-0.12%"
"07/19/2024","107.31","107.46","107.48","107.29","1.95M","-0.24%"
"07/18/2024","107.57","107.68","107.83","107.56","1.27M","-0.22%"
"07/17/2024","107.81","107.75","107.90","107.65","956.04K","0.04%"
"07/16/2024","107.77","107.59","107.86","107.53","818.19K","0.31%"
"07/15/2024","107.44","107.42","107.57","107.33","930.16K","-0.07%"
"07/12/2024","107.51","107.41","107.52","107.28","1.68M","0.16%"
"07/11/2024","107.34","107.43","107.52","107.26","1.32M","0.30%"
"07/10/2024","107.02","106.90","107.04","106.86","1.48M","0.19%"
"07/09/2024","106.82","106.90","106.96","106.69","4.96M","-0.15%"
"07/08/2024","106.98","106.94","107.09","106.83","1.16M","-0.04%"
"07/05/2024","107.02","106.88","107.14","106.74","1.19M","0.45%"
"07/03/2024","106.54","106.27","106.64","106.27","854.30K","0.40%"
"07/02/2024","106.12","106.25","106.30","105.99","2.34M","0.19%"
"07/01/2024","105.92","105.99","106.31","105.85","4.13M","-0.81%"
"06/28/2024","106.78","107.35","107.38","106.76","1.96M","-0.31%"
"06/27/2024","107.11","107.14","107.24","107.08","779.91K","0.19%"
"06/26/2024","106.91","106.86","106.96","106.78","1.98M","-0.30%"
"06/25/2024","107.23","107.03","107.23","107.02","2.23M","0.12%"
"06/24/2024","107.10","107.07","107.12","106.96","950.07K","0.06%"
"06/21/2024","107.04","107.29","107.37","107.02","1.02M","-0.15%"
"06/20/2024","107.20","106.81","107.21","106.80","3.17M","0.02%"
"06/18/2024","107.18","106.99","107.24","106.93","1.40M","0.40%"
"06/17/2024","106.75","106.65","106.76","106.57","1.02M","-0.14%"
"06/14/2024","106.90","106.87","107.00","106.77","1.40M","0.12%"
"06/13/2024","106.77","106.63","107.00","106.58","1.91M","0.39%"
"06/12/2024","106.35","106.78","106.91","106.30","1.99M","0.15%"
"06/11/2024","106.19","105.99","106.25","105.89","2.40M","0.27%"
"06/10/2024","105.90","105.98","106.01","105.86","2.04M","-0.14%"
"06/07/2024","106.05","106.30","106.30","106.05","2.17M","-0.82%"
"06/06/2024","106.93","106.86","106.99","106.78","1.78M","-0.08%"
"06/05/2024","107.02","106.85","107.02","106.58","2.25M","0.25%"
"06/04/2024","106.75","106.60","106.79","106.52","1.79M","0.31%"
"06/03/2024","106.42","106.03","106.43","104.69","1.88M","-0.26%"
"05/31/2024","106.70","106.61","106.72","106.45","1.87M","0.40%"
"05/30/2024","106.28","106.16","106.32","106.15","1.06M","0.39%"
"05/29/2024","105.87","105.92","105.94","105.66","1.88M","-0.24%"
"05/28/2024","106.12","106.59","106.61","106.10","1.83M","-0.30%"
"05/24/2024","106.44","106.28","106.50","106.28","592.94K","0.12%"
"05/23/2024","106.31","106.78","106.78","106.24","1.41M","-0.38%"
"05/22/2024","106.72","106.58","106.79","106.58","2.19M","-0.02%"
"05/21/2024","106.74","106.78","106.83","106.71","1.83M","0.19%"
"05/20/2024","106.54","106.48","106.61","106.46","2.84M","-0.04%"
"05/17/2024","106.58","106.60","106.73","106.57","2.10M","-0.09%"
"05/16/2024","106.68","106.90","106.91","106.68","1.49M","-0.14%"
"05/15/2024","106.83","106.62","106.92","106.54","2.71M","0.51%"
"05/14/2024","106.29","106.14","106.32","106.10","1.61M","0.19%"
"05/13/2024","106.09","106.19","106.24","106.04","1.49M","0.04%"
"05/10/2024","106.05","106.16","106.21","105.98","1.92M","-0.16%"
"05/09/2024","106.22","105.84","106.25","105.84","2.05M","0.36%"
"05/08/2024","105.84","105.85","105.94","105.79","1.51M","-0.11%"
"05/07/2024","105.96","106.29","106.29","105.92","2.09M","-0.02%"
"05/06/2024","105.98","105.94","106.04","105.86","1.03M","0.05%"
"05/03/2024","105.93","106.03","106.12","105.67","2.39M","0.51%"
"05/02/2024","105.39","105.04","105.47","105.02","2.09M","0.36%"
"05/01/2024","105.01","105.02","105.36","104.67","3.19M","-0.49%"
"04/30/2024","105.53","105.72","105.84","105.49","3.24M","-0.48%"
"04/29/2024","106.04","105.94","106.12","105.89","1.33M","0.25%"
"04/26/2024","105.78","105.71","105.91","105.71","1.38M","0.26%"
"04/25/2024","105.51","105.28","105.56","105.25","2.42M","-0.15%"
"04/24/2024","105.67","105.73","105.77","105.51","1.97M","-0.21%"
"04/23/2024","105.89","105.67","106.06","105.60","2.24M","0.09%"
"04/22/2024","105.79","105.59","105.83","105.59","1.56M","0.01%"
"04/19/2024","105.78","105.83","105.92","105.74","1.48M","0.15%"
"04/18/2024","105.62","105.73","105.74","105.45","1.49M","-0.13%"
"04/17/2024","105.76","105.47","105.84","105.45","2.57M","0.39%"
"04/16/2024","105.35","105.46","105.62","105.31","4.09M","-0.41%"
"04/15/2024","105.78","105.73","105.78","105.46","1.79M","-0.32%"
"04/12/2024","106.12","106.22","106.40","106.12","5.87M","0.35%"
"04/11/2024","105.75","106.04","106.07","105.65","5.22M","-0.09%"
"04/10/2024","105.84","106.36","106.43","105.83","2.19M","-0.96%"
"04/09/2024","106.87","106.80","106.92","106.75","1.31M","0.26%"
"04/08/2024","106.59","106.50","106.64","106.42","1.83M","-0.04%"
"04/05/2024","106.63","106.76","106.96","106.62","1.61M","-0.42%"
"04/04/2024","107.08","106.86","107.09","106.65","1.97M","0.37%"
"04/03/2024","106.68","106.38","106.70","106.30","1.40M","0.00%"
"04/02/2024","106.68","106.43","106.71","106.27","1.90M","0.03%"
"04/01/2024","106.65","107.02","107.03","106.62","1.64M","-0.71%"
"03/28/2024","107.41","107.19","107.55","107.19","2.14M","0.04%"
"03/27/2024","107.37","107.16","107.45","107.15","1.76M","0.31%"
"03/26/2024","107.04","107.03","107.14","106.92","932.21K","0.03%"
"03/25/2024","107.01","107.32","107.33","106.99","1.90M","-0.32%"
"03/22/2024","107.35","107.48","107.48","107.29","2.39M","0.35%"
"03/21/2024","106.98","107.18","107.24","106.89","2.34M","0.18%"
"03/20/2024","106.79","106.43","106.82","106.37","1.76M","0.39%"
"03/19/2024","106.37","106.37","106.58","106.32","1.52M","0.14%"
"03/18/2024","106.22","106.32","106.36","106.15","1.91M","-0.09%"
"03/15/2024","106.32","106.44","106.51","106.32","1.29M","-0.07%"
"03/14/2024","106.39","106.79","106.79","106.34","1.95M","-0.61%"
"03/13/2024","107.04","107.17","107.22","106.97","1.70M","-0.14%"
"03/12/2024","107.19","107.36","107.39","107.17","2.38M","-0.20%"
"03/11/2024","107.40","107.63","107.63","107.36","1.93M","-0.18%"
"03/08/2024","107.59","107.67","107.79","107.53","1.31M","0.08%"
"03/07/2024","107.50","107.65","107.66","107.36","2.01M","-0.06%"
"03/06/2024","107.56","107.60","107.82","107.49","2.93M","0.04%"
"03/05/2024","107.52","107.35","107.60","107.26","1.51M","0.46%"
"03/04/2024","107.03","106.85","107.05","106.83","1.86M","-0.08%"
"03/01/2024","107.12","106.61","107.15","106.42","2.95M","0.37%"
"02/29/2024","106.72","106.48","106.73","106.47","6.26M","0.31%"
"02/28/2024","106.39","106.19","106.41","106.14","1.49M","0.32%"
"02/27/2024","106.05","106.19","106.31","106.02","2.78M","-0.12%"
"02/26/2024","106.18","106.24","106.25","106.02","1.41M","-0.04%"
"02/23/2024","106.22","105.92","106.34","105.92","1.16M","0.25%"
"02/22/2024","105.95","106.03","106.25","105.77","5.52M","-0.13%"
"02/21/2024","106.09","106.24","106.29","105.98","1.77M","-0.11%"
"02/20/2024","106.21","106.23","106.35","106.18","1.01M","0.05%"
"02/16/2024","106.16","106.02","106.18","105.99","1.06M","-0.10%"
"02/15/2024","106.27","106.42","106.47","106.25","1.89M","0.12%"
"02/14/2024","106.14","105.95","106.26","105.95","1.61M","0.43%"
"02/13/2024","105.69","105.89","106.02","105.68","1.77M","-0.64%"
"02/12/2024","106.37","106.34","106.40","106.19","1.13M","0.04%"
"02/09/2024","106.33","106.31","106.48","106.27","1.51M","-0.14%"
"02/08/2024","106.48","106.44","106.59","106.36","1.60M","-0.08%"
"02/07/2024","106.56","106.64","106.85","106.56","1.49M","-0.19%"
"02/06/2024","106.76","106.51","106.93","106.50","2.16M","0.34%"
"02/05/2024","106.40","106.61","106.71","106.33","1.87M","-0.56%"
"02/02/2024","107.00","107.16","107.29","106.80","3.07M","-0.96%"
"02/01/2024","108.04","108.14","108.54","107.95","2.97M","0.18%"
"01/31/2024","107.85","107.48","107.86","107.33","8.97M","0.65%"
"01/30/2024","107.15","107.25","107.35","107.00","2.15M","-0.05%"
"01/29/2024","107.20","107.00","107.29","106.94","1.28M","0.44%"
"01/26/2024","106.73","106.86","106.86","106.64","1.71M","-0.09%"
"01/25/2024","106.83","106.77","106.86","106.62","1.72M","0.34%"
"01/24/2024","106.47","106.92","106.94","106.46","1.28M","-0.23%"
"01/23/2024","106.72","106.62","106.76","106.51","1.19M","-0.33%"
"01/22/2024","107.07","107.02","107.20","106.99","1.44M","0.05%"
"01/19/2024","107.02","106.87","107.02","106.67","1.46M","0.07%"
"01/18/2024","106.94","106.92","107.02","106.75","5.55M","0.03%"
"01/17/2024","106.91","106.89","107.02","106.75","2.93M","-0.31%"
"01/16/2024","107.24","107.50","107.63","107.10","2.38M","-0.51%"
"01/12/2024","107.79","107.60","107.84","107.54","1.74M","0.43%"
"01/11/2024","107.33","107.05","107.37","106.94","2.35M","0.53%"
"01/10/2024","106.76","107.03","107.07","106.74","1.43M","-0.08%"
"01/09/2024","106.85","106.92","107.15","106.85","1.54M","-0.20%"
"01/08/2024","107.06","106.68","107.22","106.68","1.40M","0.27%"
"01/05/2024","106.77","106.78","107.25","106.68","2.04M","-0.22%"
"01/04/2024","107.01","107.05","107.13","106.93","1.90M","-0.47%"
"01/03/2024","107.51","106.95","107.54","106.91","1.92M","0.16%"
"01/02/2024","107.34","107.16","107.41","107.07","2.64M","-0.14%"
"12/29/2023","107.49","107.38","107.77","107.36","5.16M","-0.12%"
"12/28/2023","107.62","107.82","108.04","107.59","2.01M","-0.32%"
"12/27/2023","107.97","107.73","108.01","107.67","1.47M","0.46%"
"12/26/2023","107.48","107.44","107.56","107.39","1.31M","0.06%"
"12/22/2023","107.42","107.77","107.78","107.32","1.19M","-0.20%"
"12/21/2023","107.63","107.82","107.91","107.48","4.80M","-0.17%"
"12/20/2023","107.81","107.63","107.84","107.45","1.84M","0.40%"
"12/19/2023","107.38","107.44","107.64","107.31","1.62M","0.07%"
"12/18/2023","107.31","107.46","107.50","107.31","1.61M","-0.30%"
"12/15/2023","107.63","107.40","107.70","107.35","3.19M","-0.17%"
"12/14/2023","107.81","107.49","108.06","107.48","4.95M","1.10%"
"12/13/2023","106.64","105.30","106.65","105.25","2.78M","1.36%"
"12/12/2023","105.21","105.15","105.31","105.04","1.86M","-0.06%"
"12/11/2023","105.27","105.22","105.29","104.97","1.90M","-0.21%"
"12/08/2023","105.49","105.23","105.51","105.11","1.66M","-0.12%"
"12/07/2023","105.62","105.58","105.90","105.58","2.96M","-0.09%"
"12/06/2023","105.71","105.55","105.79","105.47","3.26M","0.10%"
"12/05/2023","105.60","105.34","105.76","105.34","10.91M","0.54%"
"12/04/2023","105.03","105.14","105.28","104.93","2.52M","-0.42%"
"12/01/2023","105.47","104.79","105.53","104.79","5.44M","0.27%"
"11/30/2023","105.19","105.19","105.28","104.97","6.30M","-0.18%"
"11/29/2023","105.38","105.19","105.46","105.11","3.62M","0.40%"
"11/28/2023","104.96","104.37","104.99","104.36","3.24M","0.39%"
"11/27/2023","104.55","104.39","104.56","104.25","2.23M","0.33%"
"11/24/2023","104.21","104.36","104.42","104.19","498.21K","-0.42%"
"11/22/2023","104.65","104.60","104.67","104.31","1.40M","0.10%"
"11/21/2023","104.55","104.66","104.74","104.29","7.05M","-0.21%"
"11/20/2023","104.77","104.30","104.79","104.29","1.51M","0.30%"
"11/17/2023","104.46","104.54","104.58","104.28","2.07M","0.11%"
"11/16/2023","104.35","104.18","104.49","104.18","2.54M","0.37%"
"11/15/2023","103.97","104.07","104.08","103.76","2.36M","-0.43%"
"11/14/2023","104.42","104.42","104.64","104.28","2.79M","0.82%"
"11/13/2023","103.57","103.30","103.60","103.19","1.33M","-0.07%"
"11/10/2023","103.64","103.82","103.86","103.54","2.92M","0.04%"
"11/09/2023","103.60","104.28","104.33","103.53","2.33M","-0.84%"
"11/08/2023","104.48","104.18","104.50","104.14","1.84M","0.22%"
"11/07/2023","104.25","104.10","104.39","104.04","1.60M","0.27%"
"11/06/2023","103.97","104.07","104.12","103.82","2.36M","-0.26%"
"11/03/2023","104.24","104.46","104.63","104.21","3.44M","0.51%"
"11/02/2023","103.71","103.81","103.98","103.53","2.87M","0.46%"
"11/01/2023","103.24","102.51","103.28","102.46","3.24M","0.43%"
"10/31/2023","102.80","103.10","103.24","102.77","5.22M","-0.25%"
"10/30/2023","103.06","102.86","103.16","102.77","1.58M","-0.16%"
"10/27/2023","103.22","103.02","103.24","102.85","2.64M","0.15%"
"10/26/2023","103.07","102.63","103.11","102.58","1.94M","0.54%"
"10/25/2023","102.52","102.62","102.66","102.40","2.27M","-0.42%"
"10/24/2023","102.95","102.77","102.98","102.55","2.95M","0.09%"
"10/23/2023","102.86","102.46","102.93","102.32","2.63M","0.02%"
"10/20/2023","102.84","102.68","102.95","102.63","3.30M","0.30%"
"10/19/2023","102.53","102.38","102.89","102.38","12.02M","-0.09%"
"10/18/2023","102.62","102.77","102.89","102.44","1.58M","-0.21%"
"10/17/2023","102.84","102.77","102.97","102.61","1.93M","-0.48%"
"10/16/2023","103.34","103.26","103.39","103.15","1.54M","-0.29%"
"10/13/2023","103.64","103.78","103.86","103.52","2.46M","0.65%"
"10/12/2023","102.97","103.53","103.61","102.82","2.85M","-0.64%"
"10/11/2023","103.63","103.47","103.66","103.35","2.11M","0.45%"
"10/10/2023","103.17","102.85","103.29","102.75","3.71M","0.04%"
"10/09/2023","103.13","102.66","103.18","102.58","1.42M","0.99%"
"10/06/2023","102.12","101.80","102.38","101.74","2.16M","-0.36%"
"10/05/2023","102.49","102.70","102.76","102.48","2.28M","-0.15%"
"10/04/2023","102.64","102.43","102.68","102.30","2.64M","0.44%"
"10/03/2023","102.19","102.69","102.82","102.15","5.00M","-0.71%"
"10/02/2023","102.92","103.24","103.36","102.86","6.66M","-0.77%"
"09/29/2023","103.72","104.20","104.32","103.61","5.68M","-0.20%"
"09/28/2023","103.93","103.29","103.95","103.09","1.71M","0.51%"
"09/27/2023","103.40","103.80","103.88","103.20","2.14M","-0.16%"
"09/26/2023","103.57","103.89","103.93","103.49","2.21M","-0.25%"
"09/25/2023","103.83","104.10","104.21","103.82","1.78M","-0.76%"
"09/22/2023","104.62","104.36","104.72","104.32","1.64M","0.35%"
"09/21/2023","104.26","104.39","104.54","104.23","6.25M","-0.52%"
"09/20/2023","104.81","105.21","105.36","104.81","1.82M","-0.21%"
"09/19/2023","105.03","105.19","105.30","105.02","2.31M","-0.28%"
"09/18/2023","105.33","105.08","105.35","105.05","1.52M","0.21%"
"09/15/2023","105.11","105.19","105.30","105.07","1.82M","-0.25%"
"09/14/2023","105.37","105.54","105.63","105.28","1.82M","-0.16%"
"09/13/2023","105.54","105.42","105.67","105.39","2.33M","0.13%"
"09/12/2023","105.40","105.38","105.46","105.32","1.59M","0.05%"
"09/11/2023","105.35","105.25","105.41","105.19","1.66M","-0.09%"
"09/08/2023","105.45","105.46","105.63","105.39","1.90M","0.23%"
"09/07/2023","105.21","105.06","105.25","105.00","1.26M","0.36%"
"09/06/2023","104.83","105.17","105.21","104.79","2.04M","-0.15%"
"09/05/2023","104.99","105.18","105.19","104.89","2.00M","-0.20%"
"09/01/2023","105.20","105.69","105.70","105.18","1.70M","-0.82%"
"08/31/2023","106.07","105.95","106.13","105.88","6.07M","0.21%"
"08/30/2023","105.85","106.04","106.10","105.83","1.74M","-0.15%"
"08/29/2023","106.01","105.30","106.08","105.30","2.28M","0.49%"
"08/28/2023","105.49","105.60","105.61","105.36","1.41M","0.06%"
"08/25/2023","105.43","105.36","105.66","105.12","3.50M","-0.02%"
"08/24/2023","105.45","105.67","105.85","105.30","9.12M","-0.45%"
"08/23/2023","105.93","105.39","105.93","105.39","5.43M","0.90%"
"08/22/2023","104.98","104.81","105.00","104.76","1.35M","0.17%"
"08/21/2023","104.80","104.72","104.82","104.57","1.50M","-0.27%"
"08/18/2023","105.08","105.02","105.32","105.01","1.43M","0.17%"
"08/17/2023","104.90","105.03","105.10","104.71","2.17M","-0.03%"
"08/16/2023","104.93","105.23","105.39","104.92","2.20M","-0.29%"
"08/15/2023","105.24","105.51","105.72","105.22","1.62M","-0.31%"
"08/14/2023","105.57","105.77","105.85","105.54","1.69M","-0.21%"
"08/11/2023","105.79","105.78","106.03","105.74","1.97M","-0.14%"
"08/10/2023","105.94","106.51","106.70","105.94","2.81M","-0.52%"
"08/09/2023","106.49","106.54","106.61","106.43","1.38M","-0.05%"
"08/08/2023","106.54","106.74","106.91","106.48","1.92M","-0.02%"
"08/07/2023","106.56","106.43","106.65","106.30","8.49M","0.08%"
"08/04/2023","106.47","105.85","106.51","105.85","2.07M","0.97%"
"08/03/2023","105.45","105.65","105.68","105.42","2.83M","-0.62%"
"08/02/2023","106.11","106.02","106.17","105.74","2.26M","-0.18%"
"08/01/2023","106.30","106.56","106.62","106.24","2.26M","-0.80%"
"07/31/2023","107.16","107.09","107.31","106.96","5.97M","0.03%"
"07/28/2023","107.13","106.78","107.13","106.76","1.58M","0.38%"
"07/27/2023","106.72","107.33","107.44","106.58","2.83M","-0.73%"
"07/26/2023","107.51","107.43","107.60","107.23","2.23M","0.04%"
"07/25/2023","107.47","107.62","107.72","107.28","2.05M","-0.18%"
"07/24/2023","107.66","107.60","107.72","107.48","2.91M","0.05%"
"07/21/2023","107.61","107.73","107.83","107.55","3.07M","0.00%"
"07/20/2023","107.61","107.43","107.62","107.13","17.99M","-0.04%"
"07/19/2023","107.65","107.37","107.65","107.25","1.84M","0.34%"
"07/18/2023","107.28","107.45","107.56","107.20","1.78M","-0.05%"
"07/17/2023","107.33","107.21","107.44","107.10","1.77M","0.19%"
"07/14/2023","107.13","107.45","107.55","107.09","2.39M","-0.53%"
"07/13/2023","107.70","107.56","107.70","107.35","2.67M","0.51%"
"07/12/2023","107.15","106.49","107.18","106.43","3.07M","1.10%"
"07/11/2023","105.98","106.16","106.21","105.91","1.46M","-0.11%"
"07/10/2023","106.10","105.94","106.19","105.91","1.97M","0.24%"
"07/07/2023","105.85","105.89","106.14","105.83","2.40M","-0.07%"
"07/06/2023","105.92","106.01","106.10","105.59","3.03M","-0.53%"
"07/05/2023","106.48","106.83","106.92","106.39","2.61M","-0.48%"
"07/03/2023","106.99","107.25","107.42","106.96","1.85M","-0.59%"
"06/30/2023","107.62","107.25","107.67","107.16","6.66M","0.44%"
"06/29/2023","107.15","107.25","107.32","107.01","2.81M","-0.66%"
"06/28/2023","107.86","107.87","107.98","107.65","3.62M","0.20%"
"06/27/2023","107.64","108.08","108.23","107.57","3.32M","-0.28%"
"06/26/2023","107.94","108.11","108.14","107.86","2.91M","0.05%"
"06/23/2023","107.89","108.20","108.23","107.86","2.76M","0.24%"
"06/22/2023","107.63","107.77","107.96","107.59","4.52M","-0.35%"
"06/21/2023","108.01","107.78","108.12","107.64","3.17M","0.01%"
"06/20/2023","108.00","107.84","108.10","107.84","2.83M","0.21%"
"06/16/2023","107.77","107.68","107.86","107.44","2.39M","-0.26%"
"06/15/2023","108.05","108.01","108.18","107.86","3.44M","0.63%"
"06/14/2023","107.37","107.46","107.74","107.12","2.88M","0.25%"
"06/13/2023","107.10","107.67","107.79","107.04","2.96M","-0.51%"
"06/12/2023","107.65","107.65","107.66","107.31","3.83M","0.08%"
"06/09/2023","107.56","107.71","107.77","107.54","1.90M","-0.28%"
"06/08/2023","107.86","107.50","107.90","107.49","2.33M","0.49%"
"06/07/2023","107.33","107.86","107.95","107.25","3.18M","-0.46%"
"06/06/2023","107.83","107.70","107.86","107.50","2.09M","0.06%"
"06/05/2023","107.77","107.54","107.98","107.46","2.37M","0.13%"
"06/02/2023","107.63","108.12","108.15","107.60","2.37M","-0.49%"
"06/01/2023","108.16","108.04","108.21","107.96","5.33M","-0.13%"
"05/31/2023","108.30","108.24","108.40","108.05","6.16M","0.13%"
"05/30/2023","108.16","107.97","108.21","107.87","4.17M","0.40%"
"05/26/2023","107.73","107.64","107.80","107.42","3.04M","0.12%"
"05/25/2023","107.60","107.99","108.05","107.51","4.20M","-0.45%"
"05/24/2023","108.09","108.60","108.64","108.08","2.79M","-0.31%"
"05/23/2023","108.43","108.06","108.46","108.01","3.19M","0.31%"
"05/22/2023","108.10","108.39","108.51","108.04","3.12M","-0.18%"
"05/19/2023","108.30","108.36","108.67","108.19","3.54M","-0.24%"
"05/18/2023","108.56","108.64","108.78","108.41","6.19M","-0.33%"
"05/17/2023","108.92","109.07","109.09","108.82","2.77M","-0.05%"
"05/16/2023","108.97","109.10","109.21","108.80","4.09M","-0.27%"
"05/15/2023","109.26","109.36","109.40","109.21","2.40M","-0.15%"
"05/12/2023","109.42","109.87","109.93","109.39","1.92M","-0.36%"
"05/11/2023","109.81","109.92","109.99","109.67","5.61M","0.22%"
"05/10/2023","109.57","109.42","109.68","109.32","2.98M","0.33%"
"05/09/2023","109.21","109.36","109.41","109.10","2.16M","-0.15%"
"05/08/2023","109.37","109.41","109.50","109.33","2.51M","-0.37%"
"05/05/2023","109.78","109.77","109.88","109.58","1.96M","-0.20%"
"05/04/2023","110.00","109.80","110.47","109.78","4.11M","-0.03%"
"05/03/2023","110.03","109.66","110.08","109.61","3.90M","0.46%"
"05/02/2023","109.53","108.92","109.60","108.91","3.03M","0.76%"
"05/01/2023","108.70","109.35","109.39","108.55","3.14M","-1.34%"
"04/28/2023","110.18","110.28","110.39","109.99","4.47M","0.12%"
"04/27/2023","110.05","110.33","110.38","109.97","2.24M","-0.34%"
"04/26/2023","110.42","110.77","110.88","110.35","3.11M","-0.35%"
"04/25/2023","110.81","110.48","110.85","110.48","3.45M","0.59%"
"04/24/2023","110.16","109.94","110.19","109.91","1.65M","0.38%"
"04/21/2023","109.74","109.93","109.98","109.56","2.52M","0.05%"
"04/20/2023","109.69","109.64","109.90","109.60","3.86M","0.32%"
"04/19/2023","109.34","109.34","109.45","109.18","4.61M","-0.10%"
"04/18/2023","109.45","109.37","109.60","109.32","3.52M","0.10%"
"04/17/2023","109.34","109.83","109.88","109.32","4.22M","-0.46%"
"04/14/2023","109.84","110.02","110.16","109.78","3.33M","-0.44%"
"04/13/2023","110.32","110.71","110.93","110.28","3.40M","-0.24%"
"04/12/2023","110.59","110.39","110.68","110.25","3.46M","0.04%"
"04/11/2023","110.55","110.53","110.57","110.33","2.32M","0.17%"
"04/10/2023","110.36","110.53","110.59","110.35","2.57M","-0.71%"
"04/06/2023","111.15","111.08","111.25","110.97","3.07M","0.23%"
"04/05/2023","110.90","110.93","111.26","110.71","5.30M","0.23%"
"04/04/2023","110.64","110.13","110.76","110.12","4.27M","0.29%"
"04/03/2023","110.32","110.38","110.80","110.15","6.52M","0.06%"
"03/31/2023","110.25","109.87","110.44","109.76","5.67M","0.50%"
"03/30/2023","109.70","109.66","109.82","109.61","2.10M","0.10%"
"03/29/2023","109.59","109.26","109.60","109.24","2.40M","0.19%"
"03/28/2023","109.38","109.10","109.62","109.07","3.95M","0.31%"
"03/27/2023","109.04","109.47","109.54","109.00","6.51M","-0.78%"
"03/24/2023","109.90","110.35","110.51","109.86","8.00M","-0.25%"
"03/23/2023","110.18","109.99","110.21","109.75","5.37M","0.18%"
"03/22/2023","109.98","108.70","110.11","108.63","5.96M","1.37%"
"03/21/2023","108.49","108.45","108.90","108.37","2.99M","-0.21%"
"03/20/2023","108.72","108.97","108.97","108.46","2.99M","0.09%"
"03/17/2023","108.62","108.78","109.23","108.62","4.46M","0.21%"
"03/16/2023","108.39","109.97","110.01","108.36","8.20M","-1.13%"
"03/15/2023","109.63","109.13","109.89","108.97","5.92M","1.22%"
"03/14/2023","108.31","108.96","109.16","108.27","5.22M","-0.55%"
"03/13/2023","108.91","108.89","109.64","108.37","6.22M","0.76%"
"03/10/2023","108.09","107.25","108.09","107.24","5.86M","1.47%"
"03/09/2023","106.52","106.56","106.75","106.40","4.31M","0.26%"
"03/08/2023","106.24","106.83","107.03","106.20","4.27M","-0.48%"
"03/07/2023","106.75","107.39","107.43","106.66","3.57M","-0.63%"
"03/06/2023","107.43","107.99","108.01","107.43","3.13M","-0.54%"
"03/03/2023","108.01","107.21","108.01","107.11","3.71M","1.08%"
"03/02/2023","106.86","106.66","106.90","106.65","3.98M","0.07%"
"03/01/2023","106.78","106.88","106.98","106.59","5.95M","-0.37%"
"02/28/2023","107.18","106.60","107.25","106.52","3.85M","0.37%"
"02/27/2023","106.78","106.77","106.87","106.64","1.61M","0.21%"
"02/24/2023","106.56","106.73","106.77","106.35","3.52M","-0.65%"
"02/23/2023","107.26","107.00","107.38","106.96","3.04M","0.33%"
"02/22/2023","106.91","107.35","107.51","106.83","5.11M","-0.06%"
"02/21/2023","106.97","107.10","107.25","106.87","2.34M","-0.45%"
"02/17/2023","107.45","107.08","107.50","107.03","5.30M","0.20%"
"02/16/2023","107.24","107.39","107.66","107.20","4.05M","-0.24%"
"02/15/2023","107.50","107.47","107.73","107.30","2.63M","0.00%"
"02/14/2023","107.50","107.77","108.00","107.17","3.04M","-0.33%"
"02/13/2023","107.86","107.71","107.93","107.68","2.23M","0.17%"
"02/10/2023","107.68","108.11","108.16","107.66","3.11M","-0.36%"
"02/09/2023","108.07","108.70","108.76","108.06","2.65M","-0.51%"
"02/08/2023","108.62","108.28","108.67","108.15","2.82M","0.52%"
"02/07/2023","108.06","107.81","108.54","107.77","3.76M","0.26%"
"02/06/2023","107.78","107.80","107.96","107.70","5.20M","-0.40%"
"02/03/2023","108.21","108.63","108.84","108.17","5.38M","-0.93%"
"02/02/2023","109.23","109.67","109.81","109.18","5.03M","-0.14%"
"02/01/2023","109.38","108.98","109.49","108.44","5.42M","0.67%"
"01/31/2023","108.65","108.86","108.90","108.33","4.13M","0.04%"
"01/30/2023","108.61","108.94","109.11","108.61","2.46M","-0.49%"
"01/27/2023","109.14","109.08","109.26","109.00","2.41M","-0.22%"
"01/26/2023","109.38","109.33","109.61","109.19","4.19M","-0.01%"
"01/25/2023","109.39","109.14","109.39","108.96","3.00M","0.20%"
"01/24/2023","109.17","108.71","109.19","108.50","2.91M","0.57%"
"01/23/2023","108.55","108.59","108.81","108.53","3.17M","-0.09%"
"01/20/2023","108.65","108.55","108.91","108.55","2.88M","-0.57%"
"01/19/2023","109.27","108.61","109.29","108.44","4.59M","0.62%"
"01/18/2023","108.60","108.67","108.80","108.45","3.92M","0.69%"
"01/17/2023","107.86","107.87","108.21","107.83","2.71M","-0.29%"
"01/13/2023","108.17","108.76","108.93","108.07","2.83M","-0.78%"
"01/12/2023","109.02","108.48","109.03","108.10","3.94M","0.79%"
"01/11/2023","108.17","107.82","108.18","107.75","7.55M","0.43%"
"01/10/2023","107.71","107.86","108.00","107.64","2.30M","-0.41%"
"01/09/2023","108.15","107.90","108.35","107.85","2.64M","0.23%"
"01/06/2023","107.90","107.01","107.95","106.93","3.86M","0.92%"
"01/05/2023","106.92","106.49","106.95","106.36","2.38M","0.03%"
"01/04/2023","106.89","107.18","107.30","106.79","3.25M","0.07%"
"01/03/2023","106.82","107.20","107.25","106.67","3.74M","0.36%"
"12/30/2022","106.44","106.39","106.80","106.28","4.69M","-0.30%"
"12/29/2022","106.76","106.59","106.84","106.53","3.14M","0.41%"
"12/28/2022","106.32","106.63","106.78","106.29","3.09M","-0.11%"
"12/27/2022","106.44","106.74","106.93","106.43","2.46M","-0.46%"
"12/23/2022","106.93","107.02","107.11","106.74","2.52M","-0.22%"
"12/22/2022","107.17","107.72","107.80","107.12","3.67M","-0.55%"
"12/21/2022","107.76","107.84","107.90","107.41","6.07M","0.54%"
"12/20/2022","107.18","107.05","107.34","106.99","2.94M","-0.03%"
"12/19/2022","107.21","107.50","107.51","107.18","2.68M","-0.34%"
"12/16/2022","107.58","107.51","107.97","107.48","2.29M","-0.54%"
"12/15/2022","108.16","108.27","108.34","107.73","2.67M","-0.30%"
"12/14/2022","108.49","108.65","108.76","108.03","2.88M","-0.25%"
"12/13/2022","108.76","109.17","109.31","108.64","4.77M","0.30%"
"12/12/2022","108.44","108.71","108.78","108.40","2.74M","0.01%"
"12/09/2022","108.43","108.93","109.06","108.36","2.61M","-0.95%"
"12/08/2022","109.47","109.50","109.55","109.21","3.18M","-0.03%"
"12/07/2022","109.50","109.17","109.53","108.96","2.90M","0.43%"
"12/06/2022","109.03","109.04","109.15","108.77","4.91M","-0.02%"
"12/05/2022","109.05","109.46","109.48","108.79","3.28M","-1.03%"
"12/02/2022","110.18","108.89","110.20","108.58","3.39M","0.74%"
"12/01/2022","109.37","108.48","109.38","108.46","9.84M","0.95%"
"11/30/2022","108.34","106.85","108.37","106.68","4.52M","1.48%"
"11/29/2022","106.76","106.87","107.08","106.69","2.09M","-0.43%"
"11/28/2022","107.22","107.49","107.59","107.07","3.71M","-0.23%"
"11/25/2022","107.47","107.48","107.53","107.36","665.29K","-0.09%"
"11/23/2022","107.57","106.93","107.57","106.89","1.79M","0.55%"
"11/22/2022","106.98","106.99","107.13","106.74","3.02M","0.40%"
"11/21/2022","106.55","106.38","106.61","106.11","2.19M","0.53%"
"11/18/2022","105.99","106.43","106.58","105.90","1.85M","-0.51%"
"11/17/2022","106.53","106.78","106.85","106.36","2.85M","-0.68%"
"11/16/2022","107.26","107.16","107.37","107.07","1.99M","0.25%"
"11/15/2022","106.99","106.66","107.11","106.55","2.40M","0.65%"
"11/14/2022","106.30","106.85","106.85","106.22","3.49M","-0.74%"
"11/11/2022","107.09","106.97","107.13","106.81","2.47M","-0.06%"
"11/10/2022","107.15","106.16","107.18","106.16","4.16M","1.66%"
"11/09/2022","105.40","105.48","105.78","105.07","2.28M","-0.21%"
"11/08/2022","105.62","105.58","105.89","105.50","1.68M","0.14%"
"11/07/2022","105.47","105.64","105.71","105.42","2.30M","0.12%"
"11/04/2022","105.34","105.19","105.50","105.06","2.21M","0.37%"
"11/03/2022","104.95","105.16","105.56","104.91","3.15M","-1.11%"
"11/02/2022","106.13","106.48","107.07","105.99","2.06M","-0.23%"
"11/01/2022","106.37","107.06","107.09","106.21","2.18M","-0.02%"
"10/31/2022","106.39","106.37","106.61","106.01","3.15M","-0.14%"
"10/28/2022","106.54","106.59","106.92","106.29","3.41M","-0.12%"
"10/27/2022","106.67","106.41","106.79","106.12","2.82M","0.77%"
"10/26/2022","105.85","106.05","106.48","105.71","3.92M","-0.15%"
"10/25/2022","106.01","105.98","106.23","105.82","3.42M","0.41%"
"10/24/2022","105.58","105.40","105.86","105.25","3.03M","0.24%"
"10/21/2022","105.33","105.00","105.73","104.86","6.79M","0.26%"
"10/20/2022","105.06","105.08","105.46","104.76","15.17M","-0.10%"
"10/19/2022","105.16","105.11","105.30","104.92","2.80M","-0.51%"
"10/18/2022","105.70","106.04","106.18","105.45","3.00M","-0.26%"
"10/17/2022","105.98","106.25","106.46","105.90","2.77M","0.27%"
"10/14/2022","105.69","105.85","105.87","105.29","3.88M","0.09%"
"10/13/2022","105.60","104.79","105.85","104.79","4.18M","-0.11%"
"10/12/2022","105.72","105.61","105.88","105.34","10.21M","0.20%"
"10/11/2022","105.51","105.26","105.90","105.18","4.51M","0.57%"
"10/10/2022","104.91","105.43","105.51","104.88","2.91M","-0.57%"
"10/07/2022","105.51","105.15","105.79","105.14","3.31M","0.03%"
"10/06/2022","105.48","105.85","105.95","105.44","3.82M","-0.33%"
"10/05/2022","105.83","106.27","106.31","105.58","3.47M","-0.79%"
"10/04/2022","106.67","106.89","107.05","106.54","3.47M","0.40%"
"10/03/2022","106.25","105.61","106.51","105.51","5.37M","1.29%"
"09/30/2022","104.90","105.48","105.61","104.63","5.53M","-0.68%"
"09/29/2022","105.62","106.21","106.41","105.54","3.47M","-1.40%"
"09/28/2022","107.12","106.15","107.18","105.81","2.88M","1.77%"
"09/27/2022","105.26","105.97","106.09","105.11","5.12M","-0.53%"
"09/26/2022","105.82","107.35","107.38","105.79","5.42M","-1.60%"
"09/23/2022","107.54","107.60","107.89","107.39","4.06M","-0.43%"
"09/22/2022","108.00","108.71","108.79","107.86","3.09M","-1.14%"
"09/21/2022","109.24","109.16","109.47","108.45","2.94M","0.19%"
"09/20/2022","109.03","108.77","109.17","108.72","2.12M","-0.16%"
"09/19/2022","109.20","109.33","109.55","109.03","1.64M","-0.46%"
"09/16/2022","109.70","110.00","110.18","109.64","2.76M","-0.42%"
"09/15/2022","110.16","110.47","110.61","110.09","2.62M","-0.51%"
"09/14/2022","110.72","110.48","110.79","110.45","1.82M","0.25%"
"09/13/2022","110.44","110.07","110.48","110.07","3.61M","-0.30%"
"09/12/2022","110.77","111.20","111.26","110.51","3.09M","-0.30%"
"09/09/2022","111.10","111.06","111.28","110.85","1.90M","0.05%"
"09/08/2022","111.05","111.38","111.57","110.97","3.30M","-0.56%"
"09/07/2022","111.67","111.51","111.69","111.33","3.35M","0.41%"
"09/06/2022","111.21","111.81","111.88","111.18","3.40M","-0.95%"
"09/02/2022","112.28","112.06","112.33","111.73","6.14M","0.59%"
"09/01/2022","111.62","111.84","112.03","111.51","5.41M","-2.01%"
"08/31/2022","113.91","114.75","114.96","113.72","7.62M","-0.89%"
"08/30/2022","114.93","114.95","115.21","114.69","2.14M","-0.17%"
"08/29/2022","115.13","115.23","115.25","115.02","2.12M","-0.39%"
"08/26/2022","115.58","115.72","115.83","115.33","1.89M","-0.15%"
"08/25/2022","115.75","115.65","115.83","115.53","1.47M","0.31%"
"08/24/2022","115.39","115.23","115.40","115.11","1.79M","-0.02%"
"08/23/2022","115.41","115.30","115.71","115.20","1.66M","0.16%"
"08/22/2022","115.22","115.47","115.49","115.20","3.77M","-0.19%"
"08/19/2022","115.44","115.50","115.63","115.33","3.42M","-0.17%"
"08/18/2022","115.64","115.29","115.88","115.02","3.71M","0.51%"
"08/17/2022","115.05","115.31","115.32","114.90","2.09M","-0.30%"
"08/16/2022","115.40","115.39","115.49","115.09","2.66M","0.03%"
"08/15/2022","115.37","115.54","115.66","115.37","1.95M","-0.10%"
"08/12/2022","115.49","115.48","115.57","115.16","2.56M","0.39%"
"08/11/2022","115.04","115.62","115.77","114.95","3.71M","-0.34%"
"08/10/2022","115.43","115.68","116.02","115.42","1.95M","-0.17%"
"08/09/2022","115.63","115.78","115.88","115.57","1.45M","-0.28%"
"08/08/2022","115.96","115.75","116.00","115.68","3.47M","0.69%"
"08/05/2022","115.17","115.25","115.43","115.08","3.10M","-1.01%"
"08/04/2022","116.34","116.15","116.45","116.04","2.24M","-0.02%"
"08/03/2022","116.36","115.80","116.42","115.49","2.44M","0.53%"
"08/02/2022","115.75","116.90","117.19","115.60","3.65M","-1.18%"
"08/01/2022","117.13","117.04","117.32","116.77","3.58M","-0.93%"
"07/29/2022","118.23","117.92","118.48","117.78","3.26M","0.50%"
"07/28/2022","117.64","117.50","117.69","117.09","3.28M","1.02%"
"07/27/2022","116.45","116.00","116.70","115.96","2.38M","0.64%"
"07/26/2022","115.71","116.44","116.54","115.69","1.80M","0.00%"
"07/25/2022","115.71","115.58","115.99","115.56","11.37M","-0.19%"
"07/22/2022","115.93","115.56","116.12","115.52","5.92M","0.84%"
"07/21/2022","114.96","114.29","114.96","114.00","8.56M","0.62%"
"07/20/2022","114.25","114.69","114.81","114.15","2.79M","-0.09%"
"07/19/2022","114.35","114.43","114.67","114.32","4.57M","-0.10%"
"07/18/2022","114.47","114.67","114.72","114.27","2.30M","-0.13%"
"07/15/2022","114.62","114.19","114.71","114.10","4.64M","0.58%"
"07/14/2022","113.96","113.64","114.18","113.47","5.76M","-0.25%"
"07/13/2022","114.24","113.61","114.54","113.47","3.25M","0.52%"
"07/12/2022","113.65","113.73","114.13","113.63","2.60M","-0.04%"
"07/11/2022","113.69","113.83","114.10","113.58","2.03M","0.16%"
"07/08/2022","113.51","113.74","113.81","113.34","1.92M","-0.11%"
"07/07/2022","113.63","114.28","114.29","113.48","2.51M","-0.16%"
"07/06/2022","113.81","114.82","114.87","113.77","2.91M","-0.91%"
"07/05/2022","114.85","115.30","115.35","114.71","4.72M","-0.28%"
"07/01/2022","115.17","114.79","115.40","114.49","7.04M","1.11%"
"06/30/2022","113.91","114.58","114.76","113.89","8.03M","-0.09%"
"06/29/2022","114.01","114.03","114.55","113.69","6.28M","-0.18%"
"06/28/2022","114.21","114.57","114.60","114.11","3.47M","-0.35%"
"06/27/2022","114.61","115.09","115.31","114.58","3.89M","-0.72%"
"06/24/2022","115.44","115.46","115.80","115.28","3.58M","0.10%"
"06/23/2022","115.33","115.54","115.79","115.20","5.52M","0.30%"
"06/22/2022","114.99","114.91","115.13","114.79","5.09M","0.58%"
"06/21/2022","114.33","114.34","114.67","114.23","2.61M","-0.35%"
"06/17/2022","114.73","114.61","114.82","114.25","5.02M","0.05%"
"06/16/2022","114.67","113.58","114.97","113.25","5.93M","-0.30%"
"06/15/2022","115.01","113.87","115.29","113.68","10.01M","1.38%"
"06/14/2022","113.44","114.50","114.55","113.01","12.45M","-1.37%"
"06/13/2022","115.02","115.63","115.87","114.58","7.05M","-1.68%"
"06/10/2022","116.99","117.43","117.59","116.94","3.24M","-0.44%"
"06/09/2022","117.51","117.45","117.69","117.31","2.87M","-0.02%"
"06/08/2022","117.53","117.70","117.84","117.53","1.96M","-0.25%"
"06/07/2022","117.82","117.67","117.91","117.57","2.63M","0.24%"
"06/06/2022","117.54","118.00","118.08","117.46","3.47M","-0.65%"
"06/03/2022","118.31","117.31","118.36","117.31","4.69M","0.58%"
"06/02/2022","117.63","117.50","117.63","117.26","5.46M","0.46%"
"06/01/2022","117.09","117.60","117.69","116.99","4.28M","-1.56%"
"05/31/2022","118.94","119.44","119.45","118.78","4.76M","-0.71%"
"05/27/2022","119.79","119.74","119.86","119.61","3.20M","0.32%"
"05/26/2022","119.41","119.23","119.63","119.06","5.99M","0.41%"
"05/25/2022","118.92","119.07","119.07","118.60","3.61M","0.08%"
"05/24/2022","118.82","118.40","119.04","118.35","3.23M","0.54%"
"05/23/2022","118.18","118.43","118.70","118.16","2.90M","-0.35%"
"05/20/2022","118.60","118.51","118.74","118.29","5.60M","0.04%"
"05/19/2022","118.55","119.42","119.52","118.17","8.81M","-0.35%"
"05/18/2022","118.97","118.63","119.19","118.61","14.95M","0.69%"
"05/17/2022","118.15","118.56","118.67","118.05","3.36M","-0.51%"
"05/16/2022","118.75","118.99","119.08","118.70","3.10M","0.03%"
"05/13/2022","118.71","118.21","118.74","118.01","4.55M","0.52%"
"05/12/2022","118.10","118.85","119.07","118.02","5.17M","-0.43%"
"05/11/2022","118.61","117.36","118.74","117.02","5.92M","1.21%"
"05/10/2022","117.19","117.58","117.97","117.13","5.60M","-0.45%"
"05/09/2022","117.72","117.93","117.99","117.52","5.65M","-0.39%"
"05/06/2022","118.18","117.94","118.65","117.74","5.00M","-0.26%"
"05/05/2022","118.49","118.95","119.19","118.09","4.82M","-1.05%"
"05/04/2022","119.75","118.76","120.04","118.31","5.38M","0.78%"
"05/03/2022","118.82","119.29","119.65","118.79","6.26M","0.36%"
"05/02/2022","118.39","119.55","119.61","118.25","8.52M","-2.21%"
"04/29/2022","121.07","121.85","122.24","120.82","8.61M","-0.83%"
"04/28/2022","122.08","121.38","122.12","121.29","4.56M","0.57%"
"04/27/2022","121.39","121.65","121.71","121.15","6.33M","-0.16%"
"04/26/2022","121.59","121.56","121.70","121.24","4.33M","0.21%"
"04/25/2022","121.33","121.79","122.03","121.28","5.22M","-0.07%"
"04/22/2022","121.42","121.78","122.35","121.35","4.64M","-0.39%"
"04/21/2022","121.90","121.40","121.93","120.68","7.09M","0.40%"
"04/20/2022","121.42","120.82","121.59","120.74","6.56M","0.74%"
"04/19/2022","120.53","120.91","121.07","120.43","6.10M","-0.50%"
"04/18/2022","121.13","121.33","121.39","121.02","3.95M","-0.03%"
"04/14/2022","121.17","121.15","121.32","120.83","4.92M","-0.01%"
"04/13/2022","121.18","121.56","121.76","121.12","4.77M","-0.19%"
"04/12/2022","121.41","121.82","122.12","121.39","6.15M","-0.01%"
"04/11/2022","121.42","121.01","121.46","120.90","4.02M","-0.17%"
"04/08/2022","121.63","121.30","121.63","121.24","5.26M","0.18%"
"04/07/2022","121.41","121.54","121.79","121.20","3.11M","-0.13%"
"04/06/2022","121.57","121.79","122.04","121.04","4.66M","-0.44%"
"04/05/2022","122.11","122.87","122.97","122.07","4.70M","-0.72%"
"04/04/2022","123.00","123.23","123.30","122.90","3.28M","-0.07%"
"04/01/2022","123.09","122.75","123.57","122.54","5.40M","-1.19%"
"03/31/2022","124.57","124.94","125.52","124.35","5.47M","-0.32%"
"03/30/2022","124.97","124.44","125.09","124.41","2.71M","0.49%"
"03/29/2022","124.36","124.34","124.84","124.29","2.83M","-0.36%"
"03/28/2022","124.81","125.02","125.36","124.80","2.82M","-0.11%"
"03/25/2022","124.95","125.11","125.32","124.73","2.76M","-0.68%"
"03/24/2022","125.81","126.24","126.50","125.77","5.08M","-0.62%"
"03/23/2022","126.59","125.62","126.62","125.57","4.62M","1.26%"
"03/22/2022","125.02","125.45","125.68","124.96","3.64M","-0.46%"
"03/21/2022","125.60","126.12","126.47","125.44","3.46M","-0.88%"
"03/18/2022","126.72","126.64","127.36","126.48","4.49M","-0.31%"
"03/17/2022","127.11","126.03","127.15","125.83","3.70M","1.36%"
"03/16/2022","125.40","125.92","126.18","124.55","5.82M","-0.58%"
"03/15/2022","126.13","127.21","127.28","126.11","4.66M","-0.75%"
"03/14/2022","127.08","127.77","127.77","127.08","3.65M","-1.11%"
"03/11/2022","128.50","127.99","128.60","127.95","5.04M","0.71%"
"03/10/2022","127.60","127.28","127.86","126.78","4.03M","-0.22%"
"03/09/2022","127.88","128.33","128.52","127.41","8.00M","-0.99%"
"03/08/2022","129.16","128.75","129.48","128.33","5.80M","0.48%"
"03/07/2022","128.54","127.94","128.76","127.89","6.72M","0.54%"
"03/04/2022","127.85","127.66","128.48","127.66","5.34M","0.76%"
"03/03/2022","126.88","127.20","127.40","126.83","4.89M","-0.12%"
"03/02/2022","127.03","127.62","127.74","127.00","5.82M","-0.65%"
"03/01/2022","127.86","127.29","128.30","127.28","8.93M","0.53%"
"02/28/2022","127.18","125.84","127.25","125.83","6.49M","1.74%"
"02/25/2022","125.01","124.92","125.04","124.63","4.62M","-0.09%"
"02/24/2022","125.12","126.26","126.50","124.77","10.11M","0.41%"
"02/23/2022","124.61","124.27","124.80","124.07","4.75M","0.07%"
"02/22/2022","124.52","124.19","124.53","124.08","4.77M","0.31%"
"02/18/2022","124.14","124.03","124.16","123.92","8.07M","0.33%"
"02/17/2022","123.73","123.70","123.97","123.07","7.20M","0.23%"
"02/16/2022","123.45","123.46","123.64","123.29","5.82M","0.19%"
"02/15/2022","123.21","123.37","123.49","123.20","7.24M","-0.41%"
"02/14/2022","123.72","123.54","124.08","123.43","8.38M","-0.27%"
"02/11/2022","124.05","123.63","124.11","123.10","14.08M","0.89%"
"02/10/2022","122.95","123.63","123.74","122.92","13.01M","-0.80%"
"02/09/2022","123.94","123.95","124.27","123.82","6.16M","0.19%"
"02/08/2022","123.70","123.65","123.89","123.54","5.65M","-0.13%"
"02/07/2022","123.86","123.96","123.97","123.47","9.94M","-0.04%"
"02/04/2022","123.91","124.08","124.29","123.78","9.56M","-0.58%"
"02/03/2022","124.63","124.78","124.95","124.60","7.95M","-0.63%"
"02/02/2022","125.42","125.30","125.68","125.24","8.56M","0.11%"
"02/01/2022","125.28","125.89","125.92","125.25","18.79M","-1.00%"
"01/31/2022","126.54","126.08","126.54","126.07","7.74M","0.27%"
"01/28/2022","126.20","125.94","126.30","125.87","8.51M","0.35%"
"01/27/2022","125.76","125.57","125.86","125.36","17.30M","0.41%"
"01/26/2022","125.25","126.07","126.28","125.14","9.56M","-0.63%"
"01/25/2022","126.05","126.24","126.49","125.96","6.42M","-0.17%"
"01/24/2022","126.27","126.05","126.39","125.87","11.25M","0.23%"
"01/21/2022","125.98","125.68","126.04","125.54","6.55M","0.62%"
"01/20/2022","125.20","125.42","125.67","125.17","7.15M","0.12%"
"01/19/2022","125.05","125.37","125.44","125.05","7.74M","-0.21%"
"01/18/2022","125.31","125.54","125.63","125.30","6.52M","-0.48%"
"01/14/2022","125.91","126.26","126.32","125.85","6.16M","-0.45%"
"01/13/2022","126.48","126.32","126.66","126.22","4.74M","0.02%"
"01/12/2022","126.45","127.11","127.17","126.43","7.11M","-0.64%"
"01/11/2022","127.27","126.42","127.28","126.35","10.84M","0.70%"
"01/10/2022","126.39","126.03","126.40","125.85","6.62M","0.13%"
"01/07/2022","126.23","126.33","126.41","126.04","8.13M","-0.12%"
"01/06/2022","126.38","126.45","126.47","126.00","7.56M","-0.43%"
"01/05/2022","126.93","128.02","128.04","126.92","6.59M","-0.81%"
"01/04/2022","127.97","128.32","128.46","127.75","5.71M","-0.38%"
"01/03/2022","128.46","128.68","128.71","128.38","4.56M","-0.57%"
"12/31/2021","129.20","129.22","129.31","129.07","3.82M","-0.12%"
"12/30/2021","129.36","128.94","129.36","128.81","2.90M","0.52%"
"12/29/2021","128.69","128.28","128.70","128.02","4.32M","0.09%"
"12/28/2021","128.58","128.97","129.05","128.54","2.86M","-0.06%"
"12/27/2021","128.66","128.27","128.71","128.22","3.39M","0.34%"
"12/23/2021","128.23","128.49","128.50","128.05","2.79M","-0.23%"
"12/22/2021","128.52","128.13","128.71","127.99","3.17M","0.32%"
"12/21/2021","128.11","127.84","128.11","127.60","3.90M","0.22%"
"12/20/2021","127.83","127.86","127.99","127.78","4.40M","-0.05%"
"12/17/2021","127.90","128.02","128.13","127.82","4.02M","0.01%"
"12/16/2021","127.89","128.01","128.06","127.57","3.90M","-0.40%"
"12/15/2021","128.41","128.09","128.48","127.68","4.29M","0.09%"
"12/14/2021","128.30","128.38","128.41","128.02","4.15M","-0.32%"
"12/13/2021","128.71","128.83","129.11","128.68","3.61M","0.10%"
"12/10/2021","128.58","128.63","128.89","128.54","2.25M","-0.01%"
"12/09/2021","128.59","129.26","129.37","128.56","3.50M","-0.41%"
"12/08/2021","129.12","129.30","129.32","128.97","3.12M","-0.17%"
"12/07/2021","129.34","129.37","129.54","129.20","3.81M","0.16%"
"12/06/2021","129.13","129.85","129.93","129.10","6.85M","-0.45%"
"12/03/2021","129.72","129.27","129.99","129.23","4.03M","0.21%"
"12/02/2021","129.45","129.06","129.51","128.89","3.39M","0.29%"
"12/01/2021","129.07","129.15","129.23","128.57","7.50M","-0.46%"
"11/30/2021","129.66","129.96","130.21","129.40","5.05M","0.09%"
"11/29/2021","129.54","129.69","129.92","129.47","3.80M","-0.23%"
"11/26/2021","129.84","129.40","129.88","129.25","2.06M","0.50%"
"11/24/2021","129.20","128.87","129.24","128.61","2.73M","0.31%"
"11/23/2021","128.80","128.96","129.00","128.44","3.86M","-0.39%"
"11/22/2021","129.30","129.45","129.69","129.10","3.50M","-0.81%"
"11/19/2021","130.35","130.66","130.96","130.30","2.52M","-0.18%"
"11/18/2021","130.59","130.43","130.74","130.43","3.10M","0.06%"
"11/17/2021","130.51","130.08","130.54","130.00","3.89M","0.20%"
"11/16/2021","130.25","130.51","130.64","130.14","2.77M","-0.15%"
"11/15/2021","130.44","130.51","130.76","130.41","4.26M","0.02%"
"11/12/2021","130.42","130.61","130.95","130.40","4.09M","-0.02%"
"11/11/2021","130.44","130.57","130.60","130.40","2.40M","-0.02%"
"11/10/2021","130.46","131.30","131.36","130.06","6.25M","-0.31%"
"11/09/2021","130.86","130.54","130.95","130.37","3.08M","0.58%"
"11/08/2021","130.10","129.87","130.13","129.79","3.58M","0.33%"
"11/05/2021","129.67","129.52","129.78","129.40","3.86M","0.35%"
"11/04/2021","129.22","129.03","129.28","128.95","2.99M","0.66%"
"11/03/2021","128.37","128.50","128.79","128.23","3.33M","-0.14%"
"11/02/2021","128.55","128.23","128.56","128.23","4.80M","0.40%"
"11/01/2021","128.04","128.70","128.74","127.86","5.65M","-0.49%"
"10/29/2021","128.67","128.21","128.82","128.14","4.99M","-0.26%"
"10/28/2021","129.00","129.46","129.59","128.78","7.31M","-0.87%"
"10/27/2021","130.13","129.77","130.21","129.56","4.19M","0.47%"
"10/26/2021","129.52","129.20","129.54","128.99","4.18M","0.35%"
"10/25/2021","129.07","128.78","129.18","128.78","3.46M","0.24%"
"10/22/2021","128.76","128.74","128.88","128.46","4.74M","0.20%"
"10/21/2021","128.50","128.37","128.68","128.14","8.85M","0.23%"
"10/20/2021","128.21","127.86","128.36","127.85","5.18M","0.18%"
"10/19/2021","127.98","128.08","128.12","127.88","2.13M","-0.24%"
"10/18/2021","128.29","128.39","128.48","128.08","2.87M","-0.21%"
"10/15/2021","128.56","128.74","128.75","128.44","2.20M","-0.16%"
"10/14/2021","128.77","128.71","128.84","128.55","4.20M","0.19%"
"10/13/2021","128.52","128.07","128.53","128.03","4.37M","0.45%"
"10/12/2021","127.94","127.85","128.10","127.76","3.65M","0.19%"
"10/11/2021","127.70","127.75","127.87","127.68","2.97M","-0.06%"
"10/08/2021","127.78","127.81","127.88","127.65","2.84M","0.02%"
"10/07/2021","127.75","127.66","127.75","127.49","2.62M","-0.09%"
"10/06/2021","127.86","127.96","128.03","127.81","2.86M","-0.05%"
"10/05/2021","127.93","127.94","128.01","127.82","6.19M","0.10%"
"10/04/2021","127.80","127.66","127.85","127.58","9.13M","-0.01%"
"10/01/2021","127.81","127.57","127.82","127.48","7.28M","0.09%"
"09/30/2021","127.69","127.47","127.75","127.41","3.76M","0.02%"
"09/29/2021","127.67","127.82","127.93","127.47","3.31M","0.05%"
"09/28/2021","127.60","127.77","127.81","127.58","3.81M","-0.22%"
"09/27/2021","127.88","127.80","128.05","127.76","3.17M","0.05%"
"09/24/2021","127.82","127.89","127.97","127.70","3.24M","-0.25%"
"09/23/2021","128.14","128.33","128.43","128.03","3.70M","-0.36%"
"09/22/2021","128.60","128.75","128.91","128.46","2.91M","-0.10%"
"09/21/2021","128.73","128.88","128.90","128.64","2.82M","-0.07%"
"09/20/2021","128.82","128.86","128.93","128.72","3.27M","0.09%"
"09/17/2021","128.70","128.95","128.95","128.64","2.16M","-0.29%"
"09/16/2021","129.07","129.08","129.19","129.00","1.55M","-0.16%"
"09/15/2021","129.28","129.48","129.51","129.15","2.58M","0.05%"
"09/14/2021","129.21","129.13","129.42","129.04","3.99M","0.05%"
"09/13/2021","129.14","129.43","129.47","129.07","3.17M","0.00%"
"09/10/2021","129.14","129.45","129.53","129.07","2.43M","-0.28%"
"09/09/2021","129.50","128.98","129.51","128.91","3.04M","0.53%"
"09/08/2021","128.82","128.68","128.88","128.59","2.28M","0.41%"
"09/07/2021","128.30","128.37","128.49","128.23","3.48M","-0.25%"
"09/03/2021","128.62","128.69","128.73","128.57","3.10M","-0.14%"
"09/02/2021","128.80","128.71","128.80","128.66","2.93M","0.04%"
"09/01/2021","128.75","128.48","128.76","128.41","11.82M","-0.65%"
"08/31/2021","129.59","129.81","129.88","129.48","4.56M","-0.29%"
"08/30/2021","129.97","130.13","130.22","129.81","2.77M","-0.02%"
"08/27/2021","129.99","129.15","130.01","129.05","3.11M","0.75%"
"08/26/2021","129.02","129.04","129.08","128.90","2.63M","0.02%"
"08/25/2021","129.00","129.08","129.13","128.88","4.47M","-0.04%"
"08/24/2021","129.05","129.05","129.24","129.00","3.07M","0.00%"
"08/23/2021","129.05","128.99","129.08","128.90","2.44M","0.23%"
"08/20/2021","128.75","129.07","129.15","128.73","2.27M","-0.31%"
"08/19/2021","129.15","129.07","129.15","128.90","5.42M","0.04%"
"08/18/2021","129.10","129.07","129.12","128.78","4.83M","0.02%"
"08/17/2021","129.08","129.52","129.56","129.08","3.22M","-0.27%"
"08/16/2021","129.43","129.37","129.56","129.36","2.54M","0.10%"
"08/13/2021","129.30","129.11","129.32","129.06","1.95M","0.26%"
"08/12/2021","128.97","129.00","129.07","128.84","2.90M","-0.08%"
"08/11/2021","129.07","128.78","129.12","128.65","2.78M","0.16%"
"08/10/2021","128.86","128.84","128.99","128.73","2.79M","0.09%"
"08/09/2021","128.74","128.97","129.08","128.73","3.08M","-0.18%"
"08/08/2021","128.97","128.97","128.97","128.97","","0.00%"
"08/07/2021","128.97","128.97","128.97","128.97","","0.00%"
"08/06/2021","128.97","128.77","129.02","128.72","2.79M","-0.22%"
"08/05/2021","129.26","129.40","129.45","129.12","2.91M","-0.35%"
"08/04/2021","129.72","129.98","130.08","129.52","3.62M","-0.19%"
"08/03/2021","129.97","129.72","129.97","129.58","2.64M","0.09%"
"08/02/2021","129.85","129.87","130.14","129.79","10.42M","-0.56%"
"07/30/2021","130.58","130.50","130.64","130.45","3.89M","0.15%"
"07/29/2021","130.38","130.46","130.62","130.37","3.45M","-0.18%"
"07/28/2021","130.61","130.12","130.61","129.72","3.49M","0.34%"
"07/27/2021","130.17","130.20","130.27","129.97","3.59M","-0.02%"
"07/26/2021","130.20","129.92","130.26","129.76","6.59M","0.43%"
"07/23/2021","129.64","129.19","129.67","129.15","17.99M","0.45%"
"07/22/2021","129.06","128.82","129.19","128.76","3.06M","0.28%"
"07/21/2021","128.70","128.81","128.86","128.60","4.65M","-0.26%"
"07/20/2021","129.03","129.16","129.29","128.88","4.17M","-0.02%"
"07/19/2021","129.05","129.35","129.53","128.99","4.84M","0.04%"
"07/16/2021","129.00","128.95","129.09","128.94","1.61M","0.00%"
"07/15/2021","129.00","128.85","129.00","128.63","2.42M","0.30%"
"07/14/2021","128.61","128.68","128.72","128.43","1.73M","0.27%"
"07/13/2021","128.27","128.59","128.66","128.23","2.54M","0.00%"
"07/12/2021","128.27","127.98","128.30","127.94","2.78M","0.27%"
"07/09/2021","127.93","127.80","127.96","127.72","2.70M","0.02%"
"07/08/2021","127.91","127.99","128.07","127.84","3.74M","-0.13%"
"07/07/2021","128.08","128.35","128.43","128.00","3.74M","-0.07%"
"07/06/2021","128.17","127.84","128.26","127.84","5.63M","0.26%"
"07/05/2021","127.84","127.84","127.84","127.84","","0.00%"
"07/04/2021","127.84","127.84","127.84","127.84","","0.00%"
"07/03/2021","127.84","127.84","127.84","127.84","","0.00%"
"07/02/2021","127.84","127.46","127.86","127.41","5.32M","0.42%"
"07/01/2021","127.30","127.35","127.39","127.16","6.20M","-0.55%"
"06/30/2021","128.01","128.01","128.21","127.99","2.73M","0.13%"
"06/29/2021","127.84","127.81","127.90","127.75","1.61M","0.05%"
"06/28/2021","127.77","127.79","127.97","127.77","1.78M","0.15%"
"06/25/2021","127.58","127.56","127.60","127.28","2.43M","0.10%"
"06/24/2021","127.45","127.70","127.77","127.44","2.08M","-0.19%"
"06/23/2021","127.69","127.61","127.71","127.52","2.63M","0.02%"
"06/22/2021","127.66","127.05","127.66","127.03","1.93M","0.55%"
"06/21/2021","126.96","126.97","127.09","126.79","2.61M","-0.17%"
"06/20/2021","127.18","127.18","127.18","127.18","","0.00%"
"06/19/2021","127.18","127.18","127.18","127.18","","0.00%"
"06/18/2021","127.18","126.99","127.25","126.72","4.63M","0.04%"
"06/17/2021","127.13","126.64","127.16","126.45","4.87M","0.38%"
"06/16/2021","126.65","127.86","128.24","126.64","3.99M","-0.91%"
"06/15/2021","127.81","127.66","127.84","127.61","6.56M","0.16%"
"06/14/2021","127.60","127.72","127.76","127.36","2.17M","-0.05%"
"06/11/2021","127.67","128.04","128.10","127.51","2.57M","-0.26%"
"06/10/2021","128.00","127.39","128.02","127.31","3.48M","0.52%"
"06/09/2021","127.34","127.52","127.67","127.23","3.33M","0.01%"
"06/08/2021","127.33","127.39","127.45","127.26","1.87M","0.10%"
"06/07/2021","127.20","127.49","127.50","127.20","2.71M","-0.22%"
"06/04/2021","127.48","127.25","127.53","127.25","3.45M","0.48%"
"06/03/2021","126.87","127.12","127.15","126.87","3.78M","-0.34%"
"06/02/2021","127.30","127.51","127.55","127.30","3.18M","-0.13%"
"06/01/2021","127.46","127.17","127.46","127.02","6.26M","-0.24%"
"05/28/2021","127.77","127.77","127.97","127.70","3.88M","0.06%"
"05/27/2021","127.69","127.46","127.69","127.37","3.05M","-0.01%"
"05/26/2021","127.70","128.00","128.03","127.61","2.57M","-0.23%"
"05/25/2021","127.99","127.92","128.04","127.84","1.55M","0.28%"
"05/24/2021","127.63","127.43","127.66","127.38","2.74M","0.24%"
"05/21/2021","127.32","127.27","127.35","127.09","2.02M","0.18%"
"05/20/2021","127.09","127.09","127.26","126.94","2.58M","0.12%"
"05/19/2021","126.94","127.64","127.76","126.94","3.53M","-0.68%"
"05/18/2021","127.81","127.85","128.06","127.78","2.49M","-0.15%"
"05/17/2021","128.00","127.76","128.02","127.70","2.23M","0.20%"
"05/14/2021","127.75","127.49","127.79","127.45","2.60M","0.35%"
"05/13/2021","127.30","127.35","127.44","127.17","2.99M","0.02%"
"05/12/2021","127.27","127.69","127.75","127.25","3.61M","-0.17%"
"05/11/2021","127.49","127.47","127.60","127.28","2.54M","-0.27%"
"05/10/2021","127.83","128.01","128.29","127.78","2.75M","0.05%"
"05/07/2021","127.77","127.65","127.90","127.57","4.88M","0.21%"
"05/06/2021","127.50","127.66","127.87","127.44","4.56M","-0.12%"
"05/05/2021","127.65","127.13","127.66","127.13","3.93M","0.45%"
"05/04/2021","127.08","127.18","127.29","126.94","5.10M","0.23%"
"05/03/2021","126.79","126.56","126.86","126.51","6.70M","-0.16%"
"04/30/2021","126.99","126.96","127.06","126.83","2.35M","-0.06%"
"04/29/2021","127.07","126.93","127.07","126.80","2.17M","-0.05%"
"04/28/2021","127.13","126.97","127.16","126.79","2.79M","0.32%"
"04/27/2021","126.73","126.83","126.90","126.63","5.23M","-0.01%"
"04/26/2021","126.74","126.56","126.78","126.52","1.71M","0.06%"
"04/23/2021","126.67","126.67","126.68","126.41","1.56M","0.05%"
"04/22/2021","126.61","126.60","126.69","126.36","2.04M","0.12%"
"04/21/2021","126.46","126.34","126.47","126.26","2.16M","0.09%"
"04/20/2021","126.34","126.04","126.39","126.04","1.26M","0.06%"
"04/19/2021","126.26","126.30","126.36","126.15","1.83M","-0.17%"
"04/16/2021","126.48","126.36","126.59","126.30","1.98M","-0.03%"
"04/15/2021","126.52","126.22","126.57","126.22","2.05M","0.54%"
"04/14/2021","125.84","125.70","125.89","125.66","1.89M","0.00%"
"04/13/2021","125.84","125.59","125.85","125.51","2.06M","0.37%"
"04/12/2021","125.38","125.38","125.43","125.25","1.50M","0.02%"
"04/09/2021","125.36","125.46","125.57","125.27","2.89M","-0.21%"
"04/08/2021","125.63","125.57","125.71","125.50","1.30M","0.22%"
"04/07/2021","125.35","125.41","125.60","125.33","1.52M","0.06%"
"04/06/2021","125.27","125.35","125.53","125.27","2.05M","0.06%"
"04/05/2021","125.20","125.09","125.25","124.98","2.09M","-0.29%"
"04/01/2021","125.56","125.38","125.59","125.27","3.03M","0.05%"
"03/31/2021","125.50","125.57","125.80","125.31","2.78M","0.02%"
"03/30/2021","125.47","125.39","125.56","125.32","1.60M","-0.18%"
"03/29/2021","125.69","126.15","126.15","125.56","1.63M","-0.27%"
"03/26/2021","126.03","125.98","126.27","125.97","1.66M","0.02%"
"03/25/2021","126.00","126.10","126.21","125.86","2.12M","-0.07%"
"03/24/2021","126.09","125.77","126.10","125.72","1.48M","0.26%"
"03/23/2021","125.76","125.50","125.77","125.40","2.29M","0.21%"
"03/22/2021","125.50","125.10","125.52","125.09","1.42M","0.48%"
"03/19/2021","124.90","124.60","124.94","124.54","1.47M","0.19%"
"03/18/2021","124.66","124.86","124.99","124.66","4.50M","-0.71%"
"03/17/2021","125.55","125.42","125.73","125.08","2.52M","-0.09%"
"03/16/2021","125.66","125.65","125.78","125.45","1.83M","0.21%"
"03/15/2021","125.40","125.09","125.46","125.02","2.10M","0.30%"
"03/12/2021","125.03","125.28","125.28","124.86","2.81M","-0.79%"
"03/11/2021","126.02","126.00","126.10","125.77","1.61M","0.09%"
"03/10/2021","125.91","125.40","125.91","125.40","1.83M","0.45%"
"03/09/2021","125.34","125.16","125.34","125.02","1.80M","0.63%"
"03/08/2021","124.56","125.19","125.23","124.56","3.78M","-0.55%"
"03/05/2021","125.25","124.94","125.40","124.91","2.57M","0.10%"
"03/04/2021","125.12","125.70","125.77","124.89","5.70M","-0.38%"
"03/03/2021","125.60","125.67","125.74","125.44","4.61M","-0.25%"
"03/02/2021","125.92","125.34","125.94","125.34","3.67M","0.41%"
"03/01/2021","125.41","125.60","125.79","125.18","13.49M","-0.33%"
"02/26/2021","125.83","124.49","125.83","124.30","6.40M","1.24%"
"02/25/2021","124.29","125.29","125.37","123.51","7.72M","-1.22%"
"02/24/2021","125.83","125.63","125.96","125.54","3.13M","-0.08%"
"02/23/2021","125.93","125.92","126.07","125.72","3.20M","0.02%"
"02/22/2021","125.90","125.86","126.03","125.78","2.74M","-0.01%"
"02/19/2021","125.91","126.23","126.31","125.55","3.54M","-0.43%"
"02/18/2021","126.45","126.80","126.80","126.44","2.61M","-0.42%"
"02/17/2021","126.98","127.13","127.18","126.86","2.40M","-0.04%"
"02/16/2021","127.03","127.33","127.47","126.98","2.83M","-0.49%"
"02/12/2021","127.65","127.75","127.85","127.56","2.00M","-0.16%"
"02/11/2021","127.86","128.06","128.06","127.73","1.80M","-0.12%"
"02/10/2021","128.01","127.91","128.04","127.87","1.60M","0.09%"
"02/09/2021","127.90","127.93","128.02","127.83","2.43M","0.05%"
"02/08/2021","127.83","127.74","127.94","127.64","2.19M","0.09%"
"02/05/2021","127.71","127.71","127.81","127.61","1.73M","-0.02%"
"02/04/2021","127.74","127.70","127.89","127.58","1.94M","-0.07%"
"02/03/2021","127.83","127.88","127.97","127.83","1.89M","-0.05%"
"02/02/2021","127.90","127.68","128.02","127.58","3.34M","0.15%"
"02/01/2021","127.71","127.85","127.94","127.71","7.80M","-0.22%"
"01/29/2021","127.99","128.13","128.27","127.74","3.34M","-0.10%"
"01/28/2021","128.12","128.02","128.16","127.92","1.82M","0.20%"
"01/27/2021","127.87","127.97","128.05","127.82","2.07M","-0.03%"
"01/26/2021","127.91","128.11","128.15","127.82","2.70M","-0.15%"
"01/25/2021","128.10","127.94","128.23","127.89","2.10M","0.26%"
"01/22/2021","127.77","127.83","127.90","127.72","1.65M","-0.16%"
"01/21/2021","127.97","127.66","127.97","127.50","3.03M","0.24%"
"01/20/2021","127.66","127.47","127.71","127.39","2.62M","0.15%"
"01/19/2021","127.47","127.35","127.52","127.16","2.58M","0.24%"
"01/15/2021","127.17","127.17","127.24","127.06","2.68M","0.11%"
"01/14/2021","127.03","126.97","127.15","126.85","2.21M","0.05%"
"01/13/2021","126.97","126.78","127.14","126.69","2.52M","0.22%"
"01/12/2021","126.69","126.69","126.80","126.40","3.49M","0.13%"
"01/11/2021","126.52","126.46","126.60","126.36","2.79M","-0.21%"
"01/08/2021","126.79","127.15","127.17","126.58","2.29M","-0.39%"
"01/07/2021","127.29","127.18","127.36","127.18","3.26M","-0.06%"
"01/06/2021","127.37","127.52","127.52","127.13","3.92M","-0.30%"
"01/05/2021","127.75","127.69","127.80","127.58","3.89M","-0.03%"
"01/04/2021","127.79","127.49","127.92","127.46","3.86M","0.11%"
"12/31/2020","127.65","127.43","127.68","127.39","2.36M","0.21%"
"12/30/2020","127.38","127.18","127.39","127.13","2.33M","0.08%"
"12/29/2020","127.28","127.18","127.29","127.16","1.32M","-0.05%"
"12/28/2020","127.34","127.21","127.34","127.11","1.08M","0.07%"
"12/24/2020","127.25","127.27","127.32","127.21","768.93K","0.04%"
"12/23/2020","127.20","126.94","127.20","126.75","1.64M","0.05%"
"12/22/2020","127.14","127.15","127.17","127.03","947.58K","0.09%"
"12/21/2020","127.02","127.14","127.19","126.98","1.71M","-0.02%"
"12/18/2020","127.04","127.15","127.23","127.00","1.91M","-0.05%"
"12/17/2020","127.10","127.33","127.39","127.01","1.41M","0.04%"
"12/16/2020","127.05","126.90","127.12","126.79","1.92M","-0.01%"
"12/15/2020","127.06","126.88","127.06","126.83","1.77M","0.18%"
"12/14/2020","126.83","126.68","126.91","126.57","1.33M","0.00%"
"12/11/2020","126.83","126.85","126.93","126.70","1.23M","-0.01%"
"12/10/2020","126.84","126.69","126.85","126.62","2.17M","0.23%"
"12/09/2020","126.55","126.67","126.68","126.51","2.27M","-0.13%"
"12/08/2020","126.71","126.71","126.80","126.61","1.54M","0.17%"
"12/07/2020","126.50","126.49","126.67","126.44","3.85M","0.26%"
"12/04/2020","126.17","126.23","126.27","126.01","1.77M","-0.21%"
"12/03/2020","126.44","126.35","126.47","126.21","3.80M","0.28%"
"12/02/2020","126.09","125.86","126.12","125.67","3.32M","0.07%"
"12/01/2020","126.00","126.12","126.17","125.80","6.03M","-0.33%"
"11/30/2020","126.42","126.34","126.50","126.22","3.27M","0.11%"
"11/27/2020","126.28","126.07","126.28","126.07","1.02M","0.25%"
"11/25/2020","125.97","125.93","126.05","125.88","1.05M","0.17%"
"11/24/2020","125.76","125.72","125.81","125.64","1.66M","0.03%"
"11/23/2020","125.72","125.74","125.80","125.64","1.33M","-0.08%"
"11/20/2020","125.82","125.64","125.83","125.59","1.14M","0.22%"
"11/19/2020","125.54","125.52","125.65","125.36","4.10M","0.10%"
"11/18/2020","125.41","125.50","125.58","125.26","1.39M","0.03%"
"11/17/2020","125.37","125.31","125.40","125.24","1.31M","0.17%"
"11/16/2020","125.16","125.30","125.41","125.11","2.75M","-0.14%"
"11/13/2020","125.33","125.45","125.45","125.23","1.36M","-0.01%"
"11/12/2020","125.34","125.20","125.35","125.12","1.73M","0.28%"
"11/11/2020","124.99","124.89","124.99","124.81","1.31M","0.18%"
"11/10/2020","124.77","124.69","124.98","124.64","2.64M","0.10%"
"11/09/2020","124.65","124.61","124.68","124.32","3.24M","-0.29%"
"11/06/2020","125.01","125.30","125.30","124.97","2.50M","-0.45%"
"11/05/2020","125.58","125.58","125.67","125.46","3.98M","0.08%"
"11/04/2020","125.48","125.60","125.68","125.34","4.79M","0.17%"
"11/03/2020","125.27","125.29","125.29","124.97","5.23M","-0.08%"
"11/02/2020","125.37","125.25","125.46","125.20","6.64M","0.11%"
"10/30/2020","125.23","125.61","125.66","125.17","3.33M","-0.30%"
"10/29/2020","125.61","125.97","125.97","125.59","2.70M","-0.34%"
"10/28/2020","126.04","126.14","126.16","125.94","2.28M","-0.13%"
"10/27/2020","126.20","126.12","126.24","126.12","1.52M","0.20%"
"10/26/2020","125.95","125.98","126.03","125.84","2.14M","0.08%"
"10/23/2020","125.85","125.72","125.88","125.65","2.85M","0.12%"
"10/22/2020","125.70","125.90","125.90","125.66","2.52M","-0.15%"
"10/21/2020","125.89","126.01","126.05","125.88","1.62M","-0.03%"
"10/20/2020","125.93","126.05","126.11","125.87","2.02M","-0.09%"
"10/19/2020","126.04","126.21","126.26","126.04","1.58M","-0.24%"
"10/16/2020","126.34","126.36","126.42","126.25","1.47M","0.04%"
"10/15/2020","126.29","126.37","126.38","126.22","923.05K","-0.03%"
"10/14/2020","126.33","126.49","126.50","126.25","1.14M","0.00%"
"10/13/2020","126.33","126.29","126.47","126.26","1.76M","0.00%"
"10/12/2020","126.33","126.19","126.34","126.16","1.26M","0.06%"
"10/09/2020","126.25","126.19","126.27","126.00","1.91M","0.03%"
"10/08/2020","126.21","125.95","126.21","125.87","1.92M","0.40%"
"10/07/2020","125.71","125.75","125.81","125.61","1.49M","-0.01%"
"10/06/2020","125.72","125.80","125.94","125.55","2.18M","0.02%"
"10/05/2020","125.70","126.06","126.06","125.69","2.68M","-0.30%"
"10/04/2020","126.08","126.08","126.08","126.08","","0.00%"
"10/03/2020","126.08","126.08","126.08","126.08","","0.00%"
"10/02/2020","126.08","126.10","126.15","125.97","3.12M","0.02%"
"10/01/2020","126.06","126.07","126.30","125.93","10.68M","-0.35%"
"09/30/2020","126.50","126.90","126.90","126.49","6.23M","-0.30%"
"09/29/2020","126.88","126.77","126.95","126.71","1.14M","0.17%"
"09/28/2020","126.67","126.55","126.69","126.48","2.22M","0.21%"
"09/27/2020","126.41","126.41","126.41","126.41","","0.00%"
"09/26/2020","126.41","126.41","126.41","126.41","","0.00%"
"09/25/2020","126.41","126.20","126.41","126.14","2.76M","0.13%"
"09/24/2020","126.24","126.14","126.26","126.09","3.39M","0.07%"
"09/23/2020","126.15","126.31","126.38","126.08","2.52M","-0.10%"
"09/22/2020","126.28","126.26","126.39","126.13","2.66M","0.03%"
"09/21/2020","126.24","126.48","126.57","126.21","4.15M","-0.18%"
"09/18/2020","126.47","126.67","126.67","126.46","1.31M","-0.09%"
"09/17/2020","126.58","126.54","126.62","126.35","1.95M","0.06%"
"09/16/2020","126.51","126.67","126.82","126.47","2.27M","0.00%"
"09/15/2020","126.51","126.42","126.59","126.40","1.80M","0.07%"
"09/14/2020","126.42","126.49","126.61","126.33","1.45M","-0.06%"
"09/13/2020","126.50","126.50","126.50","126.50","","0.00%"
"09/11/2020","126.50","126.60","126.67","126.43","1.63M","-0.06%"
"09/10/2020","126.57","126.46","126.58","126.31","1.85M","0.09%"
"09/09/2020","126.46","126.65","126.81","126.32","2.01M","0.06%"
"09/08/2020","126.39","126.33","126.55","126.33","1.82M","0.10%"
"09/04/2020","126.27","126.74","126.74","126.11","2.05M","-0.31%"
"09/03/2020","126.66","126.98","127.01","126.56","2.67M","-0.35%"
"09/02/2020","127.10","127.23","127.28","126.95","3.26M","0.04%"
"09/01/2020","127.05","127.04","127.21","126.83","3.56M","0.06%"
"08/31/2020","126.98","126.65","127.15","126.58","3.31M","0.45%"
"08/30/2020","126.41","126.41","126.41","126.41","","0.00%"
"08/28/2020","126.41","126.41","126.61","126.22","2.55M","0.32%"
"08/27/2020","126.01","126.43","126.46","125.92","1.80M","-0.40%"
"08/26/2020","126.51","126.32","126.54","126.17","1.32M","0.20%"
"08/25/2020","126.26","126.14","126.35","125.90","2.19M","-0.03%"
"08/24/2020","126.30","126.39","126.48","126.26","2.01M","0.20%"
"08/23/2020","126.05","126.05","126.05","126.05","","0.00%"
"08/21/2020","126.05","125.81","126.05","125.70","2.03M","0.34%"
"08/20/2020","125.62","125.86","126.15","125.33","1.65M","-0.10%"
"08/19/2020","125.74","126.38","126.51","125.69","2.01M","-0.30%"
"08/18/2020","126.12","125.81","126.13","125.74","1.39M","0.45%"
"08/17/2020","125.56","125.48","125.64","125.40","1.59M","0.22%"
"08/14/2020","125.29","125.48","125.52","125.29","2.06M","-0.17%"
"08/13/2020","125.50","125.90","126.05","125.46","1.88M","-0.25%"
"08/12/2020","125.82","125.84","125.95","125.63","2.30M","0.06%"
"08/11/2020","125.74","125.79","125.83","125.57","2.61M","-0.22%"
"08/10/2020","126.02","126.39","126.41","125.98","1.69M","-0.12%"
"08/09/2020","126.17","126.17","126.17","126.17","","0.00%"
"08/08/2020","126.17","126.17","126.17","126.17","","0.00%"
"08/07/2020","126.17","126.59","126.60","126.10","2.21M","-0.27%"
"08/06/2020","126.51","126.65","126.88","126.44","1.90M","0.11%"
"08/05/2020","126.37","126.27","126.46","126.26","1.78M","0.05%"
"08/04/2020","126.31","126.26","126.37","126.14","1.54M","0.22%"
"08/03/2020","126.03","125.85","126.03","125.76","3.76M","0.14%"
"08/02/2020","125.86","125.86","125.86","125.86","","0.00%"
"07/31/2020","125.86","125.54","125.92","125.36","2.70M","0.29%"
"07/30/2020","125.49","125.47","125.51","125.34","1.50M","0.10%"
"07/29/2020","125.36","125.11","125.36","125.08","1.08M","0.23%"
"07/28/2020","125.07","124.88","125.08","124.86","853.15K","0.18%"
"07/27/2020","124.84","125.00","125.05","124.78","1.89M","0.00%"
"07/26/2020","124.84","124.84","124.84","124.84","","0.00%"
"07/25/2020","124.84","124.84","124.84","124.84","","0.00%"
"07/24/2020","124.84","124.86","124.98","124.81","1.17M","-0.02%"
"07/23/2020","124.87","125.00","125.07","124.73","2.47M","0.05%"
"07/22/2020","124.81","125.13","125.13","124.81","1.60M","0.00%"
"07/21/2020","124.81","124.75","124.87","124.65","1.07M","0.22%"
"07/20/2020","124.53","124.65","124.75","124.45","1.54M","0.14%"
"07/17/2020","124.36","124.27","124.36","124.17","1.06M","0.19%"
"07/16/2020","124.13","124.09","124.18","123.99","950.86K","0.20%"
"07/15/2020","123.88","123.85","124.07","123.82","1.10M","-0.06%"
"07/14/2020","123.95","124.09","124.24","123.92","1.04M","0.02%"
"07/13/2020","123.93","123.50","123.93","123.40","1.04M","0.22%"
"07/12/2020","123.66","123.66","123.66","123.66","","0.00%"
"07/11/2020","123.66","123.66","123.66","123.66","","0.00%"
"07/10/2020","123.66","123.85","123.90","123.63","832.02K","-0.11%"
"07/09/2020","123.79","123.55","123.92","123.50","1.17M","0.26%"
"07/08/2020","123.47","123.55","123.69","123.47","1.22M","-0.18%"
"07/07/2020","123.69","123.71","123.80","123.44","1.15M","0.02%"
"07/06/2020","123.66","123.34","123.70","123.19","1.30M","0.19%"
"07/05/2020","123.42","123.42","123.42","123.42","","0.00%"
"07/04/2020","123.42","123.42","123.42","123.42","","0.00%"
"07/02/2020","123.42","123.13","123.60","122.97","1.56M","0.28%"
"07/01/2020","123.08","122.86","123.08","122.72","1.76M","0.07%"
"06/30/2020","123.00","123.28","123.36","122.81","2.67M","-0.16%"
"06/29/2020","123.20","123.08","123.20","123.03","959.76K","0.11%"
"06/26/2020","123.06","122.96","123.08","122.91","1.02M","0.17%"
"06/25/2020","122.85","122.84","122.97","122.74","1.29M","0.09%"
"06/24/2020","122.74","122.89","123.02","122.71","1.15M","-0.14%"
"06/23/2020","122.91","122.90","122.95","122.81","1.56M","0.06%"
"06/22/2020","122.84","122.64","122.84","122.58","1.61M","0.25%"
"06/19/2020","122.53","122.21","122.53","122.18","1.67M","0.20%"
"06/18/2020","122.29","121.94","122.36","121.82","1.55M","0.45%"
"06/17/2020","121.74","121.71","121.81","121.58","1.57M","-0.07%"
"06/16/2020","121.82","121.71","121.98","121.51","2.48M","-0.05%"
"06/15/2020","121.88","122.03","122.08","121.82","1.90M","0.04%"
"06/12/2020","121.83","122.01","122.13","121.77","1.45M","-0.27%"
"06/11/2020","122.16","122.27","122.45","122.11","1.57M","0.03%"
"06/10/2020","122.12","121.66","122.15","121.55","1.47M","0.77%"
"06/09/2020","121.19","121.60","121.69","121.16","1.94M","0.10%"
"06/08/2020","121.07","120.77","121.07","120.76","1.57M","0.22%"
"06/07/2020","120.81","120.81","120.81","120.81","","0.00%"
"06/05/2020","120.81","120.59","120.84","120.25","1.45M","-0.01%"
"06/04/2020","120.82","121.17","121.21","120.79","1.54M","-0.38%"
"06/03/2020","121.28","121.46","121.47","121.08","1.74M","-0.33%"
"06/02/2020","121.68","121.90","121.93","121.52","1.03M","-0.22%"
"06/01/2020","121.95","121.83","121.97","121.75","1.53M","0.12%"
"05/29/2020","121.80","121.78","121.98","121.60","2.45M","0.04%"
"05/28/2020","121.75","121.40","121.77","121.34","967.82K","0.31%"
"05/27/2020","121.37","121.26","121.52","121.16","1.08M","0.10%"
"05/26/2020","121.25","121.60","121.62","121.25","1.17M","-0.37%"
"05/22/2020","121.70","121.58","121.75","121.48","1.36M","0.06%"
"05/21/2020","121.63","121.71","121.98","121.53","1.35M","-0.11%"
"05/20/2020","121.76","121.38","121.83","121.38","880.51K","0.30%"
"05/19/2020","121.40","121.44","121.57","121.36","1.36M","-0.12%"
"05/18/2020","121.54","121.57","121.70","121.29","1.56M","-0.01%"
"05/15/2020","121.55","121.46","121.56","121.32","1.01M","0.17%"
"05/14/2020","121.34","121.24","121.40","121.12","1.14M","0.12%"
"05/13/2020","121.20","121.23","121.43","121.03","1.56M","0.09%"
"05/12/2020","121.09","121.06","121.18","120.85","1.58M","0.09%"
"05/11/2020","120.98","121.25","121.33","120.98","1.07M","-0.35%"
"05/08/2020","121.40","121.37","121.55","121.25","1.11M","-0.03%"
"05/07/2020","121.44","120.91","121.54","120.81","1.55M","0.63%"
"05/06/2020","120.68","120.97","120.99","120.61","1.84M","-0.49%"
"05/05/2020","121.27","121.03","121.38","120.91","3.87M","0.12%"
"05/04/2020","121.13","121.17","121.30","121.01","1.48M","0.10%"
"05/03/2020","121.01","121.01","121.01","121.01","","0.00%"
"05/02/2020","121.01","121.01","121.01","121.01","","0.00%"
"05/01/2020","121.01","121.05","121.11","120.62","1.91M","-0.25%"
"04/30/2020","121.31","122.31","122.36","121.31","2.97M","-0.74%"
"04/29/2020","122.22","122.31","122.46","122.09","1.66M","-0.12%"
"04/28/2020","122.37","122.16","122.45","122.12","1.36M","0.34%"
"04/27/2020","121.95","122.13","122.32","121.90","2.09M","-0.20%"
"04/24/2020","122.19","121.63","122.23","121.54","1.12M","0.57%"
"04/23/2020","121.50","121.78","121.90","121.35","2.61M","-0.06%"
"04/22/2020","121.57","121.12","121.57","120.84","1.83M","0.60%"
"04/21/2020","120.84","120.71","121.07","120.60","1.28M","0.51%"
"04/20/2020","120.23","120.04","120.69","119.95","2.01M","-0.31%"
"04/17/2020","120.60","121.29","121.44","120.34","2.18M","-0.48%"
"04/16/2020","121.18","122.22","122.38","120.93","1.91M","-0.87%"
"04/15/2020","122.24","122.62","122.65","122.11","1.53M","0.11%"
"04/14/2020","122.11","121.92","122.27","121.87","2.98M","0.30%"
"04/13/2020","121.75","121.67","121.91","121.57","1.46M","0.18%"
"04/09/2020","121.53","121.04","121.85","120.86","3.01M","0.99%"
"04/08/2020","120.34","121.04","121.31","120.25","11.11M","-0.68%"
"04/07/2020","121.17","121.25","121.52","120.67","1.66M","-0.07%"
"04/06/2020","121.25","121.47","121.53","121.03","2.11M","-0.07%"
"04/03/2020","121.33","121.43","121.59","120.81","2.99M","0.88%"
"04/02/2020","120.27","119.66","120.58","119.25","2.81M","1.53%"
"04/01/2020","118.46","118.76","119.13","118.32","8.06M","0.46%"
"03/31/2020","117.92","118.93","119.00","117.75","3.06M","-0.35%"
"03/30/2020","118.34","120.15","120.38","118.29","3.48M","-1.59%"
"03/28/2020","120.25","120.25","120.25","120.25","","0.00%"
"03/27/2020","120.25","120.00","120.37","118.53","2.62M","0.33%"
"03/26/2020","119.86","120.28","121.72","119.48","4.07M","0.51%"
"03/25/2020","119.25","118.71","119.90","118.52","2.92M","0.97%"
"03/24/2020","118.11","117.35","119.14","117.00","3.53M","0.06%"
"03/23/2020","118.04","115.42","118.06","115.01","4.26M","1.88%"
"03/21/2020","115.86","115.86","115.86","115.86","","0.00%"
"03/20/2020","115.86","112.13","116.10","111.17","3.33M","4.45%"
"03/19/2020","110.92","109.64","111.10","109.64","3.02M","1.94%"
"03/18/2020","108.81","110.21","111.35","108.37","4.94M","-1.23%"
"03/17/2020","110.16","113.18","114.39","110.16","4.50M","-2.80%"
"03/16/2020","113.33","113.72","114.19","112.51","5.89M","-0.69%"
"03/14/2020","114.12","114.12","114.12","114.12","","0.00%"
"03/13/2020","114.12","114.80","115.95","113.70","5.23M","0.40%"
"03/12/2020","113.67","113.38","118.42","107.37","12.65M","-0.24%"
"03/11/2020","113.94","117.10","117.78","113.49","8.81M","-2.26%"
"03/10/2020","116.58","120.18","120.50","116.29","9.54M","-2.87%"
"03/09/2020","120.02","122.89","123.12","120.00","5.76M","-2.06%"
"03/06/2020","122.54","122.92","123.16","121.98","3.89M","0.67%"
"03/05/2020","121.73","121.93","122.08","121.65","3.80M","0.31%"
"03/04/2020","121.35","121.74","121.97","121.23","4.02M","-0.15%"
"03/03/2020","121.53","120.31","122.17","120.24","7.53M","1.01%"
"03/02/2020","120.31","120.26","120.64","120.08","12.08M","0.23%"
"02/28/2020","120.03","120.18","120.49","119.92","5.02M","0.16%"
"02/27/2020","119.84","119.81","119.97","119.64","3.63M","0.29%"
"02/26/2020","119.49","119.33","119.78","119.24","2.46M","-0.05%"
"02/25/2020","119.55","119.63","119.93","119.52","1.46M","-0.17%"
"02/24/2020","119.75","119.76","119.83","119.66","1.49M","0.46%"
"02/21/2020","119.20","119.08","119.33","119.08","930.25K","0.18%"
"02/20/2020","118.98","118.82","118.98","118.79","809.58K","0.19%"
"02/19/2020","118.75","118.76","118.80","118.66","787.09K","-0.04%"
"02/18/2020","118.80","118.69","118.86","118.64","1.08M","0.22%"
"02/17/2020","118.54","118.54","118.54","118.54","","0.00%"
"02/14/2020","118.54","118.53","118.64","118.51","817.54K","0.08%"
"02/13/2020","118.45","118.42","118.50","118.36","1.31M","0.21%"
"02/12/2020","118.20","118.10","118.26","118.06","1.24M","-0.10%"
"02/11/2020","118.32","118.48","118.48","118.28","600.21K","-0.29%"
"02/10/2020","118.67","118.58","118.74","118.52","627.07K","0.15%"
"02/07/2020","118.49","118.29","118.50","118.25","1.07M","0.41%"
"02/06/2020","118.01","117.80","118.05","117.80","1.22M","0.19%"
"02/05/2020","117.79","117.86","117.98","117.78","1.44M","-0.30%"
"02/04/2020","118.14","118.33","118.33","118.01","1.64M","-0.43%"
"02/03/2020","118.65","118.56","118.68","118.37","3.06M","-0.34%"
"01/31/2020","119.06","118.72","119.10","118.70","2.34M","0.43%"
"01/30/2020","118.55","118.48","118.85","118.36","1.20M","0.11%"
"01/29/2020","118.42","118.13","118.51","118.12","1.10M","0.36%"
"01/28/2020","117.99","118.19","118.20","117.98","743.09K","-0.15%"
"01/27/2020","118.17","118.14","118.24","118.09","1.11M","0.23%"
"01/24/2020","117.90","117.74","117.97","117.74","963.27K","0.22%"
"01/23/2020","117.64","117.62","117.75","117.60","2.23M","0.20%"
"01/22/2020","117.40","117.55","117.59","117.39","1.15M","-0.07%"
"01/21/2020","117.48","117.31","117.53","117.30","1.11M","0.32%"
"01/17/2020","117.10","117.13","117.19","117.02","920.53K","-0.16%"
"01/16/2020","117.29","117.43","117.45","117.28","1.21M","-0.16%"
"01/15/2020","117.48","117.60","117.60","117.47","1.60M","0.08%"
"01/14/2020","117.39","117.28","117.43","117.25","3.29M","0.14%"
"01/13/2020","117.23","117.17","117.27","117.05","1.42M","-0.02%"
"01/10/2020","117.25","117.05","117.27","117.02","1.61M","0.30%"
"01/09/2020","116.90","116.66","116.92","116.59","1.81M","-0.01%"
"01/08/2020","116.91","117.05","117.18","116.76","2.12M","-0.09%"
"01/07/2020","117.02","117.23","117.26","117.02","810.50K","-0.31%"
"01/06/2020","117.38","117.84","117.84","117.33","917.50K","-0.25%"
"01/03/2020","117.68","117.56","117.83","117.50","1.26M","0.46%"
"01/02/2020","117.14","116.93","117.19","116.93","2.15M","0.49%"
"12/31/2019","116.57","116.48","116.75","116.44","1.28M","-0.10%"
"12/30/2019","116.69","116.47","116.69","116.40","932.63K","0.03%"
"12/27/2019","116.65","116.60","116.70","116.60","657.91K","0.03%"
"12/26/2019","116.61","116.54","116.63","116.45","385.80K","0.07%"
"12/24/2019","116.53","116.27","116.59","116.25","340.80K","0.12%"
"12/23/2019","116.39","116.58","116.59","116.30","1.07M","-0.17%"
"12/20/2019","116.59","116.65","116.73","116.56","1.22M","-0.05%"
"12/19/2019","116.65","116.34","116.79","116.28","1.41M","0.07%"
"12/18/2019","116.57","116.65","116.72","116.52","1.28M","-0.11%"
"12/17/2019","116.70","116.54","116.70","116.51","1.61M","0.14%"
"12/16/2019","116.54","116.65","116.73","116.48","852.84K","-0.23%"
"12/13/2019","116.81","116.45","116.83","116.24","1.09M","0.40%"
"12/12/2019","116.34","116.78","116.87","116.12","1.44M","-0.49%"
"12/11/2019","116.91","116.73","116.95","116.65","860.67K","0.35%"
"12/10/2019","116.50","116.57","116.60","116.36","432.70K","-0.03%"
"12/09/2019","116.53","116.67","116.72","116.47","724.30K","0.03%"
"12/06/2019","116.50","116.35","116.55","116.29","524.21K","-0.07%"
"12/05/2019","116.58","116.50","116.63","116.45","679.77K","-0.15%"
"12/04/2019","116.75","116.70","116.84","116.60","773.54K","-0.07%"
"12/03/2019","116.83","116.42","116.97","116.42","1.37M","0.62%"
"12/02/2019","116.11","115.86","116.12","115.77","2.28M","-0.23%"
"11/29/2019","116.38","116.62","116.64","116.25","1.01M","-0.23%"
"11/27/2019","116.65","116.71","116.77","116.62","510.83K","-0.20%"
"11/26/2019","116.88","116.78","116.89","116.78","620.32K","0.21%"
"11/25/2019","116.63","116.57","116.69","116.54","818.04K","0.11%"
"11/22/2019","116.50","116.48","116.59","116.39","2.32M","0.03%"
"11/21/2019","116.46","116.41","116.56","116.28","803.45K","-0.22%"
"11/20/2019","116.72","116.42","116.72","116.42","666.13K","0.39%"
"11/19/2019","116.27","116.10","116.30","116.09","437.32K","0.18%"
"11/18/2019","116.06","115.88","116.10","115.87","658.55K","0.20%"
"11/15/2019","115.83","115.77","116.00","115.74","813.34K","-0.12%"
"11/14/2019","115.97","115.94","116.10","115.89","1.25M","0.23%"
"11/13/2019","115.70","115.79","115.81","115.63","614.56K","0.09%"
"11/12/2019","115.60","115.62","115.72","115.52","1.61M","-0.02%"
"11/11/2019","115.62","115.70","115.72","115.54","530.18K","0.05%"
"11/08/2019","115.56","115.41","115.65","115.39","742.24K","-0.06%"
"11/07/2019","115.63","115.99","116.00","115.41","1.25M","-0.56%"
"11/06/2019","116.28","116.03","116.28","116.03","1.01M","0.32%"
"11/05/2019","115.91","115.91","116.00","115.74","966.97K","-0.19%"
"11/04/2019","116.13","116.04","116.19","115.99","1.71M","-0.07%"
"11/01/2019","116.21","116.09","116.34","115.98","8.00M","0.13%"
"10/31/2019","116.06","115.95","116.35","115.95","1.40M","0.31%"
"10/30/2019","115.70","115.45","115.71","115.40","738.46K","0.37%"
"10/29/2019","115.27","115.56","115.61","115.27","776.50K","-0.25%"
"10/28/2019","115.56","115.74","115.79","115.54","1.01M","-0.48%"
"10/25/2019","116.12","116.13","116.20","115.95","807.77K","0.02%"
"10/24/2019","116.10","116.10","116.31","116.02","928.07K","0.06%"
"10/23/2019","116.03","116.09","116.21","115.98","946.74K","0.07%"
"10/22/2019","115.95","115.86","115.95","115.69","1.08M","0.30%"
"10/21/2019","115.60","115.68","115.88","115.59","1.15M","-0.32%"
"10/18/2019","115.97","115.90","116.06","115.83","525.04K","0.16%"
"10/17/2019","115.79","115.54","115.91","115.49","1.12M","0.14%"
"10/16/2019","115.63","115.46","115.80","115.38","981.20K","0.16%"
"10/15/2019","115.45","115.81","115.88","115.41","1.49M","-0.34%"
"10/14/2019","115.84","115.96","115.96","115.70","772.61K","0.16%"
"10/11/2019","115.65","115.69","115.95","115.53","2.69M","-0.31%"
"10/10/2019","116.01","116.27","116.27","115.84","776.91K","-0.32%"
"10/09/2019","116.38","116.50","116.54","116.19","1.51M","-0.21%"
"10/08/2019","116.62","116.91","116.95","116.50","839.06K","-0.09%"
"10/07/2019","116.73","116.92","117.08","116.73","635.05K","-0.27%"
"10/04/2019","117.05","116.79","117.16","116.76","792.90K","0.31%"
"10/03/2019","116.69","116.43","116.97","116.43","1.72M","0.32%"
"10/02/2019","116.32","116.27","116.51","116.18","2.12M","0.00%"
"10/01/2019","116.32","115.64","116.34","115.58","3.97M","0.03%"
"09/30/2019","116.29","116.02","116.36","115.81","2.13M","0.09%"
"09/27/2019","116.19","116.31","116.43","116.15","675.59K","-0.15%"
"09/26/2019","116.37","116.41","116.56","116.31","931.51K","0.06%"
"09/25/2019","116.30","116.75","116.77","116.18","736.56K","-0.52%"
"09/24/2019","116.91","116.72","116.99","116.70","533.56K","0.22%"
"09/23/2019","116.65","116.54","116.89","116.49","691.65K","0.14%"
"09/20/2019","116.49","116.05","116.50","116.05","630.03K","0.55%"
"09/19/2019","115.85","115.94","116.04","115.81","1.74M","0.20%"
"09/18/2019","115.62","116.30","116.39","115.54","941.76K","-0.31%"
"09/17/2019","115.98","115.83","116.17","115.77","2.19M","0.13%"
"09/16/2019","115.83","115.77","115.96","115.64","1.52M","0.60%"
"09/13/2019","115.14","115.58","115.75","115.14","953.26K","-0.59%"
"09/12/2019","115.82","116.45","116.56","115.75","1.06M","-0.08%"
"09/11/2019","115.91","116.13","116.27","115.91","1.77M","-0.11%"
"09/10/2019","116.04","116.72","116.84","116.04","834.00K","-0.57%"
"09/09/2019","116.71","116.91","116.94","116.69","1.06M","-0.51%"
"09/06/2019","117.31","117.12","117.38","117.11","1.22M","0.09%"
"09/05/2019","117.21","117.27","117.35","116.90","1.54M","-0.45%"
"09/04/2019","117.74","117.50","117.74","117.47","1.64M","0.25%"
"09/03/2019","117.45","117.51","117.94","117.39","5.78M","-0.17%"
"08/30/2019","117.65","118.01","118.05","117.64","954.95K","-0.38%"
"08/29/2019","118.10","117.97","118.14","117.79","1.31M","0.06%"
"08/28/2019","118.03","118.13","118.22","117.99","628.64K","0.20%"
"08/27/2019","117.80","117.41","117.81","117.32","954.22K","0.47%"
"08/26/2019","117.25","117.43","117.55","117.15","1.26M","-0.11%"
"08/23/2019","117.38","116.73","117.50","116.66","756.46K","0.57%"
"08/22/2019","116.71","116.70","116.91","116.39","961.32K","-0.09%"
"08/21/2019","116.81","116.81","117.26","116.72","938.06K","-0.10%"
"08/20/2019","116.93","117.06","117.13","116.90","607.00K","0.13%"
"08/19/2019","116.78","116.72","117.01","116.72","600.04K","-0.38%"
"08/16/2019","117.22","117.19","117.30","116.95","548.60K","-0.29%"
"08/15/2019","117.56","117.19","117.78","117.03","772.70K","0.44%"
"08/14/2019","117.04","117.19","117.25","116.95","619.34K","0.19%"
"08/13/2019","116.82","117.20","117.22","116.65","1.38M","-0.16%"
"08/12/2019","117.01","116.93","117.16","116.78","543.18K","0.40%"
"08/09/2019","116.54","116.76","116.99","116.47","678.18K","-0.10%"
"08/08/2019","116.66","116.20","116.69","116.05","1.25M","0.26%"
"08/07/2019","116.36","116.87","117.08","116.24","2.16M","0.05%"
"08/06/2019","116.30","115.82","116.30","115.77","2.89M","0.37%"
"08/05/2019","115.87","115.63","115.92","115.56","3.09M","0.35%"
"08/02/2019","115.47","115.42","115.50","115.11","2.10M","0.07%"
"08/01/2019","115.39","114.79","115.51","114.72","2.55M","0.13%"
"07/31/2019","115.24","115.10","115.56","114.97","1.33M","0.16%"
"07/30/2019","115.06","115.06","115.12","114.94","924.23K","0.15%"
"07/29/2019","114.89","115.09","115.10","114.89","620.57K","-0.09%"
"07/26/2019","114.99","115.18","115.19","114.90","472.55K","-0.07%"
"07/25/2019","115.07","115.18","115.22","115.00","669.49K","-0.16%"
"07/24/2019","115.26","115.25","115.38","115.20","662.24K","0.03%"
"07/23/2019","115.23","115.23","115.33","115.12","377.23K","-0.03%"
"07/22/2019","115.26","115.36","115.42","115.25","939.69K","0.03%"
"07/19/2019","115.23","115.23","115.43","115.23","1.14M","-0.16%"
"07/18/2019","115.41","115.14","115.43","114.95","599.78K","0.21%"
"07/17/2019","115.17","115.05","115.22","115.05","505.82K","0.21%"
"07/16/2019","114.93","114.90","114.99","114.85","1.41M","-0.17%"
"07/15/2019","115.12","114.84","115.17","114.84","2.16M","0.25%"
"07/12/2019","114.83","114.56","114.91","114.56","809.13K","0.17%"
"07/11/2019","114.63","115.08","115.09","114.62","884.70K","-0.31%"
"07/10/2019","114.99","115.00","115.09","114.85","1.64M","0.17%"
"07/09/2019","114.79","114.77","114.89","114.61","436.42K","0.10%"
"07/08/2019","114.67","114.88","114.92","114.67","639.70K","0.02%"
"07/05/2019","114.65","114.51","114.72","114.25","708.22K","-0.30%"
"07/03/2019","115.00","114.90","115.05","114.89","560.55K","0.26%"
"07/02/2019","114.70","114.64","114.84","114.58","3.11M","0.05%"
"07/01/2019","114.64","114.98","115.02","114.48","1.71M","-0.74%"
"06/28/2019","115.49","115.34","115.56","115.31","2.42M","0.03%"
"06/27/2019","115.45","115.29","115.53","115.23","462.26K","0.19%"
"06/26/2019","115.23","115.35","115.40","115.18","1.48M","-0.10%"
"06/25/2019","115.34","115.54","115.65","115.31","678.92K","-0.17%"
"06/24/2019","115.54","115.51","115.55","115.41","528.91K","0.19%"
"06/21/2019","115.32","115.69","115.69","115.19","1.17M","-0.45%"
"06/20/2019","115.84","115.73","115.97","115.69","873.83K","0.56%"
"06/19/2019","115.19","114.36","115.21","114.32","1.19M","0.58%"
"06/18/2019","114.53","114.75","114.84","114.48","860.72K","0.41%"
"06/17/2019","114.06","114.06","114.19","113.96","1.65M","-0.19%"
"06/14/2019","114.28","114.35","114.51","114.11","609.55K","-0.16%"
"06/13/2019","114.46","114.55","114.62","114.44","1.63M","0.03%"
"06/12/2019","114.42","114.39","114.57","114.36","506.48K","0.05%"
"06/11/2019","114.36","114.41","114.51","114.34","640.86K","-0.13%"
"06/10/2019","114.51","114.85","114.85","114.48","1.61M","-0.54%"
"06/07/2019","115.13","115.07","115.13","114.93","770.46K","0.37%"
"06/06/2019","114.71","114.85","115.04","114.47","759.06K","-0.06%"
"06/05/2019","114.78","114.88","115.04","114.72","1.18M","0.06%"
"06/04/2019","114.71","114.64","114.82","114.48","1.60M","-0.20%"
"06/03/2019","114.94","114.73","115.14","114.65","7.09M","-0.29%"
"05/31/2019","115.27","114.88","115.32","114.87","1.62M","0.63%"
"05/30/2019","114.55","114.26","114.57","114.18","700.74K","0.33%"
"05/29/2019","114.17","114.17","114.42","114.17","1.73M","0.18%"
"05/28/2019","113.97","114.00","114.04","113.86","4.73M","0.05%"
"05/24/2019","113.91","113.92","113.92","113.76","487.51K","0.17%"
"05/23/2019","113.72","113.53","113.86","113.50","780.83K","0.21%"
"05/22/2019","113.48","113.50","113.62","113.42","725.10K","0.04%"
"05/21/2019","113.44","113.42","113.46","113.32","788.56K","0.05%"
"05/20/2019","113.38","113.51","113.61","113.36","415.37K","-0.13%"
"05/17/2019","113.53","113.75","113.76","113.52","589.55K","-0.10%"
"05/16/2019","113.64","113.72","113.72","113.57","373.61K","-0.16%"
"05/15/2019","113.82","113.81","113.84","113.62","505.55K","0.20%"
"05/14/2019","113.59","113.52","113.61","113.47","667.72K","0.07%"
"05/13/2019","113.51","113.51","113.71","113.48","952.63K","0.21%"
"05/10/2019","113.27","113.10","113.31","113.03","881.09K","0.22%"
"05/09/2019","113.02","113.02","113.13","112.94","781.84K","0.17%"
"05/08/2019","112.83","113.21","113.24","112.80","2.59M","-0.26%"
"05/07/2019","113.12","113.09","113.25","113.08","1.48M","0.05%"
"05/06/2019","113.06","113.09","113.16","113.05","588.72K","0.15%"
"05/03/2019","112.89","112.80","112.97","112.80","1.04M","0.28%"
"05/02/2019","112.58","112.72","112.76","112.46","1.10M","-0.41%"
"05/01/2019","113.04","113.27","113.56","113.03","2.29M","-0.25%"
"04/30/2019","113.32","113.10","113.35","113.10","1.00M","0.17%"
"04/29/2019","113.13","113.19","113.21","113.10","811.00K","-0.28%"
"04/26/2019","113.45","113.40","113.45","113.32","769.51K","0.22%"
"04/25/2019","113.20","113.22","113.31","113.17","7.57M","0.00%"
"04/24/2019","113.20","113.03","113.22","113.03","577.66K","0.35%"
"04/23/2019","112.81","112.69","112.82","112.67","967.81K","0.23%"
"04/22/2019","112.55","112.65","112.69","112.51","7.15M","-0.10%"
"04/18/2019","112.66","112.60","112.73","112.59","872.38K","0.28%"
"04/17/2019","112.34","112.32","112.42","112.30","1.90M","-0.02%"
"04/16/2019","112.36","112.48","112.54","112.33","991.22K","-0.23%"
"04/15/2019","112.62","112.56","112.66","112.55","563.07K","0.05%"
"04/12/2019","112.56","112.61","112.72","112.55","1.10M","-0.19%"
"04/11/2019","112.77","112.86","112.91","112.74","757.50K","-0.23%"
"04/10/2019","113.03","112.92","113.07","112.91","1.67M","0.36%"
"04/09/2019","112.62","112.70","112.76","112.59","1.14M","0.10%"
"04/08/2019","112.51","112.57","112.63","112.46","786.03K","-0.10%"
"04/05/2019","112.62","112.44","112.62","112.43","668.48K","0.12%"
"04/04/2019","112.49","112.44","112.55","112.41","1.86M","0.07%"
"04/03/2019","112.41","112.50","112.64","112.41","1.17M","-0.31%"
"04/02/2019","112.76","112.64","112.76","112.62","1.18M","0.10%"
"04/01/2019","112.65","112.91","112.96","112.57","3.81M","-0.37%"
"03/29/2019","113.07","112.88","113.09","112.88","998.23K","0.18%"
"03/28/2019","112.87","112.72","112.87","112.62","893.33K","0.08%"
"03/27/2019","112.78","112.71","112.95","112.68","1.24M","0.04%"
"03/26/2019","112.73","112.84","113.02","112.73","991.89K","-0.18%"
"03/25/2019","112.93","112.92","113.30","112.83","1.16M","-0.03%"
"03/22/2019","112.96","112.88","113.05","112.76","1.20M","0.30%"
"03/21/2019","112.62","112.63","112.72","112.55","808.85K","-0.01%"
"03/20/2019","112.63","111.91","112.69","111.91","1.21M","0.66%"
"03/19/2019","111.89","111.87","111.98","111.82","746.38K","-0.09%"
"03/18/2019","111.99","111.91","112.10","111.91","975.89K","-0.01%"
"03/15/2019","112.00","111.82","112.02","111.81","2.02M","0.35%"
"03/14/2019","111.61","111.66","111.76","111.52","2.51M","-0.03%"
"03/13/2019","111.64","111.53","111.65","111.53","607.59K","0.12%"
"03/12/2019","111.51","111.26","111.58","111.25","632.39K","0.19%"
"03/11/2019","111.30","111.32","111.38","111.22","620.37K","-0.02%"
"03/08/2019","111.32","111.20","111.37","111.15","793.51K","0.09%"
"03/07/2019","111.22","111.06","111.28","111.06","1.17M","0.28%"
"03/06/2019","110.91","110.71","110.92","110.71","1.89M","0.12%"
"03/05/2019","110.78","110.69","110.78","110.54","973.57K","-0.04%"
"03/04/2019","110.82","110.79","110.93","110.73","916.70K","0.14%"
"03/01/2019","110.66","110.82","110.95","110.61","1.33M","-0.20%"
"02/28/2019","110.88","111.09","111.09","110.78","1.16M","-0.16%"
"02/27/2019","111.06","111.21","111.23","110.94","825.62K","-0.23%"
"02/26/2019","111.32","111.33","111.41","111.24","561.08K","0.14%"
"02/25/2019","111.16","111.13","111.19","111.09","556.11K","-0.07%"
"02/22/2019","111.24","111.06","111.36","111.05","550.11K","0.26%"
"02/21/2019","110.95","110.89","110.99","110.82","959.72K","-0.17%"
"02/20/2019","111.14","111.06","111.20","111.03","819.79K","0.04%"
"02/19/2019","111.10","110.95","111.11","110.90","602.37K","0.23%"
"02/15/2019","110.84","110.76","110.89","110.76","664.24K","0.00%"
"02/14/2019","110.84","110.84","110.88","110.71","1.78M","0.28%"
"02/13/2019","110.53","110.51","110.59","110.47","642.22K","-0.02%"
"02/12/2019","110.55","110.62","110.62","110.43","658.68K","0.02%"
"02/11/2019","110.53","110.59","110.62","110.44","653.20K","-0.21%"
"02/08/2019","110.76","110.83","110.83","110.72","832.70K","0.05%"
"02/07/2019","110.71","110.66","110.75","110.54","916.70K","0.15%"
"02/06/2019","110.54","110.74","110.79","110.52","3.78M","-0.06%"
"02/05/2019","110.61","110.54","110.64","110.48","1.02M","0.14%"
"02/04/2019","110.46","110.52","110.54","110.37","972.95K","-0.20%"
"02/01/2019","110.68","110.99","111.05","110.68","1.47M","-0.35%"
"01/31/2019","111.07","110.69","111.11","110.69","1.43M","0.56%"
"01/30/2019","110.45","109.88","110.52","109.86","947.08K","0.55%"
"01/29/2019","109.85","109.59","109.85","109.57","632.21K","0.29%"
"01/28/2019","109.53","109.56","109.60","109.50","1.32M","-0.14%"
"01/25/2019","109.68","109.70","109.76","109.60","576.62K","-0.15%"
"01/24/2019","109.85","109.89","109.95","109.81","851.04K","0.15%"
"01/23/2019","109.68","109.70","109.77","109.62","920.97K","-0.12%"
"01/22/2019","109.81","109.90","109.93","109.74","3.26M","0.06%"
"01/18/2019","109.74","109.71","109.85","109.58","1.70M","-0.12%"
"01/17/2019","109.87","109.93","110.06","109.79","1.98M","-0.08%"
"01/16/2019","109.96","109.85","109.98","109.77","1.79M","-0.01%"
"01/15/2019","109.97","110.07","110.07","109.88","930.77K","-0.09%"
"01/14/2019","110.07","110.24","110.32","110.03","975.72K","-0.18%"
"01/11/2019","110.27","110.07","110.27","110.07","879.38K","0.26%"
"01/10/2019","109.98","110.23","110.27","109.92","1.35M","-0.24%"
"01/09/2019","110.24","110.04","110.25","110.00","1.08M","0.12%"
"01/08/2019","110.11","110.11","110.18","110.05","792.60K","0.08%"
"01/07/2019","110.02","110.15","110.21","109.94","1.24M","-0.06%"
"01/04/2019","110.09","110.03","110.10","109.86","1.24M","-0.21%"
"01/03/2019","110.32","109.84","110.40","109.84","1.21M","0.58%"
"01/02/2019","109.68","109.57","109.73","109.50","1.44M","0.16%"
"12/31/2018","109.51","109.28","109.54","109.25","1.50M","0.07%"
"12/28/2018","109.43","109.29","109.43","109.20","2.07M","0.29%"
"12/27/2018","109.11","109.35","109.44","109.10","1.47M","0.00%"
"12/26/2018","109.11","109.27","109.45","109.07","1.44M","-0.20%"
"12/24/2018","109.33","109.25","109.36","109.19","861.72K","0.15%"
"12/21/2018","109.17","109.35","109.42","109.14","1.96M","-0.05%"
"12/20/2018","109.22","109.52","109.56","109.17","2.97M","-0.28%"
"12/19/2018","109.53","109.49","109.78","109.48","2.78M","0.17%"
"12/18/2018","109.34","109.16","109.36","109.11","1.19M","0.09%"
"12/17/2018","109.24","109.08","109.26","109.08","1.58M","0.17%"
"12/14/2018","109.05","109.11","109.17","109.03","1.23M","0.07%"
"12/13/2018","108.97","108.98","109.10","108.92","1.54M","0.02%"
"12/12/2018","108.95","109.07","109.10","108.90","1.88M","-0.15%"
"12/11/2018","109.11","109.46","109.58","109.01","1.50M","-0.40%"
"12/10/2018","109.55","109.77","109.84","109.46","1.28M","-0.25%"
"12/07/2018","109.82","109.69","109.83","109.61","1.22M","0.15%"
"12/06/2018","109.66","109.69","109.90","109.56","1.50M","0.01%"
"12/04/2018","109.65","109.47","109.92","109.46","2.02M","0.30%"
"12/03/2018","109.32","109.13","109.32","109.07","1.25M","0.05%"
"11/30/2018","109.27","109.29","109.36","109.19","1.27M","0.02%"
"11/29/2018","109.25","109.00","109.25","108.96","940.76K","0.59%"
"11/28/2018","108.61","108.40","108.83","108.38","1.49M","0.12%"
"11/27/2018","108.48","108.70","108.82","108.48","1.15M","-0.27%"
"11/26/2018","108.77","108.83","108.88","108.76","1.23M","-0.11%"
"11/23/2018","108.89","109.06","109.09","108.88","364.73K","-0.16%"
"11/21/2018","109.06","108.97","109.09","108.82","1.25M","-0.05%"
"11/20/2018","109.11","109.18","109.27","109.08","1.09M","-0.15%"
"11/19/2018","109.27","109.18","109.34","109.18","1.50M","-0.05%"
"11/16/2018","109.32","109.10","109.38","109.07","1.22M","0.41%"
"11/15/2018","108.87","108.88","108.96","108.71","2.12M","0.08%"
"11/14/2018","108.78","108.66","108.99","108.63","926.89K","0.01%"
"11/13/2018","108.77","108.73","108.81","108.65","871.91K","-0.08%"
"11/12/2018","108.86","108.84","108.96","108.79","1.11M","0.21%"
"11/09/2018","108.63","108.44","108.67","108.44","1.23M","0.24%"
"11/08/2018","108.37","108.59","108.62","107.53","1.23M","-0.14%"
"11/07/2018","108.52","108.69","108.78","108.46","1.10M","0.07%"
"11/06/2018","108.44","108.58","108.61","108.42","827.53K","-0.04%"
"11/05/2018","108.48","108.46","108.59","108.45","1.23M","0.18%"
"11/02/2018","108.28","108.41","108.49","108.22","1.20M","-0.30%"
"11/01/2018","108.61","108.61","108.83","108.57","2.58M","-0.21%"
"10/31/2018","108.84","108.91","109.05","108.82","1.72M","-0.23%"
"10/30/2018","109.09","109.22","109.27","109.07","1.28M","-0.27%"
"10/29/2018","109.38","109.41","109.50","109.22","1.37M","-0.10%"
"10/26/2018","109.49","109.17","109.53","109.17","2.20M","0.50%"
"10/25/2018","108.94","109.25","109.27","108.91","985.33K","-0.42%"
"10/24/2018","109.40","109.26","109.40","109.18","1.12M","0.33%"
"10/23/2018","109.04","109.31","109.42","109.01","1.23M","0.03%"
"10/22/2018","109.01","109.11","109.16","109.01","832.78K","-0.06%"
"10/19/2018","109.07","109.13","109.18","109.00","1.18M","-0.09%"
"10/18/2018","109.17","109.19","109.39","109.16","1.01M","-0.07%"
"10/17/2018","109.25","109.46","109.50","109.25","1.40M","-0.24%"
"10/16/2018","109.51","109.44","109.55","109.39","1.11M","0.01%"
"10/15/2018","109.50","109.53","109.60","109.45","1.77M","0.06%"
"10/12/2018","109.43","109.45","109.64","109.41","1.75M","-0.16%"
"10/11/2018","109.60","109.40","109.68","109.31","3.36M","0.16%"
"10/10/2018","109.42","109.30","109.44","109.16","2.28M","-0.10%"
"10/09/2018","109.53","109.35","109.53","109.31","2.23M","0.28%"
"10/08/2018","109.22","109.29","109.33","109.22","870.05K","-0.05%"
"10/05/2018","109.27","109.37","109.52","109.19","2.70M","-0.27%"
"10/04/2018","109.57","109.70","109.78","109.49","2.10M","-0.25%"
"10/03/2018","109.84","110.25","110.28","109.73","2.78M","-0.48%"
"10/02/2018","110.37","110.30","110.48","110.29","3.80M","0.16%"
"10/01/2018","110.19","110.41","110.43","110.18","5.18M","-0.39%"
"09/28/2018","110.62","110.71","110.75","110.54","2.20M","-0.05%"
"09/27/2018","110.67","110.59","110.68","110.54","1.06M","0.04%"
"09/26/2018","110.63","110.47","110.69","110.41","1.13M","0.17%"
"09/25/2018","110.44","110.39","110.46","110.35","872.97K","-0.04%"
"09/24/2018","110.48","110.52","110.65","110.47","1.39M","-0.10%"
"09/21/2018","110.59","110.51","110.66","110.51","788.61K","0.01%"
"09/20/2018","110.58","110.45","110.70","110.42","1.03M","0.14%"
"09/19/2018","110.43","110.52","110.52","110.27","986.27K","-0.11%"
"09/18/2018","110.55","110.71","110.73","110.50","891.45K","-0.21%"
"09/17/2018","110.78","110.71","110.84","110.69","1.47M","0.02%"
"09/14/2018","110.76","110.78","110.91","110.72","1.33M","-0.18%"
"09/13/2018","110.96","111.12","111.12","110.96","1.56M","-0.14%"
"09/12/2018","111.12","111.19","111.23","111.11","1.25M","0.09%"
"09/11/2018","111.02","111.08","111.13","110.97","2.55M","-0.21%"
"09/10/2018","111.25","111.24","111.30","111.19","1.83M","0.03%"
"09/07/2018","111.22","111.26","111.27","111.10","1.45M","-0.29%"
"09/06/2018","111.54","111.47","111.58","111.42","1.58M","0.09%"
"09/05/2018","111.44","111.44","111.51","111.37","2.17M","-0.10%"
"09/04/2018","111.55","111.58","111.65","111.47","6.26M","-0.48%"
"08/31/2018","112.09","112.37","112.37","112.06","1.98M","-0.12%"
"08/30/2018","112.22","112.23","112.31","112.16","1.45M","0.09%"
"08/29/2018","112.12","112.12","112.17","112.02","945.94K","0.00%"
"08/28/2018","112.12","112.15","112.20","112.05","740.10K","-0.20%"
"08/27/2018","112.34","112.39","112.44","112.31","906.03K","-0.15%"
"08/24/2018","112.51","112.25","112.51","112.20","855.79K","0.10%"
"08/23/2018","112.40","112.38","112.43","112.31","718.66K","0.08%"
"08/22/2018","112.31","112.31","112.33","112.18","1.54M","0.21%"
"08/21/2018","112.07","112.06","112.09","111.97","743.06K","-0.06%"
"08/20/2018","112.14","112.08","112.19","112.05","611.41K","0.20%"
"08/17/2018","111.92","111.94","112.02","111.81","639.08K","0.04%"
"08/16/2018","111.87","111.89","111.91","111.70","861.71K","-0.06%"
"08/15/2018","111.94","111.84","111.97","111.83","943.12K","0.20%"
"08/14/2018","111.72","111.84","111.84","111.66","845.19K","-0.13%"
"08/13/2018","111.86","111.84","111.90","111.78","1.61M","-0.02%"
"08/10/2018","111.88","111.82","112.03","111.80","710.00K","0.32%"
"08/09/2018","111.52","111.44","111.53","111.37","1.10M","0.23%"
"08/08/2018","111.26","111.25","111.32","111.18","1.61M","0.01%"
"08/07/2018","111.25","111.37","111.38","111.25","1.55M","-0.13%"
"08/06/2018","111.40","111.51","111.62","111.36","772.85K","0.02%"
"08/03/2018","111.38","111.26","111.42","111.26","757.98K","0.20%"
"08/02/2018","111.16","111.18","111.25","111.05","2.17M","0.05%"
"08/01/2018","111.10","111.11","111.18","111.01","2.50M","-0.66%"
"07/31/2018","111.84","111.84","111.87","111.76","1.37M","0.15%"
"07/30/2018","111.67","111.63","111.78","111.60","930.78K","-0.05%"
"07/27/2018","111.73","111.82","111.84","111.66","749.24K","0.15%"
"07/26/2018","111.56","111.80","111.86","111.55","768.54K","-0.10%"
"07/25/2018","111.67","111.85","111.95","111.62","845.07K","0.02%"
"07/24/2018","111.65","111.61","111.70","111.55","794.66K","0.05%"
"07/23/2018","111.59","112.01","112.01","111.56","802.61K","-0.47%"
"07/20/2018","112.12","112.39","112.48","112.10","671.62K","-0.24%"
"07/19/2018","112.39","112.29","112.46","112.27","1.10M","0.14%"
"07/18/2018","112.23","112.39","112.39","112.19","2.35M","-0.16%"
"07/17/2018","112.41","112.58","112.59","112.39","781.63K","-0.13%"
"07/16/2018","112.56","112.57","112.60","112.40","967.68K","-0.27%"
"07/13/2018","112.86","112.68","112.91","112.68","1.34M","0.20%"
"07/12/2018","112.64","112.59","112.69","112.52","1.03M","-0.08%"
"07/11/2018","112.73","112.80","112.80","112.61","652.39K","0.11%"
"07/10/2018","112.61","112.75","112.83","112.58","944.50K","-0.15%"
"07/09/2018","112.78","112.79","112.83","112.73","901.92K","-0.20%"
"07/06/2018","113.01","112.99","113.05","112.89","671.34K","0.14%"
"07/05/2018","112.85","112.77","112.91","112.71","831.86K","0.12%"
"07/03/2018","112.72","112.61","112.76","112.58","995.97K","0.21%"
"07/02/2018","112.48","112.57","112.58","112.44","2.47M","-0.35%"
"06/29/2018","112.87","112.84","113.04","112.80","744.28K","0.04%"
"06/28/2018","112.83","113.01","113.01","112.74","1.88M","-0.13%"
"06/27/2018","112.98","112.86","112.99","112.82","990.25K","0.33%"
"06/26/2018","112.61","112.44","112.61","112.39","934.15K","0.14%"
"06/25/2018","112.45","112.43","112.61","112.39","2.90M","0.04%"
"06/22/2018","112.40","112.22","112.43","112.15","1.63M","0.14%"
"06/21/2018","112.24","112.05","112.27","112.05","738.46K","0.18%"
"06/20/2018","112.04","112.37","112.37","112.01","668.58K","-0.28%"
"06/19/2018","112.35","112.37","112.46","112.29","2.23M","0.16%"
"06/18/2018","112.17","112.17","112.20","112.08","645.84K","0.08%"
"06/15/2018","112.08","112.23","112.26","112.07","1.10M","0.04%"
"06/14/2018","112.04","111.96","112.05","111.85","820.28K","0.26%"
"06/13/2018","111.75","111.84","111.97","111.48","692.56K","-0.06%"
"06/12/2018","111.82","111.80","111.89","111.75","635.75K","-0.08%"
"06/11/2018","111.91","111.73","111.91","111.70","791.60K","0.00%"
"06/08/2018","111.91","112.03","112.09","111.87","1.77M","-0.17%"
"06/07/2018","112.10","111.80","112.25","111.75","3.08M","0.30%"
"06/06/2018","111.76","111.87","111.87","111.64","768.97K","-0.21%"
"06/05/2018","112.00","111.89","112.06","111.84","1.21M","0.22%"
"06/04/2018","111.75","111.85","111.96","111.74","1.71M","-0.21%"
"06/01/2018","111.98","111.92","112.11","111.83","1.56M","-0.44%"
"05/31/2018","112.48","112.44","112.74","112.34","2.37M","0.06%"
"05/30/2018","112.41","112.45","112.56","112.26","2.22M","-0.19%"
"05/29/2018","112.62","112.24","112.85","112.14","1.57M","0.59%"
"05/25/2018","111.96","111.86","111.98","111.82","547.18K","0.14%"
"05/24/2018","111.80","111.80","111.92","111.74","932.96K","0.12%"
"05/23/2018","111.67","111.59","111.72","111.52","1.33M","0.29%"
"05/22/2018","111.35","111.44","111.48","111.34","1.30M","-0.04%"
"05/21/2018","111.40","111.31","111.44","111.25","674.13K","0.04%"
"05/18/2018","111.36","111.13","111.37","111.12","697.38K","0.27%"
"05/17/2018","111.06","111.30","111.36","111.04","719.14K","-0.19%"
"05/16/2018","111.27","111.46","111.50","111.27","874.95K","-0.14%"
"05/15/2018","111.43","111.54","111.58","111.27","1.06M","-0.32%"
"05/14/2018","111.79","111.94","111.94","111.78","1.33M","-0.25%"
"05/11/2018","112.07","112.16","112.16","111.97","580.10K","0.00%"
"05/10/2018","112.07","112.01","112.09","111.91","659.10K","0.20%"
"05/09/2018","111.85","111.78","111.97","111.78","721.54K","-0.06%"
"05/08/2018","111.92","111.95","112.02","111.77","1.43M","-0.18%"
"05/07/2018","112.12","112.13","112.19","112.06","522.83K","0.02%"
"05/04/2018","112.10","112.21","112.22","111.95","672.04K","0.03%"
"05/03/2018","112.07","112.06","112.17","112.00","811.72K","0.13%"
"05/02/2018","111.93","111.91","112.03","111.81","2.01M","0.13%"
"05/01/2018","111.79","111.98","112.03","111.76","868.62K","-0.73%"
"04/30/2018","112.61","112.55","112.79","112.52","2.13M","0.08%"
"04/27/2018","112.52","112.39","112.56","112.39","708.14K","0.32%"
"04/26/2018","112.16","112.11","112.22","112.06","848.96K","0.26%"
"04/25/2018","111.87","111.95","112.03","111.76","684.39K","-0.15%"
"04/24/2018","112.04","112.25","112.31","112.00","1.03M","-0.28%"
"04/23/2018","112.35","112.41","112.43","112.24","1.04M","-0.03%"
"04/20/2018","112.38","112.61","112.62","112.38","730.34K","-0.35%"
"04/19/2018","112.77","112.80","112.84","112.64","640.22K","-0.16%"
"04/18/2018","112.95","113.16","113.20","112.94","881.50K","-0.20%"
"04/17/2018","113.18","113.00","113.22","112.95","913.07K","0.15%"
"04/16/2018","113.01","112.83","113.02","112.83","778.25K","-0.09%"
"04/13/2018","113.11","112.92","113.13","112.92","567.70K","0.14%"
"04/12/2018","112.95","113.02","113.09","112.86","791.63K","-0.16%"
"04/11/2018","113.13","113.04","113.16","112.95","771.99K","0.29%"
"04/10/2018","112.80","112.84","112.87","112.70","874.80K","-0.04%"
"04/09/2018","112.85","112.75","112.85","112.65","1.46M","-0.02%"
"04/06/2018","112.87","112.68","112.87","112.56","1.17M","0.40%"
"04/05/2018","112.42","112.53","112.61","112.38","1.07M","-0.28%"
"04/04/2018","112.74","112.95","112.95","112.67","896.84K","-0.05%"
"04/03/2018","112.80","112.76","112.85","112.64","2.94M","-0.06%"
"04/02/2018","112.87","112.80","113.03","112.63","1.60M","-0.16%"
"03/29/2018","113.05","112.87","113.17","112.86","1.15M","0.21%"
"03/28/2018","112.81","112.94","112.97","112.64","1.48M","0.00%"
"03/27/2018","112.81","112.49","112.89","112.49","1.12M","0.38%"
"03/26/2018","112.38","112.47","112.65","112.36","1.43M","-0.18%"
"03/23/2018","112.58","112.43","112.66","112.41","1.08M","0.05%"
"03/22/2018","112.52","112.46","112.65","112.34","1.01M","0.29%"
"03/21/2018","112.19","111.95","112.25","111.77","980.02K","0.21%"
"03/20/2018","111.95","112.07","112.12","111.95","1.05M","-0.15%"
"03/19/2018","112.12","112.06","112.36","112.06","1.97M","-0.06%"
"03/16/2018","112.19","112.28","112.29","112.12","1.82M","-0.17%"
"03/15/2018","112.38","112.39","112.55","112.30","3.27M","0.01%"
"03/14/2018","112.37","112.18","112.46","112.16","1.56M","0.17%"
"03/13/2018","112.18","112.22","112.25","112.05","1.16M","0.08%"
"03/12/2018","112.09","112.12","112.12","111.89","3.27M","0.07%"
"03/09/2018","112.01","112.07","112.14","111.90","853.76K","-0.15%"
"03/08/2018","112.18","112.22","112.34","112.12","817.96K","0.10%"
"03/07/2018","112.07","112.30","112.30","111.98","2.20M","0.00%"
"03/06/2018","112.07","112.22","112.30","112.04","875.27K","-0.03%"
"03/05/2018","112.10","112.38","112.40","111.94","765.67K","-0.06%"
"03/02/2018","112.17","112.15","112.30","112.01","961.90K","-0.08%"
"03/01/2018","112.26","111.98","112.34","111.83","3.64M","0.30%"
"02/28/2018","111.92","111.87","111.98","111.73","841.09K","0.14%"
"02/27/2018","111.76","112.20","112.20","111.57","2.24M","-0.25%"
"02/26/2018","112.04","112.07","112.21","112.02","822.11K","0.13%"
"02/23/2018","111.90","111.70","111.90","111.63","678.43K","0.37%"
"02/22/2018","111.49","111.54","111.64","111.45","922.63K","0.09%"
"02/21/2018","111.39","111.65","111.70","111.28","988.21K","-0.29%"
"02/20/2018","111.71","111.63","111.73","111.53","1.05M","-0.08%"
"02/16/2018","111.80","111.87","111.98","111.72","1.56M","0.16%"
"02/15/2018","111.62","111.67","111.86","111.62","1.44M","0.05%"
"02/14/2018","111.56","111.80","111.80","111.43","1.39M","-0.09%"
"02/13/2018","111.66","111.64","111.75","111.56","1.45M","0.07%"
"02/12/2018","111.58","111.77","111.95","111.54","1.13M","0.07%"
"02/09/2018","111.50","111.66","111.89","111.45","2.76M","-0.31%"
"02/08/2018","111.85","111.90","112.12","111.73","1.65M","-0.21%"
"02/07/2018","112.08","112.46","112.51","111.97","1.86M","-0.22%"
"02/06/2018","112.33","112.58","112.68","112.30","2.06M","-0.41%"
"02/05/2018","112.79","112.22","112.99","112.10","4.04M","0.37%"
"02/02/2018","112.37","112.34","112.41","112.15","3.66M","-0.12%"
"02/01/2018","112.51","113.10","113.10","112.48","4.57M","-0.53%"
"01/31/2018","113.11","113.04","113.11","112.88","7.25M","0.25%"
"01/30/2018","112.83","112.94","112.97","112.75","1.64M","-0.24%"
"01/29/2018","113.10","113.26","113.27","113.06","984.62K","-0.24%"
"01/26/2018","113.37","113.43","113.43","113.22","1.44M","-0.06%"
"01/25/2018","113.44","113.28","113.52","113.08","1.04M","0.19%"
"01/24/2018","113.23","113.17","113.28","113.07","1.05M","-0.07%"
"01/23/2018","113.31","113.31","113.44","113.20","1.30M","0.15%"
"01/22/2018","113.14","113.32","113.35","113.11","876.47K","-0.05%"
"01/19/2018","113.20","113.26","113.35","113.14","1.45M","-0.17%"
"01/18/2018","113.39","113.29","113.48","113.19","2.10M","-0.09%"
"01/17/2018","113.49","113.52","113.68","113.36","1.24M","-0.07%"
"01/16/2018","113.57","113.68","113.69","113.47","1.17M","0.17%"
"01/12/2018","113.38","113.28","113.41","113.20","1.43M","0.10%"
"01/11/2018","113.27","113.30","113.44","113.14","1.44M","-0.11%"
"01/10/2018","113.39","113.13","113.44","113.06","2.01M","-0.04%"
"01/09/2018","113.43","113.68","113.68","113.40","1.75M","-0.33%"
"01/08/2018","113.80","114.00","114.00","113.67","1.20M","-0.11%"
"01/05/2018","113.92","113.93","113.98","113.80","1.69M","-0.02%"
"01/04/2018","113.94","113.75","113.97","113.67","1.95M","0.03%"
"01/03/2018","113.91","113.91","113.99","113.79","3.32M","0.10%"
"01/02/2018","113.80","113.98","113.98","113.61","1.53M","-0.25%"
"12/29/2017","114.08","113.80","114.15","113.79","963.15K","0.25%"
"12/28/2017","113.79","113.71","113.80","113.65","741.85K","0.04%"
"12/27/2017","113.75","113.39","113.78","113.33","827.63K","0.41%"
"12/26/2017","113.28","113.21","113.35","113.16","648.22K","0.09%"
"12/22/2017","113.18","113.18","113.20","113.05","690.70K","0.06%"
"12/21/2017","113.11","112.82","113.15","112.79","1.14M","0.12%"
"12/20/2017","112.97","113.07","113.25","112.96","750.13K","-0.34%"
"12/19/2017","113.35","113.48","113.56","113.17","941.21K","-0.30%"
"12/18/2017","113.69","113.81","113.85","113.63","660.84K","-0.18%"
"12/15/2017","113.89","113.68","113.94","113.66","1.89M","0.00%"
"12/14/2017","113.89","113.80","113.98","113.61","1.07M","0.00%"
"12/13/2017","113.89","113.69","114.13","113.56","961.33K","0.18%"
"12/12/2017","113.69","113.54","113.71","113.45","792.32K","0.08%"
"12/11/2017","113.60","113.69","113.82","113.57","728.07K","-0.08%"
"12/08/2017","113.69","113.74","113.78","113.57","1.17M","-0.04%"
"12/07/2017","113.74","113.98","114.01","113.59","602.69K","-0.13%"
"12/06/2017","113.89","113.98","114.03","113.85","646.59K","0.11%"
"12/05/2017","113.77","113.61","113.81","113.54","965.52K","0.11%"
"12/04/2017","113.65","113.48","113.66","113.42","1.81M","0.04%"
"12/01/2017","113.61","113.40","113.97","113.24","3.20M","-0.06%"
"11/30/2017","113.68","113.74","113.84","113.47","1.11M","-0.11%"
"11/29/2017","113.80","113.80","113.85","113.70","755.08K","-0.27%"
"11/28/2017","114.11","114.15","114.25","114.00","743.65K","-0.01%"
"11/27/2017","114.12","114.18","114.25","114.03","2.40M","-0.02%"
"11/24/2017","114.14","114.29","114.31","114.12","429.62K","-0.12%"
"11/22/2017","114.28","114.04","114.29","114.01","581.50K","0.30%"
"11/21/2017","113.94","114.11","114.11","113.78","558.38K","-0.01%"
"11/20/2017","113.95","113.95","114.07","113.88","569.43K","-0.15%"
"11/17/2017","114.12","114.11","114.19","114.00","731.93K","0.18%"
"11/16/2017","113.92","113.98","114.08","113.90","921.15K","-0.21%"
"11/15/2017","114.16","114.11","114.23","113.88","1.28M","0.28%"
"11/14/2017","113.84","113.70","113.86","113.69","593.39K","0.12%"
"11/13/2017","113.70","113.90","113.90","113.67","590.21K","-0.01%"
"11/10/2017","113.71","113.86","113.90","113.67","715.25K","-0.44%"
"11/09/2017","114.21","114.12","114.32","114.10","799.69K","-0.02%"
"11/08/2017","114.23","114.35","114.38","114.19","929.82K","-0.06%"
"11/07/2017","114.30","114.21","114.33","114.16","1.14M","0.14%"
"11/06/2017","114.14","113.99","114.15","113.97","944.71K","0.17%"
"11/03/2017","113.95","113.94","113.97","113.70","744.17K","0.07%"
"11/02/2017","113.87","113.80","113.96","113.77","2.21M","0.15%"
"11/01/2017","113.70","113.64","113.82","113.58","2.41M","-0.09%"
"10/31/2017","113.80","113.83","113.85","113.74","1.14M","0.04%"
"10/30/2017","113.75","113.66","113.78","113.57","551.14K","0.26%"
"10/27/2017","113.45","113.23","113.50","113.17","731.79K","0.32%"
"10/26/2017","113.09","113.24","113.25","113.04","675.78K","-0.04%"
"10/25/2017","113.14","113.00","113.20","112.94","770.13K","-0.11%"
"10/24/2017","113.26","113.29","113.36","113.19","980.41K","-0.14%"
"10/23/2017","113.42","113.43","113.59","113.40","843.49K","0.01%"
"10/20/2017","113.41","113.43","113.55","113.30","748.33K","-0.23%"
"10/19/2017","113.67","113.76","113.82","113.57","1.56M","0.13%"
"10/18/2017","113.52","113.52","113.63","113.48","570.77K","-0.12%"
"10/17/2017","113.66","113.64","113.77","113.61","656.05K","-0.18%"
"10/16/2017","113.87","114.03","114.07","113.75","1.52M","-0.23%"
"10/13/2017","114.13","114.09","114.15","113.96","817.74K","0.14%"
"10/12/2017","113.97","113.80","114.03","113.75","653.34K","0.18%"
"10/11/2017","113.76","113.81","113.86","113.71","663.56K","0.12%"
"10/10/2017","113.62","113.60","113.86","113.60","850.16K","0.18%"
"10/09/2017","113.42","113.41","113.49","113.39","447.56K","0.04%"
"10/06/2017","113.38","113.30","113.55","113.19","810.32K","-0.08%"
"10/05/2017","113.47","113.66","113.66","113.42","1.82M","-0.11%"
"10/04/2017","113.59","113.63","113.65","113.46","800.76K","0.09%"
"10/03/2017","113.49","113.31","113.55","113.30","1.38M","0.10%"
"10/02/2017","113.38","113.64","113.64","113.35","3.50M","-0.18%"
"09/29/2017","113.58","113.99","113.99","113.56","1.03M","-0.22%"
"09/28/2017","113.83","113.74","113.90","113.68","677.34K","-0.07%"
"09/27/2017","113.91","113.94","114.01","113.76","588.48K","-0.31%"
"09/26/2017","114.26","114.25","114.31","114.14","716.62K","-0.08%"
"09/25/2017","114.35","114.16","114.47","114.10","920.23K","0.28%"
"09/22/2017","114.03","114.05","114.11","113.92","663.55K","0.25%"
"09/21/2017","113.74","113.97","114.06","113.73","823.46K","-0.23%"
"09/20/2017","114.00","114.32","114.37","113.75","731.02K","-0.28%"
"09/19/2017","114.32","114.48","114.53","114.30","412.53K","-0.11%"
"09/18/2017","114.45","114.45","114.56","114.37","525.16K","-0.04%"
"09/15/2017","114.50","114.57","114.57","114.38","524.30K","-0.05%"
"09/14/2017","114.56","114.39","114.59","114.39","534.29K","0.16%"
"09/13/2017","114.38","114.56","114.57","114.37","614.54K","-0.18%"
"09/12/2017","114.59","114.67","114.73","114.49","794.77K","-0.17%"
"09/11/2017","114.78","114.89","114.96","114.78","531.32K","-0.38%"
"09/08/2017","115.22","115.15","115.26","115.04","819.75K","0.02%"
"09/07/2017","115.20","114.87","115.20","114.82","676.93K","0.42%"
"09/06/2017","114.72","114.84","114.98","114.62","1.88M","-0.12%"
"09/05/2017","114.86","114.40","114.90","114.40","2.29M","0.65%"
"09/01/2017","114.12","114.35","114.35","114.08","2.22M","-0.44%"
"08/31/2017","114.62","114.36","114.63","114.36","663.14K","0.25%"
"08/30/2017","114.33","114.31","114.38","114.17","726.24K","-0.03%"
"08/29/2017","114.36","114.50","114.60","114.24","483.20K","0.16%"
"08/28/2017","114.18","114.08","114.22","114.03","404.34K","0.08%"
"08/25/2017","114.09","113.94","114.13","113.89","483.61K","0.17%"
"08/24/2017","113.90","114.01","114.13","113.90","521.15K","-0.25%"
"08/23/2017","114.19","114.01","114.19","113.93","751.82K","0.27%"
"08/22/2017","113.88","113.98","114.02","113.80","480.18K","-0.12%"
"08/21/2017","114.02","113.96","114.06","113.87","549.00K","0.04%"
"08/18/2017","113.98","114.04","114.14","113.86","649.93K","0.02%"
"08/17/2017","113.96","113.69","114.07","113.60","833.23K","0.25%"
"08/16/2017","113.68","113.49","113.88","113.44","918.64K","0.18%"
"08/15/2017","113.48","113.43","113.65","113.40","800.95K","-0.30%"
"08/14/2017","113.82","114.01","114.08","113.72","658.36K","-0.39%"
"08/11/2017","114.27","114.04","114.27","113.96","629.06K","-0.06%"
"08/10/2017","114.34","114.13","114.34","114.09","831.64K","0.25%"
"08/09/2017","114.05","114.12","114.20","114.01","1.05M","0.18%"
"08/08/2017","113.84","113.80","113.85","113.67","1.25M","0.07%"
"08/07/2017","113.76","113.62","113.79","113.55","631.25K","0.11%"
"08/04/2017","113.63","113.55","113.66","113.40","506.75K","-0.14%"
"08/03/2017","113.79","113.55","113.79","113.48","649.04K","0.27%"
"08/02/2017","113.48","113.48","113.63","113.42","2.74M","-0.05%"
"08/01/2017","113.54","113.24","113.64","113.24","2.16M","-0.11%"
"07/31/2017","113.66","113.62","113.67","113.55","787.05K","0.00%"
"07/28/2017","113.66","113.55","113.73","113.53","464.12K","0.24%"
"07/27/2017","113.39","113.40","113.49","113.26","598.68K","-0.07%"
"07/26/2017","113.47","113.19","113.57","113.01","726.18K","0.29%"
"07/25/2017","113.14","113.33","113.37","113.14","729.96K","-0.39%"
"07/24/2017","113.58","113.63","113.66","113.47","1.04M","0.00%"
"07/21/2017","113.58","113.67","113.70","113.54","529.02K","0.15%"
"07/20/2017","113.41","113.97","113.98","113.40","987.36K","-0.25%"
"07/19/2017","113.69","113.62","113.74","113.61","728.99K","0.08%"
"07/18/2017","113.60","113.62","113.72","113.52","1.95M","0.28%"
"07/17/2017","113.28","113.17","113.36","113.10","732.96K","0.20%"
"07/14/2017","113.05","113.21","113.30","112.98","903.57K","-0.01%"
"07/13/2017","113.06","113.08","113.11","112.91","710.81K","-0.04%"
"07/12/2017","113.10","113.28","113.31","113.04","744.00K","0.29%"
"07/11/2017","112.77","112.40","112.80","112.39","1.10M","0.32%"
"07/10/2017","112.41","112.56","112.65","112.41","1.37M","-0.04%"
"07/07/2017","112.46","112.65","112.66","112.39","1.96M","-0.31%"
"07/06/2017","112.81","112.98","113.00","112.77","1.46M","-0.26%"
"07/05/2017","113.10","112.97","113.24","112.97","2.48M","0.15%"
"07/03/2017","112.93","113.21","113.21","112.89","980.01K","-0.44%"
"06/30/2017","113.43","113.72","113.72","113.32","1.67M","-0.14%"
"06/29/2017","113.59","113.70","113.76","113.53","898.97K","-0.39%"
"06/28/2017","114.04","114.04","114.09","113.78","1.46M","0.08%"
"06/27/2017","113.95","114.28","114.28","113.89","751.02K","-0.47%"
"06/26/2017","114.49","114.44","114.53","114.38","738.06K","0.16%"
"06/23/2017","114.31","114.28","114.31","114.16","670.59K","0.08%"
"06/22/2017","114.22","113.94","114.23","113.82","759.58K","0.32%"
"06/21/2017","113.85","113.71","113.87","113.68","726.38K","0.16%"
"06/20/2017","113.67","113.61","113.78","113.52","530.41K","0.11%"
"06/19/2017","113.55","113.75","113.78","113.50","608.47K","-0.11%"
"06/16/2017","113.68","113.62","113.78","113.61","824.99K","0.09%"
"06/15/2017","113.58","113.60","113.79","113.57","1.04M","-0.49%"
"06/14/2017","114.14","114.18","114.47","113.97","1.07M","0.02%"
"06/13/2017","114.12","113.86","114.12","113.81","685.85K","0.17%"
"06/12/2017","113.93","114.18","114.24","113.93","620.79K","-0.21%"
"06/09/2017","114.17","114.21","114.30","114.17","879.60K","-0.09%"
"06/08/2017","114.27","114.35","114.38","114.11","737.40K","-0.10%"
"06/07/2017","114.39","114.59","114.68","114.36","750.48K","-0.24%"
"06/06/2017","114.66","114.77","114.85","114.63","2.65M","0.11%"
"06/05/2017","114.53","114.54","114.65","114.48","586.71K","-0.26%"
"06/02/2017","114.83","114.75","114.94","114.65","1.16M","0.40%"
"06/01/2017","114.37","114.12","114.47","114.12","1.43M","-0.27%"
"05/31/2017","114.68","114.49","114.78","114.49","1.30M","0.03%"
"05/30/2017","114.65","114.54","114.67","114.45","687.01K","0.22%"
"05/26/2017","114.40","114.33","114.44","114.24","780.82K","0.24%"
"05/25/2017","114.13","114.22","114.28","114.08","1.76M","-0.16%"
"05/24/2017","114.31","114.18","114.31","114.03","677.20K","0.06%"
"05/23/2017","114.24","114.53","114.54","114.16","822.27K","-0.15%"
"05/22/2017","114.41","114.46","114.55","114.29","697.58K","-0.16%"
"05/19/2017","114.59","114.40","114.59","114.31","712.67K","0.17%"
"05/18/2017","114.39","114.20","114.39","114.04","2.72M","0.16%"
"05/17/2017","114.21","113.88","114.33","113.88","1.04M","0.58%"
"05/16/2017","113.55","113.49","113.69","113.44","651.27K","0.07%"
"05/15/2017","113.47","113.79","113.79","113.47","733.29K","-0.26%"
"05/12/2017","113.77","113.68","113.85","113.58","778.62K","0.16%"
"05/11/2017","113.59","113.29","113.65","113.26","1.35M","0.30%"
"05/10/2017","113.25","113.47","113.48","113.18","3.91M","0.04%"
"05/09/2017","113.21","113.31","113.34","113.14","1.32M","-0.09%"
"05/08/2017","113.31","113.56","113.61","113.24","1.98M","-0.39%"
"05/05/2017","113.75","113.72","113.77","113.54","632.84K","0.08%"
"05/04/2017","113.66","113.69","113.71","113.41","865.04K","-0.38%"
"05/03/2017","114.09","114.37","114.37","113.96","908.04K","-0.22%"
"05/02/2017","114.34","114.33","114.46","114.25","1.10M","0.00%"
"05/01/2017","114.34","114.55","114.70","114.21","1.22M","-0.58%"
"04/28/2017","115.01","114.84","115.06","114.76","2.35M","0.15%"
"04/27/2017","114.84","114.68","114.85","114.64","2.01M","0.09%"
"04/26/2017","114.74","114.51","114.84","114.51","819.30K","0.21%"
"04/25/2017","114.50","114.73","114.75","114.45","926.56K","-0.17%"
"04/24/2017","114.69","114.70","114.82","114.57","949.29K","-0.03%"
"04/21/2017","114.72","114.96","115.00","114.67","700.53K","-0.14%"
"04/20/2017","114.88","114.81","114.96","114.78","1.08M","-0.10%"
"04/19/2017","115.00","115.07","115.15","114.91","1.06M","-0.18%"
"04/18/2017","115.21","115.21","115.31","115.02","1.61M","0.22%"
"04/17/2017","114.96","115.17","115.18","114.86","954.37K","-0.23%"
"04/13/2017","115.23","115.30","115.45","115.17","2.87M","0.15%"
"04/12/2017","115.06","114.84","115.12","114.75","1.05M","0.38%"
"04/11/2017","114.63","114.60","114.82","114.53","1.54M","0.19%"
"04/10/2017","114.41","114.67","114.67","114.41","752.76K","0.05%"
"04/07/2017","114.35","114.82","115.01","114.35","858.49K","-0.39%"
"04/06/2017","114.80","114.80","114.89","114.58","774.70K","-0.05%"
"04/05/2017","114.86","114.62","114.97","114.56","1.46M","0.19%"
"04/04/2017","114.64","114.73","114.82","114.58","1.06M","-0.11%"
"04/03/2017","114.77","114.55","114.92","114.52","3.10M","0.10%"
"03/31/2017","114.65","114.37","114.65","114.30","899.41K","0.30%"
"03/30/2017","114.31","114.49","114.57","114.23","996.20K","-0.24%"
"03/29/2017","114.59","114.47","114.67","114.39","933.86K","0.26%"
"03/28/2017","114.29","114.73","114.73","114.18","1.66M","-0.33%"
"03/27/2017","114.67","114.77","114.78","114.54","1.08M","0.19%"
"03/24/2017","114.45","114.13","114.69","114.11","1.38M","0.29%"
"03/23/2017","114.12","114.24","114.30","114.02","913.09K","-0.11%"
"03/22/2017","114.25","114.21","114.33","114.00","824.50K","0.17%"
"03/21/2017","114.06","113.98","114.22","113.98","1.48M","0.09%"
"03/20/2017","113.96","113.71","113.98","113.70","791.57K","0.13%"
"03/17/2017","113.81","113.71","113.83","113.68","1.12M","0.22%"
"03/16/2017","113.56","113.73","113.73","113.48","2.88M","-0.07%"
"03/15/2017","113.64","112.98","113.71","112.75","1.99M","0.91%"
"03/14/2017","112.62","112.66","112.79","112.61","951.38K","-0.07%"
"03/13/2017","112.70","112.83","113.01","112.70","1.04M","-0.23%"
"03/10/2017","112.96","113.07","113.11","112.70","2.42M","0.19%"
"03/09/2017","112.75","112.95","113.01","112.70","1.10M","-0.27%"
"03/08/2017","113.05","113.18","113.27","113.01","1.36M","-0.43%"
"03/07/2017","113.54","113.70","113.70","113.47","1.55M","-0.18%"
"03/06/2017","113.74","113.94","113.94","113.67","1.55M","-0.11%"
"03/03/2017","113.86","113.73","113.89","113.44","2.88M","0.23%"
"03/02/2017","113.60","113.75","113.79","113.51","1.97M","-0.32%"
"03/01/2017","113.96","113.90","114.00","113.77","3.41M","-0.60%"
"02/28/2017","114.65","114.63","114.80","114.51","1.60M","0.00%"
"02/27/2017","114.65","114.94","114.96","114.60","2.52M","-0.27%"
"02/24/2017","114.96","114.83","115.05","114.76","2.41M","0.29%"
"02/23/2017","114.63","114.62","114.65","114.50","1.04M","0.24%"
"02/22/2017","114.36","114.35","114.37","113.98","1.08M","0.18%"
"02/21/2017","114.15","114.15","114.28","114.05","1.06M","-0.01%"
"02/17/2017","114.16","114.26","114.26","114.11","983.01K","0.23%"
"02/16/2017","113.90","114.10","114.38","113.90","1.17M","0.00%"
"02/15/2017","113.90","113.74","113.94","113.66","1.13M","0.13%"
"02/14/2017","113.75","114.18","114.19","113.52","1.01M","-0.24%"
"02/13/2017","114.02","114.09","114.14","114.00","1.00M","-0.16%"
"02/10/2017","114.20","114.16","114.29","114.07","1.59M","0.08%"
"02/09/2017","114.11","114.28","114.30","114.08","1.05M","-0.19%"
"02/08/2017","114.33","114.39","114.48","114.13","1.46M","0.24%"
"02/07/2017","114.06","114.14","114.24","113.98","1.46M","-0.04%"
"02/06/2017","114.11","114.05","114.17","113.85","1.79M","0.25%"
"02/03/2017","113.83","114.17","114.35","113.65","1.38M","-0.11%"
"02/02/2017","113.95","114.25","114.28","113.90","3.94M","0.01%"
"02/01/2017","113.94","113.95","114.17","113.77","1.78M","-0.21%"
"01/31/2017","114.18","114.00","114.25","113.94","7.61M","0.21%"
"01/30/2017","113.94","114.03","114.12","113.85","1.92M","-0.03%"
"01/27/2017","113.97","113.95","114.05","113.85","2.02M","0.17%"
"01/26/2017","113.78","113.66","113.81","113.41","1.96M","0.15%"
"01/25/2017","113.61","113.51","113.70","113.20","2.93M","-0.32%"
"01/24/2017","113.98","114.00","114.17","113.82","1.58M","-0.17%"
"01/23/2017","114.17","113.87","114.28","113.70","4.17M","0.40%"
"01/20/2017","113.71","113.72","113.86","113.49","2.93M","0.02%"
"01/19/2017","113.69","113.65","113.84","113.35","2.08M","-0.08%"
"01/18/2017","113.78","114.05","114.29","113.74","1.27M","-0.49%"
"01/17/2017","114.34","114.54","114.54","114.07","1.44M","0.32%"
"01/13/2017","113.98","113.99","114.11","113.66","1.92M","-0.18%"
"01/12/2017","114.18","114.51","114.62","114.13","1.01M","0.09%"
"01/11/2017","114.08","114.07","114.50","113.86","1.17M","0.32%"
"01/10/2017","113.72","113.47","113.82","113.47","2.51M","0.08%"
"01/09/2017","113.63","113.71","113.73","113.50","1.69M","0.16%"
"01/06/2017","113.45","113.58","113.70","113.42","978.17K","-0.41%"
"01/05/2017","113.92","113.52","113.92","113.37","1.78M","0.34%"
"01/04/2017","113.53","113.23","113.55","113.19","2.98M","0.22%"
"01/03/2017","113.28","112.96","113.40","112.94","2.96M","0.10%"
"12/30/2016","113.17","112.76","113.20","112.75","1.02M","0.33%"
"12/29/2016","112.80","112.79","112.86","112.62","1.30M","0.12%"
"12/28/2016","112.66","112.49","112.74","112.39","1.29M","0.26%"
"12/27/2016","112.37","112.25","112.45","112.20","1.67M","-0.04%"
"12/23/2016","112.42","112.34","112.57","112.34","1.78M","0.12%"
"12/22/2016","112.29","111.85","112.31","111.80","1.56M","0.31%"
"12/21/2016","111.94","112.05","112.06","111.84","1.44M","0.25%"
"12/20/2016","111.66","111.39","111.79","111.33","2.54M","0.10%"
"12/19/2016","111.55","111.43","111.58","111.30","1.32M","0.41%"
"12/16/2016","111.09","111.28","111.37","110.90","1.24M","-0.05%"
"12/15/2016","111.15","111.41","111.57","111.12","2.91M","-0.63%"
"12/14/2016","111.85","113.05","113.08","111.81","1.32M","-0.79%"
"12/13/2016","112.74","113.02","113.03","112.54","1.87M","-0.04%"
"12/12/2016","112.78","112.91","112.91","112.65","2.03M","-0.02%"
"12/09/2016","112.80","113.30","113.34","112.69","2.22M","-0.46%"
"12/08/2016","113.32","113.43","113.43","113.14","1.23M","-0.10%"
"12/07/2016","113.43","113.54","113.67","113.38","1.84M","0.09%"
"12/06/2016","113.33","113.14","113.36","113.03","2.12M","0.19%"
"12/05/2016","113.11","112.99","113.53","112.78","1.70M","0.14%"
"12/02/2016","112.95","113.18","113.45","112.91","1.33M","0.05%"
"12/01/2016","112.89","112.84","113.16","112.63","8.52M","-0.50%"
"11/30/2016","113.46","113.09","113.61","112.99","2.37M","0.05%"
"11/29/2016","113.40","112.93","113.46","112.83","1.59M","0.10%"
"11/28/2016","113.29","113.47","113.58","113.19","1.35M","0.15%"
"11/25/2016","113.12","113.43","113.45","113.00","1.01M","-0.17%"
"11/23/2016","113.31","113.31","113.46","112.91","1.82M","-0.33%"
"11/22/2016","113.69","113.78","113.79","113.53","3.39M","0.09%"
"11/21/2016","113.59","113.59","113.69","113.46","2.99M","0.24%"
"11/18/2016","113.32","113.65","113.71","113.13","2.54M","-0.15%"
"11/17/2016","113.49","113.93","113.98","113.45","1.90M","-0.17%"
"11/16/2016","113.68","113.35","113.78","113.25","1.43M","0.21%"
"11/15/2016","113.44","113.79","113.97","113.44","1.92M","0.06%"
"11/14/2016","113.37","114.15","114.15","113.31","2.71M","-0.77%"
"11/11/2016","114.25","114.73","114.74","114.19","2.40M","-0.28%"
"11/10/2016","114.57","114.90","115.31","114.57","3.91M","-0.17%"
"11/09/2016","114.77","115.81","115.81","114.72","2.31M","-0.74%"
"11/08/2016","115.63","115.84","115.86","115.54","1.21M","-0.17%"
"11/07/2016","115.83","115.70","115.87","115.65","1.90M","-0.05%"
"11/04/2016","115.89","115.71","115.91","115.63","1.72M","0.26%"
"11/03/2016","115.59","115.80","115.82","115.53","2.43M","-0.28%"
"11/02/2016","115.92","115.96","116.05","115.80","4.76M","0.04%"
"11/01/2016","115.87","115.60","115.97","115.50","6.07M","0.01%"
"10/31/2016","115.86","115.77","115.86","115.67","2.42M","0.19%"
"10/28/2016","115.64","115.55","115.74","115.47","2.32M","0.11%"
"10/27/2016","115.51","115.81","115.81","115.45","1.72M","-0.43%"
"10/26/2016","116.01","115.89","116.11","115.78","926.09K","-0.10%"
"10/25/2016","116.13","115.92","116.16","115.87","1.26M","0.16%"
"10/24/2016","115.95","116.13","116.13","115.79","947.67K","-0.15%"
"10/21/2016","116.13","116.21","116.21","115.97","690.38K","0.11%"
"10/20/2016","116.00","116.30","116.30","116.00","824.41K","-0.15%"
"10/19/2016","116.18","115.90","116.19","115.86","910.92K","0.14%"
"10/18/2016","116.02","115.84","116.08","115.80","945.35K","0.06%"
"10/17/2016","115.95","115.74","115.98","115.72","616.57K","0.45%"
"10/14/2016","115.43","115.40","115.70","115.40","753.47K","-0.10%"
"10/13/2016","115.54","115.47","115.73","115.36","727.67K","0.16%"
"10/12/2016","115.36","115.35","115.46","115.23","627.08K","-0.03%"
"10/11/2016","115.40","115.57","115.65","115.37","839.60K","-0.08%"
"10/10/2016","115.49","115.49","115.58","115.38","912.47K","-0.14%"
"10/07/2016","115.65","115.78","115.87","115.45","990.07K","-0.03%"
"10/06/2016","115.68","115.73","115.84","115.56","820.14K","0.05%"
"10/05/2016","115.62","115.90","115.90","115.58","1.07M","-0.16%"
"10/04/2016","115.81","116.48","116.48","115.79","3.76M","-0.49%"
"10/03/2016","116.38","116.63","116.63","116.34","2.32M","-0.09%"
"09/30/2016","116.49","116.51","116.58","116.24","1.45M","0.00%"
"09/29/2016","116.49","116.33","116.68","116.25","973.20K","-0.02%"
"09/28/2016","116.51","116.47","116.70","116.46","1.52M","0.12%"
"09/27/2016","116.37","116.28","116.37","116.08","953.08K","0.09%"
"09/26/2016","116.27","116.37","116.41","116.18","813.71K","0.04%"
"09/23/2016","116.22","116.06","116.30","115.97","768.39K","0.28%"
"09/22/2016","115.90","115.57","116.00","115.55","746.85K","0.49%"
"09/21/2016","115.33","114.78","115.36","114.72","842.63K","0.47%"
"09/20/2016","114.79","114.87","115.04","114.74","485.22K","-0.02%"
"09/19/2016","114.81","115.04","115.05","114.76","517.84K","-0.12%"
"09/16/2016","114.95","115.10","115.11","114.84","1.00M","0.17%"
"09/15/2016","114.76","114.62","114.85","114.47","764.91K","-0.03%"
"09/14/2016","114.79","114.66","114.91","114.60","688.13K","0.16%"
"09/13/2016","114.61","115.18","115.24","114.37","1.09M","-0.44%"
"09/12/2016","115.12","114.98","115.26","114.84","776.05K","0.03%"
"09/09/2016","115.08","115.34","115.35","115.08","863.40K","-0.69%"
"09/08/2016","115.88","116.23","116.32","115.79","668.02K","-0.35%"
"09/07/2016","116.29","116.41","116.43","116.21","811.78K","0.13%"
"09/06/2016","116.14","115.64","116.28","115.53","1.67M","0.48%"
"09/02/2016","115.59","115.68","115.69","115.34","1.09M","-0.11%"
"09/01/2016","115.72","115.38","115.83","115.33","3.71M","-0.28%"
"08/31/2016","116.04","115.87","116.17","115.85","690.94K","0.02%"
"08/30/2016","116.02","116.12","116.13","115.95","579.46K","-0.09%"
"08/29/2016","116.12","115.93","116.12","115.83","696.52K","0.36%"
"08/26/2016","115.70","116.48","116.76","115.62","1.00M","-0.39%"
"08/25/2016","116.15","116.12","116.32","116.01","1.82M","-0.05%"
"08/24/2016","116.21","116.54","116.54","116.21","914.18K","-0.15%"
"08/23/2016","116.39","116.37","116.44","116.22","1.07M","0.14%"
"08/22/2016","116.23","116.18","116.31","116.05","576.61K","0.21%"
"08/19/2016","115.99","116.00","116.06","115.76","501.26K","-0.16%"
"08/18/2016","116.18","116.15","116.34","116.03","895.73K","0.17%"
"08/17/2016","115.98","115.71","116.04","115.62","509.48K","0.30%"
"08/16/2016","115.63","115.50","115.72","115.46","800.59K","-0.14%"
"08/15/2016","115.79","116.05","116.16","115.79","604.73K","-0.26%"
"08/12/2016","116.09","116.28","116.34","116.08","1.80M","0.26%"
"08/11/2016","115.79","116.08","116.11","115.71","691.23K","-0.27%"
"08/10/2016","116.10","116.18","116.24","116.04","883.82K","0.03%"
"08/09/2016","116.07","115.79","116.09","115.72","633.02K","0.24%"
"08/08/2016","115.79","115.78","116.00","115.63","881.27K","0.07%"
"08/05/2016","115.71","115.86","115.96","115.64","628.92K","-0.24%"
"08/04/2016","115.99","116.02","116.36","115.93","591.01K","0.42%"
"08/03/2016","115.51","115.38","115.56","115.11","968.52K","0.29%"
"08/02/2016","115.18","115.37","115.58","115.18","1.18M","-0.49%"
"08/01/2016","115.75","116.12","116.17","115.73","3.33M","-0.98%"
"07/29/2016","116.90","116.95","117.08","116.83","971.81K","0.22%"
"07/28/2016","116.64","116.46","116.68","116.27","1.11M","0.14%"
"07/27/2016","116.48","116.17","116.48","115.98","714.23K","0.39%"
"07/26/2016","116.03","116.01","116.05","115.73","928.78K","0.17%"
"07/25/2016","115.83","116.06","116.10","115.83","770.02K","-0.22%"
"07/22/2016","116.08","115.97","116.19","115.66","820.56K","-0.09%"
"07/21/2016","116.18","115.88","116.27","115.78","645.94K","0.04%"
"07/20/2016","116.13","116.07","116.22","115.86","789.60K","-0.18%"
"07/19/2016","116.34","116.49","116.52","116.27","1.04M","0.01%"
"07/18/2016","116.33","116.44","116.56","116.22","928.19K","-0.07%"
"07/15/2016","116.41","116.33","116.44","116.22","2.21M","-0.11%"
"07/14/2016","116.54","116.61","116.70","116.33","860.52K","-0.26%"
"07/13/2016","116.84","116.91","117.15","116.74","813.22K","0.21%"
"07/12/2016","116.59","116.85","116.85","116.54","894.11K","-0.33%"
"07/11/2016","116.98","117.38","117.43","116.96","904.65K","-0.48%"
"07/08/2016","117.55","117.40","117.55","117.17","1.05M","0.22%"
"07/07/2016","117.29","117.51","117.55","117.22","1.91M","-0.20%"
"07/06/2016","117.53","117.48","117.55","117.22","791.32K","0.24%"
"07/05/2016","117.25","117.16","117.33","117.02","691.37K","0.16%"
"07/01/2016","117.06","117.00","117.40","116.65","2.36M","0.33%"
"06/30/2016","116.67","116.54","116.86","116.47","1.32M","0.19%"
"06/29/2016","116.45","116.63","116.71","116.35","792.17K","-0.06%"
"06/28/2016","116.52","116.20","116.53","116.09","729.86K","0.34%"
"06/27/2016","116.12","116.00","116.25","115.84","826.81K","0.29%"
"06/24/2016","115.78","115.77","116.09","115.62","1.37M","0.63%"
"06/23/2016","115.06","115.06","115.28","114.99","510.66K","0.03%"
"06/22/2016","115.02","114.76","115.14","114.53","3.50M","0.27%"
"06/21/2016","114.71","114.89","114.96","114.68","1.41M","-0.30%"
"06/20/2016","115.06","115.17","115.25","114.94","955.44K","-0.29%"
"06/17/2016","115.39","115.72","115.73","115.24","747.93K","-0.25%"
"06/16/2016","115.68","115.88","116.03","115.63","567.12K","-0.20%"
"06/15/2016","115.91","115.41","115.91","115.13","1.12M","0.47%"
"06/14/2016","115.37","115.64","115.70","115.37","659.13K","-0.25%"
"06/13/2016","115.66","115.70","115.78","115.57","650.51K","-0.13%"
"06/10/2016","115.81","115.85","116.00","115.74","662.57K","0.00%"
"06/09/2016","115.81","115.95","115.95","115.71","535.54K","0.03%"
"06/08/2016","115.77","115.76","115.79","115.61","1.09M","0.23%"
"06/07/2016","115.50","115.34","115.58","115.34","1.03M","0.27%"
"06/06/2016","115.19","114.90","115.27","114.87","543.76K","0.11%"
"06/03/2016","115.06","115.20","115.26","115.00","580.39K","0.65%"
"06/02/2016","114.32","114.06","114.41","113.97","1.87M","0.34%"
"06/01/2016","113.93","114.26","114.28","113.92","5.88M","-0.18%"
"05/31/2016","114.14","114.08","114.32","114.00","588.76K","-0.15%"
"05/27/2016","114.31","114.51","114.80","114.25","532.84K","-0.13%"
"05/26/2016","114.46","114.40","114.63","114.34","1.10M","0.29%"
"05/25/2016","114.13","114.11","114.20","114.00","546.44K","0.08%"
"05/24/2016","114.04","114.01","114.13","113.84","456.69K","-0.10%"
"05/23/2016","114.15","114.00","114.23","113.36","748.61K","0.05%"
"05/20/2016","114.09","114.20","114.35","114.09","818.19K","-0.05%"
"05/19/2016","114.15","114.14","114.33","114.08","795.01K","-0.04%"
"05/18/2016","114.20","114.95","114.98","114.02","1.32M","-0.87%"
"05/17/2016","115.20","115.16","115.42","115.13","781.23K","0.07%"
"05/16/2016","115.12","115.14","115.22","115.06","704.50K","-0.11%"
"05/13/2016","115.25","115.06","115.28","114.96","835.49K","0.24%"
"05/12/2016","114.97","114.87","115.02","114.72","1.33M","-0.07%"
"05/11/2016","115.05","115.09","115.42","114.95","3.77M","-0.02%"
"05/10/2016","115.07","115.02","115.08","114.68","1.12M","0.31%"
"05/09/2016","114.72","114.79","114.83","114.55","1.02M","0.06%"
"05/06/2016","114.65","115.02","115.02","114.58","1.27M","-0.35%"
"05/05/2016","115.05","114.68","115.07","114.56","2.36M","0.32%"
"05/04/2016","114.68","114.70","114.73","114.44","1.32M","0.11%"
"05/03/2016","114.55","114.83","114.83","114.55","2.65M","0.04%"
"05/02/2016","114.50","114.66","114.71","114.30","4.13M","-0.33%"
"04/29/2016","114.88","114.72","115.09","114.54","798.55K","-0.04%"
"04/28/2016","114.93","114.47","114.96","114.42","1.82M","0.52%"
"04/27/2016","114.33","114.06","114.42","113.74","677.91K","0.61%"
"04/26/2016","113.64","113.81","113.82","113.59","816.85K","-0.04%"
"04/25/2016","113.69","113.93","114.07","113.69","1.15M","-0.11%"
"04/22/2016","113.82","114.00","114.09","113.82","743.29K","-0.06%"
"04/21/2016","113.89","113.86","114.03","113.67","837.96K","-0.12%"
"04/20/2016","114.03","114.52","114.80","114.01","631.53K","-0.42%"
"04/19/2016","114.51","114.41","114.57","114.32","619.63K","0.17%"
"04/18/2016","114.31","114.11","114.32","114.03","755.04K","-0.02%"
"04/15/2016","114.33","113.94","114.42","113.88","541.65K","0.36%"
"04/14/2016","113.92","113.88","114.54","113.82","1.22M","-0.24%"
"04/13/2016","114.19","113.98","114.31","113.91","809.67K","0.09%"
"04/12/2016","114.09","114.34","114.34","114.03","1.31M","-0.42%"
"04/11/2016","114.57","114.65","114.88","114.47","685.95K","-0.25%"
"04/08/2016","114.86","114.99","114.99","114.73","769.49K","-0.20%"
"04/07/2016","115.09","114.98","115.14","114.90","1.22M","0.35%"
"04/06/2016","114.69","114.80","114.95","114.39","2.74M","-0.26%"
"04/05/2016","114.99","115.00","115.11","114.79","1.82M","0.10%"
"04/04/2016","114.87","114.86","114.97","114.74","2.68M","0.12%"
"04/01/2016","114.73","114.79","114.88","114.41","2.30M","0.08%"
"03/31/2016","114.64","114.60","114.74","114.46","1.70M","0.10%"
"03/30/2016","114.52","114.31","114.54","114.20","752.15K","0.06%"
"03/29/2016","114.45","113.55","114.50","113.46","1.76M","1.05%"
"03/28/2016","113.26","113.15","113.35","113.08","877.47K","0.12%"
"03/24/2016","113.12","113.27","113.50","113.12","1.23M","-0.23%"
"03/23/2016","113.38","113.25","113.55","113.25","753.53K","0.11%"
"03/22/2016","113.26","113.71","113.71","113.23","1.03M","-0.26%"
"03/21/2016","113.55","113.40","113.81","113.23","1.01M","0.03%"
"03/18/2016","113.52","113.65","113.78","113.18","1.32M","0.34%"
"03/17/2016","113.14","113.12","113.51","113.00","1.93M","0.22%"
"03/16/2016","112.89","111.96","112.90","111.92","823.53K","1.07%"
"03/15/2016","111.70","111.96","112.09","111.66","828.18K","-0.20%"
"03/14/2016","111.92","112.03","112.17","111.90","752.01K","-0.12%"
"03/11/2016","112.05","112.19","112.19","111.84","580.49K","-0.04%"
"03/10/2016","112.09","112.55","112.68","111.94","1.12M","-0.35%"
"03/09/2016","112.48","112.26","112.67","112.24","664.07K","-0.06%"
"03/08/2016","112.55","112.47","112.64","112.37","763.83K","0.38%"
"03/07/2016","112.12","112.44","112.45","112.04","807.47K","-0.40%"
"03/04/2016","112.57","112.86","112.99","112.37","2.05M","-0.31%"
"03/03/2016","112.92","112.67","113.05","112.63","1.07M","0.20%"
"03/02/2016","112.69","112.22","112.69","112.22","2.10M","0.21%"
"03/01/2016","112.45","112.87","112.99","112.23","3.51M","-0.27%"
"02/29/2016","112.76","112.49","112.83","112.36","1.82M","0.34%"
"02/26/2016","112.38","112.23","112.47","112.17","860.81K","-0.26%"
"02/25/2016","112.67","112.27","112.83","112.26","1.43M","0.41%"
"02/24/2016","112.21","112.15","112.62","112.08","708.66K","0.22%"
"02/23/2016","111.96","111.27","111.96","111.27","497.36K","0.30%"
"02/22/2016","111.62","111.47","111.65","111.36","493.42K","0.24%"
"02/19/2016","111.35","111.33","111.59","111.18","659.45K","0.08%"
"02/18/2016","111.26","111.08","111.46","110.80","987.42K","0.28%"
"02/17/2016","110.95","111.25","111.27","110.94","718.61K","-0.17%"
"02/16/2016","111.14","111.38","111.53","111.09","1.35M","-0.41%"
"02/12/2016","111.60","111.84","112.14","111.45","626.68K","-0.37%"
"02/11/2016","112.02","111.86","112.21","111.66","1.29M","0.35%"
"02/10/2016","111.63","111.37","111.71","111.35","795.33K","0.37%"
"02/09/2016","111.22","111.41","111.46","110.92","652.08K","-0.22%"
"02/08/2016","111.47","111.47","111.83","111.40","782.40K","0.07%"
"02/05/2016","111.39","111.48","111.62","111.32","554.81K","-0.28%"
"02/04/2016","111.70","111.76","111.91","111.57","608.16K","0.02%"
"02/03/2016","111.68","111.71","112.24","111.58","822.81K","0.13%"
"02/02/2016","111.54","111.48","111.65","111.43","1.06M","0.31%"
"02/01/2016","111.20","111.26","111.41","111.04","1.37M","-0.18%"
"01/29/2016","111.40","111.41","111.55","111.22","1.02M","0.41%"
"01/28/2016","110.95","110.77","111.05","110.68","1.02M","0.21%"
"01/27/2016","110.72","110.28","110.79","109.90","567.25K","0.25%"
"01/26/2016","110.44","110.32","110.56","110.23","415.13K","0.25%"
"01/25/2016","110.16","110.09","110.22","110.05","810.60K","0.19%"
"01/22/2016","109.95","109.77","110.07","109.77","1.22M","0.15%"
"01/21/2016","109.79","110.32","110.43","109.79","1.34M","-0.36%"
"01/20/2016","110.19","110.47","110.63","110.09","784.28K","0.05%"
"01/19/2016","110.13","110.19","110.40","110.05","967.86K","-0.10%"
"01/15/2016","110.24","110.52","110.65","110.21","851.39K","0.00%"
"01/14/2016","110.24","110.27","110.45","110.12","1.01M","-0.09%"
"01/13/2016","110.34","110.02","110.59","110.00","544.61K","0.21%"
"01/12/2016","110.11","109.91","110.36","109.84","799.11K","0.27%"
"01/11/2016","109.81","110.10","110.24","109.78","758.65K","-0.53%"
"01/08/2016","110.39","110.13","110.43","110.11","587.33K","0.08%"
"01/07/2016","110.30","110.32","110.43","110.13","877.62K","-0.08%"
"01/06/2016","110.39","110.12","110.42","110.06","418.18K","0.32%"
"01/05/2016","110.04","109.88","110.13","109.82","647.99K","-0.06%"
"01/04/2016","110.11","110.22","110.37","109.99","1.36M","0.39%"
"12/31/2015","109.68","109.66","109.91","109.59","553.32K","0.16%"
"12/30/2015","109.50","109.24","109.60","109.21","574.51K","0.11%"
"12/29/2015","109.38","109.76","109.85","109.30","682.86K","-0.38%"
"12/28/2015","109.80","109.74","109.99","109.64","1.36M","0.03%"
"12/24/2015","109.77","109.84","109.84","109.61","302.74K","0.17%"
"12/23/2015","109.58","109.23","109.67","109.23","846.89K","0.09%"
"12/22/2015","109.48","109.45","109.54","109.34","758.80K","-0.14%"
"12/21/2015","109.63","109.74","109.82","109.55","519.73K","-0.18%"
"12/18/2015","109.83","109.65","109.97","109.61","825.90K","0.27%"
"12/17/2015","109.53","109.12","109.67","109.12","1.72M","0.35%"
"12/16/2015","109.15","109.33","109.49","108.98","505.12K","-0.29%"
"12/15/2015","109.47","109.50","109.61","109.39","1.63M","-0.05%"
"12/14/2015","109.53","109.91","110.00","109.48","645.33K","-0.72%"
"12/11/2015","110.32","110.30","110.48","110.10","361.78K","0.33%"
"12/10/2015","109.96","110.16","110.23","109.90","392.75K","-0.22%"
"12/09/2015","110.20","110.26","110.44","110.11","531.13K","-0.19%"
"12/08/2015","110.41","110.38","110.58","110.24","375.52K","0.03%"
"12/07/2015","110.38","110.23","110.62","110.20","456.17K","-0.04%"
"12/04/2015","110.42","110.33","110.63","110.22","950.47K","0.25%"
"12/03/2015","110.14","110.65","110.65","110.02","1.90M","-0.62%"
"12/02/2015","110.83","110.94","110.98","110.73","838.62K","-0.34%"
"12/01/2015","111.21","110.82","111.33","110.79","1.40M","0.37%"
"11/30/2015","110.80","110.89","111.00","110.67","1.38M","-0.05%"
"11/27/2015","110.85","110.87","110.93","110.79","308.95K","0.05%"
"11/25/2015","110.79","110.74","110.86","110.60","567.09K","-0.05%"
"11/24/2015","110.85","110.82","110.98","110.73","578.12K","0.11%"
"11/23/2015","110.73","110.57","110.82","110.45","533.22K","0.12%"
"11/20/2015","110.60","110.51","110.69","110.49","445.57K","0.08%"
"11/19/2015","110.51","110.35","110.53","110.25","503.99K","0.35%"
"11/18/2015","110.12","109.86","110.16","109.81","558.94K","0.15%"
"11/17/2015","109.96","109.71","110.11","109.68","810.08K","0.18%"
"11/16/2015","109.76","110.02","110.02","109.66","544.33K","-0.05%"
"11/13/2015","109.82","109.87","109.97","109.76","564.64K","0.14%"
"11/12/2015","109.67","109.56","109.74","109.53","569.41K","0.00%"
"11/11/2015","109.67","109.59","109.70","109.51","439.24K","-0.01%"
"11/10/2015","109.68","109.80","110.02","109.66","855.97K","-0.04%"
"11/09/2015","109.72","109.61","109.92","109.61","549.89K","-0.04%"
"11/06/2015","109.76","109.94","109.94","109.62","455.78K","-0.42%"
"11/05/2015","110.22","110.40","110.43","110.03","547.86K","-0.32%"
"11/04/2015","110.57","110.76","110.93","110.34","533.21K","-0.14%"
"11/03/2015","110.72","110.86","111.00","110.63","653.66K","-0.17%"
"11/02/2015","110.91","110.71","110.92","110.63","1.38M","-0.05%"
"10/30/2015","110.96","110.84","110.98","110.71","807.32K","0.31%"
"10/29/2015","110.62","110.69","110.78","110.48","478.22K","-0.27%"
"10/28/2015","110.92","111.39","111.43","110.84","387.50K","-0.50%"
"10/27/2015","111.48","111.50","111.60","111.40","312.32K","0.22%"
"10/26/2015","111.23","111.40","111.45","111.23","256.27K","-0.03%"
"10/23/2015","111.26","111.26","111.34","111.14","303.99K","-0.14%"
"10/22/2015","111.42","111.13","111.51","111.02","368.37K","0.34%"
"10/21/2015","111.04","111.12","111.27","111.04","371.78K","0.06%"
"10/20/2015","110.97","110.85","110.98","110.75","420.32K","-0.12%"
"10/19/2015","111.10","111.12","111.19","110.92","326.62K","-0.17%"
"10/16/2015","111.29","111.50","111.50","111.25","467.66K","-0.27%"
"10/15/2015","111.59","111.82","111.85","111.51","1.84M","-0.19%"
"10/14/2015","111.80","111.50","111.81","111.39","466.37K","0.34%"
"10/13/2015","111.42","111.39","111.53","111.21","395.50K","-0.05%"
"10/12/2015","111.48","111.47","111.58","111.35","287.72K","0.18%"
"10/09/2015","111.28","111.41","111.61","111.21","607.52K","-0.28%"
"10/08/2015","111.59","111.66","111.89","111.43","426.97K","-0.04%"
"10/07/2015","111.63","111.49","111.73","111.41","458.13K","-0.02%"
"10/06/2015","111.65","111.33","111.80","111.31","481.15K","0.29%"
"10/05/2015","111.33","111.67","111.73","111.32","617.64K","-0.30%"
"10/02/2015","111.67","111.80","111.96","111.52","771.30K","0.58%"
"10/01/2015","111.03","111.10","111.29","110.98","529.74K","0.31%"
"09/30/2015","110.69","110.53","110.70","110.46","537.94K","0.20%"
"09/29/2015","110.47","110.42","110.59","110.34","373.09K","0.28%"
"09/28/2015","110.16","110.20","110.53","110.12","475.58K","0.03%"
"09/25/2015","110.13","110.46","110.57","110.13","436.70K","-0.53%"
"09/24/2015","110.72","110.94","111.10","110.69","459.45K","0.01%"
"09/23/2015","110.71","110.72","110.90","110.62","254.47K","-0.07%"
"09/22/2015","110.79","110.60","110.88","110.44","409.42K","0.24%"
"09/21/2015","110.52","110.95","110.95","110.45","398.47K","-0.63%"
"09/18/2015","111.22","110.90","111.27","110.81","348.36K","0.32%"
"09/17/2015","110.87","109.98","110.89","109.79","380.82K","0.78%"
"09/16/2015","110.01","110.02","110.33","109.92","438.78K","-0.03%"
"09/15/2015","110.04","110.60","110.68","109.97","316.34K","-0.68%"
"09/14/2015","110.79","111.08","111.17","110.76","461.64K","-0.19%"
"09/11/2015","111.00","110.94","111.10","110.83","1.13M","0.28%"
"09/10/2015","110.69","110.55","110.70","110.48","576.20K","0.03%"
"09/09/2015","110.66","110.22","110.77","110.19","429.43K","0.23%"
"09/08/2015","110.41","110.58","110.61","110.36","415.90K","-0.45%"
"09/04/2015","110.91","110.85","111.05","110.69","358.21K","0.16%"
"09/03/2015","110.73","110.84","110.93","110.69","478.04K","0.01%"
"09/02/2015","110.72","110.97","111.07","110.72","2.28M","-0.32%"
"09/01/2015","111.07","111.18","111.29","110.90","831.34K","-0.46%"
"08/31/2015","111.58","111.86","111.89","111.38","3.11M","-0.09%"
"08/28/2015","111.68","111.72","112.00","111.62","452.67K","0.29%"
"08/27/2015","111.36","111.13","111.60","111.09","601.64K","0.49%"
"08/26/2015","110.82","111.16","111.67","110.77","562.06K","-0.60%"
"08/25/2015","111.49","111.61","111.74","111.24","1.03M","-0.24%"
"08/24/2015","111.76","112.58","112.84","111.64","960.32K","-0.35%"
"08/21/2015","112.15","112.04","112.21","111.86","586.31K","0.04%"
"08/20/2015","112.11","111.76","112.17","111.61","552.32K","0.28%"
"08/19/2015","111.80","111.15","111.91","111.06","500.47K","0.34%"
"08/18/2015","111.42","111.47","111.68","111.39","394.93K","-0.24%"
"08/17/2015","111.69","111.97","112.09","111.68","393.21K","-0.01%"
"08/14/2015","111.70","111.66","111.96","111.60","1.89M","-0.11%"
"08/13/2015","111.82","111.72","111.91","111.54","447.66K","-0.27%"
"08/12/2015","112.12","112.50","112.84","112.05","461.40K","-0.23%"
"08/11/2015","112.38","112.14","112.50","112.10","1.40M","0.41%"
"08/10/2015","111.92","111.91","112.00","111.83","486.72K","-0.14%"
"08/07/2015","112.08","111.80","112.21","111.70","475.75K","0.28%"
"08/06/2015","111.77","111.60","111.79","111.48","372.21K","0.18%"
"08/05/2015","111.57","111.83","111.87","111.54","424.00K","-0.31%"
"08/04/2015","111.92","112.42","112.50","111.89","2.02M","-0.56%"
"08/03/2015","112.55","112.59","112.68","112.42","1.03M","-0.09%"
"07/31/2015","112.65","112.55","112.71","112.45","298.99K","0.39%"
"07/30/2015","112.21","112.19","112.36","112.10","290.62K","0.14%"
"07/29/2015","112.05","112.02","112.21","111.82","382.71K","-0.01%"
"07/28/2015","112.06","112.08","112.25","112.00","389.00K","-0.24%"
"07/27/2015","112.33","112.37","112.45","112.13","396.95K","0.21%"
"07/24/2015","112.10","112.34","112.36","111.91","631.99K","-0.11%"
"07/23/2015","112.22","111.96","112.32","111.91","321.02K","0.17%"
"07/22/2015","112.03","112.02","112.31","111.99","320.31K","0.04%"
"07/21/2015","111.98","111.65","112.06","111.59","679.87K","0.23%"
"07/20/2015","111.72","111.77","111.87","111.58","355.23K","-0.27%"
"07/17/2015","112.02","111.89","112.13","111.89","228.40K","-0.04%"
"07/16/2015","112.06","111.81","112.17","111.67","716.71K","0.13%"
"07/15/2015","111.92","111.60","112.03","111.50","361.06K","0.28%"
"07/14/2015","111.61","111.56","111.72","111.46","359.63K","0.16%"
"07/13/2015","111.43","111.51","111.80","111.42","410.42K","-0.35%"
"07/10/2015","111.82","111.83","112.09","111.65","699.52K","-0.47%"
"07/09/2015","112.35","112.69","112.77","112.31","461.30K","-0.65%"
"07/08/2015","113.08","113.11","113.14","112.85","1.84M","0.12%"
"07/07/2015","112.94","113.03","113.29","112.82","995.17K","0.33%"
"07/06/2015","112.57","112.58","112.76","112.25","634.39K","0.39%"
"07/02/2015","112.13","112.02","112.31","111.90","850.28K","0.44%"
"07/01/2015","111.64","111.71","111.94","111.62","1.32M","-0.37%"
"06/30/2015","112.05","112.08","112.57","112.05","384.59K","-0.19%"
"06/29/2015","112.26","111.85","112.41","111.68","564.85K","0.74%"
"06/26/2015","111.44","111.56","111.65","111.37","370.26K","-0.45%"
"06/25/2015","111.94","111.95","112.10","111.79","402.11K","-0.11%"
"06/24/2015","112.06","111.96","112.22","111.85","502.79K","0.18%"
"06/23/2015","111.86","111.75","112.17","111.66","407.44K","-0.22%"
"06/22/2015","112.11","112.29","112.44","112.02","373.76K","-0.44%"
"06/19/2015","112.61","112.36","112.74","112.36","446.17K","0.23%"
"06/18/2015","112.35","112.12","112.37","111.97","394.94K","-0.24%"
"06/17/2015","112.62","112.28","112.65","111.79","866.99K","0.12%"
"06/16/2015","112.49","112.01","112.49","111.91","374.36K","0.59%"
"06/15/2015","111.83","111.78","111.88","111.51","298.80K","0.32%"
"06/12/2015","111.47","111.29","111.77","111.27","376.28K","0.05%"
"06/11/2015","111.41","111.14","111.43","110.99","427.94K","0.50%"
"06/10/2015","110.86","111.18","111.25","110.75","417.92K","-0.36%"
"06/09/2015","111.26","111.38","111.45","111.11","311.14K","-0.22%"
"06/08/2015","111.51","111.61","111.65","111.40","288.47K","0.13%"
"06/05/2015","111.36","111.18","111.58","111.08","295.06K","-0.28%"
"06/04/2015","111.67","111.54","111.89","111.49","304.36K","0.28%"
"06/03/2015","111.36","111.61","111.69","111.13","564.48K","-0.62%"
"06/02/2015","112.05","112.24","112.26","111.99","1.52M","-0.41%"
"06/01/2015","112.51","113.06","113.11","112.43","1.02M","-0.62%"
"05/29/2015","113.21","113.09","113.46","113.04","561.29K","0.32%"
"05/28/2015","112.85","112.77","112.91","112.59","377.30K","-0.06%"
"05/27/2015","112.92","112.83","112.98","112.64","377.25K","-0.09%"
"05/26/2015","113.02","112.85","113.20","112.80","408.16K","0.08%"
"05/22/2015","112.93","112.97","113.00","112.66","468.87K","0.17%"
"05/21/2015","112.74","112.47","112.84","112.47","498.81K","0.38%"
"05/20/2015","112.31","112.25","112.67","112.13","391.43K","0.27%"
"05/19/2015","112.01","111.91","112.39","111.90","393.19K","-0.48%"
"05/18/2015","112.55","112.77","112.80","112.46","463.44K","-0.53%"
"05/15/2015","113.15","112.66","113.20","112.60","289.49K","0.69%"
"05/14/2015","112.37","112.33","112.63","112.23","493.82K","0.19%"
"05/13/2015","112.16","112.73","112.79","112.16","391.07K","-0.15%"
"05/12/2015","112.33","112.16","112.54","112.04","477.83K","0.10%"
"05/11/2015","112.22","112.88","112.89","112.18","656.66K","-0.91%"
"05/08/2015","113.25","113.47","113.59","113.16","650.73K","0.42%"
"05/07/2015","112.78","112.67","113.01","112.51","353.38K","0.26%"
"05/06/2015","112.49","113.21","113.22","112.36","1.08M","-0.80%"
"05/05/2015","113.40","113.58","113.59","113.05","516.43K","-0.04%"
"05/04/2015","113.45","113.96","114.04","113.31","1.16M","-0.39%"
"05/01/2015","113.89","114.15","114.23","113.72","939.71K","-0.41%"
"04/30/2015","114.36","114.04","114.43","113.78","674.74K","0.17%"
"04/29/2015","114.17","114.07","114.41","113.82","583.83K","-0.18%"
"04/28/2015","114.38","114.69","114.91","114.35","1.15M","-0.57%"
"04/27/2015","115.04","115.01","115.19","114.85","875.89K","0.02%"
"04/24/2015","115.02","114.76","115.03","114.74","405.43K","0.43%"
"04/23/2015","114.53","114.32","114.73","114.29","545.17K","0.25%"
"04/22/2015","114.24","114.66","114.69","114.15","360.92K","-0.46%"
"04/21/2015","114.77","114.98","115.10","114.67","2.08M","-0.36%"
"04/20/2015","115.18","115.30","115.36","115.06","806.09K","-0.27%"
"04/17/2015","115.49","114.87","115.59","114.85","7.97M","0.64%"
"04/16/2015","114.76","114.50","114.79","114.22","362.72K","0.11%"
"04/15/2015","114.63","114.52","114.72","114.43","477.91K","0.31%"
"04/14/2015","114.28","114.42","114.60","114.20","328.43K","0.26%"
"04/13/2015","113.98","113.79","114.04","113.77","305.67K","0.03%"
"04/10/2015","113.95","114.18","114.26","113.87","399.12K","-0.10%"
"04/09/2015","114.06","114.45","114.47","113.97","369.18K","-0.36%"
"04/08/2015","114.47","114.35","114.56","114.10","966.45K","-0.24%"
"04/07/2015","114.75","114.35","114.77","114.28","360.14K","0.22%"
"04/06/2015","114.50","114.79","114.89","114.34","708.59K","0.39%"
"04/02/2015","114.05","114.35","114.45","114.02","1.09M","-0.37%"
"04/01/2015","114.47","114.08","114.52","114.01","910.56K","0.77%"
"03/31/2015","113.59","113.21","113.68","113.03","450.31K","0.23%"
"03/30/2015","113.33","113.67","113.67","113.27","385.51K","-0.30%"
"03/27/2015","113.67","113.76","113.89","113.56","522.39K","0.04%"
"03/26/2015","113.62","114.23","114.23","113.52","502.79K","-0.53%"
"03/25/2015","114.23","114.54","114.61","114.17","369.38K","-0.03%"
"03/24/2015","114.26","113.94","114.33","113.85","323.35K","0.48%"
"03/23/2015","113.71","113.77","113.86","113.54","402.18K","-0.04%"
"03/20/2015","113.76","113.69","113.79","113.53","370.70K","0.30%"
"03/19/2015","113.42","113.39","113.69","112.93","390.45K","-0.06%"
"03/18/2015","113.49","111.97","113.55","111.83","518.72K","1.53%"
"03/17/2015","111.78","111.61","111.80","111.50","287.72K","0.10%"
"03/16/2015","111.67","111.91","111.93","111.50","305.45K","0.14%"
"03/13/2015","111.51","111.70","111.87","111.51","291.21K","-0.32%"
"03/12/2015","111.87","112.33","112.44","111.79","366.31K","-0.22%"
"03/11/2015","112.12","112.09","112.18","111.89","360.91K","0.17%"
"03/10/2015","111.93","111.89","112.05","111.78","708.54K","0.12%"
"03/09/2015","111.80","112.21","112.27","111.79","660.84K","-0.15%"
"03/06/2015","111.97","112.58","112.62","111.93","494.00K","-1.16%"
"03/05/2015","113.28","113.45","113.55","113.03","429.64K","-0.18%"
"03/04/2015","113.48","113.54","113.70","113.30","445.18K","0.10%"
"03/03/2015","113.37","113.19","113.48","113.17","3.95M","0.14%"
"03/02/2015","113.21","114.05","114.05","113.17","960.05K","-0.81%"
"02/27/2015","114.14","113.87","114.15","113.53","599.52K","0.58%"
"02/26/2015","113.48","113.84","113.99","113.47","532.75K","-0.07%"
"02/25/2015","113.56","113.33","113.63","113.12","419.75K","0.17%"
"02/24/2015","113.37","112.60","113.43","112.42","504.29K","0.60%"
"02/23/2015","112.69","112.60","112.78","112.53","290.09K","0.19%"
"02/20/2015","112.48","112.74","113.00","112.31","505.91K","0.01%"
"02/19/2015","112.47","112.35","112.59","112.23","606.59K","-0.08%"
"02/18/2015","112.56","112.28","112.84","112.07","586.10K","0.42%"
"02/17/2015","112.09","112.51","112.66","111.94","639.79K","-0.51%"
"02/13/2015","112.66","112.90","112.95","112.62","506.82K","-0.20%"
"02/12/2015","112.89","113.07","113.38","112.86","463.96K","-0.16%"
"02/11/2015","113.07","113.30","113.33","112.80","1.50M","-0.19%"
"02/10/2015","113.28","113.70","113.75","113.19","457.65K","-0.33%"
"02/09/2015","113.66","113.98","114.03","113.66","360.15K","-0.18%"
"02/06/2015","113.86","114.01","114.18","113.69","556.29K","-0.78%"
"02/05/2015","114.76","115.03","115.07","114.68","341.51K","-0.43%"
"02/04/2015","115.26","114.71","115.33","114.56","531.66K","0.21%"
"02/03/2015","115.02","115.13","115.16","114.89","1.47M","-0.46%"
"02/02/2015","115.55","115.49","115.76","115.38","1.18M","-0.07%"
"01/30/2015","115.63","115.48","115.71","115.24","1.21M","0.72%"
"01/29/2015","114.80","114.71","114.87","114.47","309.74K","-0.11%"
"01/28/2015","114.93","114.51","115.07","114.45","426.22K","0.38%"
"01/27/2015","114.49","114.46","114.61","114.32","368.72K","0.32%"
"01/26/2015","114.13","114.20","114.37","113.96","368.12K","-0.17%"
"01/23/2015","114.32","114.00","114.34","113.98","727.06K","0.61%"
"01/22/2015","113.63","113.96","113.97","113.12","676.07K","0.03%"
"01/21/2015","113.60","114.10","114.32","113.53","664.32K","-0.41%"
"01/20/2015","114.07","113.94","114.36","113.90","654.82K","0.24%"
"01/16/2015","113.80","114.26","114.43","113.80","1.52M","-0.56%"
"01/15/2015","114.44","113.71","114.46","113.69","691.33K","0.79%"
"01/14/2015","113.54","113.25","113.68","113.25","450.88K","0.59%"
"01/13/2015","112.87","112.58","112.96","112.50","345.33K","-0.16%"
"01/12/2015","113.05","112.96","113.15","112.84","421.59K","-0.03%"
"01/09/2015","113.08","112.62","113.18","112.61","467.39K","0.30%"
"01/08/2015","112.74","112.73","112.87","112.60","567.63K","-0.16%"
"01/07/2015","112.92","112.59","112.96","112.36","682.48K","0.08%"
"01/06/2015","112.83","113.04","113.54","112.73","1.04M","0.01%"
"01/05/2015","112.82","112.76","113.04","112.68","866.43K","0.08%"
"01/02/2015","112.73","112.22","112.76","112.22","714.50K","0.64%"