"Date","Price","Open","High","Low","Vol.","Change %"
"08/17/2026","98.02","98.50","98.35","97.72","1.54M","-0.82%"
"08/14/2026","98.83","98.60","99.01","98.43","2.14M","0.25%"
"08/13/2026","98.58","97.81","98.76","97.77","2.59M","1.31%"
"08/12/2026","97.31","96.81","97.39","96.50","2.79M","0.96%"
"08/11/2026","96.38","96.89","97.05","96.30","3.33M","-0.75%"
"08/10/2026","97.11","97.74","97.95","96.74","3.34M","-1.34%"
"08/07/2026","98.43","98.13","98.95","97.86","3.00M","0.40%"
"08/06/2026","98.04","99.65","99.66","97.77","2.92M","-0.89%"
"08/05/2026","98.92","99.14","99.28","98.06","3.32M","0.00%"
"08/04/2026","98.92","98.12","99.10","97.45","4.32M","-0.15%"
"08/03/2026","99.07","99.01","99.64","98.62","3.23M","0.12%"
"07/31/2026","98.95","99.46","99.54","98.36","3.53M","-0.54%"
"07/30/2026","99.49","100.86","101.00","98.58","3.84M","-1.16%"
"07/29/2026","100.66","101.00","101.31","100.24","3.80M","-0.29%"
"07/28/2026","100.95","101.27","101.80","100.93","3.29M","0.41%"
"07/27/2026","100.54","100.69","101.14","100.33","1.92M","-0.27%"
"07/24/2026","100.81","99.47","101.16","99.47","3.21M","2.15%"
"07/23/2026","98.69","98.64","99.40","98.42","2.04M","-0.33%"
"07/22/2026","99.02","99.80","99.88","98.83","1.88M","-0.50%"
"07/21/2026","99.52","99.68","99.81","99.11","2.88M","0.04%"
"07/20/2026","99.48","99.72","100.19","99.11","2.18M","-0.54%"
"07/17/2026","100.02","100.32","101.08","99.51","3.01M","-0.05%"
"07/16/2026","100.07","98.13","100.13","98.11","3.25M","2.26%"
"07/15/2026","97.86","97.90","98.94","97.50","2.33M","0.30%"
"07/14/2026","97.57","97.93","98.21","97.36","2.31M","-0.27%"
"07/13/2026","97.83","97.63","98.37","97.45","3.47M","0.52%"
"07/10/2026","97.32","97.61","97.76","96.57","2.54M","0.24%"
"07/09/2026","97.09","97.03","97.63","96.75","2.47M","0.30%"
"07/08/2026","96.80","98.18","98.27","96.72","6.05M","-1.63%"
"07/07/2026","98.40","97.81","99.05","97.71","2.81M","1.19%"
"07/06/2026","97.24","98.19","98.22","96.96","4.49M","-0.80%"
"07/02/2026","98.02","97.39","98.06","97.18","3.56M","1.24%"
"07/01/2026","96.82","96.52","97.58","96.49","5.20M","0.40%"
"06/30/2026","96.43","97.03","97.40","96.35","5.31M","-1.75%"
"06/29/2026","98.15","98.39","98.56","97.29","3.14M","-0.53%"
"06/26/2026","98.67","97.82","98.74","97.61","3.88M","1.52%"
"06/25/2026","97.19","97.49","97.60","96.17","4.01M","0.19%"
"06/24/2026","97.01","97.26","97.56","96.53","4.83M","-0.87%"
"06/23/2026","97.86","96.76","98.08","96.76","3.17M","1.31%"
"06/22/2026","96.59","95.91","97.01","95.49","4.48M","1.08%"
"06/18/2026","95.56","96.31","96.50","95.44","2.67M","-0.05%"
"06/17/2026","95.61","97.73","97.98","95.34","2.86M","-2.50%"
"06/16/2026","98.06","98.46","98.76","97.75","2.62M","0.25%"
"06/15/2026","97.82","98.50","99.15","97.57","3.07M","-0.70%"
"06/12/2026","98.51","97.86","98.86","97.86","1.99M","0.92%"
"06/11/2026","97.61","97.86","98.29","97.19","3.90M","-0.07%"
"06/10/2026","97.68","97.93","98.40","97.64","3.79M","0.01%"
"06/09/2026","97.67","96.01","98.11","96.01","3.45M","2.30%"
"06/08/2026","95.47","96.83","97.11","95.34","2.77M","-1.36%"
"06/05/2026","96.79","95.79","97.51","95.69","3.65M","0.72%"
"06/04/2026","96.10","95.57","96.15","94.98","3.79M","1.79%"
"06/03/2026","94.41","94.34","95.33","94.09","2.62M","-0.12%"
"06/02/2026","94.52","94.13","94.61","93.68","2.14M","0.46%"
"06/01/2026","94.09","95.13","95.25","94.05","3.95M","-1.68%"
"05/29/2026","95.70","96.35","96.41","95.38","3.34M","-0.88%"
"05/28/2026","96.55","96.73","97.24","96.27","2.90M","-0.38%"
"05/27/2026","96.92","97.05","97.71","96.91","2.51M","-0.31%"
"05/26/2026","97.22","97.15","97.54","96.81","3.19M","0.47%"
"05/22/2026","96.77","96.95","97.22","96.14","3.55M","0.10%"
"05/21/2026","96.67","96.04","96.76","95.47","2.49M","0.19%"
"05/20/2026","96.49","95.27","96.50","95.15","2.65M","1.27%"
"05/19/2026","95.28","94.98","95.53","94.47","2.09M","0.28%"
"05/18/2026","95.01","94.04","95.18","94.04","2.77M","1.17%"
"05/15/2026","93.91","95.10","95.12","93.78","4.54M","-1.48%"
"05/14/2026","95.32","96.16","96.34","95.25","2.52M","-0.59%"
"05/13/2026","95.89","96.23","96.28","95.44","5.05M","-0.83%"
"05/12/2026","96.69","96.62","96.89","95.97","2.33M","0.00%"
"05/11/2026","96.69","96.90","97.32","96.39","3.87M","0.07%"
"05/08/2026","96.62","96.67","97.19","96.58","2.19M","0.24%"
"05/07/2026","96.39","96.81","97.14","95.97","2.74M","-0.72%"
"05/06/2026","97.09","96.40","97.37","96.36","3.24M","1.39%"
"05/05/2026","95.76","95.65","95.96","95.03","2.54M","0.31%"
"05/04/2026","95.46","95.74","96.29","95.08","3.60M","-0.62%"
"05/01/2026","96.06","96.60","96.71","95.81","3.25M","-0.28%"
"04/30/2026","96.33","94.68","96.41","94.55","3.73M","1.51%"
"04/29/2026","94.90","95.17","95.80","94.51","2.90M","-0.78%"
"04/28/2026","95.65","95.12","95.74","94.48","2.87M","0.92%"
"04/27/2026","94.78","94.95","95.70","94.70","2.52M","-0.55%"
"04/24/2026","95.30","95.43","96.01","95.22","1.99M","-0.20%"
"04/23/2026","95.49","94.86","95.56","94.51","3.44M","1.03%"
"04/22/2026","94.52","95.60","96.01","94.13","2.71M","-0.83%"
"04/21/2026","95.31","96.96","97.06","95.17","3.24M","-1.77%"
"04/20/2026","97.03","96.50","97.03","96.33","2.25M","0.36%"
"04/17/2026","96.68","95.50","96.81","95.39","2.58M","1.60%"
"04/16/2026","95.16","94.52","95.21","94.38","2.01M","0.92%"
"04/15/2026","94.29","93.96","94.33","93.67","2.76M","0.07%"
"04/14/2026","94.22","93.20","94.32","93.04","1.92M","0.95%"
"04/13/2026","93.33","92.70","93.38","92.37","2.04M","0.38%"
"04/10/2026","92.98","92.79","93.28","92.57","2.57M","0.22%"
"04/09/2026","92.78","91.72","93.57","91.67","3.85M","0.72%"
"04/08/2026","92.12","91.90","92.22","91.54","5.05M","1.80%"
"04/07/2026","90.49","90.07","90.81","89.66","3.18M","0.14%"
"04/06/2026","90.36","89.96","90.62","89.72","2.54M","0.14%"
"04/02/2026","90.23","88.89","90.32","88.44","3.29M","1.36%"
"04/01/2026","89.02","88.69","89.36","88.55","4.41M","0.36%"
"03/31/2026","88.70","88.47","89.43","87.65","4.93M","1.57%"
"03/30/2026","87.33","87.91","88.52","87.04","5.47M","0.38%"
"03/27/2026","87.00","87.53","87.99","86.84","4.44M","-0.82%"
"03/26/2026","87.72","87.66","88.50","87.30","6.11M","-0.14%"
"03/25/2026","87.84","88.34","88.57","87.43","5.06M","-0.08%"
"03/24/2026","87.91","87.97","88.78","87.65","3.92M","-1.71%"
"03/23/2026","89.44","89.89","90.61","89.40","6.26M","0.78%"
"03/20/2026","88.75","91.64","91.64","88.33","6.30M","-3.10%"
"03/19/2026","91.59","91.58","92.08","91.08","4.71M","-0.40%"
"03/18/2026","91.96","92.97","93.04","91.91","2.84M","-1.48%"
"03/17/2026","93.34","93.55","94.04","93.27","2.96M","0.44%"
"03/16/2026","92.93","93.11","93.66","92.81","3.48M","0.84%"
"03/13/2026","92.16","92.91","93.31","92.05","4.06M","0.16%"
"03/12/2026","92.01","91.86","92.69","91.65","3.93M","-0.69%"
"03/11/2026","92.65","93.09","93.27","92.39","4.69M","-1.04%"
"03/10/2026","93.62","93.49","94.46","93.04","5.11M","-0.15%"
"03/09/2026","93.76","92.68","94.07","91.55","4.97M","0.22%"
"03/06/2026","93.55","93.78","93.82","93.07","4.61M","-1.09%"
"03/05/2026","94.58","94.57","94.84","93.88","4.64M","-1.00%"
"03/04/2026","95.54","95.17","95.63","94.53","3.90M","0.13%"
"03/03/2026","95.42","94.39","95.75","93.68","4.83M","-0.53%"
"03/02/2026","95.93","95.20","96.20","94.62","5.48M","0.25%"
"02/27/2026","95.69","95.20","96.23","95.18","4.71M","0.18%"
"02/26/2026","95.52","95.17","95.68","94.93","3.76M","0.69%"
"02/25/2026","94.87","95.03","95.32","94.42","3.30M","-0.27%"
"02/24/2026","95.13","94.65","95.25","94.48","3.79M","0.25%"
"02/23/2026","94.89","94.75","95.64","94.55","3.65M","0.01%"
"02/20/2026","94.88","94.29","94.89","94.11","2.84M","0.75%"
"02/19/2026","94.17","94.26","94.81","93.79","2.65M","-0.21%"
"02/18/2026","94.37","95.22","95.36","94.15","4.16M","-1.17%"
"02/17/2026","95.49","94.94","95.56","94.38","3.61M","0.95%"
"02/13/2026","94.59","93.59","94.93","93.30","3.91M","1.44%"
"02/12/2026","93.25","94.46","95.15","93.10","7.47M","-0.12%"
"02/11/2026","93.36","94.07","94.20","93.22","4.43M","-0.55%"
"02/10/2026","93.88","92.76","94.11","92.74","4.27M","1.34%"
"02/09/2026","92.64","92.16","92.72","91.60","3.02M","0.42%"
"02/06/2026","92.25","91.53","92.38","91.32","3.64M","1.57%"
"02/05/2026","90.82","90.76","91.33","90.24","3.59M","-0.14%"
"02/04/2026","90.95","90.24","91.32","89.89","3.94M","1.44%"
"02/03/2026","89.66","89.75","90.18","89.07","4.82M","-0.22%"
"02/02/2026","89.86","90.90","91.15","89.82","5.28M","-1.04%"
"01/30/2026","90.80","90.46","90.82","89.65","4.62M","0.10%"
"01/29/2026","90.71","89.98","90.83","89.42","7.28M","1.40%"
"01/28/2026","89.46","90.48","90.61","89.24","4.52M","-1.03%"
"01/27/2026","90.39","90.31","90.58","90.04","3.22M","-0.03%"
"01/26/2026","90.42","90.79","91.06","90.32","3.00M","-0.13%"
"01/23/2026","90.54","90.22","90.63","89.88","2.84M","0.20%"
"01/22/2026","90.36","91.37","91.62","90.31","3.92M","-0.99%"
"01/21/2026","91.26","91.54","91.69","90.53","6.14M","0.40%"
"01/20/2026","90.90","91.82","92.07","90.84","4.65M","-1.86%"
"01/16/2026","92.62","91.34","92.82","91.21","4.82M","1.22%"
"01/15/2026","91.50","91.30","91.89","91.02","3.85M","0.69%"
"01/14/2026","90.87","90.08","90.89","90.01","3.54M","0.87%"
"01/13/2026","90.09","89.62","90.16","88.81","3.09M","0.56%"
"01/12/2026","89.59","89.58","89.96","89.32","3.34M","0.13%"
"01/09/2026","89.47","89.31","90.02","89.31","4.13M","0.20%"
"01/08/2026","89.29","88.10","89.63","88.01","5.17M","0.89%"
"01/07/2026","88.50","89.87","90.01","88.48","6.67M","-0.97%"
"01/06/2026","89.37","88.38","89.57","88.28","4.89M","0.73%"
"01/05/2026","88.72","88.30","89.07","87.88","5.50M","0.23%"
"01/02/2026","88.52","88.37","88.85","87.84","3.52M","0.03%"
"12/31/2025","88.49","89.18","89.20","88.45","3.30M","-0.82%"
"12/30/2025","89.22","89.10","89.27","88.92","2.81M","0.20%"
"12/29/2025","89.04","89.24","89.33","88.79","2.60M","0.20%"
"12/26/2025","88.86","88.70","88.92","88.46","2.07M","0.11%"
"12/25/2025","88.76","88.21","88.76","88.76","2.73M","0.00%"
"12/24/2025","88.76","88.21","88.91","88.21","2.73M","0.66%"
"12/23/2025","88.18","88.28","88.28","87.86","3.96M","-0.07%"
"12/22/2025","88.24","87.65","88.36","87.47","3.59M","-0.40%"
"12/19/2025","88.59","88.67","89.17","88.55","4.16M","-0.38%"
"12/18/2025","88.93","89.84","89.99","88.83","3.82M","-0.53%"
"12/17/2025","89.40","88.99","89.76","88.97","3.72M","0.37%"
"12/16/2025","89.07","89.65","89.98","88.93","3.72M","-0.74%"
"12/15/2025","89.73","89.82","89.88","89.10","3.92M","0.31%"
"12/12/2025","89.45","89.95","90.27","89.23","3.86M","-0.12%"
"12/11/2025","89.56","89.43","89.92","89.26","5.21M","0.44%"
"12/10/2025","89.17","89.13","89.81","89.01","4.63M","0.36%"
"12/09/2025","88.85","89.44","89.98","88.82","4.19M","-0.38%"
"12/08/2025","89.19","89.92","89.92","89.15","3.97M","-0.77%"
"12/05/2025","89.88","89.82","90.35","89.72","3.86M","-0.11%"
"12/04/2025","89.98","90.03","90.59","89.86","4.84M","-0.24%"
"12/03/2025","90.20","89.86","90.42","89.81","3.20M","0.26%"
"12/02/2025","89.97","90.52","90.64","89.68","2.74M","-0.35%"
"12/01/2025","90.29","90.45","90.81","90.22","3.12M","-1.15%"
"11/28/2025","91.34","90.93","91.60","90.93","1.63M","0.33%"
"11/26/2025","91.04","90.43","91.57","90.39","3.30M","0.44%"
"11/25/2025","90.64","90.05","91.04","90.05","4.23M","0.92%"
"11/24/2025","89.81","89.64","89.94","89.09","3.33M","0.27%"
"11/21/2025","89.57","88.66","89.89","88.38","5.77M","1.62%"
"11/20/2025","88.14","89.07","89.57","88.11","5.32M","-0.42%"
"11/19/2025","88.51","89.20","89.30","88.21","4.03M","-0.78%"
"11/18/2025","89.21","88.81","89.46","88.57","4.28M","0.41%"
"11/17/2025","88.85","89.83","89.85","88.60","4.07M","-0.83%"
"11/14/2025","89.59","89.63","89.74","89.10","3.66M","0.21%"
"11/13/2025","89.40","90.03","90.40","89.25","3.73M","-1.23%"
"11/12/2025","90.51","90.75","91.17","90.48","3.65M","-0.75%"
"11/11/2025","91.19","90.51","91.26","90.49","3.19M","1.12%"
"11/10/2025","90.18","90.02","90.58","89.64","3.40M","-0.06%"
"11/07/2025","90.23","89.04","90.25","88.94","5.28M","1.55%"
"11/06/2025","88.85","89.19","89.55","88.82","3.42M","-0.48%"
"11/05/2025","89.28","89.48","89.57","88.74","2.89M","0.09%"
"11/04/2025","89.20","89.24","89.32","88.76","4.06M","0.17%"
"11/03/2025","89.05","88.20","89.14","87.86","4.52M","-0.15%"
"10/31/2025","89.18","88.50","89.47","88.17","3.98M","0.26%"
"10/30/2025","88.95","88.46","89.55","88.20","5.18M","0.47%"
"10/29/2025","88.53","90.20","90.36","88.23","5.65M","-2.58%"
"10/28/2025","90.87","92.47","92.47","90.80","4.64M","-1.96%"
"10/27/2025","92.69","92.49","92.72","92.08","2.92M","0.28%"
"10/24/2025","92.43","92.82","92.93","92.43","2.62M","0.29%"
"10/23/2025","92.16","92.32","92.57","91.39","2.69M","-0.07%"
"10/22/2025","92.22","92.11","92.37","91.68","2.49M","0.42%"
"10/21/2025","91.83","92.00","92.44","91.68","2.83M","-0.28%"
"10/20/2025","92.09","91.60","92.11","91.39","2.04M","1.01%"
"10/17/2025","91.17","90.54","91.28","90.26","2.95M","0.65%"
"10/16/2025","90.58","91.07","91.43","90.38","3.72M","-0.35%"
"10/15/2025","90.90","89.91","91.16","89.84","3.03M","1.45%"
"10/14/2025","89.60","88.57","89.74","88.39","3.05M","1.03%"
"10/13/2025","88.69","88.21","88.78","88.08","2.81M","0.64%"
"10/10/2025","88.13","89.52","89.69","88.09","4.00M","-1.28%"
"10/09/2025","89.27","89.93","89.99","89.04","3.12M","-0.55%"
"10/08/2025","89.76","89.82","90.10","89.53","3.33M","-0.52%"
"10/07/2025","90.23","90.63","90.81","89.85","4.55M","-0.36%"
"10/06/2025","90.56","91.48","91.50","90.53","4.15M","-0.94%"
"10/03/2025","91.42","91.20","92.16","91.20","2.50M","0.37%"
"10/02/2025","91.08","91.36","91.36","90.51","4.19M","-0.52%"
"10/01/2025","91.56","91.37","91.88","91.25","2.93M","0.15%"
"09/30/2025","91.42","91.07","91.49","90.79","3.00M","0.41%"
"09/29/2025","91.05","91.12","91.23","90.65","3.16M","0.03%"
"09/26/2025","91.02","90.50","91.18","90.30","5.43M","0.99%"
"09/25/2025","90.13","90.39","90.75","90.06","4.25M","-0.30%"
"09/24/2025","90.40","91.22","91.26","90.39","2.71M","-1.92%"
"09/23/2025","92.17","91.79","92.39","91.67","3.42M","0.55%"
"09/22/2025","91.67","91.68","91.87","91.09","3.65M","0.02%"
"09/19/2025","91.65","92.37","92.49","91.65","3.08M","-0.65%"
"09/18/2025","92.25","92.16","92.64","91.94","2.97M","0.22%"
"09/17/2025","92.05","92.45","93.58","91.95","4.57M","-0.13%"
"09/16/2025","92.17","92.65","92.80","91.91","3.26M","-0.53%"
"09/15/2025","92.66","93.11","93.24","92.39","2.75M","-0.16%"
"09/12/2025","92.81","93.18","93.33","92.71","2.17M","-0.46%"
"09/11/2025","93.24","91.83","93.42","91.75","2.67M","1.82%"
"09/10/2025","91.57","91.73","92.26","91.42","2.24M","-0.16%"
"09/09/2025","91.72","91.67","91.75","91.33","2.53M","-0.23%"
"09/08/2025","91.93","91.54","91.94","91.24","2.88M","-0.58%"
"09/05/2025","92.47","92.07","92.92","91.83","3.45M","1.13%"
"09/04/2025","91.44","91.04","91.50","90.57","3.69M","0.75%"
"09/03/2025","90.76","90.54","90.98","90.40","2.51M","0.06%"
"09/02/2025","90.71","91.41","91.51","90.39","3.42M","-1.66%"
"08/29/2025","92.24","91.86","92.26","91.78","2.14M","0.55%"
"08/28/2025","91.74","92.01","92.04","91.20","2.53M","-0.26%"
"08/27/2025","91.98","91.65","92.23","91.57","1.89M","0.62%"
"08/26/2025","91.41","91.62","91.91","91.23","2.74M","-0.26%"
"08/25/2025","91.65","92.01","92.34","91.58","2.97M","-0.57%"
"08/22/2025","92.18","91.06","92.61","90.90","3.32M","1.94%"
"08/21/2025","90.43","90.26","90.76","90.06","2.63M","-0.30%"
"08/20/2025","90.70","90.66","91.43","90.43","2.93M","0.29%"
"08/19/2025","90.44","89.38","90.48","89.29","4.17M","1.72%"
"08/18/2025","88.91","89.68","89.82","88.88","2.56M","-0.85%"
"08/15/2025","89.67","89.17","89.92","89.09","2.40M","0.57%"
"08/14/2025","89.16","89.23","89.38","88.59","3.52M","-0.71%"
"08/13/2025","89.80","89.16","89.93","88.82","3.58M","0.93%"
"08/12/2025","88.97","88.74","88.99","88.08","3.24M","0.57%"
"08/11/2025","88.47","88.71","89.15","88.43","2.62M","-0.66%"
"08/08/2025","89.06","89.94","89.99","88.86","3.23M","-0.82%"
"08/07/2025","89.80","90.00","90.00","89.24","3.35M","0.29%"
"08/06/2025","89.54","90.30","90.39","89.50","3.60M","-0.78%"
"08/05/2025","90.24","89.90","90.33","89.51","3.75M","0.46%"
"08/04/2025","89.83","89.11","90.06","89.07","3.39M","1.02%"
"08/01/2025","88.92","90.03","90.10","88.29","5.40M","-0.25%"
"07/31/2025","89.14","89.90","90.36","89.01","4.82M","-1.40%"
"07/30/2025","90.41","91.67","91.82","89.83","4.41M","-1.42%"
"07/29/2025","91.71","90.77","91.81","90.32","3.71M","1.61%"
"07/28/2025","90.26","91.49","91.53","90.19","2.55M","-1.60%"
"07/25/2025","91.73","91.85","91.87","90.80","2.96M","0.01%"
"07/24/2025","91.72","91.86","92.13","91.67","3.24M","-0.35%"
"07/23/2025","92.04","92.00","92.18","91.64","2.98M","0.20%"
"07/22/2025","91.86","90.58","91.95","90.57","2.68M","1.72%"
"07/21/2025","90.31","90.56","90.89","90.10","3.90M","0.41%"
"07/18/2025","89.94","89.95","90.29","89.57","2.52M","0.21%"
"07/17/2025","89.75","89.78","90.14","89.34","3.41M","-0.11%"
"07/16/2025","89.85","89.45","90.00","88.98","4.13M","0.94%"
"07/15/2025","89.01","90.34","90.43","88.83","4.48M","-1.47%"
"07/14/2025","90.34","89.73","90.36","89.58","3.26M","0.65%"
"07/11/2025","89.76","89.11","89.96","88.80","3.99M","0.01%"
"07/10/2025","89.75","89.27","90.35","88.98","5.30M","0.63%"
"07/09/2025","89.19","89.33","89.45","88.81","3.84M","0.08%"
"07/08/2025","89.12","88.98","89.60","88.76","3.63M","-0.15%"
"07/07/2025","89.25","89.99","90.49","88.77","4.47M","-0.86%"
"07/03/2025","90.02","89.98","90.36","89.67","2.36M","0.11%"
"07/02/2025","89.92","89.50","90.04","89.14","3.47M","0.23%"
"07/01/2025","89.71","88.88","90.39","88.77","5.55M","0.73%"
"06/30/2025","89.06","88.55","89.10","87.55","8.75M","0.64%"
"06/27/2025","88.49","88.29","89.41","88.14","3.18M","0.25%"
"06/26/2025","88.27","88.54","88.54","87.18","5.89M","-1.06%"
"06/25/2025","89.22","90.91","90.91","89.17","4.28M","-2.41%"
"06/24/2025","91.42","91.33","91.77","90.81","2.73M","0.26%"
"06/23/2025","91.18","90.00","91.25","89.88","3.14M","1.50%"
"06/20/2025","89.83","90.21","90.68","89.73","2.94M","-0.07%"
"06/18/2025","89.89","89.82","90.56","89.39","2.95M","0.35%"
"06/17/2025","89.58","89.89","90.17","89.27","1.88M","-0.36%"
"06/16/2025","89.90","90.18","91.00","89.60","2.66M","0.08%"
"06/13/2025","89.83","89.99","90.56","89.24","2.33M","-0.97%"
"06/12/2025","90.71","90.21","90.80","90.06","2.01M","0.49%"
"06/11/2025","90.27","90.89","91.29","89.93","2.87M","-0.54%"
"06/10/2025","90.76","90.14","90.82","90.12","4.04M","0.86%"
"06/09/2025","89.99","89.90","90.53","89.29","3.68M","0.13%"
"06/06/2025","89.87","89.80","90.28","89.39","2.71M","0.48%"
"06/05/2025","89.44","89.55","89.91","88.96","3.15M","-0.08%"
"06/04/2025","89.51","89.22","89.81","88.81","2.60M","0.28%"
"06/03/2025","89.26","89.03","89.39","88.49","2.16M","-0.20%"
"06/02/2025","89.44","88.63","89.46","87.83","3.10M","0.13%"
"05/30/2025","89.32","88.97","89.55","88.45","2.53M","0.00%"
"05/29/2025","89.32","88.58","89.68","88.40","2.44M","0.90%"
"05/28/2025","88.52","88.64","88.66","87.93","1.91M","-0.10%"
"05/27/2025","88.61","87.81","88.82","87.51","2.12M","1.75%"
"05/23/2025","87.09","86.84","87.35","86.54","2.12M","0.10%"
"05/22/2025","87.00","87.46","87.46","86.36","2.54M","-0.46%"
"05/21/2025","87.40","89.13","89.49","87.33","2.68M","-2.66%"
"05/20/2025","89.79","89.64","90.18","89.58","2.00M","-0.59%"
"05/19/2025","90.32","89.53","90.43","89.36","2.96M","0.02%"
"05/16/2025","90.30","89.20","90.32","89.03","2.58M","1.24%"
"05/15/2025","89.19","87.91","89.21","87.82","2.56M","1.83%"
"05/14/2025","87.59","88.15","88.15","87.26","3.05M","-0.98%"
"05/13/2025","88.46","89.58","89.68","88.19","4.18M","-1.27%"
"05/12/2025","89.60","90.36","90.37","89.11","3.66M","0.49%"
"05/09/2025","89.16","88.50","89.39","88.37","3.46M","0.67%"
"05/08/2025","88.57","89.28","89.43","88.24","2.65M","-0.39%"
"05/07/2025","88.92","89.00","89.65","88.73","2.22M","0.11%"
"05/06/2025","88.82","89.10","89.55","88.40","2.58M","-0.77%"
"05/05/2025","89.51","89.56","90.04","89.03","2.29M","-0.22%"
"05/02/2025","89.71","89.71","90.02","89.30","2.24M","1.23%"
"05/01/2025","88.62","88.64","89.39","87.96","3.57M","0.33%"
"04/30/2025","88.33","87.60","88.64","86.75","3.74M","0.35%"
"04/29/2025","88.02","87.51","88.44","87.20","2.74M","0.54%"
"04/28/2025","87.55","86.93","87.72","86.67","2.91M","0.62%"
"04/25/2025","87.01","87.16","87.35","86.38","2.41M","-0.17%"
"04/24/2025","87.16","86.89","87.77","86.45","2.08M","0.37%"
"04/23/2025","86.84","87.65","88.58","86.36","2.49M","0.18%"
"04/22/2025","86.68","85.98","87.04","85.80","2.21M","1.94%"
"04/21/2025","85.03","85.97","86.21","83.97","2.41M","-2.08%"
"04/17/2025","86.84","85.70","87.49","85.70","3.38M","1.50%"
"04/16/2025","85.56","85.88","86.65","84.98","2.39M","-0.07%"
"04/15/2025","85.62","85.61","86.18","85.13","2.44M","0.30%"
"04/14/2025","85.36","84.37","85.87","84.13","3.23M","2.07%"
"04/11/2025","83.63","82.05","83.80","81.07","5.28M","1.22%"
"04/10/2025","82.62","83.42","84.41","80.50","7.44M","-2.28%"
"04/09/2025","84.55","78.33","84.94","76.92","10.99M","5.97%"
"04/08/2025","79.79","83.95","84.15","78.85","7.40M","-2.68%"
"04/07/2025","81.99","82.28","85.32","80.09","13.29M","-2.62%"
"04/04/2025","84.20","87.11","87.25","84.10","7.80M","-4.34%"
"04/03/2025","88.02","89.71","90.79","87.96","5.79M","-3.41%"
"04/02/2025","91.13","90.28","91.28","90.03","3.43M","0.61%"
"04/01/2025","90.58","90.79","90.99","89.48","4.28M","0.04%"
"03/31/2025","90.54","89.73","91.08","89.73","2.96M","0.93%"
"03/28/2025","89.71","90.12","90.28","89.13","3.60M","-0.13%"
"03/27/2025","89.83","90.28","90.94","89.61","2.99M","-0.26%"
"03/26/2025","90.06","89.94","90.53","89.73","3.09M","0.39%"
"03/25/2025","89.71","90.62","90.74","89.17","4.21M","-2.13%"
"03/24/2025","91.66","90.85","91.81","90.51","3.72M","1.54%"
"03/21/2025","90.27","90.75","90.90","89.71","3.40M","-1.11%"
"03/20/2025","91.28","91.31","91.84","90.87","2.04M","-0.07%"
"03/19/2025","91.34","91.24","92.03","90.57","1.88M","0.12%"
"03/18/2025","91.23","91.57","92.11","90.86","1.96M","-0.52%"
"03/17/2025","91.71","90.04","92.00","90.04","2.23M","1.71%"
"03/14/2025","90.17","89.16","90.25","88.65","3.77M","2.00%"
"03/13/2025","88.40","90.18","90.80","88.29","3.88M","-1.97%"
"03/12/2025","90.18","90.61","90.96","89.76","3.30M","-0.31%"
"03/11/2025","90.46","91.53","92.00","89.91","3.92M","-1.17%"
"03/10/2025","91.53","92.32","93.32","91.03","3.53M","-0.96%"
"03/07/2025","92.42","91.90","92.84","91.31","4.45M","0.60%"
"03/06/2025","91.87","93.34","93.62","91.64","4.97M","-2.57%"
"03/05/2025","94.29","92.68","94.46","92.49","2.57M","1.12%"
"03/04/2025","93.25","94.33","94.90","93.12","4.54M","-1.16%"
"03/03/2025","94.34","94.04","94.95","93.80","4.60M","0.47%"
"02/28/2025","93.90","93.53","93.94","92.82","4.21M","0.85%"
"02/27/2025","93.11","92.76","93.66","92.61","2.38M","0.40%"
"02/26/2025","92.74","93.34","93.54","92.42","2.83M","-0.42%"
"02/25/2025","93.13","92.26","93.55","92.26","4.33M","1.23%"
"02/24/2025","92.00","91.77","92.58","91.36","3.26M","0.39%"
"02/21/2025","91.64","92.71","92.77","91.10","2.53M","-0.98%"
"02/20/2025","92.55","92.04","92.66","91.59","2.92M","0.48%"
"02/19/2025","92.11","91.64","92.34","91.45","2.34M","0.08%"
"02/18/2025","92.04","91.49","92.36","91.37","2.50M","0.45%"
"02/14/2025","91.63","92.28","92.69","91.61","2.34M","-0.46%"
"02/13/2025","92.05","91.00","92.21","90.81","3.73M","1.00%"
"02/12/2025","91.14","90.15","91.43","90.01","4.75M","-0.92%"
"02/11/2025","91.99","91.18","92.03","91.09","2.26M","0.44%"
"02/10/2025","91.59","91.79","91.83","90.90","2.20M","-0.04%"
"02/07/2025","91.63","92.10","92.15","91.10","2.52M","-0.33%"
"02/06/2025","91.93","92.21","92.21","91.34","3.47M","0.25%"
"02/05/2025","91.70","91.28","91.89","90.47","3.31M","1.40%"
"02/04/2025","90.43","89.81","90.64","89.50","3.37M","0.08%"
"02/03/2025","90.36","89.75","90.71","88.92","5.19M","-0.21%"
"01/31/2025","90.55","90.51","91.43","90.29","2.57M","-0.22%"
"01/30/2025","90.75","90.68","91.52","90.02","3.49M","1.27%"
"01/29/2025","89.61","90.84","91.08","89.18","2.82M","-1.32%"
"01/28/2025","90.81","91.65","91.65","90.59","2.37M","-1.21%"
"01/27/2025","91.92","90.70","91.94","90.59","4.11M","1.33%"
"01/24/2025","90.71","90.08","91.29","90.04","3.27M","0.34%"
"01/23/2025","90.40","89.89","90.42","89.05","2.71M","0.74%"
"01/22/2025","89.74","91.06","91.06","89.68","2.97M","-1.74%"
"01/21/2025","91.33","90.10","91.39","90.02","3.64M","1.87%"
"01/17/2025","89.65","89.97","90.26","89.65","3.67M","-0.07%"
"01/16/2025","89.71","88.09","89.80","87.81","4.11M","2.07%"
"01/15/2025","87.89","89.79","89.87","87.83","3.89M","0.57%"
"01/14/2025","87.39","86.97","87.58","86.75","3.83M","0.91%"
"01/13/2025","86.60","85.48","86.68","85.28","3.74M","1.23%"
"01/10/2025","85.55","86.31","86.52","85.48","10.06M","-2.44%"
"01/08/2025","87.69","87.45","87.76","86.61","5.25M","0.26%"
"01/07/2025","87.46","88.68","88.99","87.22","5.68M","-0.95%"
"01/06/2025","88.30","89.33","89.72","88.15","4.21M","-1.29%"
"01/03/2025","89.45","88.50","89.54","88.22","3.47M","1.31%"
"01/02/2025","88.29","89.09","89.27","88.01","5.30M","-0.89%"
"12/31/2024","89.08","88.97","89.29","88.28","5.05M","0.87%"
"12/30/2024","88.31","88.42","88.56","87.44","4.40M","-0.50%"
"12/27/2024","88.75","89.12","89.77","88.50","3.82M","-1.00%"
"12/26/2024","89.65","89.17","89.74","88.73","2.58M","0.27%"
"12/24/2024","89.41","88.55","89.51","88.51","2.18M","0.66%"
"12/23/2024","88.82","88.18","88.93","87.84","4.55M","-0.57%"
"12/20/2024","89.33","87.85","90.34","87.85","7.62M","1.68%"
"12/19/2024","87.85","89.47","90.15","87.79","5.40M","-1.55%"
"12/18/2024","89.23","92.83","93.27","89.21","5.41M","-4.13%"
"12/17/2024","93.07","93.14","93.83","92.83","3.02M","-0.48%"
"12/16/2024","93.52","93.80","94.58","93.45","3.65M","-0.35%"
"12/13/2024","93.85","93.99","94.19","93.59","2.80M","-0.29%"
"12/12/2024","94.12","94.03","95.13","94.03","2.26M","-0.16%"
"12/11/2024","94.27","94.53","94.98","94.01","4.30M","-0.23%"
"12/10/2024","94.49","95.76","95.76","94.19","2.90M","-1.45%"
"12/09/2024","95.88","95.74","96.20","95.60","2.87M","0.28%"
"12/06/2024","95.61","96.01","96.33","95.19","1.87M","-0.15%"
"12/05/2024","95.75","95.59","95.84","95.22","2.92M","-0.24%"
"12/04/2024","95.98","96.34","96.34","95.47","2.22M","-0.27%"
"12/03/2024","96.24","96.82","97.11","96.18","1.99M","-0.51%"
"12/02/2024","96.73","97.66","97.74","96.46","3.66M","-1.46%"
"11/29/2024","98.16","98.75","99.09","98.04","1.92M","-0.45%"
"11/27/2024","98.60","98.53","99.20","98.51","2.38M","0.64%"
"11/26/2024","97.97","97.42","98.07","97.04","2.77M","0.40%"
"11/25/2024","97.58","96.80","98.06","96.80","4.00M","1.39%"
"11/22/2024","96.24","95.84","96.42","95.83","2.94M","0.75%"
"11/21/2024","95.52","94.84","95.81","94.45","2.99M","0.74%"
"11/20/2024","94.82","94.55","94.94","94.05","3.14M","-0.13%"
"11/19/2024","94.94","94.23","95.17","93.78","3.04M","0.49%"
"11/18/2024","94.48","93.38","94.48","93.22","2.47M","0.72%"
"11/15/2024","93.80","93.41","93.98","93.01","2.79M","0.05%"
"11/14/2024","93.75","94.60","94.60","93.57","3.71M","-0.90%"
"11/13/2024","94.60","94.86","95.45","94.46","2.88M","0.55%"
"11/12/2024","94.08","95.05","95.46","94.07","4.65M","-1.38%"
"11/11/2024","95.40","95.81","96.44","95.33","2.28M","-0.50%"
"11/08/2024","95.88","94.83","96.16","94.70","4.09M","1.49%"
"11/07/2024","94.47","93.80","94.75","93.54","4.87M","1.20%"
"11/06/2024","93.35","95.63","95.63","92.37","6.34M","-2.13%"
"11/05/2024","95.38","93.61","95.43","93.39","2.40M","1.33%"
"11/04/2024","94.13","93.41","94.46","93.38","3.37M","1.10%"
"11/01/2024","93.11","94.68","94.91","93.06","4.84M","-1.10%"
"10/31/2024","94.15","95.00","95.58","94.09","4.95M","-1.69%"
"10/30/2024","95.77","95.35","96.48","95.30","2.93M","0.44%"
"10/29/2024","95.35","95.74","96.15","95.04","2.82M","-0.72%"
"10/28/2024","96.04","96.43","96.99","95.92","2.30M","0.31%"
"10/25/2024","95.74","97.31","97.61","95.71","3.83M","-0.94%"
"10/24/2024","96.65","96.56","97.25","96.47","2.63M","0.22%"
"10/23/2024","96.44","95.51","96.62","95.41","2.71M","0.73%"
"10/22/2024","95.74","95.31","96.08","95.16","2.53M","0.15%"
"10/21/2024","95.60","97.03","97.42","95.47","4.14M","-1.96%"
"10/18/2024","97.51","97.03","97.55","96.66","2.08M","0.74%"
"10/17/2024","96.79","97.18","97.29","96.50","2.90M","-0.79%"
"10/16/2024","97.56","96.73","97.68","96.55","3.18M","1.10%"
"10/15/2024","96.50","95.80","97.32","95.75","2.81M","1.21%"
"10/14/2024","95.35","94.50","95.50","94.28","2.53M","0.60%"
"10/11/2024","94.78","94.20","94.78","94.02","2.65M","1.13%"
"10/10/2024","93.72","94.02","94.67","93.43","2.66M","-0.89%"
"10/09/2024","94.56","94.28","94.57","93.92","4.12M","0.11%"
"10/08/2024","94.46","94.51","94.89","94.08","3.77M","0.20%"
"10/07/2024","94.27","94.59","94.59","93.84","3.42M","-0.88%"
"10/04/2024","95.11","95.03","95.35","94.24","4.60M","-0.48%"
"10/03/2024","95.57","96.11","96.32","95.23","2.66M","-0.91%"
"10/02/2024","96.45","95.99","96.54","95.75","5.16M","-0.35%"
"10/01/2024","96.79","97.63","97.80","96.36","4.24M","-0.65%"
"09/30/2024","97.42","96.49","97.49","96.27","4.21M","0.79%"
"09/27/2024","96.66","97.34","97.57","96.62","4.93M","-0.71%"
"09/26/2024","97.35","98.41","98.47","97.08","4.78M","-0.91%"
"09/25/2024","98.24","99.00","99.22","98.02","2.47M","-0.67%"
"09/24/2024","98.90","98.37","99.18","98.04","3.28M","0.14%"
"09/23/2024","98.76","98.46","98.87","98.27","3.32M","0.99%"
"09/20/2024","97.79","97.62","98.06","97.44","3.71M","-0.40%"
"09/19/2024","98.18","99.01","99.05","97.54","4.45M","0.02%"
"09/18/2024","98.16","98.43","99.58","98.01","5.10M","-0.12%"
"09/17/2024","98.28","99.10","99.37","98.04","2.99M","-0.70%"
"09/16/2024","98.97","99.05","99.40","98.65","4.14M","0.33%"
"09/13/2024","98.64","98.25","98.66","98.01","3.40M","1.04%"
"09/12/2024","97.62","97.43","97.69","96.60","2.71M","0.42%"
"09/11/2024","97.21","96.52","97.32","95.42","3.87M","-0.20%"
"09/10/2024","97.40","96.29","97.43","96.03","6.00M","1.45%"
"09/09/2024","96.01","94.96","96.19","94.80","2.91M","1.12%"
"09/06/2024","94.95","95.19","95.21","94.19","6.97M","-0.09%"
"09/05/2024","95.04","95.98","96.14","94.87","6.27M","-0.33%"
"09/04/2024","95.35","95.32","96.23","94.85","3.04M","0.28%"
"09/03/2024","95.08","94.74","95.50","94.49","5.16M","-0.05%"
"08/30/2024","95.13","94.65","95.18","93.96","3.49M","0.97%"
"08/29/2024","94.22","94.46","94.62","93.84","3.38M","-0.31%"
"08/28/2024","94.51","94.86","95.11","94.06","2.66M","-0.39%"
"08/27/2024","94.88","94.04","94.95","93.96","1.86M","0.15%"
"08/26/2024","94.74","95.17","95.37","94.58","2.75M","-0.04%"
"08/23/2024","94.78","93.14","94.90","93.07","8.04M","2.20%"
"08/22/2024","92.74","92.52","92.82","92.22","3.18M","0.29%"
"08/21/2024","92.47","92.08","92.51","91.63","2.97M","0.53%"
"08/20/2024","91.98","92.19","92.34","91.66","4.93M","-0.12%"
"08/19/2024","92.09","91.33","92.09","91.32","2.63M","0.83%"
"08/16/2024","91.33","91.38","91.70","90.92","2.26M","-0.05%"
"08/15/2024","91.38","91.59","91.79","90.98","4.05M","-0.08%"
"08/14/2024","91.45","91.37","91.88","90.93","2.97M","0.26%"
"08/13/2024","91.21","91.06","91.31","90.55","3.11M","0.87%"
"08/12/2024","90.42","90.77","90.78","89.78","2.93M","-0.74%"
"08/09/2024","91.09","91.02","91.26","90.10","4.13M","0.46%"
"08/08/2024","90.67","89.80","90.85","89.52","5.98M","0.98%"
"08/07/2024","89.79","90.81","91.85","89.68","5.00M","-0.69%"
"08/06/2024","90.41","88.64","91.37","88.27","7.32M","1.97%"
"08/05/2024","88.66","89.48","91.02","88.42","6.85M","-2.86%"
"08/02/2024","91.27","91.10","92.13","90.45","5.22M","-0.05%"
"08/01/2024","91.32","91.46","91.82","90.46","6.99M","1.01%"
"07/31/2024","90.41","90.89","91.54","90.15","5.63M","-0.35%"
"07/30/2024","90.73","90.37","90.93","90.03","2.85M","0.78%"
"07/29/2024","90.03","89.71","90.33","88.92","3.37M","0.51%"
"07/26/2024","89.57","88.68","89.88","88.44","3.33M","1.75%"
"07/25/2024","88.03","88.65","89.68","87.84","4.72M","-0.33%"
"07/24/2024","88.32","89.59","90.17","88.23","3.84M","-1.47%"
"07/23/2024","89.64","89.57","90.26","89.17","2.66M","-0.08%"
"07/22/2024","89.71","89.05","89.80","88.41","3.24M","1.04%"
"07/19/2024","88.79","89.08","89.23","88.40","2.81M","-0.18%"
"07/18/2024","88.95","89.24","90.79","88.72","4.46M","-0.88%"
"07/17/2024","89.74","89.02","90.34","89.02","4.76M","0.68%"
"07/16/2024","89.13","88.61","89.16","88.15","3.03M","1.23%"
"07/15/2024","88.05","87.62","88.16","87.37","2.93M","0.67%"
"07/12/2024","87.46","87.50","88.02","87.14","3.56M","0.76%"
"07/11/2024","86.80","85.46","87.10","85.46","4.37M","2.87%"
"07/10/2024","84.38","84.10","84.45","83.57","2.48M","0.74%"
"07/09/2024","83.76","83.58","84.04","82.95","2.12M","-0.02%"
"07/08/2024","83.78","83.61","83.98","83.40","3.24M","0.32%"
"07/05/2024","83.51","83.44","83.67","82.98","3.22M","0.28%"
"07/03/2024","83.28","83.45","83.94","83.27","1.57M","-0.10%"
"07/02/2024","83.36","83.21","83.49","82.88","3.14M","0.47%"
"07/01/2024","82.97","83.69","83.90","82.46","3.27M","-0.94%"
"06/28/2024","83.76","83.49","84.12","83.13","4.09M","-0.44%"
"06/27/2024","84.13","83.45","84.16","83.26","4.24M","0.97%"
"06/26/2024","83.32","83.00","83.57","82.84","3.29M","-0.31%"
"06/25/2024","83.58","84.48","84.52","83.13","3.75M","-1.23%"
"06/24/2024","84.62","84.01","85.46","83.88","2.83M","0.77%"
"06/21/2024","83.97","83.92","84.14","83.40","2.34M","0.25%"
"06/20/2024","83.76","83.74","84.04","83.49","2.43M","-0.29%"
"06/18/2024","84.00","83.89","84.31","83.71","3.07M","0.39%"
"06/17/2024","83.67","83.51","84.09","83.15","2.17M","-0.39%"
"06/14/2024","84.00","83.73","84.24","83.32","2.18M","-0.02%"
"06/13/2024","84.02","83.87","84.29","83.38","2.62M","0.41%"
"06/12/2024","83.68","84.69","85.34","83.57","4.12M","0.89%"
"06/11/2024","82.94","82.85","83.33","82.61","3.26M","-0.36%"
"06/10/2024","83.24","82.70","83.51","82.10","2.45M","0.34%"
"06/07/2024","82.96","82.43","83.18","82.36","3.23M","-0.94%"
"06/06/2024","83.75","83.20","83.77","82.85","4.00M","0.19%"
"06/05/2024","83.59","83.74","83.86","83.09","2.37M","-0.12%"
"06/04/2024","83.69","82.81","84.04","82.81","2.72M","0.77%"
"06/03/2024","83.05","83.69","83.69","82.62","3.30M","-0.23%"
"05/31/2024","83.24","82.21","83.30","81.85","4.18M","1.87%"
"05/30/2024","81.71","80.93","81.75","80.93","2.75M","1.47%"
"05/29/2024","80.53","80.50","80.64","80.17","3.20M","-0.97%"
"05/28/2024","81.32","82.25","82.58","81.23","3.05M","-0.66%"
"05/24/2024","81.86","82.19","82.32","81.75","2.32M","0.07%"
"05/23/2024","81.80","83.60","83.60","81.75","4.06M","-2.15%"
"05/22/2024","83.60","84.07","84.41","83.35","3.89M","-0.90%"
"05/21/2024","84.36","84.19","84.50","84.01","2.66M","-0.04%"
"05/20/2024","84.39","84.72","84.97","84.29","2.84M","-0.59%"
"05/17/2024","84.89","85.00","85.10","84.58","2.79M","-0.01%"
"05/16/2024","84.90","85.04","85.28","84.76","2.58M","-0.07%"
"05/15/2024","84.96","85.03","85.42","84.76","3.54M","1.38%"
"05/14/2024","83.80","83.72","84.17","83.36","3.10M","0.77%"
"05/13/2024","83.16","83.20","83.65","82.76","2.85M","0.33%"
"05/10/2024","82.89","83.25","83.34","82.64","5.65M","-0.28%"
"05/09/2024","83.12","82.10","83.18","82.10","5.45M","2.05%"
"05/08/2024","81.45","81.69","81.69","81.18","4.13M","-0.84%"
"05/07/2024","82.14","82.01","82.40","81.78","3.67M","0.95%"
"05/06/2024","81.37","81.89","82.03","81.05","3.04M","0.09%"
"05/03/2024","81.30","82.16","82.64","81.11","4.27M","0.67%"
"05/02/2024","80.76","80.39","80.94","79.55","4.80M","1.41%"
"05/01/2024","79.64","79.50","81.12","79.37","7.20M","0.04%"
"04/30/2024","79.61","80.41","80.79","79.58","7.00M","-1.69%"
"04/29/2024","80.98","80.51","81.23","80.51","4.37M","1.02%"
"04/26/2024","80.16","80.24","80.96","80.00","3.37M","0.05%"
"04/25/2024","80.12","79.78","80.25","79.27","4.08M","-0.57%"
"04/24/2024","80.58","80.12","80.72","79.64","4.51M","0.19%"
"04/23/2024","80.43","79.85","80.76","79.72","5.48M","0.92%"
"04/22/2024","79.70","79.30","79.86","78.76","3.85M","0.89%"
"04/19/2024","79.00","78.66","79.35","78.63","4.59M","0.48%"
"04/18/2024","78.62","78.93","79.12","78.27","4.16M","0.01%"
"04/17/2024","78.61","79.03","79.38","78.56","5.55M","-0.73%"
"04/16/2024","79.19","79.96","80.05","78.96","6.60M","-1.41%"
"04/15/2024","80.32","82.25","82.33","79.87","5.48M","-1.70%"
"04/12/2024","81.71","82.19","82.38","81.39","5.45M","-1.19%"
"04/11/2024","82.69","82.99","83.16","81.86","7.15M","0.34%"
"04/10/2024","82.41","83.45","83.71","81.93","8.33M","-4.14%"
"04/09/2024","85.97","85.15","85.97","84.97","4.08M","1.33%"
"04/08/2024","84.84","84.21","84.92","84.12","3.87M","1.07%"
"04/05/2024","83.94","83.22","84.14","83.01","4.79M","0.51%"
"04/04/2024","83.51","84.74","85.14","83.21","5.95M","-0.64%"
"04/03/2024","84.05","83.76","84.15","83.41","3.63M","0.11%"
"04/02/2024","83.96","84.37","84.44","83.63","5.12M","-1.26%"
"04/01/2024","85.03","86.74","86.74","84.86","5.33M","-1.68%"
"03/28/2024","86.48","86.03","86.77","86.03","4.63M","0.71%"
"03/27/2024","85.87","84.67","85.90","84.47","5.19M","2.58%"
"03/26/2024","83.71","84.27","84.37","83.68","4.92M","-0.40%"
"03/25/2024","84.05","84.65","84.96","84.05","5.26M","-0.61%"
"03/22/2024","84.57","85.69","85.88","84.50","3.92M","-2.10%"
"03/21/2024","86.38","86.13","86.75","85.86","3.75M","0.72%"
"03/20/2024","85.76","84.67","86.02","84.32","4.61M","0.66%"
"03/19/2024","85.20","85.15","85.52","84.69","4.17M","-0.04%"
"03/18/2024","85.23","85.38","85.68","85.07","3.03M","0.05%"
"03/15/2024","85.19","84.56","85.52","84.54","4.21M","-0.22%"
"03/14/2024","85.38","86.32","86.49","84.64","4.16M","-1.50%"
"03/13/2024","86.68","86.97","87.51","86.40","3.42M","-0.51%"
"03/12/2024","87.12","87.15","87.48","86.37","3.31M","-0.22%"
"03/11/2024","87.31","87.54","88.07","86.94","3.47M","-0.48%"
"03/08/2024","87.73","87.50","88.03","87.30","4.55M","1.15%"
"03/07/2024","86.73","87.21","87.42","86.30","3.16M","-0.02%"
"03/06/2024","86.75","86.88","87.08","86.24","5.00M","0.50%"
"03/05/2024","86.32","86.91","87.54","85.92","4.72M","-1.21%"
"03/04/2024","87.38","86.33","87.43","85.72","5.32M","0.94%"
"03/01/2024","86.57","85.42","86.57","84.53","6.56M","1.19%"
"02/29/2024","85.55","85.51","86.00","85.16","6.60M","0.85%"
"02/28/2024","84.83","83.55","85.35","83.46","5.17M","1.01%"
"02/27/2024","83.98","84.34","84.72","83.80","3.86M","0.12%"
"02/26/2024","83.88","84.59","85.04","83.72","5.94M","-1.10%"
"02/23/2024","84.81","84.90","85.30","84.60","4.70M","-0.05%"
"02/22/2024","84.85","84.96","85.28","84.67","5.00M","0.19%"
"02/21/2024","84.69","84.40","84.81","84.07","4.05M","0.56%"
"02/20/2024","84.22","83.88","84.56","83.48","4.74M","-0.18%"
"02/16/2024","84.37","84.25","84.86","83.65","4.78M","-1.03%"
"02/15/2024","85.25","84.07","85.34","84.02","5.16M","2.33%"
"02/14/2024","83.31","83.02","83.78","82.62","5.26M","0.79%"
"02/13/2024","82.66","82.58","82.68","81.54","6.20M","-2.06%"
"02/12/2024","84.40","84.54","85.01","84.22","3.95M","0.02%"
"02/09/2024","84.38","84.20","84.52","83.43","3.48M","0.15%"
"02/08/2024","84.25","83.33","84.49","83.33","3.70M","0.81%"
"02/07/2024","83.57","83.99","84.07","83.10","5.07M","-0.14%"
"02/06/2024","83.69","82.71","83.85","82.41","5.48M","1.34%"
"02/05/2024","82.58","83.30","83.30","82.32","6.27M","-2.10%"
"02/02/2024","84.35","84.18","84.88","82.94","7.94M","-1.24%"
"02/01/2024","85.41","83.80","85.43","83.34","8.95M","1.81%"
"01/31/2024","83.89","84.98","85.63","83.73","8.89M","-0.96%"
"01/30/2024","84.70","85.13","85.43","84.54","4.58M","-0.94%"
"01/29/2024","85.50","84.92","85.67","84.69","3.59M","0.66%"
"01/26/2024","84.94","85.35","85.59","84.75","2.78M","-0.28%"
"01/25/2024","85.18","85.11","85.61","84.76","4.39M","1.28%"
"01/24/2024","84.10","86.19","86.27","84.04","3.27M","-1.43%"
"01/23/2024","85.32","86.24","86.53","85.03","4.82M","-0.69%"
"01/22/2024","85.91","85.70","86.74","85.52","4.20M","0.60%"
"01/19/2024","85.40","84.59","85.68","83.95","6.19M","1.20%"
"01/18/2024","84.39","84.98","85.30","83.78","4.54M","-0.54%"
"01/17/2024","84.85","85.25","86.32","83.99","4.90M","-1.83%"
"01/16/2024","86.43","86.58","86.97","86.15","5.13M","-0.74%"
"01/12/2024","87.07","87.42","87.70","86.63","3.07M","0.60%"
"01/11/2024","86.55","87.18","87.18","86.05","5.51M","-0.93%"
"01/10/2024","87.36","87.44","87.77","87.04","3.65M","0.11%"
"01/09/2024","87.26","87.00","87.61","86.58","3.82M","-0.67%"
"01/08/2024","87.85","86.56","87.95","86.36","5.37M","1.43%"
"01/05/2024","86.61","86.20","87.37","85.70","3.81M","-0.25%"
"01/04/2024","86.83","86.82","87.42","86.45","5.61M","-0.18%"
"01/03/2024","86.99","88.42","88.42","86.82","5.16M","-2.39%"
"01/02/2024","89.12","88.05","89.26","87.68","6.06M","0.86%"
"12/29/2023","88.36","89.10","89.17","88.26","5.33M","-1.19%"
"12/28/2023","89.42","88.68","89.42","88.56","3.88M","0.71%"
"12/27/2023","88.79","88.53","88.90","88.13","5.38M","0.49%"
"12/26/2023","88.36","87.68","88.60","87.58","4.34M","0.74%"
"12/22/2023","87.71","87.71","88.41","87.27","5.10M","0.39%"
"12/21/2023","87.37","87.35","87.58","86.43","4.43M","-0.34%"
"12/20/2023","87.67","88.84","89.46","87.61","6.07M","-1.22%"
"12/19/2023","88.75","88.50","89.00","88.42","5.79M","0.76%"
"12/18/2023","88.08","88.70","88.77","87.98","6.35M","-0.23%"
"12/15/2023","88.28","89.33","89.38","87.64","7.67M","-1.41%"
"12/14/2023","89.54","88.65","90.09","88.64","6.92M","2.88%"
"12/13/2023","87.03","83.94","87.33","83.71","5.65M","3.83%"
"12/12/2023","83.82","83.86","84.13","83.38","3.16M","-0.06%"
"12/11/2023","83.87","83.36","84.01","83.24","3.14M","0.27%"
"12/08/2023","83.64","83.49","83.85","82.79","3.42M","-0.17%"
"12/07/2023","83.78","83.59","84.04","83.21","6.63M","0.29%"
"12/06/2023","83.54","84.21","84.78","83.48","4.40M","-0.30%"
"12/05/2023","83.79","83.90","84.04","83.36","6.15M","-0.66%"
"12/04/2023","84.35","83.38","84.37","83.19","6.74M","0.73%"
"12/01/2023","83.74","81.66","83.75","81.42","7.18M","2.46%"
"11/30/2023","81.73","81.08","81.78","80.79","4.12M","0.73%"
"11/29/2023","81.14","81.16","81.93","81.04","4.61M","0.69%"
"11/28/2023","80.58","79.84","80.65","79.43","5.81M","0.66%"
"11/27/2023","80.05","79.80","80.49","79.43","5.79M","0.36%"
"11/24/2023","79.76","79.34","79.82","78.97","1.89M","0.29%"
"11/22/2023","79.53","79.86","80.09","79.17","5.28M","0.49%"
"11/21/2023","79.14","79.36","79.43","78.94","3.70M","-0.70%"
"11/20/2023","79.70","79.03","79.70","78.39","4.23M","0.73%"
"11/17/2023","79.12","79.86","79.88","78.79","4.38M","-0.08%"
"11/16/2023","79.18","79.50","79.74","78.93","4.88M","-0.21%"
"11/15/2023","79.35","79.05","80.07","78.98","6.03M","0.29%"
"11/14/2023","79.12","77.40","79.81","77.25","7.49M","5.55%"
"11/13/2023","74.96","75.03","75.28","74.51","3.79M","-0.83%"
"11/10/2023","75.59","75.27","75.75","74.69","3.94M","0.93%"
"11/09/2023","74.89","76.35","76.40","74.72","4.92M","-1.58%"
"11/08/2023","76.09","76.06","76.38","75.76","4.40M","0.33%"
"11/07/2023","75.84","76.37","76.53","75.73","5.24M","-0.82%"
"11/06/2023","76.47","77.43","77.48","76.08","4.43M","-1.44%"
"11/03/2023","77.59","77.04","78.61","77.02","6.39M","2.39%"
"11/02/2023","75.78","74.60","75.99","74.43","6.45M","3.28%"
"11/01/2023","73.37","73.02","73.43","72.54","7.02M","0.62%"
"10/31/2023","72.92","72.27","73.00","71.58","5.96M","1.70%"
"10/30/2023","71.70","71.68","72.23","70.61","7.04M","0.63%"
"10/27/2023","71.25","72.68","72.68","71.00","12.04M","-1.60%"
"10/26/2023","72.41","71.41","72.90","71.36","8.14M","1.91%"
"10/25/2023","71.05","71.87","72.14","70.95","6.25M","-2.15%"
"10/24/2023","72.61","71.98","72.81","71.96","5.76M","1.28%"
"10/23/2023","71.69","71.73","72.69","71.49","6.91M","-0.98%"
"10/20/2023","72.40","73.00","73.46","72.35","5.87M","-0.67%"
"10/19/2023","72.89","74.01","74.65","72.74","8.24M","-2.37%"
"10/18/2023","74.66","75.71","75.97","74.60","4.85M","-2.12%"
"10/17/2023","76.28","75.68","77.28","75.68","5.42M","-0.14%"
"10/16/2023","76.39","76.02","76.60","75.25","4.38M","1.19%"
"10/13/2023","75.49","76.04","76.26","75.15","5.86M","-0.25%"
"10/12/2023","75.68","76.56","76.65","75.29","4.43M","-1.46%"
"10/11/2023","76.80","76.10","76.85","75.95","6.13M","1.74%"
"10/10/2023","75.49","75.15","76.15","74.80","4.59M","0.48%"
"10/09/2023","75.13","73.84","75.41","73.76","3.85M","1.09%"
"10/06/2023","74.32","73.46","74.78","72.75","5.92M","0.27%"
"10/05/2023","74.12","73.55","74.21","73.24","5.31M","0.56%"
"10/04/2023","73.71","73.21","73.72","72.34","8.75M","1.22%"
"10/03/2023","72.82","73.86","74.15","72.59","7.12M","-1.95%"
"10/02/2023","74.27","75.41","75.70","73.80","7.56M","-1.84%"
"09/29/2023","75.66","76.44","76.77","75.21","6.63M","0.29%"
"09/28/2023","75.44","75.00","75.75","74.85","6.66M","-0.01%"
"09/27/2023","75.45","76.23","76.64","75.05","6.66M","-0.67%"
"09/26/2023","75.96","76.91","77.07","75.69","5.22M","-1.82%"
"09/25/2023","77.37","77.13","77.43","76.79","3.93M","-0.09%"
"09/22/2023","77.44","78.06","78.49","77.38","5.06M","-0.76%"
"09/21/2023","78.03","80.18","80.30","78.00","6.20M","-3.40%"
"09/20/2023","80.78","81.37","81.78","80.76","3.83M","0.09%"
"09/19/2023","80.71","80.94","81.31","80.48","2.74M","-0.46%"
"09/18/2023","81.08","81.81","81.81","80.87","3.12M","-0.89%"
"09/15/2023","81.81","81.71","82.07","81.49","3.78M","-0.38%"
"09/14/2023","82.12","81.12","82.30","81.12","3.93M","1.81%"
"09/13/2023","80.66","81.54","81.62","80.46","3.99M","-1.09%"
"09/12/2023","81.55","81.42","81.72","81.01","2.96M","-0.05%"
"09/11/2023","81.59","81.69","81.84","81.18","2.81M","0.01%"
"09/08/2023","81.58","81.96","82.18","81.39","3.32M","-0.39%"
"09/07/2023","81.90","81.13","82.26","81.13","5.06M","0.63%"
"09/06/2023","81.39","81.45","81.72","80.78","3.68M","-0.21%"
"09/05/2023","81.56","82.28","82.45","81.53","3.58M","-1.16%"
"09/01/2023","82.52","82.90","83.17","82.29","3.40M","0.17%"
"08/31/2023","82.38","83.00","83.13","82.38","3.41M","-0.74%"
"08/30/2023","82.99","82.71","83.21","82.62","3.04M","0.36%"
"08/29/2023","82.69","81.67","82.71","81.38","3.52M","1.21%"
"08/28/2023","81.70","81.27","82.14","81.27","3.45M","0.94%"
"08/25/2023","80.94","80.99","81.50","80.59","4.25M","0.07%"
"08/24/2023","80.88","81.42","82.31","80.81","4.52M","-0.38%"
"08/23/2023","81.19","80.20","81.29","80.20","3.26M","1.58%"
"08/22/2023","79.93","79.98","80.25","79.68","3.38M","0.29%"
"08/21/2023","79.70","80.25","80.28","79.04","3.79M","-0.92%"
"08/18/2023","80.44","79.62","80.61","79.50","3.31M","0.31%"
"08/17/2023","80.19","80.92","81.44","80.16","4.07M","-0.80%"
"08/16/2023","80.84","81.91","81.97","80.79","3.70M","-1.23%"
"08/15/2023","81.85","82.13","82.40","81.67","3.40M","-1.12%"
"08/14/2023","82.78","83.19","83.19","82.53","3.38M","-0.66%"
"08/11/2023","83.33","82.89","83.45","82.63","3.65M","0.16%"
"08/10/2023","83.20","83.70","84.39","82.97","4.45M","-0.38%"
"08/09/2023","83.52","83.26","83.98","82.96","2.96M","-0.01%"
"08/08/2023","83.53","83.40","83.73","82.73","3.85M","-0.64%"
"08/07/2023","84.07","83.25","84.11","83.09","3.91M","1.25%"
"08/04/2023","83.03","83.49","84.23","82.74","5.15M","-0.81%"
"08/03/2023","83.71","83.81","83.83","82.59","6.45M","-1.09%"
"08/02/2023","84.63","84.41","84.82","84.09","4.15M","-0.58%"
"08/01/2023","85.12","85.04","85.42","84.67","4.64M","-0.16%"
"07/31/2023","85.26","84.94","85.74","84.67","6.12M","0.65%"
"07/28/2023","84.71","85.79","86.00","84.55","5.03M","-0.08%"
"07/27/2023","84.78","87.11","87.32","84.71","8.01M","-2.17%"
"07/26/2023","86.66","86.13","86.84","86.09","7.38M","0.45%"
"07/25/2023","86.27","86.57","87.17","86.18","4.97M","-0.71%"
"07/24/2023","86.89","86.21","86.97","86.15","4.99M","0.82%"
"07/21/2023","86.18","86.01","86.42","85.80","4.77M","0.47%"
"07/20/2023","85.78","85.73","85.82","84.71","5.67M","-0.33%"
"07/19/2023","86.06","85.60","86.45","85.58","5.36M","1.13%"
"07/18/2023","85.10","85.71","85.83","84.38","4.61M","-0.55%"
"07/17/2023","85.57","85.91","86.22","85.41","5.61M","-0.65%"
"07/14/2023","86.13","85.98","86.19","85.58","5.62M","-0.20%"
"07/13/2023","86.30","85.74","86.32","85.26","5.07M","0.64%"
"07/12/2023","85.75","86.44","86.55","85.67","5.36M","0.54%"
"07/11/2023","85.29","84.32","85.33","84.12","4.04M","1.43%"
"07/10/2023","84.09","83.47","84.15","83.24","3.86M","0.43%"
"07/07/2023","83.73","83.50","84.27","83.32","5.87M","-0.23%"
"07/06/2023","83.92","83.46","84.01","82.36","5.61M","-0.77%"
"07/05/2023","84.57","84.20","85.10","83.43","5.77M","0.23%"
"07/03/2023","84.38","83.43","84.75","83.13","3.63M","0.98%"
"06/30/2023","83.56","83.81","84.01","82.39","5.76M","0.55%"
"06/29/2023","83.10","81.94","83.13","81.66","5.03M","-0.01%"
"06/28/2023","83.11","82.91","83.28","82.37","4.69M","0.14%"
"06/27/2023","82.99","82.31","83.21","81.74","3.85M","1.23%"
"06/26/2023","81.98","80.13","82.10","80.02","3.25M","2.31%"
"06/23/2023","80.13","80.76","81.45","80.10","3.96M","-1.38%"
"06/22/2023","81.25","82.54","82.61","80.76","5.11M","-1.43%"
"06/21/2023","82.43","82.47","82.73","81.83","4.69M","-0.60%"
"06/20/2023","82.93","83.62","83.72","82.47","3.83M","-1.18%"
"06/16/2023","83.92","84.16","84.68","83.74","4.58M","-0.07%"
"06/15/2023","83.98","83.23","84.11","82.68","4.66M","0.53%"
"06/14/2023","83.54","83.57","84.13","82.85","5.04M","0.37%"
"06/13/2023","83.23","82.60","83.33","82.35","3.69M","0.64%"
"06/12/2023","82.70","82.62","82.71","81.95","4.07M","0.02%"
"06/09/2023","82.68","83.19","83.34","82.34","3.20M","-0.58%"
"06/08/2023","83.16","83.30","83.44","82.26","3.10M","-0.62%"
"06/07/2023","83.68","82.54","83.90","82.15","3.83M","1.84%"
"06/06/2023","82.17","81.79","82.33","81.20","4.73M","0.96%"
"06/05/2023","81.39","81.86","82.31","81.24","4.38M","-0.70%"
"06/02/2023","81.96","80.89","82.19","80.74","5.12M","2.44%"
"06/01/2023","80.01","79.90","80.48","79.15","4.02M","0.01%"
"05/31/2023","80.00","79.39","80.18","79.11","4.67M","0.50%"
"05/30/2023","79.60","79.58","80.48","79.37","4.45M","0.38%"
"05/26/2023","79.30","78.53","79.45","78.18","3.23M","1.15%"
"05/25/2023","78.40","78.79","78.97","77.81","4.81M","-0.01%"
"05/24/2023","78.41","79.68","79.90","78.32","4.91M","-2.15%"
"05/23/2023","80.13","80.71","81.54","80.03","5.46M","-0.94%"
"05/22/2023","80.89","80.47","81.38","80.05","4.84M","0.61%"
"05/19/2023","80.40","80.89","81.31","80.01","4.80M","-0.16%"
"05/18/2023","80.53","80.58","80.95","79.91","4.01M","-0.48%"
"05/17/2023","80.92","80.35","81.06","79.62","4.85M","1.35%"
"05/16/2023","79.84","81.69","81.80","79.83","5.40M","-2.50%"
"05/15/2023","81.89","82.17","82.38","81.68","3.48M","-0.17%"
"05/12/2023","82.03","82.20","82.29","81.36","3.29M","-0.01%"
"05/11/2023","82.04","82.36","82.40","81.53","5.18M","-1.10%"
"05/10/2023","82.95","82.96","83.26","82.10","6.33M","0.96%"
"05/09/2023","82.16","82.11","82.50","81.25","4.52M","-0.42%"
"05/08/2023","82.51","82.81","83.07","82.17","4.90M","-0.58%"
"05/05/2023","82.99","82.11","83.17","82.09","4.56M","1.67%"
"05/04/2023","81.63","80.92","82.11","80.43","7.23M","0.83%"
"05/03/2023","80.96","81.68","82.58","80.89","7.54M","-0.39%"
"05/02/2023","81.28","82.47","82.64","80.67","5.44M","-1.69%"
"05/01/2023","82.68","83.31","83.62","82.55","4.82M","-0.74%"
"04/28/2023","83.30","82.42","83.71","82.21","5.35M","1.23%"
"04/27/2023","82.29","80.75","82.51","80.61","6.44M","2.26%"
"04/26/2023","80.47","81.09","81.82","80.29","5.13M","-0.96%"
"04/25/2023","81.25","81.60","81.89","81.15","5.13M","-0.99%"
"04/24/2023","82.06","82.36","82.74","81.42","3.67M","-0.38%"
"04/21/2023","82.37","82.39","82.77","81.68","5.14M","0.01%"
"04/20/2023","82.36","82.68","82.77","81.93","4.60M","-0.99%"
"04/19/2023","83.18","82.27","83.37","81.97","3.62M","0.59%"
"04/18/2023","82.69","82.97","82.98","82.27","4.19M","-0.23%"
"04/17/2023","82.88","81.19","82.90","81.19","5.15M","2.08%"
"04/14/2023","81.19","82.52","83.01","80.57","5.08M","-1.55%"
"04/13/2023","82.47","82.78","82.82","81.68","3.88M","-0.30%"
"04/12/2023","82.72","83.86","83.98","82.58","5.92M","-0.48%"
"04/11/2023","83.12","82.93","83.80","82.60","4.84M","0.42%"
"04/10/2023","82.77","82.00","82.79","81.53","3.97M","0.46%"
"04/06/2023","82.39","82.12","82.44","81.47","7.01M","0.68%"
"04/05/2023","81.83","82.04","82.60","81.71","7.02M","-0.53%"
"04/04/2023","82.27","82.55","82.72","81.72","6.24M","-0.13%"
"04/03/2023","82.38","82.94","83.62","81.96","7.58M","-0.79%"
"03/31/2023","83.04","81.77","83.11","81.64","6.15M","2.14%"
"03/30/2023","81.30","81.02","81.55","80.90","4.84M","1.31%"
"03/29/2023","80.25","79.44","80.35","79.30","6.36M","2.22%"
"03/28/2023","78.51","78.12","78.86","77.82","4.21M","-0.24%"
"03/27/2023","78.70","79.26","79.55","78.58","4.96M","-0.11%"
"03/24/2023","78.79","76.46","78.81","76.22","8.38M","1.55%"
"03/23/2023","77.59","78.48","79.49","77.31","6.27M","-0.63%"
"03/22/2023","78.08","80.64","80.67","78.06","8.28M","-3.74%"
"03/21/2023","81.11","82.00","82.22","80.40","5.02M","-0.44%"
"03/20/2023","81.47","81.16","81.82","80.44","6.30M","1.14%"
"03/17/2023","80.55","82.08","82.16","80.47","9.10M","-2.27%"
"03/16/2023","82.42","81.86","82.83","80.95","10.32M","-0.22%"
"03/15/2023","82.60","81.31","82.85","81.29","10.28M","-0.07%"
"03/14/2023","82.66","83.26","83.62","81.77","8.71M","0.96%"
"03/13/2023","81.87","80.39","82.96","80.09","16.29M","1.31%"
"03/10/2023","80.81","83.46","83.63","80.38","10.35M","-3.31%"
"03/09/2023","83.58","85.68","85.76","83.39","5.97M","-2.29%"
"03/08/2023","85.54","84.53","86.04","84.49","5.75M","1.15%"
"03/07/2023","84.57","86.53","86.61","84.39","6.54M","-2.33%"
"03/06/2023","86.59","87.33","87.41","86.39","3.89M","-0.39%"
"03/03/2023","86.93","86.31","87.13","86.06","4.54M","1.52%"
"03/02/2023","85.63","84.04","85.76","83.92","5.21M","1.17%"
"03/01/2023","84.64","85.12","85.37","83.96","7.04M","-1.26%"
"02/28/2023","85.72","85.80","86.84","85.62","7.26M","-0.14%"
"02/27/2023","85.84","86.54","87.15","85.47","5.17M","0.15%"
"02/24/2023","85.71","86.26","86.33","85.26","5.07M","-1.75%"
"02/23/2023","87.24","87.12","87.47","86.29","6.07M","0.75%"
"02/22/2023","86.59","87.60","87.77","86.20","4.46M","-0.90%"
"02/21/2023","87.38","88.61","88.62","86.99","4.93M","-2.01%"
"02/17/2023","89.17","89.21","89.46","88.32","4.30M","-0.39%"
"02/16/2023","89.52","89.13","90.31","88.42","4.49M","-0.97%"
"02/15/2023","90.40","89.49","90.42","89.24","3.67M","0.40%"
"02/14/2023","90.04","90.47","91.16","89.50","4.22M","-0.79%"
"02/13/2023","90.76","90.18","90.90","90.08","2.92M","0.89%"
"02/10/2023","89.96","89.25","90.13","88.76","3.27M","0.35%"
"02/09/2023","89.65","91.01","91.53","89.40","2.91M","-1.09%"
"02/08/2023","90.64","90.65","91.15","90.32","4.89M","-0.47%"
"02/07/2023","91.07","90.84","91.49","89.87","5.91M","-0.22%"
"02/06/2023","91.27","90.80","91.38","90.34","3.79M","-0.73%"
"02/03/2023","91.94","92.39","92.44","90.80","5.35M","-1.88%"
"02/02/2023","93.70","92.45","94.53","92.42","5.22M","2.27%"
"02/01/2023","91.62","90.57","92.24","89.60","9.79M","0.61%"
"01/31/2023","91.06","89.29","91.17","89.14","5.45M","2.10%"
"01/30/2023","89.19","89.62","90.58","89.15","4.74M","-1.27%"
"01/27/2023","90.34","89.14","90.68","89.14","4.97M","1.12%"
"01/26/2023","89.34","88.85","89.36","88.36","3.94M","1.12%"
"01/25/2023","88.35","87.91","88.49","87.50","4.95M","0.05%"
"01/24/2023","88.31","87.85","88.68","87.00","3.81M","0.25%"
"01/23/2023","88.09","87.70","88.58","87.14","5.15M","0.46%"
"01/20/2023","87.69","86.68","87.72","85.67","4.25M","1.19%"
"01/19/2023","86.66","86.66","87.63","86.61","4.70M","-0.55%"
"01/18/2023","87.14","88.68","88.98","86.99","5.98M","-1.46%"
"01/17/2023","88.43","88.31","88.89","88.08","3.94M","0.28%"
"01/13/2023","88.18","87.80","88.53","87.53","4.15M","-0.62%"
"01/12/2023","88.73","88.00","88.86","87.13","5.89M","1.27%"
"01/11/2023","87.62","85.22","87.65","85.22","5.66M","3.58%"
"01/10/2023","84.59","84.27","84.59","83.47","8.04M","0.23%"
"01/09/2023","84.40","84.64","85.32","84.04","5.70M","0.04%"
"01/06/2023","84.37","82.57","84.66","82.20","5.96M","2.69%"
"01/05/2023","82.16","83.76","83.76","81.96","6.84M","-2.69%"
"01/04/2023","84.43","83.25","85.18","83.17","6.86M","2.27%"
"01/03/2023","82.56","83.17","83.86","81.66","5.91M","0.10%"
"12/30/2022","82.48","82.48","82.85","81.50","4.90M","-0.72%"
"12/29/2022","83.08","81.87","83.26","81.63","5.40M","2.19%"
"12/28/2022","81.30","82.88","83.27","81.18","5.17M","-1.70%"
"12/27/2022","82.71","82.71","82.97","81.98","3.96M","-0.04%"
"12/23/2022","82.74","81.76","82.76","81.40","3.54M","0.89%"
"12/22/2022","82.01","81.67","82.06","80.49","6.62M","-1.81%"
"12/21/2022","83.52","83.36","84.42","83.25","7.10M","0.86%"
"12/20/2022","82.81","82.63","83.29","81.86","6.61M","-0.25%"
"12/19/2022","83.02","84.00","84.00","82.52","3.78M","-1.27%"
"12/16/2022","84.09","85.42","85.42","83.16","8.17M","-2.58%"
"12/15/2022","86.32","86.51","87.12","85.84","5.33M","-1.34%"
"12/14/2022","87.49","88.03","89.11","87.05","6.55M","-0.68%"
"12/13/2022","88.09","88.88","89.47","87.08","6.86M","1.85%"
"12/12/2022","86.49","86.03","86.50","85.06","5.12M","0.77%"
"12/09/2022","85.83","85.71","86.66","85.50","4.57M","-0.19%"
"12/08/2022","85.99","85.66","86.77","85.50","3.99M","0.70%"
"12/07/2022","85.39","85.05","86.29","84.88","6.21M","0.20%"
"12/06/2022","85.22","86.21","86.25","84.85","5.28M","-0.94%"
"12/05/2022","86.03","87.37","87.37","85.84","5.98M","-1.83%"
"12/02/2022","87.63","86.85","88.07","86.49","3.95M","-0.30%"
"12/01/2022","87.89","88.72","89.38","87.17","5.04M","-0.22%"
"11/30/2022","88.08","85.91","88.14","85.27","7.08M","2.29%"
"11/29/2022","86.11","84.78","86.22","84.51","6.04M","1.65%"
"11/28/2022","84.71","86.55","86.96","84.51","4.03M","-2.68%"
"11/25/2022","87.04","86.57","87.06","86.57","1.52M","0.64%"
"11/23/2022","86.49","86.31","86.91","85.79","4.42M","0.08%"
"11/22/2022","86.42","86.32","86.53","85.76","3.52M","0.55%"
"11/21/2022","85.95","85.20","86.03","84.94","3.51M","0.53%"
"11/18/2022","85.50","85.44","85.84","84.64","3.85M","1.27%"
"11/17/2022","84.43","83.96","84.61","83.60","4.46M","-0.68%"
"11/16/2022","85.01","85.57","85.90","84.81","4.26M","-0.91%"
"11/15/2022","85.79","86.00","86.39","84.88","5.28M","1.08%"
"11/14/2022","84.87","86.51","86.62","84.81","6.17M","-2.44%"
"11/11/2022","86.99","87.03","87.89","86.66","5.93M","-0.01%"
"11/10/2022","87.00","84.00","87.17","83.95","8.31M","7.31%"
"11/09/2022","81.07","81.71","82.61","80.86","5.51M","-1.03%"
"11/08/2022","81.91","81.88","82.78","81.39","5.58M","0.31%"
"11/07/2022","81.66","82.09","82.55","81.11","5.55M","0.00%"
"11/04/2022","81.66","81.20","82.21","80.10","5.66M","1.37%"
"11/03/2022","80.56","79.93","81.17","79.03","5.23M","-0.14%"
"11/02/2022","80.67","82.43","83.42","80.51","7.25M","-2.75%"
"11/01/2022","82.95","83.88","84.13","82.76","4.75M","-0.04%"
"10/31/2022","82.98","82.30","83.43","82.08","5.11M","-0.11%"
"10/28/2022","83.07","80.95","83.28","80.72","4.65M","2.20%"
"10/27/2022","81.28","81.61","82.21","81.02","5.24M","0.15%"
"10/26/2022","81.16","81.13","81.91","80.61","5.75M","-0.06%"
"10/25/2022","81.21","78.41","81.36","78.41","5.82M","3.93%"
"10/24/2022","78.14","78.79","79.11","77.57","4.92M","-0.01%"
"10/21/2022","78.15","77.81","78.19","76.54","6.06M","0.79%"
"10/20/2022","77.54","77.92","78.79","77.32","4.96M","-0.44%"
"10/19/2022","77.88","79.09","79.35","77.40","6.45M","-2.49%"
"10/18/2022","79.87","80.31","80.99","79.13","5.61M","1.09%"
"10/17/2022","79.01","77.55","79.31","77.49","5.82M","3.77%"
"10/14/2022","76.14","78.68","79.28","76.03","7.32M","-2.48%"
"10/13/2022","78.08","75.15","78.46","74.66","8.56M","1.83%"
"10/12/2022","76.68","77.50","77.50","76.20","6.63M","-1.05%"
"10/11/2022","77.49","76.66","78.01","75.76","7.19M","1.02%"
"10/10/2022","76.71","77.55","78.21","76.59","6.55M","-0.94%"
"10/07/2022","77.44","78.60","79.04","76.92","6.91M","-2.41%"
"10/06/2022","79.35","81.39","81.72","79.18","7.82M","-2.78%"
"10/05/2022","81.62","82.12","82.25","80.27","6.52M","-1.96%"
"10/04/2022","83.25","82.55","83.87","82.43","6.44M","2.02%"
"10/03/2022","81.60","81.40","82.11","80.04","8.72M","1.78%"
"09/30/2022","80.17","79.70","80.74","79.50","9.02M","1.12%"
"09/29/2022","79.28","80.86","80.86","78.73","8.58M","-2.94%"
"09/28/2022","81.68","80.75","82.01","79.93","9.00M","2.07%"
"09/27/2022","80.02","81.80","82.35","79.82","10.02M","-1.33%"
"09/26/2022","81.10","82.99","83.05","80.25","8.12M","-2.80%"
"09/23/2022","83.44","83.70","84.13","82.52","8.98M","-2.39%"
"09/22/2022","85.48","86.32","86.36","85.18","6.74M","-1.27%"
"09/21/2022","86.58","88.58","89.10","86.55","7.13M","-1.58%"
"09/20/2022","87.97","89.32","89.40","87.52","5.85M","-2.43%"
"09/19/2022","90.16","89.48","90.19","88.88","4.47M","-0.14%"
"09/16/2022","90.29","89.81","90.39","89.10","6.81M","0.01%"
"09/15/2022","90.28","92.01","92.28","90.18","6.73M","-1.85%"
"09/14/2022","91.98","92.64","92.93","91.33","5.30M","-1.14%"
"09/13/2022","93.04","94.85","95.11","92.74","4.82M","-3.82%"
"09/12/2022","96.74","96.19","96.92","96.07","2.74M","0.97%"
"09/09/2022","95.81","95.08","96.14","94.68","4.13M","1.09%"
"09/08/2022","94.78","94.03","95.11","93.75","3.41M","0.28%"
"09/07/2022","94.52","92.71","94.71","92.67","3.68M","1.95%"
"09/06/2022","92.71","92.27","93.10","91.76","4.59M","0.90%"
"09/02/2022","91.88","93.99","94.17","91.66","3.56M","-1.40%"
"09/01/2022","93.18","92.45","93.20","91.51","4.75M","0.18%"
"08/31/2022","93.01","93.98","94.40","92.79","4.10M","-0.47%"
"08/30/2022","93.45","95.12","95.12","93.18","3.64M","-1.38%"
"08/29/2022","94.76","95.05","95.74","94.58","2.83M","-0.90%"
"08/26/2022","95.62","98.19","98.19","95.57","3.19M","-2.52%"
"08/25/2022","98.09","96.95","98.12","96.75","2.13M","1.49%"
"08/24/2022","96.65","96.19","97.24","96.11","2.29M","0.57%"
"08/23/2022","96.10","97.25","97.30","95.73","5.61M","-1.28%"
"08/22/2022","97.35","98.74","98.82","97.25","3.52M","-2.18%"
"08/19/2022","99.52","99.98","100.38","99.17","2.79M","-1.05%"
"08/18/2022","100.58","101.26","101.51","100.11","2.26M","-0.66%"
"08/17/2022","101.25","100.94","101.85","100.64","3.68M","-0.60%"
"08/16/2022","101.86","101.68","102.37","101.49","3.68M","-0.26%"
"08/15/2022","102.13","101.51","102.28","101.33","2.14M","0.40%"
"08/12/2022","101.72","100.60","101.79","100.57","3.42M","1.72%"
"08/11/2022","100.00","100.68","101.12","99.72","2.15M","-0.24%"
"08/10/2022","100.24","99.86","100.39","99.47","3.17M","1.52%"
"08/09/2022","98.74","98.33","98.75","97.90","3.40M","0.55%"
"08/08/2022","98.20","98.00","98.90","97.63","4.69M","0.89%"
"08/05/2022","97.33","96.35","97.38","96.01","2.72M","0.28%"
"08/04/2022","97.06","97.34","97.49","96.47","2.88M","-0.15%"
"08/03/2022","97.21","97.50","98.22","97.16","3.11M","0.32%"
"08/02/2022","96.90","98.13","98.41","96.84","4.73M","-1.28%"
"08/01/2022","98.16","98.45","98.70","97.69","3.57M","-0.81%"
"07/29/2022","98.96","98.43","99.32","98.03","3.30M","0.54%"
"07/28/2022","98.43","95.97","98.52","95.96","4.10M","3.24%"
"07/27/2022","95.34","95.00","95.57","94.19","4.16M","0.60%"
"07/26/2022","94.77","94.66","95.28","94.42","3.34M","0.11%"
"07/25/2022","94.67","94.61","95.21","94.19","3.25M","0.17%"
"07/22/2022","94.51","94.58","95.11","93.79","3.62M","0.52%"
"07/21/2022","94.02","93.47","94.03","92.38","5.06M","0.79%"
"07/20/2022","93.28","93.33","94.42","92.82","4.21M","-0.24%"
"07/19/2022","93.50","91.96","93.61","91.86","3.66M","2.59%"
"07/18/2022","91.14","92.43","92.53","90.78","3.40M","-0.71%"
"07/15/2022","91.79","91.73","92.23","90.90","5.12M","1.70%"
"07/14/2022","90.26","89.57","90.66","89.45","4.49M","-0.90%"
"07/13/2022","91.08","90.49","91.75","89.92","5.57M","-0.48%"
"07/12/2022","91.52","91.40","92.45","90.87","4.40M","-0.39%"
"07/11/2022","91.88","91.78","92.25","91.17","3.45M","-0.22%"
"07/08/2022","92.08","92.37","92.77","91.64","3.51M","-0.53%"
"07/07/2022","92.57","92.88","93.39","92.32","3.03M","0.27%"
"07/06/2022","92.32","92.78","93.55","92.01","3.43M","-0.18%"
"07/05/2022","92.49","91.81","92.52","90.33","5.15M","-0.28%"
"07/01/2022","92.75","90.97","93.01","90.80","4.51M","1.80%"
"06/30/2022","91.11","90.64","92.23","89.96","6.40M","-0.19%"
"06/29/2022","91.28","91.33","91.46","90.27","4.61M","-0.62%"
"06/28/2022","91.85","93.53","94.24","91.72","4.74M","-1.22%"
"06/27/2022","92.98","93.05","93.99","92.43","3.78M","-0.15%"
"06/24/2022","93.12","91.83","93.24","91.56","4.66M","2.13%"
"06/23/2022","91.18","89.81","91.44","89.76","6.14M","1.25%"
"06/22/2022","90.05","87.99","91.20","87.98","6.25M","1.27%"
"06/21/2022","88.92","88.51","89.88","88.47","5.93M","1.39%"
"06/17/2022","87.70","87.01","88.85","86.89","7.79M","0.76%"
"06/16/2022","87.04","87.27","88.00","86.66","8.08M","-2.63%"
"06/15/2022","89.39","88.14","90.61","87.91","8.85M","2.37%"
"06/14/2022","87.32","88.29","88.46","86.63","8.71M","-0.76%"
"06/13/2022","87.99","90.56","90.61","87.61","8.56M","-5.00%"
"06/10/2022","92.62","93.48","93.73","92.56","7.26M","-2.22%"
"06/09/2022","94.72","96.61","97.15","94.72","4.36M","-2.37%"
"06/08/2022","97.02","98.67","98.92","96.81","4.57M","-2.31%"
"06/07/2022","99.31","97.48","99.36","97.10","6.49M","1.38%"
"06/06/2022","97.96","99.09","99.29","97.72","5.45M","-0.32%"
"06/03/2022","98.27","98.82","99.35","98.01","4.99M","-1.34%"
"06/02/2022","99.60","97.88","99.65","96.69","5.45M","1.37%"
"06/01/2022","98.25","99.40","99.51","96.98","4.61M","-0.83%"
"05/31/2022","99.07","99.38","99.73","98.53","6.28M","-1.23%"
"05/27/2022","100.30","98.19","100.32","98.19","4.99M","2.68%"
"05/26/2022","97.68","97.93","98.64","97.55","4.36M","0.12%"
"05/25/2022","97.56","96.36","97.82","96.08","4.59M","0.85%"
"05/24/2022","96.74","95.49","96.92","94.06","5.90M","0.84%"
"05/23/2022","95.93","95.65","96.20","94.28","4.66M","1.16%"
"05/20/2022","94.83","95.10","95.33","93.35","4.47M","0.64%"
"05/19/2022","94.23","93.89","95.36","93.89","6.37M","-0.44%"
"05/18/2022","94.65","97.19","97.33","94.28","5.13M","-2.90%"
"05/17/2022","97.48","97.32","97.51","96.04","4.49M","1.36%"
"05/16/2022","96.17","96.55","96.99","95.97","4.61M","-0.63%"
"05/13/2022","96.78","95.11","96.81","94.50","7.54M","2.64%"
"05/12/2022","94.29","93.39","94.40","92.88","8.31M","0.78%"
"05/11/2022","93.56","93.96","95.75","93.36","9.10M","-0.21%"
"05/10/2022","93.76","96.58","97.26","93.01","12.53M","-1.82%"
"05/09/2022","95.50","99.00","99.00","95.15","8.49M","-4.40%"
"05/06/2022","99.90","100.38","100.70","98.87","9.40M","-1.19%"
"05/05/2022","101.10","103.44","103.98","100.32","8.88M","-2.67%"
"05/04/2022","103.87","102.76","104.08","100.94","8.69M","1.15%"
"05/03/2022","102.69","101.77","103.31","101.08","7.24M","1.24%"
"05/02/2022","101.43","103.87","104.54","99.36","11.89M","-2.41%"
"04/29/2022","103.94","108.27","108.40","103.73","9.57M","-4.59%"
"04/28/2022","108.94","107.50","109.28","106.41","7.22M","1.84%"
"04/27/2022","106.97","107.74","108.58","106.88","6.00M","-0.66%"
"04/26/2022","107.68","109.16","109.83","107.61","6.22M","-1.64%"
"04/25/2022","109.48","109.42","109.93","107.65","6.00M","-0.26%"
"04/22/2022","109.76","111.44","111.53","109.71","4.92M","-1.75%"
"04/21/2022","111.72","113.07","113.41","111.62","4.78M","-0.69%"
"04/20/2022","112.50","111.06","112.87","110.97","4.73M","1.66%"
"04/19/2022","110.66","108.86","110.96","108.75","7.44M","2.18%"
"04/18/2022","108.30","108.52","109.13","107.77","4.15M","-0.40%"
"04/14/2022","108.74","109.64","110.12","108.65","4.46M","-0.43%"
"04/13/2022","109.21","108.51","109.37","108.16","4.58M","0.71%"
"04/12/2022","108.44","108.65","109.43","108.01","4.82M","-0.15%"
"04/11/2022","108.60","109.49","110.09","108.37","4.28M","-1.07%"
"04/08/2022","109.78","109.76","110.26","108.98","5.94M","0.16%"
"04/07/2022","109.60","110.06","110.15","108.88","5.32M","-0.99%"
"04/06/2022","110.70","108.96","110.81","108.43","5.05M","1.19%"
"04/05/2022","109.40","109.63","110.99","109.07","4.96M","-0.49%"
"04/04/2022","109.94","110.52","110.75","108.97","6.24M","-0.49%"
"04/01/2022","110.48","108.87","110.52","108.52","6.57M","1.95%"
"03/31/2022","108.37","110.16","110.49","108.37","7.37M","-1.22%"
"03/30/2022","109.71","110.06","110.26","109.21","5.22M","-0.72%"
"03/29/2022","110.51","108.42","110.69","108.31","5.35M","2.93%"
"03/28/2022","107.36","106.33","107.36","106.11","4.11M","1.06%"
"03/25/2022","106.23","105.38","106.23","105.01","4.50M","1.25%"
"03/24/2022","104.92","104.29","104.95","103.89","3.89M","0.63%"
"03/23/2022","104.26","105.00","105.50","104.12","4.60M","-1.66%"
"03/22/2022","106.02","106.39","106.67","105.79","4.75M","0.26%"
"03/21/2022","105.75","106.48","106.97","105.29","4.57M","-0.61%"
"03/18/2022","106.40","106.34","106.76","105.76","5.82M","0.00%"
"03/17/2022","106.40","104.40","106.40","104.38","3.83M","1.55%"
"03/16/2022","104.78","104.31","105.27","102.56","6.56M","1.19%"
"03/15/2022","103.55","103.78","104.33","102.61","5.25M","0.67%"
"03/14/2022","102.86","104.26","104.44","102.40","4.54M","-0.78%"
"03/11/2022","103.67","105.30","105.79","103.60","5.38M","-0.79%"
"03/10/2022","104.50","103.14","104.75","102.86","4.03M","0.25%"
"03/09/2022","104.24","104.39","105.28","104.07","5.71M","1.54%"
"03/08/2022","102.66","103.11","104.50","102.31","7.06M","-0.48%"
"03/07/2022","103.16","105.01","105.26","103.11","6.50M","-1.98%"
"03/04/2022","105.24","103.85","105.34","103.58","6.50M","0.46%"
"03/03/2022","104.76","104.49","105.11","103.41","6.49M","0.82%"
"03/02/2022","103.91","102.37","104.43","102.22","6.86M","1.87%"
"03/01/2022","102.00","102.80","103.42","101.45","8.90M","-0.53%"
"02/28/2022","102.54","103.23","103.64","101.46","7.28M","-1.49%"
"02/25/2022","104.09","102.05","104.24","101.59","5.87M","2.41%"
"02/24/2022","101.64","98.01","101.96","97.71","9.45M","1.68%"
"02/23/2022","99.96","102.50","102.94","99.92","6.20M","-1.65%"
"02/22/2022","101.64","101.62","102.37","100.97","6.65M","-0.36%"
"02/18/2022","102.01","102.37","103.45","101.87","4.81M","-0.60%"
"02/17/2022","102.63","103.34","103.65","102.49","4.85M","-1.06%"
"02/16/2022","103.73","103.36","103.99","102.62","4.31M","0.46%"
"02/15/2022","103.25","103.22","103.86","102.88","3.61M","0.90%"
"02/14/2022","102.33","103.41","104.05","101.89","5.35M","-0.91%"
"02/11/2022","103.27","104.75","105.15","102.64","5.68M","-0.91%"
"02/10/2022","104.22","105.28","106.74","103.63","6.69M","-2.36%"
"02/09/2022","106.74","105.47","106.82","105.47","5.73M","2.26%"
"02/08/2022","104.38","104.81","105.19","104.12","6.11M","-0.47%"
"02/07/2022","104.87","104.94","105.59","104.64","5.85M","-0.14%"
"02/04/2022","105.02","105.38","106.27","104.03","6.87M","-0.99%"
"02/03/2022","106.07","106.53","107.06","105.99","5.40M","-1.06%"
"02/02/2022","107.21","106.41","107.52","106.28","4.60M","1.28%"
"02/01/2022","105.86","106.15","106.63","105.22","9.52M","-0.36%"
"01/31/2022","106.24","104.57","106.44","104.07","7.46M","1.23%"
"01/28/2022","104.95","101.80","104.96","100.62","6.92M","3.24%"
"01/27/2022","101.66","103.99","104.87","101.22","7.40M","-1.65%"
"01/26/2022","103.37","105.62","106.86","102.67","9.59M","-1.56%"
"01/25/2022","105.01","104.28","105.81","103.04","9.83M","-0.40%"
"01/24/2022","105.43","104.16","105.70","101.60","15.64M","0.19%"
"01/21/2022","105.23","105.53","106.60","104.96","8.03M","-0.25%"
"01/20/2022","105.49","107.00","108.29","105.42","6.95M","-1.28%"
"01/19/2022","106.86","108.90","109.36","106.86","5.11M","-1.35%"
"01/18/2022","108.32","108.75","108.90","107.60","5.82M","-1.05%"
"01/14/2022","109.47","109.88","109.99","108.17","6.47M","-0.91%"
"01/13/2022","110.47","111.00","111.49","110.28","3.91M","-0.20%"
"01/12/2022","110.69","110.57","111.37","110.52","4.25M","0.12%"
"01/11/2022","110.56","110.27","110.67","108.86","5.57M","0.15%"
"01/10/2022","110.39","110.35","110.50","109.02","6.50M","-0.58%"
"01/07/2022","111.03","111.48","111.85","110.75","7.00M","-0.66%"
"01/06/2022","111.77","111.81","112.21","110.60","5.97M","0.09%"
"01/05/2022","111.67","114.76","114.80","111.55","6.87M","-2.86%"
"01/04/2022","114.96","115.42","116.08","114.86","5.31M","-0.12%"
"01/03/2022","115.10","116.21","116.24","113.46","9.81M","-0.78%"
"12/31/2021","116.01","115.71","116.71","115.65","5.44M","0.28%"
"12/30/2021","115.69","115.24","116.17","115.24","3.98M","0.43%"
"12/29/2021","115.19","114.65","115.44","114.05","3.84M","0.67%"
"12/28/2021","114.42","113.93","114.54","113.67","3.61M","0.37%"
"12/27/2021","114.00","112.11","114.02","112.02","9.17M","0.75%"
"12/23/2021","113.15","113.55","113.69","112.56","6.98M","-0.11%"
"12/22/2021","113.27","112.45","113.38","112.32","4.48M","1.03%"
"12/21/2021","112.12","111.73","112.64","111.50","4.23M","1.13%"
"12/20/2021","110.87","110.57","111.18","109.62","6.06M","-0.78%"
"12/17/2021","111.74","111.69","112.97","111.49","7.20M","-0.13%"
"12/16/2021","111.88","112.27","112.92","111.27","5.90M","-0.04%"
"12/15/2021","111.92","110.70","112.11","110.37","6.52M","1.40%"
"12/14/2021","110.37","111.49","111.71","109.84","5.90M","-1.28%"
"12/13/2021","111.80","110.54","112.29","110.21","6.16M","0.94%"
"12/10/2021","110.76","110.98","111.00","110.28","3.83M","0.31%"
"12/09/2021","110.42","111.61","111.65","110.39","3.72M","-1.45%"
"12/08/2021","112.04","111.24","112.31","111.00","5.54M","0.72%"
"12/07/2021","111.24","110.56","111.56","110.29","5.36M","1.44%"
"12/06/2021","109.66","108.42","110.45","108.42","7.11M","1.75%"
"12/03/2021","107.77","108.25","108.76","106.84","7.80M","-0.33%"
"12/02/2021","108.13","105.65","108.76","105.61","7.13M","3.00%"
"12/01/2021","104.98","107.85","109.06","104.98","8.64M","-1.65%"
"11/30/2021","106.74","108.12","108.43","106.66","6.34M","-1.89%"
"11/29/2021","108.80","108.68","109.71","108.01","4.83M","0.74%"
"11/26/2021","108.00","109.50","109.50","107.36","3.51M","-2.78%"
"11/24/2021","111.09","109.69","111.29","109.43","3.23M","1.21%"
"11/23/2021","109.76","109.00","110.07","108.70","3.87M","0.81%"
"11/22/2021","108.88","109.68","109.82","108.70","3.35M","-0.49%"
"11/19/2021","109.42","110.08","110.18","109.01","2.93M","-0.59%"
"11/18/2021","110.07","110.20","110.26","109.58","2.81M","0.02%"
"11/17/2021","110.05","109.43","110.20","107.97","4.67M","0.31%"
"11/16/2021","109.71","110.55","110.59","109.47","3.04M","-0.66%"
"11/15/2021","110.44","109.91","110.47","109.45","2.71M","0.70%"
"11/12/2021","109.67","110.05","110.08","109.36","3.19M","-0.07%"
"11/11/2021","109.75","109.74","109.77","109.00","2.40M","0.16%"
"11/10/2021","109.57","109.82","110.44","109.53","4.02M","-0.46%"
"11/09/2021","110.08","110.04","110.31","109.77","2.67M","0.17%"
"11/08/2021","109.89","110.39","110.39","109.20","2.99M","-0.08%"
"11/05/2021","109.98","110.41","111.27","109.88","3.21M","0.51%"
"11/04/2021","109.42","110.49","110.91","108.97","3.38M","-0.95%"
"11/03/2021","110.47","110.09","110.77","109.61","2.72M","0.34%"
"11/02/2021","110.10","109.99","110.52","109.24","3.41M","0.47%"
"11/01/2021","109.58","109.41","109.79","107.80","5.85M","0.50%"
"10/29/2021","109.04","109.80","110.23","108.54","5.99M","-1.12%"
"10/28/2021","110.28","108.81","110.30","108.81","3.68M","1.40%"
"10/27/2021","108.76","110.00","110.07","108.76","3.57M","-0.85%"
"10/26/2021","109.69","109.60","110.05","109.36","2.94M","0.27%"
"10/25/2021","109.39","109.07","109.66","108.42","2.63M","0.32%"
"10/22/2021","109.04","108.67","109.41","108.57","4.87M","0.47%"
"10/21/2021","108.53","108.33","108.58","108.08","4.85M","0.14%"
"10/20/2021","108.38","106.89","108.38","106.85","6.02M","1.57%"
"10/19/2021","106.70","107.14","107.32","106.61","3.10M","0.05%"
"10/18/2021","106.65","105.93","107.00","105.80","3.42M","0.25%"
"10/15/2021","106.38","107.31","107.40","105.91","3.07M","-0.08%"
"10/14/2021","106.46","105.75","106.55","105.53","2.72M","1.22%"
"10/13/2021","105.18","104.29","105.22","103.63","3.37M","0.73%"
"10/12/2021","104.42","103.33","104.86","103.07","3.67M","1.31%"
"10/11/2021","103.07","102.82","103.52","102.34","2.63M","0.25%"
"10/08/2021","102.81","103.78","103.90","102.73","5.30M","-0.94%"
"10/07/2021","103.79","104.07","105.00","103.66","4.06M","0.27%"
"10/06/2021","103.51","102.02","103.64","101.02","5.59M","0.96%"
"10/05/2021","102.53","103.32","103.40","102.17","4.31M","-0.69%"
"10/04/2021","103.24","103.06","103.69","102.60","5.64M","0.02%"
"10/01/2021","103.22","102.44","103.93","101.83","6.11M","1.41%"
"09/30/2021","101.78","103.81","103.95","101.78","7.02M","-1.65%"
"09/29/2021","103.49","103.25","103.99","103.17","6.23M","0.75%"
"09/28/2021","102.72","102.65","103.27","102.11","7.10M","-0.68%"
"09/27/2021","103.42","104.88","105.58","103.33","4.31M","-1.35%"
"09/24/2021","104.83","105.68","106.10","104.59","4.88M","-1.68%"
"09/23/2021","106.62","107.24","107.49","106.53","4.04M","-0.20%"
"09/22/2021","106.83","106.43","107.47","106.13","4.65M","0.97%"
"09/21/2021","105.80","106.37","107.06","105.78","4.37M","0.05%"
"09/20/2021","105.75","105.24","106.31","104.49","6.21M","-0.61%"
"09/17/2021","106.40","107.13","107.66","106.18","6.96M","-0.89%"
"09/16/2021","107.36","107.19","107.86","106.57","3.41M","0.08%"
"09/15/2021","107.27","106.93","107.74","106.50","4.03M","0.32%"
"09/14/2021","106.93","107.53","107.70","106.32","3.85M","-0.18%"
"09/13/2021","107.12","107.20","107.99","106.83","5.73M","0.68%"
"09/10/2021","106.40","108.07","108.25","106.38","5.89M","-1.46%"
"09/09/2021","107.98","109.69","109.69","107.95","6.22M","-2.03%"
"09/08/2021","110.22","109.31","110.53","109.15","4.27M","0.50%"
"09/07/2021","109.67","110.64","110.64","108.83","4.93M","-1.13%"
"09/03/2021","110.92","110.63","111.06","109.70","4.46M","0.02%"
"09/02/2021","110.90","110.53","110.91","109.65","5.21M","0.53%"
"09/01/2021","110.32","108.84","110.39","108.81","5.68M","1.60%"
"08/31/2021","108.58","107.87","108.70","107.57","4.21M","0.47%"
"08/30/2021","108.07","107.10","108.08","106.81","3.60M","1.00%"
"08/27/2021","107.00","106.27","107.33","106.16","3.06M","1.05%"
"08/26/2021","105.89","105.98","106.23","105.47","2.89M","0.04%"
"08/25/2021","105.85","105.91","106.50","105.43","3.33M","-0.07%"
"08/24/2021","105.92","106.58","106.60","105.46","2.87M","-0.44%"
"08/23/2021","106.39","106.84","107.00","106.09","3.23M","-0.19%"
"08/20/2021","106.59","105.82","107.03","105.22","3.24M","0.50%"
"08/19/2021","106.06","105.06","106.14","104.86","4.07M","0.48%"
"08/18/2021","105.55","106.33","106.35","105.49","3.44M","-0.91%"
"08/17/2021","106.52","106.16","106.56","105.61","3.00M","-0.10%"
"08/16/2021","106.63","106.66","107.22","106.38","3.17M","-0.12%"
"08/13/2021","106.76","106.40","106.88","106.05","2.60M","0.55%"
"08/12/2021","106.18","106.15","106.23","105.72","2.89M","0.22%"
"08/11/2021","105.95","105.71","106.08","105.29","3.26M","0.59%"
"08/10/2021","105.33","106.44","106.49","105.20","3.77M","-0.95%"
"08/09/2021","106.34","106.72","106.72","106.15","2.73M","-0.53%"
"08/08/2021","106.91","106.91","106.91","106.91","","0.00%"
"08/07/2021","106.91","106.91","106.91","106.91","","0.00%"
"08/06/2021","106.91","107.20","107.62","106.76","2.75M","-0.18%"
"08/05/2021","107.10","106.44","107.12","106.19","3.29M","1.17%"
"08/04/2021","105.86","106.10","106.57","105.48","4.04M","-0.31%"
"08/03/2021","106.19","106.38","106.40","105.44","5.18M","0.12%"
"08/02/2021","106.06","106.81","107.64","105.86","4.09M","-0.22%"
"07/30/2021","106.29","106.25","107.69","106.25","4.33M","0.13%"
"07/29/2021","106.15","106.50","107.18","106.05","3.36M","0.02%"
"07/28/2021","106.13","106.65","106.79","105.80","3.58M","-0.35%"
"07/27/2021","106.50","105.67","106.66","105.42","3.10M","0.57%"
"07/26/2021","105.90","105.68","106.16","105.13","2.86M","0.05%"
"07/23/2021","105.85","105.35","105.97","104.98","4.13M","0.83%"
"07/22/2021","104.98","105.33","105.34","104.44","3.93M","-0.79%"
"07/21/2021","105.82","106.02","106.52","105.66","4.33M","-0.01%"
"07/20/2021","105.83","103.95","106.24","103.80","5.00M","2.36%"
"07/19/2021","103.39","104.11","104.33","102.59","5.10M","-1.82%"
"07/16/2021","105.31","105.78","106.18","105.25","6.44M","-0.07%"
"07/15/2021","105.38","105.04","105.50","104.94","2.99M","0.16%"
"07/14/2021","105.21","104.43","105.52","104.27","3.40M","0.70%"
"07/13/2021","104.48","105.60","105.74","104.08","5.47M","-1.40%"
"07/12/2021","105.96","104.92","106.05","104.80","5.63M","0.86%"
"07/09/2021","105.06","103.90","105.07","103.63","5.78M","1.64%"
"07/08/2021","103.36","102.66","103.76","102.53","6.43M","-0.28%"
"07/07/2021","103.65","103.08","103.99","102.81","5.09M","0.35%"
"07/06/2021","103.29","102.59","103.46","101.80","4.48M","0.73%"
"07/05/2021","102.54","102.54","102.54","102.54","","0.00%"
"07/04/2021","102.54","102.54","102.54","102.54","","0.00%"
"07/03/2021","102.54","102.54","102.54","102.54","","0.00%"
"07/02/2021","102.54","102.63","103.04","102.17","4.45M","0.30%"
"07/01/2021","102.23","101.84","103.02","101.51","6.49M","0.43%"
"06/30/2021","101.79","102.35","102.88","101.69","6.64M","-0.53%"
"06/29/2021","102.33","102.77","103.20","102.26","3.78M","-0.27%"
"06/28/2021","102.61","102.96","103.06","101.70","3.94M","-0.29%"
"06/25/2021","102.91","102.27","103.00","102.09","2.74M","0.68%"
"06/24/2021","102.22","102.51","102.63","101.66","3.23M","-0.92%"
"06/23/2021","103.17","103.42","103.74","103.08","3.68M","-0.17%"
"06/22/2021","103.35","103.94","103.97","103.29","3.09M","-0.52%"
"06/21/2021","103.89","102.31","104.21","101.80","3.67M","2.06%"
"06/18/2021","101.79","103.06","103.46","101.79","5.36M","-1.70%"
"06/17/2021","103.55","103.41","103.70","102.86","5.06M","-0.13%"
"06/16/2021","103.68","104.58","105.05","103.49","4.50M","-0.65%"
"06/15/2021","104.36","105.40","105.49","104.36","4.10M","-1.07%"
"06/14/2021","105.49","105.09","105.49","104.91","3.53M","0.39%"
"06/11/2021","105.08","105.52","105.63","104.56","3.27M","-0.40%"
"06/10/2021","105.50","104.85","105.77","104.54","4.01M","0.72%"
"06/09/2021","104.75","104.91","105.21","104.70","3.24M","0.13%"
"06/08/2021","104.61","104.01","104.89","103.89","3.94M","0.83%"
"06/07/2021","103.75","102.74","104.20","102.71","4.77M","1.18%"
"06/04/2021","102.54","103.00","103.00","102.08","3.12M","0.05%"
"06/03/2021","102.49","102.75","102.75","102.01","4.19M","-0.37%"
"06/02/2021","102.87","102.06","102.98","101.61","4.45M","1.17%"
"06/01/2021","101.68","100.37","101.69","100.01","4.38M","1.80%"
"05/28/2021","99.88","99.86","100.17","99.56","3.41M","0.60%"
"05/27/2021","99.28","99.82","99.83","99.16","4.36M","-0.23%"
"05/26/2021","99.51","99.25","100.07","99.05","4.52M","0.44%"
"05/25/2021","99.07","99.28","99.50","98.67","4.24M","-0.03%"
"05/24/2021","99.10","98.32","99.47","98.23","3.49M","1.25%"
"05/21/2021","97.88","98.22","98.41","97.65","3.02M","-0.10%"
"05/20/2021","97.98","96.91","98.29","96.64","2.47M","1.12%"
"05/19/2021","96.89","96.45","96.89","95.46","3.60M","-0.32%"
"05/18/2021","97.20","97.20","97.83","96.60","3.36M","0.02%"
"05/17/2021","97.18","97.04","97.39","96.69","3.32M","0.10%"
"05/14/2021","97.08","96.45","97.42","96.31","3.94M","1.19%"
"05/13/2021","95.94","95.00","96.62","94.94","5.12M","1.30%"
"05/12/2021","94.71","96.94","97.12","94.64","4.60M","-2.53%"
"05/11/2021","97.17","97.57","97.57","96.36","4.04M","-1.26%"
"05/10/2021","98.41","98.80","99.57","98.40","3.44M","-0.03%"
"05/07/2021","98.44","97.23","98.50","97.07","5.88M","1.32%"
"05/06/2021","97.16","96.69","97.24","96.26","5.65M","0.56%"
"05/05/2021","96.62","98.08","98.10","96.23","5.97M","-1.66%"
"05/04/2021","98.25","98.43","99.23","97.69","6.45M","-0.65%"
"05/03/2021","98.89","99.56","99.56","98.67","6.84M","-0.19%"
"04/30/2021","99.08","98.39","99.30","98.21","4.37M","0.40%"
"04/29/2021","98.69","98.50","99.13","98.03","3.32M","0.86%"
"04/28/2021","97.85","98.31","98.44","97.80","3.51M","-0.21%"
"04/27/2021","98.06","98.36","98.39","97.81","3.09M","-0.01%"
"04/26/2021","98.07","98.10","98.64","97.84","5.40M","0.30%"
"04/23/2021","97.78","97.43","97.98","97.14","5.24M","0.59%"
"04/22/2021","97.21","97.73","98.12","96.99","3.21M","-0.54%"
"04/21/2021","97.74","97.22","97.91","96.87","4.41M","0.66%"
"04/20/2021","97.10","96.16","97.28","96.12","4.97M","0.82%"
"04/19/2021","96.31","96.17","96.31","95.51","2.88M","0.20%"
"04/16/2021","96.12","96.26","96.40","95.80","3.75M","0.22%"
"04/15/2021","95.91","94.84","95.91","94.64","6.50M","1.75%"
"04/14/2021","94.26","94.85","95.33","94.13","4.57M","-0.53%"
"04/13/2021","94.76","94.15","94.88","94.03","3.98M","0.50%"
"04/12/2021","94.29","93.93","94.29","93.14","2.83M","0.59%"
"04/09/2021","93.74","94.00","94.12","93.52","5.37M","-0.12%"
"04/08/2021","93.85","94.23","94.58","93.76","5.03M","-0.37%"
"04/07/2021","94.20","94.15","94.50","93.38","3.04M","0.07%"
"04/06/2021","94.13","93.95","94.14","93.49","5.11M","0.26%"
"04/05/2021","93.89","94.16","94.16","92.98","4.24M","0.38%"
"04/01/2021","93.53","92.34","93.58","92.00","5.46M","1.82%"
"03/31/2021","91.86","92.42","92.88","91.49","4.43M","-0.61%"
"03/30/2021","92.42","92.16","92.68","92.04","5.82M","0.13%"
"03/29/2021","92.30","92.64","92.94","91.48","5.12M","-0.58%"
"03/26/2021","92.84","91.32","92.89","91.16","3.86M","2.16%"
"03/25/2021","90.88","89.83","91.09","88.83","4.22M","0.43%"
"03/24/2021","90.49","91.05","91.78","90.49","4.14M","-0.56%"
"03/23/2021","91.00","91.10","91.71","90.49","2.97M","-0.14%"
"03/22/2021","91.13","90.50","91.35","90.20","2.68M","0.71%"
"03/19/2021","90.49","91.88","92.12","90.41","4.43M","-1.36%"
"03/18/2021","91.74","92.31","92.40","91.43","3.50M","-1.01%"
"03/17/2021","92.68","92.43","92.72","91.57","3.66M","0.09%"
"03/16/2021","92.60","92.99","93.20","92.20","3.12M","-0.41%"
"03/15/2021","92.98","91.83","93.20","91.36","6.03M","1.48%"
"03/12/2021","91.62","90.07","91.66","90.03","3.26M","1.68%"
"03/11/2021","90.11","89.70","90.63","89.15","3.83M","1.17%"
"03/10/2021","89.07","88.42","89.63","88.15","3.43M","1.00%"
"03/09/2021","88.19","88.13","88.87","88.07","3.87M","0.66%"
"03/08/2021","87.61","87.23","88.53","86.59","4.82M","0.86%"
"03/05/2021","86.86","86.58","87.16","84.44","7.17M","1.09%"
"03/04/2021","85.92","87.08","87.55","84.88","6.87M","-1.14%"
"03/03/2021","86.91","87.37","87.72","86.72","6.23M","-0.57%"
"03/02/2021","87.41","88.29","88.29","86.83","4.72M","-0.96%"
"03/01/2021","88.26","88.87","89.67","88.16","4.83M","0.44%"
"02/26/2021","87.87","89.51","89.52","87.77","6.52M","-1.46%"
"02/25/2021","89.17","90.80","91.45","88.56","7.55M","-1.91%"
"02/24/2021","90.91","90.23","91.19","90.01","3.55M","0.76%"
"02/23/2021","90.22","89.88","90.47","89.65","4.38M","0.62%"
"02/22/2021","89.66","88.70","90.05","88.51","3.49M","0.83%"
"02/19/2021","88.92","88.73","89.45","88.49","4.17M","0.58%"
"02/18/2021","88.41","88.47","88.79","88.25","3.25M","-0.43%"
"02/17/2021","88.79","88.70","88.93","88.25","2.94M","-0.12%"
"02/16/2021","88.90","89.92","89.97","88.41","2.77M","-0.77%"
"02/12/2021","89.59","89.34","89.68","88.91","2.30M","0.02%"
"02/11/2021","89.57","89.54","90.09","89.05","3.72M","0.21%"
"02/10/2021","89.38","89.36","90.10","88.99","3.42M","0.54%"
"02/09/2021","88.90","88.75","89.12","88.39","2.52M","0.35%"
"02/08/2021","88.59","88.43","88.59","87.79","3.21M","0.54%"
"02/05/2021","88.11","88.17","88.28","87.81","2.58M","0.35%"
"02/04/2021","87.80","87.22","88.29","87.10","4.12M","0.69%"
"02/03/2021","87.20","87.47","87.48","86.00","5.15M","-0.25%"
"02/02/2021","87.42","87.46","87.74","86.68","3.85M","0.60%"
"02/01/2021","86.90","85.48","86.95","84.42","6.15M","2.28%"
"01/29/2021","84.96","85.47","86.33","84.51","7.35M","-1.15%"
"01/28/2021","85.95","85.51","86.91","85.23","6.24M","0.54%"
"01/27/2021","85.49","86.38","87.17","85.07","5.91M","-1.77%"
"01/26/2021","87.03","86.61","87.31","86.46","4.71M","0.71%"
"01/25/2021","86.42","85.74","87.08","85.26","7.82M","0.76%"
"01/22/2021","85.77","85.13","85.91","84.92","5.27M","0.23%"
"01/21/2021","85.57","85.73","85.74","84.83","4.21M","-0.48%"
"01/20/2021","85.98","84.44","86.37","84.13","5.20M","1.91%"
"01/19/2021","84.37","85.14","85.18","83.99","5.52M","-0.28%"
"01/15/2021","84.61","83.46","84.87","83.18","3.94M","1.15%"
"01/14/2021","83.65","83.44","84.22","83.13","5.87M","0.59%"
"01/13/2021","83.16","82.22","83.33","82.21","9.02M","1.22%"
"01/12/2021","82.16","81.86","82.23","81.23","7.86M","0.23%"
"01/11/2021","81.97","82.53","83.02","81.68","6.57M","-1.32%"
"01/08/2021","83.07","82.53","83.36","82.39","4.93M","0.97%"
"01/07/2021","82.27","82.50","82.54","81.75","4.07M","-0.19%"
"01/06/2021","82.43","82.26","82.97","81.73","6.52M","0.17%"
"01/05/2021","82.29","82.17","82.87","82.13","4.93M","0.15%"
"01/04/2021","82.17","85.20","85.28","82.07","5.31M","-3.25%"
"12/31/2020","84.93","84.09","85.05","83.40","4.83M","0.96%"
"12/30/2020","84.12","83.87","84.78","83.71","4.00M","0.55%"
"12/29/2020","83.66","84.69","85.14","83.57","3.88M","-0.85%"
"12/28/2020","84.38","84.29","84.51","83.80","5.66M","0.60%"
"12/24/2020","83.88","83.48","83.90","83.23","1.56M","-0.72%"
"12/23/2020","84.49","85.37","85.93","84.42","3.66M","-0.65%"
"12/22/2020","85.04","84.50","85.12","84.11","2.83M","0.70%"
"12/21/2020","84.45","83.70","84.51","83.34","4.99M","-0.57%"
"12/18/2020","84.93","86.76","86.77","84.40","3.99M","-2.01%"
"12/17/2020","86.67","86.26","86.75","85.92","3.34M","0.97%"
"12/16/2020","85.84","85.99","86.46","85.41","3.42M","0.12%"
"12/15/2020","85.74","84.50","85.76","83.85","2.87M","2.05%"
"12/14/2020","84.02","85.08","85.68","83.96","3.74M","-0.44%"
"12/11/2020","84.39","84.06","84.57","83.57","4.04M","-0.09%"
"12/10/2020","84.47","84.38","85.02","84.16","3.74M","-0.44%"
"12/09/2020","84.84","85.55","85.65","84.28","5.02M","-0.62%"
"12/08/2020","85.37","85.29","85.82","85.25","2.65M","-0.35%"
"12/07/2020","85.67","86.21","86.49","85.35","2.62M","-0.87%"
"12/04/2020","86.42","85.49","86.44","85.49","3.05M","1.53%"
"12/03/2020","85.12","84.60","85.55","84.47","3.39M","0.84%"
"12/02/2020","84.41","84.89","85.39","84.33","3.74M","-0.79%"
"12/01/2020","85.08","84.96","85.43","84.70","6.49M","1.29%"
"11/30/2020","84.00","84.78","84.85","83.72","6.41M","-1.05%"
"11/27/2020","84.89","85.52","85.55","84.54","2.06M","-0.45%"
"11/25/2020","85.27","85.29","85.41","84.08","5.79M","0.06%"
"11/24/2020","85.22","85.71","86.41","85.12","4.81M","0.53%"
"11/23/2020","84.77","85.19","85.77","84.63","4.52M","0.19%"
"11/20/2020","84.61","85.03","85.15","84.23","3.14M","-0.54%"
"11/19/2020","85.07","84.62","85.17","83.73","4.23M","0.39%"
"11/18/2020","84.74","86.59","87.08","84.68","9.66M","-1.94%"
"11/17/2020","86.42","85.70","86.75","85.11","3.86M","0.09%"
"11/16/2020","86.34","87.17","87.44","85.32","2.98M","1.12%"
"11/13/2020","85.38","83.66","85.57","83.66","3.44M","2.67%"
"11/12/2020","83.16","83.88","84.22","82.59","3.94M","-1.31%"
"11/11/2020","84.26","84.28","84.65","83.44","3.42M","0.38%"
"11/10/2020","83.94","82.85","84.02","82.39","6.15M","1.46%"
"11/09/2020","82.73","84.53","88.29","82.56","9.00M","3.54%"
"11/06/2020","79.90","80.69","81.11","79.60","3.70M","-0.68%"
"11/05/2020","80.45","80.69","81.21","80.12","3.98M","0.47%"
"11/04/2020","80.07","80.50","81.29","79.44","2.87M","0.18%"
"11/03/2020","79.93","79.20","80.40","78.92","4.21M","1.93%"
"11/02/2020","78.42","77.40","78.46","76.88","4.25M","2.39%"
"10/30/2020","76.59","76.66","77.22","75.67","3.98M","-0.66%"
"10/29/2020","77.10","76.20","77.68","75.46","4.65M","1.34%"
"10/28/2020","76.08","76.68","77.43","75.79","4.42M","-2.39%"
"10/27/2020","77.94","79.30","79.73","77.94","2.26M","-1.60%"
"10/26/2020","79.21","79.74","79.86","78.51","2.69M","-1.43%"
"10/23/2020","80.36","80.18","80.67","79.69","2.59M","0.60%"
"10/22/2020","79.88","79.88","80.22","79.53","3.83M","-0.01%"
"10/21/2020","79.89","79.91","80.27","79.51","2.69M","-0.30%"
"10/20/2020","80.13","80.09","80.74","79.93","4.04M","0.72%"
"10/19/2020","79.56","81.03","81.20","79.44","9.87M","-1.56%"
"10/16/2020","80.82","81.41","81.43","80.67","2.93M","-0.71%"
"10/15/2020","81.40","80.35","82.06","80.33","2.92M","0.52%"
"10/14/2020","80.98","81.90","82.10","80.86","4.65M","-1.22%"
"10/13/2020","81.98","83.07","83.12","81.50","4.41M","-1.71%"
"10/12/2020","83.41","83.12","83.64","82.55","5.66M","0.47%"
"10/09/2020","83.02","83.86","83.88","82.73","6.56M","-0.40%"
"10/08/2020","83.35","82.42","83.58","82.28","2.27M","1.67%"
"10/07/2020","81.98","82.37","82.40","81.60","2.36M","0.15%"
"10/06/2020","81.86","82.61","83.07","81.54","5.83M","-0.66%"
"10/05/2020","82.40","82.23","82.66","80.83","2.65M","0.57%"
"10/04/2020","81.93","81.93","81.93","81.93","","0.00%"
"10/03/2020","81.93","81.93","81.93","81.93","","0.00%"
"10/02/2020","81.93","79.46","82.19","79.17","3.35M","1.73%"
"10/01/2020","80.54","79.28","80.61","78.93","6.41M","2.00%"
"09/30/2020","78.96","79.12","79.88","78.15","4.51M","0.30%"
"09/29/2020","78.72","79.28","79.33","78.08","3.66M","-0.72%"
"09/28/2020","79.29","78.79","79.67","78.70","3.47M","2.05%"
"09/27/2020","77.70","77.70","77.70","77.70","","0.00%"
"09/26/2020","77.70","77.70","77.70","77.70","","0.00%"
"09/25/2020","77.70","75.96","77.75","75.72","3.50M","1.28%"
"09/24/2020","76.72","76.32","77.81","75.95","6.81M","0.54%"
"09/23/2020","76.31","78.73","78.73","76.21","7.88M","-3.01%"
"09/22/2020","78.68","77.99","79.32","77.83","4.49M","1.20%"
"09/21/2020","77.75","79.16","79.17","77.32","5.30M","-3.01%"
"09/18/2020","80.16","81.98","81.98","80.02","5.02M","-2.26%"
"09/17/2020","82.01","82.78","83.35","81.48","5.98M","-1.95%"
"09/16/2020","83.64","83.70","84.49","83.29","3.72M","0.53%"
"09/15/2020","83.20","82.56","83.98","82.50","3.02M","1.20%"
"09/14/2020","82.21","80.78","82.46","80.68","3.73M","2.44%"
"09/13/2020","80.25","80.25","80.25","80.25","","0.00%"
"09/11/2020","80.25","80.89","80.98","79.51","4.26M","-0.56%"
"09/10/2020","80.70","81.79","81.90","80.62","4.31M","-1.22%"
"09/09/2020","81.70","81.32","82.74","81.24","3.16M","0.99%"
"09/08/2020","80.90","81.54","81.59","80.32","3.77M","-1.22%"
"09/04/2020","81.90","82.57","83.10","80.53","4.96M","-0.52%"
"09/03/2020","82.33","83.31","84.04","81.70","5.72M","-1.20%"
"09/02/2020","83.33","81.90","83.46","81.24","3.14M","1.86%"
"09/01/2020","81.81","81.47","81.88","80.88","3.50M","0.07%"
"08/31/2020","81.75","82.48","82.50","81.44","4.84M","-1.02%"
"08/30/2020","82.59","82.59","82.59","82.59","","0.00%"
"08/28/2020","82.59","82.18","82.59","81.34","4.55M","0.66%"
"08/27/2020","82.05","81.03","82.31","81.01","4.01M","1.47%"
"08/26/2020","80.86","81.43","81.43","80.37","3.14M","-0.92%"
"08/25/2020","81.61","81.61","81.80","80.83","3.12M","0.26%"
"08/24/2020","81.40","81.00","81.43","79.92","2.55M","0.64%"
"08/23/2020","80.88","80.88","80.88","80.88","","0.00%"
"08/21/2020","80.88","80.74","81.23","79.89","3.38M","0.16%"
"08/20/2020","80.75","79.60","81.27","79.38","2.95M","0.95%"
"08/19/2020","79.99","81.61","81.67","79.84","4.38M","-1.76%"
"08/18/2020","81.42","81.81","81.91","80.92","3.64M","-0.48%"
"08/17/2020","81.81","81.20","81.85","80.83","2.75M","0.81%"
"08/14/2020","81.15","80.93","81.91","80.84","3.40M","0.01%"
"08/13/2020","81.14","81.88","82.57","80.93","3.59M","-1.23%"
"08/12/2020","82.15","81.96","82.28","81.64","2.25M","1.01%"
"08/11/2020","81.33","83.33","83.47","81.02","5.19M","-1.44%"
"08/10/2020","82.52","82.64","83.02","82.16","3.41M","0.16%"
"08/09/2020","82.39","82.39","82.39","82.39","","0.00%"
"08/08/2020","82.39","82.39","82.39","82.39","","0.00%"
"08/07/2020","82.39","80.93","82.43","80.80","4.45M","1.43%"
"08/06/2020","81.23","80.79","81.45","80.71","3.65M","0.16%"
"08/05/2020","81.10","81.80","82.12","80.70","3.37M","-0.50%"
"08/04/2020","81.51","80.17","81.71","80.11","4.08M","1.49%"
"08/03/2020","80.31","81.42","81.42","79.88","5.63M","-1.33%"
"08/02/2020","81.39","81.39","81.39","81.39","","0.00%"
"07/31/2020","81.39","81.45","81.50","80.12","9.31M","-0.18%"
"07/30/2020","81.54","81.00","81.61","80.47","6.60M","-0.65%"
"07/29/2020","82.07","80.96","82.07","80.82","5.43M","1.94%"
"07/28/2020","80.51","78.91","80.90","78.74","6.61M","1.99%"
"07/27/2020","78.94","78.16","79.03","77.23","4.11M","0.95%"
"07/26/2020","78.20","78.20","78.20","78.20","","0.00%"
"07/25/2020","78.20","78.20","78.20","78.20","","0.00%"
"07/24/2020","78.20","78.59","79.00","78.07","2.70M","-0.74%"
"07/23/2020","78.78","78.95","79.41","77.81","4.63M","-0.42%"
"07/22/2020","79.11","77.56","79.19","77.36","2.68M","1.53%"
"07/21/2020","77.92","78.38","78.74","77.71","3.01M","0.24%"
"07/20/2020","77.73","78.60","79.00","77.46","4.36M","-1.19%"
"07/17/2020","78.67","77.92","79.00","77.47","3.72M","1.30%"
"07/16/2020","77.66","78.17","78.45","77.36","3.61M","-1.20%"
"07/15/2020","78.60","79.15","79.39","78.05","3.55M","0.98%"
"07/14/2020","77.84","77.16","78.07","76.94","3.47M","0.84%"
"07/13/2020","77.19","78.40","78.85","77.00","6.07M","-1.19%"
"07/12/2020","78.12","78.12","78.12","78.12","","0.00%"
"07/11/2020","78.12","78.12","78.12","78.12","","0.00%"
"07/10/2020","78.12","77.72","78.51","77.56","3.81M","0.31%"
"07/09/2020","77.88","78.23","78.30","76.65","3.46M","-0.63%"
"07/08/2020","78.37","78.59","78.88","77.66","3.85M","-0.14%"
"07/07/2020","78.48","79.13","79.49","78.38","3.39M","-1.99%"
"07/06/2020","80.07","81.60","81.72","79.94","6.17M","-0.05%"
"07/05/2020","80.11","80.11","80.11","80.11","","0.00%"
"07/04/2020","80.11","80.11","80.11","80.11","","0.00%"
"07/02/2020","80.11","81.67","81.90","79.75","4.59M","-0.29%"
"07/01/2020","80.34","78.80","80.66","78.60","5.02M","2.30%"
"06/30/2020","78.53","77.87","78.91","77.38","5.21M","1.19%"
"06/29/2020","77.61","76.88","77.67","75.84","4.69M","1.93%"
"06/26/2020","76.14","77.36","77.65","76.05","7.28M","-1.92%"
"06/25/2020","77.63","76.17","77.71","76.03","6.63M","0.28%"
"06/24/2020","77.41","78.68","78.88","75.66","7.03M","-2.85%"
"06/23/2020","79.68","80.80","80.93","79.44","3.96M","-0.41%"
"06/22/2020","80.01","79.94","80.23","78.68","4.00M","-0.10%"
"06/19/2020","80.09","82.45","82.45","79.68","10.40M","-1.45%"
"06/18/2020","81.27","81.19","81.72","80.82","5.01M","-1.10%"
"06/17/2020","82.17","83.87","83.95","82.16","5.04M","-1.45%"
"06/16/2020","83.38","84.61","84.84","82.02","5.81M","1.97%"
"06/15/2020","81.77","78.15","82.19","77.98","6.14M","1.41%"
"06/12/2020","80.63","80.55","80.92","78.44","8.87M","3.58%"
"06/11/2020","77.84","79.57","80.63","77.73","8.61M","-6.42%"
"06/10/2020","83.18","85.11","85.11","82.53","6.43M","-2.54%"
"06/09/2020","85.35","85.21","85.90","84.30","7.17M","-1.66%"
"06/08/2020","86.79","85.82","86.80","85.67","7.13M","2.48%"
"06/07/2020","84.69","84.69","84.69","84.69","","0.00%"
"06/05/2020","84.69","84.49","86.07","84.30","6.16M","3.79%"
"06/04/2020","81.60","82.02","82.12","80.86","5.50M","-0.99%"
"06/03/2020","82.42","80.69","82.77","80.67","7.49M","3.21%"
"06/02/2020","79.86","79.81","80.10","79.03","7.16M","0.81%"
"06/01/2020","79.22","77.36","79.79","77.27","11.22M","2.31%"
"05/29/2020","77.43","77.58","78.14","76.89","8.99M","-1.00%"
"05/28/2020","78.21","78.69","78.82","77.58","5.64M","0.48%"
"05/27/2020","77.84","78.00","78.27","75.97","5.88M","1.99%"
"05/26/2020","76.32","75.76","76.72","75.55","6.00M","3.74%"
"05/22/2020","73.57","72.59","73.63","72.28","4.74M","1.35%"
"05/21/2020","72.59","72.21","73.09","71.90","5.39M","0.08%"
"05/20/2020","72.53","72.79","72.84","72.00","5.13M","0.89%"
"05/19/2020","71.89","72.59","72.95","71.89","5.80M","-1.34%"
"05/18/2020","72.87","71.01","73.43","71.01","8.62M","5.92%"
"05/15/2020","68.80","68.63","68.84","67.58","11.92M","-0.39%"
"05/14/2020","69.07","67.87","69.07","66.27","8.61M","0.35%"
"05/13/2020","68.83","70.03","70.36","68.51","8.36M","-2.42%"
"05/12/2020","70.54","74.22","74.22","70.48","11.76M","-4.55%"
"05/11/2020","73.90","74.13","75.08","73.50","6.87M","-1.45%"
"05/08/2020","74.99","74.22","75.24","74.07","6.63M","2.38%"
"05/07/2020","73.25","72.90","74.30","72.85","6.73M","1.43%"
"05/06/2020","72.22","73.79","74.15","72.20","6.27M","-1.79%"
"05/05/2020","73.54","73.90","74.66","73.43","7.52M","0.49%"
"05/04/2020","73.18","72.66","73.24","71.56","7.29M","-0.49%"
"05/03/2020","73.54","73.54","73.54","73.54","","0.00%"
"05/02/2020","73.54","73.54","73.54","73.54","","0.00%"
"05/01/2020","73.54","74.08","74.37","72.76","6.01M","-3.38%"
"04/30/2020","76.11","75.87","76.36","74.81","8.61M","-1.16%"
"04/29/2020","77.00","77.50","78.05","76.68","7.31M","1.50%"
"04/28/2020","75.86","76.68","77.80","75.80","8.18M","0.82%"
"04/27/2020","75.24","73.41","75.51","73.25","7.67M","3.42%"
"04/24/2020","72.75","72.97","73.12","71.87","6.42M","0.43%"
"04/23/2020","72.44","73.27","73.89","72.19","7.65M","-0.84%"
"04/22/2020","73.05","73.06","73.66","72.45","6.48M","1.53%"
"04/21/2020","71.95","71.36","72.55","70.99","8.62M","-1.81%"
"04/20/2020","73.28","74.54","74.96","73.26","6.63M","-3.72%"
"04/17/2020","76.11","75.92","76.51","75.07","8.59M","3.16%"
"04/16/2020","73.78","74.77","75.21","73.28","6.25M","-1.14%"
"04/15/2020","74.63","75.31","76.17","73.83","8.57M","-3.96%"
"04/14/2020","77.71","77.09","78.53","77.09","9.40M","2.80%"
"04/13/2020","75.59","78.41","78.61","75.07","10.14M","-4.21%"
"04/09/2020","78.91","75.98","79.98","75.98","13.84M","5.61%"
"04/08/2020","74.72","71.00","75.16","70.10","9.63M","6.82%"
"04/07/2020","69.95","71.99","73.35","69.92","7.68M","0.92%"
"04/06/2020","69.31","66.81","69.68","66.81","8.38M","7.41%"
"04/03/2020","64.53","64.99","65.88","63.27","8.99M","-1.45%"
"04/02/2020","65.48","64.32","66.84","64.17","10.92M","0.34%"
"04/01/2020","65.26","66.51","66.80","63.89","12.17M","-6.57%"
"03/31/2020","69.85","71.06","71.22","67.95","16.82M","-2.42%"
"03/30/2020","71.58","70.76","71.83","68.44","12.75M","2.18%"
"03/28/2020","70.05","70.05","70.05","70.05","","0.00%"
"03/27/2020","70.05","67.79","71.83","67.40","11.52M","0.10%"
"03/26/2020","69.98","65.98","70.25","65.58","14.49M","7.05%"
"03/25/2020","65.37","62.29","68.77","61.83","15.21M","5.38%"
"03/24/2020","62.03","59.61","62.26","58.78","14.40M","9.00%"
"03/23/2020","56.91","59.39","59.50","55.58","15.56M","-4.64%"
"03/21/2020","59.68","59.68","59.68","59.68","","0.00%"
"03/20/2020","59.68","63.55","65.20","59.35","18.84M","-4.98%"
"03/19/2020","62.81","61.71","64.25","60.00","13.09M","0.35%"
"03/18/2020","62.59","65.04","67.44","60.50","15.71M","-9.51%"
"03/17/2020","69.17","66.63","70.50","64.44","9.10M","5.78%"
"03/16/2020","65.39","71.88","74.35","65.24","11.40M","-17.73%"
"03/14/2020","79.48","79.48","79.48","79.48","","0.00%"
"03/13/2020","79.48","77.33","79.57","73.02","10.97M","8.73%"
"03/12/2020","73.10","75.90","78.53","72.60","16.76M","-10.13%"
"03/11/2020","81.34","84.65","84.65","80.53","16.48M","-6.01%"
"03/10/2020","86.54","85.05","86.62","81.83","11.78M","3.42%"
"03/09/2020","83.68","86.00","86.53","83.56","14.02M","-7.71%"
"03/06/2020","90.67","90.23","91.01","87.79","10.30M","-1.72%"
"03/05/2020","92.26","92.72","93.44","91.15","9.80M","-2.14%"
"03/04/2020","94.28","92.26","94.40","92.13","10.64M","3.78%"
"03/03/2020","90.85","91.18","93.31","90.10","14.65M","-0.23%"
"03/02/2020","91.06","87.65","91.07","87.16","14.25M","4.27%"
"02/28/2020","87.33","87.50","88.20","84.66","22.47M","-2.41%"
"02/27/2020","89.49","93.10","93.30","89.49","11.87M","-5.32%"
"02/26/2020","94.52","95.74","96.46","94.47","9.41M","-1.08%"
"02/25/2020","95.55","98.44","98.62","95.29","7.38M","-2.71%"
"02/24/2020","98.21","98.39","99.13","97.75","5.21M","-1.37%"
"02/21/2020","99.57","99.27","99.72","99.03","3.67M","0.29%"
"02/20/2020","99.28","98.16","99.33","97.86","5.56M","1.19%"
"02/19/2020","98.11","99.50","99.50","98.09","4.42M","-1.35%"
"02/18/2020","99.45","99.62","99.69","98.88","4.19M","-0.11%"
"02/17/2020","99.56","99.56","99.56","99.56","","0.00%"
"02/14/2020","99.56","98.77","99.58","98.64","3.00M","1.04%"
"02/13/2020","98.54","97.93","98.73","97.75","3.68M","0.60%"
"02/12/2020","97.95","97.53","98.25","97.13","6.30M","0.60%"
"02/11/2020","97.37","96.97","97.96","96.97","5.36M","0.76%"
"02/10/2020","96.64","95.95","96.66","95.84","4.46M","1.12%"
"02/07/2020","95.57","95.72","95.83","95.32","3.18M","-0.02%"
"02/06/2020","95.59","95.55","95.87","95.41","3.33M","0.34%"
"02/05/2020","95.27","95.39","95.63","95.05","4.41M","0.06%"
"02/04/2020","95.21","94.58","95.60","94.32","4.42M","1.03%"
"02/03/2020","94.24","93.88","94.95","93.85","7.51M","0.33%"
"01/31/2020","93.93","95.00","95.10","93.67","6.37M","-1.22%"
"01/30/2020","95.09","94.77","95.28","94.60","4.14M","0.07%"
"01/29/2020","95.02","95.66","95.78","94.93","3.79M","-0.37%"
"01/28/2020","95.37","95.15","95.67","94.97","3.01M","0.40%"
"01/27/2020","94.99","94.96","95.31","94.73","3.05M","-0.48%"
"01/24/2020","95.45","95.90","96.04","95.16","3.52M","-0.34%"
"01/23/2020","95.78","95.09","95.82","94.69","4.83M","0.84%"
"01/22/2020","94.98","95.85","96.15","94.82","5.02M","-0.67%"
"01/21/2020","95.62","94.84","95.69","94.59","4.22M","0.95%"
"01/17/2020","94.72","94.58","95.03","94.52","3.58M","0.10%"
"01/16/2020","94.63","94.03","94.63","93.87","4.43M","0.80%"
"01/15/2020","93.88","93.31","94.08","93.27","4.47M","0.90%"
"01/14/2020","93.04","93.30","93.35","92.52","4.12M","-0.37%"
"01/13/2020","93.39","92.37","93.40","92.34","5.55M","1.20%"
"01/10/2020","92.28","91.78","92.39","91.53","5.84M","0.76%"
"01/09/2020","91.58","91.61","91.87","91.36","4.22M","-0.05%"
"01/08/2020","91.63","91.39","91.81","91.06","6.77M","0.31%"
"01/07/2020","91.35","92.18","92.18","90.85","6.53M","-1.11%"
"01/06/2020","92.38","92.17","92.71","91.87","4.89M","0.12%"
"01/03/2020","92.27","91.24","92.46","91.03","5.02M","0.62%"
"01/02/2020","91.70","93.19","93.24","91.10","5.11M","-1.17%"
"12/31/2019","92.79","92.09","92.83","92.00","4.65M","0.72%"
"12/30/2019","92.13","91.89","92.21","91.62","3.47M","0.10%"
"12/27/2019","92.04","91.96","92.18","91.70","4.20M","0.32%"
"12/26/2019","91.75","91.42","91.77","91.29","2.24M","0.44%"
"12/24/2019","91.35","91.33","91.51","91.00","1.96M","0.26%"
"12/23/2019","91.11","92.05","92.05","91.02","5.37M","-0.50%"
"12/20/2019","91.57","91.32","91.97","91.25","9.51M","0.55%"
"12/19/2019","91.07","90.23","91.12","90.13","6.12M","0.89%"
"12/18/2019","90.27","89.22","90.52","89.22","6.34M","0.14%"
"12/17/2019","90.14","91.28","91.32","89.99","9.65M","-0.95%"
"12/16/2019","91.00","90.61","91.20","89.98","5.19M","0.72%"
"12/13/2019","90.35","90.37","90.80","89.68","6.81M","0.02%"
"12/12/2019","90.33","91.58","91.91","90.20","7.93M","-1.35%"
"12/11/2019","91.57","92.58","92.61","91.28","5.11M","-1.02%"
"12/10/2019","92.51","93.08","93.28","92.30","5.23M","-0.58%"
"12/09/2019","93.05","93.00","93.22","92.61","4.00M","0.19%"
"12/06/2019","92.87","92.65","93.36","92.65","4.49M","0.21%"
"12/05/2019","92.68","92.61","92.72","92.16","4.85M","0.05%"
"12/04/2019","92.63","92.07","92.97","91.97","4.13M","0.41%"
"12/03/2019","92.25","91.62","92.37","91.54","4.76M","0.64%"
"12/02/2019","91.66","92.70","93.02","91.61","9.43M","-1.51%"
"11/29/2019","93.07","93.50","93.85","93.03","3.53M","-0.46%"
"11/27/2019","93.50","93.06","93.55","92.78","4.12M","0.47%"
"11/26/2019","93.06","92.04","93.11","91.95","4.86M","1.33%"
"11/25/2019","91.84","91.74","92.37","91.74","5.18M","0.32%"
"11/22/2019","91.55","92.06","92.13","91.05","5.22M","-0.37%"
"11/21/2019","91.89","92.95","93.01","91.86","5.00M","-1.41%"
"11/20/2019","93.20","93.32","93.48","92.79","6.02M","-0.05%"
"11/19/2019","93.25","93.34","93.52","93.00","4.07M","0.17%"
"11/18/2019","93.09","92.77","93.50","92.71","3.61M","0.49%"
"11/15/2019","92.64","92.29","92.67","92.05","2.82M","0.54%"
"11/14/2019","92.14","91.60","92.16","91.50","5.74M","0.78%"
"11/13/2019","91.43","90.70","91.59","90.65","4.35M","0.92%"
"11/12/2019","90.60","91.32","91.88","90.52","5.70M","-0.76%"
"11/11/2019","91.29","91.10","91.58","91.00","3.53M","0.22%"
"11/08/2019","91.09","91.21","91.69","90.91","7.34M","-0.24%"
"11/07/2019","91.31","91.98","92.08","90.98","4.96M","-1.00%"
"11/06/2019","92.23","92.22","92.67","92.02","4.50M","0.22%"
"11/05/2019","92.03","93.35","93.35","91.67","9.14M","-1.70%"
"11/04/2019","93.62","94.25","94.28","93.42","3.89M","-0.70%"
"11/01/2019","94.28","94.41","94.78","93.45","6.65M","-0.02%"
"10/31/2019","94.30","94.67","94.76","93.95","4.72M","-0.18%"
"10/30/2019","94.47","94.02","94.53","93.47","3.88M","0.36%"
"10/29/2019","94.13","93.72","94.39","93.60","5.51M","0.61%"
"10/28/2019","93.56","94.13","94.13","93.44","4.90M","-0.61%"
"10/25/2019","94.13","94.88","94.99","93.95","4.19M","-0.85%"
"10/24/2019","94.94","95.37","95.37","94.71","3.15M","-0.25%"
"10/23/2019","95.18","95.11","95.27","94.43","3.02M","0.22%"
"10/22/2019","94.97","95.46","95.49","94.79","2.64M","-0.29%"
"10/21/2019","95.25","94.65","95.29","94.41","2.59M","0.76%"
"10/18/2019","94.53","93.73","94.67","93.69","2.49M","0.77%"
"10/17/2019","93.81","93.39","93.96","93.25","3.22M","0.65%"
"10/16/2019","93.20","93.14","93.22","92.62","3.42M","0.01%"
"10/15/2019","93.19","93.15","93.29","92.56","3.22M","0.13%"
"10/14/2019","93.07","93.14","93.29","92.72","1.88M","0.04%"
"10/11/2019","93.03","93.41","93.78","92.98","3.38M","-0.04%"
"10/10/2019","93.07","92.88","93.25","92.55","3.72M","0.16%"
"10/09/2019","92.92","93.67","93.67","92.80","4.17M","0.19%"
"10/08/2019","92.74","93.12","93.50","92.29","3.11M","-0.53%"
"10/07/2019","93.23","93.00","93.69","92.85","3.67M","-0.21%"
"10/04/2019","93.43","93.05","93.47","92.97","2.19M","0.60%"
"10/03/2019","92.87","91.93","93.12","91.75","6.72M","0.97%"
"10/02/2019","91.98","92.38","92.45","91.39","3.38M","-0.42%"
"10/01/2019","92.37","93.20","93.48","92.22","5.25M","-0.94%"
"09/30/2019","93.25","93.19","93.72","93.11","3.29M","0.17%"
"09/27/2019","93.09","93.81","93.91","92.44","4.09M","-0.56%"
"09/26/2019","93.61","93.11","93.83","93.00","2.99M","0.84%"
"09/25/2019","92.83","92.65","93.05","92.41","7.09M","0.19%"
"09/24/2019","92.65","93.11","93.33","92.34","3.71M","-1.01%"
"09/23/2019","93.60","93.26","94.00","93.23","3.52M","0.16%"
"09/20/2019","93.45","93.66","93.94","93.18","6.90M","0.00%"
"09/19/2019","93.45","93.32","93.84","93.22","2.89M","0.35%"
"09/18/2019","93.12","93.97","93.97","92.34","5.66M","-0.34%"
"09/17/2019","93.44","92.85","93.48","92.61","3.70M","1.08%"
"09/16/2019","92.44","91.80","92.59","91.49","4.69M","0.87%"
"09/13/2019","91.64","92.52","92.99","91.36","6.11M","-1.07%"
"09/12/2019","92.63","92.85","93.17","92.09","3.49M","0.53%"
"09/11/2019","92.14","91.92","92.29","91.42","3.97M","0.11%"
"09/10/2019","92.04","92.66","92.68","91.24","5.38M","-1.03%"
"09/09/2019","93.00","93.45","93.46","92.75","3.77M","-0.48%"
"09/06/2019","93.45","93.51","93.79","93.22","2.99M","0.23%"
"09/05/2019","93.24","94.01","94.01","93.07","6.04M","-0.72%"
"09/04/2019","93.92","93.60","94.07","93.44","4.76M","0.84%"
"09/03/2019","93.14","92.20","93.24","92.00","5.93M","1.00%"
"08/30/2019","92.22","92.41","92.51","91.81","5.68M","0.08%"
"08/29/2019","92.15","91.85","92.25","91.64","2.69M","0.78%"
"08/28/2019","91.44","91.13","91.58","90.91","3.50M","0.33%"
"08/27/2019","91.14","91.90","92.13","91.06","3.25M","-0.28%"
"08/26/2019","91.40","91.20","91.48","90.77","2.74M","0.77%"
"08/23/2019","90.70","91.91","92.55","90.40","5.78M","-1.40%"
"08/22/2019","91.99","91.56","92.06","91.05","2.59M","0.46%"
"08/21/2019","91.57","91.44","91.75","91.08","2.74M","0.42%"
"08/20/2019","91.19","92.14","92.21","91.12","2.56M","-0.71%"
"08/19/2019","91.84","91.57","92.05","91.17","3.28M","0.72%"
"08/16/2019","91.18","90.46","91.34","90.25","3.95M","1.03%"
"08/15/2019","90.25","89.49","90.44","89.39","4.58M","1.00%"
"08/14/2019","89.36","90.34","90.48","89.15","4.65M","-1.52%"
"08/13/2019","90.74","90.56","91.02","90.01","4.54M","0.14%"
"08/12/2019","90.61","90.74","90.98","90.14","2.94M","-0.26%"
"08/09/2019","90.85","90.80","91.15","90.00","3.30M","-0.12%"
"08/08/2019","90.96","89.59","90.96","88.98","5.77M","1.76%"
"08/07/2019","89.39","88.20","89.99","87.36","8.67M","0.97%"
"08/06/2019","88.53","87.76","89.02","87.54","7.79M","1.11%"
"08/05/2019","87.56","89.10","89.15","86.45","6.84M","-1.97%"
"08/02/2019","89.32","88.82","89.79","88.67","4.79M","0.48%"
"08/01/2019","88.89","89.01","89.72","88.35","8.37M","0.00%"
"07/31/2019","88.89","89.34","89.98","88.38","5.98M","-0.39%"
"07/30/2019","89.24","88.47","89.56","88.45","3.82M","0.80%"
"07/29/2019","88.53","88.44","89.14","88.38","4.90M","0.27%"
"07/26/2019","88.29","88.01","88.44","87.63","3.11M","0.46%"
"07/25/2019","87.89","88.38","88.44","87.58","5.63M","-0.59%"
"07/24/2019","88.41","88.45","88.50","87.90","2.95M","0.08%"
"07/23/2019","88.34","87.56","88.34","87.29","4.24M","1.13%"
"07/22/2019","87.35","87.53","87.69","87.02","3.27M","-0.09%"
"07/19/2019","87.43","88.97","89.03","87.31","5.06M","-1.63%"
"07/18/2019","88.88","88.65","89.12","88.17","7.05M","0.00%"
"07/17/2019","88.88","89.41","89.69","88.36","6.42M","-0.34%"
"07/16/2019","89.18","89.27","89.57","88.81","3.61M","-0.23%"
"07/15/2019","89.39","89.58","89.98","89.30","3.19M","-0.08%"
"07/12/2019","89.46","89.65","89.77","89.07","2.95M","-0.13%"
"07/11/2019","89.58","90.77","90.77","89.23","4.02M","-1.30%"
"07/10/2019","90.76","90.62","91.00","90.15","6.83M","0.58%"
"07/09/2019","90.24","89.75","90.39","89.51","4.91M","0.33%"
"07/08/2019","89.94","89.53","90.09","89.39","4.51M","0.36%"
"07/05/2019","89.62","89.31","89.91","88.22","5.38M","-0.36%"
"07/03/2019","89.94","89.02","90.01","88.94","5.42M","1.19%"
"07/02/2019","88.88","87.44","88.88","87.44","7.63M","1.74%"
"07/01/2019","87.36","87.98","87.98","86.33","9.76M","-0.05%"
"06/28/2019","87.40","87.21","87.96","87.14","9.64M","0.34%"
"06/27/2019","87.10","86.53","87.16","86.37","6.92M","0.32%"
"06/26/2019","86.82","88.63","88.72","86.61","12.90M","-2.00%"
"06/25/2019","88.59","89.94","90.17","88.59","5.38M","-1.48%"
"06/24/2019","89.92","90.63","90.91","89.65","3.77M","-0.34%"
"06/21/2019","90.23","91.00","91.27","90.04","7.94M","-1.41%"
"06/20/2019","91.52","91.56","91.85","91.39","4.86M","0.51%"
"06/19/2019","91.06","90.42","91.36","90.01","3.69M","0.54%"
"06/18/2019","90.57","91.33","91.59","90.16","4.45M","-0.10%"
"06/17/2019","90.66","89.94","90.78","89.94","3.57M","1.07%"
"06/14/2019","89.70","89.60","90.12","89.55","2.98M","0.06%"
"06/13/2019","89.65","89.35","89.65","89.10","2.80M","0.43%"
"06/12/2019","89.27","89.04","89.56","88.90","2.77M","0.34%"
"06/11/2019","88.97","88.99","89.19","88.31","3.83M","0.27%"
"06/10/2019","88.73","89.19","89.29","88.40","2.95M","-0.33%"
"06/07/2019","89.02","89.13","89.57","88.92","3.53M","0.37%"
"06/06/2019","88.69","88.80","88.89","88.05","4.08M","0.19%"
"06/05/2019","88.52","87.21","88.62","86.99","6.78M","2.09%"
"06/04/2019","86.71","87.25","87.25","85.95","6.99M","-0.45%"
"06/03/2019","87.10","87.20","87.39","86.48","6.35M","0.24%"
"05/31/2019","86.89","86.16","87.37","85.89","5.37M","0.58%"
"05/30/2019","86.39","86.12","86.78","86.03","3.98M","0.42%"
"05/29/2019","86.03","87.06","87.21","85.71","8.17M","-1.33%"
"05/28/2019","87.19","88.33","88.59","87.14","4.61M","-0.99%"
"05/24/2019","88.06","88.02","88.47","87.99","3.12M","0.31%"
"05/23/2019","87.79","87.38","87.87","87.09","3.30M","0.23%"
"05/22/2019","87.59","87.42","87.65","87.16","2.83M","0.30%"
"05/21/2019","87.33","86.87","87.55","86.75","2.93M","0.85%"
"05/20/2019","86.59","87.42","87.69","86.24","4.22M","-1.45%"
"05/17/2019","87.86","87.73","88.07","87.41","5.35M","-0.19%"
"05/16/2019","88.03","87.65","88.42","87.45","4.01M","0.40%"
"05/15/2019","87.68","87.01","87.89","86.72","3.41M","0.68%"
"05/14/2019","87.09","86.95","87.37","86.74","4.74M","0.37%"
"05/13/2019","86.77","86.32","86.90","86.08","5.79M","-0.10%"
"05/10/2019","86.86","85.88","87.08","85.71","4.27M","1.07%"
"05/09/2019","85.94","85.57","86.11","84.96","4.01M","0.26%"
"05/08/2019","85.72","85.88","86.58","85.67","5.98M","-0.10%"
"05/07/2019","85.81","87.28","87.28","85.21","7.04M","-1.81%"
"05/06/2019","87.39","87.25","87.67","86.87","4.84M","-0.32%"
"05/03/2019","87.67","87.24","87.79","86.93","4.68M","0.85%"
"05/02/2019","86.93","86.88","87.78","86.67","5.68M","0.10%"
"05/01/2019","86.84","86.77","87.83","86.72","7.68M","0.08%"
"04/30/2019","86.77","86.02","86.95","85.48","5.54M","0.95%"
"04/29/2019","85.95","86.71","86.97","85.85","4.28M","-0.98%"
"04/26/2019","86.80","86.28","86.87","86.13","3.11M","0.79%"
"04/25/2019","86.12","86.08","86.35","85.47","3.73M","-0.21%"
"04/24/2019","86.30","85.97","86.56","85.66","4.85M","0.74%"
"04/23/2019","85.67","84.92","85.79","84.52","4.69M","1.32%"
"04/22/2019","84.55","85.39","85.69","83.78","5.01M","-1.10%"
"04/18/2019","85.49","85.11","85.67","84.58","4.83M","0.77%"
"04/17/2019","84.84","85.91","86.03","84.56","6.12M","-0.91%"
"04/16/2019","85.62","87.62","87.66","85.28","7.26M","-2.26%"
"04/15/2019","87.60","88.10","88.14","87.37","3.47M","-0.51%"
"04/12/2019","88.05","87.59","88.08","86.97","4.15M","0.48%"
"04/11/2019","87.63","87.78","88.09","87.28","2.93M","-0.07%"
"04/10/2019","87.69","87.20","87.77","87.02","4.26M","0.92%"
"04/09/2019","86.89","87.35","87.48","86.74","3.51M","-0.53%"
"04/08/2019","87.35","87.77","87.83","87.07","4.58M","-0.56%"
"04/05/2019","87.84","87.24","87.89","87.10","4.83M","0.70%"
"04/04/2019","87.23","87.43","87.50","86.80","4.25M","-0.16%"
"04/03/2019","87.37","87.47","87.73","86.78","5.00M","-0.11%"
"04/02/2019","87.47","86.98","87.55","86.22","10.36M","0.70%"
"04/01/2019","86.86","87.00","87.03","85.91","8.53M","-0.06%"
"03/29/2019","86.91","87.07","87.16","86.57","13.74M","-0.09%"
"03/28/2019","86.99","86.35","87.03","86.10","5.60M","0.25%"
"03/27/2019","86.77","87.14","87.29","86.22","7.25M","-0.29%"
"03/26/2019","87.02","86.52","87.06","86.43","8.58M","0.80%"
"03/25/2019","86.33","86.25","86.61","85.75","6.32M","0.13%"
"03/22/2019","86.22","86.93","87.42","86.20","8.77M","-0.73%"
"03/21/2019","86.85","85.21","86.89","85.20","6.95M","1.78%"
"03/20/2019","85.33","85.05","85.86","84.44","6.50M","0.31%"
"03/19/2019","85.07","85.38","85.51","84.81","6.17M","-0.30%"
"03/18/2019","85.33","85.80","86.03","84.92","4.13M","-0.50%"
"03/15/2019","85.76","86.12","86.19","85.61","4.74M","-0.31%"
"03/14/2019","86.03","85.96","86.05","85.62","4.30M","0.15%"
"03/13/2019","85.90","85.58","86.13","85.58","4.28M","0.49%"
"03/12/2019","85.48","85.20","85.69","85.11","6.07M","0.46%"
"03/11/2019","85.09","84.15","85.15","84.01","4.68M","1.47%"
"03/08/2019","83.86","83.63","84.16","83.49","9.26M","0.11%"
"03/07/2019","83.77","84.16","84.55","83.55","8.33M","-0.21%"
"03/06/2019","83.95","84.42","84.60","83.84","5.37M","-0.46%"
"03/05/2019","84.34","84.07","84.71","83.90","9.08M","0.27%"
"03/04/2019","84.11","84.12","84.20","83.18","7.10M","0.45%"
"03/01/2019","83.73","83.94","84.24","82.82","10.64M","-0.31%"
"02/28/2019","83.99","83.83","84.92","83.52","6.55M","0.26%"
"02/27/2019","83.77","83.91","84.13","83.15","8.12M","-0.50%"
"02/26/2019","84.19","84.57","84.79","84.05","4.78M","-0.31%"
"02/25/2019","84.45","85.29","85.36","84.37","4.96M","-0.79%"
"02/22/2019","85.12","84.79","85.44","84.52","4.49M","0.59%"
"02/21/2019","84.62","84.06","84.70","83.78","4.76M","0.09%"
"02/20/2019","84.54","85.01","85.01","83.98","7.92M","-0.62%"
"02/19/2019","85.07","84.91","85.27","84.75","5.98M","-0.02%"
"02/15/2019","85.09","84.74","85.10","84.54","5.00M","0.67%"
"02/14/2019","84.52","84.38","84.84","83.99","6.93M","0.32%"
"02/13/2019","84.25","83.83","84.33","83.52","5.70M","0.51%"
"02/12/2019","83.82","84.55","84.55","83.51","8.59M","-0.63%"
"02/11/2019","84.35","84.25","84.51","83.96","5.00M","0.27%"
"02/08/2019","84.12","83.80","84.45","83.64","6.85M","0.00%"
"02/07/2019","84.12","83.18","84.22","82.91","8.82M","0.83%"
"02/06/2019","83.43","83.67","83.89","83.16","8.42M","-0.65%"
"02/05/2019","83.98","83.58","84.03","83.06","10.28M","0.57%"
"02/04/2019","83.50","82.86","83.50","82.20","13.61M","0.75%"
"02/01/2019","82.88","83.49","83.75","81.72","16.14M","-0.64%"
"01/31/2019","83.41","82.45","83.47","81.78","13.04M","1.04%"
"01/30/2019","82.55","81.92","82.85","81.83","6.64M","0.81%"
"01/29/2019","81.89","81.13","81.93","80.97","4.83M","0.79%"
"01/28/2019","81.25","80.31","81.33","80.06","5.47M","0.98%"
"01/25/2019","80.46","79.74","80.52","79.59","5.71M","1.25%"
"01/24/2019","79.47","78.97","79.65","78.69","4.14M","0.34%"
"01/23/2019","79.20","79.33","79.40","78.68","3.97M","0.01%"
"01/22/2019","79.19","79.26","79.54","78.58","6.06M","-0.30%"
"01/18/2019","79.43","79.49","79.50","78.82","6.40M","0.34%"
"01/17/2019","79.16","78.63","79.20","78.47","4.33M","0.48%"
"01/16/2019","78.78","78.21","79.06","78.10","6.16M","0.70%"
"01/15/2019","78.23","77.60","78.42","77.57","5.38M","0.95%"
"01/14/2019","77.49","77.50","77.94","77.18","4.93M","-0.33%"
"01/11/2019","77.75","77.46","77.83","77.10","5.14M","0.28%"
"01/10/2019","77.53","76.25","77.75","76.08","8.67M","1.36%"
"01/09/2019","76.49","76.78","76.87","75.76","6.43M","-0.14%"
"01/08/2019","76.60","75.53","76.79","75.33","10.76M","2.07%"
"01/07/2019","75.05","74.60","75.61","74.40","9.23M","0.98%"
"01/04/2019","74.32","73.74","75.02","73.30","9.39M","1.17%"
"01/03/2019","73.46","72.77","74.57","72.71","12.26M","0.70%"
"01/02/2019","72.95","73.56","73.70","72.53","12.88M","-2.17%"
"12/31/2018","74.57","74.31","74.72","73.30","15.75M","0.27%"
"12/28/2018","74.37","74.91","75.18","73.80","12.73M","0.32%"
"12/27/2018","74.13","73.59","74.21","72.02","12.10M","-0.01%"
"12/26/2018","74.14","71.89","74.14","71.08","16.98M","3.35%"
"12/24/2018","71.74","74.08","74.33","71.68","9.34M","-3.56%"
"12/21/2018","74.39","75.61","77.02","74.32","16.61M","-1.39%"
"12/20/2018","75.44","76.49","76.72","74.89","13.28M","-1.50%"
"12/19/2018","76.59","77.46","78.00","76.28","10.76M","-1.10%"
"12/18/2018","77.44","77.49","77.96","77.07","9.58M","1.03%"
"12/17/2018","76.65","79.74","79.99","76.47","20.33M","-3.77%"
"12/14/2018","79.65","79.58","80.01","79.23","10.39M","-0.29%"
"12/13/2018","79.88","79.52","80.50","79.45","6.13M","-0.61%"
"12/12/2018","80.37","82.12","82.25","80.26","6.94M","-1.54%"
"12/11/2018","81.63","82.06","82.39","81.63","5.11M","0.05%"
"12/10/2018","81.59","82.17","82.24","80.58","5.80M","-0.65%"
"12/07/2018","82.12","82.94","83.09","81.81","9.99M","-1.31%"
"12/06/2018","83.21","80.75","83.31","80.02","15.06M","2.48%"
"12/04/2018","81.20","82.35","82.63","80.99","9.35M","-1.48%"
"12/03/2018","82.42","82.48","82.56","81.66","7.41M","0.54%"
"11/30/2018","81.98","81.41","82.05","81.13","6.64M","0.95%"
"11/29/2018","81.21","81.14","81.61","80.66","5.68M","0.02%"
"11/28/2018","81.19","80.50","81.26","80.15","8.68M","0.89%"
"11/27/2018","80.47","80.06","80.48","79.74","5.18M","0.42%"
"11/26/2018","80.13","80.27","80.48","79.76","4.42M","0.19%"
"11/23/2018","79.98","79.88","80.35","79.51","2.82M","-0.20%"
"11/21/2018","80.14","80.06","80.81","79.73","4.14M","0.09%"
"11/20/2018","80.07","80.50","81.14","80.06","5.30M","-1.03%"
"11/19/2018","80.90","80.93","81.49","80.41","7.12M","0.14%"
"11/16/2018","80.79","79.78","80.91","79.70","4.35M","1.08%"
"11/15/2018","79.93","80.24","80.28","79.13","6.41M","-0.68%"
"11/14/2018","80.48","80.79","81.00","80.10","4.55M","-0.25%"
"11/13/2018","80.68","80.81","81.13","80.19","4.88M","-0.10%"
"11/12/2018","80.76","80.71","81.43","80.54","4.97M","0.20%"
"11/09/2018","80.60","80.52","80.87","80.16","3.39M","-0.01%"
"11/08/2018","80.61","80.42","80.67","79.95","3.56M","0.07%"
"11/07/2018","80.55","79.95","80.58","79.52","7.56M","1.19%"
"11/06/2018","79.60","79.28","79.63","79.08","4.13M","0.51%"
"11/05/2018","79.20","78.20","79.45","78.18","6.75M","1.49%"
"11/02/2018","78.04","78.84","78.86","77.15","7.61M","-0.83%"
"11/01/2018","78.69","78.38","78.85","78.03","6.06M","0.47%"
"10/31/2018","78.32","79.22","79.38","78.17","8.32M","-1.17%"
"10/30/2018","79.25","78.30","79.85","78.10","9.05M","1.37%"
"10/29/2018","78.18","77.72","78.72","77.69","7.16M","1.27%"
"10/26/2018","77.20","79.18","79.18","76.68","11.72M","-2.40%"
"10/25/2018","79.10","78.20","79.53","77.86","6.22M","1.28%"
"10/24/2018","78.10","77.57","78.78","77.42","6.02M","0.94%"
"10/23/2018","77.37","76.77","77.86","76.44","6.99M","0.44%"
"10/22/2018","77.03","78.19","78.58","77.03","7.50M","-1.40%"
"10/19/2018","78.12","77.50","78.37","77.50","5.36M","0.87%"
"10/18/2018","77.45","77.59","78.18","77.22","6.82M","-0.19%"
"10/17/2018","77.60","77.82","78.00","77.05","5.09M","-0.39%"
"10/16/2018","77.90","76.47","78.05","76.12","5.32M","2.06%"
"10/15/2018","76.33","75.79","77.04","75.73","8.53M","0.67%"
"10/12/2018","75.82","76.84","77.07","75.38","10.17M","-0.26%"
"10/11/2018","76.02","78.39","78.39","75.93","12.47M","-2.86%"
"10/10/2018","78.26","79.25","79.69","78.24","8.84M","-1.49%"
"10/09/2018","79.44","79.35","79.79","78.96","5.85M","0.14%"
"10/08/2018","79.33","78.32","79.63","78.20","5.25M","1.45%"
"10/05/2018","78.20","78.26","78.69","78.15","4.97M","-0.05%"
"10/04/2018","78.24","78.58","78.65","77.73","6.76M","-0.84%"
"10/03/2018","78.90","79.75","80.02","78.44","7.10M","-1.07%"
"10/02/2018","79.75","79.95","80.19","79.63","5.75M","-0.23%"
"10/01/2018","79.93","80.60","80.82","79.92","7.22M","-0.93%"
"09/28/2018","80.68","79.71","80.68","79.63","6.09M","1.36%"
"09/27/2018","79.60","79.62","79.97","79.38","4.94M","0.48%"
"09/26/2018","79.22","80.17","80.28","79.18","8.97M","-1.20%"
"09/25/2018","80.18","80.19","80.62","80.08","4.78M","0.01%"
"09/24/2018","80.17","81.44","81.61","79.84","4.11M","-3.15%"
"09/21/2018","82.78","82.69","83.20","82.57","7.29M","-0.04%"
"09/20/2018","82.81","82.05","82.86","81.77","4.31M","0.94%"
"09/19/2018","82.04","83.05","83.08","81.91","4.41M","-1.17%"
"09/18/2018","83.01","83.30","83.53","82.87","8.04M","-0.48%"
"09/17/2018","83.41","83.13","83.58","82.87","4.42M","0.32%"
"09/14/2018","83.14","83.55","83.62","82.54","5.22M","-0.63%"
"09/13/2018","83.67","83.61","83.93","83.34","3.81M","0.49%"
"09/12/2018","83.26","83.24","83.47","82.98","2.83M","0.05%"
"09/11/2018","83.22","83.01","83.50","82.88","3.98M","-0.01%"
"09/10/2018","83.23","83.25","83.70","83.11","3.09M","0.45%"
"09/07/2018","82.86","83.55","83.55","82.77","4.23M","-1.09%"
"09/06/2018","83.77","83.66","84.00","83.64","3.76M","0.29%"
"09/05/2018","83.53","83.02","83.82","82.58","5.41M","0.58%"
"09/04/2018","83.05","83.86","84.07","82.95","4.72M","-1.19%"
"08/31/2018","84.05","83.78","84.23","83.72","3.31M","0.39%"
"08/30/2018","83.72","84.35","84.37","83.65","2.97M","-0.64%"
"08/29/2018","84.26","84.23","84.44","84.07","3.56M","0.02%"
"08/28/2018","84.24","83.24","84.25","83.02","4.65M","1.35%"
"08/27/2018","83.12","83.49","83.56","82.84","4.48M","-0.36%"
"08/24/2018","83.42","82.93","83.43","82.80","3.90M","0.59%"
"08/23/2018","82.93","83.15","83.30","82.89","2.53M","-0.25%"
"08/22/2018","83.14","83.53","83.64","82.83","2.95M","-0.56%"
"08/21/2018","83.61","84.00","84.15","83.41","3.15M","-0.61%"
"08/20/2018","84.12","84.17","84.55","84.00","4.63M","0.07%"
"08/17/2018","84.06","83.11","84.07","83.11","4.70M","0.92%"
"08/16/2018","83.29","82.63","83.30","82.56","3.33M","0.81%"
"08/15/2018","82.62","82.04","82.72","81.81","5.20M","0.77%"
"08/14/2018","81.99","81.58","82.20","81.58","3.25M","0.49%"
"08/13/2018","81.59","81.66","81.85","81.38","2.76M","-0.20%"
"08/10/2018","81.75","82.49","82.50","81.60","4.52M","-0.76%"
"08/09/2018","82.38","82.34","82.65","82.19","3.72M","0.05%"
"08/08/2018","82.34","82.77","82.80","82.15","2.42M","-0.58%"
"08/07/2018","82.82","82.94","82.94","82.40","3.05M","-0.18%"
"08/06/2018","82.97","83.12","83.38","82.77","4.66M","-0.13%"
"08/03/2018","83.08","82.23","83.12","82.15","4.34M","1.08%"
"08/02/2018","82.19","82.35","82.66","82.01","4.75M","-0.40%"
"08/01/2018","82.52","81.35","82.53","81.13","7.80M","0.71%"
"07/31/2018","81.94","80.84","82.31","80.84","5.74M","1.68%"
"07/30/2018","80.59","80.51","80.78","79.99","4.00M","0.06%"
"07/27/2018","80.54","81.56","81.61","80.46","4.79M","-1.07%"
"07/26/2018","81.41","81.25","81.82","81.05","4.39M","0.33%"
"07/25/2018","81.14","80.54","81.28","80.39","4.55M","0.80%"
"07/24/2018","80.50","80.89","81.03","80.30","4.18M","-0.51%"
"07/23/2018","80.91","81.04","81.18","80.43","4.38M","-0.21%"
"07/20/2018","81.08","81.59","81.80","80.86","3.27M","-0.96%"
"07/19/2018","81.87","80.88","82.15","80.65","4.36M","1.17%"
"07/18/2018","80.92","81.16","81.45","80.55","5.19M","-0.44%"
"07/17/2018","81.28","81.95","82.06","81.19","4.03M","-0.66%"
"07/16/2018","81.82","82.11","82.19","81.36","3.02M","-0.53%"
"07/13/2018","82.26","82.55","82.90","82.20","5.02M","-0.30%"
"07/12/2018","82.51","82.52","82.65","82.08","4.04M","0.30%"
"07/11/2018","82.26","82.43","82.71","82.18","5.13M","-0.33%"
"07/10/2018","82.53","82.51","82.73","82.03","4.56M","0.21%"
"07/09/2018","82.36","83.13","83.13","81.94","6.62M","-0.79%"
"07/06/2018","83.02","82.79","83.16","82.74","7.89M","0.53%"
"07/05/2018","82.58","81.85","82.62","81.54","7.22M","1.19%"
"07/03/2018","81.61","81.04","82.18","80.84","7.33M","0.75%"
"07/02/2018","81.00","81.52","81.54","80.08","7.93M","-0.55%"
"06/29/2018","81.45","81.10","81.80","80.62","5.24M","0.25%"
"06/28/2018","81.25","80.53","81.35","80.44","3.90M","0.89%"
"06/27/2018","80.53","81.05","81.26","80.51","4.56M","-0.38%"
"06/26/2018","80.84","80.74","81.17","80.37","3.75M","0.32%"
"06/25/2018","80.58","80.65","80.90","80.09","5.90M","-0.26%"
"06/22/2018","80.79","80.33","80.84","79.97","4.39M","0.79%"
"06/21/2018","80.16","80.00","80.26","79.62","3.72M","0.48%"
"06/20/2018","79.78","78.96","79.89","78.91","7.33M","1.12%"
"06/19/2018","78.90","78.74","79.28","78.74","11.28M","-0.10%"
"06/18/2018","78.98","78.78","79.05","78.44","6.39M","-0.89%"
"06/15/2018","79.69","79.72","80.26","79.53","11.13M","-0.06%"
"06/14/2018","79.74","79.25","80.00","79.25","4.46M","0.95%"
"06/13/2018","78.99","80.56","80.70","78.81","7.23M","-1.95%"
"06/12/2018","80.56","80.03","80.77","79.82","3.29M","0.60%"
"06/11/2018","80.08","80.11","80.27","79.93","4.17M","-0.15%"
"06/08/2018","80.20","79.97","80.27","79.79","2.77M","0.36%"
"06/07/2018","79.91","79.92","80.12","79.43","3.35M","0.00%"
"06/06/2018","79.91","79.72","79.91","79.32","4.01M","0.24%"
"06/05/2018","79.72","80.22","80.30","79.56","5.54M","-0.26%"
"06/04/2018","79.93","79.40","79.95","79.11","5.39M","0.87%"
"06/01/2018","79.24","78.59","79.43","78.43","7.23M","0.44%"
"05/31/2018","78.89","78.91","79.19","78.59","5.43M","-0.34%"
"05/30/2018","79.16","78.05","79.39","77.83","4.90M","1.36%"
"05/29/2018","78.10","77.54","78.23","77.32","4.61M","0.48%"
"05/25/2018","77.73","77.53","78.02","77.42","3.60M","0.35%"
"05/24/2018","77.46","77.64","77.94","77.04","3.17M","-0.21%"
"05/23/2018","77.62","76.80","77.86","76.79","3.98M","1.00%"
"05/22/2018","76.85","76.73","76.95","76.42","3.47M","0.14%"
"05/21/2018","76.74","76.01","76.87","75.59","3.67M","1.19%"
"05/18/2018","75.84","75.83","76.12","75.50","3.34M","0.13%"
"05/17/2018","75.74","76.09","76.35","75.58","4.00M","-0.50%"
"05/16/2018","76.12","76.50","76.75","76.01","4.40M","-0.30%"
"05/15/2018","76.35","77.22","77.22","76.12","5.13M","-1.62%"
"05/14/2018","77.61","78.22","78.39","77.24","3.54M","-0.86%"
"05/11/2018","78.28","78.59","78.87","78.16","2.69M","-0.34%"
"05/10/2018","78.55","78.23","78.70","78.07","3.66M","0.78%"
"05/09/2018","77.94","77.26","77.96","77.16","4.69M","0.67%"
"05/08/2018","77.42","77.80","77.80","77.17","4.31M","-0.50%"
"05/07/2018","77.81","77.40","77.90","77.35","4.67M","0.67%"
"05/04/2018","77.29","76.41","77.48","76.41","3.75M","1.10%"
"05/03/2018","76.45","76.26","76.77","76.16","5.84M","-0.07%"
"05/02/2018","76.50","76.61","76.83","75.83","5.36M","-0.36%"
"05/01/2018","76.78","76.08","76.93","75.94","5.25M","0.91%"
"04/30/2018","76.09","76.42","76.71","76.06","6.63M","-0.39%"
"04/27/2018","76.39","75.06","76.64","74.97","6.28M","1.72%"
"04/26/2018","75.10","74.35","75.52","74.25","5.55M","1.31%"
"04/25/2018","74.13","74.03","74.41","73.55","4.06M","-0.19%"
"04/24/2018","74.27","74.05","74.58","73.84","5.85M","0.38%"
"04/23/2018","73.99","74.08","74.38","73.66","4.33M","-0.08%"
"04/20/2018","74.05","74.66","74.96","73.95","5.17M","-0.92%"
"04/19/2018","74.74","75.59","75.67","74.21","6.92M","-1.45%"
"04/18/2018","75.84","76.18","76.28","75.83","4.12M","-0.21%"
"04/17/2018","76.00","75.29","76.42","75.06","4.50M","1.17%"
"04/16/2018","75.12","74.75","75.37","74.57","4.28M","0.62%"
"04/13/2018","74.66","74.20","74.72","74.09","3.82M","0.53%"
"04/12/2018","74.27","75.23","75.24","74.05","4.05M","-1.12%"
"04/11/2018","75.11","74.81","75.68","74.74","3.89M","0.21%"
"04/10/2018","74.95","75.35","75.49","74.83","7.32M","-0.11%"
"04/09/2018","75.03","75.32","75.62","74.91","4.47M","-0.32%"
"04/06/2018","75.27","75.67","76.25","75.02","4.82M","-0.75%"
"04/05/2018","75.84","75.92","75.99","75.19","4.20M","-0.04%"
"04/04/2018","75.87","74.66","76.09","74.49","5.50M","1.05%"
"04/03/2018","75.08","74.57","75.42","74.08","9.99M","0.85%"
"04/02/2018","74.45","75.34","75.67","73.95","6.49M","-1.35%"
"03/29/2018","75.47","75.77","75.95","75.16","5.99M","-0.12%"
"03/28/2018","75.56","73.97","75.70","73.84","8.92M","2.51%"
"03/27/2018","73.71","73.53","74.68","72.67","9.13M","0.38%"
"03/26/2018","73.43","73.03","73.56","72.67","6.98M","0.16%"
"03/23/2018","73.31","74.62","74.85","73.12","9.53M","-1.78%"
"03/22/2018","74.64","74.90","75.97","74.61","5.61M","-0.59%"
"03/21/2018","75.08","75.55","75.85","74.68","5.91M","-0.74%"
"03/20/2018","75.64","75.85","76.38","75.35","5.68M","-0.34%"
"03/19/2018","75.90","76.46","76.48","75.42","4.00M","-0.86%"
"03/16/2018","76.56","75.94","76.66","75.77","4.95M","0.70%"
"03/15/2018","76.03","76.18","76.31","75.63","5.68M","-0.03%"
"03/14/2018","76.05","75.91","76.35","75.73","5.95M","0.09%"
"03/13/2018","75.98","76.16","76.51","75.72","4.88M","0.09%"
"03/12/2018","75.91","75.63","76.09","75.38","6.66M","0.44%"
"03/09/2018","75.58","75.17","75.58","74.68","6.29M","0.55%"
"03/08/2018","75.17","75.20","75.35","74.78","6.38M","0.19%"
"03/07/2018","75.03","74.23","75.09","74.19","9.87M","0.62%"
"03/06/2018","74.57","74.34","74.73","73.69","6.04M","0.47%"
"03/05/2018","74.22","73.19","74.56","73.14","5.56M","1.13%"
"03/02/2018","73.39","73.07","73.47","72.62","8.41M","-0.04%"
"03/01/2018","73.42","73.19","74.30","72.83","8.79M","0.10%"
"02/28/2018","73.35","73.66","74.35","73.35","9.18M","-0.07%"
"02/27/2018","73.40","75.30","75.35","73.38","7.64M","-2.33%"
"02/26/2018","75.15","75.31","75.36","74.64","6.34M","0.28%"
"02/23/2018","74.94","74.03","74.96","73.92","6.88M","1.60%"
"02/22/2018","73.76","73.28","74.31","73.13","7.41M","1.14%"
"02/21/2018","72.93","74.40","74.53","72.93","7.85M","-1.98%"
"02/20/2018","74.40","75.06","75.68","74.31","5.77M","-1.18%"
"02/16/2018","75.29","75.11","75.67","74.82","7.00M","0.55%"
"02/15/2018","74.88","74.27","75.01","74.06","7.36M","0.97%"
"02/14/2018","74.16","74.06","74.25","73.16","8.23M","-0.72%"
"02/13/2018","74.70","74.01","74.91","73.52","8.77M","0.70%"
"02/12/2018","74.18","74.59","74.63","72.11","15.21M","0.04%"
"02/09/2018","74.15","72.79","74.74","72.05","12.72M","2.50%"
"02/08/2018","72.34","74.15","74.93","72.27","11.12M","-2.87%"
"02/07/2018","74.48","74.78","75.92","74.42","7.48M","-0.43%"
"02/06/2018","74.80","73.55","75.20","73.09","12.55M","0.01%"
"02/05/2018","74.79","76.70","77.54","74.69","8.86M","-2.97%"
"02/02/2018","77.08","77.16","77.60","76.44","11.15M","-0.85%"
"02/01/2018","77.74","79.09","79.73","77.60","7.31M","-2.15%"
"01/31/2018","79.45","78.27","79.48","78.02","8.86M","1.79%"
"01/30/2018","78.05","78.27","78.59","77.92","6.94M","-0.73%"
"01/29/2018","78.62","79.48","79.49","78.57","5.28M","-1.34%"
"01/26/2018","79.69","79.97","80.08","79.23","4.97M","-0.35%"
"01/25/2018","79.97","79.97","80.11","79.45","4.76M","-0.17%"
"01/24/2018","80.11","80.42","80.61","79.83","6.24M","-0.52%"
"01/23/2018","80.53","79.79","80.55","79.66","4.60M","1.38%"
"01/22/2018","79.43","78.83","79.47","78.74","4.77M","0.91%"
"01/19/2018","78.71","78.42","78.72","78.20","4.55M","0.54%"
"01/18/2018","78.29","79.01","79.10","78.22","4.55M","-1.29%"
"01/17/2018","79.31","79.09","79.40","78.70","5.56M","0.70%"
"01/16/2018","78.76","78.90","80.03","78.74","5.76M","0.19%"
"01/12/2018","78.61","79.03","79.24","78.47","5.15M","-0.81%"
"01/11/2018","79.25","79.71","79.93","79.17","5.07M","-0.34%"
"01/10/2018","79.52","80.10","80.23","79.11","6.24M","-1.12%"
"01/09/2018","80.42","81.50","81.73","80.39","4.63M","-1.29%"
"01/08/2018","81.47","81.16","81.61","81.04","4.76M","0.52%"
"01/05/2018","81.05","81.17","81.23","80.84","5.74M","0.05%"
"01/04/2018","81.01","82.45","82.48","80.99","4.73M","-1.72%"
"01/03/2018","82.43","82.73","82.93","82.25","5.52M","-0.29%"
"01/02/2018","82.67","83.04","83.17","82.40","4.64M","-0.37%"
"12/29/2017","82.98","83.11","83.28","82.85","2.96M","0.04%"
"12/28/2017","82.95","82.39","83.03","82.31","3.17M","0.53%"
"12/27/2017","82.51","82.82","82.82","82.31","4.34M","0.33%"
"12/26/2017","82.24","81.85","82.45","81.68","2.87M","0.50%"
"12/22/2017","81.83","81.32","81.95","81.22","6.48M","0.69%"
"12/21/2017","81.27","81.95","81.95","81.18","4.70M","-1.91%"
"12/20/2017","82.85","83.86","84.08","82.84","7.83M","-1.16%"
"12/19/2017","83.82","85.67","85.69","83.67","5.26M","-2.13%"
"12/18/2017","85.64","85.26","86.14","85.25","5.17M","0.66%"
"12/15/2017","85.08","84.66","85.25","84.63","4.91M","0.63%"
"12/14/2017","84.55","84.62","84.88","84.38","4.90M","-0.02%"
"12/13/2017","84.57","84.62","84.97","84.41","3.89M","0.17%"
"12/12/2017","84.43","84.12","84.66","83.74","4.73M","0.49%"
"12/11/2017","84.02","84.05","84.15","83.84","5.33M","-0.01%"
"12/08/2017","84.03","83.93","84.17","83.55","3.45M","0.51%"
"12/07/2017","83.60","83.33","83.68","83.11","4.05M","0.25%"
"12/06/2017","83.39","83.51","83.78","83.00","3.97M","-0.10%"
"12/05/2017","83.47","84.26","84.30","83.45","4.37M","-0.83%"
"12/04/2017","84.17","84.76","85.10","84.15","4.48M","-0.50%"
"12/01/2017","84.59","84.49","84.91","83.85","4.66M","0.24%"
"11/30/2017","84.39","84.40","84.64","84.14","4.85M","0.15%"
"11/29/2017","84.26","84.02","84.45","83.76","4.63M","0.04%"
"11/28/2017","84.23","84.51","84.62","83.79","2.95M","-0.38%"
"11/27/2017","84.55","85.04","85.05","84.52","2.22M","-0.47%"
"11/24/2017","84.95","84.91","85.09","84.88","1.25M","0.13%"
"11/22/2017","84.84","84.87","85.13","84.63","2.35M","-0.22%"
"11/21/2017","85.03","84.64","85.08","84.51","3.06M","0.75%"
"11/20/2017","84.40","84.71","84.79","84.26","3.61M","-0.30%"
"11/17/2017","84.65","84.81","85.07","84.55","2.78M","-0.44%"
"11/16/2017","85.02","84.11","85.11","84.10","5.14M","0.83%"
"11/15/2017","84.32","85.05","85.20","84.27","5.17M","-1.01%"
"11/14/2017","85.18","85.12","85.42","85.03","4.04M","-0.21%"
"11/13/2017","85.36","84.98","85.48","84.85","3.49M","0.51%"
"11/10/2017","84.93","84.41","85.21","84.25","3.66M","0.11%"
"11/09/2017","84.84","84.44","85.35","84.21","3.86M","0.11%"
"11/08/2017","84.75","84.27","84.80","84.23","2.06M","0.50%"
"11/07/2017","84.33","83.69","84.60","83.68","3.99M","0.81%"
"11/06/2017","83.65","83.16","83.88","83.11","3.16M","0.67%"
"11/03/2017","83.09","82.89","83.41","82.53","2.46M","-0.25%"
"11/02/2017","83.30","82.85","83.64","82.73","5.16M","0.85%"
"11/01/2017","82.60","82.34","82.78","82.15","3.51M","0.49%"
"10/31/2017","82.20","82.22","82.35","81.49","4.42M","-0.01%"
"10/30/2017","82.21","82.35","82.54","82.06","3.06M","-0.09%"
"10/27/2017","82.28","81.86","82.49","81.34","2.98M","0.45%"
"10/26/2017","81.91","82.81","83.00","81.61","3.92M","-0.82%"
"10/25/2017","82.59","82.48","82.87","82.02","3.49M","-0.29%"
"10/24/2017","82.83","83.17","83.44","82.54","2.52M","-0.60%"
"10/23/2017","83.33","83.75","83.83","83.23","2.62M","-0.38%"
"10/20/2017","83.65","84.06","84.10","83.33","2.93M","-0.57%"
"10/19/2017","84.13","84.36","84.54","83.84","1.84M","-0.30%"
"10/18/2017","84.38","84.37","84.69","84.21","1.94M","-0.11%"
"10/17/2017","84.47","84.28","84.52","84.12","2.19M","0.12%"
"10/16/2017","84.37","84.73","84.90","84.30","1.97M","-0.50%"
"10/13/2017","84.79","84.88","85.00","84.40","2.66M","0.26%"
"10/12/2017","84.57","84.06","84.57","83.93","2.79M","0.64%"
"10/11/2017","84.03","83.82","84.29","83.81","2.94M","0.33%"
"10/10/2017","83.75","83.76","84.32","83.50","6.01M","0.30%"
"10/09/2017","83.50","83.34","83.71","83.25","2.25M","0.24%"
"10/06/2017","83.30","83.13","83.37","82.60","2.59M","-0.32%"
"10/05/2017","83.57","83.38","83.98","83.37","3.40M","0.36%"
"10/04/2017","83.27","82.92","83.33","82.63","4.14M","0.51%"
"10/03/2017","82.85","82.96","83.04","82.66","6.71M","-0.14%"
"10/02/2017","82.97","83.22","83.26","82.84","4.53M","-0.14%"
"09/29/2017","83.09","82.80","83.18","82.62","4.25M","0.21%"
"09/28/2017","82.92","82.19","83.00","82.19","4.11M","0.68%"
"09/27/2017","82.36","82.94","83.10","82.07","3.81M","-0.90%"
"09/26/2017","83.11","83.13","83.38","82.91","3.10M","0.17%"
"09/25/2017","82.97","82.50","83.31","82.49","5.54M","0.58%"
"09/22/2017","82.49","83.17","83.48","82.44","4.55M","-1.72%"
"09/21/2017","83.93","84.08","84.63","83.92","6.28M","-0.19%"
"09/20/2017","84.09","84.54","84.66","83.72","2.74M","-0.27%"
"09/19/2017","84.32","84.95","84.97","84.26","2.92M","-0.66%"
"09/18/2017","84.88","85.32","85.47","84.61","3.44M","-0.54%"
"09/15/2017","85.34","85.13","85.38","84.58","3.17M","0.19%"
"09/14/2017","85.18","84.37","85.22","84.17","2.84M","0.83%"
"09/13/2017","84.48","84.72","84.76","84.19","1.84M","-0.26%"
"09/12/2017","84.70","85.58","85.80","84.39","3.99M","-1.18%"
"09/11/2017","85.71","85.12","85.80","85.00","2.35M","0.92%"
"09/08/2017","84.93","84.63","85.24","84.56","2.33M","0.08%"
"09/07/2017","84.86","84.49","85.00","84.36","2.31M","0.64%"
"09/06/2017","84.32","84.27","84.89","84.19","3.33M","0.26%"
"09/05/2017","84.10","84.42","84.68","83.68","3.71M","-0.27%"
"09/01/2017","84.33","84.06","84.68","83.95","3.39M","0.35%"
"08/31/2017","84.04","83.79","84.27","83.63","3.21M","0.57%"
"08/30/2017","83.56","82.95","83.57","82.62","2.05M","0.57%"
"08/29/2017","83.09","83.06","83.45","83.00","1.40M","-0.11%"
"08/28/2017","83.18","83.86","83.94","82.92","2.07M","-0.76%"
"08/25/2017","83.82","83.69","84.13","83.31","2.15M","0.48%"
"08/24/2017","83.42","83.85","84.33","83.37","2.01M","-0.31%"
"08/23/2017","83.68","82.86","83.78","82.65","1.89M","1.03%"
"08/22/2017","82.83","83.08","83.33","82.61","1.84M","-0.29%"
"08/21/2017","83.07","82.20","83.21","82.07","2.49M","1.07%"
"08/18/2017","82.19","82.82","82.95","81.95","2.01M","-1.01%"
"08/17/2017","83.03","83.45","83.75","82.99","2.05M","-0.62%"
"08/16/2017","83.55","83.32","83.81","83.32","2.95M","0.40%"
"08/15/2017","83.22","83.31","83.31","82.67","2.26M","-0.30%"
"08/14/2017","83.47","82.44","83.63","82.30","2.16M","1.67%"
"08/11/2017","82.10","82.63","82.69","81.73","2.69M","-0.62%"
"08/10/2017","82.61","83.03","83.18","82.61","4.19M","-0.72%"
"08/09/2017","83.21","83.55","83.59","83.05","4.51M","-0.34%"
"08/08/2017","83.49","83.73","83.92","83.28","2.32M","-0.48%"
"08/07/2017","83.89","84.00","84.11","83.57","1.64M","-0.11%"
"08/04/2017","83.98","83.68","84.14","83.50","2.07M","0.33%"
"08/03/2017","83.70","83.72","84.18","83.40","2.03M","-0.20%"
"08/02/2017","83.87","84.46","84.46","83.59","2.19M","-0.91%"
"08/01/2017","84.64","84.52","85.00","83.97","3.14M","0.45%"
"07/31/2017","84.26","84.24","84.38","83.60","2.97M","0.13%"
"07/28/2017","84.15","84.40","84.66","83.98","3.02M","-0.27%"
"07/27/2017","84.38","83.98","84.73","83.48","2.83M","0.12%"
"07/26/2017","84.28","83.73","84.57","83.54","2.98M","0.69%"
"07/25/2017","83.70","83.65","83.78","83.13","2.79M","0.13%"
"07/24/2017","83.59","83.73","83.83","83.21","2.66M","-0.19%"
"07/21/2017","83.75","83.87","83.97","83.35","2.97M","-0.07%"
"07/20/2017","83.81","84.25","84.39","83.77","3.14M","-0.46%"
"07/19/2017","84.20","83.70","84.23","83.52","2.95M","0.75%"
"07/18/2017","83.57","83.78","83.93","83.34","3.01M","-0.21%"
"07/17/2017","83.75","83.08","83.88","82.92","2.73M","0.81%"
"07/14/2017","83.08","82.79","83.23","82.71","2.58M","0.96%"
"07/13/2017","82.29","82.22","82.49","82.00","2.56M","0.16%"
"07/12/2017","82.16","81.71","82.63","81.54","3.19M","1.23%"
"07/11/2017","81.16","81.31","81.39","80.58","3.35M","-0.11%"
"07/10/2017","81.25","82.18","82.26","81.19","4.16M","-0.91%"
"07/07/2017","82.00","81.74","82.23","81.43","3.25M","0.56%"
"07/06/2017","81.54","82.59","82.97","81.44","4.18M","-1.88%"
"07/05/2017","83.10","84.44","84.44","82.94","5.37M","-1.41%"
"07/03/2017","84.29","83.56","84.46","83.37","3.17M","1.27%"
"06/30/2017","83.23","83.46","83.88","82.99","4.21M","0.00%"
"06/29/2017","83.23","83.92","83.92","83.08","3.99M","-1.14%"
"06/28/2017","84.19","84.22","84.59","83.92","2.96M","0.24%"
"06/27/2017","83.99","84.33","84.83","83.94","3.93M","-0.90%"
"06/26/2017","84.75","84.36","85.06","84.36","6.42M","0.71%"
"06/23/2017","84.15","83.89","84.63","83.75","3.76M","-0.60%"
"06/22/2017","84.66","84.47","84.83","84.13","6.22M","0.09%"
"06/21/2017","84.58","84.75","84.99","84.04","2.56M","-0.20%"
"06/20/2017","84.75","85.00","85.24","84.10","3.19M","-0.24%"
"06/19/2017","84.95","84.94","84.99","84.54","4.89M","0.01%"
"06/16/2017","84.94","85.27","85.31","84.57","4.50M","-0.26%"
"06/15/2017","85.16","84.37","85.39","84.30","3.76M","0.51%"
"06/14/2017","84.73","85.12","85.30","84.44","5.32M","0.14%"
"06/13/2017","84.61","84.38","84.69","84.03","2.79M","0.23%"
"06/12/2017","84.42","83.60","84.44","83.47","4.05M","0.90%"
"06/09/2017","83.67","83.09","83.94","82.80","4.95M","0.70%"
"06/08/2017","83.09","83.32","83.32","82.35","2.96M","-0.24%"
"06/07/2017","83.29","82.69","83.44","82.62","3.19M","0.70%"
"06/06/2017","82.71","83.16","83.18","82.58","4.36M","-0.48%"
"06/05/2017","83.11","83.26","83.38","82.73","4.92M","-0.43%"
"06/02/2017","83.47","82.96","83.65","82.96","4.00M","1.03%"
"06/01/2017","82.62","81.96","82.72","81.76","6.56M","0.52%"
"05/31/2017","82.19","82.28","82.53","81.87","5.52M","0.06%"
"05/30/2017","82.14","82.65","82.82","82.14","1.87M","-0.63%"
"05/26/2017","82.66","83.23","83.33","82.40","3.05M","-0.72%"
"05/25/2017","83.26","83.39","83.65","83.08","3.15M","0.01%"
"05/24/2017","83.25","82.69","83.30","82.65","2.58M","0.81%"
"05/23/2017","82.58","82.68","82.99","82.53","2.96M","0.08%"
"05/22/2017","82.51","82.22","82.80","82.16","3.43M","0.39%"
"05/19/2017","82.19","81.69","82.68","81.34","6.39M","0.54%"
"05/18/2017","81.75","81.17","81.96","80.73","4.13M","0.55%"
"05/17/2017","81.30","80.92","81.61","80.75","7.24M","0.41%"
"05/16/2017","80.97","81.52","81.69","80.71","4.34M","-0.67%"
"05/15/2017","81.52","81.35","82.22","81.30","3.26M","0.30%"
"05/12/2017","81.28","81.75","81.78","81.21","3.12M","-0.40%"
"05/11/2017","81.61","81.72","81.85","80.90","3.54M","-0.50%"
"05/10/2017","82.02","81.37","82.30","81.17","3.80M","0.79%"
"05/09/2017","81.38","81.81","81.92","81.06","5.79M","-0.54%"
"05/08/2017","81.82","82.58","82.58","81.36","3.94M","-0.70%"
"05/05/2017","82.40","81.81","82.40","81.77","5.46M","0.94%"
"05/04/2017","81.63","81.52","81.76","80.70","8.03M","-0.49%"
"05/03/2017","82.03","83.10","83.20","81.76","6.21M","-1.34%"
"05/02/2017","83.14","83.38","83.59","82.83","4.93M","-0.17%"
"05/01/2017","83.28","83.15","83.53","82.46","6.00M","0.59%"
"04/28/2017","82.79","83.44","83.57","82.49","5.98M","-1.04%"
"04/27/2017","83.66","84.01","84.21","83.50","4.82M","-0.26%"
"04/26/2017","83.88","84.45","84.62","83.67","4.19M","-0.75%"
"04/25/2017","84.51","84.16","84.64","84.02","3.41M","0.42%"
"04/24/2017","84.16","85.50","85.55","83.39","6.60M","-1.10%"
"04/21/2017","85.10","85.36","85.46","84.95","3.26M","-0.36%"
"04/20/2017","85.41","85.24","85.47","84.80","3.11M","0.01%"
"04/19/2017","85.40","85.45","85.72","85.25","3.62M","-0.14%"
"04/18/2017","85.52","85.22","85.60","85.16","2.81M","0.27%"
"04/17/2017","85.29","84.40","85.31","84.31","3.88M","1.21%"
"04/13/2017","84.27","84.43","84.65","84.16","2.76M","-0.22%"
"04/12/2017","84.46","84.58","84.90","84.31","3.53M","-0.18%"
"04/11/2017","84.61","84.06","84.77","83.94","3.86M","0.69%"
"04/10/2017","84.03","83.56","84.16","83.36","2.55M","0.62%"
"04/07/2017","83.51","83.59","83.88","83.27","4.48M","0.14%"
"04/06/2017","83.39","82.77","83.53","82.43","4.71M","0.53%"
"04/05/2017","82.95","82.91","83.41","82.82","4.74M","0.14%"
"04/04/2017","82.83","82.71","83.37","82.60","5.36M","0.00%"
"04/03/2017","82.83","82.36","82.98","82.32","7.47M","0.29%"
"03/31/2017","82.59","82.13","82.89","81.99","7.17M","0.60%"
"03/30/2017","82.10","81.82","82.22","81.28","4.59M","0.18%"
"03/29/2017","81.95","81.46","81.96","81.21","3.12M","0.56%"
"03/28/2017","81.49","81.33","81.61","80.57","4.23M","0.43%"
"03/27/2017","81.14","81.76","82.12","80.89","4.56M","-0.90%"
"03/24/2017","81.88","82.09","82.45","81.78","4.40M","-0.11%"
"03/23/2017","81.97","81.38","82.63","81.26","7.61M","0.74%"
"03/22/2017","81.37","81.51","81.56","80.55","4.62M","-0.78%"
"03/21/2017","82.01","82.48","82.72","81.88","6.97M","-0.35%"
"03/20/2017","82.30","82.50","82.74","82.16","2.75M","-0.17%"
"03/17/2017","82.44","82.40","82.70","82.00","4.38M","0.46%"
"03/16/2017","82.06","82.13","82.62","81.91","4.46M","-0.19%"
"03/15/2017","82.22","80.83","82.64","80.78","7.18M","2.02%"
"03/14/2017","80.59","80.53","80.79","80.07","4.58M","-0.02%"
"03/13/2017","80.61","80.50","81.11","80.34","4.69M","0.25%"
"03/10/2017","80.41","81.30","81.71","79.98","6.28M","-0.31%"
"03/09/2017","80.66","81.73","82.22","80.48","5.60M","-1.50%"
"03/08/2017","81.89","82.94","83.04","81.83","4.81M","-1.85%"
"03/07/2017","83.43","83.65","83.79","83.03","4.66M","-0.48%"
"03/06/2017","83.83","84.06","84.10","83.43","3.24M","-0.45%"
"03/03/2017","84.21","84.47","84.55","83.35","4.18M","-0.39%"
"03/02/2017","84.54","84.88","84.95","84.25","3.06M","-0.54%"
"03/01/2017","85.00","85.00","85.49","84.70","6.28M","-0.30%"
"02/28/2017","85.26","85.85","85.85","85.06","5.78M","-0.69%"
"02/27/2017","85.85","85.39","86.16","85.32","3.33M","0.53%"
"02/24/2017","85.40","84.98","85.43","84.52","3.67M","0.47%"
"02/23/2017","85.00","84.79","85.07","84.22","3.43M","0.52%"
"02/22/2017","84.56","84.96","85.25","84.13","3.46M","-0.33%"
"02/21/2017","84.84","83.68","84.93","83.57","5.65M","1.28%"
"02/17/2017","83.77","83.81","83.90","83.07","2.62M","0.19%"
"02/16/2017","83.61","83.21","84.17","83.12","3.10M","0.59%"
"02/15/2017","83.12","82.88","83.25","82.34","3.69M","-0.34%"
"02/14/2017","83.40","83.64","83.69","82.75","2.69M","-0.52%"
"02/13/2017","83.84","83.88","84.20","83.38","3.97M","0.04%"
"02/10/2017","83.81","83.19","83.86","83.03","2.98M","0.71%"
"02/09/2017","83.22","83.00","83.38","82.92","2.81M","0.24%"
"02/08/2017","83.02","82.62","83.20","82.30","3.32M","0.79%"
"02/07/2017","82.37","82.73","83.03","82.23","3.25M","-0.35%"
"02/06/2017","82.66","82.90","83.06","82.49","2.99M","-0.17%"
"02/03/2017","82.80","82.96","83.23","82.46","4.17M","0.55%"
"02/02/2017","82.35","81.43","82.43","81.42","4.75M","1.19%"
"02/01/2017","81.38","82.28","82.89","81.32","4.56M","-1.20%"
"01/31/2017","82.37","81.80","82.95","81.80","11.09M","0.72%"
"01/30/2017","81.78","82.10","82.27","81.57","3.18M","-0.68%"
"01/27/2017","82.34","83.39","83.50","82.02","3.00M","-0.97%"
"01/26/2017","83.15","83.32","83.72","83.03","4.09M","-0.19%"
"01/25/2017","83.31","83.81","84.16","83.06","3.46M","-0.66%"
"01/24/2017","83.86","83.84","84.21","83.50","4.20M","0.02%"
"01/23/2017","83.84","83.26","83.97","83.00","3.17M","0.84%"
"01/20/2017","83.14","82.57","83.19","82.38","3.29M","0.73%"
"01/19/2017","82.54","83.08","83.25","82.34","3.17M","-1.02%"
"01/18/2017","83.39","83.22","83.67","83.03","3.32M","0.17%"
"01/17/2017","83.25","82.96","83.32","82.76","4.14M","0.77%"
"01/13/2017","82.61","82.72","83.02","82.33","3.66M","-0.15%"
"01/12/2017","82.73","82.40","82.77","81.60","4.67M","0.51%"
"01/11/2017","82.31","82.87","82.96","82.23","4.50M","-0.62%"
"01/10/2017","82.82","83.57","83.57","82.78","3.96M","-0.85%"
"01/09/2017","83.53","84.53","84.53","83.50","3.55M","-0.90%"
"01/06/2017","84.29","84.02","84.70","83.82","3.90M","0.01%"
"01/05/2017","84.28","83.70","84.38","82.92","8.56M","0.32%"
"01/04/2017","84.01","82.91","84.19","82.83","6.60M","1.46%"
"01/03/2017","82.80","82.98","83.00","82.14","9.38M","0.33%"
"12/30/2016","82.53","81.59","82.70","81.20","6.67M","1.26%"
"12/29/2016","81.50","80.76","81.74","80.45","4.26M","1.24%"
"12/28/2016","80.50","81.18","81.18","80.24","3.98M","-0.61%"
"12/27/2016","80.99","80.94","81.30","80.61","3.83M","0.21%"
"12/23/2016","80.82","80.72","82.28","80.49","4.50M","0.26%"
"12/22/2016","80.61","80.64","80.88","79.91","3.89M","-2.22%"
"12/21/2016","82.44","83.71","84.26","82.42","5.00M","-1.52%"
"12/20/2016","83.71","83.48","84.08","83.18","5.19M","0.23%"
"12/19/2016","83.52","82.91","83.88","82.90","3.66M","1.08%"
"12/16/2016","82.63","81.58","83.17","81.45","6.58M","1.50%"
"12/15/2016","81.41","81.82","82.47","81.16","3.92M","-0.59%"
"12/14/2016","81.89","83.62","83.83","81.75","4.86M","-2.19%"
"12/13/2016","83.72","84.10","84.19","83.14","4.02M","-0.05%"
"12/12/2016","83.76","82.98","83.81","82.83","3.61M","0.66%"
"12/09/2016","83.21","83.35","83.99","83.02","4.51M","-0.11%"
"12/08/2016","83.30","82.45","83.53","82.01","4.40M","0.69%"
"12/07/2016","82.73","81.17","82.86","81.07","5.75M","2.00%"
"12/06/2016","81.11","80.80","81.47","80.50","4.02M","0.65%"
"12/05/2016","80.59","80.01","80.69","79.73","3.46M","0.74%"
"12/02/2016","80.00","79.56","80.83","79.43","3.70M","1.00%"
"12/01/2016","79.21","79.92","80.21","78.76","6.36M","-1.47%"
"11/30/2016","80.39","80.55","81.05","80.00","6.83M","-1.14%"
"11/29/2016","81.32","80.63","81.73","80.57","3.75M","0.96%"
"11/28/2016","80.55","80.18","81.08","80.13","4.07M","0.46%"
"11/25/2016","80.18","79.80","80.63","79.74","1.90M","0.58%"
"11/23/2016","79.72","79.36","79.80","79.04","6.54M","-0.42%"
"11/22/2016","80.06","79.07","80.10","78.83","4.23M","1.75%"
"11/21/2016","78.68","79.18","79.75","78.59","3.49M","-0.30%"
"11/18/2016","78.92","78.79","79.13","78.42","3.66M","0.29%"
"11/17/2016","78.69","79.46","80.06","78.58","3.65M","-1.02%"
"11/16/2016","79.50","79.76","80.00","78.90","10.34M","-0.29%"
"11/15/2016","79.73","80.67","81.34","79.18","7.72M","-0.83%"
"11/14/2016","80.40","78.40","80.61","78.02","6.76M","2.37%"
"11/11/2016","78.54","78.00","79.51","77.95","5.07M","0.60%"
"11/10/2016","78.07","79.30","79.34","76.98","13.50M","-1.68%"
"11/09/2016","79.40","78.70","80.00","77.77","10.05M","-1.51%"
"11/08/2016","80.62","80.18","80.89","79.80","4.02M","0.52%"
"11/07/2016","80.20","79.41","80.23","79.41","5.86M","1.75%"
"11/04/2016","78.82","78.39","79.08","78.06","4.43M","0.79%"
"11/03/2016","78.20","78.87","79.00","78.18","7.22M","-0.77%"
"11/02/2016","78.81","79.85","80.08","78.79","7.85M","-1.46%"
"11/01/2016","79.98","81.40","81.47","79.70","7.47M","-2.18%"
"10/31/2016","81.76","80.80","81.91","80.47","5.01M","1.63%"
"10/28/2016","80.45","80.39","81.14","80.15","4.82M","0.24%"
"10/27/2016","80.26","82.27","82.31","80.04","5.97M","-2.62%"
"10/26/2016","82.42","83.19","83.31","81.85","4.09M","-1.31%"
"10/25/2016","83.51","83.32","83.62","83.06","3.16M","-0.18%"
"10/24/2016","83.66","83.85","84.51","83.33","3.95M","0.23%"
"10/21/2016","83.47","83.38","83.69","83.10","3.19M","-0.37%"
"10/20/2016","83.78","83.96","84.33","83.32","3.26M","-0.23%"
"10/19/2016","83.97","83.81","84.08","83.34","2.87M","0.21%"
"10/18/2016","83.79","83.81","84.28","83.50","2.53M","0.64%"
"10/17/2016","83.26","83.15","83.77","83.08","3.15M","0.22%"
"10/14/2016","83.08","83.30","83.99","82.91","3.19M","-0.44%"
"10/13/2016","83.45","82.47","83.59","82.22","3.63M","0.79%"
"10/12/2016","82.80","81.99","82.92","81.86","3.49M","1.15%"
"10/11/2016","81.86","82.55","82.74","81.64","4.31M","-0.97%"
"10/10/2016","82.66","82.22","83.00","82.22","2.82M","0.62%"
"10/07/2016","82.15","82.80","83.63","81.77","6.04M","-0.17%"
"10/06/2016","82.29","81.85","82.89","81.11","6.76M","0.04%"
"10/05/2016","82.26","84.12","84.55","82.17","8.13M","-2.02%"
"10/04/2016","83.96","85.00","85.04","83.46","7.42M","-1.36%"
"10/03/2016","85.12","86.01","86.29","84.94","10.47M","-1.87%"
"09/30/2016","86.74","87.65","88.19","86.73","6.72M","-0.69%"
"09/29/2016","87.34","88.22","88.28","87.08","4.66M","-1.33%"
"09/28/2016","88.52","87.94","88.59","87.67","2.68M","0.82%"
"09/27/2016","87.80","89.03","89.03","87.65","6.48M","-1.06%"
"09/26/2016","88.74","88.28","88.94","88.00","3.44M","0.24%"
"09/23/2016","88.53","88.02","88.83","87.29","4.72M","0.31%"
"09/22/2016","88.26","87.51","88.34","87.29","3.58M","1.79%"
"09/21/2016","86.71","85.76","86.83","84.60","6.91M","1.28%"
"09/20/2016","85.61","86.14","86.25","85.61","3.91M","-0.15%"
"09/19/2016","85.74","85.25","85.84","85.16","3.41M","0.91%"
"09/16/2016","84.97","84.83","85.05","84.35","6.25M","0.05%"
"09/15/2016","84.93","84.58","85.06","84.13","5.92M","0.38%"
"09/14/2016","84.61","84.56","85.08","84.27","4.78M","0.32%"
"09/13/2016","84.34","86.08","86.11","84.15","7.22M","-3.18%"
"09/12/2016","87.11","85.92","87.51","85.66","7.09M","1.18%"
"09/09/2016","86.09","88.62","88.87","86.07","7.59M","-3.96%"
"09/08/2016","89.64","90.35","90.50","89.55","3.12M","-1.22%"
"09/07/2016","90.75","90.09","90.80","89.79","2.87M","0.60%"
"09/06/2016","90.21","89.91","90.22","89.12","3.87M","0.77%"
"09/02/2016","89.52","89.27","90.61","89.13","4.44M","0.87%"
"09/01/2016","88.75","89.07","89.10","88.30","4.10M","-0.25%"
"08/31/2016","88.97","88.79","89.27","88.47","5.00M","0.10%"
"08/30/2016","88.88","89.24","89.35","88.10","3.43M","-0.19%"
"08/29/2016","89.05","88.37","89.33","88.36","3.32M","0.99%"
"08/26/2016","88.18","89.22","89.77","87.59","5.84M","-0.99%"
"08/25/2016","89.06","88.90","89.60","88.62","3.22M","0.45%"
"08/24/2016","88.66","89.28","89.29","88.16","6.06M","-0.44%"
"08/23/2016","89.05","89.31","89.51","89.01","6.53M","0.06%"
"08/22/2016","89.00","88.75","89.07","88.53","3.67M","0.54%"
"08/19/2016","88.52","88.97","89.07","88.26","3.28M","-0.64%"
"08/18/2016","89.09","89.29","89.69","88.67","4.07M","-0.37%"
"08/17/2016","89.42","88.98","89.49","88.37","5.19M","0.40%"
"08/16/2016","89.06","89.84","89.95","88.94","4.17M","-1.20%"
"08/15/2016","90.14","90.37","90.68","90.10","2.96M","-0.10%"
"08/12/2016","90.23","90.05","91.06","89.78","2.97M","0.42%"
"08/11/2016","89.85","90.85","90.89","89.37","4.79M","-1.13%"
"08/10/2016","90.88","91.24","91.40","90.59","5.30M","-0.11%"
"08/09/2016","90.98","90.64","90.98","89.94","3.47M","0.54%"
"08/08/2016","90.49","90.27","90.91","90.11","2.24M","0.18%"
"08/05/2016","90.33","90.32","90.60","90.01","2.94M","0.07%"
"08/04/2016","90.27","90.75","90.92","90.11","2.65M","-0.41%"
"08/03/2016","90.64","90.85","91.23","90.15","3.83M","-0.58%"
"08/02/2016","91.17","92.38","92.54","91.00","3.88M","-1.60%"
"08/01/2016","92.65","92.33","92.75","92.26","3.34M","0.22%"
"07/29/2016","92.45","91.54","92.92","91.20","3.50M","1.27%"
"07/28/2016","91.29","90.31","91.64","90.10","2.85M","0.93%"
"07/27/2016","90.45","91.14","91.14","89.70","3.94M","-0.78%"
"07/26/2016","91.16","91.69","91.97","90.94","2.46M","-0.49%"
"07/25/2016","91.61","91.81","92.14","91.30","2.37M","-0.19%"
"07/22/2016","91.78","90.89","92.05","90.70","2.48M","0.88%"
"07/21/2016","90.98","90.60","90.98","90.20","2.18M","0.20%"
"07/20/2016","90.80","90.95","91.04","90.51","2.10M","0.01%"
"07/19/2016","90.79","90.35","90.79","89.92","1.92M","0.49%"
"07/18/2016","90.35","90.24","90.38","90.00","2.70M","0.27%"
"07/15/2016","90.11","90.07","90.18","89.46","3.35M","0.03%"
"07/14/2016","90.08","90.61","90.84","89.87","3.06M","-0.89%"
"07/13/2016","90.89","90.60","90.89","90.19","4.90M","0.55%"
"07/12/2016","90.39","90.41","90.54","89.68","3.73M","-0.01%"
"07/11/2016","90.40","89.87","90.59","89.33","3.38M","0.67%"
"07/08/2016","89.80","88.86","89.84","88.75","2.66M","1.62%"
"07/07/2016","88.37","89.20","89.26","87.88","5.34M","-1.03%"
"07/06/2016","89.29","89.55","89.65","88.85","4.58M","-0.43%"
"07/05/2016","89.68","88.71","89.68","88.60","3.81M","1.10%"
"07/01/2016","88.70","88.97","89.40","88.44","4.73M","0.03%"
"06/30/2016","88.67","87.99","88.67","87.27","6.56M","1.04%"
"06/29/2016","87.76","87.12","87.88","87.01","4.40M","1.21%"
"06/28/2016","86.71","85.47","86.72","85.15","5.13M","2.11%"
"06/27/2016","84.92","84.52","85.05","83.71","4.77M","0.06%"
"06/24/2016","84.87","84.13","85.72","83.54","5.66M","-0.88%"
"06/23/2016","85.62","85.58","85.94","85.44","1.67M","0.50%"
"06/22/2016","85.19","85.50","85.51","84.98","3.99M","-0.15%"
"06/21/2016","85.32","85.31","85.57","84.93","3.61M","-0.51%"
"06/20/2016","85.76","86.05","86.79","85.65","3.99M","0.14%"
"06/17/2016","85.64","85.83","85.83","84.98","4.41M","-0.16%"
"06/16/2016","85.78","85.18","85.81","84.76","2.83M","0.56%"
"06/15/2016","85.30","84.69","85.59","84.57","2.83M","0.95%"
"06/14/2016","84.50","84.72","85.02","84.19","3.44M","-0.26%"
"06/13/2016","84.72","84.73","85.36","84.62","3.25M","0.02%"
"06/10/2016","84.70","84.78","85.02","84.34","2.54M","-0.47%"
"06/09/2016","85.10","84.91","85.26","84.61","4.13M","0.22%"
"06/08/2016","84.91","84.31","84.98","84.05","3.10M","0.64%"
"06/07/2016","84.37","84.23","84.62","83.99","2.42M","0.61%"
"06/06/2016","83.86","84.59","84.77","83.42","3.23M","-0.77%"
"06/03/2016","84.51","84.98","85.24","84.10","4.30M","0.40%"
"06/02/2016","84.17","83.50","84.20","83.29","8.04M","0.51%"
"06/01/2016","83.74","83.38","83.95","83.30","4.42M","0.08%"
"05/31/2016","83.67","83.55","83.92","83.16","4.81M","-0.01%"
"05/27/2016","83.68","83.37","84.03","83.29","3.01M","0.54%"
"05/26/2016","83.23","82.91","83.48","82.72","3.05M","0.19%"
"05/25/2016","83.07","83.29","83.29","82.25","3.29M","0.00%"
"05/24/2016","83.07","82.56","83.21","82.26","3.00M","1.24%"
"05/23/2016","82.05","82.18","82.36","81.85","2.74M","0.01%"
"05/20/2016","82.04","81.70","82.19","81.55","3.30M","0.80%"
"05/19/2016","81.39","81.79","81.98","80.96","4.32M","-1.12%"
"05/18/2016","82.31","83.27","83.36","81.37","4.71M","-1.57%"
"05/17/2016","83.62","84.99","84.99","83.16","4.31M","-1.85%"
"05/16/2016","85.20","84.39","85.44","84.32","3.38M","0.95%"
"05/13/2016","84.40","84.93","84.93","83.81","3.99M","-0.89%"
"05/12/2016","85.16","84.77","85.44","84.08","3.47M","0.58%"
"05/11/2016","84.67","86.47","86.47","84.34","4.06M","-2.14%"
"05/10/2016","86.52","86.72","86.82","86.22","4.03M","-0.01%"
"05/09/2016","86.53","85.86","86.67","85.62","4.57M","1.10%"
"05/06/2016","85.59","84.65","85.66","84.26","3.50M","1.10%"
"05/05/2016","84.66","84.53","84.82","84.13","3.32M","0.28%"
"05/04/2016","84.42","82.71","84.58","82.71","4.14M","1.43%"
"05/03/2016","83.23","83.07","83.29","82.59","3.31M","0.16%"
"05/02/2016","83.10","81.78","83.31","81.78","4.01M","1.55%"
"04/29/2016","81.83","82.19","82.37","81.03","4.12M","-0.92%"
"04/28/2016","82.59","82.26","83.09","81.94","2.87M","-0.21%"
"04/27/2016","82.76","82.79","82.92","81.86","3.24M","-0.06%"
"04/26/2016","82.81","82.79","83.28","82.51","3.19M","0.39%"
"04/25/2016","82.49","81.55","82.50","81.53","2.39M","0.88%"
"04/22/2016","81.77","80.93","81.95","80.81","3.12M","1.04%"
"04/21/2016","80.93","82.36","82.53","80.68","5.05M","-1.78%"
"04/20/2016","82.40","83.83","84.00","82.33","4.09M","-1.69%"
"04/19/2016","83.82","84.01","84.01","83.48","3.14M","0.05%"
"04/18/2016","83.78","83.25","83.79","83.14","2.35M","0.48%"
"04/15/2016","83.38","82.92","83.58","82.50","2.43M","0.75%"
"04/14/2016","82.76","83.17","83.23","82.54","2.04M","-0.55%"
"04/13/2016","83.22","83.83","83.87","82.94","2.83M","-0.44%"
"04/12/2016","83.59","83.17","83.79","82.96","2.50M","0.72%"
"04/11/2016","82.99","83.32","83.56","82.97","2.85M","-0.20%"
"04/08/2016","83.16","83.13","83.50","82.95","3.37M","0.56%"
"04/07/2016","82.70","83.02","83.22","82.33","2.34M","-0.62%"
"04/06/2016","83.22","83.05","83.26","82.59","2.94M","0.24%"
"04/05/2016","83.02","83.20","83.42","82.81","3.25M","-0.66%"
"04/04/2016","83.57","83.86","83.94","83.28","6.91M","-0.14%"
"04/01/2016","83.69","83.63","83.83","83.17","5.27M","-0.13%"
"03/31/2016","83.80","83.28","83.91","83.11","7.53M","0.61%"
"03/30/2016","83.29","83.66","83.84","83.22","3.50M","-0.19%"
"03/29/2016","83.45","81.78","83.49","81.53","5.02M","2.17%"
"03/28/2016","81.68","80.93","81.86","80.91","3.89M","0.90%"
"03/24/2016","80.95","80.78","81.02","80.23","2.84M","0.04%"
"03/23/2016","80.92","81.36","81.45","80.87","2.84M","-0.54%"
"03/22/2016","81.36","81.20","81.61","80.88","4.79M","0.00%"
"03/21/2016","81.36","81.96","82.22","81.22","4.34M","-2.00%"
"03/18/2016","83.02","83.54","83.75","83.02","3.28M","-0.43%"
"03/17/2016","83.38","82.35","83.56","81.98","5.53M","1.41%"
"03/16/2016","82.22","81.01","82.35","80.72","3.44M","1.21%"
"03/15/2016","81.24","80.86","81.41","80.69","1.90M","0.05%"
"03/14/2016","81.20","81.07","81.28","80.75","2.59M","0.01%"
"03/11/2016","81.19","80.21","81.27","80.03","2.52M","2.24%"
"03/10/2016","79.41","80.25","80.41","78.53","2.47M","-0.36%"
"03/09/2016","79.70","79.51","80.12","79.33","3.57M","0.56%"
"03/08/2016","79.26","79.97","80.04","79.16","2.83M","-1.02%"
"03/07/2016","80.08","79.46","80.26","79.32","3.50M","0.26%"
"03/04/2016","79.87","79.73","79.94","79.29","2.74M","0.01%"
"03/03/2016","79.86","79.47","79.86","79.06","2.91M","0.53%"
"03/02/2016","79.44","78.56","79.48","78.41","3.62M","0.72%"
"03/01/2016","78.87","76.78","78.88","76.64","5.31M","2.82%"
"02/29/2016","76.71","76.93","77.78","76.59","5.06M","-0.39%"
"02/26/2016","77.01","77.33","77.68","76.98","3.18M","-0.52%"
"02/25/2016","77.41","76.20","77.45","76.20","3.40M","2.04%"
"02/24/2016","75.86","75.62","76.02","75.08","3.00M","-0.12%"
"02/23/2016","75.95","76.08","76.85","75.83","2.61M","-0.26%"
"02/22/2016","76.15","76.03","76.71","76.00","2.97M","0.95%"
"02/19/2016","75.43","74.74","75.75","74.49","2.89M","0.57%"
"02/18/2016","75.00","74.41","75.20","73.95","3.54M","1.01%"
"02/17/2016","74.25","73.69","75.09","73.69","3.06M","0.86%"
"02/16/2016","73.62","72.85","73.70","72.51","3.89M","1.84%"
"02/12/2016","72.29","72.13","72.49","71.55","5.07M","1.15%"
"02/11/2016","71.47","71.48","71.95","70.89","4.93M","-1.42%"
"02/10/2016","72.50","72.47","73.48","72.18","3.88M","0.69%"
"02/09/2016","72.00","72.61","72.80","71.44","8.41M","-1.84%"
"02/08/2016","73.35","75.02","75.12","72.19","5.44M","-2.86%"
"02/05/2016","75.51","76.81","76.81","75.44","4.03M","-1.90%"
"02/04/2016","76.97","76.88","77.39","76.18","4.29M","0.05%"
"02/03/2016","76.93","76.81","77.23","75.98","5.73M","0.67%"
"02/02/2016","76.42","76.75","77.00","75.99","6.41M","-0.91%"
"02/01/2016","77.12","76.52","77.77","76.27","6.93M","0.17%"
"01/29/2016","76.99","75.90","77.07","75.33","11.11M","2.05%"
"01/28/2016","75.44","76.46","76.74","75.15","5.58M","-0.76%"
"01/27/2016","76.02","77.42","77.42","75.54","4.88M","-1.93%"
"01/26/2016","77.52","76.28","77.55","76.13","5.21M","2.09%"
"01/25/2016","75.93","76.25","77.07","75.73","4.67M","-0.63%"
"01/22/2016","76.41","75.06","76.70","74.94","4.54M","2.78%"
"01/21/2016","74.34","74.28","75.39","73.68","6.85M","0.55%"
"01/20/2016","73.93","75.10","75.30","72.33","9.09M","-2.69%"
"01/19/2016","75.97","75.92","76.56","75.57","4.98M","0.53%"
"01/15/2016","75.57","75.14","75.76","74.55","5.57M","-0.68%"
"01/14/2016","76.09","76.17","76.78","75.52","5.17M","-0.24%"
"01/13/2016","76.27","77.63","78.20","76.10","7.68M","-1.43%"
"01/12/2016","77.38","78.31","78.41","76.98","5.95M","-0.67%"
"01/11/2016","77.90","77.53","78.36","77.50","4.96M","0.57%"
"01/08/2016","77.46","79.04","79.10","77.33","4.63M","-1.34%"
"01/07/2016","78.51","79.10","79.43","78.43","6.30M","-1.95%"
"01/06/2016","80.07","79.57","80.19","79.53","5.48M","-0.27%"
"01/05/2016","80.29","78.80","80.54","78.73","7.11M","1.93%"
"01/04/2016","78.77","79.07","79.10","78.04","8.84M","-1.20%"
"12/31/2015","79.73","80.39","80.64","79.72","3.29M","-0.87%"
"12/30/2015","80.43","80.65","80.91","80.37","3.11M","-0.35%"
"12/29/2015","80.71","80.00","80.80","79.87","3.50M","1.06%"
"12/28/2015","79.86","79.16","79.87","79.01","6.63M","0.55%"
"12/24/2015","79.42","79.27","79.69","78.98","1.43M","0.00%"
"12/23/2015","79.42","78.80","79.44","78.71","4.03M","-0.36%"
"12/22/2015","79.71","79.57","80.21","79.56","6.48M","0.40%"
"12/21/2015","79.39","79.50","79.87","78.96","4.46M","0.39%"
"12/18/2015","79.08","79.92","80.05","79.08","5.72M","-1.16%"
"12/17/2015","80.01","80.51","80.59","79.78","3.73M","-0.50%"
"12/16/2015","80.41","79.20","80.56","79.01","4.70M","1.95%"
"12/15/2015","78.87","78.37","79.26","78.37","3.45M","1.09%"
"12/14/2015","78.02","77.77","78.06","77.06","4.77M","0.46%"
"12/11/2015","77.66","77.62","78.01","77.17","3.42M","-0.18%"
"12/10/2015","77.80","78.49","78.76","77.73","3.46M","-0.71%"
"12/09/2015","78.36","78.53","79.16","77.96","4.22M","-0.56%"
"12/08/2015","78.80","78.44","79.09","78.36","3.64M","-0.09%"
"12/07/2015","78.87","78.96","79.19","78.52","4.20M","-0.28%"
"12/04/2015","79.09","77.68","79.29","77.65","3.43M","1.91%"
"12/03/2015","77.61","78.73","78.85","77.40","4.74M","-1.57%"
"12/02/2015","78.85","80.26","80.37","78.73","5.71M","-2.04%"
"12/01/2015","80.49","79.50","80.52","79.42","3.85M","1.39%"
"11/30/2015","79.39","80.27","80.46","79.18","7.61M","-0.74%"
"11/27/2015","79.98","79.26","80.23","79.24","1.35M","0.87%"
"11/25/2015","79.29","79.01","79.48","78.93","1.96M","0.41%"
"11/24/2015","78.97","78.96","79.13","78.32","3.50M","-0.53%"
"11/23/2015","79.39","79.26","79.69","79.11","2.37M","0.21%"
"11/20/2015","79.22","78.73","79.31","78.50","3.96M","1.25%"
"11/19/2015","78.24","78.10","78.63","77.89","3.63M","0.31%"
"11/18/2015","78.00","77.41","78.05","76.92","3.43M","0.88%"
"11/17/2015","77.32","77.11","77.98","77.03","3.85M","0.00%"
"11/16/2015","77.32","76.27","77.32","76.12","3.12M","1.15%"
"11/13/2015","76.44","77.36","77.75","76.38","4.25M","-1.14%"
"11/12/2015","77.32","77.64","78.01","77.18","3.21M","-0.68%"
"11/11/2015","77.85","77.76","78.18","77.56","2.23M","0.12%"
"11/10/2015","77.76","76.87","77.94","76.85","4.69M","1.14%"
"11/09/2015","76.88","77.72","77.89","76.38","5.92M","-1.71%"
"11/06/2015","78.22","79.43","79.76","77.72","7.07M","-3.11%"
"11/05/2015","80.73","80.44","80.82","79.98","2.80M","0.40%"
"11/04/2015","80.41","80.82","80.96","80.17","3.17M","-0.45%"
"11/03/2015","80.77","81.41","81.49","80.45","5.29M","-1.01%"
"11/02/2015","81.59","80.07","81.60","79.78","6.87M","2.13%"
"10/30/2015","79.89","80.64","80.81","79.82","7.06M","-0.92%"
"10/29/2015","80.63","80.50","80.74","80.09","3.28M","-0.14%"
"10/28/2015","80.74","80.67","81.26","79.25","4.58M","0.09%"
"10/27/2015","80.67","80.69","80.88","80.27","7.14M","-0.04%"
"10/26/2015","80.70","80.75","80.94","80.05","3.28M","-0.02%"
"10/23/2015","80.72","81.54","81.68","80.23","3.42M","-0.97%"
"10/22/2015","81.51","80.96","81.77","80.81","3.50M","0.88%"
"10/21/2015","80.80","81.25","81.49","80.74","3.46M","-0.37%"
"10/20/2015","81.10","80.98","81.32","80.76","2.78M","-0.04%"
"10/19/2015","81.13","79.98","81.13","79.87","3.15M","1.40%"
"10/16/2015","80.01","79.46","80.15","79.43","2.87M","0.76%"
"10/15/2015","79.41","78.42","79.41","78.35","2.53M","1.37%"
"10/14/2015","78.34","79.09","79.18","78.17","3.35M","-0.75%"
"10/13/2015","78.93","79.30","79.60","78.70","2.36M","-0.78%"
"10/12/2015","79.55","79.16","79.85","78.99","3.22M","0.71%"
"10/09/2015","78.99","79.11","79.18","78.60","3.10M","-0.16%"
"10/08/2015","79.12","78.39","79.19","78.13","3.95M","0.84%"
"10/07/2015","78.46","77.88","78.46","77.61","4.21M","1.15%"
"10/06/2015","77.57","77.79","78.21","77.35","3.57M","-0.23%"
"10/05/2015","77.75","76.78","77.88","76.75","5.18M","1.69%"
"10/02/2015","76.46","76.11","76.48","75.04","4.60M","0.72%"
"10/01/2015","75.91","75.66","76.03","75.11","4.11M","0.49%"
"09/30/2015","75.54","75.45","75.69","74.91","6.24M","0.84%"
"09/29/2015","74.91","74.57","75.23","74.05","3.78M","1.07%"
"09/28/2015","74.12","75.12","75.15","73.57","4.09M","-1.55%"
"09/25/2015","75.29","75.32","75.92","74.85","3.33M","0.40%"
"09/24/2015","74.99","75.59","75.91","74.53","3.71M","-0.94%"
"09/23/2015","75.70","75.50","76.08","75.09","3.71M","-0.37%"
"09/22/2015","75.98","76.41","76.83","75.81","2.96M","-1.26%"
"09/21/2015","76.95","76.34","77.34","76.30","3.18M","0.85%"
"09/18/2015","76.30","75.89","77.21","75.54","5.80M","-0.17%"
"09/17/2015","76.43","75.65","77.74","75.27","6.34M","1.14%"
"09/16/2015","75.57","74.72","75.75","74.69","3.32M","1.07%"
"09/15/2015","74.77","74.07","74.93","73.57","2.74M","0.99%"
"09/14/2015","74.04","74.11","74.25","73.82","3.04M","0.05%"
"09/11/2015","74.00","72.60","74.02","72.49","3.89M","1.91%"
"09/10/2015","72.61","72.33","73.37","72.25","4.61M","0.22%"
"09/09/2015","72.45","73.87","74.14","72.34","3.34M","-1.15%"
"09/08/2015","73.29","72.84","73.49","72.61","3.00M","1.51%"
"09/04/2015","72.20","73.12","73.12","71.67","4.26M","-1.86%"
"09/03/2015","73.57","73.62","74.11","73.39","3.71M","0.27%"
"09/02/2015","73.37","73.09","73.62","72.72","5.02M","1.03%"
"09/01/2015","72.62","73.29","73.66","72.10","7.22M","-1.90%"
"08/31/2015","74.03","75.58","75.75","74.03","6.20M","-2.28%"
"08/28/2015","75.76","75.82","75.98","75.22","3.88M","-0.14%"
"08/27/2015","75.87","75.12","76.47","74.48","5.63M","1.93%"
"08/26/2015","74.43","73.19","74.63","72.86","5.07M","2.70%"
"08/25/2015","72.47","75.52","76.00","72.46","9.16M","-2.75%"
"08/24/2015","74.52","75.52","77.07","72.25","10.86M","-4.68%"
"08/21/2015","78.18","79.26","79.56","78.18","4.13M","-1.86%"
"08/20/2015","79.66","79.86","80.26","79.42","4.00M","-0.74%"
"08/19/2015","80.25","80.51","80.62","79.77","2.40M","-0.59%"
"08/18/2015","80.73","80.47","80.83","80.24","2.90M","0.27%"
"08/17/2015","80.51","79.91","80.57","79.49","2.91M","0.85%"
"08/14/2015","79.83","79.17","79.86","78.87","2.56M","0.54%"
"08/13/2015","79.40","79.13","79.73","78.47","2.38M","0.11%"
"08/12/2015","79.31","78.78","79.33","78.36","3.23M","0.32%"
"08/11/2015","79.06","78.34","79.39","78.25","4.54M","0.66%"
"08/10/2015","78.54","79.10","79.17","78.18","2.61M","-0.32%"
"08/07/2015","78.79","78.37","78.90","77.80","3.94M","0.37%"
"08/06/2015","78.50","78.46","78.55","77.19","3.47M","0.14%"
"08/05/2015","78.39","79.00","79.15","78.08","3.78M","-0.66%"
"08/04/2015","78.91","79.72","79.86","78.73","4.09M","-0.73%"
"08/03/2015","79.49","79.27","79.57","79.00","3.77M","0.62%"
"07/31/2015","79.00","78.92","79.63","78.85","5.49M","0.79%"
"07/30/2015","78.38","78.65","78.78","78.12","2.93M","-0.50%"
"07/29/2015","78.77","78.17","78.90","77.85","7.99M","0.65%"
"07/28/2015","78.26","78.22","78.51","77.98","2.67M","0.06%"
"07/27/2015","78.21","77.94","78.66","77.94","3.00M","0.18%"
"07/24/2015","78.07","77.77","78.33","77.53","2.80M","0.42%"
"07/23/2015","77.74","78.67","78.71","77.27","3.19M","-1.24%"
"07/22/2015","78.72","78.45","79.00","78.37","2.88M","0.43%"
"07/21/2015","78.38","78.68","78.99","78.37","3.54M","-0.28%"
"07/20/2015","78.60","78.32","78.74","78.08","2.16M","0.11%"
"07/17/2015","78.51","78.74","78.83","78.27","1.80M","-0.36%"
"07/16/2015","78.79","78.29","78.89","78.29","2.49M","0.81%"
"07/15/2015","78.16","77.83","78.44","77.68","2.24M","0.17%"
"07/14/2015","78.03","78.00","78.30","77.57","2.42M","0.21%"
"07/13/2015","77.87","77.82","78.74","77.46","2.89M","0.14%"
"07/10/2015","77.76","77.44","78.28","77.26","4.77M","0.83%"
"07/09/2015","77.12","77.68","77.94","76.93","3.31M","-0.48%"
"07/08/2015","77.49","77.37","77.76","77.25","4.94M","-0.39%"
"07/07/2015","77.79","77.00","77.92","76.81","5.92M","1.57%"
"07/06/2015","76.59","75.73","76.69","75.64","5.12M","0.63%"
"07/02/2015","76.11","76.46","77.14","75.98","4.30M","0.25%"
"07/01/2015","75.92","74.38","75.92","74.36","6.32M","1.65%"
"06/30/2015","74.69","75.13","75.39","74.50","5.86M","-0.04%"
"06/29/2015","74.72","75.62","76.38","74.67","5.11M","-1.55%"
"06/26/2015","75.90","75.30","76.09","75.09","3.79M","-0.29%"
"06/25/2015","76.12","77.00","77.00","76.09","4.82M","-1.01%"
"06/24/2015","76.90","77.35","77.66","76.87","3.90M","-0.54%"
"06/23/2015","77.32","77.65","77.82","77.18","2.93M","-0.83%"
"06/22/2015","77.97","78.78","79.13","77.89","3.90M","-1.03%"
"06/19/2015","78.78","79.44","79.61","78.53","5.99M","-0.77%"
"06/18/2015","79.39","78.36","79.72","78.31","5.62M","1.38%"
"06/17/2015","78.31","77.71","78.37","77.12","3.92M","0.85%"
"06/16/2015","77.65","77.10","77.77","76.94","5.47M","0.80%"
"06/15/2015","77.03","77.38","77.38","76.85","3.57M","-0.54%"
"06/12/2015","77.45","77.24","77.76","77.22","3.13M","-0.09%"
"06/11/2015","77.52","77.62","77.81","77.37","9.41M","0.61%"
"06/10/2015","77.05","76.47","77.73","76.38","4.33M","0.71%"
"06/09/2015","76.51","76.82","77.21","76.40","4.60M","-0.73%"
"06/08/2015","77.07","77.20","77.41","76.90","3.35M","-0.18%"
"06/05/2015","77.21","77.05","77.80","76.50","6.14M","-1.11%"
"06/04/2015","78.08","78.15","78.44","77.83","3.71M","-0.19%"
"06/03/2015","78.23","79.15","79.31","78.14","3.89M","-1.44%"
"06/02/2015","79.37","79.76","79.80","79.03","3.31M","-0.92%"
"06/01/2015","80.11","79.39","80.26","79.02","4.46M","1.23%"
"05/29/2015","79.14","79.93","80.20","79.03","4.79M","-1.15%"
"05/28/2015","80.06","80.17","80.39","79.65","2.77M","-0.20%"
"05/27/2015","80.22","79.74","80.34","79.36","2.98M","0.98%"
"05/26/2015","79.44","80.00","80.05","79.21","3.04M","-0.76%"
"05/22/2015","80.05","79.86","80.60","79.60","4.07M","-0.12%"
"05/21/2015","80.15","80.61","80.71","79.78","2.67M","-0.47%"
"05/20/2015","80.53","80.71","81.08","80.43","3.43M","-0.09%"
"05/19/2015","80.60","80.48","81.08","80.41","2.78M","-0.35%"
"05/18/2015","80.88","80.82","81.06","80.44","3.45M","-0.26%"
"05/15/2015","81.09","80.60","81.33","80.41","4.39M","1.02%"
"05/14/2015","80.27","79.19","80.31","78.99","4.91M","1.93%"
"05/13/2015","78.75","80.00","80.35","78.59","6.22M","-0.96%"
"05/12/2015","79.51","78.68","79.76","78.12","4.74M","0.30%"
"05/11/2015","79.27","80.17","80.71","79.03","3.08M","-1.50%"
"05/08/2015","80.48","80.15","81.57","80.12","5.14M","1.40%"
"05/07/2015","79.37","78.28","79.68","78.21","6.36M","1.54%"
"05/06/2015","78.17","78.35","78.54","77.72","6.48M","-0.19%"
"05/05/2015","78.32","80.02","80.02","78.19","6.41M","-2.17%"
"05/04/2015","80.06","80.24","80.80","79.94","4.56M","0.10%"
"05/01/2015","79.98","79.47","80.53","79.31","5.90M","0.76%"
"04/30/2015","79.38","80.37","80.47","78.89","8.75M","-1.62%"
"04/29/2015","80.69","81.56","81.96","80.48","3.15M","-2.02%"
"04/28/2015","82.35","82.43","82.62","81.82","3.42M","-0.19%"
"04/27/2015","82.51","82.69","83.31","82.32","2.97M","-0.13%"
"04/24/2015","82.62","82.54","83.10","82.25","2.29M","0.21%"
"04/23/2015","82.45","82.22","82.63","82.05","2.27M","0.27%"
"04/22/2015","82.23","82.08","82.66","82.01","3.85M","0.21%"
"04/21/2015","82.06","82.14","82.58","81.83","3.83M","0.17%"
"04/20/2015","81.92","82.13","82.39","81.66","3.19M","0.15%"
"04/17/2015","81.80","81.86","82.28","81.24","5.06M","-0.46%"
"04/16/2015","82.18","81.82","82.53","81.43","3.40M","0.26%"
"04/15/2015","81.97","82.92","82.93","81.92","3.51M","-0.75%"
"04/14/2015","82.59","82.48","83.00","82.40","3.66M","0.35%"
"04/13/2015","82.30","82.49","82.82","82.28","2.35M","-0.27%"
"04/10/2015","82.52","83.01","83.49","82.28","3.65M","-0.07%"
"04/09/2015","82.58","84.19","84.19","82.38","5.10M","-2.08%"
"04/08/2015","84.33","84.47","84.57","84.08","2.63M","0.15%"
"04/07/2015","84.20","85.69","85.81","84.20","3.04M","-1.76%"
"04/06/2015","85.71","85.11","86.00","84.98","4.40M","1.04%"
"04/02/2015","84.83","84.34","85.14","84.14","3.91M","0.76%"
"04/01/2015","84.19","84.37","84.65","83.53","6.67M","-0.14%"
"03/31/2015","84.31","84.68","85.28","84.07","2.98M","-0.88%"
"03/30/2015","85.06","84.22","85.14","84.01","4.15M","1.43%"
"03/27/2015","83.86","83.82","84.22","83.52","2.33M","0.13%"
"03/26/2015","83.75","83.98","84.15","83.37","5.64M","-0.52%"
"03/25/2015","84.19","85.89","86.08","83.95","5.39M","-2.31%"
"03/24/2015","86.18","86.86","86.89","86.16","5.83M","-0.85%"
"03/23/2015","86.92","87.03","87.61","86.74","3.64M","-0.13%"
"03/20/2015","87.03","85.40","87.11","85.11","6.00M","2.51%"
"03/19/2015","84.90","84.82","85.41","84.55","5.66M","-0.05%"
"03/18/2015","84.94","83.21","85.18","82.73","5.78M","2.09%"
"03/17/2015","83.20","83.07","83.58","82.71","3.76M","-0.04%"
"03/16/2015","83.23","82.84","83.72","82.62","2.76M","1.03%"
"03/13/2015","82.38","82.42","82.61","81.83","2.86M","-0.06%"
"03/12/2015","82.43","81.32","82.54","81.29","4.01M","1.74%"
"03/11/2015","81.02","81.05","81.29","80.71","2.83M","0.09%"
"03/10/2015","80.95","80.77","81.33","80.65","5.99M","-0.07%"
"03/09/2015","81.01","80.65","81.19","80.65","6.55M","0.80%"
"03/06/2015","80.37","82.06","82.09","80.22","7.17M","-3.32%"
"03/05/2015","83.13","83.10","83.95","83.05","3.50M","0.29%"
"03/04/2015","82.89","83.69","83.80","82.70","3.05M","-0.96%"
"03/03/2015","83.69","83.74","83.92","82.97","4.31M","-0.19%"
"03/02/2015","83.85","83.58","84.77","83.46","5.35M","0.58%"
"02/27/2015","83.37","82.98","83.58","82.43","4.33M","0.79%"
"02/26/2015","82.72","83.62","83.66","82.53","4.74M","-1.09%"
"02/25/2015","83.63","83.70","84.53","83.53","6.70M","0.02%"
"02/24/2015","83.61","85.15","85.15","83.25","6.03M","-1.97%"
"02/23/2015","85.29","84.62","85.33","84.55","3.88M","0.80%"
"02/20/2015","84.61","83.82","84.74","83.69","4.98M","0.97%"
"02/19/2015","83.80","85.69","85.69","83.61","5.42M","-2.15%"
"02/18/2015","85.64","84.84","85.75","84.22","5.49M","0.93%"
"02/17/2015","84.85","85.00","85.86","84.65","6.41M","-0.25%"
"02/13/2015","85.06","85.90","85.94","84.56","3.44M","-0.67%"
"02/12/2015","85.63","84.82","85.72","84.52","4.52M","1.19%"
"02/11/2015","84.62","85.04","85.32","84.04","4.03M","-0.29%"
"02/10/2015","84.87","84.75","85.06","83.85","6.14M","0.32%"
"02/09/2015","84.60","85.12","85.61","84.58","4.24M","-0.70%"
"02/06/2015","85.20","87.54","87.66","84.83","6.32M","-2.91%"
"02/05/2015","87.75","86.92","87.79","86.67","2.92M","1.20%"
"02/04/2015","86.71","86.87","87.09","86.21","3.33M","-0.41%"
"02/03/2015","87.07","86.33","87.10","85.66","4.62M","0.87%"
"02/02/2015","86.32","86.53","86.69","84.69","7.52M","-0.27%"
"01/30/2015","86.55","88.21","88.25","86.54","4.97M","-2.06%"
"01/29/2015","88.37","88.46","88.46","87.46","3.34M","0.35%"
"01/28/2015","88.06","88.83","89.27","88.06","3.95M","-0.67%"
"01/27/2015","88.65","88.40","89.00","88.30","3.21M","0.03%"
"01/26/2015","88.62","88.00","88.69","87.64","2.89M","0.84%"
"01/23/2015","87.88","88.11","88.35","87.68","3.49M","-0.28%"
"01/22/2015","88.13","86.93","88.22","86.71","4.45M","1.78%"
"01/21/2015","86.59","86.69","86.69","86.18","4.35M","-0.07%"
"01/20/2015","86.65","87.73","87.85","86.45","5.01M","-0.79%"
"01/16/2015","87.34","86.59","87.45","86.28","4.72M","0.87%"
"01/15/2015","86.59","86.57","86.81","86.03","5.00M","0.23%"
"01/14/2015","86.39","85.60","86.43","85.15","6.25M","0.86%"
"01/13/2015","85.65","86.08","86.33","85.19","5.86M","-0.15%"
"01/12/2015","85.78","85.34","85.87","85.18","5.13M","0.76%"
"01/09/2015","85.13","85.09","85.52","84.56","4.64M","0.05%"
"01/08/2015","85.09","85.35","85.36","84.41","5.26M","0.38%"
"01/07/2015","84.77","83.81","84.89","83.37","6.92M","1.53%"
"01/06/2015","83.49","82.75","83.75","82.75","7.58M","0.99%"
"01/05/2015","82.67","82.00","82.88","81.75","6.07M","0.55%"
"01/02/2015","82.22","81.70","82.29","81.34","5.57M","1.51%"