"Date","Price","Open","High","Low","Vol.","Change %"
"08/17/2026","382.54","383.85","383.94","382.32","2.28M","-0.34%"
"08/14/2026","383.85","384.67","384.90","383.33","2.31M","-0.12%"
"08/13/2026","384.30","383.03","385.12","382.64","2.32M","0.65%"
"08/12/2026","381.83","382.75","382.82","381.13","2.80M","0.31%"
"08/11/2026","380.65","382.51","382.60","380.19","3.90M","-0.26%"
"08/10/2026","381.63","381.63","382.66","381.10","5.17M","-0.04%"
"08/07/2026","381.78","380.69","382.07","379.93","2.32M","0.71%"
"08/06/2026","379.07","379.82","380.94","378.64","3.09M","-0.15%"
"08/05/2026","379.65","382.82","383.29","379.56","2.84M","-0.31%"
"08/04/2026","380.82","375.35","381.74","375.30","3.30M","1.87%"
"08/03/2026","373.84","369.50","374.26","369.00","3.43M","1.53%"
"07/31/2026","368.21","367.80","369.34","363.95","3.20M","0.53%"
"07/30/2026","366.27","363.81","366.58","362.64","2.88M","1.62%"
"07/29/2026","360.42","365.59","366.88","360.20","4.15M","-1.52%"
"07/28/2026","365.99","365.02","366.90","363.55","2.64M","0.22%"
"07/27/2026","365.18","367.68","368.32","363.61","2.87M","0.10%"
"07/24/2026","364.80","364.90","367.30","364.10","2.61M","0.03%"
"07/23/2026","364.69","365.13","366.76","363.10","3.28M","-1.13%"
"07/22/2026","368.87","368.81","370.16","368.57","2.39M","-0.16%"
"07/21/2026","369.45","368.15","369.85","367.34","2.14M","0.87%"
"07/20/2026","366.25","368.75","369.64","366.08","2.86M","-0.21%"
"07/17/2026","367.01","366.48","369.08","365.72","3.16M","-0.96%"
"07/16/2026","370.58","371.55","372.56","369.19","3.22M","-0.49%"
"07/15/2026","372.42","372.30","372.96","370.24","2.91M","0.34%"
"07/14/2026","371.16","371.00","371.97","369.75","3.40M","0.37%"
"07/13/2026","369.78","371.59","372.22","369.25","2.93M","-0.78%"
"07/10/2026","372.69","372.00","372.97","369.52","2.77M","0.33%"
"07/09/2026","371.45","369.47","371.85","368.70","5.48M","0.87%"
"07/08/2026","368.25","367.61","368.58","365.31","3.86M","-0.37%"
"07/07/2026","369.61","371.31","371.75","368.48","2.88M","-0.55%"
"07/06/2026","371.67","370.33","372.28","369.96","3.27M","0.79%"
"07/02/2026","368.76","370.39","372.24","366.18","3.12M","-0.14%"
"07/01/2026","369.27","369.34","371.38","367.84","2.85M","-0.21%"
"06/30/2026","370.04","367.31","370.61","367.09","4.22M","0.80%"
"06/29/2026","367.12","365.15","367.39","362.55","3.83M","1.35%"
"06/26/2026","362.22","360.88","364.79","359.95","2.74M","-0.48%"
"06/25/2026","363.98","366.48","366.83","362.31","2.90M","0.09%"
"06/24/2026","363.65","364.79","367.11","362.63","3.04M","-0.01%"
"06/23/2026","363.70","363.27","366.66","362.87","3.18M","-1.39%"
"06/22/2026","368.81","370.28","371.56","368.19","3.30M","-0.32%"
"06/18/2026","369.99","370.56","370.62","368.34","3.41M","1.16%"
"06/17/2026","365.76","370.78","371.52","365.08","4.77M","-1.24%"
"06/16/2026","370.37","372.79","373.16","370.10","2.81M","-0.58%"
"06/15/2026","372.53","371.80","373.64","371.55","3.56M","1.68%"
"06/12/2026","366.36","366.18","367.93","363.23","3.23M","0.57%"
"06/11/2026","364.30","359.63","365.50","357.75","3.96M","1.75%"
"06/10/2026","358.04","361.87","364.56","357.90","3.39M","-1.55%"
"06/09/2026","363.67","366.70","368.66","356.28","4.69M","-0.22%"
"06/08/2026","364.47","366.69","367.58","364.04","5.43M","0.30%"
"06/05/2026","363.38","370.98","371.18","362.46","5.21M","-2.68%"
"06/04/2026","373.38","370.62","373.99","370.36","3.13M","0.47%"
"06/03/2026","371.65","373.85","373.95","371.32","3.41M","-0.72%"
"06/02/2026","374.36","372.88","374.70","372.63","2.70M","0.26%"
"06/01/2026","373.40","372.18","374.44","371.48","6.89M","0.23%"
"05/29/2026","372.54","372.04","373.13","371.35","3.17M","0.24%"
"05/28/2026","371.66","369.53","371.92","368.75","2.96M","0.62%"
"05/27/2026","369.36","369.50","370.05","368.40","3.10M","-0.03%"
"05/26/2026","369.46","368.98","370.24","368.40","3.57M","0.73%"
"05/22/2026","366.79","366.81","368.30","366.09","2.65M","0.47%"
"05/21/2026","365.09","362.80","366.07","362.13","2.77M","0.25%"
"05/20/2026","364.19","361.20","364.39","360.20","3.15M","1.15%"
"05/19/2026","360.06","360.65","361.97","358.80","3.17M","-0.63%"
"05/18/2026","362.36","363.34","364.07","359.98","3.58M","-0.10%"
"05/15/2026","362.74","364.53","364.93","362.27","3.40M","-1.27%"
"05/14/2026","367.40","365.50","368.25","365.42","2.93M","0.74%"
"05/13/2026","364.71","363.22","365.40","361.36","3.31M","0.53%"
"05/12/2026","362.79","362.52","363.16","359.62","3.07M","-0.23%"
"05/11/2026","363.63","362.61","364.48","362.42","3.67M","0.21%"
"05/08/2026","362.87","362.01","363.13","361.47","2.87M","0.74%"
"05/07/2026","360.20","362.62","362.72","359.38","3.50M","-0.46%"
"05/06/2026","361.86","359.46","362.27","359.12","3.79M","1.36%"
"05/05/2026","356.99","355.79","357.58","355.77","2.72M","0.85%"
"05/04/2026","353.98","355.08","356.17","352.53","3.01M","-0.37%"
"05/01/2026","355.29","355.56","357.15","355.08","3.75M","0.31%"
"04/30/2026","354.18","351.55","354.69","350.02","2.72M","1.13%"
"04/29/2026","350.21","350.46","350.69","348.67","2.74M","-0.12%"
"04/28/2026","350.63","351.19","351.61","349.49","3.07M","-0.54%"
"04/27/2026","352.53","352.00","352.81","351.28","2.81M","0.14%"
"04/24/2026","352.05","350.87","352.37","349.67","2.71M","0.64%"
"04/23/2026","349.80","350.52","351.69","346.55","3.37M","-0.40%"
"04/22/2026","351.22","350.31","351.31","349.95","2.49M","0.97%"
"04/21/2026","347.84","351.05","351.74","347.17","4.91M","-0.68%"
"04/20/2026","350.21","349.90","350.61","348.83","4.05M","-0.09%"
"04/17/2026","350.53","348.43","351.74","348.18","4.26M","1.30%"
"04/16/2026","346.03","345.70","346.64","344.56","3.84M","0.23%"
"04/15/2026","345.24","343.25","345.41","342.61","3.98M","0.76%"
"04/14/2026","342.65","339.80","342.78","339.60","3.38M","1.18%"
"04/13/2026","338.67","333.94","338.74","333.64","3.03M","1.08%"
"04/10/2026","335.05","336.13","336.55","334.57","2.58M","-0.12%"
"04/09/2026","335.45","333.31","336.13","332.43","3.44M","0.52%"
"04/08/2026","333.70","334.19","334.48","331.58","5.38M","2.54%"
"04/07/2026","325.43","324.22","325.58","321.46","3.57M","0.07%"
"04/06/2026","325.21","323.95","325.62","323.58","4.40M","0.45%"
"04/02/2026","323.76","318.97","324.90","318.23","3.65M","0.16%"
"04/01/2026","323.24","322.91","325.09","322.28","5.54M","0.76%"
"03/31/2026","320.81","315.35","321.52","314.75","6.76M","2.93%"
"03/30/2026","311.68","315.90","316.00","310.40","6.51M","-0.45%"
"03/27/2026","313.09","317.27","317.47","312.50","7.03M","-2.02%"
"03/26/2026","319.55","322.85","324.42","319.39","4.79M","-1.72%"
"03/25/2026","325.15","326.00","327.20","323.72","3.63M","0.61%"
"03/24/2026","323.18","321.66","325.13","321.35","4.38M","-0.31%"
"03/23/2026","324.19","325.02","327.85","323.47","7.89M","1.20%"
"03/20/2026","320.34","324.85","324.99","318.57","6.53M","-1.57%"
"03/19/2026","325.44","323.66","327.01","322.76","5.18M","-0.18%"
"03/18/2026","326.02","329.41","330.00","325.89","3.92M","-1.38%"
"03/17/2026","330.57","331.00","332.32","330.14","3.18M","0.34%"
"03/16/2026","329.46","329.22","330.97","328.57","3.77M","1.02%"
"03/13/2026","326.13","329.49","331.10","325.67","6.29M","-0.55%"
"03/12/2026","327.92","330.70","330.82","327.83","7.01M","-1.60%"
"03/11/2026","333.24","333.91","334.94","331.66","8.63M","-0.08%"
"03/10/2026","333.51","334.06","336.90","332.49","7.77M","-0.23%"
"03/09/2026","334.28","328.20","335.10","326.13","8.51M","0.87%"
"03/06/2026","331.41","331.91","333.15","330.00","8.64M","-1.37%"
"03/05/2026","336.00","336.58","338.36","333.14","8.66M","-0.65%"
"03/04/2026","338.19","336.79","339.06","335.34","5.46M","0.73%"
"03/03/2026","335.73","333.08","337.00","330.19","10.75M","-1.00%"
"03/02/2026","339.12","335.01","340.13","334.69","7.23M","0.10%"
"02/27/2026","338.77","337.33","338.99","336.49","6.04M","-0.51%"
"02/26/2026","340.49","342.00","342.13","337.90","4.98M","-0.39%"
"02/25/2026","341.83","340.60","342.13","340.32","3.98M","0.77%"
"02/24/2026","339.21","336.35","339.62","335.49","3.64M","0.82%"
"02/23/2026","336.46","339.50","340.45","335.43","10.77M","-1.12%"
"02/20/2026","340.27","336.99","340.71","336.82","7.05M","0.62%"
"02/19/2026","338.19","337.73","338.88","336.60","4.40M","-0.19%"
"02/18/2026","338.83","337.89","340.37","337.06","5.72M","0.52%"
"02/17/2026","337.07","336.11","338.18","333.57","7.11M","0.12%"
"02/13/2026","336.65","336.61","338.98","334.27","8.04M","0.19%"
"02/12/2026","336.01","342.69","343.33","335.63","7.01M","-1.60%"
"02/11/2026","341.47","343.95","344.30","339.92","5.06M","-0.10%"
"02/10/2026","341.80","343.15","343.93","341.55","3.88M","-0.25%"
"02/09/2026","342.64","340.37","343.51","339.80","4.56M","0.49%"
"02/06/2026","340.96","336.07","341.70","335.97","5.09M","2.11%"
"02/05/2026","333.90","335.84","337.23","333.19","8.84M","-1.29%"
"02/04/2026","338.25","340.38","340.94","335.93","8.97M","-0.47%"
"02/03/2026","339.85","343.02","343.40","336.90","9.06M","-0.77%"
"02/02/2026","342.48","339.55","343.29","339.49","6.02M","0.56%"
"01/30/2026","340.57","340.79","342.04","338.36","9.91M","-0.50%"
"01/29/2026","342.29","343.54","343.83","337.69","8.94M","-0.23%"
"01/28/2026","343.08","344.06","344.42","342.32","5.85M","-0.06%"
"01/27/2026","343.27","342.85","343.73","342.29","3.69M","0.36%"
"01/26/2026","342.03","341.15","342.67","340.80","4.96M","0.43%"
"01/23/2026","340.56","340.70","341.55","339.84","4.91M","-0.09%"
"01/22/2026","340.87","341.47","342.01","339.98","5.51M","0.53%"
"01/21/2026","339.08","336.19","340.71","335.43","9.76M","1.18%"
"01/20/2026","335.11","336.72","338.63","334.67","13.14M","-1.97%"
"01/16/2026","341.85","342.87","343.05","341.07","6.42M","-0.06%"
"01/15/2026","342.05","343.01","343.67","341.68","8.30M","0.31%"
"01/14/2026","341.00","341.20","341.47","338.90","12.15M","-0.39%"
"01/13/2026","342.34","343.40","343.54","341.26","8.09M","-0.20%"
"01/12/2026","343.03","340.91","343.41","340.78","5.78M","0.18%"
"01/09/2026","342.40","340.85","342.94","340.00","6.85M","0.66%"
"01/08/2026","340.14","339.77","340.74","339.09","6.80M","0.03%"
"01/07/2026","340.05","341.36","342.08","339.88","6.63M","-0.34%"
"01/06/2026","341.21","338.99","341.39","338.81","6.05M","0.70%"
"01/05/2026","338.84","338.00","339.61","337.85","5.44M","0.75%"
"01/02/2026","336.31","337.15","337.74","334.60","5.18M","0.31%"
"12/31/2025","335.27","338.04","338.13","335.22","3.49M","-0.76%"
"12/30/2025","337.85","338.39","338.78","337.75","3.58M","-0.16%"
"12/29/2025","338.39","338.40","339.27","337.57","3.80M","-0.38%"
"12/26/2025","339.67","340.14","340.33","339.17","3.54M","-0.06%"
"12/24/2025","339.88","338.78","340.10","338.71","4.01M","0.34%"
"12/23/2025","338.72","337.00","338.83","337.00","3.61M","0.33%"
"12/22/2025","337.60","337.00","337.91","336.61","3.78M","0.41%"
"12/19/2025","336.22","334.37","336.59","334.21","4.02M","0.89%"
"12/18/2025","333.25","333.78","335.35","332.47","3.35M","0.77%"
"12/17/2025","330.71","334.92","335.20","330.63","3.98M","-1.09%"
"12/16/2025","334.36","334.59","335.51","332.42","4.13M","-0.29%"
"12/15/2025","335.33","337.98","338.00","334.68","3.57M","-0.20%"
"12/12/2025","335.99","339.50","339.75","334.85","4.26M","-1.14%"
"12/11/2025","339.87","337.88","339.94","336.44","3.82M","0.34%"
"12/10/2025","338.73","336.12","339.59","335.50","5.70M","0.74%"
"12/09/2025","336.23","336.28","337.55","336.07","3.04M","-0.10%"
"12/08/2025","336.57","338.20","338.20","335.60","3.53M","-0.29%"
"12/05/2025","337.56","337.57","338.96","337.03","3.34M","0.14%"
"12/04/2025","337.09","337.24","337.34","335.59","3.59M","0.16%"
"12/03/2025","336.56","334.76","337.07","334.41","3.78M","0.45%"
"12/02/2025","335.06","335.65","336.36","334.18","2.92M","0.12%"
"12/01/2025","334.66","333.96","336.10","333.75","4.27M","-0.49%"
"11/28/2025","336.31","335.40","336.42","334.86","2.29M","0.56%"
"11/26/2025","334.44","333.32","335.49","332.95","2.75M","0.69%"
"11/25/2025","332.16","328.64","332.66","326.76","3.65M","1.07%"
"11/24/2025","328.64","325.51","329.19","324.94","4.17M","1.49%"
"11/21/2025","323.80","321.38","326.32","319.43","4.70M","1.16%"
"11/20/2025","320.10","330.31","331.60","319.85","4.18M","-1.59%"
"11/19/2025","325.28","324.65","327.61","323.35","3.54M","0.33%"
"11/18/2025","324.22","324.74","326.55","321.92","5.56M","-0.68%"
"11/17/2025","326.43","328.70","330.77","324.80","4.34M","-1.04%"
"11/14/2025","329.86","326.57","331.85","325.62","3.67M","-0.02%"
"11/13/2025","329.91","334.50","334.63","329.24","4.21M","-1.77%"
"11/12/2025","335.86","336.82","336.92","334.88","2.73M","0.04%"
"11/11/2025","335.74","334.34","336.05","333.75","2.51M","0.24%"
"11/10/2025","334.92","333.32","335.45","332.04","3.66M","1.46%"
"11/07/2025","330.09","328.04","330.13","324.97","4.71M","0.22%"
"11/06/2025","329.37","332.79","333.06","328.63","2.97M","-1.14%"
"11/05/2025","333.16","331.83","334.68","331.30","3.15M","0.43%"
"11/04/2025","331.74","332.21","334.13","331.39","3.29M","-1.21%"
"11/03/2025","335.80","337.00","337.14","333.89","3.34M","0.11%"
"10/31/2025","335.42","336.62","336.62","333.85","4.24M","0.40%"
"10/30/2025","334.08","336.00","337.18","334.05","5.03M","-1.07%"
"10/29/2025","337.71","338.35","339.06","335.69","4.82M","-0.07%"
"10/28/2025","337.95","338.34","338.81","337.11","3.77M","0.15%"
"10/27/2025","337.43","336.70","337.70","336.23","5.50M","1.11%"
"10/24/2025","333.71","333.36","334.54","333.21","3.78M","0.82%"
"10/23/2025","331.01","329.32","331.58","328.99","2.96M","0.64%"
"10/22/2025","328.90","331.18","331.23","326.65","7.36M","-0.61%"
"10/21/2025","330.91","330.79","331.86","330.12","4.10M","-0.01%"
"10/20/2025","330.95","328.95","331.36","328.86","3.92M","1.12%"
"10/17/2025","327.30","325.01","327.94","324.24","5.65M","0.47%"
"10/16/2025","325.77","329.37","329.93","324.08","5.33M","-0.79%"
"10/15/2025","328.38","329.39","330.99","325.30","4.25M","0.47%"
"10/14/2025","326.83","323.90","328.62","322.08","6.31M","-0.03%"
"10/13/2025","326.93","325.79","327.58","325.16","4.48M","1.59%"
"10/10/2025","321.80","331.16","332.15","321.62","7.89M","-2.68%"
"10/09/2025","330.66","331.93","332.20","329.75","3.80M","-0.35%"
"10/08/2025","331.81","330.51","331.87","329.83","3.15M","0.66%"
"10/07/2025","329.62","331.72","331.99","328.80","4.96M","-0.48%"
"10/06/2025","331.21","331.41","331.76","330.14","4.90M","0.38%"
"10/03/2025","329.97","330.36","331.73","329.43","4.89M","0.05%"
"10/02/2025","329.79","330.20","330.26","328.45","4.01M","0.15%"
"10/01/2025","329.31","326.93","329.66","326.65","5.98M","0.35%"
"09/30/2025","328.17","326.90","328.36","325.88","4.21M","0.33%"
"09/29/2025","327.10","327.69","327.81","326.28","3.71M","-0.02%"
"09/26/2025","327.18","325.89","327.34","325.22","3.17M","0.63%"
"09/25/2025","325.14","325.22","325.84","323.38","4.11M","-0.54%"
"09/24/2025","326.89","328.90","328.91","326.27","2.96M","-0.37%"
"09/23/2025","328.09","329.99","330.36","327.58","3.46M","-0.54%"
"09/22/2025","329.86","327.76","330.10","327.54","3.43M","0.43%"
"09/19/2025","328.44","328.31","328.85","326.83","3.61M","0.38%"
"09/18/2025","327.21","326.93","328.27","325.92","3.11M","0.63%"
"09/17/2025","325.16","325.66","326.90","322.77","3.64M","-0.09%"
"09/16/2025","325.45","326.31","326.40","324.92","3.71M","-0.14%"
"09/15/2025","325.89","325.47","326.12","325.21","3.20M","0.49%"
"09/12/2025","324.31","324.80","325.20","324.06","3.06M","-0.14%"
"09/11/2025","324.78","322.91","325.06","322.51","3.58M","0.93%"
"09/10/2025","321.80","322.50","323.04","320.97","3.70M","0.26%"
"09/09/2025","320.98","320.71","321.28","319.45","3.11M","0.13%"
"09/08/2025","320.57","320.44","320.92","319.71","4.15M","0.32%"
"09/05/2025","319.55","321.61","322.05","317.49","3.87M","-0.18%"
"09/04/2025","320.14","317.84","320.23","317.32","3.04M","0.89%"
"09/03/2025","317.33","317.04","317.74","315.86","3.16M","0.42%"
"09/02/2025","315.99","314.52","316.11","313.30","4.82M","-0.69%"
"08/29/2025","318.20","319.56","319.70","317.29","3.42M","-0.59%"
"08/28/2025","320.10","319.43","320.40","318.49","3.24M","0.36%"
"08/27/2025","318.94","317.65","319.25","317.65","5.48M","0.27%"
"08/26/2025","318.09","316.74","318.21","316.33","2.83M","0.45%"
"08/25/2025","316.65","317.58","317.97","316.60","2.79M","-0.48%"
"08/22/2025","318.18","313.99","318.83","313.68","3.55M","1.73%"
"08/21/2025","312.76","312.90","313.84","311.86","2.70M","-0.34%"
"08/20/2025","313.84","314.57","314.57","311.24","6.19M","-0.26%"
"08/19/2025","314.67","316.58","316.98","314.10","4.14M","-0.61%"
"08/18/2025","316.59","316.32","316.81","315.99","3.79M","0.04%"
"08/15/2025","316.47","317.94","317.94","316.01","3.43M","-0.23%"
"08/14/2025","317.19","316.32","317.56","316.01","3.49M","-0.15%"
"08/13/2025","317.66","317.36","317.93","316.40","2.89M","0.48%"
"08/12/2025","316.13","313.72","316.24","312.98","3.34M","1.22%"
"08/11/2025","312.31","313.33","313.93","311.82","4.28M","-0.23%"
"08/08/2025","313.03","311.90","313.30","311.69","2.88M","0.63%"
"08/07/2025","311.07","313.05","313.40","309.36","2.97M","-0.06%"
"08/06/2025","311.25","309.55","311.58","309.05","3.23M","0.68%"
"08/05/2025","309.16","310.86","311.34","308.45","4.49M","-0.44%"
"08/04/2025","310.53","307.58","310.56","307.58","4.12M","1.57%"
"08/01/2025","305.74","307.98","307.98","304.40","5.61M","-1.66%"
"07/31/2025","310.89","314.37","314.84","310.39","4.69M","-0.44%"
"07/30/2025","312.25","313.19","314.01","310.77","5.97M","-0.12%"
"07/29/2025","312.61","314.34","314.50","312.24","3.75M","-0.32%"
"07/28/2025","313.60","314.20","314.24","312.93","4.80M","-0.03%"
"07/25/2025","313.69","312.80","313.93","312.41","3.23M","0.45%"
"07/24/2025","312.30","312.50","313.14","312.20","3.66M","-0.04%"
"07/23/2025","312.41","311.10","312.45","310.32","3.97M","0.84%"
"07/22/2025","309.80","309.74","310.19","308.23","2.12M","0.12%"
"07/21/2025","309.44","309.94","311.04","309.27","3.21M","0.11%"
"07/18/2025","309.09","310.05","310.20","308.55","2.61M","-0.05%"
"07/17/2025","309.26","307.50","309.58","307.31","4.95M","0.65%"
"07/16/2025","307.26","306.86","307.55","304.00","3.07M","0.38%"
"07/15/2025","306.10","309.09","309.29","306.05","3.45M","-0.53%"
"07/14/2025","307.72","306.74","307.95","306.24","2.36M","0.23%"
"07/11/2025","307.02","306.88","307.64","306.15","2.91M","-0.42%"
"07/10/2025","308.32","307.65","308.92","306.96","2.60M","0.27%"
"07/09/2025","307.50","306.77","307.68","305.80","2.84M","0.63%"
"07/08/2025","305.58","306.09","306.50","305.18","3.50M","-0.01%"
"07/07/2025","305.60","306.99","307.35","304.22","4.26M","-0.79%"
"07/03/2025","308.03","306.55","308.40","306.55","2.24M","0.82%"
"07/02/2025","305.51","303.95","305.56","303.51","4.47M","0.52%"
"07/01/2025","303.93","303.04","304.69","302.80","3.97M","0.00%"
"06/30/2025","303.93","303.74","304.53","302.60","3.10M","0.20%"
"06/27/2025","303.31","302.68","304.26","301.39","3.19M","0.45%"
"06/26/2025","301.94","300.37","302.19","300.10","2.29M","0.86%"
"06/25/2025","299.36","300.35","300.42","298.77","3.03M","-0.12%"
"06/24/2025","299.71","298.43","300.17","297.94","3.23M","1.17%"
"06/23/2025","296.25","293.49","296.47","291.97","3.34M","0.96%"
"06/20/2025","293.43","295.62","295.99","292.72","2.69M","-0.23%"
"06/18/2025","294.11","294.32","295.95","293.68","2.41M","0.04%"
"06/17/2025","294.00","295.10","296.05","293.58","2.72M","-0.83%"
"06/16/2025","296.47","295.45","297.37","295.33","3.11M","0.99%"
"06/13/2025","293.57","294.45","296.13","292.84","3.38M","-1.18%"
"06/12/2025","297.08","295.30","297.10","295.10","3.09M","0.32%"
"06/11/2025","296.13","297.60","298.07","295.16","2.71M","-0.27%"
"06/10/2025","296.92","295.74","297.19","295.22","2.82M","0.53%"
"06/09/2025","295.36","295.46","296.27","294.82","3.12M","0.08%"
"06/06/2025","295.12","294.71","295.88","294.02","2.31M","1.17%"
"06/05/2025","291.72","293.98","294.90","291.07","3.04M","-0.55%"
"06/04/2025","293.34","293.82","294.35","293.03","2.72M","-0.01%"
"06/03/2025","293.37","291.54","293.85","291.02","3.49M","0.69%"
"06/02/2025","291.36","289.34","291.42","287.58","2.85M","0.51%"
"05/30/2025","289.88","289.47","290.74","286.86","3.18M","-0.08%"
"05/29/2025","290.12","291.53","291.82","288.32","3.85M","0.32%"
"05/28/2025","289.19","291.10","291.65","288.80","2.41M","-0.59%"
"05/27/2025","290.90","288.46","291.03","287.52","2.98M","2.06%"
"05/23/2025","285.04","283.04","286.23","283.00","2.86M","-0.59%"
"05/22/2025","286.72","286.38","288.53","285.88","2.74M","-0.02%"
"05/21/2025","286.77","289.54","291.49","286.15","3.17M","-1.74%"
"05/20/2025","291.85","291.99","292.50","290.36","2.83M","-0.33%"
"05/19/2025","292.81","289.46","293.13","289.32","3.08M","0.08%"
"05/16/2025","292.58","291.08","292.75","290.20","5.44M","0.68%"
"05/15/2025","290.59","288.37","290.86","288.05","2.35M","0.41%"
"05/14/2025","289.41","289.72","290.22","288.44","3.20M","0.07%"
"05/13/2025","289.22","287.61","290.35","287.02","3.29M","0.68%"
"05/12/2025","287.27","286.78","287.27","284.37","4.18M","3.35%"
"05/09/2025","277.97","279.06","279.62","277.25","2.15M","-0.11%"
"05/08/2025","278.28","278.10","280.87","276.50","2.78M","0.79%"
"05/07/2025","276.11","275.76","277.23","273.58","2.70M","0.41%"
"05/06/2025","274.97","274.57","277.10","273.95","2.44M","-0.81%"
"05/05/2025","277.22","276.65","278.84","276.39","2.82M","-0.57%"
"05/02/2025","278.80","277.52","279.60","276.62","3.17M","1.56%"
"05/01/2025","274.52","275.28","277.28","274.25","3.24M","0.62%"
"04/30/2025","272.82","269.11","273.52","266.25","4.04M","0.06%"
"04/29/2025","272.66","270.13","273.27","270.06","2.21M","0.60%"
"04/28/2025","271.03","271.02","272.26","268.08","2.51M","0.14%"
"04/25/2025","270.64","268.86","270.90","267.41","3.22M","0.61%"
"04/24/2025","268.99","263.90","269.25","263.39","3.49M","2.11%"
"04/23/2025","263.44","265.93","268.38","262.57","6.84M","1.70%"
"04/22/2025","259.03","255.62","260.21","255.27","3.80M","2.55%"
"04/21/2025","252.60","256.23","256.50","249.94","5.52M","-2.38%"
"04/17/2025","258.75","259.13","260.95","257.33","3.40M","0.21%"
"04/16/2025","258.21","260.77","262.59","255.45","4.30M","-2.08%"
"04/15/2025","263.69","264.25","266.40","263.15","4.68M","-0.17%"
"04/14/2025","264.15","266.43","266.73","261.46","4.04M","0.92%"
"04/11/2025","261.74","256.71","262.75","254.67","5.01M","1.67%"
"04/10/2025","257.43","261.11","261.66","249.89","7.26M","-4.12%"
"04/09/2025","268.48","241.85","268.48","241.62","12.14M","10.15%"
"04/08/2025","243.75","256.50","257.71","240.05","11.06M","-1.58%"
"04/07/2025","247.66","240.00","257.03","236.42","16.35M","-0.33%"
"04/04/2025","248.47","256.97","257.73","248.18","16.63M","-5.87%"
"04/03/2025","263.96","268.01","269.37","263.70","8.14M","-5.03%"
"04/02/2025","277.95","272.85","279.25","272.61","2.59M","0.79%"
"04/01/2025","275.77","273.90","276.79","272.05","3.27M","0.34%"
"03/31/2025","274.84","270.27","275.58","268.73","6.06M","0.52%"
"03/28/2025","273.43","278.31","278.75","273.05","3.91M","-1.99%"
"03/27/2025","278.99","279.46","281.08","278.05","2.35M","-0.77%"
"03/26/2025","281.16","284.15","284.92","280.31","2.47M","-1.17%"
"03/25/2025","284.49","284.52","285.09","283.66","2.52M","0.17%"
"03/24/2025","284.01","282.25","284.53","281.90","3.25M","1.85%"
"03/21/2025","278.85","276.41","279.07","275.68","3.38M","0.04%"
"03/20/2025","278.74","277.70","281.20","277.26","2.26M","-0.24%"
"03/19/2025","279.41","277.00","281.38","276.63","2.87M","1.14%"
"03/18/2025","276.27","278.20","278.50","275.33","3.12M","-1.08%"
"03/17/2025","279.28","276.73","280.60","276.68","3.98M","0.83%"
"03/14/2025","276.99","273.60","277.38","273.36","3.61M","2.14%"
"03/13/2025","271.18","274.93","275.00","270.20","3.93M","-1.40%"
"03/12/2025","275.04","276.80","277.29","272.48","4.00M","0.49%"
"03/11/2025","273.69","275.00","277.00","271.58","5.28M","-0.70%"
"03/10/2025","275.62","279.43","280.28","273.14","6.44M","-2.72%"
"03/07/2025","283.34","281.22","284.05","278.11","3.87M","0.47%"
"03/06/2025","282.01","283.53","285.82","280.65","4.84M","-1.86%"
"03/05/2025","287.35","284.08","288.14","282.32","3.66M","1.14%"
"03/04/2025","284.12","285.20","288.45","281.50","6.45M","-1.25%"
"03/03/2025","287.71","293.91","294.72","285.77","7.84M","-1.79%"
"02/28/2025","292.96","288.63","293.21","287.35","3.49M","1.54%"
"02/27/2025","288.51","294.34","294.79","288.40","2.75M","-1.55%"
"02/26/2025","293.05","293.90","295.70","291.87","2.81M","0.03%"
"02/25/2025","292.95","294.40","294.83","290.54","3.51M","-0.50%"
"02/24/2025","294.41","296.96","297.34","293.89","4.47M","-0.51%"
"02/21/2025","295.92","301.74","301.79","295.64","3.60M","-1.85%"
"02/20/2025","301.49","302.53","302.72","299.88","2.86M","-0.54%"
"02/19/2025","303.12","301.85","303.39","301.68","2.57M","0.14%"
"02/18/2025","302.69","302.37","302.70","301.22","2.85M","0.28%"
"02/14/2025","301.84","302.00","302.55","301.50","2.38M","-0.01%"
"02/13/2025","301.88","299.52","301.97","298.78","3.07M","1.04%"
"02/12/2025","298.76","296.88","299.33","296.24","3.28M","-0.33%"
"02/11/2025","299.75","298.73","300.07","298.68","2.72M","-0.05%"
"02/10/2025","299.91","299.56","300.23","298.91","2.62M","0.64%"
"02/07/2025","298.00","300.94","301.66","297.67","3.63M","-0.89%"
"02/06/2025","300.69","300.73","300.86","298.90","2.90M","0.25%"
"02/05/2025","299.95","298.24","299.97","297.09","2.23M","0.46%"
"02/04/2025","298.57","296.62","298.74","296.23","2.60M","0.73%"
"02/03/2025","296.42","293.32","297.70","292.70","5.04M","-0.73%"
"01/31/2025","298.60","301.22","302.60","298.23","3.34M","-0.55%"
"01/30/2025","300.24","299.50","301.11","298.28","2.89M","0.63%"
"01/29/2025","298.37","299.32","299.60","296.97","2.62M","-0.43%"
"01/28/2025","299.65","297.90","300.11","296.20","2.72M","0.86%"
"01/27/2025","297.10","295.00","297.58","294.44","5.32M","-1.39%"
"01/24/2025","301.30","302.26","302.67","300.80","2.36M","-0.29%"
"01/23/2025","302.18","300.24","302.18","300.02","2.65M","0.53%"
"01/22/2025","300.60","300.59","301.29","300.27","3.52M","0.49%"
"01/21/2025","299.14","297.75","299.22","296.91","3.89M","0.99%"
"01/17/2025","296.20","296.18","297.12","295.43","2.60M","0.92%"
"01/16/2025","293.49","294.23","294.66","292.93","3.13M","-0.07%"
"01/15/2025","293.71","292.71","294.30","292.17","2.82M","1.83%"
"01/14/2025","288.42","289.41","289.75","286.52","3.80M","0.23%"
"01/13/2025","287.77","285.00","287.88","284.63","3.63M","0.16%"
"01/10/2025","287.30","290.05","290.05","286.22","4.40M","-1.50%"
"01/08/2025","291.68","291.42","292.25","289.51","2.97M","0.09%"
"01/07/2025","291.41","295.84","295.87","290.40","3.32M","-1.12%"
"01/06/2025","294.70","295.20","296.89","293.93","3.68M","0.56%"
"01/03/2025","293.06","290.66","293.35","290.19","2.73M","1.31%"
"01/02/2025","289.26","291.45","292.55","287.35","3.80M","-0.19%"
"12/31/2024","289.81","291.81","292.14","289.07","3.89M","-0.35%"
"12/30/2024","290.82","290.88","292.52","288.78","4.97M","-1.11%"
"12/27/2024","294.07","295.33","295.93","291.99","3.64M","-1.08%"
"12/26/2024","297.29","296.44","297.78","295.54","4.31M","0.06%"
"12/24/2024","297.12","294.57","297.17","294.25","2.64M","1.06%"
"12/23/2024","294.00","292.53","294.19","290.54","3.70M","0.25%"
"12/20/2024","293.28","288.61","295.71","288.11","3.84M","1.14%"
"12/19/2024","289.98","292.99","293.70","289.87","4.83M","-0.14%"
"12/18/2024","290.39","299.76","300.53","289.95","3.89M","-3.09%"
"12/17/2024","299.66","299.96","300.18","299.00","3.06M","-0.49%"
"12/16/2024","301.15","300.57","301.75","300.43","2.55M","0.41%"
"12/13/2024","299.93","301.00","301.27","299.10","2.28M","-0.05%"
"12/12/2024","300.08","301.48","301.55","300.04","2.12M","-0.57%"
"12/11/2024","301.80","301.00","302.29","300.86","2.24M","0.80%"
"12/10/2024","299.39","301.00","301.00","299.07","2.56M","-0.38%"
"12/09/2024","300.52","302.53","302.65","300.33","2.95M","-0.64%"
"12/06/2024","302.45","302.31","302.95","302.02","2.33M","0.28%"
"12/05/2024","301.61","302.60","302.75","301.52","2.18M","-0.28%"
"12/04/2024","302.45","301.48","302.60","301.17","3.26M","0.67%"
"12/03/2024","300.43","300.38","300.57","299.64","2.10M","0.00%"
"12/02/2024","300.43","300.30","300.75","299.80","3.58M","0.19%"
"11/29/2024","299.86","298.94","300.38","298.71","1.81M","0.56%"
"11/27/2024","298.20","299.13","299.47","297.40","2.73M","-0.28%"
"11/26/2024","299.05","298.43","299.39","297.87","3.29M","0.37%"
"11/25/2024","297.96","298.67","299.47","296.90","3.38M","0.49%"
"11/22/2024","296.51","295.13","296.81","295.13","2.64M","0.49%"
"11/21/2024","295.05","294.53","295.77","291.95","2.56M","0.70%"
"11/20/2024","293.00","292.92","293.16","290.14","2.67M","0.06%"
"11/19/2024","292.83","289.90","293.09","289.45","2.34M","0.46%"
"11/18/2024","291.49","290.64","292.24","290.13","2.99M","0.41%"
"11/15/2024","290.31","292.51","292.61","289.35","4.03M","-1.27%"
"11/14/2024","294.04","296.50","296.61","293.72","3.28M","-0.74%"
"11/13/2024","296.23","296.80","297.55","295.62","2.83M","-0.05%"
"11/12/2024","296.37","297.42","297.78","295.09","3.47M","-0.39%"
"11/11/2024","297.54","297.93","298.12","296.76","3.20M","0.28%"
"11/08/2024","296.71","295.61","297.37","295.51","4.14M","0.47%"
"11/07/2024","295.33","294.02","295.90","294.01","4.11M","0.70%"
"11/06/2024","293.28","292.30","293.61","290.21","5.68M","2.80%"
"11/05/2024","285.30","282.11","285.30","282.01","2.06M","1.27%"
"11/04/2024","281.72","282.17","283.07","280.86","2.38M","-0.18%"
"11/01/2024","282.23","282.52","284.49","281.96","2.45M","0.43%"
"10/31/2024","281.03","284.78","284.78","280.96","3.03M","-1.86%"
"10/30/2024","286.37","286.98","288.10","286.03","2.20M","-0.25%"
"10/29/2024","287.08","286.27","287.65","285.45","2.50M","0.13%"
"10/28/2024","286.70","287.06","287.48","286.56","1.87M","0.41%"
"10/25/2024","285.54","287.03","288.25","285.05","2.81M","-0.09%"
"10/24/2024","285.81","286.12","286.17","284.47","2.24M","0.27%"
"10/23/2024","285.05","286.77","286.91","283.34","2.64M","-0.90%"
"10/22/2024","287.65","286.90","288.25","286.47","2.03M","-0.11%"
"10/21/2024","287.98","288.51","288.80","286.64","2.32M","-0.32%"
"10/18/2024","288.89","288.70","289.26","287.91","1.82M","0.39%"
"10/17/2024","287.76","289.47","289.70","287.73","2.81M","-0.02%"
"10/16/2024","287.82","286.72","288.11","286.23","2.22M","0.51%"
"10/15/2024","286.36","288.32","288.69","285.91","3.26M","-0.69%"
"10/14/2024","288.34","286.86","288.73","286.61","2.00M","0.78%"
"10/11/2024","286.11","283.97","286.39","283.95","1.80M","0.77%"
"10/10/2024","283.91","283.78","284.61","283.03","2.55M","-0.21%"
"10/09/2024","284.50","282.55","284.74","282.26","2.12M","0.70%"
"10/08/2024","282.53","281.28","282.88","280.88","2.16M","0.84%"
"10/07/2024","280.17","282.04","282.13","279.54","11.47M","-0.91%"
"10/04/2024","282.75","282.46","282.89","280.35","2.34M","0.97%"
"10/03/2024","280.04","279.83","280.95","278.90","2.37M","-0.21%"
"10/02/2024","280.64","280.24","281.17","278.87","3.64M","0.02%"
"10/01/2024","280.58","283.00","283.05","279.16","4.87M","-0.91%"
"09/30/2024","283.16","281.62","283.39","280.37","2.83M","0.39%"
"09/27/2024","282.05","283.18","283.43","281.46","2.64M","-0.41%"
"09/26/2024","283.20","284.27","284.35","282.09","2.62M","0.45%"
"09/25/2024","281.94","282.95","283.15","281.50","1.74M","-0.33%"
"09/24/2024","282.87","282.76","282.89","281.14","1.95M","0.25%"
"09/23/2024","282.16","282.20","282.55","281.46","1.92M","0.25%"
"09/20/2024","281.46","281.68","282.02","280.08","2.29M","-0.21%"
"09/19/2024","282.05","282.10","283.00","280.60","2.66M","1.69%"
"09/18/2024","277.35","278.37","281.06","277.09","3.39M","-0.25%"
"09/17/2024","278.05","278.98","279.78","276.97","2.13M","0.10%"
"09/16/2024","277.77","277.12","277.88","276.25","2.07M","0.20%"
"09/13/2024","277.22","276.00","277.70","275.76","2.47M","0.70%"
"09/12/2024","275.30","273.43","275.55","272.15","2.42M","0.83%"
"09/11/2024","273.03","270.22","273.36","265.92","2.64M","1.00%"
"09/10/2024","270.34","270.13","270.49","267.67","1.87M","0.39%"
"09/09/2024","269.29","268.39","270.05","267.58","2.97M","1.07%"
"09/06/2024","266.44","271.18","272.04","266.01","3.60M","-1.66%"
"09/05/2024","270.94","271.80","273.02","269.83","4.00M","-0.31%"
"09/04/2024","271.78","271.01","273.54","270.98","2.95M","-0.22%"
"09/03/2024","272.39","276.80","277.00","271.16","3.82M","-2.15%"
"08/30/2024","278.38","276.72","278.53","275.08","2.03M","0.96%"
"08/29/2024","275.72","276.48","278.31","275.24","3.02M","0.10%"
"08/28/2024","275.45","276.80","277.08","273.92","1.86M","-0.61%"
"08/27/2024","277.14","276.10","277.38","275.61","1.79M","0.09%"
"08/26/2024","276.89","278.13","278.53","276.26","2.26M","-0.25%"
"08/23/2024","277.59","275.74","277.83","275.33","2.28M","1.27%"
"08/22/2024","274.12","277.17","277.59","273.61","2.55M","-0.85%"
"08/21/2024","276.46","275.77","276.90","274.95","1.98M","0.50%"
"08/20/2024","275.08","275.68","276.31","274.43","2.04M","-0.24%"
"08/19/2024","275.75","273.62","275.79","273.02","2.66M","0.94%"
"08/16/2024","273.17","271.90","273.54","271.73","2.57M","0.24%"
"08/15/2024","272.52","270.94","272.77","270.58","3.03M","1.73%"
"08/14/2024","267.88","267.65","268.47","266.13","2.34M","0.28%"
"08/13/2024","267.12","264.41","267.21","264.30","2.32M","1.66%"
"08/12/2024","262.75","263.63","263.99","261.76","2.55M","-0.06%"
"08/09/2024","262.92","261.74","263.64","260.80","2.67M","0.43%"
"08/08/2024","261.79","258.68","262.17","257.50","2.92M","2.34%"
"08/07/2024","255.80","261.07","262.35","255.56","3.40M","-0.76%"
"08/06/2024","257.77","256.57","261.36","255.53","5.26M","1.01%"
"08/05/2024","255.18","251.21","258.33","251.00","8.46M","-2.94%"
"08/02/2024","262.90","264.50","264.77","260.69","4.74M","-2.01%"
"08/01/2024","268.30","273.25","274.51","266.61","3.77M","-1.57%"
"07/31/2024","272.57","271.94","274.29","271.10","2.54M","1.48%"
"07/30/2024","268.59","270.50","271.15","266.87","2.17M","-0.42%"
"07/29/2024","269.71","270.73","271.08","268.77","2.81M","0.01%"
"07/26/2024","269.69","268.64","270.99","268.25","2.76M","1.20%"
"07/25/2024","266.50","267.70","271.07","265.95","3.24M","-0.39%"
"07/24/2024","267.53","271.34","271.61","267.08","3.05M","-2.25%"
"07/23/2024","273.69","273.87","275.14","273.56","2.23M","-0.07%"
"07/22/2024","273.89","272.78","274.15","271.90","2.53M","1.04%"
"07/19/2024","271.06","272.56","273.33","270.50","2.41M","-0.62%"
"07/18/2024","272.76","276.00","276.55","271.65","2.90M","-0.87%"
"07/17/2024","275.16","276.24","277.27","274.98","3.35M","-1.41%"
"07/16/2024","279.10","277.60","279.21","277.40","3.26M","0.82%"
"07/15/2024","276.82","276.80","278.30","275.88","3.39M","0.43%"
"07/12/2024","275.64","274.35","277.36","274.34","2.73M","0.66%"
"07/11/2024","273.83","275.75","276.26","273.44","3.60M","-0.45%"
"07/10/2024","275.06","273.21","275.21","272.85","1.99M","0.97%"
"07/09/2024","272.42","272.82","273.18","272.31","2.70M","-0.03%"
"07/08/2024","272.49","272.65","272.92","271.91","2.34M","0.14%"
"07/05/2024","272.12","270.82","272.26","270.40","4.24M","0.52%"
"07/03/2024","270.71","269.61","270.90","269.61","1.95M","0.41%"
"07/02/2024","269.60","267.46","269.63","267.25","4.21M","0.58%"
"07/01/2024","268.05","268.49","268.49","266.73","2.88M","0.20%"
"06/28/2024","267.51","269.37","270.41","266.95","2.82M","-0.69%"
"06/27/2024","269.38","268.62","269.59","268.49","2.66M","0.24%"
"06/26/2024","268.73","267.98","269.10","267.63","1.86M","0.00%"
"06/25/2024","268.74","268.37","268.74","267.49","2.07M","0.33%"
"06/24/2024","267.86","268.34","269.78","267.78","2.23M","-0.17%"
"06/21/2024","268.31","268.42","268.81","267.46","2.68M","-0.15%"
"06/20/2024","268.72","269.94","270.19","267.75","3.17M","-0.25%"
"06/18/2024","269.40","268.86","269.54","268.66","2.02M","0.25%"
"06/17/2024","268.72","266.41","269.40","266.04","2.45M","0.76%"
"06/14/2024","266.69","265.86","266.69","265.24","2.21M","-0.07%"
"06/13/2024","266.89","267.47","267.80","265.50","2.29M","0.04%"
"06/12/2024","266.77","267.09","268.21","266.21","2.76M","0.94%"
"06/11/2024","264.28","263.00","264.35","261.88","3.02M","0.17%"
"06/10/2024","263.83","262.33","264.00","262.20","2.14M","0.33%"
"06/07/2024","262.95","262.89","264.30","262.25","1.84M","-0.19%"
"06/06/2024","263.45","263.65","263.96","262.60","2.19M","-0.09%"
"06/05/2024","263.68","261.80","263.68","260.70","2.38M","1.22%"
"06/04/2024","260.49","259.84","260.89","258.95","2.49M","-0.01%"
"06/03/2024","260.52","261.66","261.66","258.08","6.20M","0.03%"
"05/31/2024","260.44","259.00","260.60","256.25","3.41M","0.77%"
"05/30/2024","258.45","259.28","259.62","257.75","3.03M","-0.49%"
"05/29/2024","259.72","259.62","260.37","259.43","3.18M","-0.82%"
"05/28/2024","261.87","262.47","262.47","260.49","3.08M","0.00%"
"05/24/2024","261.87","261.04","262.21","260.45","3.12M","0.72%"
"05/23/2024","259.99","263.86","263.92","259.43","6.60M","-0.85%"
"05/22/2024","262.22","262.86","263.07","261.13","2.36M","-0.34%"
"05/21/2024","263.11","262.20","263.16","262.13","2.24M","0.21%"
"05/20/2024","262.57","262.43","263.36","262.21","2.37M","0.10%"
"05/17/2024","262.30","262.15","262.30","261.24","2.21M","0.14%"
"05/16/2024","261.93","262.68","263.28","261.86","2.44M","-0.27%"
"05/15/2024","262.64","260.85","262.73","260.44","2.51M","1.23%"
"05/14/2024","259.45","258.23","259.67","258.08","2.47M","0.49%"
"05/13/2024","258.19","259.08","259.08","257.56","1.95M","0.05%"
"05/10/2024","258.05","258.67","259.03","257.45","1.92M","0.09%"
"05/09/2024","257.81","256.30","257.88","256.00","2.42M","0.59%"
"05/08/2024","256.30","255.48","256.55","255.33","2.60M","-0.07%"
"05/07/2024","256.48","256.59","257.17","256.14","1.83M","0.09%"
"05/06/2024","256.25","254.80","256.25","254.62","2.81M","1.07%"
"05/03/2024","253.53","253.60","254.40","252.20","2.35M","1.19%"
"05/02/2024","250.56","250.13","250.92","247.61","2.58M","1.04%"
"05/01/2024","247.99","248.46","251.98","247.60","3.51M","-0.25%"
"04/30/2024","248.61","251.94","252.33","248.56","2.50M","-1.65%"
"04/29/2024","252.77","252.75","253.12","251.35","2.09M","0.39%"
"04/26/2024","251.78","250.86","252.54","250.43","3.24M","0.93%"
"04/25/2024","249.46","247.31","249.89","246.43","2.47M","-0.47%"
"04/24/2024","250.65","251.21","251.51","249.30","2.29M","0.02%"
"04/23/2024","250.59","248.57","250.95","248.27","2.40M","1.19%"
"04/22/2024","247.64","246.59","248.88","245.38","3.11M","0.98%"
"04/19/2024","245.23","247.07","247.69","244.57","3.47M","-0.78%"
"04/18/2024","247.17","248.32","249.53","246.65","2.99M","-0.21%"
"04/17/2024","247.68","250.44","250.93","246.98","2.86M","-0.59%"
"04/16/2024","249.14","249.89","250.65","248.47","3.47M","-0.30%"
"04/15/2024","249.89","255.00","255.21","249.26","4.80M","-1.23%"
"04/12/2024","253.00","255.27","255.64","252.16","3.57M","-1.44%"
"04/11/2024","256.70","255.75","257.43","253.88","3.43M","0.68%"
"04/10/2024","254.97","254.72","256.04","253.92","3.35M","-1.12%"
"04/09/2024","257.85","258.35","258.50","255.40","2.94M","0.14%"
"04/08/2024","257.48","257.80","258.14","257.10","3.22M","0.12%"
"04/05/2024","257.18","255.11","258.20","255.00","4.18M","1.01%"
"04/04/2024","254.61","259.65","259.99","254.44","3.12M","-1.20%"
"04/03/2024","257.70","256.73","258.44","256.66","3.24M","0.16%"
"04/02/2024","257.30","257.50","257.50","256.19","3.21M","-0.92%"
"04/01/2024","259.70","260.32","260.38","258.68","3.29M","-0.08%"
"03/28/2024","259.90","259.80","260.58","259.76","2.67M","0.07%"
"03/27/2024","259.73","259.13","259.85","258.01","4.03M","0.88%"
"03/26/2024","257.46","258.80","258.83","257.28","2.59M","-0.18%"
"03/25/2024","257.92","258.10","258.49","257.79","2.71M","-0.22%"
"03/22/2024","258.50","259.19","259.45","258.34","2.47M","-0.63%"
"03/21/2024","260.14","260.65","261.07","260.04","3.72M","0.41%"
"03/20/2024","259.07","256.46","259.20","256.19","2.48M","1.01%"
"03/19/2024","256.47","254.43","256.55","254.17","2.90M","0.58%"
"03/18/2024","255.00","255.58","256.21","254.81","3.46M","0.51%"
"03/15/2024","253.71","253.60","254.65","252.70","3.22M","-0.59%"
"03/14/2024","255.22","256.69","256.87","253.72","3.66M","-0.39%"
"03/13/2024","256.21","256.57","256.87","255.47","2.67M","-0.12%"
"03/12/2024","256.53","254.99","256.74","253.65","4.38M","0.99%"
"03/11/2024","254.02","253.89","254.35","252.70","3.04M","-0.16%"
"03/08/2024","254.43","256.42","257.71","254.04","3.67M","-0.58%"
"03/07/2024","255.91","255.00","256.37","254.65","2.94M","0.97%"
"03/06/2024","253.44","253.87","254.51","252.68","2.50M","0.59%"
"03/05/2024","251.95","253.68","253.86","250.91","3.13M","-1.06%"
"03/04/2024","254.65","254.78","255.58","254.53","4.97M","-0.10%"
"03/01/2024","254.90","253.04","255.07","252.68","3.69M","0.92%"
"02/29/2024","252.58","252.68","253.30","251.12","2.61M","0.42%"
"02/28/2024","251.52","251.10","251.96","250.97","2.19M","-0.17%"
"02/27/2024","251.94","251.79","252.10","250.95","2.02M","0.28%"
"02/26/2024","251.24","252.02","252.44","251.20","2.59M","-0.30%"
"02/23/2024","252.00","252.46","252.92","251.53","2.86M","0.07%"
"02/22/2024","251.83","249.96","252.21","249.61","3.87M","1.98%"
"02/21/2024","246.95","246.05","246.99","245.13","2.17M","0.02%"
"02/20/2024","246.90","247.55","247.75","245.76","3.45M","-0.63%"
"02/16/2024","248.46","249.61","250.23","248.10","2.91M","-0.52%"
"02/15/2024","249.77","248.34","249.94","248.02","3.18M","0.77%"
"02/14/2024","247.86","246.87","248.03","245.61","2.61M","1.11%"
"02/13/2024","245.15","245.61","246.32","243.35","5.83M","-1.60%"
"02/12/2024","249.14","249.04","250.34","248.72","2.77M","0.10%"
"02/09/2024","248.90","247.75","249.15","247.51","2.37M","0.61%"
"02/08/2024","247.39","246.81","247.47","246.51","2.67M","0.25%"
"02/07/2024","246.78","246.00","247.09","245.38","2.31M","0.79%"
"02/06/2024","244.85","244.48","245.02","243.90","2.57M","0.34%"
"02/05/2024","244.02","244.83","244.99","242.74","3.32M","-0.47%"
"02/02/2024","245.18","242.96","246.01","242.69","3.88M","0.86%"
"02/01/2024","243.10","240.90","243.10","240.04","3.99M","1.35%"
"01/31/2024","239.87","242.84","243.24","239.86","3.88M","-1.68%"
"01/30/2024","243.98","244.07","244.33","243.57","3.10M","-0.14%"
"01/29/2024","244.32","242.34","244.34","242.13","3.46M","0.91%"
"01/26/2024","242.12","242.31","243.02","241.73","2.86M","-0.08%"
"01/25/2024","242.32","242.19","242.56","241.07","2.99M","0.56%"
"01/24/2024","240.98","242.66","242.87","240.85","3.00M","-0.02%"
"01/23/2024","241.02","241.02","241.17","240.06","3.02M","0.18%"
"01/22/2024","240.58","240.54","241.40","240.05","3.95M","0.43%"
"01/19/2024","239.54","237.38","239.74","236.76","3.85M","1.22%"
"01/18/2024","236.66","235.64","236.96","234.62","3.51M","0.88%"
"01/17/2024","234.59","234.41","234.87","233.43","3.34M","-0.60%"
"01/16/2024","236.01","236.29","236.91","235.10","3.65M","-0.46%"
"01/12/2024","237.11","237.98","238.37","236.42","3.05M","0.02%"
"01/11/2024","237.07","237.52","237.86","234.92","3.38M","-0.07%"
"01/10/2024","237.23","236.12","237.66","235.79","3.34M","0.52%"
"01/09/2024","236.01","235.15","236.56","234.74","4.52M","-0.19%"
"01/08/2024","236.45","233.27","236.56","233.26","4.16M","1.43%"
"01/05/2024","233.12","232.70","234.39","232.40","3.31M","0.15%"
"01/04/2024","232.77","233.26","234.55","232.66","3.68M","-0.26%"
"01/03/2024","233.37","234.53","234.74","233.11","3.93M","-0.96%"
"01/02/2024","235.63","235.65","236.51","234.76","4.85M","-0.67%"
"12/29/2023","237.22","238.14","238.47","236.48","4.19M","-0.38%"
"12/28/2023","238.13","238.25","238.74","238.13","4.10M","-0.05%"
"12/27/2023","238.25","238.00","238.44","237.47","5.10M","0.19%"
"12/26/2023","237.80","236.98","238.31","236.86","3.83M","0.49%"
"12/22/2023","236.63","236.59","237.51","235.64","3.66M","0.23%"
"12/21/2023","236.09","235.08","236.17","234.06","4.43M","0.67%"
"12/20/2023","234.51","237.74","238.69","234.44","5.15M","-1.49%"
"12/19/2023","238.06","236.72","238.10","236.72","3.73M","0.73%"
"12/18/2023","236.33","235.86","236.82","235.82","3.86M","0.43%"
"12/15/2023","235.31","234.79","235.94","234.63","4.30M","-0.14%"
"12/14/2023","235.63","235.66","236.58","234.19","5.01M","0.59%"
"12/13/2023","234.24","230.77","234.43","230.54","4.23M","1.55%"
"12/12/2023","230.66","229.59","230.78","228.96","3.21M","0.38%"
"12/11/2023","229.79","228.69","229.83","228.51","3.08M","0.41%"
"12/08/2023","228.85","227.36","229.09","227.27","2.74M","0.48%"
"12/07/2023","227.76","226.99","228.05","226.71","2.72M","0.80%"
"12/06/2023","225.95","227.89","228.16","225.88","3.17M","-0.42%"
"12/05/2023","226.91","226.58","227.45","226.21","3.02M","-0.19%"
"12/04/2023","227.35","226.58","227.43","226.08","3.84M","-0.36%"
"12/01/2023","228.17","225.99","228.33","225.59","4.08M","0.84%"
"11/30/2023","226.26","225.73","226.38","224.82","3.15M","0.41%"
"11/29/2023","225.33","226.38","227.19","225.11","2.65M","0.04%"
"11/28/2023","225.23","224.77","225.90","224.45","2.76M","0.06%"
"11/27/2023","225.09","225.12","225.53","224.77","2.41M","-0.13%"
"11/24/2023","225.38","225.04","225.44","225.01","1.22M","0.11%"
"11/22/2023","225.14","224.85","225.76","224.53","2.88M","0.43%"
"11/21/2023","224.18","224.25","224.43","223.61","2.51M","-0.27%"
"11/20/2023","224.79","223.11","225.25","223.00","2.88M","0.75%"
"11/17/2023","223.11","222.87","223.44","222.42","3.12M","0.25%"
"11/16/2023","222.55","222.30","222.88","221.60","2.75M","-0.07%"
"11/15/2023","222.70","222.86","223.80","222.29","2.82M","0.25%"
"11/14/2023","222.15","220.51","222.78","220.51","4.06M","2.22%"
"11/13/2023","217.33","216.81","217.86","216.34","2.83M","-0.06%"
"11/10/2023","217.46","215.10","217.61","214.45","3.30M","1.49%"
"11/09/2023","214.27","216.63","216.78","214.06","2.77M","-0.85%"
"11/08/2023","216.11","216.34","216.72","215.00","2.81M","-0.01%"
"11/07/2023","216.14","215.38","216.50","214.90","3.19M","0.30%"
"11/06/2023","215.50","215.83","216.07","214.47","2.92M","0.04%"
"11/03/2023","215.41","214.32","216.20","214.27","4.22M","1.13%"
"11/02/2023","213.01","210.85","213.11","210.85","4.11M","1.99%"
"11/01/2023","208.86","207.14","209.22","206.87","5.79M","1.00%"
"10/31/2023","206.79","205.63","206.99","204.82","3.33M","0.65%"
"10/30/2023","205.46","204.53","205.98","203.76","3.56M","1.15%"
"10/27/2023","203.12","205.00","205.11","202.44","4.29M","-0.54%"
"10/26/2023","204.22","205.92","206.36","203.63","4.13M","-1.04%"
"10/25/2023","206.36","208.45","208.54","206.09","3.45M","-1.48%"
"10/24/2023","209.47","209.07","210.21","208.12","3.18M","0.76%"
"10/23/2023","207.90","207.67","209.97","206.66","5.47M","-0.27%"
"10/20/2023","208.47","210.86","211.05","208.38","4.45M","-1.24%"
"10/19/2023","211.08","213.40","214.35","210.69","4.32M","-0.94%"
"10/18/2023","213.09","215.11","215.63","212.59","3.25M","-1.48%"
"10/17/2023","216.29","214.37","217.38","214.17","3.63M","0.13%"
"10/16/2023","216.01","214.73","216.46","214.56","3.36M","1.16%"
"10/13/2023","213.53","215.53","216.01","212.75","3.27M","-0.56%"
"10/12/2023","214.74","216.63","216.71","213.53","3.24M","-0.80%"
"10/11/2023","216.48","216.20","216.63","214.88","3.03M","0.39%"
"10/10/2023","215.63","214.60","216.95","214.57","3.49M","0.62%"
"10/09/2023","214.30","211.91","214.65","211.76","2.87M","0.63%"
"10/06/2023","212.96","209.06","213.77","208.57","3.67M","1.19%"
"10/05/2023","210.45","210.38","210.86","208.78","2.68M","-0.05%"
"10/04/2023","210.56","209.23","210.89","208.40","3.05M","0.72%"
"10/03/2023","209.05","211.00","211.69","208.33","4.39M","-1.45%"
"10/02/2023","212.13","212.20","212.85","210.74","4.36M","-0.13%"
"09/29/2023","212.41","214.55","214.67","211.79","4.44M","-0.29%"
"09/28/2023","213.03","211.42","213.87","211.14","2.95M","0.66%"
"09/27/2023","211.63","212.12","212.46","209.84","4.41M","0.10%"
"09/26/2023","211.41","213.06","213.43","211.01","4.37M","-1.44%"
"09/25/2023","214.50","213.15","214.50","212.75","3.44M","0.40%"
"09/22/2023","213.64","214.68","215.30","213.40","3.26M","-0.21%"
"09/21/2023","214.09","216.36","216.42","213.98","4.19M","-2.04%"
"09/20/2023","218.54","221.13","221.49","218.45","2.45M","-0.88%"
"09/19/2023","220.49","220.61","220.87","219.17","2.98M","-0.25%"
"09/18/2023","221.05","220.91","221.68","220.55","2.26M","0.01%"
"09/15/2023","221.03","222.89","222.92","220.76","2.64M","-1.18%"
"09/14/2023","223.66","222.85","223.98","222.34","2.00M","0.86%"
"09/13/2023","221.76","221.79","222.30","221.10","1.99M","0.01%"
"09/12/2023","221.73","222.14","222.97","221.45","2.45M","-0.48%"
"09/11/2023","222.81","222.66","223.04","221.95","2.09M","0.63%"
"09/08/2023","221.42","221.21","222.18","220.98","2.24M","0.11%"
"09/07/2023","221.18","220.38","221.50","220.08","2.96M","-0.34%"
"09/06/2023","221.94","222.99","223.18","220.75","2.47M","-0.63%"
"09/05/2023","223.34","224.26","224.64","223.28","2.53M","-0.60%"
"09/01/2023","224.68","225.34","225.78","223.96","3.05M","0.33%"
"08/31/2023","223.94","224.50","225.18","223.88","3.04M","-0.11%"
"08/30/2023","224.18","223.25","224.50","223.05","2.42M","0.44%"
"08/29/2023","223.19","219.94","223.32","219.80","3.16M","1.45%"
"08/28/2023","219.99","219.57","220.32","219.10","2.36M","0.64%"
"08/25/2023","218.59","217.98","219.24","216.05","3.63M","0.68%"
"08/24/2023","217.11","220.70","221.14","217.08","3.10M","-1.34%"
"08/23/2023","220.06","218.08","220.40","218.08","2.56M","1.09%"
"08/22/2023","217.68","219.22","219.22","217.38","2.89M","-0.27%"
"08/21/2023","218.26","217.41","218.68","216.36","2.76M","0.58%"
"08/18/2023","217.01","215.23","217.56","215.03","2.93M","0.12%"
"08/17/2023","216.76","219.28","219.50","216.55","3.14M","-0.82%"
"08/16/2023","218.55","220.13","220.96","218.55","2.93M","-0.83%"
"08/15/2023","220.37","222.00","222.24","220.04","3.00M","-1.14%"
"08/14/2023","222.90","221.32","222.92","221.05","2.44M","0.50%"
"08/11/2023","221.80","221.10","222.41","220.77","2.22M","-0.09%"
"08/10/2023","222.01","223.24","224.88","221.34","3.03M","0.02%"
"08/09/2023","221.97","223.66","223.69","221.56","2.20M","-0.72%"
"08/08/2023","223.57","223.20","223.77","221.70","2.80M","-0.46%"
"08/07/2023","224.61","223.72","224.71","223.22","2.38M","0.77%"
"08/04/2023","222.90","224.74","225.84","222.61","3.02M","-0.42%"
"08/03/2023","223.85","223.48","224.77","222.99","2.93M","-0.29%"
"08/02/2023","224.50","225.99","226.14","224.07","4.24M","-1.42%"
"08/01/2023","227.73","227.65","228.00","227.07","3.06M","-0.27%"
"07/31/2023","228.35","228.12","228.56","227.56","2.66M","0.30%"
"07/28/2023","227.66","227.17","228.03","226.77","2.26M","1.04%"
"07/27/2023","225.31","228.81","228.96","224.83","4.73M","-0.77%"
"07/26/2023","227.06","226.43","227.77","226.05","1.99M","0.07%"
"07/25/2023","226.89","226.02","227.60","226.02","2.08M","0.25%"
"07/24/2023","226.32","226.05","226.71","225.64","2.29M","0.35%"
"07/21/2023","225.52","226.42","226.54","225.46","2.30M","-0.01%"
"07/20/2023","225.54","226.61","227.01","225.14","2.65M","-0.72%"
"07/19/2023","227.18","227.08","227.76","226.68","3.11M","0.26%"
"07/18/2023","226.59","224.70","226.92","224.53","2.95M","0.80%"
"07/17/2023","224.80","223.95","225.36","223.76","2.69M","0.38%"
"07/14/2023","223.95","224.85","224.86","223.50","2.91M","-0.15%"
"07/13/2023","224.28","223.46","224.64","223.13","4.11M","0.85%"
"07/12/2023","222.40","222.57","223.10","221.86","3.03M","0.77%"
"07/11/2023","220.71","219.38","220.93","219.01","2.16M","0.79%"
"07/10/2023","218.99","217.90","219.03","217.80","2.08M","0.44%"
"07/07/2023","218.04","217.91","220.08","217.81","2.77M","-0.12%"
"07/06/2023","218.31","218.54","218.54","216.83","3.40M","-0.89%"
"07/05/2023","220.27","220.08","220.61","219.63","3.34M","-0.30%"
"07/03/2023","220.94","220.28","220.94","220.05","2.42M","0.30%"
"06/30/2023","220.28","219.61","220.86","219.48","3.44M","1.04%"
"06/29/2023","218.02","216.90","218.10","216.66","2.86M","0.48%"
"06/28/2023","216.98","216.48","217.51","215.96","4.36M","0.08%"
"06/27/2023","216.80","214.75","217.11","214.55","2.65M","1.22%"
"06/26/2023","214.19","214.80","215.82","214.14","2.85M","-0.35%"
"06/23/2023","214.94","215.13","215.89","214.58","3.34M","-1.20%"
"06/22/2023","217.56","216.51","217.59","216.17","2.67M","0.27%"
"06/21/2023","216.98","217.82","218.08","216.70","2.71M","-0.55%"
"06/20/2023","218.18","218.38","218.67","217.07","3.16M","-0.49%"
"06/16/2023","219.26","221.42","221.42","219.13","4.76M","-0.38%"
"06/15/2023","220.09","216.99","220.71","216.91","2.90M","1.22%"
"06/14/2023","217.44","217.55","218.53","215.70","4.13M","0.00%"
"06/13/2023","217.44","216.78","217.77","216.46","4.30M","0.74%"
"06/12/2023","215.85","214.50","215.86","214.05","2.48M","0.90%"
"06/09/2023","213.93","214.10","215.08","213.41","2.09M","0.11%"
"06/08/2023","213.70","212.63","213.97","212.09","1.94M","0.47%"
"06/07/2023","212.70","213.34","214.12","212.39","2.27M","-0.20%"
"06/06/2023","213.12","212.00","213.37","211.64","2.23M","0.46%"
"06/05/2023","212.15","212.74","213.36","207.46","2.58M","-0.26%"
"06/02/2023","212.71","210.68","213.09","210.50","3.02M","1.65%"
"06/01/2023","209.25","207.30","209.80","206.65","2.70M","1.00%"
"05/31/2023","207.18","207.49","207.98","206.30","2.33M","-0.60%"
"05/30/2023","208.43","209.63","209.68","207.69","2.77M","0.03%"
"05/26/2023","208.36","206.00","208.72","205.97","2.35M","1.32%"
"05/25/2023","205.65","205.87","206.32","204.53","2.23M","0.68%"
"05/24/2023","204.26","205.00","205.13","203.69","2.08M","-0.77%"
"05/23/2023","205.85","207.30","207.99","205.64","2.39M","-1.06%"
"05/22/2023","208.05","207.68","208.81","207.20","2.23M","0.17%"
"05/19/2023","207.69","208.64","208.84","207.07","2.68M","-0.24%"
"05/18/2023","208.19","206.00","208.37","205.82","2.37M","0.99%"
"05/17/2023","206.14","204.46","206.45","203.65","2.65M","1.30%"
"05/16/2023","203.50","204.41","204.81","203.47","1.88M","-0.78%"
"05/15/2023","205.09","204.17","205.38","203.71","3.24M","0.43%"
"05/12/2023","204.22","205.04","205.28","202.93","2.25M","-0.23%"
"05/11/2023","204.70","204.47","204.70","203.49","2.11M","-0.13%"
"05/10/2023","204.97","205.62","205.94","203.05","2.68M","0.44%"
"05/09/2023","204.07","204.03","204.63","203.80","1.80M","-0.41%"
"05/08/2023","204.91","204.93","205.10","204.12","2.63M","0.11%"
"05/05/2023","204.69","202.85","205.27","202.79","1.94M","1.85%"
"05/04/2023","200.98","201.84","202.02","200.20","2.58M","-0.75%"
"05/03/2023","202.49","203.85","205.49","202.35","2.15M","-0.58%"
"05/02/2023","203.68","205.62","205.90","202.07","2.70M","-1.22%"
"05/01/2023","206.20","206.00","207.18","205.99","2.84M","-0.05%"
"04/28/2023","206.30","204.00","206.30","204.00","2.31M","0.87%"
"04/27/2023","204.52","201.86","204.69","201.83","2.25M","1.88%"
"04/26/2023","200.75","202.16","202.51","200.41","2.76M","-0.45%"
"04/25/2023","201.66","204.02","204.23","201.62","2.61M","-1.67%"
"04/24/2023","205.08","204.90","205.44","204.10","3.70M","0.04%"
"04/21/2023","205.00","204.96","205.24","203.92","2.34M","0.09%"
"04/20/2023","204.82","204.46","205.77","204.07","2.56M","-0.62%"
"04/19/2023","206.10","205.03","206.48","204.97","2.53M","0.05%"
"04/18/2023","206.00","206.68","206.83","205.30","2.78M","0.05%"
"04/17/2023","205.90","205.03","205.91","204.45","2.78M","0.40%"
"04/14/2023","205.08","205.33","206.50","203.81","4.14M","-0.28%"
"04/13/2023","205.65","203.53","205.80","203.34","2.20M","1.30%"
"04/12/2023","203.01","205.00","205.26","202.71","2.43M","-0.42%"
"04/11/2023","203.87","203.87","204.64","203.40","3.39M","0.10%"
"04/10/2023","203.66","202.00","203.68","201.65","2.55M","0.23%"
"04/06/2023","203.20","202.24","203.34","201.45","1.99M","0.33%"
"04/05/2023","202.53","202.69","203.16","201.58","3.12M","-0.36%"
"04/04/2023","203.27","205.00","205.06","202.53","2.88M","-0.67%"
"04/03/2023","204.64","203.72","204.99","203.33","3.07M","0.26%"
"03/31/2023","204.10","201.57","204.19","201.57","2.99M","1.51%"
"03/30/2023","201.07","201.27","201.59","200.12","2.26M","0.54%"
"03/29/2023","199.99","199.09","200.09","198.61","3.49M","1.44%"
"03/28/2023","197.15","197.20","197.65","196.14","3.68M","-0.14%"
"03/27/2023","197.43","198.27","198.60","196.92","2.43M","0.25%"
"03/24/2023","196.93","194.88","196.97","193.65","2.32M","0.63%"
"03/23/2023","195.70","196.85","198.95","194.25","2.63M","-0.22%"
"03/22/2023","196.13","199.85","201.40","196.12","2.19M","-1.79%"
"03/21/2023","199.70","198.76","200.05","198.23","2.42M","1.43%"
"03/20/2023","196.89","195.75","197.38","195.29","2.90M","0.87%"
"03/17/2023","195.19","197.25","197.43","194.38","2.90M","-1.29%"
"03/16/2023","197.74","193.33","197.91","192.80","3.23M","1.73%"
"03/15/2023","194.38","192.63","194.40","191.53","3.86M","-0.77%"
"03/14/2023","195.89","195.50","196.95","193.57","4.47M","1.78%"
"03/13/2023","192.46","190.90","195.16","190.18","6.25M","-0.41%"
"03/10/2023","193.26","196.25","197.00","192.26","6.31M","-1.68%"
"03/09/2023","196.57","200.80","201.75","196.12","2.97M","-1.97%"
"03/08/2023","200.53","200.40","201.00","199.40","1.99M","0.13%"
"03/07/2023","200.27","203.10","203.47","199.95","3.35M","-1.49%"
"03/06/2023","203.30","203.86","204.98","203.03","3.81M","-0.13%"
"03/03/2023","203.57","201.08","203.70","200.91","2.48M","1.63%"
"03/02/2023","200.31","197.99","200.80","197.49","3.37M","0.15%"
"03/01/2023","200.00","199.38","200.00","198.20","4.18M","0.24%"
"02/28/2023","199.52","200.25","201.08","199.52","2.30M","-0.33%"
"02/27/2023","200.19","201.31","202.03","199.72","2.85M","0.36%"
"02/24/2023","199.48","199.29","199.93","198.16","3.02M","-1.12%"
"02/23/2023","201.73","202.09","202.46","199.38","3.44M","0.53%"
"02/22/2023","200.66","201.00","201.96","199.93","3.01M","-0.08%"
"02/21/2023","200.83","203.15","203.50","200.65","3.11M","-2.07%"
"02/17/2023","205.08","204.77","205.23","203.53","2.32M","-0.29%"
"02/16/2023","205.68","205.97","208.02","205.54","2.46M","-1.33%"
"02/15/2023","208.46","206.46","208.50","206.04","2.00M","0.45%"
"02/14/2023","207.53","206.65","208.66","205.31","2.74M","0.04%"
"02/13/2023","207.45","205.41","207.50","204.99","3.47M","1.19%"
"02/10/2023","205.01","204.02","205.18","203.47","2.16M","0.18%"
"02/09/2023","204.64","208.46","208.61","204.10","2.71M","-0.97%"
"02/08/2023","206.65","207.91","208.71","206.26","2.95M","-1.07%"
"02/07/2023","208.88","206.00","209.56","205.03","3.03M","1.26%"
"02/06/2023","206.28","206.41","207.07","205.50","2.84M","-0.75%"
"02/03/2023","207.84","207.51","210.18","207.04","2.85M","-1.03%"
"02/02/2023","210.01","209.00","210.88","208.10","3.73M","1.49%"
"02/01/2023","206.92","203.91","208.32","202.51","4.39M","1.22%"
"01/31/2023","204.43","201.65","204.49","201.45","4.83M","1.60%"
"01/30/2023","201.21","202.28","203.61","201.09","2.99M","-1.34%"
"01/27/2023","203.94","202.60","205.05","202.57","4.52M","0.40%"
"01/26/2023","203.12","202.35","203.28","200.85","2.81M","1.03%"
"01/25/2023","201.05","198.95","201.20","197.59","2.80M","0.05%"
"01/24/2023","200.95","200.40","201.46","199.74","2.68M","-0.16%"
"01/23/2023","201.28","199.20","202.16","198.70","3.44M","1.27%"
"01/20/2023","198.76","195.85","198.81","194.93","2.43M","1.92%"
"01/19/2023","195.02","195.41","196.24","194.32","2.28M","-0.81%"
"01/18/2023","196.62","200.40","201.09","196.56","3.89M","-1.58%"
"01/17/2023","199.77","200.04","200.88","199.34","5.43M","-0.13%"
"01/13/2023","200.04","197.62","200.27","197.30","2.80M","0.43%"
"01/12/2023","199.19","198.79","199.80","196.63","3.55M","0.48%"
"01/11/2023","198.23","196.55","198.25","196.15","3.44M","1.32%"
"01/10/2023","195.65","193.65","195.65","193.29","2.96M","0.79%"
"01/09/2023","194.12","195.46","196.89","194.01","3.89M","0.04%"
"01/06/2023","194.04","191.12","194.64","189.85","3.18M","2.21%"
"01/05/2023","189.85","191.22","191.27","189.46","4.15M","-1.17%"
"01/04/2023","192.10","191.51","193.06","190.14","3.85M","0.89%"
"01/03/2023","190.41","192.38","193.36","188.93","4.09M","-0.41%"
"12/30/2022","191.19","190.18","191.27","189.28","5.98M","-0.26%"
"12/29/2022","191.68","189.49","192.16","189.37","5.43M","1.84%"
"12/28/2022","188.22","190.65","191.50","188.06","5.71M","-1.26%"
"12/27/2022","190.62","191.39","191.52","189.75","6.04M","-0.42%"
"12/23/2022","191.42","190.00","191.44","189.01","4.21M","0.55%"
"12/22/2022","190.37","191.61","191.68","187.38","5.15M","-1.89%"
"12/21/2022","194.04","192.47","194.65","192.20","4.97M","1.51%"
"12/20/2022","191.15","190.42","191.97","189.73","5.64M","0.21%"
"12/19/2022","190.75","192.80","192.92","189.95","6.43M","-1.01%"
"12/16/2022","192.69","193.51","194.22","191.42","4.76M","-1.14%"
"12/15/2022","194.92","197.21","197.71","194.07","5.54M","-2.49%"
"12/14/2022","199.90","200.92","202.72","198.27","3.33M","-0.56%"
"12/13/2022","201.02","205.63","205.63","199.62","4.19M","0.75%"
"12/12/2022","199.53","197.00","199.53","196.70","3.93M","1.44%"
"12/09/2022","196.70","197.53","198.83","196.62","3.78M","-0.84%"
"12/08/2022","198.36","197.55","198.92","196.82","3.98M","0.86%"
"12/07/2022","196.66","196.45","197.97","196.02","3.44M","-0.16%"
"12/06/2022","196.98","199.91","200.05","195.84","3.90M","-1.50%"
"12/05/2022","199.98","202.51","202.96","199.25","3.84M","-1.97%"
"12/02/2022","203.99","201.55","204.48","201.20","2.92M","-0.09%"
"12/01/2022","204.18","204.83","205.47","202.79","4.35M","0.06%"
"11/30/2022","204.06","198.14","204.10","197.04","4.20M","3.08%"
"11/29/2022","197.96","198.49","199.06","197.10","2.64M","-0.16%"
"11/28/2022","198.27","199.93","200.76","197.80","3.37M","-1.62%"
"11/25/2022","201.54","201.22","201.83","201.03","1.29M","0.07%"
"11/23/2022","201.39","200.00","201.76","199.83","2.69M","0.61%"
"11/22/2022","200.17","198.13","200.29","197.79","3.39M","1.31%"
"11/21/2022","197.58","197.72","198.21","196.65","2.96M","-0.42%"
"11/18/2022","198.42","199.08","199.41","196.90","3.04M","0.47%"
"11/17/2022","197.49","195.67","197.90","195.45","3.71M","-0.42%"
"11/16/2022","198.32","199.45","199.72","198.03","2.90M","-1.02%"
"11/15/2022","200.36","201.50","202.14","198.34","4.61M","1.01%"
"11/14/2022","198.35","199.26","200.92","198.21","4.25M","-0.90%"
"11/11/2022","200.16","198.58","200.70","197.82","4.55M","1.02%"
"11/10/2022","198.14","194.35","198.31","193.65","3.98M","5.66%"
"11/09/2022","187.53","190.46","191.04","187.21","13.96M","-2.15%"
"11/08/2022","191.66","191.25","193.31","189.42","4.85M","0.52%"
"11/07/2022","190.66","189.59","190.97","188.47","3.42M","0.91%"
"11/04/2022","188.94","189.32","190.30","185.75","3.59M","1.29%"
"11/03/2022","186.54","186.50","188.09","185.13","3.94M","-0.96%"
"11/02/2022","188.34","193.07","195.27","188.29","4.69M","-2.63%"
"11/01/2022","193.43","196.00","196.44","192.76","9.87M","-0.31%"
"10/31/2022","194.03","193.99","195.17","193.51","5.05M","-0.65%"
"10/28/2022","195.29","190.84","195.53","190.74","3.18M","2.33%"
"10/27/2022","190.85","192.46","193.47","190.61","3.56M","-0.47%"
"10/26/2022","191.75","191.26","194.64","191.26","4.09M","-0.62%"
"10/25/2022","192.94","189.57","193.16","189.53","3.29M","1.81%"
"10/24/2022","189.51","188.38","190.12","186.69","4.53M","1.08%"
"10/21/2022","187.49","182.99","187.78","182.29","3.38M","2.30%"
"10/20/2022","183.27","184.54","186.99","182.81","2.64M","-0.87%"
"10/19/2022","184.87","185.25","186.64","183.34","2.59M","-0.85%"
"10/18/2022","186.46","188.14","188.70","184.71","3.91M","1.22%"
"10/17/2022","184.21","182.76","184.81","182.58","4.03M","2.67%"
"10/14/2022","179.42","185.09","185.99","179.14","3.80M","-2.36%"
"10/13/2022","183.75","176.37","184.55","174.84","5.63M","2.48%"
"10/12/2022","179.30","180.17","180.73","178.95","5.02M","-0.27%"
"10/11/2022","179.79","180.03","182.47","178.52","4.42M","-0.64%"
"10/10/2022","180.95","182.90","183.20","179.69","4.30M","-0.79%"
"10/07/2022","182.40","185.69","185.83","181.46","4.78M","-2.86%"
"10/06/2022","187.77","188.88","190.46","187.44","3.78M","-0.95%"
"10/05/2022","189.58","187.91","190.69","186.36","4.55M","-0.19%"
"10/04/2022","189.94","187.19","190.07","187.14","6.21M","3.21%"
"10/03/2022","184.03","181.52","185.02","180.23","7.32M","2.54%"
"09/30/2022","179.47","181.56","183.71","179.28","8.43M","-1.36%"
"09/29/2022","181.94","184.24","184.31","180.31","8.24M","-2.08%"
"09/28/2022","185.80","182.55","186.70","181.70","6.93M","2.10%"
"09/27/2022","181.97","184.21","185.40","180.67","6.91M","-0.15%"
"09/26/2022","182.24","183.50","185.48","181.62","6.60M","-1.10%"
"09/23/2022","184.26","185.53","185.87","181.82","8.25M","-2.14%"
"09/22/2022","188.29","190.11","190.51","187.97","5.28M","-1.12%"
"09/21/2022","190.42","194.64","196.41","190.40","3.06M","-1.71%"
"09/20/2022","193.73","194.43","194.75","192.29","3.24M","-1.16%"
"09/19/2022","196.01","192.90","196.08","192.86","3.35M","0.71%"
"09/16/2022","194.63","194.47","194.86","192.82","4.97M","-0.91%"
"09/15/2022","196.42","197.86","199.37","195.69","2.49M","-1.07%"
"09/14/2022","198.54","198.42","199.20","196.75","2.79M","0.39%"
"09/13/2022","197.77","201.97","202.55","197.15","5.19M","-4.30%"
"09/12/2022","206.65","205.53","206.99","205.32","2.74M","1.08%"
"09/09/2022","204.45","202.38","204.85","202.32","2.95M","1.66%"
"09/08/2022","201.11","198.34","201.18","197.71","2.97M","0.79%"
"09/07/2022","199.53","195.73","199.94","195.64","3.03M","1.85%"
"09/06/2022","195.91","197.47","197.67","194.73","5.38M","-0.41%"
"09/02/2022","196.71","200.65","201.36","195.83","3.81M","-0.99%"
"09/01/2022","198.68","197.40","198.89","195.52","4.56M","0.06%"
"08/31/2022","198.56","200.95","201.56","198.50","2.91M","-0.73%"
"08/30/2022","200.03","202.94","203.13","198.90","4.80M","-1.11%"
"08/29/2022","202.28","202.20","203.95","201.62","3.53M","-0.73%"
"08/26/2022","203.77","210.86","210.92","203.70","3.55M","-3.31%"
"08/25/2022","210.75","208.60","210.82","208.13","1.87M","1.45%"
"08/24/2022","207.74","206.84","208.52","206.43","1.79M","0.42%"
"08/23/2022","206.87","207.36","208.58","206.65","2.86M","-0.19%"
"08/22/2022","207.26","209.08","209.44","206.82","3.14M","-2.14%"
"08/19/2022","211.79","213.36","213.47","211.23","2.55M","-1.43%"
"08/18/2022","214.86","214.33","215.28","213.70","1.64M","0.26%"
"08/17/2022","214.30","214.39","215.78","213.16","4.01M","-0.90%"
"08/16/2022","216.24","215.41","217.20","214.59","2.84M","0.21%"
"08/15/2022","215.78","213.84","216.08","213.69","4.48M","0.39%"
"08/12/2022","214.94","212.43","214.99","211.87","2.37M","1.73%"
"08/11/2022","211.28","212.82","214.04","210.92","2.83M","0.00%"
"08/10/2022","211.27","210.29","211.42","209.54","2.88M","2.28%"
"08/09/2022","206.56","207.44","207.57","205.97","1.83M","-0.63%"
"08/08/2022","207.87","208.62","210.17","207.27","3.02M","0.09%"
"08/05/2022","207.68","205.69","208.08","205.50","2.76M","-0.03%"
"08/04/2022","207.75","207.94","208.25","206.91","2.26M","-0.10%"
"08/03/2022","207.95","205.92","208.53","205.74","2.83M","1.61%"
"08/02/2022","204.66","205.00","207.04","203.88","3.02M","-0.54%"
"08/01/2022","205.77","204.97","207.04","204.29","3.53M","-0.23%"
"07/29/2022","206.25","204.17","206.78","203.60","3.34M","1.36%"
"07/28/2022","203.48","201.02","203.73","199.33","2.67M","1.30%"
"07/27/2022","200.86","197.51","201.72","197.31","2.90M","2.63%"
"07/26/2022","195.72","197.29","197.32","195.28","2.92M","-1.24%"
"07/25/2022","198.17","198.34","198.60","196.99","3.00M","0.14%"
"07/22/2022","197.90","200.00","200.80","196.73","2.72M","-1.08%"
"07/21/2022","200.07","197.63","200.07","196.46","2.93M","0.99%"
"07/20/2022","198.11","196.43","198.75","195.99","3.33M","0.81%"
"07/19/2022","196.52","193.27","196.72","192.99","3.29M","2.79%"
"07/18/2022","191.18","194.29","194.77","190.54","3.97M","-0.69%"
"07/15/2022","192.51","191.19","192.55","189.98","2.91M","1.94%"
"07/14/2022","188.84","187.28","189.19","185.58","3.36M","-0.44%"
"07/13/2022","189.68","187.79","191.09","187.39","3.32M","-0.44%"
"07/12/2022","190.51","192.00","193.24","189.60","2.64M","-0.86%"
"07/11/2022","192.17","193.38","193.75","191.81","3.03M","-1.26%"
"07/08/2022","194.63","194.06","195.70","193.01","2.80M","-0.10%"
"07/07/2022","194.83","192.63","195.22","192.59","2.92M","1.65%"
"07/06/2022","191.67","191.29","192.90","189.88","2.98M","0.20%"
"07/05/2022","191.29","188.36","191.31","186.36","3.99M","0.36%"
"07/01/2022","190.61","188.19","190.87","186.90","3.22M","1.06%"
"06/30/2022","188.62","188.00","190.31","186.13","4.25M","-0.86%"
"06/29/2022","190.26","190.79","191.18","189.18","4.16M","-0.17%"
"06/28/2022","190.58","195.44","196.85","190.56","6.02M","-2.06%"
"06/27/2022","194.59","195.63","196.01","193.90","5.95M","-0.31%"
"06/24/2022","195.19","190.92","195.22","190.59","3.86M","3.23%"
"06/23/2022","189.08","188.13","189.57","186.46","6.68M","0.50%"
"06/22/2022","188.13","185.91","189.95","185.62","7.32M","-0.02%"
"06/21/2022","188.16","186.69","189.03","186.69","6.10M","2.42%"
"06/17/2022","183.71","183.26","185.41","181.80","5.25M","0.38%"
"06/16/2022","183.02","185.38","185.68","181.67","8.23M","-3.49%"
"06/15/2022","189.64","188.61","192.13","186.18","5.01M","1.46%"
"06/14/2022","186.92","188.51","189.05","185.27","7.05M","-0.28%"
"06/13/2022","187.45","190.65","191.18","186.68","10.47M","-4.08%"
"06/10/2022","195.43","198.39","198.39","195.36","5.70M","-2.97%"
"06/09/2022","201.41","205.42","206.33","201.38","3.06M","-2.39%"
"06/08/2022","206.35","207.93","208.70","205.91","2.19M","-1.12%"
"06/07/2022","208.69","204.63","208.88","204.35","3.35M","1.09%"
"06/06/2022","206.45","208.12","208.78","205.91","2.75M","0.30%"
"06/03/2022","205.84","206.68","207.60","205.30","2.69M","-1.60%"
"06/02/2022","209.18","205.00","209.20","204.00","2.98M","2.04%"
"06/01/2022","205.00","207.67","208.31","203.46","3.09M","-0.66%"
"05/31/2022","206.36","207.17","208.35","205.19","4.10M","-0.82%"
"05/27/2022","208.07","204.27","208.09","204.18","4.38M","2.53%"
"05/26/2022","202.93","199.40","203.80","199.37","4.22M","2.05%"
"05/25/2022","198.86","195.95","199.86","195.78","4.92M","1.11%"
"05/24/2022","196.67","196.57","197.30","193.32","4.79M","-1.00%"
"05/23/2022","198.66","196.65","199.15","195.46","5.02M","1.71%"
"05/20/2022","195.32","197.04","197.54","190.66","5.15M","0.00%"
"05/19/2022","195.32","194.49","197.66","193.88","5.71M","-0.44%"
"05/18/2022","196.19","201.82","202.02","195.44","4.71M","-3.91%"
"05/17/2022","204.18","203.38","204.26","201.16","3.95M","2.14%"
"05/16/2022","199.91","200.39","201.86","198.86","4.48M","-0.49%"
"05/13/2022","200.90","197.91","201.75","197.74","4.54M","2.68%"
"05/12/2022","195.66","194.06","197.59","192.12","7.96M","0.11%"
"05/11/2022","195.45","198.59","201.63","195.15","6.37M","-1.81%"
"05/10/2022","199.05","201.89","202.71","196.55","7.60M","0.20%"
"05/09/2022","198.65","203.00","203.38","197.86","9.55M","-3.54%"
"05/06/2022","205.95","206.42","207.82","203.11","5.19M","-0.80%"
"05/05/2022","207.62","213.29","213.39","205.46","5.19M","-3.69%"
"05/04/2022","215.57","209.72","215.91","207.69","3.87M","2.93%"
"05/03/2022","209.43","208.49","210.61","207.88","3.90M","0.47%"
"05/02/2022","208.44","207.15","209.13","203.71","10.63M","0.75%"
"04/29/2022","206.88","212.90","214.31","206.71","7.33M","-3.67%"
"04/28/2022","214.77","211.88","215.75","209.45","3.77M","2.44%"
"04/27/2022","209.66","209.85","212.40","208.55","4.96M","0.20%"
"04/26/2022","209.25","214.26","214.41","209.25","6.89M","-2.85%"
"04/25/2022","215.39","213.07","215.70","210.79","9.27M","0.55%"
"04/22/2022","214.22","219.73","219.73","214.02","6.36M","-2.72%"
"04/21/2022","220.22","225.70","226.68","219.70","3.17M","-1.63%"
"04/20/2022","223.88","225.00","225.52","223.40","2.93M","-0.13%"
"04/19/2022","224.17","220.23","224.60","220.23","2.63M","1.76%"
"04/18/2022","220.29","220.41","221.29","219.15","3.67M","-0.17%"
"04/14/2022","220.67","223.58","224.21","220.61","2.47M","-1.22%"
"04/13/2022","223.39","220.51","223.78","220.27","2.40M","1.31%"
"04/12/2022","220.50","222.86","224.50","219.74","3.16M","-0.31%"
"04/11/2022","221.18","223.17","223.57","221.00","2.94M","-1.56%"
"04/08/2022","224.69","224.98","226.35","223.91","2.95M","-0.31%"
"04/07/2022","225.39","224.20","226.44","222.64","4.35M","0.38%"
"04/06/2022","224.54","225.03","225.84","222.94","4.12M","-1.15%"
"04/05/2022","227.15","229.89","230.88","226.58","3.27M","-1.46%"
"04/04/2022","230.52","228.86","230.54","228.38","3.24M","0.85%"
"04/01/2022","228.58","228.66","228.75","226.63","3.46M","0.40%"
"03/31/2022","227.67","230.68","231.32","227.61","4.09M","-1.51%"
"03/30/2022","231.16","232.39","232.81","230.03","3.44M","-0.81%"
"03/29/2022","233.05","231.42","233.36","230.45","4.47M","1.52%"
"03/28/2022","229.57","228.03","229.57","226.48","6.80M","0.65%"
"03/25/2022","228.09","227.57","228.25","225.90","3.85M","0.43%"
"03/24/2022","227.12","225.01","227.19","224.33","2.38M","1.42%"
"03/23/2022","223.93","225.73","226.50","223.93","2.70M","-1.67%"
"03/22/2022","227.73","225.78","228.15","225.59","3.27M","1.23%"
"03/21/2022","224.97","225.44","226.20","223.06","2.80M","-0.09%"
"03/18/2022","225.18","221.99","225.45","221.43","3.43M","1.17%"
"03/17/2022","222.58","218.53","222.60","218.28","6.57M","1.34%"
"03/16/2022","219.64","216.36","219.64","213.99","4.86M","2.50%"
"03/15/2022","214.28","211.00","214.64","210.50","6.49M","2.09%"
"03/14/2022","209.90","212.28","213.81","209.27","6.28M","-0.99%"
"03/11/2022","211.99","216.32","216.54","211.70","5.51M","-1.36%"
"03/10/2022","214.91","213.77","215.35","212.30","5.27M","-0.45%"
"03/09/2022","215.88","214.67","216.91","213.57","4.56M","2.78%"
"03/08/2022","210.05","211.07","215.49","209.28","6.13M","-0.56%"
"03/07/2022","211.24","217.68","217.92","211.22","7.95M","-3.08%"
"03/04/2022","217.96","218.21","218.61","215.85","4.54M","-1.00%"
"03/03/2022","220.16","222.54","223.09","219.19","4.16M","-0.76%"
"03/02/2022","221.85","219.00","222.61","218.42","3.88M","1.90%"
"03/01/2022","217.72","220.62","221.49","216.33","4.76M","-1.56%"
"02/28/2022","221.17","219.25","222.06","218.25","4.22M","-0.11%"
"02/25/2022","221.41","217.28","221.44","216.16","4.62M","2.23%"
"02/24/2022","216.59","207.64","216.85","207.00","10.47M","1.75%"
"02/23/2022","212.86","218.57","218.82","212.57","7.68M","-1.84%"
"02/22/2022","216.85","218.11","220.08","215.06","7.75M","-1.15%"
"02/18/2022","219.37","221.14","221.99","218.21","7.01M","-0.80%"
"02/17/2022","221.14","224.41","224.70","220.72","5.78M","-2.27%"
"02/16/2022","226.28","225.00","226.88","223.81","4.81M","0.09%"
"02/15/2022","226.07","224.58","226.17","224.40","4.41M","1.78%"
"02/14/2022","222.12","222.52","223.55","220.30","4.40M","-0.37%"
"02/11/2022","222.94","227.38","228.50","222.01","4.84M","-1.94%"
"02/10/2022","227.35","228.16","231.81","226.14","3.51M","-1.69%"
"02/09/2022","231.27","229.86","231.30","229.59","3.70M","1.63%"
"02/08/2022","227.57","225.27","228.05","224.48","3.08M","0.92%"
"02/07/2022","225.50","226.48","227.38","224.84","2.76M","-0.25%"
"02/04/2022","226.07","224.83","227.99","223.32","3.59M","0.66%"
"02/03/2022","224.58","226.81","227.93","224.13","4.22M","-2.38%"
"02/02/2022","230.05","229.89","230.44","227.99","4.05M","0.66%"
"02/01/2022","228.54","227.94","228.93","225.14","4.70M","0.76%"
"01/31/2022","226.81","222.09","226.95","221.22","5.31M","2.13%"
"01/28/2022","222.09","217.50","222.17","214.93","4.96M","2.46%"
"01/27/2022","216.75","220.81","222.40","215.90","5.79M","-0.74%"
"01/26/2022","218.37","222.72","224.16","216.05","7.10M","-0.39%"
"01/25/2022","219.22","219.10","222.01","215.64","6.60M","-1.40%"
"01/24/2022","222.33","217.99","222.57","212.10","22.01M","0.64%"
"01/21/2022","220.91","224.62","226.09","220.82","8.58M","-1.98%"
"01/20/2022","225.37","229.13","231.91","225.14","5.18M","-1.17%"
"01/19/2022","228.03","231.22","232.16","227.90","4.87M","-1.05%"
"01/18/2022","230.45","232.50","232.70","229.94","6.51M","-1.94%"
"01/14/2022","235.02","233.50","235.13","232.31","3.83M","0.04%"
"01/13/2022","234.93","239.18","239.40","234.48","4.05M","-1.46%"
"01/12/2022","238.42","239.04","239.85","237.31","4.03M","0.16%"
"01/11/2022","238.05","235.71","238.11","234.09","3.52M","1.00%"
"01/10/2022","235.70","234.21","235.84","230.97","5.82M","-0.17%"
"01/07/2022","236.11","237.19","238.07","235.32","3.58M","-0.46%"
"01/06/2022","237.19","237.20","238.77","235.54","4.52M","-0.03%"
"01/05/2022","237.25","242.08","242.66","237.20","4.88M","-2.17%"
"01/04/2022","242.51","243.73","244.06","241.35","4.22M","-0.19%"
"01/03/2022","242.97","242.42","242.97","240.86","4.20M","0.63%"
"12/31/2021","241.44","242.09","242.69","241.44","3.50M","-0.32%"
"12/30/2021","242.21","243.11","243.69","242.00","4.50M","-0.16%"
"12/29/2021","242.60","242.55","243.16","241.71","3.04M","0.06%"
"12/28/2021","242.46","243.06","243.78","242.04","3.96M","-0.21%"
"12/27/2021","242.96","240.48","242.96","240.34","4.40M","0.95%"
"12/23/2021","240.67","239.87","241.35","239.50","2.93M","0.69%"
"12/22/2021","239.02","236.63","239.10","236.55","3.20M","0.99%"
"12/21/2021","236.68","234.19","236.84","233.22","4.16M","1.96%"
"12/20/2021","232.13","232.10","232.35","230.07","5.84M","-1.41%"
"12/17/2021","235.44","235.00","237.16","233.34","4.45M","-0.46%"
"12/16/2021","236.52","240.29","240.49","235.66","3.88M","-1.12%"
"12/15/2021","239.20","235.56","239.25","233.85","3.72M","1.54%"
"12/14/2021","235.57","235.45","236.86","234.05","3.36M","-0.75%"
"12/13/2021","237.35","239.50","239.60","237.13","5.84M","-0.91%"
"12/10/2021","239.53","239.42","239.87","237.57","2.61M","0.68%"
"12/09/2021","237.91","239.52","239.90","237.78","2.85M","-0.95%"
"12/08/2021","240.20","239.57","240.38","238.64","3.42M","0.43%"
"12/07/2021","239.17","237.56","239.70","237.34","4.28M","2.14%"
"12/06/2021","234.16","232.61","235.18","230.95","4.21M","1.28%"
"12/03/2021","231.19","234.83","235.27","229.02","5.82M","-1.16%"
"12/02/2021","233.90","230.21","234.68","230.09","4.26M","1.62%"
"12/01/2021","230.16","236.41","237.87","229.88","5.28M","-1.41%"
"11/30/2021","233.45","236.99","237.73","233.10","7.23M","-2.00%"
"11/29/2021","238.21","238.48","239.28","236.52","4.79M","0.94%"
"11/26/2021","235.99","237.24","238.10","234.94","5.73M","-2.16%"
"11/24/2021","241.21","239.14","241.21","238.63","2.20M","0.34%"
"11/23/2021","240.40","240.10","241.10","238.24","3.83M","0.03%"
"11/22/2021","240.32","242.34","243.60","240.25","3.90M","-0.48%"
"11/19/2021","241.48","242.09","242.62","241.33","3.35M","-0.28%"
"11/18/2021","242.17","242.30","242.44","240.52","3.51M","0.16%"
"11/17/2021","241.79","242.60","242.60","241.43","2.81M","-0.41%"
"11/16/2021","242.79","241.66","243.33","241.41","2.95M","0.43%"
"11/15/2021","241.75","242.44","242.67","241.14","3.63M","0.00%"
"11/12/2021","241.75","240.64","242.04","240.21","2.42M","0.74%"
"11/11/2021","239.97","240.67","240.76","239.96","2.28M","0.12%"
"11/10/2021","239.68","241.14","241.96","238.73","3.36M","-0.98%"
"11/09/2021","242.06","243.04","243.14","241.19","2.76M","-0.29%"
"11/08/2021","242.76","243.17","243.56","242.43","3.40M","0.17%"
"11/05/2021","242.36","242.75","243.51","241.39","3.92M","0.39%"
"11/04/2021","241.43","241.03","241.80","240.53","3.56M","0.38%"
"11/03/2021","240.52","238.69","240.73","238.29","3.70M","0.71%"
"11/02/2021","238.83","238.32","238.93","237.91","4.01M","0.31%"
"11/01/2021","238.09","237.75","238.12","236.72","3.97M","0.50%"
"10/29/2021","236.91","235.48","237.13","235.37","3.57M","0.13%"
"10/28/2021","236.60","234.94","236.60","234.78","2.10M","1.07%"
"10/27/2021","234.10","236.05","236.08","233.99","3.41M","-0.68%"
"10/26/2021","235.71","236.65","237.19","235.46","2.76M","-0.04%"
"10/25/2021","235.80","235.07","235.96","234.10","2.17M","0.61%"
"10/22/2021","234.36","234.60","235.31","233.31","2.14M","-0.19%"
"10/21/2021","234.81","233.91","234.95","233.67","2.84M","0.27%"
"10/20/2021","234.17","233.55","234.35","233.39","2.84M","0.39%"
"10/19/2021","233.26","232.50","233.28","232.11","2.68M","0.73%"
"10/18/2021","231.57","230.07","231.66","229.45","3.08M","0.36%"
"10/15/2021","230.73","230.69","231.16","230.27","2.72M","0.59%"
"10/14/2021","229.37","227.71","229.43","227.50","2.69M","1.66%"
"10/13/2021","225.62","225.17","226.03","223.65","3.18M","0.45%"
"10/12/2021","224.60","225.31","225.70","224.16","2.90M","-0.07%"
"10/11/2021","224.76","226.07","227.59","224.68","2.35M","-0.72%"
"10/08/2021","226.39","227.40","227.55","226.02","1.92M","-0.22%"
"10/07/2021","226.89","226.50","228.36","226.11","3.08M","0.96%"
"10/06/2021","224.73","221.89","224.81","220.98","3.08M","0.42%"
"10/05/2021","223.80","222.43","224.99","222.10","3.57M","0.93%"
"10/04/2021","221.73","224.24","224.40","220.54","4.98M","-1.51%"
"10/01/2021","225.12","223.10","225.63","221.02","5.15M","1.38%"
"09/30/2021","222.06","225.35","228.40","221.94","5.08M","-1.08%"
"09/29/2021","224.49","225.22","225.99","224.28","4.59M","0.07%"
"09/28/2021","224.34","227.65","227.79","224.05","5.08M","-2.09%"
"09/27/2021","229.14","229.16","229.87","228.51","2.86M","-0.22%"
"09/24/2021","229.64","228.55","229.94","228.19","3.12M","-0.20%"
"09/23/2021","230.09","228.44","230.94","228.05","3.78M","1.22%"
"09/22/2021","227.32","226.33","228.43","225.83","4.19M","1.01%"
"09/21/2021","225.05","226.51","227.03","224.46","4.56M","-0.01%"
"09/20/2021","225.07","225.51","226.31","222.31","7.75M","-1.73%"
"09/17/2021","229.04","230.54","230.83","228.65","3.08M","-0.80%"
"09/16/2021","230.89","230.94","231.52","229.30","2.54M","-0.09%"
"09/15/2021","231.10","229.42","231.34","228.72","2.60M","0.82%"
"09/14/2021","229.21","231.41","231.49","228.62","3.16M","-0.60%"
"09/13/2021","230.60","231.51","231.74","229.33","3.31M","0.23%"
"09/10/2021","230.08","233.03","233.19","229.96","3.39M","-0.79%"
"09/09/2021","231.92","232.67","233.65","231.75","3.27M","-0.35%"
"09/08/2021","232.73","233.01","233.26","231.59","3.03M","-0.24%"
"09/07/2021","233.28","234.29","234.30","233.02","3.26M","-0.43%"
"09/03/2021","234.29","234.00","234.50","233.63","2.48M","-0.03%"
"09/02/2021","234.37","234.31","234.65","233.68","3.28M","0.34%"
"09/01/2021","233.58","233.82","234.21","233.25","3.53M","0.18%"
"08/31/2021","233.17","233.56","233.63","232.77","3.10M","-0.19%"
"08/30/2021","233.61","233.22","233.97","232.80","3.19M","0.38%"
"08/27/2021","232.73","230.80","232.94","230.67","3.75M","1.08%"
"08/26/2021","230.25","231.62","231.79","230.16","3.35M","-0.67%"
"08/25/2021","231.80","231.39","232.02","230.98","2.90M","0.29%"
"08/24/2021","231.14","230.86","231.41","230.67","2.77M","0.36%"
"08/23/2021","230.32","229.07","230.74","228.78","3.18M","0.97%"
"08/20/2021","228.11","226.32","228.19","226.02","2.66M","0.90%"
"08/19/2021","226.08","224.72","226.82","224.40","3.96M","-0.08%"
"08/18/2021","226.25","228.11","228.82","226.06","3.19M","-1.00%"
"08/17/2021","228.53","228.72","229.04","226.78","3.74M","-0.74%"
"08/16/2021","230.24","229.48","230.25","228.28","3.20M","0.04%"
"08/13/2021","230.15","230.23","230.25","229.76","2.52M","0.06%"
"08/12/2021","230.02","229.35","230.02","228.77","2.75M","0.28%"
"08/11/2021","229.38","229.44","229.49","228.41","3.05M","0.20%"
"08/10/2021","228.93","229.00","229.31","228.51","2.95M","0.07%"
"08/09/2021","228.78","228.86","229.04","228.02","3.30M","-0.04%"
"08/08/2021","228.87","228.87","228.87","228.87","","0.00%"
"08/07/2021","228.87","228.87","228.87","228.87","","0.00%"
"08/06/2021","228.87","228.93","229.31","228.39","2.34M","0.12%"
"08/05/2021","228.59","227.52","228.59","227.24","2.46M","0.71%"
"08/04/2021","226.97","227.19","227.69","226.75","3.37M","-0.45%"
"08/03/2021","227.99","226.83","228.00","225.28","3.25M","0.72%"
"08/02/2021","226.37","227.85","228.10","226.19","3.56M","-0.14%"
"07/30/2021","226.69","226.57","227.92","226.40","2.85M","-0.59%"
"07/29/2021","228.04","227.58","228.75","227.58","2.96M","0.44%"
"07/28/2021","227.04","227.12","227.81","226.19","3.31M","0.15%"
"07/27/2021","226.69","227.38","227.43","224.98","4.17M","-0.54%"
"07/26/2021","227.92","227.25","227.92","227.13","2.85M","0.20%"
"07/23/2021","227.46","226.25","227.61","225.83","2.98M","1.00%"
"07/22/2021","225.21","225.20","225.35","224.18","2.24M","0.08%"
"07/21/2021","225.02","223.75","225.02","223.55","2.54M","0.90%"
"07/20/2021","223.02","219.95","223.71","219.38","5.36M","1.73%"
"07/19/2021","219.23","219.81","219.81","217.82","6.97M","-1.42%"
"07/16/2021","222.39","225.00","225.00","222.19","3.20M","-0.79%"
"07/15/2021","224.15","224.45","224.76","222.86","3.28M","-0.35%"
"07/14/2021","224.94","226.27","226.46","224.42","2.83M","-0.14%"
"07/13/2021","225.25","226.10","226.52","225.12","4.67M","-0.56%"
"07/12/2021","226.51","225.95","226.61","225.47","3.29M","0.28%"
"07/09/2021","225.88","224.16","225.98","224.02","3.89M","1.21%"
"07/08/2021","223.18","221.93","223.72","221.14","4.49M","-0.84%"
"07/07/2021","225.08","225.08","225.36","223.52","4.04M","0.13%"
"07/06/2021","224.78","225.38","225.52","223.16","4.15M","-0.22%"
"07/05/2021","225.27","225.27","225.27","225.27","","0.00%"
"07/04/2021","225.27","225.27","225.27","225.27","","0.00%"
"07/03/2021","225.27","225.27","225.27","225.27","","0.00%"
"07/02/2021","225.27","224.71","225.41","224.31","3.03M","0.55%"
"07/01/2021","224.03","223.40","224.06","223.10","3.84M","0.54%"
"06/30/2021","222.82","222.69","223.15","222.46","3.04M","0.00%"
"06/29/2021","222.81","223.31","223.40","222.47","4.07M","0.00%"
"06/28/2021","222.80","222.99","222.99","221.86","3.09M","0.11%"
"06/25/2021","222.55","222.26","222.70","221.91","2.80M","0.37%"
"06/24/2021","221.72","221.51","221.87","221.29","2.93M","0.37%"
"06/23/2021","220.90","221.10","221.59","220.81","2.66M","-0.04%"
"06/22/2021","220.99","219.85","221.35","219.18","2.68M","0.57%"
"06/21/2021","219.74","217.67","219.79","217.08","3.87M","1.38%"
"06/18/2021","216.75","217.99","218.15","216.53","4.54M","-1.24%"
"06/17/2021","219.47","219.44","220.06","217.95","3.00M","-0.10%"
"06/16/2021","219.68","220.97","220.97","218.38","3.46M","-0.50%"
"06/15/2021","220.78","221.49","221.53","220.17","3.09M","-0.26%"
"06/14/2021","221.36","221.20","221.39","220.38","3.19M","0.15%"
"06/11/2021","221.02","220.78","221.02","220.12","2.84M","0.29%"
"06/10/2021","220.37","220.21","220.90","219.19","2.94M","0.44%"
"06/09/2021","219.40","220.41","220.50","219.35","2.69M","-0.28%"
"06/08/2021","220.02","220.03","220.28","218.66","2.83M","0.20%"
"06/07/2021","219.57","219.55","219.68","219.03","2.76M","0.08%"
"06/04/2021","219.39","218.57","219.48","218.46","2.29M","0.87%"
"06/03/2021","217.50","217.30","218.05","216.08","2.97M","-0.44%"
"06/02/2021","218.47","218.62","218.82","217.89","3.60M","0.13%"
"06/01/2021","218.18","219.53","219.53","217.81","3.81M","0.04%"
"05/28/2021","218.09","218.60","218.73","218.03","2.64M","0.17%"
"05/27/2021","217.72","218.00","218.24","217.59","2.62M","0.18%"
"05/26/2021","217.32","216.98","217.56","216.48","3.26M","0.36%"
"05/25/2021","216.54","217.84","218.02","216.20","3.70M","-0.28%"
"05/24/2021","217.14","216.24","217.70","215.92","2.87M","1.01%"
"05/21/2021","214.97","216.08","216.74","214.71","3.62M","-0.06%"
"05/20/2021","215.09","213.21","215.66","213.18","3.48M","1.09%"
"05/19/2021","212.78","210.57","212.78","209.75","6.01M","-0.29%"
"05/18/2021","213.40","215.25","215.63","213.34","3.17M","-0.78%"
"05/17/2021","215.08","214.90","215.38","213.74","4.06M","-0.21%"
"05/14/2021","215.54","213.55","215.96","213.50","4.29M","1.71%"
"05/13/2021","211.92","210.38","212.92","210.33","4.97M","1.10%"
"05/12/2021","209.61","212.94","213.63","209.21","5.79M","-2.25%"
"05/11/2021","214.44","213.29","214.91","212.02","5.96M","-0.80%"
"05/10/2021","216.18","218.89","218.90","216.05","4.44M","-1.17%"
"05/07/2021","218.75","217.40","218.99","217.10","3.87M","0.85%"
"05/06/2021","216.91","215.78","216.95","214.08","4.13M","0.51%"
"05/05/2021","215.81","216.94","216.95","215.28","3.13M","-0.02%"
"05/04/2021","215.85","216.48","216.54","213.81","4.90M","-0.75%"
"05/03/2021","217.48","218.57","218.57","217.30","3.85M","0.18%"
"04/30/2021","217.10","217.51","218.17","216.75","3.26M","-0.73%"
"04/29/2021","218.70","219.60","219.65","216.94","4.18M","0.38%"
"04/28/2021","217.87","218.07","218.64","217.62","2.60M","-0.01%"
"04/27/2021","217.90","218.30","218.32","217.35","2.67M","-0.05%"
"04/26/2021","218.00","217.74","218.27","217.45","3.20M","0.36%"
"04/23/2021","217.21","215.08","217.87","214.97","4.38M","1.21%"
"04/22/2021","214.61","216.45","217.04","213.88","4.39M","-0.78%"
"04/21/2021","216.30","213.65","216.32","213.25","3.17M","1.19%"
"04/20/2021","213.75","215.22","215.54","212.92","5.21M","-0.92%"
"04/19/2021","215.73","216.73","216.91","215.00","3.99M","-0.65%"
"04/16/2021","217.15","217.46","217.47","216.32","4.31M","0.25%"
"04/15/2021","216.60","215.73","216.67","215.46","5.44M","1.06%"
"04/14/2021","214.32","215.06","215.87","214.03","3.77M","-0.22%"
"04/13/2021","214.80","214.36","215.28","214.00","4.06M","0.28%"
"04/12/2021","214.20","214.06","214.37","213.33","3.88M","0.03%"
"04/09/2021","214.14","212.85","214.25","212.62","3.56M","0.61%"
"04/08/2021","212.85","212.54","212.85","211.77","3.63M","0.58%"
"04/07/2021","211.62","211.79","212.12","211.09","3.30M","-0.08%"
"04/06/2021","211.80","211.69","212.49","211.41","4.03M","0.04%"
"04/05/2021","211.72","210.85","211.96","210.56","5.94M","1.17%"
"04/01/2021","209.28","207.99","209.30","207.56","4.54M","1.25%"
"03/31/2021","206.69","206.05","207.62","206.00","5.49M","0.61%"
"03/30/2021","205.44","205.17","205.89","204.29","3.96M","-0.03%"
"03/29/2021","205.50","205.59","206.36","204.24","4.56M","-0.47%"
"03/26/2021","206.47","204.11","206.64","203.24","3.55M","1.63%"
"03/25/2021","203.15","200.92","203.66","199.50","4.98M","0.41%"
"03/24/2021","202.33","205.17","205.85","202.33","4.01M","-0.83%"
"03/23/2021","204.02","206.19","206.44","203.64","4.76M","-1.14%"
"03/22/2021","206.37","205.88","207.26","205.38","3.60M","0.54%"
"03/19/2021","205.26","205.14","206.15","203.57","3.87M","0.13%"
"03/18/2021","205.00","207.45","208.44","204.77","3.65M","-1.82%"
"03/17/2021","208.80","207.31","209.29","206.36","3.35M","0.38%"
"03/16/2021","208.01","209.14","209.30","207.36","4.60M","-0.40%"
"03/15/2021","208.85","207.73","208.90","206.39","3.45M","0.70%"
"03/12/2021","207.40","206.16","207.46","205.55","4.07M","0.20%"
"03/11/2021","206.99","206.08","207.83","205.71","4.10M","1.31%"
"03/10/2021","204.32","204.55","205.27","203.61","4.13M","0.71%"
"03/09/2021","202.87","202.23","204.34","201.71","4.12M","1.55%"
"03/08/2021","199.77","201.44","202.89","199.57","4.28M","-0.49%"
"03/05/2021","200.75","199.37","201.21","194.11","6.61M","1.81%"
"03/04/2021","197.19","200.04","201.24","194.52","7.20M","-1.58%"
"03/03/2021","200.36","203.22","203.54","200.18","4.33M","-1.44%"
"03/02/2021","203.29","205.50","205.55","203.17","4.86M","-0.94%"
"03/01/2021","205.22","203.15","205.84","203.06","4.70M","2.57%"
"02/26/2021","200.08","201.99","202.69","198.55","6.32M","-0.40%"
"02/25/2021","200.88","205.74","206.38","200.00","7.58M","-2.61%"
"02/24/2021","206.27","203.60","206.48","202.78","3.72M","1.12%"
"02/23/2021","203.98","202.55","204.68","199.36","5.71M","-0.01%"
"02/22/2021","204.01","204.72","205.53","203.91","4.40M","-0.95%"
"02/19/2021","205.97","206.43","207.03","205.65","4.92M","0.23%"
"02/18/2021","205.50","205.23","206.09","204.01","3.66M","-0.58%"
"02/17/2021","206.69","206.02","206.90","205.04","4.54M","-0.21%"
"02/16/2021","207.12","208.31","208.39","206.52","4.96M","-0.18%"
"02/12/2021","207.49","205.89","207.51","205.80","2.42M","0.52%"
"02/11/2021","206.42","206.70","206.94","204.82","2.63M","0.24%"
"02/10/2021","205.93","207.07","207.22","204.45","3.68M","-0.04%"
"02/09/2021","206.02","205.60","206.45","205.25","3.38M","0.04%"
"02/08/2021","205.94","205.19","205.98","204.78","3.68M","0.90%"
"02/05/2021","204.11","204.12","204.29","203.16","3.13M","0.56%"
"02/04/2021","202.97","201.16","202.97","201.03","2.75M","1.27%"
"02/03/2021","200.43","200.82","201.26","199.59","2.91M","0.15%"
"02/02/2021","200.13","199.20","200.96","199.05","3.28M","1.43%"
"02/01/2021","197.30","195.88","197.73","194.53","3.90M","1.71%"
"01/29/2021","193.99","196.74","197.25","192.82","8.32M","-1.75%"
"01/28/2021","197.45","196.84","199.68","196.74","5.31M","0.79%"
"01/27/2021","195.91","199.05","199.08","194.65","6.73M","-2.40%"
"01/26/2021","200.73","201.89","202.34","200.68","4.05M","-0.36%"
"01/25/2021","201.46","201.27","201.95","198.35","5.32M","0.28%"
"01/22/2021","200.89","200.25","201.31","199.96","3.05M","-0.16%"
"01/21/2021","201.22","201.85","202.00","200.78","2.97M","-0.07%"
"01/20/2021","201.37","200.08","201.76","199.97","5.22M","1.26%"
"01/19/2021","198.86","198.66","199.04","197.83","4.15M","0.91%"
"01/15/2021","197.06","197.96","198.25","195.97","3.44M","-0.87%"
"01/14/2021","198.79","199.55","200.03","198.51","4.29M","-0.10%"
"01/13/2021","198.98","198.73","199.58","198.05","3.47M","0.11%"
"01/12/2021","198.76","198.37","198.99","197.34","3.87M","0.35%"
"01/11/2021","198.06","197.42","199.06","197.22","3.86M","-0.60%"
"01/08/2021","199.25","199.14","199.46","196.98","7.54M","0.48%"
"01/07/2021","198.29","196.42","198.62","196.40","4.83M","1.60%"
"01/06/2021","195.16","192.50","196.89","192.46","6.18M","0.90%"
"01/05/2021","193.42","191.49","193.95","191.42","3.89M","0.81%"
"01/04/2021","191.87","195.39","195.43","189.76","8.83M","-1.42%"
"12/31/2020","194.64","193.75","194.87","193.25","3.75M","0.46%"
"12/30/2020","193.75","193.90","194.38","193.60","4.31M","0.27%"
"12/29/2020","193.23","194.86","194.95","192.82","4.61M","-0.42%"
"12/28/2020","194.04","194.59","194.60","193.80","3.78M","0.63%"
"12/24/2020","192.82","192.88","193.00","192.24","1.74M","-0.24%"
"12/23/2020","193.28","193.65","194.22","193.16","3.45M","0.17%"
"12/22/2020","192.95","193.31","193.48","192.21","4.34M","0.02%"
"12/21/2020","192.91","191.60","193.35","189.82","5.01M","-0.29%"
"12/18/2020","193.47","194.38","194.47","192.21","4.54M","-0.28%"
"12/17/2020","194.02","193.42","194.02","193.21","4.13M","0.78%"
"12/16/2020","192.51","192.47","192.99","191.89","2.98M","0.14%"
"12/15/2020","192.24","191.19","192.27","190.38","3.23M","1.37%"
"12/14/2020","189.64","191.69","192.19","189.58","3.53M","-0.28%"
"12/11/2020","190.18","189.56","190.37","188.60","3.46M","-0.18%"
"12/10/2020","190.52","189.33","190.91","188.71","3.22M","0.15%"
"12/09/2020","190.24","192.54","192.64","189.51","4.47M","-0.98%"
"12/08/2020","192.13","190.64","192.39","190.60","3.45M","0.43%"
"12/07/2020","191.30","191.30","191.50","190.62","4.32M","-0.11%"
"12/04/2020","191.51","190.00","191.51","189.99","4.40M","1.00%"
"12/03/2020","189.61","189.32","190.30","189.02","4.41M","0.20%"
"12/02/2020","189.23","188.44","189.29","187.80","3.83M","0.08%"
"12/01/2020","189.07","189.17","189.80","188.65","3.87M","1.27%"
"11/30/2020","186.70","188.06","188.13","185.54","3.72M","-0.79%"
"11/27/2020","188.18","188.13","188.37","187.68","1.74M","0.35%"
"11/25/2020","187.52","187.45","187.68","186.57","3.46M","-0.04%"
"11/24/2020","187.59","186.29","187.82","185.60","5.38M","1.55%"
"11/23/2020","184.73","184.29","185.20","183.37","4.39M","0.82%"
"11/20/2020","183.23","184.17","184.17","183.16","2.79M","-0.53%"
"11/19/2020","184.20","183.00","184.35","182.21","3.04M","0.56%"
"11/18/2020","183.18","185.45","185.75","183.17","3.28M","-1.06%"
"11/17/2020","185.14","184.76","185.69","183.61","5.73M","-0.23%"
"11/16/2020","185.56","185.54","185.61","184.09","6.19M","1.22%"
"11/13/2020","183.32","181.88","183.64","181.58","4.77M","1.42%"
"11/12/2020","180.76","181.95","182.40","179.70","3.33M","-0.99%"
"11/11/2020","182.56","182.43","182.90","181.59","2.88M","0.81%"
"11/10/2020","181.09","181.01","181.69","179.09","5.61M","-0.17%"
"11/09/2020","181.39","187.52","187.52","181.12","5.55M","1.19%"
"11/06/2020","179.26","179.18","179.80","178.08","3.22M","-0.05%"
"11/05/2020","179.35","178.67","180.08","178.41","3.68M","2.07%"
"11/04/2020","175.72","174.16","177.85","173.69","3.63M","2.18%"
"11/03/2020","171.97","170.70","172.96","170.34","4.10M","1.92%"
"11/02/2020","168.73","168.79","169.81","167.16","3.74M","1.04%"
"10/30/2020","166.99","167.89","168.75","165.02","3.99M","-1.06%"
"10/29/2020","168.78","167.50","170.47","166.50","3.10M","0.94%"
"10/28/2020","167.20","169.90","170.23","167.01","4.62M","-3.31%"
"10/27/2020","172.93","173.83","174.02","172.82","2.53M","-0.40%"
"10/26/2020","173.63","175.04","175.49","171.60","3.87M","-1.82%"
"10/23/2020","176.84","176.81","176.95","175.46","2.41M","0.33%"
"10/22/2020","176.26","175.33","176.56","174.12","3.76M","0.71%"
"10/21/2020","175.02","175.66","176.72","175.02","3.24M","-0.34%"
"10/20/2020","175.62","175.90","177.36","175.24","2.63M","0.35%"
"10/19/2020","175.01","178.31","179.25","174.62","2.71M","-1.43%"
"10/16/2020","177.55","178.48","179.31","177.55","1.91M","-0.18%"
"10/15/2020","177.87","175.61","178.07","175.16","2.87M","0.03%"
"10/14/2020","177.81","179.20","179.92","177.49","2.16M","-0.66%"
"10/13/2020","179.00","179.67","179.82","178.43","2.45M","-0.53%"
"10/12/2020","179.95","178.65","180.64","178.41","2.90M","1.48%"
"10/09/2020","177.32","176.90","177.63","176.44","2.49M","0.84%"
"10/08/2020","175.84","175.53","175.89","174.88","2.34M","0.88%"
"10/07/2020","174.31","172.99","174.73","172.94","1.95M","1.75%"
"10/06/2020","171.32","173.73","174.98","171.01","2.80M","-1.23%"
"10/05/2020","173.46","171.61","173.53","171.33","2.57M","1.80%"
"10/04/2020","170.39","170.39","170.39","170.39","","0.00%"
"10/03/2020","170.39","170.39","170.39","170.39","","0.00%"
"10/02/2020","170.39","168.65","171.31","168.23","2.33M","-0.78%"
"10/01/2020","171.73","171.72","172.25","170.61","3.23M","0.83%"
"09/30/2020","170.31","169.51","171.97","169.25","4.79M","0.75%"
"09/29/2020","169.04","169.84","170.23","168.69","2.12M","-0.56%"
"09/28/2020","169.99","169.32","170.30","168.89","3.29M","1.81%"
"09/27/2020","166.96","166.96","166.96","166.96","","0.00%"
"09/26/2020","166.96","166.96","166.96","166.96","","0.00%"
"09/25/2020","166.96","163.78","167.44","163.53","2.99M","1.19%"
"09/24/2020","164.99","163.92","166.69","162.85","3.79M","0.21%"
"09/23/2020","164.64","169.00","169.13","164.35","2.07M","-2.41%"
"09/22/2020","168.71","167.76","168.93","166.37","2.09M","0.99%"
"09/21/2020","167.05","166.47","167.06","164.27","4.18M","-1.21%"
"09/18/2020","169.09","171.21","171.21","167.53","3.18M","-0.97%"
"09/17/2020","170.75","169.56","171.54","169.22","2.78M","-0.82%"
"09/16/2020","172.17","173.46","174.38","172.07","2.83M","-0.33%"
"09/15/2020","172.74","173.20","173.64","172.11","2.13M","0.57%"
"09/14/2020","171.76","171.00","172.37","170.60","3.08M","1.56%"
"09/13/2020","169.12","169.12","169.12","169.12","","0.00%"
"09/11/2020","169.12","170.24","170.56","167.50","3.41M","0.04%"
"09/10/2020","169.06","173.06","173.49","168.60","3.51M","-1.64%"
"09/09/2020","171.88","170.83","173.14","170.33","4.29M","1.96%"
"09/08/2020","168.58","170.30","171.04","168.36","3.98M","-2.81%"
"09/04/2020","173.45","175.34","176.14","169.20","4.38M","-0.85%"
"09/03/2020","174.94","180.00","180.49","173.51","5.34M","-3.48%"
"09/02/2020","181.24","180.00","181.67","179.01","4.02M","1.34%"
"09/01/2020","178.85","177.69","178.99","177.16","2.88M","0.89%"
"08/31/2020","177.28","177.66","178.14","176.95","3.19M","-0.23%"
"08/30/2020","177.68","177.68","177.68","177.68","","0.00%"
"08/28/2020","177.68","177.18","177.71","176.53","4.16M","0.70%"
"08/27/2020","176.45","176.52","177.29","175.53","3.44M","0.24%"
"08/26/2020","176.03","174.73","176.18","174.48","2.44M","0.91%"
"08/25/2020","174.45","174.22","174.47","173.42","5.16M","0.33%"
"08/24/2020","173.87","173.51","173.87","172.87","2.47M","0.96%"
"08/23/2020","172.22","172.22","172.22","172.22","","0.00%"
"08/22/2020","172.22","172.22","172.22","172.22","","0.00%"
"08/21/2020","172.22","171.54","172.30","171.41","2.28M","0.25%"
"08/20/2020","171.79","170.26","172.06","170.19","2.18M","0.29%"
"08/19/2020","171.30","172.17","172.50","170.99","2.29M","-0.39%"
"08/18/2020","171.97","172.00","172.27","170.98","3.55M","0.15%"
"08/17/2020","171.71","171.43","171.86","171.38","3.42M","0.43%"
"08/14/2020","170.98","170.72","171.29","170.38","2.21M","-0.03%"
"08/13/2020","171.03","170.79","171.75","170.48","2.25M","-0.08%"
"08/12/2020","171.16","170.37","171.52","170.34","3.37M","1.34%"
"08/11/2020","168.90","171.00","171.33","168.48","3.12M","-0.80%"
"08/10/2020","170.27","170.03","170.39","169.05","2.50M","0.28%"
"08/09/2020","169.80","169.80","169.80","169.80","","0.00%"
"08/08/2020","169.80","169.80","169.80","169.80","","0.00%"
"08/07/2020","169.80","169.22","169.95","168.60","2.19M","0.08%"
"08/06/2020","169.66","168.62","169.78","168.28","2.15M","0.49%"
"08/05/2020","168.84","168.48","168.91","168.30","2.68M","0.73%"
"08/04/2020","167.62","166.61","167.62","166.53","2.81M","0.40%"
"08/03/2020","166.96","166.47","167.30","166.15","4.34M","0.87%"
"08/02/2020","165.52","165.52","165.52","165.52","","0.00%"
"07/31/2020","165.52","165.54","165.62","162.96","3.16M","0.51%"
"07/30/2020","164.68","163.44","164.87","162.41","2.47M","-0.22%"
"07/29/2020","165.05","163.46","165.43","163.46","2.15M","1.33%"
"07/28/2020","162.89","163.62","164.23","162.78","1.90M","-0.73%"
"07/27/2020","164.09","163.06","164.10","162.62","2.42M","0.86%"
"07/26/2020","162.69","162.69","162.69","162.69","","0.00%"
"07/25/2020","162.69","162.69","162.69","162.69","","0.00%"
"07/24/2020","162.69","162.83","163.40","161.90","2.36M","-0.77%"
"07/23/2020","163.96","165.61","166.20","163.08","3.11M","-1.09%"
"07/22/2020","165.77","164.59","165.94","164.59","2.72M","0.52%"
"07/21/2020","164.91","165.64","165.90","164.37","2.35M","0.29%"
"07/20/2020","164.44","163.02","164.86","162.60","3.11M","0.77%"
"07/17/2020","163.19","163.09","163.51","162.07","2.14M","0.38%"
"07/16/2020","162.57","162.16","162.80","161.68","2.19M","-0.45%"
"07/15/2020","163.30","163.33","163.64","161.67","3.75M","1.24%"
"07/14/2020","161.30","158.50","161.41","157.74","3.22M","1.31%"
"07/13/2020","159.21","162.08","163.55","158.88","4.69M","-1.08%"
"07/12/2020","160.95","160.95","160.95","160.95","","0.00%"
"07/11/2020","160.95","160.95","160.95","160.95","","0.00%"
"07/10/2020","160.95","159.17","161.01","158.43","2.39M","1.07%"
"07/09/2020","159.24","160.56","160.70","157.28","2.47M","-0.62%"
"07/08/2020","160.23","159.31","160.28","158.37","2.44M","0.82%"
"07/07/2020","158.93","159.79","160.88","158.73","2.36M","-1.02%"
"07/06/2020","160.56","160.50","161.03","159.86","3.31M","1.58%"
"07/05/2020","158.07","158.07","158.07","158.07","","0.00%"
"07/04/2020","158.07","158.07","158.07","158.07","","0.00%"
"07/02/2020","158.07","159.30","160.07","157.86","3.18M","0.40%"
"07/01/2020","157.44","156.90","158.04","156.61","3.64M","0.58%"
"06/30/2020","156.53","154.48","157.22","154.07","4.32M","1.48%"
"06/29/2020","154.25","152.70","154.28","151.35","3.16M","1.47%"
"06/26/2020","152.02","154.98","155.17","151.73","3.51M","-2.33%"
"06/25/2020","155.64","153.43","155.77","152.41","4.03M","0.75%"
"06/24/2020","154.48","157.63","157.91","153.41","3.73M","-2.71%"
"06/23/2020","158.79","159.63","159.98","158.55","2.56M","0.39%"
"06/22/2020","158.17","156.95","158.30","156.05","2.56M","0.69%"
"06/19/2020","157.08","159.86","159.88","156.29","3.82M","-0.56%"
"06/18/2020","157.97","156.94","158.30","156.43","2.80M","0.08%"
"06/17/2020","157.84","159.14","159.21","157.41","3.70M","-0.49%"
"06/16/2020","158.61","160.12","160.12","155.91","4.58M","1.92%"
"06/15/2020","155.62","150.56","156.16","149.85","4.86M","1.07%"
"06/12/2020","153.97","156.49","156.49","150.83","6.88M","1.38%"
"06/11/2020","151.87","156.91","157.70","151.63","12.50M","-5.90%"
"06/10/2020","161.39","162.81","163.25","161.01","4.29M","-0.74%"
"06/09/2020","162.60","162.65","163.48","161.88","3.20M","-0.91%"
"06/08/2020","164.10","162.90","164.20","162.32","5.85M","1.36%"
"06/07/2020","161.90","161.90","161.90","161.90","","0.00%"
"06/05/2020","161.90","161.40","163.08","161.00","4.37M","2.57%"
"06/04/2020","157.85","157.71","158.65","156.62","5.63M","-0.32%"
"06/03/2020","158.35","157.20","158.80","157.01","9.50M","1.56%"
"06/02/2020","155.92","155.20","156.00","154.43","4.16M","0.76%"
"06/01/2020","154.75","153.62","155.09","153.27","3.48M","0.68%"
"05/29/2020","153.71","152.80","154.13","151.41","4.78M","0.33%"
"05/28/2020","153.20","154.41","155.19","152.73","4.60M","-0.34%"
"05/27/2020","153.73","153.00","153.73","150.02","5.08M","1.58%"
"05/26/2020","151.34","152.84","152.89","151.11","4.20M","1.39%"
"05/22/2020","149.26","148.76","149.28","147.97","3.00M","0.28%"
"05/21/2020","148.84","149.60","150.13","148.02","3.42M","-0.60%"
"05/20/2020","149.74","149.17","150.19","148.91","3.89M","1.85%"
"05/19/2020","147.02","148.36","149.30","147.02","3.18M","-1.06%"
"05/18/2020","148.60","147.53","149.41","147.25","4.56M","3.32%"
"05/15/2020","143.83","141.77","143.86","141.19","3.85M","0.60%"
"05/14/2020","142.97","139.85","143.09","138.37","7.56M","1.07%"
"05/13/2020","141.45","143.90","144.31","140.02","5.86M","-2.01%"
"05/12/2020","144.35","148.08","148.31","144.19","4.86M","-2.13%"
"05/11/2020","147.49","146.22","148.21","146.03","4.24M","0.01%"
"05/08/2020","147.47","146.45","147.63","145.88","4.25M","1.88%"
"05/07/2020","144.75","144.70","145.76","144.40","3.80M","1.31%"
"05/06/2020","142.88","144.61","144.87","142.70","3.93M","-0.55%"
"05/05/2020","143.67","144.08","145.34","143.46","3.67M","0.93%"
"05/04/2020","142.35","140.67","142.45","139.91","4.74M","0.38%"
"05/03/2020","141.81","141.81","141.81","141.81","","0.00%"
"05/02/2020","141.81","141.81","141.81","141.81","","0.00%"
"05/01/2020","141.81","143.12","143.60","139.80","4.23M","-2.76%"
"04/30/2020","145.84","146.78","147.05","145.12","4.23M","-1.30%"
"04/29/2020","147.76","146.81","148.54","146.03","4.99M","2.83%"
"04/28/2020","143.69","146.17","146.48","143.37","3.59M","-0.31%"
"04/27/2020","144.14","142.65","144.66","141.00","4.97M","1.77%"
"04/24/2020","141.63","140.50","141.97","139.26","4.41M","1.49%"
"04/23/2020","139.55","140.22","141.98","139.44","6.20M","0.01%"
"04/22/2020","139.53","139.26","140.30","138.36","6.34M","2.26%"
"04/21/2020","136.45","138.10","138.98","135.87","6.37M","-3.10%"
"04/20/2020","140.82","141.00","143.05","140.51","5.41M","-1.62%"
"04/17/2020","143.14","142.71","143.48","141.08","6.41M","2.83%"
"04/16/2020","139.20","139.27","139.55","137.43","5.30M","0.47%"
"04/15/2020","138.55","138.74","139.49","137.43","5.16M","-2.35%"
"04/14/2020","141.88","140.59","142.21","139.97","5.61M","3.04%"
"04/13/2020","137.70","138.75","140.06","135.63","7.29M","-1.19%"
"04/09/2020","139.36","138.92","140.78","137.81","9.32M","1.87%"
"04/08/2020","136.80","133.73","137.45","132.42","6.61M","3.51%"
"04/07/2020","132.16","137.02","137.28","132.08","10.47M","0.11%"
"04/06/2020","132.01","128.43","132.80","127.78","9.37M","6.99%"
"04/03/2020","123.38","124.85","126.04","121.86","6.58M","-1.70%"
"04/02/2020","125.52","122.38","126.13","122.02","6.24M","2.08%"
"04/01/2020","122.96","124.13","125.62","121.77","7.91M","-4.62%"
"03/31/2020","128.91","130.97","131.61","128.02","8.66M","-1.43%"
"03/30/2020","130.78","127.78","131.17","126.64","10.42M","3.03%"
"03/28/2020","126.93","126.93","126.93","126.93","","0.00%"
"03/27/2020","126.93","127.12","130.51","125.51","9.73M","-3.19%"
"03/26/2020","131.11","124.84","131.63","124.66","10.55M","5.55%"
"03/25/2020","124.22","123.54","129.03","120.59","14.43M","1.38%"
"03/24/2020","122.53","117.63","122.58","117.00","10.99M","9.49%"
"03/23/2020","111.91","113.65","114.90","109.49","16.44M","-2.85%"
"03/21/2020","115.19","115.19","115.19","115.19","","0.00%"
"03/20/2020","115.19","121.15","122.66","114.80","12.26M","-4.08%"
"03/19/2020","120.09","117.41","122.80","114.59","11.08M","0.74%"
"03/18/2020","119.21","118.50","122.36","113.00","15.39M","-5.76%"
"03/17/2020","126.50","122.21","127.37","118.00","16.65M","5.01%"
"03/16/2020","120.46","121.06","127.99","120.00","14.65M","-11.38%"
"03/14/2020","135.93","135.93","135.93","135.93","","0.00%"
"03/13/2020","135.93","132.00","135.93","125.00","15.35M","9.10%"
"03/12/2020","124.59","129.18","133.67","124.41","20.97M","-9.72%"
"03/11/2020","138.01","141.45","142.20","136.30","10.80M","-5.06%"
"03/10/2020","145.37","144.35","145.41","137.90","11.69M","4.96%"
"03/09/2020","138.50","140.00","143.63","138.24","18.54M","-8.03%"
"03/06/2020","150.59","148.98","151.34","147.12","9.95M","-1.86%"
"03/05/2020","153.44","154.81","156.36","152.11","5.34M","-3.33%"
"03/04/2020","158.73","155.52","158.75","154.05","5.23M","4.00%"
"03/03/2020","152.63","157.34","159.30","151.08","8.62M","-2.58%"
"03/02/2020","156.67","151.41","156.82","149.58","12.07M","4.14%"
"02/28/2020","150.44","146.42","150.59","145.30","22.28M","-0.67%"
"02/27/2020","151.46","155.04","157.53","151.40","14.38M","-4.38%"
"02/26/2020","158.40","160.01","161.81","158.00","8.22M","-0.55%"
"02/25/2020","159.28","165.04","165.39","158.77","10.11M","-3.06%"
"02/24/2020","164.30","164.50","165.87","163.59","8.71M","-3.29%"
"02/21/2020","169.89","170.95","171.03","169.40","2.98M","-1.03%"
"02/20/2020","171.65","171.96","172.43","169.90","7.06M","-0.30%"
"02/19/2020","172.17","171.92","172.56","171.77","2.49M","0.51%"
"02/18/2020","171.30","171.27","171.54","170.53","2.46M","-0.23%"
"02/17/2020","171.70","171.70","171.70","171.70","","0.00%"
"02/14/2020","171.70","171.60","171.77","170.98","2.53M","0.16%"
"02/13/2020","171.42","170.70","171.93","170.55","2.83M","-0.04%"
"02/12/2020","171.49","171.24","171.55","170.91","2.15M","0.63%"
"02/11/2020","170.42","170.74","171.25","170.11","2.92M","0.28%"
"02/10/2020","169.95","168.28","169.95","168.26","2.49M","0.73%"
"02/07/2020","168.71","169.05","169.40","168.41","2.58M","-0.57%"
"02/06/2020","169.68","169.76","169.83","169.19","2.20M","0.28%"
"02/05/2020","169.21","169.13","169.35","168.17","4.13M","0.98%"
"02/04/2020","167.56","166.97","168.02","166.81","2.73M","1.58%"
"02/03/2020","164.96","164.35","165.83","164.31","2.78M","0.88%"
"01/31/2020","163.52","166.16","166.21","163.04","4.53M","-1.77%"
"01/30/2020","166.46","165.00","166.61","164.47","2.84M","0.24%"
"01/29/2020","166.06","166.96","166.99","165.92","1.75M","-0.07%"
"01/28/2020","166.17","165.33","166.66","165.06","4.01M","0.97%"
"01/27/2020","164.58","164.23","165.32","163.84","4.69M","-1.50%"
"01/24/2020","167.09","169.09","169.09","166.32","3.29M","-0.95%"
"01/23/2020","168.69","168.11","168.76","167.39","2.37M","0.11%"
"01/22/2020","168.50","168.93","169.32","168.35","2.11M","0.06%"
"01/21/2020","168.40","168.40","168.85","168.17","3.17M","-0.21%"
"01/17/2020","168.76","169.01","169.01","168.37","2.27M","0.25%"
"01/16/2020","168.34","167.71","168.37","167.61","2.21M","0.86%"
"01/15/2020","166.91","166.50","167.40","166.42","2.48M","0.25%"
"01/14/2020","166.50","166.55","167.12","166.17","3.06M","-0.05%"
"01/13/2020","166.59","166.00","166.62","165.52","4.00M","0.68%"
"01/10/2020","165.46","166.26","166.30","165.20","4.02M","-0.29%"
"01/09/2020","165.94","165.81","165.98","165.36","2.22M","0.62%"
"01/08/2020","164.91","164.20","165.54","164.04","4.25M","0.49%"
"01/07/2020","164.10","164.27","164.46","163.78","2.51M","-0.24%"
"01/06/2020","164.49","162.92","164.52","162.83","6.81M","0.34%"
"01/03/2020","163.93","163.29","164.47","163.01","3.63M","-0.64%"
"01/02/2020","164.98","164.68","164.98","163.78","3.29M","0.83%"
"12/31/2019","163.62","163.00","163.76","162.72","3.26M","0.26%"
"12/30/2019","163.19","164.30","164.38","162.91","4.50M","-0.54%"
"12/27/2019","164.08","164.61","164.68","163.80","2.36M","-0.09%"
"12/26/2019","164.23","163.70","164.23","163.63","2.52M","0.48%"
"12/24/2019","163.44","163.68","163.72","163.25","1.62M","-0.52%"
"12/23/2019","164.29","164.56","164.59","164.19","3.82M","0.06%"
"12/20/2019","164.19","164.00","164.34","163.86","3.14M","0.51%"
"12/19/2019","163.35","162.74","163.35","162.70","3.02M","0.44%"
"12/18/2019","162.64","162.83","162.92","162.26","2.14M","0.04%"
"12/17/2019","162.57","162.77","162.86","162.44","4.42M","0.04%"
"12/16/2019","162.51","162.36","162.88","162.22","2.47M","0.73%"
"12/13/2019","161.33","161.25","162.09","160.67","3.02M","0.00%"
"12/12/2019","161.33","160.02","161.78","159.84","3.01M","0.82%"
"12/11/2019","160.02","159.89","160.14","159.57","1.78M","0.24%"
"12/10/2019","159.64","159.77","160.10","159.29","2.15M","-0.09%"
"12/09/2019","159.78","160.09","160.43","159.75","1.93M","-0.32%"
"12/06/2019","160.29","159.98","160.54","159.89","2.02M","0.89%"
"12/05/2019","158.88","159.00","159.00","158.18","1.86M","0.14%"
"12/04/2019","158.65","158.29","158.96","158.10","2.13M","0.65%"
"12/03/2019","157.63","157.09","157.71","156.38","4.04M","-0.59%"
"12/02/2019","158.57","160.26","160.36","158.44","3.77M","-0.91%"
"11/29/2019","160.02","160.46","160.55","159.92","1.17M","-0.45%"
"11/27/2019","160.74","160.38","160.74","160.02","2.34M","0.48%"
"11/26/2019","159.98","159.67","160.06","159.48","1.89M","0.21%"
"11/25/2019","159.64","158.76","159.64","158.60","2.53M","0.95%"
"11/22/2019","158.14","158.31","158.34","157.61","1.89M","0.22%"
"11/21/2019","157.79","158.27","158.34","157.44","2.22M","-0.25%"
"11/20/2019","158.19","158.32","158.72","157.25","3.34M","-0.32%"
"11/19/2019","158.69","159.05","159.15","158.26","2.23M","0.03%"
"11/18/2019","158.64","158.42","158.74","158.12","3.14M","0.06%"
"11/15/2019","158.55","158.15","158.55","157.78","2.62M","0.76%"
"11/14/2019","157.35","156.99","157.44","156.72","2.10M","0.10%"
"11/13/2019","157.19","156.57","157.39","156.39","2.19M","0.04%"
"11/12/2019","157.12","157.03","157.69","156.74","1.73M","0.17%"
"11/11/2019","156.85","156.40","156.93","156.25","1.74M","-0.20%"
"11/08/2019","157.16","156.56","157.16","156.08","2.13M","0.28%"
"11/07/2019","156.72","157.00","157.34","156.41","2.41M","0.34%"
"11/06/2019","156.19","156.24","156.30","155.63","2.29M","-0.04%"
"11/05/2019","156.26","156.60","156.78","156.07","2.38M","-0.09%"
"11/04/2019","156.40","156.70","156.77","156.18","2.22M","0.37%"
"11/01/2019","155.83","155.00","155.83","154.92","2.41M","1.07%"
"10/31/2019","154.18","154.68","154.68","153.42","2.22M","-0.35%"
"10/30/2019","154.72","154.40","154.94","153.64","2.29M","0.24%"
"10/29/2019","154.35","154.23","154.80","154.11","1.56M","-0.02%"
"10/28/2019","154.38","154.12","154.66","154.00","2.73M","0.61%"
"10/25/2019","153.45","152.49","153.76","152.42","2.46M","0.40%"
"10/24/2019","152.84","153.01","153.08","152.28","1.58M","0.28%"
"10/23/2019","152.42","151.97","152.49","151.77","1.80M","0.20%"
"10/22/2019","152.11","152.93","153.01","152.04","1.71M","-0.30%"
"10/21/2019","152.57","152.35","152.69","152.06","1.71M","0.65%"
"10/18/2019","151.58","151.94","152.20","150.90","1.72M","-0.40%"
"10/17/2019","152.19","152.33","152.64","151.84","1.64M","0.33%"
"10/16/2019","151.69","151.64","152.05","151.37","1.60M","-0.18%"
"10/15/2019","151.97","151.03","152.33","150.91","2.15M","0.98%"
"10/14/2019","150.49","150.52","150.75","150.25","1.21M","-0.09%"
"10/11/2019","150.63","150.51","151.90","150.47","3.38M","1.07%"
"10/10/2019","149.03","148.00","149.50","147.99","3.51M","0.64%"
"10/09/2019","148.08","147.85","148.59","147.52","3.30M","0.92%"
"10/08/2019","146.73","148.04","148.36","146.71","2.22M","-1.62%"
"10/07/2019","149.14","149.38","150.19","148.89","2.24M","-0.39%"
"10/04/2019","149.73","148.36","149.81","148.04","2.51M","1.31%"
"10/03/2019","147.80","146.48","147.80","144.90","4.38M","0.81%"
"10/02/2019","146.61","148.18","148.24","145.82","3.81M","-1.62%"
"10/01/2019","149.03","151.50","151.88","148.92","2.82M","-1.30%"
"09/30/2019","151.00","150.65","151.37","150.55","1.70M","0.47%"
"09/27/2019","150.30","151.64","151.71","149.44","1.94M","-0.60%"
"09/26/2019","151.20","151.66","151.66","150.47","1.72M","-0.30%"
"09/25/2019","151.66","150.73","151.91","149.92","6.14M","0.63%"
"09/24/2019","150.71","152.60","152.81","150.20","4.24M","-0.93%"
"09/23/2019","152.12","151.71","152.46","151.57","2.05M","0.05%"
"09/20/2019","152.04","153.00","153.23","151.60","2.11M","-0.44%"
"09/19/2019","152.71","153.13","153.61","152.55","2.06M","-0.07%"
"09/18/2019","152.81","152.65","152.84","151.35","1.72M","-0.01%"
"09/17/2019","152.83","152.35","152.87","152.00","2.10M","0.24%"
"09/16/2019","152.46","152.22","152.69","152.04","1.69M","-0.66%"
"09/13/2019","153.47","153.87","154.08","153.28","3.00M","-0.10%"
"09/12/2019","153.62","153.63","154.13","153.05","3.49M","0.30%"
"09/11/2019","153.16","152.09","153.17","151.70","3.85M","0.82%"
"09/10/2019","151.92","151.36","151.92","150.63","3.44M","0.10%"
"09/09/2019","151.77","152.22","152.27","151.15","2.58M","0.06%"
"09/06/2019","151.68","151.81","152.06","151.40","1.57M","0.02%"
"09/05/2019","151.65","151.00","152.11","150.75","2.99M","1.34%"
"09/04/2019","149.65","149.30","149.65","148.81","2.07M","1.07%"
"09/03/2019","148.07","147.99","148.55","147.37","4.31M","-0.65%"
"08/30/2019","149.04","149.88","149.89","148.44","2.27M","-0.03%"
"08/29/2019","149.09","148.59","149.38","148.10","2.58M","1.33%"
"08/28/2019","147.14","145.69","147.24","145.31","1.98M","0.71%"
"08/27/2019","146.10","147.64","147.83","145.68","1.99M","-0.46%"
"08/26/2019","146.78","146.53","146.88","145.66","3.62M","1.01%"
"08/23/2019","145.31","148.41","149.30","144.64","3.81M","-2.52%"
"08/22/2019","149.07","149.61","149.90","148.13","1.73M","-0.09%"
"08/21/2019","149.20","149.16","149.40","148.82","1.44M","0.84%"
"08/20/2019","147.95","148.81","149.03","147.90","1.74M","-0.76%"
"08/19/2019","149.09","149.09","149.48","148.62","2.88M","1.19%"
"08/16/2019","147.34","146.08","147.60","146.00","3.66M","1.52%"
"08/15/2019","145.14","145.31","145.66","144.05","3.59M","0.19%"
"08/14/2019","144.87","146.95","147.20","144.78","3.94M","-2.89%"
"08/13/2019","149.18","146.89","150.08","146.53","2.72M","1.43%"
"08/12/2019","147.08","148.12","148.26","146.55","2.61M","-1.24%"
"08/09/2019","148.92","149.56","149.79","148.02","2.35M","-0.71%"
"08/08/2019","149.99","147.98","150.02","147.70","4.14M","1.90%"
"08/07/2019","147.19","145.30","147.53","144.18","3.20M","0.11%"
"08/06/2019","147.03","146.19","147.08","145.21","3.41M","1.30%"
"08/05/2019","145.14","147.18","147.25","143.87","5.70M","-2.97%"
"08/02/2019","149.58","150.30","150.41","148.58","7.06M","-0.81%"
"08/01/2019","150.80","152.29","153.85","150.26","3.90M","-0.93%"
"07/31/2019","152.21","153.91","154.11","151.07","2.51M","-1.09%"
"07/30/2019","153.89","153.19","154.00","152.96","1.97M","-0.10%"
"07/29/2019","154.04","154.35","154.38","153.63","1.59M","-0.24%"
"07/26/2019","154.41","153.65","154.51","153.61","1.72M","0.72%"
"07/25/2019","153.30","153.94","153.95","152.89","2.05M","-0.53%"
"07/24/2019","154.12","152.76","154.15","152.76","2.17M","0.61%"
"07/23/2019","153.18","152.78","153.20","152.30","1.64M","0.67%"
"07/22/2019","152.16","152.06","152.40","151.75","1.51M","0.24%"
"07/19/2019","151.80","153.21","153.28","151.74","1.49M","-0.57%"
"07/18/2019","152.67","151.87","152.84","151.59","1.47M","0.37%"
"07/17/2019","152.11","153.10","153.17","152.11","2.58M","-0.66%"
"07/16/2019","153.12","153.50","153.67","152.95","1.78M","-0.25%"
"07/15/2019","153.51","153.83","153.83","153.27","2.16M","-0.07%"
"07/12/2019","153.61","153.10","153.64","152.99","1.66M","0.51%"
"07/11/2019","152.83","152.94","153.03","152.24","2.64M","0.14%"
"07/10/2019","152.62","152.59","153.13","152.12","1.85M","0.41%"
"07/09/2019","152.00","151.02","152.09","151.02","3.18M","0.18%"
"07/08/2019","151.73","151.87","152.03","151.37","2.61M","-0.54%"
"07/05/2019","152.55","152.01","152.62","151.26","2.45M","-0.06%"
"07/03/2019","152.64","151.87","152.66","151.75","2.29M","0.75%"
"07/02/2019","151.50","151.12","151.50","150.66","2.71M","0.23%"
"07/01/2019","151.15","151.85","151.92","150.51","3.97M","0.71%"
"06/28/2019","150.09","149.51","150.17","149.31","2.59M","0.70%"
"06/27/2019","149.05","148.66","149.19","148.56","2.39M","0.60%"
"06/26/2019","148.16","148.86","149.19","148.12","1.90M","-0.19%"
"06/25/2019","148.44","149.87","149.90","148.30","2.31M","-0.95%"
"06/24/2019","149.86","150.33","150.47","149.71","1.98M","-0.56%"
"06/21/2019","150.70","150.40","150.94","150.04","2.41M","0.01%"
"06/20/2019","150.68","150.73","150.85","149.45","2.97M","0.92%"
"06/19/2019","149.31","148.91","149.49","148.39","4.05M","0.34%"
"06/18/2019","148.80","148.20","149.47","148.07","2.26M","1.09%"
"06/17/2019","147.19","147.28","147.67","147.14","2.51M","-0.30%"
"06/14/2019","147.63","147.80","147.99","147.27","1.40M","-0.22%"
"06/13/2019","147.95","147.79","148.09","147.43","1.73M","0.46%"
"06/12/2019","147.27","147.35","147.64","146.93","1.73M","-0.14%"
"06/11/2019","147.47","148.62","148.83","147.08","1.72M","-0.09%"
"06/10/2019","147.61","147.73","148.57","147.54","2.26M","0.56%"
"06/07/2019","146.79","146.06","147.45","145.98","1.67M","0.91%"
"06/06/2019","145.47","144.82","145.84","144.35","2.80M","0.56%"
"06/05/2019","144.66","144.39","144.82","143.27","5.06M","0.77%"
"06/04/2019","143.56","141.73","143.61","141.47","2.77M","2.24%"
"06/03/2019","140.41","140.69","141.38","139.62","4.77M","-0.20%"
"05/31/2019","140.69","141.11","141.59","140.59","2.84M","-1.35%"
"05/30/2019","142.61","142.69","143.17","141.95","2.62M","0.20%"
"05/29/2019","142.33","142.62","142.80","141.44","2.96M","-0.68%"
"05/28/2019","143.31","144.82","145.28","143.25","3.87M","-0.88%"
"05/24/2019","144.58","144.96","145.23","144.16","1.38M","0.24%"
"05/23/2019","144.23","144.83","144.85","143.38","2.70M","-1.27%"
"05/22/2019","146.09","146.06","146.57","145.77","1.54M","-0.36%"
"05/21/2019","146.62","146.11","146.81","146.04","1.44M","0.98%"
"05/20/2019","145.20","145.26","145.92","144.78","1.67M","-0.71%"
"05/17/2019","146.24","146.06","147.63","146.01","1.92M","-0.71%"
"05/16/2019","147.28","146.33","148.03","146.29","2.32M","0.90%"
"05/15/2019","145.96","144.23","146.27","144.05","2.07M","0.59%"
"05/14/2019","145.10","144.28","145.91","144.14","3.09M","0.90%"
"05/13/2019","143.80","144.70","145.15","143.25","4.24M","-2.53%"
"05/10/2019","147.53","146.33","147.96","144.65","3.18M","0.46%"
"05/09/2019","146.85","146.06","147.18","145.06","2.77M","-0.32%"
"05/08/2019","147.32","147.35","148.24","147.01","2.49M","-0.16%"
"05/07/2019","147.56","148.84","149.09","146.43","4.39M","-1.72%"
"05/06/2019","150.15","148.19","150.34","148.02","2.64M","-0.32%"
"05/03/2019","150.63","149.80","150.70","149.70","2.15M","1.08%"
"05/02/2019","149.02","149.15","149.74","148.06","2.54M","-0.17%"
"05/01/2019","149.27","150.80","150.87","149.24","3.76M","-0.74%"
"04/30/2019","150.39","150.28","150.60","149.30","2.22M","0.01%"
"04/29/2019","150.38","150.22","150.69","150.13","2.46M","0.15%"
"04/26/2019","150.16","149.41","150.16","148.99","2.18M","0.54%"
"04/25/2019","149.35","149.54","149.69","148.60","2.43M","-0.17%"
"04/24/2019","149.60","149.78","150.05","149.47","1.92M","-0.13%"
"04/23/2019","149.80","148.55","149.92","148.45","2.34M","1.00%"
"04/22/2019","148.31","147.95","148.41","147.77","2.15M","0.03%"
"04/18/2019","148.27","148.40","148.40","147.51","2.46M","0.15%"
"04/17/2019","148.05","149.20","149.22","147.77","2.98M","-0.37%"
"04/16/2019","148.60","149.00","149.06","148.24","2.95M","0.03%"
"04/15/2019","148.56","148.75","148.80","148.06","2.08M","-0.08%"
"04/12/2019","148.68","148.55","148.80","148.13","2.61M","0.67%"
"04/11/2019","147.69","147.94","147.96","147.34","1.79M","-0.01%"
"04/10/2019","147.70","147.24","147.72","147.07","2.02M","0.46%"
"04/09/2019","147.02","147.32","147.48","146.71","2.15M","-0.60%"
"04/08/2019","147.91","147.54","147.93","147.11","2.13M","0.09%"
"04/05/2019","147.78","147.39","147.83","147.26","1.74M","0.50%"
"04/04/2019","147.04","146.84","147.15","146.35","2.25M","0.21%"
"04/03/2019","146.73","147.08","147.34","146.32","2.40M","0.24%"
"04/02/2019","146.38","146.42","146.50","145.87","4.29M","-0.01%"
"04/01/2019","146.39","145.76","146.48","145.59","3.67M","1.16%"
"03/29/2019","144.71","144.61","144.78","144.03","3.61M","0.66%"
"03/28/2019","143.76","143.46","143.98","142.83","2.65M","0.44%"
"03/27/2019","143.13","143.84","144.15","142.15","3.40M","-0.46%"
"03/26/2019","143.79","143.70","144.38","143.01","2.86M","0.77%"
"03/25/2019","142.69","142.58","143.31","141.90","3.68M","-0.61%"
"03/22/2019","143.56","145.84","146.07","143.50","5.15M","-2.09%"
"03/21/2019","146.62","144.48","146.84","144.36","2.95M","1.17%"
"03/20/2019","144.92","145.32","145.99","144.25","2.90M","-0.41%"
"03/19/2019","145.52","146.12","146.47","144.99","6.10M","-0.02%"
"03/18/2019","145.55","145.10","145.76","144.95","2.49M","0.37%"
"03/15/2019","145.01","144.62","145.48","144.55","2.32M","0.46%"
"03/14/2019","144.34","144.46","144.64","144.05","1.49M","-0.08%"
"03/13/2019","144.46","143.96","144.95","143.94","2.01M","0.64%"
"03/12/2019","143.54","143.33","143.84","143.23","1.97M","0.34%"
"03/11/2019","143.06","141.39","143.11","141.36","1.91M","1.47%"
"03/08/2019","140.99","140.13","141.03","139.92","2.33M","-0.21%"
"03/07/2019","141.28","142.16","142.25","140.76","2.85M","-0.78%"
"03/06/2019","142.39","143.52","143.55","142.23","2.14M","-0.76%"
"03/05/2019","143.48","143.81","143.90","143.18","2.84M","-0.19%"
"03/04/2019","143.75","145.00","145.03","142.42","3.56M","-0.46%"
"03/01/2019","144.42","144.38","144.60","143.50","2.99M","0.67%"
"02/28/2019","143.46","143.65","143.90","143.31","2.28M","-0.21%"
"02/27/2019","143.76","143.39","143.97","142.88","2.05M","0.03%"
"02/26/2019","143.71","143.75","144.23","143.59","2.16M","-0.19%"
"02/25/2019","143.98","144.56","144.88","143.90","3.92M","0.15%"
"02/22/2019","143.77","143.20","143.84","143.03","1.84M","0.66%"
"02/21/2019","142.83","143.06","143.14","142.25","3.69M","-0.34%"
"02/20/2019","143.32","143.05","143.53","142.74","2.36M","0.21%"
"02/19/2019","143.02","142.41","143.39","142.34","2.47M","0.20%"
"02/15/2019","142.74","142.16","142.77","141.91","2.54M","1.10%"
"02/14/2019","141.19","140.86","141.81","140.38","2.73M","-0.18%"
"02/13/2019","141.44","141.45","141.88","141.14","2.37M","0.31%"
"02/12/2019","141.00","140.12","141.18","140.06","3.31M","1.25%"
"02/11/2019","139.26","139.40","139.55","138.89","2.34M","0.21%"
"02/08/2019","138.97","138.14","138.99","137.66","2.11M","0.10%"
"02/07/2019","138.83","139.18","139.49","137.12","5.10M","-0.95%"
"02/06/2019","140.16","140.15","140.40","139.65","2.95M","-0.10%"
"02/05/2019","140.30","139.95","140.45","139.66","2.76M","0.42%"
"02/04/2019","139.72","138.76","139.75","138.36","4.94M","0.71%"
"02/01/2019","138.73","138.70","139.20","138.25","3.23M","0.14%"
"01/31/2019","138.53","137.27","138.77","137.24","3.93M","0.88%"
"01/30/2019","137.32","136.15","137.81","135.62","3.06M","1.51%"
"01/29/2019","135.28","135.62","135.87","134.84","2.98M","-0.14%"
"01/28/2019","135.47","135.24","135.52","134.48","4.37M","-0.73%"
"01/25/2019","136.47","136.23","136.82","136.03","2.99M","0.94%"
"01/24/2019","135.20","134.93","135.47","134.46","3.79M","0.21%"
"01/23/2019","134.92","135.38","135.77","133.60","3.93M","0.10%"
"01/22/2019","134.78","135.89","135.92","133.89","5.04M","-1.37%"
"01/18/2019","136.65","135.89","136.94","135.45","4.22M","1.30%"
"01/17/2019","134.90","133.40","135.40","133.16","4.40M","0.81%"
"01/16/2019","133.82","133.67","134.33","133.61","2.96M","0.28%"
"01/15/2019","133.44","132.19","133.56","132.05","4.54M","1.09%"
"01/14/2019","132.00","131.79","132.49","131.56","2.48M","-0.63%"
"01/11/2019","132.84","132.13","132.86","131.85","3.03M","0.02%"
"01/10/2019","132.81","131.44","132.89","131.00","2.69M","0.49%"
"01/09/2019","132.16","132.02","132.67","131.36","6.41M","0.47%"
"01/08/2019","131.54","131.45","131.73","130.05","3.95M","1.03%"
"01/07/2019","130.20","129.19","131.04","128.81","4.49M","1.01%"
"01/04/2019","128.90","126.48","129.37","126.32","4.78M","3.31%"
"01/03/2019","124.77","126.91","126.91","124.57","5.25M","-2.32%"
"01/02/2019","127.73","125.75","128.16","125.34","5.09M","0.08%"
"12/31/2018","127.63","127.38","127.73","126.28","9.41M","0.95%"
"12/28/2018","126.43","127.50","128.31","125.73","11.67M","-0.13%"
"12/27/2018","126.59","123.76","126.59","121.91","16.13M","0.90%"
"12/26/2018","125.46","120.34","125.52","119.35","12.51M","4.81%"
"12/24/2018","119.70","121.90","122.54","119.67","14.49M","-3.07%"
"12/21/2018","123.49","126.51","127.97","123.12","13.61M","-2.12%"
"12/20/2018","126.17","127.51","128.38","124.80","13.12M","-1.61%"
"12/19/2018","128.24","130.28","132.39","127.30","8.01M","-1.54%"
"12/18/2018","130.24","131.26","131.74","129.36","8.07M","-0.03%"
"12/17/2018","130.28","132.54","133.16","129.47","7.19M","-2.13%"
"12/14/2018","133.12","134.26","134.92","132.76","4.50M","-1.73%"
"12/13/2018","135.46","136.24","136.69","134.89","3.30M","-0.24%"
"12/12/2018","135.79","136.72","137.51","135.75","3.72M","0.57%"
"12/11/2018","135.02","136.86","137.01","134.23","3.46M","-0.02%"
"12/10/2018","135.05","134.81","135.60","132.45","5.05M","0.11%"
"12/07/2018","134.90","137.94","138.87","134.43","4.99M","-2.36%"
"12/06/2018","138.16","136.15","138.16","134.35","6.54M","-0.12%"
"12/04/2018","138.33","142.64","142.82","138.10","3.92M","-3.27%"
"12/03/2018","143.00","143.60","144.00","142.03","3.66M","1.17%"
"11/30/2018","141.35","140.24","141.51","140.07","2.14M","0.72%"
"11/29/2018","140.34","140.19","141.16","139.48","2.90M","-0.18%"
"11/28/2018","140.60","138.03","140.60","137.42","6.06M","2.33%"
"11/27/2018","137.40","136.65","137.42","136.27","2.86M","0.12%"
"11/26/2018","137.23","136.48","137.28","136.18","4.70M","1.55%"
"11/23/2018","135.13","134.92","135.92","134.73","1.30M","-0.54%"
"11/21/2018","135.86","136.00","136.89","135.75","4.15M","0.49%"
"11/20/2018","135.20","135.73","136.62","134.64","4.63M","-1.78%"
"11/19/2018","137.65","139.83","139.93","137.17","3.48M","-1.73%"
"11/16/2018","140.08","139.07","140.57","138.82","2.27M","0.21%"
"11/15/2018","139.78","137.55","140.01","136.70","3.63M","1.13%"
"11/14/2018","138.22","140.34","140.57","137.38","2.77M","-0.73%"
"11/13/2018","139.24","139.77","140.92","138.82","2.29M","-0.14%"
"11/12/2018","139.44","141.79","141.97","139.18","3.53M","-1.92%"
"11/09/2018","142.17","142.91","142.96","141.29","2.23M","-1.02%"
"11/08/2018","143.64","143.55","144.06","142.98","1.87M","-0.19%"
"11/07/2018","143.92","142.30","144.00","141.97","2.78M","2.04%"
"11/06/2018","141.04","140.19","141.11","140.17","2.03M","0.57%"
"11/05/2018","140.24","139.80","140.52","139.19","3.14M","0.49%"
"11/02/2018","139.56","140.93","141.20","138.39","3.17M","-0.41%"
"11/01/2018","140.13","139.04","140.37","138.52","3.71M","1.13%"
"10/31/2018","138.56","138.60","139.84","138.37","4.03M","1.04%"
"10/30/2018","137.13","134.96","137.29","134.61","3.68M","1.56%"
"10/29/2018","135.02","137.51","138.33","133.07","5.17M","-0.55%"
"10/26/2018","135.77","136.12","137.53","134.17","6.62M","-1.73%"
"10/25/2018","138.16","136.63","138.96","136.17","4.89M","1.88%"
"10/24/2018","135.61","139.89","140.09","135.40","6.01M","-3.11%"
"10/23/2018","139.96","138.69","140.67","137.46","4.98M","-0.59%"
"10/22/2018","140.79","141.73","141.94","140.42","3.22M","-0.40%"
"10/19/2018","141.35","142.14","143.07","141.01","3.00M","-0.26%"
"10/18/2018","141.72","143.31","143.61","141.00","3.78M","-1.45%"
"10/17/2018","143.80","143.91","144.15","142.33","3.15M","-0.03%"
"10/16/2018","143.84","141.75","144.06","141.36","3.99M","2.20%"
"10/15/2018","140.74","141.16","141.97","140.50","3.39M","-0.45%"
"10/12/2018","141.37","142.00","142.32","139.49","7.98M","1.32%"
"10/11/2018","139.53","142.02","142.97","138.75","11.71M","-2.13%"
"10/10/2018","142.57","146.93","146.95","142.41","6.89M","-3.18%"
"10/09/2018","147.26","147.25","148.02","147.02","3.69M","-0.18%"
"10/08/2018","147.52","147.28","147.76","146.36","2.52M","-0.07%"
"10/05/2018","147.63","148.62","148.95","146.73","3.20M","-0.65%"
"10/04/2018","148.59","149.58","149.61","147.71","3.22M","-0.85%"
"10/03/2018","149.86","150.26","150.49","149.65","2.56M","0.13%"
"10/02/2018","149.66","149.86","150.10","149.43","2.16M","-0.15%"
"10/01/2018","149.88","150.42","150.77","149.52","2.72M","0.15%"
"09/28/2018","149.65","149.28","149.99","149.23","1.80M","-0.43%"
"09/27/2018","150.30","150.24","150.95","150.08","1.81M","0.23%"
"09/26/2018","149.95","150.61","151.29","149.79","4.90M","-0.39%"
"09/25/2018","150.53","150.89","151.07","150.42","2.32M","-0.05%"
"09/24/2018","150.61","150.87","150.93","150.27","1.67M","-0.36%"
"09/21/2018","151.16","151.82","151.84","151.05","1.99M","-0.10%"
"09/20/2018","151.31","150.83","151.47","150.52","1.71M","0.77%"
"09/19/2018","150.15","150.12","150.48","150.01","1.81M","0.01%"
"09/18/2018","150.13","149.43","150.44","149.40","1.67M","0.54%"
"09/17/2018","149.33","150.24","150.28","149.19","1.66M","-0.63%"
"09/14/2018","150.28","150.28","150.48","149.79","1.36M","0.08%"
"09/13/2018","150.16","149.97","150.33","149.75","1.91M","0.50%"
"09/12/2018","149.41","149.31","149.64","148.79","2.18M","0.01%"
"09/11/2018","149.40","148.55","149.62","148.33","2.58M","0.34%"
"09/10/2018","148.90","149.20","149.33","148.79","2.16M","0.22%"
"09/07/2018","148.58","148.37","149.17","148.13","2.33M","-0.23%"
"09/06/2018","148.92","149.46","149.69","148.36","2.59M","-0.30%"
"09/05/2018","149.37","149.66","149.69","148.71","2.77M","-0.33%"
"09/04/2018","149.86","149.89","150.10","149.22","2.34M","-0.14%"
"08/31/2018","150.07","149.81","150.28","149.59","2.54M","0.04%"
"08/30/2018","150.01","150.31","150.60","149.67","2.15M","-0.41%"
"08/29/2018","150.63","149.96","150.77","149.82","2.69M","0.53%"
"08/28/2018","149.84","150.10","150.20","149.53","3.02M","0.06%"
"08/27/2018","149.75","149.32","149.87","149.10","2.13M","0.72%"
"08/24/2018","148.68","148.15","148.76","148.10","1.71M","0.62%"
"08/23/2018","147.76","147.90","148.37","147.58","1.35M","-0.20%"
"08/22/2018","148.05","147.79","148.29","147.71","1.17M","0.03%"
"08/21/2018","148.00","147.78","148.51","147.78","2.09M","0.37%"
"08/20/2018","147.45","147.45","147.69","147.16","5.76M","0.19%"
"08/17/2018","147.17","146.45","147.39","146.30","2.19M","0.37%"
"08/16/2018","146.63","146.28","147.15","146.26","1.35M","0.78%"
"08/15/2018","145.49","145.87","146.03","144.64","2.68M","-0.79%"
"08/14/2018","146.65","146.11","146.78","145.92","1.78M","0.66%"
"08/13/2018","145.69","146.40","146.75","145.46","1.90M","-0.38%"
"08/10/2018","146.25","146.35","146.76","145.94","1.85M","-0.63%"
"08/09/2018","147.17","147.37","147.68","147.07","1.23M","-0.07%"
"08/08/2018","147.27","147.33","147.53","146.98","1.27M","-0.09%"
"08/07/2018","147.41","147.29","147.62","147.00","2.53M","0.33%"
"08/06/2018","146.93","146.31","147.06","146.09","1.80M","0.45%"
"08/03/2018","146.27","145.89","146.29","145.76","1.98M","0.34%"
"08/02/2018","145.78","144.17","145.91","144.08","1.51M","0.59%"
"08/01/2018","144.92","145.19","145.53","144.49","1.52M","-0.12%"
"07/31/2018","145.09","144.82","145.51","144.54","2.00M","0.57%"
"07/30/2018","144.27","145.22","145.34","144.06","5.38M","-0.65%"
"07/27/2018","145.22","146.60","146.64","144.63","2.54M","-0.80%"
"07/26/2018","146.39","146.23","146.74","146.00","2.08M","-0.16%"
"07/25/2018","146.63","145.30","146.67","145.01","2.13M","0.85%"
"07/24/2018","145.39","145.77","146.09","144.90","2.34M","0.22%"
"07/23/2018","145.07","144.79","145.16","144.47","1.44M","0.16%"
"07/20/2018","144.84","145.00","145.24","144.56","1.51M","-0.18%"
"07/19/2018","145.10","145.07","145.42","144.60","2.03M","-0.24%"
"07/18/2018","145.45","145.13","145.50","144.85","1.33M","0.22%"
"07/17/2018","145.13","144.02","145.33","144.01","1.77M","0.46%"
"07/16/2018","144.47","144.77","144.84","144.22","1.57M","-0.16%"
"07/13/2018","144.70","144.53","144.98","144.26","1.97M","0.06%"
"07/12/2018","144.61","144.18","144.66","143.72","1.44M","0.82%"
"07/11/2018","143.43","143.62","144.10","143.10","2.04M","-0.71%"
"07/10/2018","144.46","144.39","144.61","144.03","1.44M","0.26%"
"07/09/2018","144.09","143.46","144.11","143.14","2.15M","0.91%"
"07/06/2018","142.79","141.66","143.00","141.44","1.76M","0.84%"
"07/05/2018","141.60","141.13","141.62","140.45","2.80M","0.85%"
"07/03/2018","140.41","141.36","141.47","140.22","1.33M","-0.26%"
"07/02/2018","140.77","139.56","140.88","139.43","2.83M","0.24%"
"06/29/2018","140.43","140.90","141.66","140.39","1.85M","0.07%"
"06/28/2018","140.33","139.43","140.69","138.99","2.49M","0.62%"
"06/27/2018","139.46","141.20","141.89","139.45","2.96M","-0.93%"
"06/26/2018","140.77","140.70","141.25","140.30","2.09M","0.23%"
"06/25/2018","140.45","141.85","141.99","139.54","4.35M","-1.40%"
"06/22/2018","142.45","143.00","143.08","142.37","1.23M","-0.28%"
"06/21/2018","142.85","143.83","143.85","142.56","1.88M","-0.69%"
"06/20/2018","143.84","143.95","144.19","143.59","1.47M","0.23%"
"06/19/2018","143.51","142.75","143.62","142.40","1.96M","-0.33%"
"06/18/2018","143.99","143.30","144.06","143.03","1.61M","-0.11%"
"06/15/2018","144.15","143.85","144.33","143.23","3.33M","-0.10%"
"06/14/2018","144.29","144.40","144.57","143.89","1.81M","0.28%"
"06/13/2018","143.88","144.54","144.66","143.80","1.40M","-0.37%"
"06/12/2018","144.42","144.40","144.61","144.00","1.58M","0.21%"
"06/11/2018","144.12","144.00","144.47","143.97","1.66M","0.15%"
"06/08/2018","143.91","143.27","143.94","143.12","1.08M","0.34%"
"06/07/2018","143.42","143.81","144.00","142.90","1.66M","-0.15%"
"06/06/2018","143.63","142.75","143.63","142.38","3.01M","0.89%"
"06/05/2018","142.37","142.26","142.52","141.83","2.95M","0.15%"
"06/04/2018","142.16","141.90","142.26","141.73","1.59M","0.47%"
"06/01/2018","141.50","140.93","141.65","140.76","1.86M","1.04%"
"05/31/2018","140.04","140.88","140.95","139.81","1.70M","-0.69%"
"05/30/2018","141.01","139.97","141.31","139.91","1.59M","1.29%"
"05/29/2018","139.21","139.80","140.16","138.54","2.69M","-0.99%"
"05/25/2018","140.60","140.60","140.91","140.28","1.26M","-0.19%"
"05/24/2018","140.87","140.93","141.06","139.86","1.41M","-0.16%"
"05/23/2018","141.10","140.09","141.10","140.00","1.43M","0.26%"
"05/22/2018","140.73","141.56","141.66","140.59","1.21M","-0.37%"
"05/21/2018","141.25","141.06","141.53","140.84","1.30M","0.75%"
"05/18/2018","140.20","140.36","140.51","139.97","910.25K","-0.22%"
"05/17/2018","140.51","140.38","141.04","140.02","1.66M","0.03%"
"05/16/2018","140.47","139.85","140.76","139.85","1.35M","0.49%"
"05/15/2018","139.79","139.95","140.11","139.34","2.28M","-0.60%"
"05/14/2018","140.64","140.94","141.30","140.39","1.40M","0.05%"
"05/11/2018","140.57","140.41","140.87","140.05","1.20M","0.20%"
"05/10/2018","140.29","139.51","140.54","139.44","1.81M","0.87%"
"05/09/2018","139.08","138.20","139.27","137.90","1.45M","0.94%"
"05/08/2018","137.78","137.59","138.01","136.98","1.36M","0.04%"
"05/07/2018","137.73","137.65","138.31","137.38","1.45M","0.44%"
"05/04/2018","137.13","134.97","137.56","134.64","2.38M","1.29%"
"05/03/2018","135.38","135.19","135.80","133.66","2.64M","-0.27%"
"05/02/2018","135.75","136.46","136.97","135.54","1.66M","-0.58%"
"05/01/2018","136.54","136.04","136.60","135.12","1.76M","0.15%"
"04/30/2018","136.33","137.69","137.99","136.25","2.28M","-0.73%"
"04/27/2018","137.33","137.54","137.74","136.80","1.13M","0.07%"
"04/26/2018","137.24","136.52","137.68","136.25","1.28M","0.95%"
"04/25/2018","135.95","135.77","136.25","134.61","2.28M","0.11%"
"04/24/2018","135.80","138.10","138.19","134.86","3.05M","-1.20%"
"04/23/2018","137.45","137.78","138.16","136.81","2.03M","-0.04%"
"04/20/2018","137.50","138.56","138.67","137.03","1.67M","-0.79%"
"04/19/2018","138.60","138.98","139.18","138.02","4.00M","-0.55%"
"04/18/2018","139.36","139.54","139.85","139.09","1.55M","0.14%"
"04/17/2018","139.17","138.73","139.53","138.43","2.22M","1.05%"
"04/16/2018","137.72","137.54","138.15","136.97","2.89M","0.83%"
"04/13/2018","136.58","137.72","137.75","136.01","2.19M","-0.28%"
"04/12/2018","136.97","136.73","137.53","136.51","1.86M","0.81%"
"04/11/2018","135.87","135.67","136.83","135.40","2.06M","-0.46%"
"04/10/2018","136.50","136.00","136.97","135.46","2.15M","1.62%"
"04/09/2018","134.32","134.72","136.30","134.16","2.24M","0.34%"
"04/06/2018","133.87","135.73","136.54","132.92","4.94M","-2.10%"
"04/05/2018","136.74","136.65","137.23","136.11","2.68M","0.70%"
"04/04/2018","135.79","132.19","136.10","132.10","2.93M","1.12%"
"04/03/2018","134.28","133.35","134.54","132.35","3.74M","1.24%"
"04/02/2018","132.63","135.29","135.57","131.26","5.70M","-2.28%"
"03/29/2018","135.72","134.49","136.59","134.16","2.35M","1.37%"
"03/28/2018","133.88","134.36","135.19","133.23","4.74M","-0.23%"
"03/27/2018","134.19","137.18","137.31","133.43","3.31M","-1.77%"
"03/26/2018","136.61","135.09","136.73","133.76","3.86M","2.64%"
"03/23/2018","133.10","136.13","136.65","133.03","5.70M","-2.10%"
"03/22/2018","135.95","138.15","138.61","135.85","3.13M","-2.84%"
"03/21/2018","139.93","140.05","141.24","139.78","2.11M","-0.09%"
"03/20/2018","140.05","140.00","140.42","139.66","1.67M","0.15%"
"03/19/2018","139.84","141.16","141.40","138.86","3.15M","-1.28%"
"03/16/2018","141.66","141.58","142.19","141.58","2.64M","0.17%"
"03/15/2018","141.42","141.96","142.22","141.11","1.93M","-0.13%"
"03/14/2018","141.61","142.90","142.99","141.35","2.10M","-0.51%"
"03/13/2018","142.33","143.86","144.14","142.01","2.08M","-0.62%"
"03/12/2018","143.22","143.49","143.85","142.96","2.00M","-0.06%"
"03/09/2018","143.30","141.79","143.30","141.55","2.33M","1.66%"
"03/08/2018","140.96","140.83","141.03","140.11","2.31M","0.38%"
"03/07/2018","140.43","139.05","140.61","138.97","2.57M","0.09%"
"03/06/2018","140.31","140.36","140.61","139.32","2.79M","0.36%"
"03/05/2018","139.80","137.55","140.15","137.50","2.92M","1.13%"
"03/02/2018","138.24","136.28","138.51","135.83","3.02M","0.65%"
"03/01/2018","137.35","139.07","139.88","136.40","4.85M","-1.19%"
"02/28/2018","139.00","141.18","141.40","138.97","2.29M","-1.10%"
"02/27/2018","140.55","142.41","142.86","140.55","2.31M","-1.26%"
"02/26/2018","142.34","141.50","142.41","141.04","1.77M","1.05%"
"02/23/2018","140.86","139.45","140.86","139.14","1.44M","1.55%"
"02/22/2018","138.71","139.19","140.09","138.38","2.11M","0.06%"
"02/21/2018","138.62","139.45","140.96","138.61","2.18M","-0.47%"
"02/20/2018","139.27","139.56","140.44","138.82","2.49M","-0.60%"
"02/16/2018","140.11","139.68","141.23","139.67","2.81M","0.04%"
"02/15/2018","140.05","139.33","140.05","137.95","2.85M","1.22%"
"02/14/2018","138.36","135.62","138.55","135.57","3.08M","1.40%"
"02/13/2018","136.45","135.34","136.70","135.01","2.97M","0.32%"
"02/12/2018","136.02","135.35","136.85","134.23","4.25M","1.33%"
"02/09/2018","134.23","133.90","135.21","129.84","9.47M","1.37%"
"02/08/2018","132.41","137.53","137.80","132.35","7.68M","-3.60%"
"02/07/2018","137.35","137.83","139.56","137.35","6.18M","-0.44%"
"02/06/2018","137.96","133.26","138.24","132.50","10.79M","1.64%"
"02/05/2018","135.74","140.21","141.40","135.15","10.36M","-3.93%"
"02/02/2018","141.30","143.51","143.68","141.24","5.32M","-2.13%"
"02/01/2018","144.37","143.98","145.02","143.84","2.92M","-0.04%"
"01/31/2018","144.43","144.94","145.24","143.79","4.67M","0.03%"
"01/30/2018","144.38","144.74","145.15","144.15","4.90M","-1.04%"
"01/29/2018","145.90","146.58","146.82","145.82","2.69M","-0.65%"
"01/26/2018","146.86","145.82","146.87","145.63","2.00M","1.05%"
"01/25/2018","145.34","145.84","145.84","144.87","4.23M","0.04%"
"01/24/2018","145.28","145.85","146.11","144.63","3.41M","-0.10%"
"01/23/2018","145.42","145.10","145.57","144.92","2.26M","0.25%"
"01/22/2018","145.06","143.84","145.06","143.84","2.85M","0.79%"
"01/19/2018","143.92","143.49","143.93","143.19","2.12M","0.52%"
"01/18/2018","143.18","143.42","143.58","142.90","2.71M","-0.17%"
"01/17/2018","143.43","142.72","143.64","142.25","2.76M","0.92%"
"01/16/2018","142.12","143.53","143.82","141.71","3.97M","-0.44%"
"01/12/2018","142.75","142.08","142.85","142.00","2.66M","0.58%"
"01/11/2018","141.92","141.00","141.92","140.97","2.19M","0.85%"
"01/10/2018","140.73","140.57","140.85","140.07","2.01M","-0.16%"
"01/09/2018","140.95","140.92","141.31","140.71","2.63M","0.18%"
"01/08/2018","140.69","140.31","140.77","140.10","2.66M","0.23%"
"01/05/2018","140.37","140.02","140.44","139.72","2.19M","0.59%"
"01/04/2018","139.55","139.42","139.81","139.35","2.57M","0.38%"
"01/03/2018","139.02","138.39","139.10","138.30","3.05M","0.58%"
"01/02/2018","138.22","137.75","138.22","137.44","3.70M","0.71%"
"12/29/2017","137.25","138.08","138.10","137.15","2.26M","-0.37%"
"12/28/2017","137.76","137.79","137.81","137.51","2.94M","0.22%"
"12/27/2017","137.46","137.58","137.72","137.34","2.24M","0.04%"
"12/26/2017","137.41","137.34","137.52","137.29","2.05M","-0.08%"
"12/22/2017","137.52","137.64","137.86","137.19","1.93M","-0.04%"
"12/21/2017","137.57","137.62","137.93","137.39","2.11M","-0.26%"
"12/20/2017","137.93","138.50","138.55","137.68","2.52M","-0.01%"
"12/19/2017","137.94","138.72","138.72","137.90","3.64M","-0.40%"
"12/18/2017","138.50","138.26","138.68","138.26","2.70M","0.69%"
"12/15/2017","137.55","136.95","137.83","136.87","2.29M","0.89%"
"12/14/2017","136.33","137.22","137.24","136.27","1.86M","-0.47%"
"12/13/2017","136.97","137.03","137.43","136.91","1.86M","0.01%"
"12/12/2017","136.95","136.98","137.25","136.81","1.52M","0.11%"
"12/11/2017","136.80","136.50","136.83","136.48","1.93M","0.23%"
"12/08/2017","136.48","136.27","136.52","136.07","1.50M","0.52%"
"12/07/2017","135.77","135.14","135.94","135.08","1.54M","0.40%"
"12/06/2017","135.23","135.11","135.46","135.00","2.84M","-0.06%"
"12/05/2017","135.31","136.09","136.33","135.23","2.58M","-0.43%"
"12/04/2017","135.89","137.04","137.38","135.88","3.12M","-0.13%"
"12/01/2017","136.07","136.28","136.50","134.04","3.59M","-0.20%"
"11/30/2017","136.34","135.88","136.92","135.78","2.85M","0.77%"
"11/29/2017","135.30","135.46","135.79","135.02","2.07M","0.00%"
"11/28/2017","135.30","134.25","135.36","134.14","2.92M","0.99%"
"11/27/2017","133.97","134.12","134.29","133.87","1.75M","-0.10%"
"11/24/2017","134.11","134.08","134.13","133.98","670.55K","0.23%"
"11/22/2017","133.80","133.94","134.00","133.69","1.30M","-0.07%"
"11/21/2017","133.90","133.44","133.94","133.41","1.96M","0.69%"
"11/20/2017","132.98","132.82","133.05","132.68","1.81M","0.26%"
"11/17/2017","132.64","132.64","132.91","132.61","4.85M","-0.19%"
"11/16/2017","132.89","132.11","133.10","132.11","1.73M","0.91%"
"11/15/2017","131.69","131.79","132.08","131.21","1.77M","-0.51%"
"11/14/2017","132.37","132.22","132.42","131.79","3.78M","-0.18%"
"11/13/2017","132.61","132.11","132.75","132.08","1.88M","0.05%"
"11/10/2017","132.54","132.24","132.63","132.17","2.04M","0.02%"
"11/09/2017","132.52","132.38","132.74","131.62","4.32M","-0.41%"
"11/08/2017","133.06","132.73","133.12","132.55","1.27M","0.17%"
"11/07/2017","132.84","133.16","133.33","132.53","2.53M","-0.17%"
"11/06/2017","133.07","132.77","133.16","132.75","2.02M","0.19%"
"11/03/2017","132.82","132.54","132.88","132.28","2.68M","0.26%"
"11/02/2017","132.47","132.34","132.53","131.82","5.10M","0.02%"
"11/01/2017","132.44","132.83","133.03","132.17","2.28M","0.08%"
"10/31/2017","132.33","132.27","132.50","132.12","2.38M","0.20%"
"10/30/2017","132.06","132.42","132.54","131.90","1.69M","-0.44%"
"10/27/2017","132.64","131.94","132.67","131.76","2.67M","0.81%"
"10/26/2017","131.57","131.72","132.01","131.49","5.40M","0.13%"
"10/25/2017","131.40","131.91","131.95","130.69","2.19M","-0.52%"
"10/24/2017","132.09","132.16","132.23","131.89","1.57M","0.17%"
"10/23/2017","131.86","132.63","132.68","131.79","1.76M","-0.42%"
"10/20/2017","132.42","132.07","132.45","132.07","1.75M","0.54%"
"10/19/2017","131.71","131.25","131.71","130.94","1.94M","0.02%"
"10/18/2017","131.68","131.80","131.83","131.57","1.47M","0.13%"
"10/17/2017","131.51","131.50","131.57","131.34","1.34M","0.05%"
"10/16/2017","131.45","131.50","131.65","131.27","1.79M","0.07%"
"10/13/2017","131.36","131.55","131.59","131.28","1.54M","0.08%"
"10/12/2017","131.26","131.16","131.45","131.12","2.17M","-0.12%"
"10/11/2017","131.42","131.24","131.43","131.10","2.01M","0.14%"
"10/10/2017","131.24","131.25","131.48","130.94","2.92M","0.24%"
"10/09/2017","130.93","131.30","131.36","130.76","1.01M","-0.20%"
"10/06/2017","131.19","131.06","131.23","130.91","1.64M","-0.07%"
"10/05/2017","131.28","130.73","131.34","130.72","2.39M","0.53%"
"10/04/2017","130.59","130.45","130.78","130.30","1.50M","0.10%"
"10/03/2017","130.46","130.31","130.50","130.13","1.83M","0.20%"
"10/02/2017","130.20","129.64","130.20","129.55","2.68M","0.53%"
"09/29/2017","129.52","129.02","129.56","129.01","1.72M","0.33%"
"09/28/2017","129.10","128.82","129.13","128.66","1.48M","0.16%"
"09/27/2017","128.89","128.84","129.10","128.17","2.37M","0.55%"
"09/26/2017","128.19","128.35","128.51","128.11","1.85M","0.02%"
"09/25/2017","128.16","128.24","128.43","127.69","2.19M","-0.16%"
"09/22/2017","128.37","128.14","128.44","127.99","1.60M","-0.35%"
"09/21/2017","128.82","129.12","129.13","128.72","1.73M","-0.28%"
"09/20/2017","129.18","129.10","129.21","128.60","1.73M","0.16%"
"09/19/2017","128.97","129.06","129.10","128.85","1.24M","0.05%"
"09/18/2017","128.91","128.85","129.10","128.69","1.79M","0.24%"
"09/15/2017","128.60","128.31","128.62","128.20","1.53M","0.19%"
"09/14/2017","128.36","128.23","128.48","128.07","1.49M","-0.03%"
"09/13/2017","128.40","128.23","128.41","128.12","1.69M","0.05%"
"09/12/2017","128.34","128.04","128.34","128.00","2.26M","0.38%"
"09/11/2017","127.85","127.15","127.91","127.15","1.35M","1.08%"
"09/08/2017","126.49","126.35","126.74","126.27","1.21M","-0.07%"
"09/07/2017","126.58","126.96","126.96","126.32","1.22M","-0.05%"
"09/06/2017","126.64","126.69","126.86","126.32","1.45M","0.28%"
"09/05/2017","126.29","126.92","127.10","125.69","2.32M","-0.77%"
"09/01/2017","127.27","127.23","127.46","127.12","2.12M","0.23%"
"08/31/2017","126.98","126.46","127.14","126.46","3.38M","0.68%"
"08/30/2017","126.12","125.46","126.28","125.38","1.73M","0.53%"
"08/29/2017","125.46","124.59","125.62","124.52","1.31M","0.04%"
"08/28/2017","125.41","125.66","125.66","125.11","1.79M","0.04%"
"08/25/2017","125.36","125.42","125.85","125.24","1.16M","0.24%"
"08/24/2017","125.06","125.50","125.63","124.94","1.38M","-0.16%"
"08/23/2017","125.26","125.07","125.51","125.02","1.27M","-0.30%"
"08/22/2017","125.64","124.73","125.75","124.56","2.09M","1.00%"
"08/21/2017","124.39","124.22","124.48","123.79","1.63M","0.14%"
"08/18/2017","124.21","124.48","124.94","123.95","2.84M","-0.17%"
"08/17/2017","124.42","126.09","126.28","124.42","3.44M","-1.59%"
"08/16/2017","126.43","126.50","126.80","126.23","1.38M","0.18%"
"08/15/2017","126.20","126.61","126.63","126.08","1.52M","-0.09%"
"08/14/2017","126.32","125.80","126.43","125.61","1.47M","1.02%"
"08/11/2017","125.04","124.94","125.33","124.80","2.04M","0.18%"
"08/10/2017","124.81","126.14","126.21","124.80","2.46M","-1.47%"
"08/09/2017","126.67","126.35","126.69","126.17","1.68M","-0.11%"
"08/08/2017","126.81","127.05","127.72","126.61","1.36M","-0.28%"
"08/07/2017","127.16","127.06","127.18","126.88","1.11M","0.20%"
"08/04/2017","126.91","127.00","127.07","126.70","972.37K","0.21%"
"08/03/2017","126.64","126.90","126.91","126.52","2.58M","-0.23%"
"08/02/2017","126.93","127.14","127.14","126.37","2.93M","-0.09%"
"08/01/2017","127.05","127.18","127.21","126.80","1.79M","0.21%"
"07/31/2017","126.79","127.11","127.18","126.62","1.50M","-0.06%"
"07/28/2017","126.86","126.78","126.96","126.54","1.47M","-0.17%"
"07/27/2017","127.07","127.58","127.58","126.31","1.71M","-0.17%"
"07/26/2017","127.29","127.55","127.60","127.17","1.62M","-0.07%"
"07/25/2017","127.38","127.51","127.57","127.20","1.71M","0.33%"
"07/24/2017","126.96","126.91","127.06","126.69","4.90M","0.01%"
"07/21/2017","126.95","126.81","126.99","126.64","1.82M","-0.13%"
"07/20/2017","127.12","127.28","127.28","126.80","1.46M","0.06%"
"07/19/2017","127.04","126.51","127.05","126.51","1.28M","0.58%"
"07/18/2017","126.31","126.11","126.33","125.78","2.01M","0.06%"
"07/17/2017","126.23","126.28","126.45","126.12","1.80M","0.00%"
"07/14/2017","126.23","125.77","126.50","125.65","1.41M","0.45%"
"07/13/2017","125.67","125.56","125.76","125.31","1.51M","0.16%"
"07/12/2017","125.47","125.20","125.63","125.10","1.99M","0.71%"
"07/11/2017","124.58","124.53","124.73","123.83","1.56M","-0.02%"
"07/10/2017","124.61","124.50","124.83","124.36","1.40M","0.07%"
"07/07/2017","124.52","123.96","124.62","123.90","1.71M","0.70%"
"07/06/2017","123.66","124.44","124.55","123.56","1.98M","-0.98%"
"07/05/2017","124.89","124.98","125.02","124.39","2.17M","0.11%"
"07/03/2017","124.75","124.99","125.30","124.75","1.65M","0.24%"
"06/30/2017","124.45","124.76","124.90","124.30","1.91M","0.14%"
"06/29/2017","124.28","125.46","125.48","123.48","2.35M","-0.80%"
"06/28/2017","125.28","124.77","125.41","124.59","2.44M","0.94%"
"06/27/2017","124.11","125.09","125.23","124.10","2.39M","-0.82%"
"06/26/2017","125.14","125.45","125.69","124.95","2.61M","0.07%"
"06/23/2017","125.05","124.81","125.19","124.58","1.83M","0.25%"
"06/22/2017","124.74","124.78","125.08","124.59","1.64M","0.04%"
"06/21/2017","124.69","125.11","125.20","124.51","3.36M","-0.57%"
"06/20/2017","125.41","126.16","126.17","125.40","1.36M","-0.68%"
"06/19/2017","126.27","125.67","126.35","125.67","1.82M","0.81%"
"06/16/2017","125.25","125.42","125.53","124.74","2.02M","-0.06%"
"06/15/2017","125.33","124.77","125.34","124.62","2.48M","-0.22%"
"06/14/2017","125.61","126.00","126.02","125.10","2.58M","-0.14%"
"06/13/2017","125.79","125.52","125.84","125.32","1.57M","0.50%"
"06/12/2017","125.17","125.06","125.20","124.63","1.97M","-0.02%"
"06/09/2017","125.19","125.48","126.02","124.45","2.59M","-0.08%"
"06/08/2017","125.29","125.12","125.53","124.88","1.83M","0.18%"
"06/07/2017","125.07","125.12","125.24","124.68","1.25M","0.11%"
"06/06/2017","124.93","124.96","125.29","124.78","2.99M","-0.26%"
"06/05/2017","125.25","125.42","125.50","125.22","1.49M","-0.13%"
"06/02/2017","125.41","125.09","125.58","124.87","2.84M","0.33%"
"06/01/2017","125.00","124.17","125.00","123.96","1.93M","0.93%"
"05/31/2017","123.85","124.01","124.09","123.31","2.04M","-0.03%"
"05/30/2017","123.89","123.87","124.06","123.71","1.35M","-0.16%"
"05/26/2017","124.09","124.00","124.15","123.93","1.32M","-0.02%"
"05/25/2017","124.11","123.90","124.27","123.78","1.49M","0.42%"
"05/24/2017","123.59","123.44","123.66","123.23","1.55M","0.29%"
"05/23/2017","123.23","123.25","123.39","122.95","1.80M","0.17%"
"05/22/2017","123.02","122.67","123.10","122.64","1.81M","0.53%"
"05/19/2017","122.37","121.91","122.77","121.82","2.14M","0.72%"
"05/18/2017","121.50","120.94","122.02","120.85","2.88M","0.30%"
"05/17/2017","121.14","122.31","122.56","121.07","3.70M","-1.80%"
"05/16/2017","123.36","123.63","123.65","123.07","2.13M","-0.06%"
"05/15/2017","123.43","123.07","123.59","123.04","3.10M","0.54%"
"05/12/2017","122.77","122.91","122.91","122.59","1.24M","-0.20%"
"05/11/2017","123.01","123.02","123.13","122.33","1.50M","-0.29%"
"05/10/2017","123.37","123.09","123.38","122.93","1.47M","0.22%"
"05/09/2017","123.10","123.36","123.43","122.85","1.85M","-0.03%"
"05/08/2017","123.14","123.36","123.45","122.90","2.15M","-0.15%"
"05/05/2017","123.33","122.95","123.33","122.68","2.06M","0.50%"
"05/04/2017","122.72","122.83","122.83","122.16","1.56M","0.07%"
"05/03/2017","122.63","122.59","122.78","122.28","3.69M","-0.24%"
"05/02/2017","122.93","123.09","123.25","122.70","1.76M","0.00%"
"05/01/2017","122.93","122.93","123.19","122.62","1.98M","0.26%"
"04/28/2017","122.61","123.16","123.21","122.55","1.80M","-0.33%"
"04/27/2017","123.02","123.12","123.21","122.69","1.87M","0.10%"
"04/26/2017","122.90","122.90","123.45","122.85","3.08M","0.02%"
"04/25/2017","122.87","122.56","123.09","122.52","2.15M","0.62%"
"04/24/2017","122.11","122.17","122.28","121.88","2.18M","1.06%"
"04/21/2017","120.83","121.21","121.21","120.61","2.01M","-0.32%"
"04/20/2017","121.22","120.59","121.43","120.37","1.78M","0.82%"
"04/19/2017","120.23","120.72","120.92","120.08","1.81M","-0.08%"
"04/18/2017","120.33","120.20","120.56","119.85","1.87M","-0.22%"
"04/17/2017","120.59","119.88","120.61","119.68","3.20M","0.87%"
"04/13/2017","119.55","120.15","120.56","119.55","2.85M","-0.68%"
"04/12/2017","120.37","120.88","120.99","120.23","1.97M","-0.51%"
"04/11/2017","120.99","120.87","121.00","120.06","2.90M","-0.03%"
"04/10/2017","121.03","121.04","121.51","120.70","1.67M","0.12%"
"04/07/2017","120.88","120.84","121.29","120.59","2.00M","-0.07%"
"04/06/2017","120.97","120.69","121.26","120.38","2.06M","0.32%"
"04/05/2017","120.59","121.49","122.02","120.44","3.91M","-0.40%"
"04/04/2017","121.08","120.89","121.11","120.64","2.46M","0.05%"
"04/03/2017","121.02","121.45","121.50","120.33","3.10M","-0.25%"
"03/31/2017","121.32","121.42","121.72","121.26","1.82M","-0.17%"
"03/30/2017","121.53","121.14","121.62","120.99","2.08M","0.37%"
"03/29/2017","121.08","120.88","121.23","120.58","3.20M","0.18%"
"03/28/2017","120.86","119.96","121.14","119.78","2.70M","0.70%"
"03/27/2017","120.02","119.18","120.19","118.89","2.93M","-0.12%"
"03/24/2017","120.16","120.42","120.74","119.66","2.31M","-0.44%"
"03/23/2017","120.69","120.66","121.39","120.47","2.26M","-0.03%"
"03/22/2017","120.73","120.48","120.91","120.10","2.90M","0.13%"
"03/21/2017","120.57","122.69","122.72","120.44","3.36M","-1.39%"
"03/20/2017","122.27","122.51","122.62","122.07","3.24M","-0.24%"
"03/17/2017","122.57","122.84","122.88","122.45","1.97M","-0.06%"
"03/16/2017","122.64","122.96","123.00","122.43","2.05M","-0.12%"
"03/15/2017","122.79","121.98","123.04","121.89","1.89M","0.90%"
"03/14/2017","121.69","121.87","121.87","121.24","2.27M","-0.36%"
"03/13/2017","122.13","122.06","122.16","121.86","2.00M","0.07%"
"03/10/2017","122.04","122.19","122.25","121.46","2.99M","0.36%"
"03/09/2017","121.60","121.60","121.89","121.02","3.85M","0.05%"
"03/08/2017","121.54","121.99","122.18","121.47","2.37M","-0.28%"
"03/07/2017","121.88","122.21","122.29","121.75","1.61M","-0.32%"
"03/06/2017","122.27","122.48","122.48","121.90","1.72M","-0.39%"
"03/03/2017","122.75","122.63","122.80","122.33","1.65M","0.08%"
"03/02/2017","122.65","123.42","123.42","122.61","2.42M","-0.64%"
"03/01/2017","123.44","122.81","123.73","122.65","2.87M","1.35%"
"02/28/2017","121.80","122.18","122.18","121.61","2.23M","-0.37%"
"02/27/2017","122.25","121.92","122.36","121.74","2.63M","0.22%"
"02/24/2017","121.98","121.38","121.99","121.24","2.96M","0.16%"
"02/23/2017","121.78","122.21","122.23","121.32","2.02M","-0.07%"
"02/22/2017","121.87","121.82","122.03","121.68","1.97M","-0.13%"
"02/21/2017","122.03","121.55","122.13","121.39","2.42M","0.59%"
"02/17/2017","121.31","120.66","121.31","120.66","1.95M","0.15%"
"02/16/2017","121.13","121.25","121.37","120.64","2.03M","-0.09%"
"02/15/2017","121.24","120.57","121.35","120.45","2.00M","0.55%"
"02/14/2017","120.58","120.10","120.63","119.85","2.05M","0.37%"
"02/13/2017","120.14","119.92","120.33","119.87","1.99M","0.50%"
"02/10/2017","119.54","119.29","119.70","119.21","1.84M","0.42%"
"02/09/2017","119.04","118.42","119.21","118.38","1.64M","0.66%"
"02/08/2017","118.26","117.92","118.32","117.69","1.84M","0.11%"
"02/07/2017","118.13","118.43","118.53","117.96","3.37M","-0.01%"
"02/06/2017","118.14","118.26","118.41","117.94","1.60M","-0.24%"
"02/03/2017","118.42","117.99","118.52","117.92","1.84M","0.76%"
"02/02/2017","117.53","117.21","117.72","117.02","1.75M","0.07%"
"02/01/2017","117.45","117.86","118.04","117.07","2.61M","-0.01%"
"01/31/2017","117.46","117.00","117.46","116.73","3.31M","0.09%"
"01/30/2017","117.36","117.73","117.80","116.68","3.01M","-0.68%"
"01/27/2017","118.16","118.45","118.48","118.02","1.48M","-0.16%"
"01/26/2017","118.35","118.56","118.62","118.23","2.18M","-0.14%"
"01/25/2017","118.52","118.02","118.56","117.94","2.43M","0.86%"
"01/24/2017","117.51","116.82","117.74","116.74","2.17M","0.78%"
"01/23/2017","116.60","116.75","116.97","116.17","1.94M","-0.27%"
"01/20/2017","116.91","116.84","117.23","116.59","2.64M","0.34%"
"01/19/2017","116.51","117.03","117.14","116.24","1.90M","-0.39%"
"01/18/2017","116.97","116.80","117.00","116.48","1.90M","0.23%"
"01/17/2017","116.70","116.86","117.06","116.47","2.58M","-0.44%"
"01/13/2017","117.22","116.99","117.40","116.98","2.03M","0.25%"
"01/12/2017","116.93","117.04","117.04","116.01","2.34M","-0.26%"
"01/11/2017","117.24","116.91","117.24","116.49","2.75M","0.32%"
"01/10/2017","116.87","116.76","117.36","116.62","2.06M","0.08%"
"01/09/2017","116.78","117.10","117.14","116.73","2.46M","-0.38%"
"01/06/2017","117.23","117.02","117.52","116.64","2.32M","0.32%"
"01/05/2017","116.86","116.95","117.09","116.40","2.60M","-0.20%"
"01/04/2017","117.09","116.47","117.19","116.42","3.23M","0.77%"
"01/03/2017","116.20","116.15","116.55","115.49","2.73M","0.76%"
"12/30/2016","115.32","116.00","116.00","114.96","2.91M","-0.37%"
"12/29/2016","115.75","115.74","116.03","115.47","1.62M","0.01%"
"12/28/2016","115.74","116.88","116.93","115.66","2.59M","-0.83%"
"12/27/2016","116.71","116.57","116.99","116.50","3.39M","0.25%"
"12/23/2016","116.42","116.23","116.42","116.13","2.33M","0.15%"
"12/22/2016","116.24","116.42","116.51","115.98","3.11M","-0.26%"
"12/21/2016","116.54","116.87","116.92","116.54","2.25M","-0.28%"
"12/20/2016","116.87","116.88","116.93","116.60","2.94M","-0.20%"
"12/19/2016","117.10","116.96","117.32","116.80","2.41M","0.28%"
"12/16/2016","116.77","117.27","117.38","116.59","1.99M","-0.15%"
"12/15/2016","116.95","116.56","117.53","116.50","3.34M","0.41%"
"12/14/2016","116.47","117.48","117.73","116.23","3.89M","-0.90%"
"12/13/2016","117.53","117.30","117.79","117.13","4.39M","0.58%"
"12/12/2016","116.85","117.12","117.35","116.59","4.22M","-0.26%"
"12/09/2016","117.15","116.77","117.15","116.62","2.31M","0.54%"
"12/08/2016","116.52","116.18","116.85","115.97","2.68M","0.36%"
"12/07/2016","116.10","114.63","116.19","114.51","4.00M","1.24%"
"12/06/2016","114.68","114.34","114.70","114.02","2.36M","0.51%"
"12/05/2016","114.10","113.90","114.37","113.77","3.84M","0.70%"
"12/02/2016","113.31","113.34","113.67","113.15","1.76M","0.00%"
"12/01/2016","113.31","114.03","114.03","113.07","2.60M","-0.41%"
"11/30/2016","113.78","114.47","114.55","113.78","4.41M","-0.24%"
"11/29/2016","114.05","113.90","114.35","113.68","1.54M","0.14%"
"11/28/2016","113.89","114.32","114.41","113.80","1.85M","-0.58%"
"11/25/2016","114.55","114.35","114.55","114.21","889.82K","0.39%"
"11/23/2016","114.11","113.72","114.12","113.49","1.82M","0.14%"
"11/22/2016","113.95","113.88","114.04","113.44","2.67M","0.29%"
"11/21/2016","113.62","113.12","113.63","112.87","2.49M","0.75%"
"11/18/2016","112.77","113.05","113.12","112.67","2.30M","-0.19%"
"11/17/2016","112.98","112.53","113.04","112.35","1.87M","0.51%"
"11/16/2016","112.41","112.37","112.53","112.14","7.11M","-0.14%"
"11/15/2016","112.57","112.04","112.60","111.76","6.04M","0.78%"
"11/14/2016","111.70","111.78","112.05","111.29","5.23M","0.26%"
"11/11/2016","111.41","111.00","111.51","110.69","4.01M","0.04%"
"11/10/2016","111.37","111.59","112.13","110.48","5.08M","0.33%"
"11/09/2016","111.00","108.77","111.33","108.50","6.48M","1.26%"
"11/08/2016","109.62","109.01","109.99","108.73","2.07M","0.43%"
"11/07/2016","109.15","108.41","109.17","108.21","2.53M","2.21%"
"11/04/2016","106.79","106.89","107.51","106.69","2.81M","-0.07%"
"11/03/2016","106.86","107.42","107.63","106.71","2.10M","-0.44%"
"11/02/2016","107.33","107.87","108.08","107.11","2.96M","-0.69%"
"11/01/2016","108.08","109.10","109.19","107.39","3.17M","-0.74%"
"10/31/2016","108.89","109.05","109.20","108.81","1.91M","0.06%"
"10/28/2016","108.82","109.11","109.56","108.47","2.87M","-0.33%"
"10/27/2016","109.18","110.00","110.00","109.08","1.60M","-0.34%"
"10/26/2016","109.55","109.47","109.97","109.26","1.83M","-0.30%"
"10/25/2016","109.88","110.25","110.33","109.79","2.08M","-0.43%"
"10/24/2016","110.35","110.39","110.60","110.13","2.00M","0.50%"
"10/21/2016","109.80","109.41","109.89","109.20","1.23M","-0.04%"
"10/20/2016","109.84","109.90","110.17","109.42","2.02M","-0.19%"
"10/19/2016","110.05","109.94","110.25","109.62","1.41M","0.32%"
"10/18/2016","109.70","109.92","110.03","109.50","1.64M","0.59%"
"10/17/2016","109.06","109.38","109.54","108.94","2.51M","-0.28%"
"10/14/2016","109.37","110.00","110.32","109.36","2.67M","-0.03%"
"10/13/2016","109.40","109.01","109.72","108.48","1.99M","-0.36%"
"10/12/2016","109.79","109.78","110.13","109.46","1.85M","0.12%"
"10/11/2016","109.66","110.94","110.95","109.24","2.00M","-1.33%"
"10/10/2016","111.14","111.10","111.44","111.00","1.13M","0.54%"
"10/07/2016","110.54","111.15","111.23","110.06","1.77M","-0.38%"
"10/06/2016","110.96","110.75","111.09","110.39","1.07M","0.04%"
"10/05/2016","110.92","110.78","111.22","110.59","2.12M","0.39%"
"10/04/2016","110.49","111.12","111.22","110.10","2.70M","-0.45%"
"10/03/2016","110.99","111.09","111.23","110.63","2.21M","-0.31%"
"09/30/2016","111.33","110.97","111.71","110.75","1.72M","0.79%"
"09/29/2016","110.46","111.48","111.62","110.17","2.04M","-0.98%"
"09/28/2016","111.55","111.06","111.60","110.46","1.44M","0.59%"
"09/27/2016","110.90","110.23","110.95","109.99","1.29M","0.57%"
"09/26/2016","110.27","110.64","110.87","110.21","2.14M","-0.79%"
"09/23/2016","111.15","111.59","111.68","111.11","1.53M","-0.57%"
"09/22/2016","111.79","111.63","111.92","111.53","1.53M","0.73%"
"09/21/2016","110.98","110.11","111.08","109.71","1.97M","1.15%"
"09/20/2016","109.72","110.29","110.33","109.69","1.60M","-0.05%"
"09/19/2016","109.77","110.19","110.50","109.52","3.43M","0.15%"
"09/16/2016","109.61","109.75","109.77","109.22","2.78M","-0.40%"
"09/15/2016","110.05","108.86","110.25","108.74","2.96M","1.03%"
"09/14/2016","108.93","109.05","109.71","108.61","2.04M","0.01%"
"09/13/2016","108.92","109.95","110.01","108.57","5.12M","-2.04%"
"09/12/2016","111.19","109.19","111.40","109.05","3.04M","1.40%"
"09/09/2016","109.66","111.72","111.72","109.65","3.34M","-2.49%"
"09/08/2016","112.46","112.57","112.67","112.26","1.15M","-0.26%"
"09/07/2016","112.75","112.54","112.75","112.29","1.59M","0.13%"
"09/06/2016","112.60","112.46","112.62","112.02","4.11M","0.29%"
"09/02/2016","112.28","112.19","112.51","111.92","1.56M","0.51%"
"09/01/2016","111.71","111.77","111.89","110.97","1.67M","0.05%"
"08/31/2016","111.65","111.88","111.90","111.20","1.39M","-0.29%"
"08/30/2016","111.97","112.16","112.30","111.66","1.53M","-0.16%"
"08/29/2016","112.15","111.72","112.33","111.70","1.07M","0.55%"
"08/26/2016","111.54","111.87","112.55","111.05","1.85M","-0.21%"
"08/25/2016","111.77","111.70","112.07","111.55","1.21M","-0.06%"
"08/24/2016","111.84","112.43","112.46","111.59","2.27M","-0.56%"
"08/23/2016","112.47","112.48","112.78","112.44","3.25M","0.27%"
"08/22/2016","112.17","112.04","112.25","111.77","1.10M","0.03%"
"08/19/2016","112.14","112.00","112.23","111.72","1.00M","-0.14%"
"08/18/2016","112.30","111.92","112.30","111.71","972.07K","0.31%"
"08/17/2016","111.95","111.84","112.03","111.27","2.79M","0.13%"
"08/16/2016","111.81","112.23","112.24","111.81","1.23M","-0.57%"
"08/15/2016","112.45","112.29","112.64","112.07","1.44M","0.37%"
"08/12/2016","112.04","111.97","112.17","111.76","1.54M","-0.10%"
"08/11/2016","112.15","111.98","112.26","111.73","1.38M","0.50%"
"08/10/2016","111.59","111.94","112.05","111.42","1.26M","-0.29%"
"08/09/2016","111.92","111.94","112.18","111.75","1.03M","0.09%"
"08/08/2016","111.82","111.99","112.12","111.69","1.24M","-0.06%"
"08/05/2016","111.89","111.42","111.92","111.32","1.38M","0.83%"
"08/04/2016","110.97","110.85","111.18","110.69","1.11M","0.12%"
"08/03/2016","110.84","110.39","110.86","110.21","1.35M","0.37%"
"08/02/2016","110.43","111.19","111.23","109.95","2.47M","-0.75%"
"08/01/2016","111.27","111.40","111.67","111.00","2.09M","-0.13%"
"07/29/2016","111.42","111.09","111.61","110.82","1.64M","0.23%"
"07/28/2016","111.16","110.89","111.38","110.66","1.95M","0.13%"
"07/27/2016","111.02","111.41","111.42","110.56","1.98M","-0.12%"
"07/26/2016","111.15","111.06","111.34","110.63","1.43M","0.11%"
"07/25/2016","111.03","111.24","111.27","110.69","1.39M","-0.26%"
"07/22/2016","111.32","110.90","111.36","110.71","3.55M","0.48%"
"07/21/2016","110.79","111.18","111.29","110.52","3.39M","-0.40%"
"07/20/2016","111.23","110.68","111.33","110.66","1.14M","0.53%"
"07/19/2016","110.64","110.62","110.75","110.40","3.15M","-0.20%"
"07/18/2016","110.86","110.65","110.93","110.44","1.36M","0.28%"
"07/15/2016","110.55","110.89","110.97","110.29","1.39M","-0.11%"
"07/14/2016","110.67","110.72","110.99","110.46","1.56M","0.48%"
"07/13/2016","110.14","110.43","110.50","109.81","1.49M","-0.05%"
"07/12/2016","110.20","109.88","110.40","109.68","3.22M","0.83%"
"07/11/2016","109.29","109.19","109.62","109.00","3.87M","0.41%"
"07/08/2016","108.84","107.91","108.99","107.86","2.36M","1.56%"
"07/07/2016","107.17","107.37","107.77","106.75","1.67M","-0.05%"
"07/06/2016","107.22","106.20","107.26","105.88","1.77M","0.61%"
"07/05/2016","106.57","106.94","107.00","106.14","3.02M","-0.75%"
"07/01/2016","107.37","107.10","107.75","107.07","2.94M","0.20%"
"06/30/2016","107.16","106.01","107.20","105.62","5.55M","1.37%"
"06/29/2016","105.71","104.68","105.83","104.65","2.64M","1.79%"
"06/28/2016","103.85","103.08","103.86","102.83","7.57M","1.83%"
"06/27/2016","101.98","103.22","103.23","101.51","5.22M","-1.98%"
"06/24/2016","104.04","104.12","105.94","103.86","7.37M","-3.65%"
"06/23/2016","107.98","107.42","108.00","107.14","1.62M","1.38%"
"06/22/2016","106.51","106.80","107.28","106.44","2.00M","-0.22%"
"06/21/2016","106.75","106.80","106.99","106.39","2.25M","0.22%"
"06/20/2016","106.52","106.93","107.39","106.46","2.40M","0.68%"
"06/17/2016","105.80","106.12","106.12","105.39","1.71M","-0.33%"
"06/16/2016","106.15","105.30","106.18","104.70","1.88M","0.29%"
"06/15/2016","105.84","106.19","106.60","105.74","1.84M","-0.10%"
"06/14/2016","105.95","105.90","106.33","105.36","2.17M","-0.62%"
"06/13/2016","106.61","107.15","107.68","106.59","2.38M","-0.83%"
"06/10/2016","107.50","107.78","107.92","107.16","1.67M","-1.03%"
"06/09/2016","108.62","108.45","108.73","108.22","1.74M","-0.20%"
"06/08/2016","108.84","108.61","108.93","108.50","1.29M","0.35%"
"06/07/2016","108.46","108.39","108.81","108.32","1.27M","0.19%"
"06/06/2016","108.25","107.84","108.46","107.80","1.78M","0.52%"
"06/03/2016","107.69","107.78","107.87","106.94","2.50M","-0.28%"
"06/02/2016","107.99","107.40","107.99","107.11","2.11M","0.33%"
"06/01/2016","107.63","107.00","107.70","106.80","2.68M","0.27%"
"05/31/2016","107.34","107.57","107.69","106.96","2.57M","-0.05%"
"05/27/2016","107.39","106.97","107.39","106.95","1.69M","0.45%"
"05/26/2016","106.91","107.02","107.14","106.73","1.80M","-0.02%"
"05/25/2016","106.93","106.51","107.14","106.51","3.27M","0.73%"
"05/24/2016","106.16","105.22","106.37","105.22","2.41M","1.34%"
"05/23/2016","104.76","104.92","105.12","104.66","1.66M","-0.12%"
"05/20/2016","104.89","104.54","105.14","104.45","2.01M","0.77%"
"05/19/2016","104.09","104.08","104.36","103.37","2.62M","-0.39%"
"05/18/2016","104.50","104.26","105.20","103.82","2.80M","-0.01%"
"05/17/2016","104.51","105.26","105.46","104.16","2.79M","-0.90%"
"05/16/2016","105.46","104.58","105.75","104.41","2.07M","1.00%"
"05/13/2016","104.42","105.08","105.48","104.22","3.75M","-0.86%"
"05/12/2016","105.33","105.82","105.88","104.72","2.47M","-0.04%"
"05/11/2016","105.37","106.09","106.29","105.34","1.53M","-0.91%"
"05/10/2016","106.34","105.50","106.40","105.41","2.40M","1.19%"
"05/09/2016","105.09","104.87","105.34","104.77","1.75M","0.10%"
"05/06/2016","104.98","104.14","104.99","104.00","1.76M","0.36%"
"05/05/2016","104.60","104.95","105.17","104.37","1.62M","-0.04%"
"05/04/2016","104.64","104.76","105.17","104.37","2.58M","-0.59%"
"05/03/2016","105.26","105.62","105.68","104.82","5.17M","-1.01%"
"05/02/2016","106.33","105.80","106.40","105.47","2.55M","0.78%"
"04/29/2016","105.51","105.80","105.96","104.81","3.07M","-0.58%"
"04/28/2016","106.13","106.63","107.30","105.87","4.83M","-0.90%"
"04/27/2016","107.09","106.66","107.33","106.42","2.27M","0.24%"
"04/26/2016","106.83","106.78","107.05","106.44","1.75M","0.27%"
"04/25/2016","106.54","106.50","106.59","106.06","2.09M","-0.24%"
"04/22/2016","106.80","106.51","106.93","106.24","1.89M","0.14%"
"04/21/2016","106.65","107.26","107.33","106.48","1.68M","-0.49%"
"04/20/2016","107.18","107.21","107.64","106.83","1.96M","0.10%"
"04/19/2016","107.07","107.02","107.31","106.61","2.10M","0.28%"
"04/18/2016","106.77","105.74","106.79","105.61","1.77M","0.67%"
"04/15/2016","106.06","106.12","106.19","105.87","1.62M","-0.05%"
"04/14/2016","106.11","106.24","106.39","105.90","1.67M","-0.04%"
"04/13/2016","106.15","105.50","106.17","105.43","2.86M","1.17%"
"04/12/2016","104.92","104.10","105.10","103.78","2.36M","0.97%"
"04/11/2016","103.91","104.65","105.05","103.91","2.28M","-0.28%"
"04/08/2016","104.20","104.57","104.90","103.91","2.34M","0.29%"
"04/07/2016","103.90","104.50","104.74","103.44","2.14M","-1.20%"
"04/06/2016","105.16","104.09","105.20","103.90","2.57M","1.10%"
"04/05/2016","104.02","104.31","104.55","103.87","2.57M","-0.97%"
"04/04/2016","105.04","105.49","105.55","104.89","1.85M","-0.42%"
"04/01/2016","105.48","104.30","105.57","103.95","3.00M","0.63%"
"03/31/2016","104.82","104.97","105.22","104.70","2.23M","-0.11%"
"03/30/2016","104.94","105.04","105.39","104.73","2.26M","0.38%"
"03/29/2016","104.54","103.19","104.55","102.96","2.93M","1.11%"
"03/28/2016","103.39","103.58","103.71","103.07","2.10M","0.07%"
"03/24/2016","103.32","102.76","103.33","102.53","2.17M","-0.03%"
"03/23/2016","103.35","104.04","104.04","103.28","6.09M","-0.82%"
"03/22/2016","104.20","103.75","104.52","103.61","1.96M","-0.03%"
"03/21/2016","104.23","103.98","104.36","103.80","2.54M","0.10%"
"03/18/2016","104.13","103.95","104.28","103.80","2.94M","0.44%"
"03/17/2016","103.67","102.87","103.92","102.60","3.47M","0.77%"
"03/16/2016","102.88","101.99","103.09","101.91","3.47M","0.63%"
"03/15/2016","102.24","102.00","102.26","101.76","2.99M","-0.81%"
"03/14/2016","103.07","102.88","103.32","102.69","2.99M","-0.12%"
"03/11/2016","103.19","102.37","103.24","102.33","3.25M","1.70%"
"03/10/2016","101.47","101.80","102.30","100.40","3.70M","-0.03%"
"03/09/2016","101.50","101.50","101.70","100.98","2.13M","0.49%"
"03/08/2016","101.01","101.73","101.80","100.91","3.44M","-1.24%"
"03/07/2016","102.28","101.65","102.56","101.56","2.96M","0.21%"
"03/04/2016","102.07","101.89","102.60","101.40","2.44M","0.34%"
"03/03/2016","101.72","101.13","101.75","100.85","2.70M","0.49%"
"03/02/2016","101.22","100.52","101.24","100.26","3.59M","0.56%"
"03/01/2016","100.66","99.13","100.67","98.84","2.96M","2.38%"
"02/29/2016","98.32","99.12","99.69","98.32","2.75M","-0.80%"
"02/26/2016","99.11","99.67","99.76","98.96","3.19M","-0.08%"
"02/25/2016","99.19","98.27","99.19","97.82","4.96M","1.18%"
"02/24/2016","98.03","96.58","98.14","95.99","3.25M","0.51%"
"02/23/2016","97.53","98.38","98.52","97.47","3.20M","-1.21%"
"02/22/2016","98.72","98.24","98.80","98.11","2.24M","1.46%"
"02/19/2016","97.30","96.85","97.36","96.43","2.24M","0.02%"
"02/18/2016","97.28","97.90","97.92","97.09","2.43M","-0.40%"
"02/17/2016","97.67","96.77","97.93","96.59","3.63M","1.65%"
"02/16/2016","96.08","95.62","96.09","94.96","3.58M","1.82%"
"02/12/2016","94.36","93.47","94.38","93.01","2.95M","1.94%"
"02/11/2016","92.56","92.39","93.06","91.58","7.24M","-1.24%"
"02/10/2016","93.72","94.19","95.27","93.62","3.58M","0.06%"
"02/09/2016","93.66","92.84","94.47","92.70","4.79M","-0.13%"
"02/08/2016","93.78","94.20","94.38","92.50","6.30M","-1.55%"
"02/05/2016","95.26","96.94","97.00","94.95","3.99M","-2.06%"
"02/04/2016","97.26","96.79","97.92","96.47","3.43M","0.24%"
"02/03/2016","97.03","97.09","97.29","94.89","5.46M","0.60%"
"02/02/2016","96.45","97.50","97.55","96.16","3.28M","-1.93%"
"02/01/2016","98.35","97.75","98.81","97.37","3.87M","0.02%"
"01/29/2016","98.33","96.45","98.36","96.35","5.01M","2.48%"
"01/28/2016","95.95","96.56","96.66","95.05","4.54M","0.40%"
"01/27/2016","95.57","96.40","97.32","95.05","5.20M","-1.14%"
"01/26/2016","96.67","95.60","96.82","95.44","3.33M","1.52%"
"01/25/2016","95.22","96.64","96.65","95.11","4.47M","-1.64%"
"01/22/2016","96.81","96.33","96.89","95.95","3.70M","2.13%"
"01/21/2016","94.79","94.70","95.96","93.82","7.17M","0.39%"
"01/20/2016","94.42","94.00","95.27","91.79","13.85M","-0.99%"
"01/19/2016","95.36","96.57","96.67","94.50","7.44M","-0.10%"
"01/15/2016","95.46","95.05","95.88","94.22","8.10M","-2.10%"
"01/14/2016","97.51","96.36","98.18","95.33","5.09M","1.53%"
"01/13/2016","96.04","99.00","99.20","95.78","6.16M","-2.58%"
"01/12/2016","98.58","98.80","99.17","97.28","4.46M","0.68%"
"01/11/2016","97.91","98.55","98.67","96.78","6.86M","-0.06%"
"01/08/2016","97.97","99.61","99.99","97.78","7.02M","-1.14%"
"01/07/2016","99.10","99.90","100.80","98.87","9.26M","-2.45%"
"01/06/2016","101.59","101.53","102.23","100.95","3.73M","-1.34%"
"01/05/2016","102.97","102.90","103.18","102.30","3.65M","0.22%"
"01/04/2016","102.74","102.58","102.95","101.58","6.14M","-1.50%"
"12/31/2015","104.30","104.93","105.32","104.30","3.65M","-0.97%"
"12/30/2015","105.32","105.96","106.00","105.25","2.41M","-0.75%"
"12/29/2015","106.12","105.69","106.24","105.54","2.51M","1.07%"
"12/28/2015","105.00","104.88","105.00","104.32","3.48M","-0.22%"
"12/24/2015","105.23","105.22","105.60","105.08","1.46M","-0.12%"
"12/23/2015","105.36","104.63","105.40","104.51","3.34M","1.25%"
"12/22/2015","104.06","103.65","104.26","103.04","2.88M","0.90%"
"12/21/2015","103.13","103.19","103.28","102.37","3.24M","0.22%"
"12/18/2015","102.90","104.17","104.36","102.90","4.21M","-1.70%"
"12/17/2015","104.68","106.44","106.47","104.68","4.94M","-1.47%"
"12/16/2015","106.24","105.46","106.42","104.70","5.97M","1.45%"
"12/15/2015","104.72","104.44","105.19","104.36","2.92M","1.07%"
"12/14/2015","103.61","103.36","103.72","102.18","7.24M","0.36%"
"12/11/2015","103.24","104.17","104.43","103.07","5.10M","-1.97%"
"12/10/2015","105.31","105.18","106.06","104.92","3.69M","0.30%"
"12/09/2015","105.00","105.55","106.75","104.48","4.18M","-0.86%"
"12/08/2015","105.91","105.94","106.40","105.27","3.15M","-0.60%"
"12/07/2015","106.55","107.23","107.27","106.06","3.00M","-0.78%"
"12/04/2015","107.39","105.81","107.54","105.62","4.52M","1.84%"
"12/03/2015","105.45","107.29","107.48","105.06","3.35M","-1.49%"
"12/02/2015","107.05","108.10","108.27","106.88","2.94M","-1.04%"
"12/01/2015","108.18","107.59","108.21","107.37","2.44M","0.94%"
"11/30/2015","107.17","107.78","107.85","107.11","3.62M","-0.43%"
"11/27/2015","107.63","107.59","107.76","107.22","552.45K","0.15%"
"11/25/2015","107.47","107.51","107.66","107.25","1.82M","0.07%"
"11/24/2015","107.39","106.57","107.59","106.31","2.03M","0.26%"
"11/23/2015","107.11","107.23","107.59","106.88","3.15M","-0.10%"
"11/20/2015","107.22","107.23","107.60","106.98","1.56M","0.43%"
"11/19/2015","106.76","106.91","107.08","106.62","1.62M","-0.13%"
"11/18/2015","106.90","105.58","107.00","105.54","2.11M","1.60%"
"11/17/2015","105.22","105.51","106.09","104.97","2.24M","-0.12%"
"11/16/2015","105.35","103.80","105.36","103.69","2.64M","1.45%"
"11/13/2015","103.84","104.76","104.88","103.81","3.00M","-1.06%"
"11/12/2015","104.95","105.97","106.16","104.95","3.11M","-1.49%"
"11/11/2015","106.54","107.27","107.27","106.53","1.34M","-0.43%"
"11/10/2015","107.00","106.46","107.04","106.29","1.61M","0.22%"
"11/09/2015","106.76","107.90","107.90","106.20","2.62M","-1.00%"
"11/06/2015","107.84","107.57","107.85","106.92","2.08M","0.02%"
"11/05/2015","107.82","108.04","108.23","107.21","2.14M","-0.11%"
"11/04/2015","107.94","108.51","108.53","107.57","2.89M","-0.24%"
"11/03/2015","108.20","107.71","108.57","107.55","3.10M","0.25%"
"11/02/2015","107.93","106.78","108.00","106.68","3.40M","1.31%"
"10/30/2015","106.53","107.14","107.28","106.50","2.20M","-0.38%"
"10/29/2015","106.94","106.72","107.18","106.68","2.67M","-0.15%"
"10/28/2015","107.10","105.94","107.12","105.62","2.42M","1.31%"
"10/27/2015","105.71","105.83","105.94","105.26","1.69M","-0.33%"
"10/26/2015","106.06","106.26","106.30","105.85","3.08M","-0.24%"
"10/23/2015","106.31","106.13","106.47","105.67","2.40M","1.05%"
"10/22/2015","105.21","104.28","105.43","104.12","1.98M","1.47%"
"10/21/2015","103.69","104.71","104.86","103.59","1.78M","-0.78%"
"10/20/2015","104.51","104.39","104.91","104.19","1.81M","-0.11%"
"10/19/2015","104.63","104.30","104.67","103.97","1.46M","0.11%"
"10/16/2015","104.51","104.37","104.54","103.85","1.90M","0.38%"
"10/15/2015","104.11","102.92","104.12","102.63","2.22M","1.51%"
"10/14/2015","102.56","103.05","103.44","102.38","1.90M","-0.51%"
"10/13/2015","103.09","103.29","104.17","102.99","2.22M","-0.73%"
"10/12/2015","103.85","103.85","103.95","103.51","1.68M","0.02%"
"10/09/2015","103.83","103.80","104.06","103.43","1.65M","0.14%"
"10/08/2015","103.69","102.53","103.88","102.38","2.52M","0.87%"
"10/07/2015","102.80","102.44","102.88","101.70","2.58M","0.90%"
"10/06/2015","101.88","102.21","102.46","101.38","2.46M","-0.32%"
"10/05/2015","102.21","101.10","102.36","101.04","3.41M","1.84%"
"10/02/2015","100.36","97.96","100.37","97.38","3.65M","1.46%"
"10/01/2015","98.92","98.96","99.12","97.71","3.81M","0.20%"
"09/30/2015","98.72","98.11","98.79","97.55","3.75M","1.86%"
"09/29/2015","96.92","97.23","97.84","96.37","4.55M","-0.02%"
"09/28/2015","96.94","99.06","99.13","96.80","5.61M","-2.68%"
"09/25/2015","99.61","100.76","100.87","99.07","4.94M","-0.71%"
"09/24/2015","100.32","100.02","100.53","99.10","3.72M","-0.36%"
"09/23/2015","100.68","101.04","101.28","100.34","1.79M","-0.20%"
"09/22/2015","100.88","101.00","101.24","100.21","3.03M","-1.34%"
"09/21/2015","102.25","102.42","103.02","101.67","2.68M","0.40%"
"09/18/2015","101.84","102.05","102.89","101.58","3.27M","-1.58%"
"09/17/2015","103.48","103.64","105.02","103.24","4.73M","-0.14%"
"09/16/2015","103.62","102.87","103.73","102.70","2.45M","0.85%"
"09/15/2015","102.75","101.81","102.97","101.53","2.39M","1.26%"
"09/14/2015","101.47","101.91","101.91","101.20","3.71M","-0.38%"
"09/11/2015","101.86","101.04","101.88","100.70","2.01M","0.45%"
"09/10/2015","101.40","100.88","102.07","100.63","3.70M","0.52%"
"09/09/2015","100.88","103.24","103.40","100.69","3.69M","-1.37%"
"09/08/2015","102.28","101.59","102.32","101.06","3.34M","2.53%"
"09/04/2015","99.76","99.92","100.41","99.26","4.32M","-1.42%"
"09/03/2015","101.20","101.58","102.44","100.90","5.15M","0.12%"
"09/02/2015","101.08","100.78","101.08","99.55","7.68M","1.88%"
"09/01/2015","99.21","99.95","100.83","98.75","9.26M","-2.94%"
"08/31/2015","102.21","102.53","103.01","101.95","4.53M","-0.75%"
"08/28/2015","102.98","102.59","103.32","102.37","5.17M","0.08%"
"08/27/2015","102.90","101.97","103.05","100.92","8.78M","2.42%"
"08/26/2015","100.47","99.99","100.58","97.39","8.30M","3.63%"
"08/25/2015","96.95","101.41","101.72","96.87","9.22M","-1.19%"
"08/24/2015","98.12","96.40","101.27","93.00","18.14M","-4.02%"
"08/21/2015","102.23","104.32","104.74","102.18","9.88M","-2.88%"
"08/20/2015","105.26","106.80","107.00","105.25","4.38M","-2.17%"
"08/19/2015","107.60","108.05","108.45","107.08","2.18M","-0.89%"
"08/18/2015","108.57","108.78","108.89","108.37","2.69M","-0.26%"
"08/17/2015","108.85","107.89","108.86","107.51","1.74M","0.64%"
"08/14/2015","108.16","107.70","108.23","107.54","1.15M","0.38%"
"08/13/2015","107.75","107.91","108.23","107.44","3.55M","-0.14%"
"08/12/2015","107.90","107.01","108.03","106.09","2.61M","0.10%"
"08/11/2015","107.79","108.00","108.23","107.37","1.83M","-0.90%"
"08/10/2015","108.77","108.08","108.85","108.05","1.98M","1.25%"
"08/07/2015","107.43","107.62","107.70","106.89","3.30M","-0.29%"
"08/06/2015","107.74","108.92","108.92","107.24","1.97M","-0.82%"
"08/05/2015","108.63","108.84","109.34","108.45","1.25M","0.33%"
"08/04/2015","108.27","108.45","108.75","108.00","1.60M","-0.17%"
"08/03/2015","108.45","108.99","108.99","107.89","2.65M","-0.36%"
"07/31/2015","108.84","109.31","109.34","108.70","2.42M","-0.10%"
"07/30/2015","108.95","108.57","109.04","108.17","1.39M","0.08%"
"07/29/2015","108.86","108.18","108.98","108.06","1.62M","0.68%"
"07/28/2015","108.12","107.16","108.23","106.78","2.20M","1.19%"
"07/27/2015","106.85","107.06","107.46","106.60","2.96M","-0.66%"
"07/24/2015","107.56","108.75","108.83","107.39","2.07M","-1.05%"
"07/23/2015","108.70","109.47","109.53","108.52","1.57M","-0.58%"
"07/22/2015","109.33","109.10","109.50","109.00","1.85M","-0.15%"
"07/21/2015","109.49","109.88","110.04","109.30","1.66M","-0.44%"
"07/20/2015","109.97","110.05","110.21","109.78","1.34M","0.01%"
"07/17/2015","109.96","109.99","110.00","109.65","1.30M","0.03%"
"07/16/2015","109.93","109.85","109.95","109.65","1.31M","0.70%"
"07/15/2015","109.17","109.37","109.56","108.91","2.56M","-0.13%"
"07/14/2015","109.31","108.80","109.50","108.59","2.29M","0.45%"
"07/13/2015","108.82","108.58","108.89","108.38","2.84M","1.13%"
"07/10/2015","107.60","107.58","107.84","107.10","3.43M","1.21%"
"07/09/2015","106.31","107.15","107.69","106.27","3.06M","0.21%"
"07/08/2015","106.09","107.10","107.28","105.91","2.94M","-1.67%"
"07/07/2015","107.89","107.44","108.00","105.93","3.33M","0.55%"
"07/06/2015","107.30","106.99","107.79","106.62","2.57M","-0.26%"
"07/02/2015","107.58","108.05","108.20","107.34","3.14M","-0.13%"
"07/01/2015","107.72","108.02","108.11","107.28","12.02M","0.65%"
"06/30/2015","107.02","107.62","107.65","106.68","3.39M","0.27%"
"06/29/2015","106.73","108.03","108.50","106.65","3.64M","-2.09%"
"06/26/2015","109.01","109.29","109.39","108.65","1.50M","-0.48%"
"06/25/2015","109.54","110.20","110.24","109.45","2.11M","-0.31%"
"06/24/2015","109.88","110.56","110.71","109.86","4.93M","-0.76%"
"06/23/2015","110.72","110.73","110.85","110.46","3.08M","0.10%"
"06/22/2015","110.61","110.68","110.90","110.45","1.86M","0.61%"
"06/19/2015","109.94","110.39","110.42","109.86","1.74M","-0.43%"
"06/18/2015","110.42","109.58","110.76","109.58","2.50M","0.99%"
"06/17/2015","109.34","109.33","109.69","108.74","1.91M","0.16%"
"06/16/2015","109.16","108.45","109.25","108.40","2.60M","0.55%"
"06/15/2015","108.56","108.28","108.76","107.87","2.87M","-0.46%"
"06/12/2015","109.06","109.28","109.50","108.88","1.49M","-0.66%"
"06/11/2015","109.78","109.71","110.01","109.58","1.85M","0.28%"
"06/10/2015","109.47","108.70","109.66","108.59","1.59M","1.22%"
"06/09/2015","108.15","108.25","108.48","107.73","2.98M","-0.08%"
"06/08/2015","108.24","108.88","108.96","108.18","2.99M","-0.62%"
"06/05/2015","108.91","108.91","109.20","108.33","3.34M","-0.08%"
"06/04/2015","109.00","109.50","109.80","108.77","1.85M","-0.80%"
"06/03/2015","109.88","109.78","110.22","109.53","1.73M","0.35%"
"06/02/2015","109.50","109.25","109.93","108.95","1.93M","-0.07%"
"06/01/2015","109.58","109.80","109.96","109.06","2.35M","0.25%"
"05/29/2015","109.31","109.99","110.02","109.18","1.94M","-0.67%"
"05/28/2015","110.05","109.97","110.08","109.57","2.02M","-0.09%"
"05/27/2015","110.15","109.45","110.28","109.20","2.56M","0.92%"
"05/26/2015","109.15","110.02","110.02","108.86","2.23M","-1.04%"
"05/22/2015","110.30","110.38","110.55","110.22","1.19M","-0.19%"
"05/21/2015","110.51","110.18","110.66","110.07","1.48M","0.25%"
"05/20/2015","110.23","110.34","110.68","110.03","2.48M","-0.06%"
"05/19/2015","110.30","110.38","110.56","110.12","2.84M","-0.05%"
"05/18/2015","110.35","109.81","110.50","109.75","2.77M","0.37%"
"05/15/2015","109.94","109.88","109.99","109.60","1.86M","0.12%"
"05/14/2015","109.81","109.33","109.85","109.10","1.58M","0.99%"
"05/13/2015","108.73","108.97","109.30","108.58","2.42M","0.06%"
"05/12/2015","108.67","108.48","109.00","107.93","1.66M","-0.29%"
"05/11/2015","108.99","109.33","109.59","108.93","1.66M","-0.42%"
"05/08/2015","109.45","109.11","109.59","109.08","1.80M","1.26%"
"05/07/2015","108.09","107.60","108.36","107.38","2.36M","0.38%"
"05/06/2015","107.68","108.38","108.54","107.01","3.69M","-0.28%"
"05/05/2015","107.98","109.17","109.36","107.88","1.69M","-1.19%"
"05/04/2015","109.28","109.24","109.66","109.12","1.71M","0.35%"
"05/01/2015","108.90","108.40","108.98","108.23","3.92M","0.92%"
"04/30/2015","107.91","108.78","108.92","107.47","3.64M","-1.08%"
"04/29/2015","109.09","109.01","109.46","108.63","2.43M","-0.44%"
"04/28/2015","109.57","109.54","109.65","108.50","2.60M","0.27%"
"04/27/2015","109.28","110.19","110.28","109.17","1.83M","-0.52%"
"04/24/2015","109.85","109.92","110.00","109.62","1.78M","0.11%"
"04/23/2015","109.73","109.14","110.08","109.10","2.34M","0.31%"
"04/22/2015","109.39","109.08","109.50","108.53","1.47M","0.42%"
"04/21/2015","108.93","109.45","109.52","108.75","3.91M","-0.03%"
"04/20/2015","108.96","108.67","109.18","108.62","2.01M","0.81%"
"04/17/2015","108.08","108.70","108.80","107.61","2.66M","-1.16%"
"04/16/2015","109.35","109.23","109.63","109.06","1.49M","-0.05%"
"04/15/2015","109.40","109.24","109.69","109.08","1.51M","0.51%"
"04/14/2015","108.85","108.66","108.98","108.16","1.46M","0.15%"
"04/13/2015","108.69","109.04","109.42","108.66","3.52M","-0.39%"
"04/10/2015","109.12","108.87","109.15","108.64","2.41M","0.47%"
"04/09/2015","108.61","108.20","108.71","107.74","2.21M","0.35%"
"04/08/2015","108.23","108.00","108.43","107.72","2.45M","0.43%"
"04/07/2015","107.77","108.13","108.54","107.77","1.98M","-0.33%"
"04/06/2015","108.13","107.27","108.41","106.78","2.19M","0.69%"
"04/02/2015","107.39","107.03","107.70","106.85","2.04M","0.32%"
"04/01/2015","107.05","107.34","107.41","106.39","11.03M","-0.19%"
"03/31/2015","107.25","107.73","108.67","107.00","2.08M","-0.91%"
"03/30/2015","108.23","107.59","108.39","107.52","1.89M","1.27%"
"03/27/2015","106.87","106.60","106.97","106.42","3.30M","0.27%"
"03/26/2015","106.58","106.39","107.12","105.98","3.16M","-0.20%"
"03/25/2015","106.79","108.64","108.75","106.79","2.82M","-2.02%"
"03/24/2015","108.99","109.54","109.74","108.94","3.40M","-0.53%"
"03/23/2015","109.57","109.72","110.09","109.57","2.08M","-0.17%"
"03/20/2015","109.76","109.49","110.02","109.37","1.74M","0.84%"
"03/19/2015","108.85","109.03","109.20","108.57","3.90M","-0.36%"
"03/18/2015","109.24","107.68","109.63","107.35","3.66M","1.15%"
"03/17/2015","108.00","107.80","108.19","107.47","1.75M","-0.19%"
"03/16/2015","108.21","107.36","108.23","107.26","2.71M","1.25%"
"03/13/2015","106.87","107.37","107.40","106.17","2.07M","-0.56%"
"03/12/2015","107.47","106.47","107.50","106.42","3.91M","1.25%"
"03/11/2015","106.14","106.43","106.49","105.98","3.07M","-0.08%"
"03/10/2015","106.22","107.00","107.10","106.21","3.54M","-1.52%"
"03/09/2015","107.86","107.60","108.05","107.52","1.83M","0.37%"
"03/06/2015","107.46","108.47","108.66","107.24","2.80M","-1.39%"
"03/05/2015","108.97","109.03","109.10","108.63","1.75M","0.16%"
"03/04/2015","108.80","108.90","108.96","108.20","1.95M","-0.40%"
"03/03/2015","109.24","109.47","109.61","108.74","2.62M","-0.41%"
"03/02/2015","109.69","109.11","109.72","109.02","2.68M","0.61%"
"02/27/2015","109.02","109.35","109.48","108.97","1.83M","-0.36%"
"02/26/2015","109.41","109.45","109.53","109.02","1.74M","-0.06%"
"02/25/2015","109.48","109.49","109.78","109.26","2.65M","-0.04%"
"02/24/2015","109.52","109.28","109.63","109.04","2.86M","0.23%"
"02/23/2015","109.27","109.17","109.27","108.86","3.03M","-0.01%"
"02/20/2015","109.28","108.47","109.32","108.01","2.40M","0.56%"
"02/19/2015","108.67","108.39","108.88","108.26","2.35M","-0.03%"
"02/18/2015","108.70","108.42","108.75","108.27","2.54M","0.06%"
"02/17/2015","108.64","108.37","108.76","108.13","4.15M","0.16%"
"02/13/2015","108.47","108.00","108.48","107.92","3.15M","0.47%"
"02/12/2015","107.96","107.47","107.99","107.27","4.44M","0.96%"
"02/11/2015","106.93","106.67","107.19","106.37","2.18M","0.05%"
"02/10/2015","106.88","106.50","107.03","105.84","1.87M","1.02%"
"02/09/2015","105.80","105.99","106.35","105.59","1.77M","-0.50%"
"02/06/2015","106.33","106.88","107.17","106.02","2.84M","-0.30%"
"02/05/2015","106.65","105.94","106.72","105.84","3.16M","1.10%"
"02/04/2015","105.49","105.44","106.14","105.24","3.14M","-0.35%"
"02/03/2015","105.86","104.90","105.87","104.71","3.32M","1.53%"
"02/02/2015","104.26","103.49","104.33","102.25","4.08M","1.13%"
"01/30/2015","103.10","103.67","104.51","102.95","4.49M","-1.36%"
"01/29/2015","104.52","103.70","104.62","102.82","2.61M","0.96%"
"01/28/2015","103.53","105.64","105.72","103.41","2.83M","-1.35%"
"01/27/2015","104.95","105.37","105.61","104.36","2.71M","-1.17%"
"01/26/2015","106.19","105.75","106.22","105.20","4.11M","0.42%"
"01/23/2015","105.75","106.11","106.28","105.67","4.57M","-0.45%"
"01/22/2015","106.23","105.24","106.31","104.27","3.58M","1.52%"
"01/21/2015","104.64","103.93","104.95","103.60","3.12M","0.45%"
"01/20/2015","104.17","104.42","104.53","103.20","3.19M","0.14%"
"01/16/2015","104.02","102.61","104.11","102.42","2.77M","1.32%"
"01/15/2015","102.66","104.05","104.26","102.57","5.62M","-1.01%"
"01/14/2015","103.71","103.04","103.79","102.50","3.29M","-0.55%"
"01/13/2015","104.28","105.33","106.00","103.43","2.94M","-0.23%"
"01/12/2015","104.52","105.55","105.55","104.12","3.71M","-0.71%"
"01/09/2015","105.27","106.32","106.35","104.92","3.27M","-0.83%"
"01/08/2015","106.15","105.21","106.24","105.11","2.80M","1.76%"
"01/07/2015","104.31","104.09","104.45","103.55","3.66M","1.19%"
"01/06/2015","103.08","104.40","104.50","102.51","4.23M","-0.98%"
"01/05/2015","104.10","105.35","105.55","103.86","5.38M","-1.72%"
"01/02/2015","105.92","106.49","106.72","105.27","5.30M","-0.08%"