"Date","Price","Open","High","Low","Vol.","Change %"
"08/17/2026","52.26","52.43","52.43","52.07","4.17M","-0.53%"
"08/14/2026","52.54","52.46","52.65","52.27","7.48M","0.44%"
"08/13/2026","52.31","52.60","52.78","52.22","10.41M","-0.51%"
"08/12/2026","52.58","53.45","53.48","52.53","9.84M","-1.24%"
"08/11/2026","53.24","53.07","53.60","53.00","11.45M","0.11%"
"08/10/2026","53.18","52.81","53.20","52.61","11.93M","0.61%"
"08/07/2026","52.86","52.34","52.94","52.17","13.07M","1.32%"
"08/06/2026","52.17","52.63","52.86","52.01","9.00M","-0.89%"
"08/05/2026","52.64","52.59","52.96","52.45","12.07M","1.23%"
"08/04/2026","52.00","51.31","52.07","51.03","16.88M","1.94%"
"08/03/2026","51.01","50.74","51.04","50.35","11.96M","1.15%"
"07/31/2026","50.43","50.91","51.05","50.21","18.33M","-2.34%"
"07/30/2026","51.64","52.21","52.31","51.28","10.87M","-0.19%"
"07/29/2026","51.74","52.34","52.34","51.33","13.74M","-1.15%"
"07/28/2026","52.34","52.00","52.78","51.88","11.77M","1.85%"
"07/27/2026","51.39","51.47","51.63","51.08","8.70M","0.25%"
"07/24/2026","51.26","50.32","51.27","50.21","12.19M","1.93%"
"07/23/2026","50.29","50.42","50.97","50.12","10.92M","-1.04%"
"07/22/2026","50.82","50.33","50.97","50.30","10.22M","1.44%"
"07/21/2026","50.10","50.50","50.54","49.85","8.70M","0.14%"
"07/20/2026","50.03","50.64","50.73","49.88","10.68M","-0.99%"
"07/17/2026","50.53","50.80","51.44","50.38","8.67M","-0.71%"
"07/16/2026","50.89","50.31","50.93","50.28","7.15M","0.77%"
"07/15/2026","50.50","50.66","50.84","50.11","12.32M","-0.28%"
"07/14/2026","50.64","51.15","51.45","50.59","8.76M","0.12%"
"07/13/2026","50.58","50.97","51.35","50.35","9.03M","-0.61%"
"07/10/2026","50.89","50.29","51.11","50.29","7.51M","1.25%"
"07/09/2026","50.26","50.37","50.54","50.12","10.53M","0.20%"
"07/08/2026","50.16","51.00","51.04","49.88","13.28M","-2.62%"
"07/07/2026","51.51","51.96","52.12","51.29","12.30M","-0.90%"
"07/06/2026","51.98","51.92","52.04","51.35","20.09M","-0.06%"
"07/02/2026","52.01","51.40","52.03","51.29","12.38M","1.94%"
"07/01/2026","51.02","50.72","51.47","50.47","14.13M","0.37%"
"06/30/2026","50.83","51.07","51.19","50.67","8.33M","0.34%"
"06/29/2026","50.66","51.28","51.40","50.25","12.73M","-1.82%"
"06/26/2026","51.60","51.57","51.89","51.38","9.23M","-0.46%"
"06/25/2026","51.84","51.41","52.19","51.27","9.66M","1.33%"
"06/24/2026","51.16","50.87","51.53","50.79","12.43M","0.57%"
"06/23/2026","50.87","51.07","51.47","50.79","10.27M","-1.45%"
"06/22/2026","51.62","51.18","51.82","51.15","9.09M","-0.37%"
"06/18/2026","51.81","52.22","52.43","51.76","11.93M","-0.40%"
"06/17/2026","52.02","52.52","53.31","51.86","16.23M","-1.33%"
"06/16/2026","52.72","52.69","53.08","52.64","8.43M","0.42%"
"06/15/2026","52.50","52.87","53.19","52.47","14.99M","0.61%"
"06/12/2026","52.18","51.71","52.35","51.52","15.19M","1.87%"
"06/11/2026","51.22","50.07","51.33","50.00","12.44M","3.27%"
"06/10/2026","49.60","50.75","50.86","49.57","9.68M","-2.30%"
"06/09/2026","50.77","50.59","50.82","49.84","13.51M","1.62%"
"06/08/2026","49.96","50.61","50.81","49.90","10.99M","-1.32%"
"06/05/2026","50.63","51.41","51.65","50.49","12.40M","-1.92%"
"06/04/2026","51.62","51.83","52.20","51.44","9.69M","-0.02%"
"06/03/2026","51.63","51.35","52.03","51.24","12.44M","0.21%"
"06/02/2026","51.52","50.82","51.67","50.72","19.93M","1.18%"
"06/01/2026","50.92","50.65","51.05","50.13","24.54M","-0.45%"
"05/29/2026","51.15","51.28","51.58","51.11","11.73M","-0.41%"
"05/28/2026","51.36","51.07","51.47","50.61","10.57M","0.35%"
"05/27/2026","51.18","51.01","51.37","50.98","9.01M","0.37%"
"05/26/2026","50.99","50.68","51.17","50.65","8.24M","1.39%"
"05/22/2026","50.29","50.33","50.50","49.99","6.96M","0.54%"
"05/21/2026","50.02","49.54","50.25","49.13","10.24M","0.60%"
"05/20/2026","49.72","48.99","49.78","48.90","20.47M","1.39%"
"05/19/2026","49.04","49.78","49.86","48.89","11.88M","-2.35%"
"05/18/2026","50.22","50.33","50.72","50.07","10.54M","-0.16%"
"05/15/2026","50.30","51.01","51.19","50.24","11.19M","-2.65%"
"05/14/2026","51.67","52.12","52.25","51.60","10.70M","-0.75%"
"05/13/2026","52.06","52.13","52.51","52.02","8.46M","-0.15%"
"05/12/2026","52.14","52.00","52.29","51.46","11.59M","-0.23%"
"05/11/2026","52.26","51.86","52.40","51.83","8.59M","1.30%"
"05/08/2026","51.59","51.81","51.90","51.50","7.60M","0.37%"
"05/07/2026","51.40","52.60","52.77","51.38","13.03M","-1.93%"
"05/06/2026","52.41","52.32","52.67","52.14","10.50M","1.71%"
"05/05/2026","51.53","51.04","51.79","50.89","10.78M","1.74%"
"05/04/2026","50.65","51.15","51.26","50.50","10.04M","-1.36%"
"05/01/2026","51.35","51.64","51.77","51.34","9.36M","-0.23%"
"04/30/2026","51.47","50.92","51.71","50.80","15.28M","1.00%"
"04/29/2026","50.96","51.49","51.51","50.89","7.05M","-0.86%"
"04/28/2026","51.40","51.88","51.98","51.01","9.07M","-0.73%"
"04/27/2026","51.78","51.99","52.17","51.61","8.03M","-0.27%"
"04/24/2026","51.92","51.75","52.00","51.33","7.42M","0.21%"
"04/23/2026","51.81","51.71","51.90","51.28","13.73M","-0.04%"
"04/22/2026","51.83","52.24","52.42","51.69","8.93M","0.12%"
"04/21/2026","51.77","52.25","52.57","51.63","9.56M","-0.88%"
"04/20/2026","52.23","51.84","52.40","51.67","8.56M","0.67%"
"04/17/2026","51.88","51.60","52.37","51.47","11.80M","0.25%"
"04/16/2026","51.75","51.52","51.97","51.49","12.38M","0.72%"
"04/15/2026","51.38","51.90","51.90","51.24","20.30M","-1.21%"
"04/14/2026","52.01","52.26","52.26","51.65","8.27M","-0.34%"
"04/13/2026","52.19","51.69","52.26","51.56","9.89M","0.44%"
"04/10/2026","51.96","51.93","52.22","51.88","6.14M","0.56%"
"04/09/2026","51.67","51.56","52.07","51.47","7.66M","-0.15%"
"04/08/2026","51.75","51.08","51.78","50.77","14.35M","3.33%"
"04/07/2026","50.08","50.12","50.32","49.68","9.95M","-0.28%"
"04/06/2026","50.22","50.21","50.43","49.85","8.89M","-0.38%"
"04/02/2026","50.41","50.08","50.92","49.91","13.80M","-0.10%"
"04/01/2026","50.46","50.34","50.66","50.17","19.97M","0.98%"
"03/31/2026","49.97","49.51","50.23","49.28","20.49M","1.79%"
"03/30/2026","49.09","49.51","49.74","48.90","16.61M","0.37%"
"03/27/2026","48.91","49.04","49.29","48.78","10.75M","-0.37%"
"03/26/2026","49.09","48.97","49.73","48.97","12.90M","-0.65%"
"03/25/2026","49.41","49.00","49.44","48.67","15.05M","1.98%"
"03/24/2026","48.45","47.28","48.79","47.24","15.81M","1.89%"
"03/23/2026","47.55","47.40","48.15","47.35","19.21M","1.21%"
"03/20/2026","46.98","47.85","47.96","46.73","19.74M","-1.59%"
"03/19/2026","47.74","47.64","47.99","47.22","23.55M","-1.53%"
"03/18/2026","48.48","49.18","49.28","48.48","16.43M","-2.10%"
"03/17/2026","49.52","49.68","49.98","49.48","12.77M","0.24%"
"03/16/2026","49.40","49.46","49.76","49.09","15.64M","0.43%"
"03/13/2026","49.19","50.03","50.13","49.01","17.24M","-0.99%"
"03/12/2026","49.68","49.79","50.23","49.63","19.57M","-0.32%"
"03/11/2026","49.84","49.73","49.89","49.28","12.57M","-0.08%"
"03/10/2026","49.88","49.99","50.42","49.63","19.21M","-0.22%"
"03/09/2026","49.99","49.26","50.19","48.60","22.46M","0.26%"
"03/06/2026","49.86","50.31","50.36","49.44","23.17M","-1.91%"
"03/05/2026","50.83","51.60","51.78","50.51","19.90M","-2.10%"
"03/04/2026","51.92","52.32","52.38","51.67","17.14M","-0.04%"
"03/03/2026","51.94","51.67","52.08","50.69","27.31M","-2.46%"
"03/02/2026","53.25","53.07","53.38","52.51","19.44M","-0.30%"
"02/27/2026","53.41","52.86","53.49","52.67","12.12M","0.77%"
"02/26/2026","53.00","52.89","53.12","52.35","15.65M","-0.11%"
"02/25/2026","53.06","53.73","53.75","52.67","12.38M","-0.56%"
"02/24/2026","53.36","52.96","53.50","52.91","13.45M","0.76%"
"02/23/2026","52.96","52.49","53.10","52.36","17.35M","0.00%"
"02/20/2026","52.96","52.62","53.25","52.32","17.81M","0.25%"
"02/19/2026","52.83","52.65","53.17","52.43","18.34M","-0.36%"
"02/18/2026","53.02","53.00","53.34","52.74","11.99M","0.61%"
"02/17/2026","52.70","52.70","52.97","52.08","20.40M","-1.14%"
"02/13/2026","53.31","52.54","53.64","52.44","19.92M","0.91%"
"02/12/2026","52.83","53.67","54.14","52.74","30.11M","-1.47%"
"02/11/2026","53.62","53.11","53.67","53.11","24.89M","1.34%"
"02/10/2026","52.91","52.15","52.99","52.12","18.38M","1.40%"
"02/09/2026","52.18","51.47","52.31","51.26","12.33M","1.30%"
"02/06/2026","51.51","50.86","51.62","50.86","14.37M","2.00%"
"02/05/2026","50.50","51.38","51.52","50.36","25.67M","-2.68%"
"02/04/2026","51.89","51.01","52.02","51.01","35.88M","2.35%"
"02/03/2026","50.70","50.18","51.22","50.06","34.08M","2.11%"
"02/02/2026","49.65","49.25","49.81","49.20","25.16M","0.77%"
"01/30/2026","49.27","49.22","49.65","48.81","28.08M","-1.46%"
"01/29/2026","50.00","50.45","50.62","49.28","20.50M","0.10%"
"01/28/2026","49.95","50.12","50.21","49.54","13.52M","-0.06%"
"01/27/2026","49.98","49.87","50.18","49.68","10.12M","-0.10%"
"01/26/2026","50.03","50.42","50.47","50.01","13.90M","0.12%"
"01/23/2026","49.97","49.46","49.99","49.36","19.55M","0.91%"
"01/22/2026","49.52","49.37","49.83","49.35","14.65M","0.57%"
"01/21/2026","49.24","48.82","49.38","48.67","16.94M","2.18%"
"01/20/2026","48.19","48.35","48.52","48.02","17.36M","-1.01%"
"01/16/2026","48.68","48.57","48.72","48.36","10.77M","-0.57%"
"01/15/2026","48.96","48.77","49.11","48.61","17.88M","0.43%"
"01/14/2026","48.75","48.75","49.14","48.63","16.03M","0.04%"
"01/13/2026","48.73","48.60","48.76","48.39","10.80M","0.43%"
"01/12/2026","48.52","48.37","48.61","48.20","12.67M","0.54%"
"01/09/2026","48.26","47.59","48.29","47.56","11.77M","1.60%"
"01/08/2026","47.50","46.41","47.63","46.27","14.92M","1.76%"
"01/07/2026","46.68","47.34","47.56","46.63","16.96M","-1.73%"
"01/06/2026","47.50","46.73","47.63","46.69","18.35M","1.98%"
"01/05/2026","46.58","46.02","46.73","46.00","22.03M","1.00%"
"01/02/2026","46.12","45.52","46.17","45.27","18.03M","1.70%"
"12/31/2025","45.35","45.61","45.67","45.33","5.70M","-0.83%"
"12/30/2025","45.73","45.81","45.85","45.63","4.43M","-0.02%"
"12/29/2025","45.74","45.74","45.86","45.53","6.37M","-0.80%"
"12/26/2025","46.11","45.95","46.14","45.86","5.04M","0.59%"
"12/24/2025","45.84","45.73","45.89","45.61","2.77M","0.20%"
"12/23/2025","45.75","45.78","45.80","45.53","8.42M","0.18%"
"12/22/2025","45.67","45.39","45.71","45.33","9.86M","0.66%"
"12/19/2025","45.37","45.20","45.53","45.09","10.36M","0.44%"
"12/18/2025","45.17","45.27","45.63","45.13","8.98M","-0.04%"
"12/17/2025","45.19","45.01","45.37","44.94","10.93M","0.42%"
"12/16/2025","45.00","45.18","45.21","44.72","9.74M","-0.27%"
"12/15/2025","45.12","45.42","45.44","44.85","9.23M","-0.07%"
"12/12/2025","45.15","45.51","45.58","44.97","14.08M","0.07%"
"12/11/2025","45.12","44.29","45.22","44.29","11.01M","1.99%"
"12/10/2025","44.24","43.35","44.34","43.35","10.92M","1.96%"
"12/09/2025","43.39","43.42","43.82","43.37","8.80M","-0.21%"
"12/08/2025","43.48","44.08","44.10","43.45","11.39M","-1.38%"
"12/05/2025","44.09","44.34","44.63","44.09","7.13M","-0.33%"
"12/04/2025","44.24","44.38","44.51","44.12","9.91M","-0.58%"
"12/03/2025","44.49","44.38","44.62","44.34","11.84M","0.70%"
"12/02/2025","44.19","44.68","44.68","43.92","12.91M","-0.91%"
"12/01/2025","44.59","44.64","44.98","44.56","13.37M","-0.25%"
"11/28/2025","44.70","44.56","44.88","44.46","4.79M","0.57%"
"11/26/2025","44.44","43.94","44.56","43.92","9.90M","1.23%"
"11/25/2025","43.90","43.49","44.01","43.46","12.46M","1.49%"
"11/24/2025","43.26","43.15","43.36","42.96","14.55M","0.20%"
"11/21/2025","43.17","42.44","43.51","42.35","20.99M","2.24%"
"11/20/2025","42.23","43.17","43.35","42.21","22.67M","-1.49%"
"11/19/2025","42.87","43.02","43.05","42.60","15.39M","0.26%"
"11/18/2025","42.76","42.77","43.06","42.53","20.62M","0.08%"
"11/17/2025","42.72","43.28","43.40","42.67","14.15M","-1.52%"
"11/14/2025","43.38","43.47","43.73","43.32","12.83M","-0.91%"
"11/13/2025","43.78","44.08","44.22","43.75","17.94M","-0.66%"
"11/12/2025","44.08","43.90","44.33","43.86","13.92M","0.71%"
"11/11/2025","43.76","43.49","43.85","43.40","11.64M","1.04%"
"11/10/2025","43.31","43.19","43.41","42.83","15.23M","0.94%"
"11/07/2025","42.91","42.51","42.99","42.35","17.98M","1.20%"
"11/06/2025","42.40","42.72","42.92","42.37","22.41M","-0.49%"
"11/05/2025","42.61","42.60","42.82","42.48","18.83M","0.59%"
"11/04/2025","42.36","42.26","42.54","42.03","22.16M","-0.49%"
"11/03/2025","42.57","42.79","42.84","42.15","24.13M","-0.62%"
"10/31/2025","42.83","42.85","43.05","42.52","17.53M","-0.58%"
"10/30/2025","43.08","43.38","43.52","43.06","20.80M","-1.34%"
"10/29/2025","43.67","44.38","44.51","43.59","20.99M","-1.96%"
"10/28/2025","44.54","44.46","44.77","44.38","13.05M","0.13%"
"10/27/2025","44.49","44.49","44.69","44.29","11.94M","-0.04%"
"10/24/2025","44.51","44.63","44.79","44.47","13.45M","-0.41%"
"10/23/2025","44.69","44.48","44.80","44.37","10.68M","1.20%"
"10/22/2025","44.16","44.14","44.42","43.99","13.13M","-0.30%"
"10/21/2025","44.29","44.13","44.46","43.99","9.34M","-0.38%"
"10/20/2025","44.47","44.33","44.50","44.19","8.43M","1.19%"
"10/17/2025","43.94","43.99","44.19","43.71","12.79M","-0.19%"
"10/16/2025","44.03","44.58","44.58","43.80","13.39M","-0.74%"
"10/15/2025","44.35","44.74","45.00","44.12","10.56M","-0.45%"
"10/14/2025","44.56","43.71","44.75","43.63","10.80M","1.00%"
"10/13/2025","44.12","44.01","44.40","43.89","11.98M","1.59%"
"10/10/2025","43.42","44.42","44.52","43.42","22.26M","-2.05%"
"10/09/2025","44.33","45.13","45.22","44.22","13.23M","-1.37%"
"10/08/2025","44.95","44.92","45.12","44.74","12.18M","0.54%"
"10/07/2025","44.71","44.96","45.14","44.55","11.31M","-0.40%"
"10/06/2025","44.89","44.96","45.13","44.79","8.94M","-0.09%"
"10/03/2025","44.93","44.85","45.17","44.80","9.83M","0.17%"
"10/02/2025","44.85","44.28","44.88","44.28","10.67M","1.16%"
"10/01/2025","44.34","44.76","44.86","44.23","13.75M","-1.05%"
"09/30/2025","44.81","44.49","44.84","44.40","9.41M","0.49%"
"09/29/2025","44.59","44.71","44.74","44.34","9.38M","0.38%"
"09/26/2025","44.42","44.02","44.49","43.98","9.95M","1.16%"
"09/25/2025","43.91","44.33","44.34","43.84","11.08M","-1.30%"
"09/24/2025","44.49","44.86","45.08","44.43","10.67M","-1.22%"
"09/23/2025","45.04","45.29","45.63","44.98","8.23M","-0.32%"
"09/22/2025","45.19","45.19","45.33","44.97","8.88M","-0.51%"
"09/19/2025","45.42","45.55","45.58","45.27","16.47M","-0.04%"
"09/18/2025","45.44","45.29","45.58","45.08","15.12M","0.00%"
"09/17/2025","45.44","45.37","46.23","45.17","13.32M","0.23%"
"09/16/2025","45.33","45.58","45.67","45.22","9.70M","-0.31%"
"09/15/2025","45.47","45.90","45.92","45.39","9.79M","-0.81%"
"09/12/2025","45.84","46.06","46.24","45.76","11.07M","-1.00%"
"09/11/2025","46.31","45.31","46.35","45.28","11.69M","2.09%"
"09/10/2025","45.35","45.24","45.62","45.18","10.67M","0.19%"
"09/09/2025","45.27","45.78","45.96","45.14","12.11M","-1.63%"
"09/08/2025","46.02","46.06","46.06","45.48","13.61M","0.09%"
"09/05/2025","45.98","45.83","46.35","45.65","15.05M","0.70%"
"09/04/2025","45.66","45.48","45.69","45.11","12.53M","0.38%"
"09/03/2025","45.49","45.77","45.82","45.37","10.16M","-0.68%"
"09/02/2025","45.79","45.75","45.85","45.52","13.03M","-0.75%"
"08/29/2025","46.14","46.08","46.36","46.03","8.29M","0.14%"
"08/28/2025","46.08","46.21","46.22","45.75","8.56M","0.00%"
"08/27/2025","46.08","45.76","46.13","45.72","8.97M","0.25%"
"08/26/2025","45.96","45.72","46.00","45.68","8.41M","0.27%"
"08/25/2025","45.83","46.04","46.10","45.76","12.56M","-0.55%"
"08/22/2025","46.09","45.38","46.32","45.33","11.43M","1.98%"
"08/21/2025","45.19","44.88","45.30","44.83","13.02M","0.30%"
"08/20/2025","45.06","45.03","45.34","44.90","13.44M","0.08%"
"08/19/2025","45.03","44.79","45.24","44.79","11.98M","0.60%"
"08/18/2025","44.76","44.95","45.05","44.70","9.42M","-0.58%"
"08/15/2025","45.01","45.31","45.31","44.91","16.13M","0.00%"
"08/14/2025","45.01","45.08","45.09","44.67","16.10M","-1.04%"
"08/13/2025","45.49","44.88","45.51","44.76","16.88M","1.88%"
"08/12/2025","44.65","44.15","44.69","44.10","12.50M","1.30%"
"08/11/2025","44.08","44.21","44.40","43.82","12.04M","-0.23%"
"08/08/2025","44.17","44.12","44.32","43.98","10.40M","0.50%"
"08/07/2025","43.96","44.19","44.26","43.69","15.27M","0.43%"
"08/06/2025","43.76","44.20","44.31","43.75","13.14M","-1.08%"
"08/05/2025","44.24","44.17","44.33","43.83","16.05M","0.71%"
"08/04/2025","43.94","43.61","43.98","43.60","15.50M","1.33%"
"08/01/2025","43.36","43.56","43.58","43.01","28.58M","-1.15%"
"07/31/2025","43.87","43.90","44.41","43.81","23.23M","-1.26%"
"07/30/2025","44.42","45.13","45.18","44.24","23.63M","-2.02%"
"07/29/2025","45.34","45.44","45.44","45.07","14.21M","-0.38%"
"07/28/2025","45.51","45.92","45.99","45.38","15.02M","-1.45%"
"07/25/2025","46.19","45.76","46.21","45.64","15.75M","1.18%"
"07/24/2025","45.65","45.70","46.00","45.51","17.34M","-1.03%"
"07/23/2025","46.12","46.15","46.37","46.04","13.49M","0.34%"
"07/22/2025","45.97","45.29","46.01","45.27","13.65M","1.38%"
"07/21/2025","45.34","45.38","45.74","45.29","10.63M","0.51%"
"07/18/2025","45.11","45.08","45.15","44.84","13.62M","0.23%"
"07/17/2025","45.01","44.60","45.04","44.54","11.84M","0.70%"
"07/16/2025","44.69","44.63","44.74","44.17","13.62M","0.27%"
"07/15/2025","44.57","45.58","45.60","44.56","14.65M","-2.05%"
"07/14/2025","45.51","45.58","45.67","45.34","12.95M","-0.56%"
"07/11/2025","45.76","45.64","45.84","45.40","11.56M","-0.81%"
"07/10/2025","46.13","46.00","46.43","45.90","12.87M","0.53%"
"07/09/2025","45.89","45.74","45.94","45.46","13.44M","0.60%"
"07/08/2025","45.62","45.34","45.76","45.28","16.35M","0.82%"
"07/07/2025","45.24","45.45","45.61","45.01","11.76M","-0.96%"
"07/03/2025","45.69","45.68","45.85","45.60","6.77M","-0.07%"
"07/02/2025","45.72","45.26","45.73","45.17","14.64M","1.50%"
"07/01/2025","45.04","44.03","45.29","43.94","15.84M","2.59%"
"06/30/2025","43.90","43.99","44.01","43.69","8.53M","-0.09%"
"06/27/2025","43.94","43.90","44.14","43.70","9.38M","0.13%"
"06/26/2025","43.89","43.63","44.03","43.63","10.51M","1.11%"
"06/25/2025","43.41","43.74","43.74","43.36","8.74M","-0.96%"
"06/24/2025","43.83","43.56","43.90","43.51","8.77M","0.83%"
"06/23/2025","43.47","42.99","43.51","42.77","10.12M","0.60%"
"06/20/2025","43.21","43.76","43.82","43.15","13.41M","-0.68%"
"06/18/2025","43.51","43.67","43.85","43.45","8.55M","-0.29%"
"06/17/2025","43.63","43.94","43.99","43.56","9.16M","-0.98%"
"06/16/2025","44.06","43.88","44.29","43.88","10.50M","0.85%"
"06/13/2025","43.69","43.78","44.25","43.57","14.29M","-1.17%"
"06/12/2025","44.21","43.86","44.24","43.66","8.66M","0.42%"
"06/11/2025","44.02","44.35","44.39","43.87","10.31M","-0.99%"
"06/10/2025","44.46","44.18","44.49","44.18","7.88M","0.62%"
"06/09/2025","44.19","43.99","44.47","43.94","11.67M","0.67%"
"06/06/2025","43.89","44.10","44.22","43.79","9.35M","0.26%"
"06/05/2025","43.78","44.20","44.22","43.67","14.23M","-0.59%"
"06/04/2025","44.03","43.92","44.15","43.85","13.27M","0.38%"
"06/03/2025","43.87","43.26","43.88","43.06","13.22M","1.02%"
"06/02/2025","43.42","43.44","43.44","43.10","15.81M","0.59%"
"05/30/2025","43.17","43.05","43.23","42.61","12.11M","0.00%"
"05/29/2025","43.17","43.22","43.24","42.74","9.87M","0.37%"
"05/28/2025","43.01","43.55","43.56","42.97","10.60M","-1.36%"
"05/27/2025","43.60","43.28","43.61","43.15","6.90M","1.75%"
"05/23/2025","42.85","42.61","43.01","42.53","7.34M","-0.20%"
"05/22/2025","42.94","42.92","43.12","42.62","7.65M","-0.10%"
"05/21/2025","42.98","43.22","43.45","42.92","9.61M","-1.33%"
"05/20/2025","43.56","43.57","43.64","43.37","5.13M","-0.17%"
"05/19/2025","43.63","43.28","43.69","43.09","10.17M","0.25%"
"05/16/2025","43.53","43.09","43.53","42.84","6.43M","1.02%"
"05/15/2025","43.08","42.53","43.11","42.51","7.11M","1.02%"
"05/14/2025","42.65","42.80","42.85","42.42","7.89M","-0.92%"
"05/13/2025","43.04","43.28","43.37","43.03","6.84M","-0.50%"
"05/12/2025","43.26","43.43","43.74","43.04","8.80M","2.32%"
"05/09/2025","42.28","42.17","42.34","42.04","6.36M","0.26%"
"05/08/2025","42.17","41.90","42.58","41.80","8.06M","1.33%"
"05/07/2025","41.62","41.89","41.98","41.46","8.75M","-0.55%"
"05/06/2025","41.85","42.01","42.20","41.73","6.11M","-0.72%"
"05/05/2025","42.15","42.28","42.46","42.09","5.68M","-0.74%"
"05/02/2025","42.47","42.26","42.64","42.11","8.57M","1.69%"
"05/01/2025","41.76","41.47","42.07","41.45","11.21M","-0.44%"
"04/30/2025","41.94","41.24","42.08","41.02","9.87M","0.52%"
"04/29/2025","41.73","41.47","41.90","41.27","9.53M","0.83%"
"04/28/2025","41.38","41.37","41.67","40.98","7.78M","0.18%"
"04/25/2025","41.31","41.29","41.42","40.97","9.40M","-0.74%"
"04/24/2025","41.62","40.81","41.70","40.65","10.00M","2.16%"
"04/23/2025","40.74","41.15","41.74","40.61","13.34M","0.12%"
"04/22/2025","40.69","40.17","40.81","40.17","7.29M","2.34%"
"04/21/2025","39.76","40.35","40.35","39.39","7.89M","-1.52%"
"04/17/2025","40.38","40.22","40.69","40.17","9.54M","0.69%"
"04/16/2025","40.10","40.45","40.72","39.83","10.73M","-0.78%"
"04/15/2025","40.42","40.56","40.94","40.38","8.03M","-0.79%"
"04/14/2025","40.74","40.72","40.92","40.24","10.43M","1.20%"
"04/11/2025","40.25","39.17","40.54","38.98","17.21M","2.97%"
"04/10/2025","39.09","39.74","39.75","38.17","28.17M","-3.19%"
"04/09/2025","40.38","36.93","40.58","36.88","40.44M","8.74%"
"04/08/2025","37.13","39.21","39.33","36.56","27.50M","-3.08%"
"04/07/2025","38.31","38.08","39.94","37.12","50.24M","-1.61%"
"04/04/2025","38.94","40.54","40.64","38.85","29.39M","-6.26%"
"04/03/2025","41.54","42.11","42.39","41.43","18.96M","-4.52%"
"04/02/2025","43.51","42.75","43.56","42.75","11.86M","0.82%"
"04/01/2025","43.15","42.88","43.17","42.49","12.20M","0.37%"
"03/31/2025","42.99","42.38","43.19","42.03","8.88M","1.09%"
"03/28/2025","42.53","43.42","43.44","42.47","9.15M","-1.84%"
"03/27/2025","43.32","43.22","43.47","42.92","6.05M","-0.05%"
"03/26/2025","43.34","43.31","43.60","43.13","8.16M","0.18%"
"03/25/2025","43.26","43.40","43.49","43.08","7.62M","-0.02%"
"03/24/2025","43.27","43.13","43.35","42.97","9.21M","0.87%"
"03/21/2025","42.90","42.97","42.97","42.37","16.81M","-0.99%"
"03/20/2025","43.33","43.47","43.69","43.26","7.61M","-0.63%"
"03/19/2025","43.60","43.49","43.76","43.19","10.25M","0.33%"
"03/18/2025","43.46","43.71","43.71","43.28","10.02M","-0.17%"
"03/17/2025","43.53","42.90","43.67","42.90","8.62M","1.26%"
"03/14/2025","42.99","42.78","43.05","42.61","9.51M","1.31%"
"03/13/2025","42.44","42.49","42.93","42.17","10.28M","-0.07%"
"03/12/2025","42.47","42.78","42.84","42.27","12.61M","-0.47%"
"03/11/2025","42.67","43.07","43.10","42.42","15.43M","-0.77%"
"03/10/2025","42.99","43.52","43.77","42.69","16.67M","-2.08%"
"03/07/2025","43.91","43.60","44.09","43.39","15.65M","0.27%"
"03/06/2025","43.79","43.80","44.21","43.55","18.49M","-0.52%"
"03/05/2025","44.02","43.30","44.13","43.24","17.37M","2.61%"
"03/04/2025","42.90","43.59","43.59","42.84","22.52M","-1.36%"
"03/03/2025","43.49","44.79","44.96","43.39","16.88M","-2.01%"
"02/28/2025","44.38","44.17","44.42","43.83","9.32M","0.85%"
"02/27/2025","44.01","44.33","44.60","43.97","7.09M","-0.68%"
"02/26/2025","44.31","44.49","44.72","44.26","7.97M","-0.05%"
"02/25/2025","44.33","44.01","44.47","43.97","9.28M","0.77%"
"02/24/2025","43.99","44.15","44.24","43.86","9.45M","-0.11%"
"02/21/2025","44.03","44.94","44.95","43.99","9.95M","-1.83%"
"02/20/2025","44.85","44.84","45.01","44.56","9.87M","-0.23%"
"02/19/2025","44.96","44.94","45.10","44.80","7.61M","-1.18%"
"02/18/2025","45.49","45.05","45.49","44.78","7.12M","1.27%"
"02/14/2025","44.92","45.21","45.44","44.92","9.63M","-0.34%"
"02/13/2025","45.08","44.56","45.13","44.49","10.43M","1.74%"
"02/12/2025","44.31","44.03","44.53","43.88","11.03M","-0.72%"
"02/11/2025","44.63","44.51","44.92","44.44","9.44M","0.59%"
"02/10/2025","44.37","44.47","44.51","44.13","8.95M","0.51%"
"02/07/2025","44.15","44.58","44.64","44.10","13.55M","-1.22%"
"02/06/2025","44.69","44.56","44.81","44.34","15.30M","0.35%"
"02/05/2025","44.53","44.38","44.75","44.24","14.19M","-0.08%"
"02/04/2025","44.57","44.58","44.75","44.44","19.72M","0.29%"
"02/03/2025","44.44","43.94","44.57","43.47","21.25M","0.10%"
"01/31/2025","44.40","44.67","44.80","44.21","13.90M","-0.73%"
"01/30/2025","44.72","44.21","44.75","44.13","12.40M","0.95%"
"01/29/2025","44.30","44.21","44.51","44.19","9.02M","-0.18%"
"01/28/2025","44.38","44.63","44.63","44.28","9.29M","-0.33%"
"01/27/2025","44.53","44.41","44.56","44.16","12.94M","0.06%"
"01/24/2025","44.50","44.81","44.83","44.45","6.30M","-0.26%"
"01/23/2025","44.62","44.37","44.62","44.13","8.57M","0.55%"
"01/22/2025","44.37","44.78","44.79","44.36","11.89M","-0.80%"
"01/21/2025","44.73","44.58","44.85","44.52","10.35M","1.28%"
"01/17/2025","44.17","44.17","44.45","44.00","11.59M","0.65%"
"01/16/2025","43.88","43.56","43.88","43.44","11.55M","0.83%"
"01/15/2025","43.52","43.74","43.85","43.24","12.56M","0.95%"
"01/14/2025","43.11","42.82","43.14","42.71","13.08M","1.24%"
"01/13/2025","42.58","41.61","42.60","41.58","20.01M","2.23%"
"01/10/2025","41.65","41.78","41.96","41.54","18.55M","-1.02%"
"01/08/2025","42.08","41.88","42.08","41.58","15.74M","0.55%"
"01/07/2025","41.85","41.90","42.33","41.64","23.07M","-0.06%"
"01/06/2025","41.88","42.01","42.28","41.81","16.60M","0.67%"
"01/03/2025","41.60","41.74","41.79","41.52","19.35M","-0.02%"
"01/02/2025","41.60","42.27","42.41","41.54","20.00M","-1.11%"
"12/31/2024","42.07","42.04","42.21","41.85","8.88M","0.41%"
"12/30/2024","41.90","42.19","42.19","41.70","7.53M","-1.34%"
"12/27/2024","42.47","42.49","42.85","42.30","8.57M","-0.54%"
"12/26/2024","42.70","42.59","42.86","42.49","6.52M","-0.15%"
"12/24/2024","42.76","42.54","42.80","42.34","5.50M","0.54%"
"12/23/2024","42.53","42.51","42.58","42.13","11.34M","-0.60%"
"12/20/2024","42.79","42.19","43.04","42.17","14.69M","1.24%"
"12/19/2024","42.26","42.76","43.06","42.26","12.50M","-1.08%"
"12/18/2024","42.72","43.95","44.10","42.71","14.80M","-2.84%"
"12/17/2024","43.97","44.03","44.35","43.97","8.29M","-0.55%"
"12/16/2024","44.22","44.53","44.68","44.20","10.49M","-0.89%"
"12/13/2024","44.62","44.84","44.90","44.47","8.10M","-0.86%"
"12/12/2024","45.00","45.15","45.28","44.98","7.29M","-0.70%"
"12/11/2024","45.31","45.63","45.63","45.28","12.29M","-0.35%"
"12/10/2024","45.47","45.89","45.92","45.19","7.72M","-1.02%"
"12/09/2024","45.94","46.32","46.58","45.94","9.42M","-0.02%"
"12/06/2024","45.96","46.25","46.31","45.94","7.13M","-0.39%"
"12/05/2024","46.13","46.50","46.57","45.92","12.76M","-1.32%"
"12/04/2024","46.75","47.03","47.06","46.60","10.87M","-0.97%"
"12/03/2024","47.21","47.55","47.59","47.12","11.10M","-0.32%"
"12/02/2024","47.36","47.44","47.47","47.03","12.79M","-0.06%"
"11/29/2024","47.39","47.15","47.43","47.08","4.27M","0.51%"
"11/27/2024","47.15","47.24","47.58","47.09","14.05M","-0.05%"
"11/26/2024","47.17","47.41","47.41","46.99","6.10M","-0.75%"
"11/25/2024","47.53","47.24","47.60","47.18","7.52M","1.03%"
"11/22/2024","47.04","46.74","47.10","46.72","5.86M","0.56%"
"11/21/2024","46.78","46.23","46.80","46.10","8.40M","1.22%"
"11/20/2024","46.22","45.87","46.28","45.69","8.35M","0.82%"
"11/19/2024","45.85","45.65","45.92","45.41","6.54M","-0.33%"
"11/18/2024","45.99","45.72","45.99","45.64","7.88M","0.78%"
"11/15/2024","45.64","45.94","46.03","45.56","6.40M","-0.70%"
"11/14/2024","45.96","46.28","46.33","45.91","5.91M","-0.82%"
"11/13/2024","46.34","46.26","46.44","46.12","6.31M","0.24%"
"11/12/2024","46.23","46.80","46.87","46.12","7.08M","-1.70%"
"11/11/2024","47.03","47.19","47.38","46.98","7.69M","-0.43%"
"11/08/2024","47.24","47.49","47.54","47.15","8.81M","-0.91%"
"11/07/2024","47.67","47.61","47.84","47.51","19.95M","0.39%"
"11/06/2024","47.49","47.87","47.97","47.13","12.70M","1.38%"
"11/05/2024","46.84","46.66","47.03","46.51","7.97M","0.15%"
"11/04/2024","46.77","46.82","47.08","46.56","15.31M","0.44%"
"11/01/2024","46.56","46.73","46.89","46.55","6.93M","-0.28%"
"10/31/2024","46.69","47.00","47.19","46.67","8.11M","-1.32%"
"10/30/2024","47.32","47.06","47.63","47.06","10.64M","0.54%"
"10/29/2024","47.06","47.13","47.35","47.01","7.32M","-0.64%"
"10/28/2024","47.37","47.21","47.43","47.16","7.70M","0.83%"
"10/25/2024","46.98","47.26","47.45","46.96","7.41M","-0.63%"
"10/24/2024","47.28","47.77","47.87","47.08","5.09M","-1.22%"
"10/23/2024","47.87","47.87","48.13","47.64","6.78M","-0.27%"
"10/22/2024","47.99","48.40","48.48","47.73","6.95M","-0.92%"
"10/21/2024","48.44","48.76","48.83","48.28","4.34M","-0.77%"
"10/18/2024","48.81","48.76","48.94","48.57","6.04M","0.40%"
"10/17/2024","48.62","48.65","48.73","48.47","5.04M","0.15%"
"10/16/2024","48.54","48.22","48.64","48.21","7.47M","0.78%"
"10/15/2024","48.17","48.11","48.56","48.11","7.72M","-0.10%"
"10/14/2024","48.22","47.73","48.25","47.65","6.22M","0.57%"
"10/11/2024","47.94","47.73","48.08","47.66","6.63M","0.65%"
"10/10/2024","47.63","47.51","47.71","47.31","6.76M","0.23%"
"10/09/2024","47.53","47.19","47.66","47.12","8.56M","0.64%"
"10/08/2024","47.22","47.17","47.28","46.92","8.93M","-0.46%"
"10/07/2024","47.44","47.37","47.56","47.18","7.80M","-0.29%"
"10/04/2024","47.58","47.65","47.78","47.29","11.38M","0.49%"
"10/03/2024","47.35","47.60","47.61","47.22","13.54M","-1.11%"
"10/02/2024","47.88","47.95","48.26","47.76","10.57M","-0.38%"
"10/01/2024","48.07","48.24","48.27","47.85","11.55M","-0.25%"
"09/30/2024","48.19","48.38","48.44","47.83","7.37M","-0.56%"
"09/27/2024","48.46","48.54","48.89","48.36","8.50M","-0.18%"
"09/26/2024","48.54","48.08","48.61","48.08","10.24M","2.07%"
"09/25/2024","47.56","48.01","48.05","47.45","5.82M","-0.67%"
"09/24/2024","47.88","47.66","47.96","47.56","7.92M","1.37%"
"09/23/2024","47.24","47.01","47.28","46.91","5.16M","0.43%"
"09/20/2024","47.03","47.31","47.31","46.85","9.62M","-0.71%"
"09/19/2024","47.37","47.44","47.56","47.11","8.35M","1.51%"
"09/18/2024","46.67","46.97","47.22","46.55","11.16M","-0.43%"
"09/17/2024","46.87","46.79","47.21","46.75","5.88M","0.19%"
"09/16/2024","46.78","46.55","46.86","46.42","5.84M","0.93%"
"09/13/2024","46.35","46.06","46.59","46.03","6.46M","0.90%"
"09/12/2024","45.93","45.65","45.94","45.40","5.96M","0.92%"
"09/11/2024","45.51","45.40","45.56","44.44","7.39M","0.24%"
"09/10/2024","45.40","45.36","45.41","45.03","6.30M","0.04%"
"09/09/2024","45.38","45.21","45.62","45.21","6.41M","0.97%"
"09/06/2024","44.94","45.46","45.72","44.86","10.62M","-1.26%"
"09/05/2024","45.52","45.97","46.03","45.42","7.59M","-0.78%"
"09/04/2024","45.88","46.19","46.38","45.83","6.31M","-0.41%"
"09/03/2024","46.07","46.46","46.68","45.92","9.50M","-2.27%"
"08/30/2024","47.14","46.76","47.21","46.53","8.65M","1.09%"
"08/29/2024","46.63","46.54","46.92","46.24","6.05M","0.55%"
"08/28/2024","46.38","46.42","46.62","46.21","6.52M","-0.43%"
"08/27/2024","46.58","46.53","46.58","46.27","8.85M","0.01%"
"08/26/2024","46.57","46.57","46.92","46.49","7.66M","0.44%"
"08/23/2024","46.37","45.95","46.48","45.92","5.80M","1.32%"
"08/22/2024","45.76","45.85","45.94","45.60","5.68M","-0.21%"
"08/21/2024","45.85","45.49","45.90","45.47","4.61M","1.15%"
"08/20/2024","45.33","45.53","45.64","45.29","4.83M","-0.36%"
"08/19/2024","45.50","45.29","45.54","45.29","4.59M","0.47%"
"08/16/2024","45.28","45.15","45.31","44.95","5.80M","0.12%"
"08/15/2024","45.23","44.95","45.32","44.85","7.73M","1.58%"
"08/14/2024","44.53","44.63","44.66","44.30","7.24M","0.00%"
"08/13/2024","44.53","44.24","44.62","44.13","6.24M","1.00%"
"08/12/2024","44.08","44.33","44.39","43.98","5.56M","-0.44%"
"08/09/2024","44.28","44.34","44.42","43.87","5.72M","-0.08%"
"08/08/2024","44.31","43.87","44.41","43.83","10.76M","1.55%"
"08/07/2024","43.64","44.62","44.80","43.61","11.10M","-1.36%"
"08/06/2024","44.24","43.96","44.81","43.88","11.81M","0.51%"
"08/05/2024","44.01","44.21","44.38","43.64","19.48M","-2.23%"
"08/02/2024","45.02","45.37","45.47","44.42","20.95M","-1.89%"
"08/01/2024","45.88","46.28","46.69","45.60","17.13M","-0.40%"
"07/31/2024","46.07","45.99","46.49","45.84","10.47M","1.04%"
"07/30/2024","45.60","45.58","45.93","45.50","8.50M","-0.33%"
"07/29/2024","45.74","45.69","45.87","45.49","7.05M","0.18%"
"07/26/2024","45.67","45.22","45.84","45.12","7.07M","1.64%"
"07/25/2024","44.93","44.60","45.47","44.56","10.05M","0.28%"
"07/24/2024","44.81","45.47","45.52","44.76","8.55M","-1.28%"
"07/23/2024","45.38","45.34","45.46","45.06","6.49M","0.40%"
"07/22/2024","45.21","45.17","45.26","44.83","7.53M","0.33%"
"07/19/2024","45.06","45.24","45.35","44.92","9.37M","-0.89%"
"07/18/2024","45.46","45.65","46.15","45.40","8.91M","-0.99%"
"07/17/2024","45.92","45.99","46.19","45.90","8.79M","-0.21%"
"07/16/2024","46.01","45.10","46.05","45.08","7.47M","1.94%"
"07/15/2024","45.13","45.26","45.44","45.03","6.49M","-0.25%"
"07/12/2024","45.25","45.08","45.46","44.96","9.80M","0.96%"
"07/11/2024","44.82","44.44","44.88","44.40","11.91M","1.37%"
"07/10/2024","44.22","43.85","44.24","43.78","7.92M","1.34%"
"07/09/2024","43.63","43.88","43.97","43.62","5.95M","-1.02%"
"07/08/2024","44.08","44.08","44.23","43.92","10.50M","0.30%"
"07/05/2024","43.95","43.85","44.00","43.61","8.85M","0.16%"
"07/03/2024","43.88","43.70","43.99","43.66","4.59M","0.75%"
"07/02/2024","43.56","43.37","43.67","43.20","13.12M","0.18%"
"07/01/2024","43.47","44.19","44.35","43.34","8.65M","-1.54%"
"06/28/2024","44.15","44.17","44.48","44.02","7.75M","-0.03%"
"06/27/2024","44.17","44.29","44.31","44.06","16.28M","-0.28%"
"06/26/2024","44.29","44.10","44.33","43.97","6.47M","-0.07%"
"06/25/2024","44.33","44.81","44.82","44.18","7.29M","-1.27%"
"06/24/2024","44.90","44.79","45.08","44.67","8.07M","0.17%"
"06/21/2024","44.82","44.69","44.90","44.49","8.21M","0.01%"
"06/20/2024","44.81","44.74","45.03","44.71","6.44M","0.10%"
"06/18/2024","44.77","44.83","44.99","44.56","6.87M","-0.11%"
"06/17/2024","44.82","44.33","44.90","44.22","7.63M","0.74%"
"06/14/2024","44.49","44.65","44.72","44.21","5.69M","-0.92%"
"06/13/2024","44.90","44.67","44.96","44.50","7.94M","-0.03%"
"06/12/2024","44.92","45.38","45.51","44.81","8.17M","0.19%"
"06/11/2024","44.83","44.60","44.83","44.42","6.46M","-0.03%"
"06/10/2024","44.85","44.78","44.89","44.67","5.22M","-0.10%"
"06/07/2024","44.90","44.88","45.27","44.70","8.36M","-1.00%"
"06/06/2024","45.35","45.30","45.36","45.10","4.24M","0.11%"
"06/05/2024","45.30","45.00","45.32","44.81","6.82M","0.69%"
"06/04/2024","44.99","45.13","45.22","44.73","6.78M","-1.11%"
"06/03/2024","45.49","45.76","45.78","45.10","11.90M","-0.59%"
"05/31/2024","45.76","45.26","45.77","44.94","8.20M","1.21%"
"05/30/2024","45.22","44.76","45.24","44.76","6.60M","0.81%"
"05/29/2024","44.85","45.08","45.19","44.82","8.15M","-1.43%"
"05/28/2024","45.51","45.69","45.75","45.34","4.22M","-0.38%"
"05/24/2024","45.68","45.49","45.74","45.49","4.60M","0.87%"
"05/23/2024","45.28","45.76","45.80","45.19","5.69M","-0.89%"
"05/22/2024","45.69","45.71","45.88","45.48","8.70M","-0.98%"
"05/21/2024","46.14","46.14","46.15","45.94","5.42M","0.00%"
"05/20/2024","46.14","46.01","46.22","45.89","4.54M","0.14%"
"05/17/2024","46.08","45.85","46.08","45.78","7.26M","0.85%"
"05/16/2024","45.69","46.03","46.06","45.66","7.25M","-0.72%"
"05/15/2024","46.01","46.25","46.28","45.81","7.92M","0.17%"
"05/14/2024","45.94","46.01","46.10","45.78","7.48M","0.10%"
"05/13/2024","45.89","46.01","46.17","45.85","5.03M","-0.07%"
"05/10/2024","45.92","46.06","46.10","45.89","5.47M","0.12%"
"05/09/2024","45.87","45.48","45.90","45.42","7.07M","1.11%"
"05/08/2024","45.36","45.40","45.57","45.31","6.52M","-0.46%"
"05/07/2024","45.57","45.21","45.65","45.20","8.86M","1.19%"
"05/06/2024","45.03","45.04","45.21","44.83","6.62M","0.60%"
"05/03/2024","44.76","44.69","44.88","44.53","9.00M","1.02%"
"05/02/2024","44.31","44.31","44.51","43.95","15.57M","-0.52%"
"05/01/2024","44.54","44.48","45.26","44.37","15.46M","0.52%"
"04/30/2024","44.31","44.76","44.87","44.31","9.87M","-1.82%"
"04/29/2024","45.13","44.96","45.19","44.92","5.68M","0.84%"
"04/26/2024","44.76","44.51","44.95","44.49","6.27M","0.62%"
"04/25/2024","44.49","44.17","44.58","43.78","9.22M","0.71%"
"04/24/2024","44.17","43.96","44.21","43.83","9.55M","0.07%"
"04/23/2024","44.14","43.97","44.35","43.88","11.47M","-0.86%"
"04/22/2024","44.53","44.24","44.76","44.06","8.28M","0.10%"
"04/19/2024","44.48","44.63","44.82","44.31","10.11M","-0.08%"
"04/18/2024","44.51","44.86","44.89","44.31","7.50M","0.03%"
"04/17/2024","44.50","44.70","44.90","44.37","9.16M","0.23%"
"04/16/2024","44.40","44.50","44.64","44.24","13.56M","-0.77%"
"04/15/2024","44.74","45.44","45.61","44.59","11.51M","-0.48%"
"04/12/2024","44.96","45.63","45.72","44.76","12.11M","-1.77%"
"04/11/2024","45.77","45.85","45.97","45.53","9.90M","-0.08%"
"04/10/2024","45.81","45.81","46.08","45.64","14.11M","-1.56%"
"04/09/2024","46.53","46.78","46.79","46.05","11.35M","0.24%"
"04/08/2024","46.42","46.53","46.58","46.29","6.52M","0.08%"
"04/05/2024","46.38","45.97","46.44","45.92","9.80M","0.90%"
"04/04/2024","45.97","46.69","46.86","45.87","12.66M","-1.01%"
"04/03/2024","46.44","46.22","46.50","46.17","10.02M","0.60%"
"04/02/2024","46.17","46.29","46.33","45.96","9.57M","-0.37%"
"04/01/2024","46.33","46.67","46.67","46.25","7.65M","-0.24%"
"03/28/2024","46.44","46.33","46.60","46.24","9.03M","0.27%"
"03/27/2024","46.32","45.78","46.33","45.74","8.44M","1.43%"
"03/26/2024","45.67","45.78","45.86","45.63","5.43M","-0.08%"
"03/25/2024","45.70","45.66","45.88","45.62","5.66M","0.03%"
"03/22/2024","45.69","45.87","45.98","45.66","5.87M","-0.62%"
"03/21/2024","45.97","45.90","46.04","45.72","9.38M","0.42%"
"03/20/2024","45.78","45.29","45.95","45.20","13.25M","1.00%"
"03/19/2024","45.33","45.26","45.40","45.13","10.83M","0.01%"
"03/18/2024","45.32","45.38","45.68","45.30","15.24M","-0.18%"
"03/15/2024","45.40","45.08","45.60","45.06","18.70M","0.04%"
"03/14/2024","45.38","45.49","45.60","45.18","19.45M","-0.53%"
"03/13/2024","45.62","45.31","45.83","45.31","14.53M","0.99%"
"03/12/2024","45.17","45.17","45.23","44.95","10.15M","-0.01%"
"03/11/2024","45.18","44.88","45.37","44.72","23.27M","1.13%"
"03/08/2024","44.67","45.08","45.10","44.67","10.31M","-0.58%"
"03/07/2024","44.94","44.74","45.15","44.74","7.94M","1.23%"
"03/06/2024","44.39","44.31","44.54","44.24","10.22M","0.74%"
"03/05/2024","44.06","44.15","44.44","43.92","8.49M","-0.53%"
"03/04/2024","44.30","44.03","44.38","43.98","9.35M","0.73%"
"03/01/2024","43.98","43.78","44.09","43.74","10.40M","0.46%"
"02/29/2024","43.78","43.72","43.90","43.56","12.25M","0.76%"
"02/28/2024","43.45","43.19","43.61","43.08","8.99M","0.31%"
"02/27/2024","43.31","43.31","43.42","43.19","8.25M","0.37%"
"02/26/2024","43.15","43.28","43.33","43.10","6.65M","-0.60%"
"02/23/2024","43.42","43.25","43.48","43.15","7.08M","0.59%"
"02/22/2024","43.16","42.81","43.22","42.76","9.45M","1.01%"
"02/21/2024","42.73","42.49","42.76","42.33","8.12M","0.55%"
"02/20/2024","42.49","42.56","42.63","42.37","9.02M","-0.21%"
"02/16/2024","42.58","42.54","42.87","42.49","9.31M","0.53%"
"02/15/2024","42.36","41.81","42.42","41.81","11.98M","1.89%"
"02/14/2024","41.58","41.52","41.65","41.31","8.76M","0.64%"
"02/13/2024","41.31","41.50","41.62","41.01","12.86M","-1.41%"
"02/12/2024","41.90","41.67","42.09","41.63","6.80M","0.79%"
"02/09/2024","41.57","41.38","41.59","41.26","7.64M","0.22%"
"02/08/2024","41.48","41.60","41.60","41.19","6.80M","-0.13%"
"02/07/2024","41.53","41.44","41.65","41.42","10.82M","0.80%"
"02/06/2024","41.21","40.82","41.29","40.82","19.05M","1.77%"
"02/05/2024","40.49","40.65","40.74","40.37","24.89M","-2.54%"
"02/02/2024","41.54","41.49","41.74","41.09","22.92M","-0.59%"
"02/01/2024","41.79","41.74","41.85","41.23","19.79M","1.67%"
"01/31/2024","41.10","41.72","41.77","41.06","13.48M","-1.31%"
"01/30/2024","41.65","41.38","41.84","41.29","10.85M","0.46%"
"01/29/2024","41.46","41.22","41.47","41.03","7.13M","0.50%"
"01/26/2024","41.26","41.39","41.49","41.17","7.80M","0.04%"
"01/25/2024","41.24","41.01","41.26","40.88","9.73M","1.05%"
"01/24/2024","40.81","41.40","41.50","40.79","10.32M","-1.35%"
"01/23/2024","41.37","41.43","41.56","41.22","7.89M","0.33%"
"01/22/2024","41.24","40.88","41.31","40.88","10.79M","0.29%"
"01/19/2024","41.12","41.12","41.19","40.72","11.65M","0.10%"
"01/18/2024","41.08","41.03","41.13","40.73","9.32M","0.32%"
"01/17/2024","40.94","40.83","41.09","40.76","9.29M","-0.73%"
"01/16/2024","41.24","41.47","41.54","41.15","10.55M","-1.15%"
"01/12/2024","41.72","41.92","42.02","41.54","8.27M","0.10%"
"01/11/2024","41.69","41.86","41.86","41.38","8.54M","-0.30%"
"01/10/2024","41.81","41.72","41.85","41.61","8.20M","-0.13%"
"01/09/2024","41.87","42.08","42.08","41.73","12.91M","-1.15%"
"01/08/2024","42.35","41.95","42.36","41.80","10.37M","0.43%"
"01/05/2024","42.17","41.99","42.40","41.94","14.69M","0.17%"
"01/04/2024","42.10","42.17","42.36","42.02","20.42M","-0.32%"
"01/03/2024","42.24","42.25","42.45","41.94","23.36M","-1.08%"
"01/02/2024","42.69","42.46","42.76","42.40","19.92M","-0.18%"
"12/29/2023","42.77","42.79","42.89","42.68","6.99M","-0.40%"
"12/28/2023","42.94","43.03","43.10","42.90","7.21M","-0.38%"
"12/27/2023","43.10","42.92","43.15","42.87","6.82M","0.24%"
"12/26/2023","43.00","42.85","43.13","42.80","6.73M","0.47%"
"12/22/2023","42.80","42.69","42.90","42.62","5.39M","0.62%"
"12/21/2023","42.53","42.44","42.54","42.25","7.54M","1.06%"
"12/20/2023","42.09","42.63","42.74","42.08","9.36M","-1.53%"
"12/19/2023","42.74","42.63","42.84","42.58","7.29M","0.92%"
"12/18/2023","42.35","42.61","42.70","42.33","8.05M","-0.54%"
"12/15/2023","42.58","42.46","42.85","42.46","10.81M","-0.26%"
"12/14/2023","42.69","42.26","42.93","42.26","12.71M","1.65%"
"12/13/2023","42.00","41.04","42.02","40.94","16.39M","1.22%"
"12/12/2023","41.49","41.64","41.80","41.29","20.44M","0.58%"
"12/11/2023","41.26","40.89","41.26","40.81","9.21M","0.71%"
"12/08/2023","40.97","40.78","41.16","40.78","8.25M","0.37%"
"12/07/2023","40.81","40.69","40.86","40.58","8.56M","0.68%"
"12/06/2023","40.54","40.81","40.94","40.50","16.91M","-0.21%"
"12/05/2023","40.63","40.99","41.01","40.53","17.53M","-1.37%"
"12/04/2023","41.19","41.33","41.63","41.17","21.23M","-1.16%"
"12/01/2023","41.67","41.26","41.82","41.17","16.78M","1.14%"
"11/30/2023","41.21","40.83","41.24","40.69","11.48M","0.99%"
"11/29/2023","40.80","40.74","40.99","40.71","6.24M","0.52%"
"11/28/2023","40.59","40.51","40.81","40.39","7.00M","0.20%"
"11/27/2023","40.51","40.41","40.56","40.24","6.52M","-0.12%"
"11/24/2023","40.56","40.39","40.69","40.39","3.69M","0.43%"
"11/22/2023","40.38","40.36","40.44","40.18","7.52M","0.06%"
"11/21/2023","40.36","40.33","40.51","40.29","7.36M","0.39%"
"11/20/2023","40.21","40.08","40.33","39.86","9.63M","0.17%"
"11/17/2023","40.13","40.19","40.27","40.01","6.89M","0.19%"
"11/16/2023","40.06","39.93","40.10","39.83","7.17M","0.30%"
"11/15/2023","39.94","39.85","40.31","39.81","9.82M","0.44%"
"11/14/2023","39.76","39.08","39.94","39.07","11.00M","2.95%"
"11/13/2023","38.63","38.46","38.78","38.40","8.08M","-0.14%"
"11/10/2023","38.68","38.26","38.71","38.22","7.25M","1.18%"
"11/09/2023","38.23","38.82","38.83","38.20","13.88M","-0.86%"
"11/08/2023","38.56","38.53","38.67","38.31","10.94M","0.31%"
"11/07/2023","38.44","38.82","38.85","38.39","15.02M","-1.94%"
"11/06/2023","39.20","39.40","39.43","39.12","9.34M","-0.49%"
"11/03/2023","39.40","39.10","39.67","39.10","12.13M","1.57%"
"11/02/2023","38.78","38.30","38.80","38.28","13.10M","1.93%"
"11/01/2023","38.05","37.97","38.13","37.66","17.56M","0.05%"
"10/31/2023","38.03","37.79","38.14","37.70","11.16M","0.45%"
"10/30/2023","37.86","37.85","38.01","37.59","11.95M","1.03%"
"10/27/2023","37.47","37.51","37.75","37.38","16.47M","-0.04%"
"10/26/2023","37.49","37.50","37.83","37.38","17.55M","0.70%"
"10/25/2023","37.23","37.60","37.66","37.20","12.54M","-1.17%"
"10/24/2023","37.67","37.53","37.90","37.47","14.85M","1.18%"
"10/23/2023","37.23","37.28","37.62","37.17","18.28M","-1.12%"
"10/20/2023","37.65","38.10","38.17","37.63","14.32M","-1.21%"
"10/19/2023","38.11","38.42","38.74","38.06","18.47M","-1.17%"
"10/18/2023","38.56","39.33","39.33","38.51","13.02M","-2.59%"
"10/17/2023","39.58","38.92","39.72","38.92","11.64M","0.98%"
"10/16/2023","39.20","39.11","39.46","38.98","12.36M","0.98%"
"10/13/2023","38.82","39.16","39.33","38.65","11.27M","-0.37%"
"10/12/2023","38.97","39.72","39.72","38.67","12.13M","-1.49%"
"10/11/2023","39.56","39.62","39.78","39.22","9.86M","0.24%"
"10/10/2023","39.46","39.26","39.78","39.21","13.71M","1.06%"
"10/09/2023","39.04","38.77","39.16","38.58","12.97M","0.13%"
"10/06/2023","38.99","38.53","39.26","38.39","16.09M","0.94%"
"10/05/2023","38.63","39.01","39.22","38.40","20.47M","-1.21%"
"10/04/2023","39.10","39.05","39.17","38.58","17.95M","1.18%"
"10/03/2023","38.65","38.36","39.14","38.36","26.36M","-0.27%"
"10/02/2023","38.76","39.12","39.17","38.49","22.60M","-1.32%"
"09/29/2023","39.28","39.72","39.72","39.17","11.71M","-0.17%"
"09/28/2023","39.34","38.99","39.48","38.99","9.40M","1.08%"
"09/27/2023","38.92","39.12","39.17","38.69","11.03M","-0.01%"
"09/26/2023","38.92","39.26","39.47","38.81","10.95M","-1.44%"
"09/25/2023","39.49","39.03","39.51","39.01","8.25M","0.79%"
"09/22/2023","39.19","39.33","39.52","39.12","12.04M","-0.10%"
"09/21/2023","39.22","39.76","39.78","39.21","13.56M","-2.01%"
"09/20/2023","40.03","40.61","40.71","40.01","9.30M","-1.05%"
"09/19/2023","40.46","40.47","40.64","40.10","8.17M","-0.09%"
"09/18/2023","40.49","40.61","40.70","40.37","7.37M","-0.89%"
"09/15/2023","40.85","41.20","41.38","40.79","13.98M","-1.11%"
"09/14/2023","41.31","41.17","41.40","41.01","8.67M","1.41%"
"09/13/2023","40.74","40.96","41.04","40.63","9.17M","-0.59%"
"09/12/2023","40.98","40.94","41.17","40.89","8.42M","-0.23%"
"09/11/2023","41.08","41.17","41.36","40.99","8.07M","0.43%"
"09/08/2023","40.90","40.78","41.08","40.78","6.99M","0.10%"
"09/07/2023","40.86","40.88","41.03","40.56","8.87M","-0.45%"
"09/06/2023","41.04","40.99","41.24","40.72","9.31M","-0.22%"
"09/05/2023","41.13","41.85","41.88","41.13","12.93M","-1.85%"
"09/01/2023","41.91","41.84","42.02","41.75","11.83M","1.12%"
"08/31/2023","41.44","41.53","41.64","41.40","6.56M","-0.05%"
"08/30/2023","41.47","41.37","41.54","41.30","7.60M","0.23%"
"08/29/2023","41.37","40.72","41.39","40.58","11.75M","1.66%"
"08/28/2023","40.69","40.51","40.89","40.49","10.10M","0.73%"
"08/25/2023","40.40","40.47","40.58","40.06","10.76M","0.30%"
"08/24/2023","40.28","40.26","40.63","40.22","8.14M","-0.42%"
"08/23/2023","40.45","40.38","40.59","40.28","7.00M","0.16%"
"08/22/2023","40.38","40.61","40.68","40.26","7.22M","-0.09%"
"08/21/2023","40.42","40.51","40.58","40.13","9.71M","0.00%"
"08/18/2023","40.42","40.19","40.51","40.10","9.82M","0.00%"
"08/17/2023","40.42","40.78","41.03","40.38","10.53M","-0.20%"
"08/16/2023","40.50","40.71","40.92","40.49","10.56M","-0.67%"
"08/15/2023","40.78","41.05","41.14","40.69","11.39M","-1.63%"
"08/14/2023","41.45","41.26","41.46","41.03","7.75M","0.22%"
"08/11/2023","41.36","41.37","41.57","41.22","7.97M","-0.28%"
"08/10/2023","41.47","41.65","41.89","41.38","11.15M","0.07%"
"08/09/2023","41.44","41.78","41.86","41.39","15.93M","-0.41%"
"08/08/2023","41.62","41.38","41.69","41.17","12.86M","-1.06%"
"08/07/2023","42.06","41.94","42.13","41.75","10.32M","0.66%"
"08/04/2023","41.78","42.09","42.39","41.75","16.99M","-0.23%"
"08/03/2023","41.88","42.01","42.23","41.81","18.76M","-0.62%"
"08/02/2023","42.14","42.28","42.53","42.08","20.37M","-1.24%"
"08/01/2023","42.67","42.65","42.85","42.50","15.07M","-0.44%"
"07/31/2023","42.86","42.74","42.93","42.62","11.00M","0.53%"
"07/28/2023","42.63","42.80","42.81","42.41","8.13M","0.70%"
"07/27/2023","42.34","42.76","42.89","42.30","14.10M","-0.65%"
"07/26/2023","42.62","42.46","42.73","42.28","12.34M","-0.34%"
"07/25/2023","42.76","42.24","42.92","42.17","17.52M","1.80%"
"07/24/2023","42.01","41.92","42.08","41.74","8.71M","0.31%"
"07/21/2023","41.88","41.75","41.94","41.54","9.05M","0.01%"
"07/20/2023","41.87","41.90","41.96","41.58","9.85M","0.24%"
"07/19/2023","41.77","41.94","42.05","41.64","10.38M","-0.54%"
"07/18/2023","41.99","41.51","42.12","41.51","11.80M","0.78%"
"07/17/2023","41.67","41.49","41.75","41.42","9.07M","0.10%"
"07/14/2023","41.63","41.90","41.90","41.44","11.25M","-0.59%"
"07/13/2023","41.88","41.69","41.92","41.54","9.61M","0.78%"
"07/12/2023","41.55","41.51","41.67","41.21","23.08M","1.32%"
"07/11/2023","41.01","40.85","41.04","40.67","9.41M","0.98%"
"07/10/2023","40.61","40.33","40.85","40.29","11.20M","-0.02%"
"07/07/2023","40.62","40.24","41.03","40.19","13.66M","0.87%"
"07/06/2023","40.27","40.04","40.29","39.65","17.90M","-0.73%"
"07/05/2023","40.56","41.13","41.17","40.49","23.66M","-2.46%"
"07/03/2023","41.59","41.42","41.77","41.35","7.87M","0.37%"
"06/30/2023","41.44","41.27","41.54","41.12","12.97M","0.94%"
"06/29/2023","41.05","40.43","41.07","40.34","10.56M","1.26%"
"06/28/2023","40.54","40.72","40.72","40.35","10.99M","-0.69%"
"06/27/2023","40.82","40.35","40.85","40.22","13.68M","1.42%"
"06/26/2023","40.25","39.94","40.30","39.85","8.34M","1.04%"
"06/23/2023","39.83","39.74","39.91","39.53","11.95M","-0.81%"
"06/22/2023","40.16","40.11","40.19","39.78","8.65M","-0.24%"
"06/21/2023","40.26","39.94","40.42","39.81","13.36M","0.32%"
"06/20/2023","40.13","40.26","40.35","39.90","11.74M","-1.83%"
"06/16/2023","40.88","40.84","40.89","40.58","16.97M","0.25%"
"06/15/2023","40.78","40.38","40.94","40.35","11.78M","0.85%"
"06/14/2023","40.43","40.92","40.96","40.21","13.96M","-0.42%"
"06/13/2023","40.60","39.98","40.63","39.90","16.47M","2.32%"
"06/12/2023","39.68","39.54","39.73","39.26","9.69M","0.46%"
"06/09/2023","39.50","39.67","39.74","39.35","11.62M","-0.83%"
"06/08/2023","39.83","39.99","40.11","39.56","11.72M","-0.36%"
"06/07/2023","39.97","39.42","40.01","39.42","13.33M","1.19%"
"06/06/2023","39.51","39.10","39.60","39.07","15.21M","0.64%"
"06/05/2023","39.26","39.37","39.69","39.11","16.18M","-0.08%"
"06/02/2023","39.28","38.76","39.38","38.70","17.66M","3.35%"
"06/01/2023","38.01","37.70","38.12","37.53","14.56M","1.33%"
"05/31/2023","37.51","37.70","37.83","37.35","13.82M","-1.07%"
"05/30/2023","37.92","38.09","38.16","37.63","12.78M","-0.54%"
"05/26/2023","38.12","38.21","38.36","37.95","15.88M","0.50%"
"05/25/2023","37.93","38.11","38.12","37.72","11.71M","-0.35%"
"05/24/2023","38.06","38.34","38.38","37.99","14.13M","-1.14%"
"05/23/2023","38.51","38.83","38.93","38.42","10.49M","-1.55%"
"05/22/2023","39.11","39.40","39.51","39.04","8.29M","-0.52%"
"05/19/2023","39.31","39.50","39.51","39.10","9.94M","0.26%"
"05/18/2023","39.22","38.81","39.26","38.62","13.35M","0.59%"
"05/17/2023","38.99","38.92","39.14","38.73","10.51M","0.66%"
"05/16/2023","38.73","39.17","39.21","38.72","8.35M","-1.65%"
"05/15/2023","39.38","39.25","39.41","39.01","6.49M","0.85%"
"05/12/2023","39.05","39.15","39.22","38.72","8.29M","0.18%"
"05/11/2023","38.98","38.99","39.11","38.80","12.85M","-0.98%"
"05/10/2023","39.37","39.81","39.81","38.94","11.73M","0.06%"
"05/09/2023","39.34","39.48","39.54","39.18","15.11M","-0.91%"
"05/08/2023","39.70","40.08","40.13","39.64","7.68M","-0.33%"
"05/05/2023","39.83","39.60","39.97","39.56","10.27M","1.68%"
"05/04/2023","39.17","39.51","39.76","39.07","16.66M","-0.65%"
"05/03/2023","39.42","39.92","40.12","39.41","12.70M","-1.10%"
"05/02/2023","39.87","39.88","39.94","39.23","11.68M","-0.97%"
"05/01/2023","40.26","40.33","40.52","40.18","8.42M","-0.05%"
"04/28/2023","40.28","39.79","40.35","39.69","10.14M","1.17%"
"04/27/2023","39.81","39.39","39.83","39.16","11.83M","1.36%"
"04/26/2023","39.28","39.58","39.72","39.14","11.91M","-1.18%"
"04/25/2023","39.74","40.20","40.24","39.72","11.97M","-2.17%"
"04/24/2023","40.63","40.42","40.63","40.37","7.73M","0.68%"
"04/21/2023","40.35","40.55","40.59","40.13","10.84M","-0.88%"
"04/20/2023","40.71","40.47","40.84","40.46","8.05M","-0.11%"
"04/19/2023","40.76","40.60","40.79","40.50","7.31M","-0.28%"
"04/18/2023","40.87","40.85","41.01","40.68","6.77M","0.42%"
"04/17/2023","40.70","40.49","40.71","40.38","7.37M","0.58%"
"04/14/2023","40.47","40.66","40.94","40.26","8.83M","-0.72%"
"04/13/2023","40.76","40.37","40.90","40.28","18.00M","1.03%"
"04/12/2023","40.35","40.60","40.69","40.27","11.89M","0.07%"
"04/11/2023","40.31","40.19","40.53","40.17","7.72M","0.77%"
"04/10/2023","40.01","39.66","40.08","39.62","9.27M","0.48%"
"04/06/2023","39.81","39.65","39.85","39.52","19.03M","-0.24%"
"04/05/2023","39.91","39.70","39.97","39.55","18.56M","-0.23%"
"04/04/2023","40.00","40.49","40.51","39.85","17.50M","-1.44%"
"04/03/2023","40.58","40.41","40.69","40.28","16.13M","0.63%"
"03/31/2023","40.33","39.69","40.35","39.69","13.53M","1.63%"
"03/30/2023","39.69","39.83","39.85","39.54","8.43M","0.69%"
"03/29/2023","39.42","39.38","39.44","39.24","8.27M","1.39%"
"03/28/2023","38.88","38.69","38.94","38.65","10.25M","0.48%"
"03/27/2023","38.69","38.81","38.96","38.41","10.61M","0.74%"
"03/24/2023","38.40","37.81","38.49","37.53","13.47M","0.81%"
"03/23/2023","38.10","38.31","38.86","37.80","13.44M","-0.12%"
"03/22/2023","38.14","38.76","39.06","38.13","14.65M","-1.78%"
"03/21/2023","38.83","38.81","38.99","38.57","9.50M","1.21%"
"03/20/2023","38.37","37.88","38.38","37.88","14.79M","1.62%"
"03/17/2023","37.76","38.22","38.22","37.69","18.89M","-1.55%"
"03/16/2023","38.35","37.56","38.40","37.44","21.61M","1.15%"
"03/15/2023","37.92","38.17","38.26","37.38","28.52M","-3.24%"
"03/14/2023","39.19","39.26","39.64","38.76","16.48M","1.28%"
"03/13/2023","38.69","38.70","39.22","38.40","40.71M","-1.02%"
"03/10/2023","39.09","39.96","39.97","38.88","26.12M","-2.13%"
"03/09/2023","39.94","41.03","41.16","39.81","12.85M","-2.57%"
"03/08/2023","40.99","40.81","41.10","40.67","11.59M","0.49%"
"03/07/2023","40.79","41.46","41.46","40.65","13.52M","-1.97%"
"03/06/2023","41.62","42.13","42.13","41.54","10.96M","-1.62%"
"03/03/2023","42.30","41.98","42.32","41.65","11.99M","1.43%"
"03/02/2023","41.71","41.02","41.81","40.92","12.67M","1.14%"
"03/01/2023","41.24","41.01","41.63","41.00","15.48M","0.78%"
"02/28/2023","40.92","40.72","41.18","40.65","17.09M","0.45%"
"02/27/2023","40.73","40.85","41.12","40.69","12.94M","0.33%"
"02/24/2023","40.60","39.65","40.65","39.44","18.65M","0.67%"
"02/23/2023","40.33","40.43","40.60","39.73","11.19M","0.11%"
"02/22/2023","40.28","40.16","40.48","39.96","11.87M","0.75%"
"02/21/2023","39.98","40.44","40.58","39.92","11.80M","-1.65%"
"02/17/2023","40.65","40.75","40.79","40.43","7.45M","-0.94%"
"02/16/2023","41.03","40.93","41.51","40.83","8.67M","-1.13%"
"02/15/2023","41.51","41.05","41.51","40.94","7.96M","0.44%"
"02/14/2023","41.33","41.06","41.44","40.85","8.21M","0.23%"
"02/13/2023","41.23","41.08","41.31","40.82","5.50M","0.52%"
"02/10/2023","41.01","40.78","41.08","40.53","7.02M","0.37%"
"02/09/2023","40.87","41.78","41.88","40.68","16.66M","-1.45%"
"02/08/2023","41.47","41.58","41.98","41.44","10.53M","-0.80%"
"02/07/2023","41.80","41.19","41.90","41.17","15.11M","1.35%"
"02/06/2023","41.24","41.33","41.50","41.03","12.52M","-1.10%"
"02/03/2023","41.71","42.01","42.34","41.65","11.88M","-1.80%"
"02/02/2023","42.47","42.42","42.59","41.83","12.33M","-0.32%"
"02/01/2023","42.60","42.08","42.95","41.81","14.45M","0.66%"
"01/31/2023","42.33","41.44","42.34","41.44","7.74M","2.20%"
"01/30/2023","41.42","41.44","41.94","41.36","10.42M","-0.68%"
"01/27/2023","41.70","41.55","41.99","41.51","6.84M","-0.32%"
"01/26/2023","41.83","41.28","41.85","41.15","11.51M","0.48%"
"01/25/2023","41.63","41.10","41.65","40.96","7.20M","0.20%"
"01/24/2023","41.55","41.29","41.61","40.95","9.36M","0.06%"
"01/23/2023","41.53","41.33","41.70","41.13","12.50M","0.33%"
"01/20/2023","41.39","40.68","41.42","40.47","6.90M","2.01%"
"01/19/2023","40.58","40.58","40.74","40.26","8.16M","-0.77%"
"01/18/2023","40.89","41.85","41.92","40.87","9.45M","-1.41%"
"01/17/2023","41.47","41.97","42.04","41.43","6.94M","-1.00%"
"01/13/2023","41.90","41.40","41.98","41.37","6.97M","0.61%"
"01/12/2023","41.64","41.58","41.76","41.17","7.79M","0.37%"
"01/11/2023","41.49","41.28","41.51","41.03","9.85M","1.57%"
"01/10/2023","40.85","40.46","40.87","40.23","8.05M","1.00%"
"01/09/2023","40.44","40.51","40.98","40.31","16.79M","0.63%"
"01/06/2023","40.19","39.21","40.28","39.21","8.73M","3.44%"
"01/05/2023","38.85","38.86","39.07","38.57","8.21M","-1.58%"
"01/04/2023","39.47","38.99","39.58","38.97","9.74M","1.74%"
"01/03/2023","38.80","38.90","39.16","38.44","10.68M","-0.10%"
"12/30/2022","38.84","38.83","38.97","38.51","5.82M","-0.70%"
"12/29/2022","39.12","38.91","39.28","38.91","6.45M","1.09%"
"12/28/2022","38.69","39.28","39.44","38.67","5.05M","-1.53%"
"12/27/2022","39.29","39.35","39.56","39.13","4.87M","0.09%"
"12/23/2022","39.26","38.99","39.27","38.78","6.20M","0.69%"
"12/22/2022","38.99","39.09","39.09","38.33","6.63M","-0.97%"
"12/21/2022","39.37","39.24","39.53","39.14","5.76M","0.87%"
"12/20/2022","39.03","38.85","39.26","38.83","5.64M","0.66%"
"12/19/2022","38.78","39.21","39.44","38.59","6.46M","-1.93%"
"12/16/2022","39.54","39.40","39.66","39.15","14.57M","-0.43%"
"12/15/2022","39.71","40.26","40.31","39.61","10.46M","-3.05%"
"12/14/2022","40.96","41.24","41.50","40.65","15.64M","-1.07%"
"12/13/2022","41.40","42.10","42.18","41.11","12.58M","1.38%"
"12/12/2022","40.84","40.51","40.85","40.37","6.39M","0.86%"
"12/09/2022","40.49","40.79","41.15","40.48","7.87M","-0.99%"
"12/08/2022","40.90","40.86","41.10","40.76","5.52M","0.74%"
"12/07/2022","40.60","40.62","40.99","40.49","8.17M","-0.22%"
"12/06/2022","40.69","41.08","41.33","40.39","9.50M","-0.89%"
"12/05/2022","41.05","41.56","41.73","40.99","9.45M","-1.98%"
"12/02/2022","41.88","40.88","41.99","40.88","6.83M","1.10%"
"12/01/2022","41.42","41.66","41.71","41.06","8.22M","0.12%"
"11/30/2022","41.38","40.42","41.39","40.04","14.63M","2.41%"
"11/29/2022","40.40","40.42","40.62","40.29","5.67M","0.34%"
"11/28/2022","40.26","40.88","40.90","40.19","6.46M","-2.23%"
"11/25/2022","41.19","41.14","41.22","41.05","2.46M","-0.04%"
"11/23/2022","41.20","41.00","41.24","40.90","8.50M","0.39%"
"11/22/2022","41.04","40.43","41.05","40.34","7.21M","2.27%"
"11/21/2022","40.13","39.71","40.26","39.62","7.24M","0.34%"
"11/18/2022","39.99","40.13","40.13","39.63","7.49M","0.67%"
"11/17/2022","39.73","39.50","39.76","39.24","9.36M","-0.96%"
"11/16/2022","40.12","40.35","40.49","40.03","12.80M","-0.98%"
"11/15/2022","40.51","41.01","41.04","40.11","14.46M","-0.15%"
"11/14/2022","40.57","40.49","41.13","40.45","12.73M","-0.14%"
"11/11/2022","40.63","40.59","41.09","40.51","12.98M","1.21%"
"11/10/2022","40.14","39.58","40.17","39.39","17.44M","5.53%"
"11/09/2022","38.03","38.48","38.83","37.95","13.21M","-1.62%"
"11/08/2022","38.66","38.22","39.04","38.12","12.31M","1.72%"
"11/07/2022","38.01","37.94","38.03","37.55","11.15M","0.78%"
"11/04/2022","37.71","37.38","37.99","37.06","19.28M","3.47%"
"11/03/2022","36.44","35.72","36.69","35.63","17.46M","0.76%"
"11/02/2022","36.17","37.28","37.60","36.15","31.47M","-2.60%"
"11/01/2022","37.13","37.60","37.63","36.83","23.32M","0.26%"
"10/31/2022","37.04","37.17","37.47","36.99","9.58M","-0.90%"
"10/28/2022","37.38","36.89","37.45","36.71","9.25M","1.00%"
"10/27/2022","37.01","37.15","37.44","36.94","9.95M","-0.26%"
"10/26/2022","37.10","37.05","37.49","36.79","13.53M","0.71%"
"10/25/2022","36.84","35.97","36.87","35.93","12.00M","2.48%"
"10/24/2022","35.95","36.31","36.50","35.88","13.47M","-0.58%"
"10/21/2022","36.16","34.88","36.21","34.85","16.68M","3.46%"
"10/20/2022","34.95","35.26","35.89","34.87","11.42M","-0.72%"
"10/19/2022","35.21","35.37","35.66","34.99","8.69M","-1.18%"
"10/18/2022","35.63","35.78","36.00","35.23","15.96M","1.96%"
"10/17/2022","34.94","34.78","35.17","34.74","11.47M","2.49%"
"10/14/2022","34.09","35.51","35.58","34.03","16.60M","-3.37%"
"10/13/2022","35.28","33.60","35.44","33.43","19.45M","2.93%"
"10/12/2022","34.28","34.54","34.58","34.26","16.03M","-0.75%"
"10/11/2022","34.53","34.51","35.10","34.29","13.92M","-0.78%"
"10/10/2022","34.81","34.87","35.01","34.57","10.39M","0.22%"
"10/07/2022","34.73","35.31","35.39","34.51","10.18M","-2.47%"
"10/06/2022","35.61","35.71","36.09","35.52","23.95M","-1.06%"
"10/05/2022","35.99","35.89","36.28","35.58","18.43M","-1.13%"
"10/04/2022","36.40","35.81","36.44","35.76","30.25M","3.67%"
"10/03/2022","35.11","34.55","35.37","34.35","19.86M","3.25%"
"09/30/2022","34.01","34.07","34.63","33.90","10.82M","-0.26%"
"09/29/2022","34.10","34.28","34.28","33.60","11.45M","-1.47%"
"09/28/2022","34.60","33.92","34.76","33.78","13.51M","2.58%"
"09/27/2022","33.74","34.09","34.28","33.42","14.16M","0.22%"
"09/26/2022","33.66","33.97","34.40","33.49","14.98M","-1.62%"
"09/23/2022","34.22","34.33","34.38","33.71","14.01M","-2.05%"
"09/22/2022","34.93","35.50","35.60","34.90","11.75M","-1.20%"
"09/21/2022","35.35","36.40","36.48","35.34","17.77M","-2.19%"
"09/20/2022","36.15","36.35","36.35","35.87","9.55M","-1.90%"
"09/19/2022","36.85","35.85","36.90","35.81","10.32M","1.08%"
"09/16/2022","36.45","36.53","36.59","36.06","16.27M","-1.58%"
"09/15/2022","37.03","37.38","37.77","36.97","10.42M","-1.32%"
"09/14/2022","37.53","37.83","37.87","37.17","11.56M","-1.22%"
"09/13/2022","37.99","38.40","38.83","37.90","9.40M","-3.57%"
"09/12/2022","39.40","39.44","39.59","39.16","8.10M","0.94%"
"09/09/2022","39.03","38.84","39.14","38.74","7.30M","1.51%"
"09/08/2022","38.46","37.71","38.48","37.57","8.80M","0.97%"
"09/07/2022","38.08","36.96","38.15","36.88","12.19M","2.77%"
"09/06/2022","37.06","37.39","37.53","36.90","12.55M","-0.31%"
"09/02/2022","37.17","37.76","38.06","37.01","14.13M","-0.09%"
"09/01/2022","37.21","37.25","37.31","36.76","11.80M","-1.31%"
"08/31/2022","37.71","38.24","38.24","37.69","10.05M","-1.23%"
"08/30/2022","38.17","38.91","38.94","37.95","7.40M","-1.64%"
"08/29/2022","38.81","38.65","39.13","38.56","7.20M","-0.70%"
"08/26/2022","39.08","40.41","40.44","39.06","8.67M","-3.06%"
"08/25/2022","40.32","39.69","40.33","39.69","6.13M","2.27%"
"08/24/2022","39.42","39.29","39.57","39.18","5.78M","0.22%"
"08/23/2022","39.34","38.96","39.53","38.96","9.84M","0.99%"
"08/22/2022","38.96","38.97","39.17","38.81","7.03M","-1.59%"
"08/19/2022","39.58","40.10","40.10","39.44","6.63M","-1.84%"
"08/18/2022","40.33","40.36","40.42","40.06","4.56M","0.31%"
"08/17/2022","40.20","40.31","40.40","39.99","8.16M","-1.37%"
"08/16/2022","40.76","40.42","40.94","40.42","5.21M","0.56%"
"08/15/2022","40.53","40.13","40.60","39.99","6.38M","-0.06%"
"08/12/2022","40.56","39.94","40.57","39.86","7.45M","1.88%"
"08/11/2022","39.81","40.04","40.31","39.76","6.13M","0.34%"
"08/10/2022","39.67","39.33","39.90","39.32","8.53M","2.84%"
"08/09/2022","38.58","38.83","38.85","38.44","13.99M","-0.49%"
"08/08/2022","38.77","39.03","39.32","38.74","9.41M","0.56%"
"08/05/2022","38.56","38.12","38.72","38.06","5.89M","0.35%"
"08/04/2022","38.42","38.46","38.75","38.22","6.90M","0.07%"
"08/03/2022","38.40","38.56","38.66","38.07","9.60M","0.10%"
"08/02/2022","38.35","38.56","38.89","38.14","11.37M","-1.02%"
"08/01/2022","38.75","38.88","38.91","38.47","10.41M","-0.81%"
"07/29/2022","39.06","38.83","39.17","38.67","9.26M","1.34%"
"07/28/2022","38.55","38.06","38.59","37.97","11.83M","1.77%"
"07/27/2022","37.88","37.17","38.03","36.99","11.70M","1.20%"
"07/26/2022","37.43","37.49","37.65","37.28","7.70M","-0.68%"
"07/25/2022","37.69","37.63","37.73","37.38","7.73M","0.41%"
"07/22/2022","37.53","38.03","38.22","37.36","10.81M","-0.71%"
"07/21/2022","37.80","37.21","37.81","37.03","9.40M","1.42%"
"07/20/2022","37.27","37.15","37.44","36.99","9.38M","0.17%"
"07/19/2022","37.21","36.51","37.29","36.47","11.28M","3.05%"
"07/18/2022","36.10","36.49","36.66","35.97","7.53M","0.24%"
"07/15/2022","36.02","36.04","36.15","35.58","10.33M","1.56%"
"07/14/2022","35.47","35.46","35.49","34.99","15.01M","-1.84%"
"07/13/2022","36.13","35.74","36.34","35.56","20.00M","-0.58%"
"07/12/2022","36.34","36.26","36.82","36.21","13.61M","-0.19%"
"07/11/2022","36.41","36.14","36.58","36.08","8.29M","-0.27%"
"07/08/2022","36.51","36.92","36.99","36.31","8.18M","-0.98%"
"07/07/2022","36.87","36.99","37.25","36.76","9.90M","0.89%"
"07/06/2022","36.54","36.28","36.65","35.88","16.60M","0.63%"
"07/05/2022","36.31","36.08","36.32","35.56","19.41M","-2.01%"
"07/01/2022","37.06","36.49","37.12","36.10","16.43M","0.71%"
"06/30/2022","36.80","36.66","37.14","36.29","13.86M","-1.18%"
"06/29/2022","37.24","37.58","37.65","36.85","10.59M","-0.72%"
"06/28/2022","37.51","38.14","38.49","37.45","9.85M","-1.07%"
"06/27/2022","37.92","38.20","38.33","37.80","13.58M","-0.82%"
"06/24/2022","38.23","37.02","38.24","36.98","22.50M","3.97%"
"06/23/2022","36.77","37.13","37.34","36.38","18.93M","-1.37%"
"06/22/2022","37.28","36.95","37.65","36.85","16.06M","-1.28%"
"06/21/2022","37.76","37.78","37.94","37.47","11.23M","0.81%"
"06/17/2022","37.46","37.47","37.73","36.81","25.02M","-0.17%"
"06/16/2022","37.53","37.87","37.99","37.21","18.57M","-3.61%"
"06/15/2022","38.93","39.44","39.49","38.22","20.86M","-0.03%"
"06/14/2022","38.94","39.23","39.47","38.63","15.70M","-0.76%"
"06/13/2022","39.24","39.79","39.88","39.01","20.82M","-3.91%"
"06/10/2022","40.83","41.31","41.38","40.78","16.67M","-3.06%"
"06/09/2022","42.13","42.81","42.96","42.11","10.81M","-2.36%"
"06/08/2022","43.15","43.60","43.97","43.05","8.48M","-2.08%"
"06/07/2022","44.06","43.38","44.11","43.26","12.41M","0.72%"
"06/06/2022","43.74","43.65","43.92","43.51","11.18M","0.95%"
"06/03/2022","43.33","43.37","43.68","43.18","10.65M","-0.97%"
"06/02/2022","43.76","43.04","43.76","42.94","13.05M","2.76%"
"06/01/2022","42.58","43.08","43.22","42.17","14.35M","-1.00%"
"05/31/2022","43.01","43.27","43.43","42.87","18.49M","-1.52%"
"05/27/2022","43.68","43.04","43.69","42.97","13.59M","2.34%"
"05/26/2022","42.68","42.20","42.90","42.12","11.07M","1.84%"
"05/25/2022","41.91","41.56","42.09","41.42","11.07M","0.44%"
"05/24/2022","41.72","41.83","41.87","41.01","14.06M","-0.57%"
"05/23/2022","41.97","41.74","42.06","41.45","12.76M","1.83%"
"05/20/2022","41.21","41.72","41.88","40.31","16.11M","-0.24%"
"05/19/2022","41.31","40.75","41.79","40.70","16.20M","0.71%"
"05/18/2022","41.02","41.93","42.03","40.85","13.93M","-3.11%"
"05/17/2022","42.33","42.10","42.40","41.67","15.14M","2.83%"
"05/16/2022","41.17","41.07","41.50","40.69","16.69M","-0.18%"
"05/13/2022","41.24","40.94","41.65","40.94","17.30M","1.54%"
"05/12/2022","40.62","40.27","41.03","39.88","26.46M","-0.18%"
"05/11/2022","40.69","40.79","41.78","40.60","33.84M","0.05%"
"05/10/2022","40.67","41.61","41.72","40.19","34.03M","-0.62%"
"05/09/2022","40.93","41.49","41.87","40.81","27.88M","-3.16%"
"05/06/2022","42.26","42.54","42.54","41.56","28.72M","-1.43%"
"05/05/2022","42.88","43.94","44.08","42.41","24.54M","-3.10%"
"05/04/2022","44.25","43.14","44.28","42.74","29.81M","3.24%"
"05/03/2022","42.86","42.42","43.10","42.33","22.85M","1.12%"
"05/02/2022","42.38","42.57","42.75","41.56","32.84M","-0.31%"
"04/29/2022","42.51","43.53","43.88","42.41","21.27M","-2.01%"
"04/28/2022","43.38","42.92","43.53","42.19","20.70M","1.58%"
"04/27/2022","42.71","42.47","43.19","42.33","26.05M","1.47%"
"04/26/2022","42.09","42.94","43.18","42.07","21.08M","-1.54%"
"04/25/2022","42.75","42.42","42.86","41.57","26.69M","-0.28%"
"04/22/2022","42.87","44.17","44.18","42.79","18.82M","-3.74%"
"04/21/2022","44.53","45.62","45.74","44.41","15.33M","-1.63%"
"04/20/2022","45.28","45.06","45.45","44.97","17.29M","0.63%"
"04/19/2022","44.99","44.44","45.08","44.33","10.12M","0.94%"
"04/18/2022","44.57","44.50","44.83","44.42","12.44M","0.09%"
"04/14/2022","44.53","44.73","45.06","44.51","12.66M","-0.34%"
"04/13/2022","44.68","44.12","44.70","43.94","17.06M","1.48%"
"04/12/2022","44.03","44.24","44.60","43.85","14.30M","0.02%"
"04/11/2022","44.02","44.10","44.49","43.97","12.27M","-0.50%"
"04/08/2022","44.24","44.22","44.53","43.99","10.31M","0.61%"
"04/07/2022","43.97","43.74","44.15","43.44","11.53M","0.65%"
"04/06/2022","43.69","43.91","43.92","43.31","16.80M","-1.15%"
"04/05/2022","44.19","44.53","44.83","44.06","11.46M","-0.80%"
"04/04/2022","44.55","44.62","44.62","44.15","11.52M","0.02%"
"04/01/2022","44.54","44.33","44.71","44.07","12.48M","1.06%"
"03/31/2022","44.08","44.49","44.82","44.07","10.60M","-1.33%"
"03/30/2022","44.67","44.83","44.92","44.46","8.97M","-0.33%"
"03/29/2022","44.82","44.49","44.82","44.15","15.66M","0.84%"
"03/28/2022","44.44","44.48","44.51","44.01","10.71M","-0.45%"
"03/25/2022","44.65","44.25","44.67","44.17","10.05M","1.12%"
"03/24/2022","44.15","43.55","44.17","43.51","10.91M","2.01%"
"03/23/2022","43.28","43.38","43.58","43.22","11.58M","-0.46%"
"03/22/2022","43.48","43.58","43.76","43.32","13.93M","0.54%"
"03/21/2022","43.24","43.06","43.44","42.96","17.76M","0.45%"
"03/18/2022","43.05","42.58","43.12","42.47","19.24M","0.61%"
"03/17/2022","42.79","41.85","42.81","41.79","14.10M","1.92%"
"03/16/2022","41.99","41.80","42.38","41.14","23.89M","1.57%"
"03/15/2022","41.33","40.88","41.42","40.61","18.17M","1.15%"
"03/14/2022","40.87","41.19","41.46","40.66","15.63M","-0.15%"
"03/11/2022","40.92","41.28","41.64","40.89","13.86M","-0.74%"
"03/10/2022","41.23","40.69","41.28","40.64","15.59M","0.27%"
"03/09/2022","41.12","40.54","41.37","40.33","20.63M","3.10%"
"03/08/2022","39.88","40.15","40.72","39.65","25.99M","-0.51%"
"03/07/2022","40.09","41.42","41.44","40.08","21.83M","-3.47%"
"03/04/2022","41.53","41.17","41.55","40.84","17.33M","-0.35%"
"03/03/2022","41.67","41.99","42.15","41.26","19.47M","0.12%"
"03/02/2022","41.63","40.98","41.85","40.88","19.14M","2.20%"
"03/01/2022","40.73","41.57","41.90","40.49","26.26M","-2.30%"
"02/28/2022","41.69","41.52","41.97","41.28","22.46M","-1.14%"
"02/25/2022","42.17","40.87","42.19","40.83","22.26M","3.65%"
"02/24/2022","40.69","39.88","40.80","39.69","31.81M","-0.29%"
"02/23/2022","40.81","41.60","41.75","40.74","19.16M","-1.28%"
"02/22/2022","41.33","41.73","41.91","40.99","21.31M","-1.42%"
"02/18/2022","41.93","42.09","42.31","41.69","17.93M","-0.17%"
"02/17/2022","42.00","42.29","42.42","41.85","13.08M","-1.71%"
"02/16/2022","42.73","42.38","42.82","42.29","15.68M","0.73%"
"02/15/2022","42.42","41.94","42.49","41.90","13.35M","1.84%"
"02/14/2022","41.65","42.03","42.07","41.34","18.90M","-0.82%"
"02/11/2022","42.00","42.44","42.83","41.86","25.27M","-1.55%"
"02/10/2022","42.66","42.76","43.61","42.45","26.62M","-0.58%"
"02/09/2022","42.91","42.41","42.97","42.40","21.47M","2.18%"
"02/08/2022","41.99","41.52","42.07","41.44","15.50M","1.55%"
"02/07/2022","41.35","41.65","41.74","41.21","25.26M","-0.49%"
"02/04/2022","41.56","41.69","42.03","41.31","23.38M","-1.66%"
"02/03/2022","42.26","42.63","42.94","42.19","15.54M","-1.74%"
"02/02/2022","43.01","42.87","43.20","42.63","14.16M","0.31%"
"02/01/2022","42.88","42.44","42.97","42.21","18.61M","1.54%"
"01/31/2022","42.22","41.39","42.25","41.32","14.55M","1.48%"
"01/28/2022","41.61","41.19","41.63","40.62","22.02M","0.58%"
"01/27/2022","41.37","41.69","42.24","40.98","23.17M","0.34%"
"01/26/2022","41.23","42.00","42.35","40.81","26.92M","-1.04%"
"01/25/2022","41.67","41.42","42.02","40.70","29.31M","-0.90%"
"01/24/2022","42.04","41.23","42.15","40.46","42.46M","0.06%"
"01/21/2022","42.02","42.81","42.97","41.88","32.54M","-2.44%"
"01/20/2022","43.07","43.81","44.14","43.02","17.15M","-1.45%"
"01/19/2022","43.71","44.14","44.25","43.68","14.83M","-0.25%"
"01/18/2022","43.81","43.92","43.99","43.47","15.58M","-1.32%"
"01/14/2022","44.40","44.28","44.49","43.87","14.59M","-0.85%"
"01/13/2022","44.78","45.06","45.29","44.67","12.01M","-0.78%"
"01/12/2022","45.13","45.06","45.22","44.68","10.22M","1.01%"
"01/11/2022","44.68","44.26","44.69","43.88","13.61M","1.10%"
"01/10/2022","44.19","44.41","44.51","43.77","16.82M","-1.02%"
"01/07/2022","44.65","44.74","44.82","44.46","16.54M","-0.09%"
"01/06/2022","44.69","45.37","45.37","44.63","17.87M","-1.26%"
"01/05/2022","45.26","45.50","46.15","45.24","21.25M","-0.01%"
"01/04/2022","45.26","44.85","45.44","44.83","19.94M","1.23%"
"01/03/2022","44.72","45.36","45.41","44.61","15.09M","-1.30%"
"12/31/2021","45.31","45.03","45.42","45.01","6.46M","0.44%"
"12/30/2021","45.10","45.28","45.54","45.07","6.34M","-0.35%"
"12/29/2021","45.26","45.04","45.35","45.00","5.15M","0.41%"
"12/28/2021","45.08","44.80","45.13","44.79","8.54M","0.58%"
"12/27/2021","44.82","44.29","44.83","44.23","4.92M","1.51%"
"12/23/2021","44.15","43.78","44.30","43.72","5.75M","1.01%"
"12/22/2021","43.72","43.32","43.75","43.26","6.19M","0.80%"
"12/21/2021","43.37","43.14","43.54","43.10","9.06M","1.26%"
"12/20/2021","42.83","42.99","43.01","42.28","14.16M","-2.28%"
"12/17/2021","43.83","44.22","44.35","43.80","15.67M","-1.25%"
"12/16/2021","44.38","44.24","44.67","44.20","13.07M","1.02%"
"12/15/2021","43.94","43.65","43.99","43.18","14.62M","0.22%"
"12/14/2021","43.84","43.85","44.21","43.72","9.07M","-0.10%"
"12/13/2021","43.88","44.13","44.22","43.74","9.41M","-0.60%"
"12/10/2021","44.15","44.22","44.32","43.86","9.59M","0.62%"
"12/09/2021","43.88","43.79","44.09","43.70","6.60M","-0.56%"
"12/08/2021","44.13","44.09","44.22","43.87","9.22M","0.42%"
"12/07/2021","43.94","43.78","44.22","43.78","11.31M","1.52%"
"12/06/2021","43.28","43.08","43.62","42.93","16.25M","1.47%"
"12/03/2021","42.65","42.82","43.28","42.28","19.98M","-0.22%"
"12/02/2021","42.75","42.03","42.92","41.96","17.96M","2.04%"
"12/01/2021","41.90","42.99","43.37","41.88","22.49M","-1.02%"
"11/30/2021","42.33","43.18","43.29","42.24","24.00M","-2.48%"
"11/29/2021","43.40","43.53","43.63","43.12","12.28M","0.46%"
"11/26/2021","43.20","42.96","43.40","42.74","14.22M","-1.72%"
"11/24/2021","43.96","44.03","44.13","43.86","10.37M","-0.71%"
"11/23/2021","44.27","44.24","44.58","44.04","15.23M","0.10%"
"11/22/2021","44.22","44.17","44.70","44.15","13.38M","0.16%"
"11/19/2021","44.15","44.08","44.42","44.01","10.43M","-0.18%"
"11/18/2021","44.24","44.46","44.54","44.15","10.39M","-0.43%"
"11/17/2021","44.42","44.65","44.76","44.39","10.56M","-0.66%"
"11/16/2021","44.72","44.87","44.99","44.69","8.78M","-0.28%"
"11/15/2021","44.85","45.06","45.08","44.69","8.63M","-0.46%"
"11/12/2021","45.05","44.83","45.07","44.73","8.77M","0.75%"
"11/11/2021","44.72","44.56","44.90","44.47","8.16M","0.80%"
"11/10/2021","44.36","44.62","44.82","44.27","12.87M","-0.68%"
"11/09/2021","44.67","44.47","44.67","44.29","15.77M","0.46%"
"11/08/2021","44.46","44.39","44.62","44.31","10.69M","1.25%"
"11/05/2021","43.91","43.68","44.03","43.63","11.66M","0.78%"
"11/04/2021","43.57","43.66","43.76","43.38","10.07M","-0.06%"
"11/03/2021","43.60","43.22","43.78","43.10","19.19M","1.04%"
"11/02/2021","43.15","42.77","43.23","42.69","13.27M","1.14%"
"11/01/2021","42.66","42.63","42.91","42.51","11.04M","0.23%"
"10/29/2021","42.56","42.60","42.92","42.40","8.70M","-0.48%"
"10/28/2021","42.76","42.40","42.84","42.38","8.30M","0.99%"
"10/27/2021","42.35","42.79","42.87","42.31","11.40M","-1.43%"
"10/26/2021","42.96","42.92","43.13","42.56","11.55M","0.28%"
"10/25/2021","42.84","42.69","43.02","42.42","10.80M","1.00%"
"10/22/2021","42.42","42.58","42.87","42.42","11.57M","-0.19%"
"10/21/2021","42.49","42.43","42.51","42.06","13.39M","-0.26%"
"10/20/2021","42.60","42.30","42.65","42.20","9.30M","0.80%"
"10/19/2021","42.26","42.24","42.26","41.92","9.59M","0.52%"
"10/18/2021","42.04","41.72","42.13","41.64","12.70M","-0.07%"
"10/15/2021","42.08","42.17","42.29","41.97","11.71M","0.30%"
"10/14/2021","41.95","41.35","42.01","41.24","11.37M","2.43%"
"10/13/2021","40.96","40.92","41.14","40.47","14.43M","0.75%"
"10/12/2021","40.65","40.62","40.84","40.50","15.33M","0.14%"
"10/11/2021","40.60","40.73","41.19","40.59","9.67M","0.01%"
"10/08/2021","40.59","40.92","41.01","40.51","12.80M","-0.55%"
"10/07/2021","40.81","40.63","41.26","40.63","16.94M","1.30%"
"10/06/2021","40.29","39.96","40.29","39.53","15.45M","-0.19%"
"10/05/2021","40.37","40.12","40.59","39.85","13.58M","0.89%"
"10/04/2021","40.01","40.24","40.49","39.72","17.11M","-0.44%"
"10/01/2021","40.19","39.74","40.40","39.44","18.50M","1.59%"
"09/30/2021","39.56","40.30","40.47","39.54","21.46M","-1.56%"
"09/29/2021","40.18","40.34","40.43","40.10","13.94M","-0.41%"
"09/28/2021","40.35","40.75","40.81","40.22","16.57M","-1.24%"
"09/27/2021","40.85","40.64","41.08","40.63","10.43M","0.78%"
"09/24/2021","40.53","40.41","40.75","40.31","7.25M","-0.15%"
"09/23/2021","40.60","40.33","40.87","40.28","9.52M","1.42%"
"09/22/2021","40.03","39.99","40.42","39.99","15.31M","1.03%"
"09/21/2021","39.62","39.96","40.03","39.44","15.23M","-0.24%"
"09/20/2021","39.71","39.54","39.90","39.18","20.16M","-2.35%"
"09/17/2021","40.67","41.29","41.37","40.53","19.93M","-2.06%"
"09/16/2021","41.52","41.81","41.85","41.22","11.25M","-1.08%"
"09/15/2021","41.97","41.64","42.03","41.56","12.65M","1.06%"
"09/14/2021","41.53","42.14","42.17","41.44","12.09M","-1.10%"
"09/13/2021","41.99","42.38","42.50","41.73","15.22M","-0.02%"
"09/10/2021","42.01","42.21","42.53","41.98","17.78M","-0.02%"
"09/09/2021","42.01","41.88","42.30","41.88","9.87M","0.04%"
"09/08/2021","42.00","42.28","42.32","41.85","12.42M","-0.96%"
"09/07/2021","42.40","42.53","42.56","42.34","13.86M","-0.66%"
"09/03/2021","42.69","42.92","43.05","42.67","22.88M","-0.66%"
"09/02/2021","42.97","42.82","43.06","42.81","10.63M","0.64%"
"09/01/2021","42.69","42.76","42.86","42.33","14.02M","-0.26%"
"08/31/2021","42.81","42.90","42.90","42.60","10.61M","-0.29%"
"08/30/2021","42.93","43.15","43.23","42.93","9.01M","-0.10%"
"08/27/2021","42.97","42.63","43.10","42.58","10.36M","1.32%"
"08/26/2021","42.42","42.69","42.75","42.40","11.54M","-0.69%"
"08/25/2021","42.71","42.40","42.85","42.24","9.82M","0.46%"
"08/24/2021","42.51","42.45","42.65","42.38","11.06M","0.63%"
"08/23/2021","42.25","42.13","42.36","42.02","8.10M","0.86%"
"08/20/2021","41.89","41.66","41.98","41.60","13.97M","0.59%"
"08/19/2021","41.65","41.54","41.83","41.42","15.94M","-0.89%"
"08/18/2021","42.02","42.37","42.62","41.99","14.71M","-1.16%"
"08/17/2021","42.51","42.78","42.83","42.02","14.92M","-1.15%"
"08/16/2021","43.01","42.96","43.06","42.56","12.27M","-0.50%"
"08/13/2021","43.22","43.24","43.31","43.15","7.82M","0.09%"
"08/12/2021","43.19","43.26","43.30","42.80","9.61M","-0.16%"
"08/11/2021","43.26","42.98","43.29","42.78","16.54M","1.41%"
"08/10/2021","42.65","42.01","42.82","42.01","16.05M","1.51%"
"08/09/2021","42.02","41.99","42.13","41.68","10.74M","-50.06%"
"08/08/2021","84.14","84.14","84.14","84.14","","0.00%"
"08/07/2021","84.14","84.14","84.14","84.14","","100.00%"
"08/06/2021","42.07","41.72","42.12","41.67","14.05M","1.45%"
"08/05/2021","41.47","41.73","42.01","41.43","13.97M","-0.14%"
"08/04/2021","41.53","41.76","41.98","41.51","10.54M","-0.95%"
"08/03/2021","41.93","41.54","41.94","41.19","13.13M","1.04%"
"08/02/2021","41.50","42.21","42.46","41.50","17.01M","-1.21%"
"07/30/2021","42.01","41.76","42.27","41.76","11.17M","0.41%"
"07/29/2021","41.84","41.67","41.99","41.58","12.57M","1.10%"
"07/28/2021","41.38","41.28","41.53","40.99","12.21M","0.29%"
"07/27/2021","41.26","40.96","41.45","40.56","16.86M","0.13%"
"07/26/2021","41.21","40.97","41.25","40.88","11.82M","0.84%"
"07/23/2021","40.87","40.78","40.90","40.42","10.39M","0.70%"
"07/22/2021","40.58","40.66","40.70","40.24","9.45M","0.04%"
"07/21/2021","40.56","40.40","40.69","40.35","13.67M","1.10%"
"07/20/2021","40.13","39.57","40.42","39.44","21.23M","1.13%"
"07/19/2021","39.67","39.83","39.87","39.34","23.01M","-2.15%"
"07/16/2021","40.54","41.24","41.27","40.47","19.22M","-1.51%"
"07/15/2021","41.17","40.95","41.44","40.92","12.69M","0.01%"
"07/14/2021","41.16","41.29","41.62","41.04","12.38M","-0.21%"
"07/13/2021","41.24","41.55","41.65","41.12","24.71M","-0.91%"
"07/12/2021","41.63","41.24","41.75","41.08","20.23M","0.33%"
"07/09/2021","41.49","41.22","41.60","41.13","14.98M","1.97%"
"07/08/2021","40.69","40.58","40.91","40.33","15.83M","-1.36%"
"07/07/2021","41.25","40.83","41.28","40.74","13.18M","1.04%"
"07/06/2021","40.83","41.42","41.44","40.54","12.22M","-50.74%"
"07/05/2021","82.88","82.88","82.88","82.88","","0.00%"
"07/04/2021","82.88","82.88","82.88","82.88","","0.00%"
"07/03/2021","82.88","82.88","82.88","82.88","","100.00%"
"07/02/2021","41.44","41.44","41.49","41.16","12.34M","0.14%"
"07/01/2021","41.38","41.49","41.54","41.17","14.18M","0.55%"
"06/30/2021","41.15","40.93","41.22","40.92","9.73M","0.27%"
"06/29/2021","41.04","41.24","41.47","40.94","9.84M","-0.05%"
"06/28/2021","41.06","41.19","41.23","40.74","10.15M","0.00%"
"06/25/2021","41.06","41.28","41.45","41.03","20.22M","0.00%"
"06/24/2021","41.06","41.24","41.30","40.92","10.54M","0.32%"
"06/23/2021","40.93","41.31","41.42","40.92","10.34M","-0.64%"
"06/22/2021","41.19","41.20","41.37","40.90","11.16M","0.40%"
"06/21/2021","41.03","40.67","41.09","40.65","18.01M","1.63%"
"06/18/2021","40.37","40.61","40.78","40.37","23.53M","-1.62%"
"06/17/2021","41.03","41.85","41.85","40.53","30.32M","-2.23%"
"06/16/2021","41.97","42.44","42.46","41.87","16.65M","-1.11%"
"06/15/2021","42.44","42.60","42.62","42.14","20.97M","-0.21%"
"06/14/2021","42.53","42.94","43.04","42.30","12.38M","-1.23%"
"06/11/2021","43.06","43.21","43.37","42.83","8.72M","0.37%"
"06/10/2021","42.90","43.49","43.55","42.90","12.27M","-0.60%"
"06/09/2021","43.16","43.42","43.54","43.15","19.76M","-0.78%"
"06/08/2021","43.50","43.44","43.68","43.11","11.58M","0.18%"
"06/07/2021","43.42","43.97","43.97","43.22","12.10M","-1.22%"
"06/04/2021","43.96","44.04","44.11","43.78","10.29M","0.22%"
"06/03/2021","43.86","43.56","43.88","43.33","12.53M","-0.02%"
"06/02/2021","43.87","44.30","44.31","43.81","11.41M","-0.84%"
"06/01/2021","44.24","44.13","44.31","43.94","13.70M","1.40%"
"05/28/2021","43.63","43.77","43.83","43.46","10.69M","-0.10%"
"05/27/2021","43.67","43.69","43.89","43.56","11.65M","0.80%"
"05/26/2021","43.33","43.33","43.47","43.03","12.62M","0.03%"
"05/25/2021","43.31","43.77","43.87","43.26","9.69M","-0.85%"
"05/24/2021","43.69","43.56","43.85","43.38","10.22M","0.89%"
"05/21/2021","43.30","43.44","43.76","43.28","13.53M","0.22%"
"05/20/2021","43.21","43.26","43.40","43.03","11.75M","0.06%"
"05/19/2021","43.18","43.24","43.37","42.69","24.96M","-1.53%"
"05/18/2021","43.85","44.42","44.44","43.82","13.59M","-1.11%"
"05/17/2021","44.34","43.98","44.42","43.76","15.62M","0.88%"
"05/14/2021","43.96","43.63","44.07","43.59","11.11M","1.20%"
"05/13/2021","43.44","42.85","43.56","42.74","22.13M","1.53%"
"05/12/2021","42.78","43.72","43.82","42.73","18.27M","-2.52%"
"05/11/2021","43.88","43.39","43.94","43.09","19.00M","0.33%"
"05/10/2021","43.74","44.44","44.61","43.74","18.24M","-0.44%"
"05/07/2021","43.94","43.51","44.02","43.33","15.09M","0.99%"
"05/06/2021","43.51","43.22","43.53","42.80","14.77M","0.85%"
"05/05/2021","43.14","42.77","43.21","42.57","15.11M","1.27%"
"05/04/2021","42.60","41.87","42.60","41.83","15.62M","1.09%"
"05/03/2021","42.14","41.88","42.39","41.85","12.41M","1.49%"
"04/30/2021","41.52","41.78","41.98","41.42","10.35M","-1.06%"
"04/29/2021","41.97","41.96","41.99","41.53","11.57M","0.62%"
"04/28/2021","41.71","41.61","41.88","41.53","7.79M","0.28%"
"04/27/2021","41.59","41.51","41.71","41.33","8.88M","-0.26%"
"04/26/2021","41.70","41.62","41.94","41.53","8.19M","0.59%"
"04/23/2021","41.46","40.97","41.59","40.81","9.37M","1.64%"
"04/22/2021","40.78","41.44","41.44","40.73","16.10M","-1.69%"
"04/21/2021","41.49","40.76","41.53","40.71","10.81M","1.82%"
"04/20/2021","40.74","41.06","41.14","40.60","10.64M","-0.96%"
"04/19/2021","41.14","41.33","41.40","40.91","12.11M","-0.46%"
"04/16/2021","41.33","41.24","41.44","41.16","12.93M","1.21%"
"04/15/2021","40.83","40.56","40.91","40.40","10.86M","1.18%"
"04/14/2021","40.36","40.10","40.52","40.08","9.95M","0.72%"
"04/13/2021","40.07","40.10","40.19","39.89","9.31M","-0.24%"
"04/12/2021","40.17","40.00","40.21","39.99","8.86M","0.35%"
"04/09/2021","40.03","39.78","40.03","39.65","10.62M","0.87%"
"04/08/2021","39.68","39.72","39.76","39.35","10.83M","0.13%"
"04/07/2021","39.63","40.26","40.33","39.54","17.58M","-1.72%"
"04/06/2021","40.33","40.17","40.47","40.13","12.55M","0.22%"
"04/05/2021","40.24","40.15","40.38","39.96","17.46M","1.23%"
"04/01/2021","39.74","39.47","39.77","39.22","14.33M","0.88%"
"03/31/2021","39.40","39.67","39.79","39.30","14.17M","-0.49%"
"03/30/2021","39.60","39.69","39.81","39.49","13.14M","-0.29%"
"03/29/2021","39.71","39.70","40.08","39.49","12.98M","-0.34%"
"03/26/2021","39.85","39.24","39.88","39.12","15.22M","2.48%"
"03/25/2021","38.88","38.17","38.95","37.95","15.39M","1.45%"
"03/24/2021","38.33","38.22","38.86","38.22","13.47M","0.72%"
"03/23/2021","38.05","38.69","38.72","37.92","20.47M","-2.08%"
"03/22/2021","38.86","38.78","39.02","38.54","12.88M","-0.36%"
"03/19/2021","39.00","39.12","39.26","38.54","17.84M","-0.50%"
"03/18/2021","39.19","39.32","39.77","39.12","13.17M","-0.56%"
"03/17/2021","39.42","39.03","39.51","38.94","11.09M","0.90%"
"03/16/2021","39.06","39.35","39.40","38.85","13.15M","-0.83%"
"03/15/2021","39.39","39.35","39.42","38.92","9.29M","0.11%"
"03/12/2021","39.35","39.24","39.37","39.13","9.63M","0.27%"
"03/11/2021","39.24","39.39","39.56","39.22","9.53M","0.54%"
"03/10/2021","39.03","38.58","39.33","38.56","14.34M","1.65%"
"03/09/2021","38.40","38.42","38.71","38.13","15.73M","0.62%"
"03/08/2021","38.16","37.78","38.73","37.71","29.67M","1.34%"
"03/05/2021","37.65","37.19","37.78","36.41","23.51M","2.30%"
"03/04/2021","36.81","37.48","37.63","36.17","37.03M","-1.94%"
"03/03/2021","37.54","37.78","38.04","37.53","17.34M","-0.99%"
"03/02/2021","37.92","37.81","38.26","37.79","15.13M","0.56%"
"03/01/2021","37.71","37.26","37.90","37.26","15.02M","2.53%"
"02/26/2021","36.78","37.15","37.27","36.53","16.28M","-1.28%"
"02/25/2021","37.25","38.06","38.12","37.10","20.38M","-2.31%"
"02/24/2021","38.13","37.82","38.29","37.68","14.76M","0.87%"
"02/23/2021","37.80","37.65","37.90","36.98","22.02M","0.35%"
"02/22/2021","37.67","37.48","37.82","37.35","12.20M","0.39%"
"02/19/2021","37.53","37.06","37.69","37.05","11.36M","1.83%"
"02/18/2021","36.85","36.99","37.03","36.68","12.12M","-0.62%"
"02/17/2021","37.08","36.99","37.15","36.60","11.82M","-0.05%"
"02/16/2021","37.10","37.31","37.44","37.04","12.39M","-0.19%"
"02/12/2021","37.17","36.71","37.19","36.66","6.58M","1.03%"
"02/11/2021","36.79","36.87","37.00","36.47","13.35M","0.10%"
"02/10/2021","36.76","37.03","37.07","36.52","10.92M","-0.11%"
"02/09/2021","36.79","37.09","37.12","36.71","14.51M","-0.74%"
"02/08/2021","37.07","37.08","37.20","36.97","12.64M","0.83%"
"02/05/2021","36.76","36.49","36.81","36.42","12.58M","1.72%"
"02/04/2021","36.15","36.17","36.34","35.83","12.99M","-0.36%"
"02/03/2021","36.28","36.31","36.49","36.14","12.85M","0.19%"
"02/02/2021","36.21","36.00","36.38","35.80","15.79M","1.32%"
"02/01/2021","35.74","35.69","35.80","35.16","16.01M","1.17%"
"01/29/2021","35.32","35.87","36.06","35.14","17.98M","-1.94%"
"01/28/2021","36.02","35.76","36.24","35.67","14.48M","1.72%"
"01/27/2021","35.41","35.92","35.92","35.01","24.78M","-2.95%"
"01/26/2021","36.49","37.22","37.37","36.47","13.56M","-1.38%"
"01/25/2021","36.99","37.04","37.15","36.35","24.15M","-0.52%"
"01/22/2021","37.19","36.95","37.34","36.89","12.13M","-0.48%"
"01/21/2021","37.37","37.88","37.96","37.35","12.65M","-1.46%"
"01/20/2021","37.92","37.99","38.04","37.76","10.33M","0.33%"
"01/19/2021","37.80","37.97","38.08","37.64","9.91M","0.35%"
"01/15/2021","37.67","37.86","37.93","37.28","19.71M","-1.43%"
"01/14/2021","38.22","38.47","38.51","38.17","11.07M","-0.34%"
"01/13/2021","38.35","38.70","38.79","38.19","9.81M","-1.02%"
"01/12/2021","38.74","38.22","38.88","38.10","17.85M","1.27%"
"01/11/2021","38.26","37.69","38.41","37.55","12.24M","0.00%"
"01/08/2021","38.26","38.51","38.54","37.78","16.99M","-0.48%"
"01/07/2021","38.44","38.38","38.69","38.30","18.58M","0.75%"
"01/06/2021","38.15","37.05","38.42","37.01","48.52M","4.09%"
"01/05/2021","36.65","35.79","36.76","35.79","26.81M","2.25%"
"01/04/2021","35.85","36.51","36.70","35.65","18.27M","-0.95%"
"12/31/2020","36.19","36.10","36.26","35.81","6.50M","0.39%"
"12/30/2020","36.06","35.69","36.13","35.67","5.66M","1.38%"
"12/29/2020","35.56","35.84","35.92","35.38","6.85M","-0.24%"
"12/28/2020","35.65","36.13","36.17","35.63","5.32M","-0.39%"
"12/24/2020","35.79","35.60","35.79","35.46","2.73M","0.63%"
"12/23/2020","35.56","35.71","35.94","35.54","8.22M","0.14%"
"12/22/2020","35.51","35.73","35.78","35.47","6.65M","-0.62%"
"12/21/2020","35.74","35.29","35.83","35.00","10.10M","-1.02%"
"12/18/2020","36.10","35.98","36.19","35.67","10.91M","0.45%"
"12/17/2020","35.94","35.87","35.97","35.74","7.59M","1.15%"
"12/16/2020","35.53","35.72","35.76","35.38","8.14M","-0.28%"
"12/15/2020","35.63","35.33","35.72","35.24","8.02M","1.81%"
"12/14/2020","35.00","35.76","35.81","34.99","10.23M","-1.27%"
"12/11/2020","35.45","35.42","35.62","35.19","6.85M","-0.57%"
"12/10/2020","35.65","35.69","35.96","35.53","7.16M","-0.61%"
"12/09/2020","35.88","35.99","36.06","35.53","13.52M","0.06%"
"12/08/2020","35.85","35.46","35.94","35.44","7.05M","0.56%"
"12/07/2020","35.65","35.87","35.97","35.53","8.01M","-0.65%"
"12/04/2020","35.89","35.33","35.89","35.32","11.54M","2.02%"
"12/03/2020","35.18","35.53","35.64","35.10","11.47M","-0.69%"
"12/02/2020","35.42","35.78","35.90","35.36","10.78M","-1.28%"
"12/01/2020","35.88","36.10","36.17","35.72","10.47M","1.10%"
"11/30/2020","35.49","35.81","35.83","35.31","9.91M","-1.00%"
"11/27/2020","35.85","35.83","35.99","35.69","4.59M","0.52%"
"11/25/2020","35.67","35.98","35.99","35.60","7.89M","-1.04%"
"11/24/2020","36.04","35.49","36.15","35.46","12.27M","2.49%"
"11/23/2020","35.17","35.15","35.38","35.01","8.96M","0.83%"
"11/20/2020","34.88","34.90","35.04","34.72","8.86M","-0.09%"
"11/19/2020","34.91","34.67","34.97","34.40","7.47M","0.42%"
"11/18/2020","34.76","35.17","35.27","34.75","9.24M","-0.83%"
"11/17/2020","35.06","34.97","35.13","34.61","13.89M","-0.37%"
"11/16/2020","35.19","35.06","35.23","34.79","10.96M","1.97%"
"11/13/2020","34.51","34.17","34.60","34.17","11.08M","1.72%"
"11/12/2020","33.92","34.49","34.52","33.70","11.05M","-2.11%"
"11/11/2020","34.65","35.20","35.20","34.42","12.84M","-1.49%"
"11/10/2020","35.17","34.91","35.26","34.87","19.65M","1.18%"
"11/09/2020","34.76","35.63","36.21","34.72","32.87M","2.25%"
"11/06/2020","34.00","34.11","34.31","33.86","12.15M","0.25%"
"11/05/2020","33.92","33.33","34.17","33.31","17.71M","4.08%"
"11/04/2020","32.58","32.99","33.21","32.28","22.19M","-1.70%"
"11/03/2020","33.15","33.03","33.32","32.81","17.78M","1.56%"
"11/02/2020","32.64","32.06","32.76","31.98","15.87M","3.32%"
"10/30/2020","31.59","31.48","31.72","31.09","14.68M","-0.06%"
"10/29/2020","31.61","30.88","31.85","30.77","15.09M","2.07%"
"10/28/2020","30.97","31.09","31.40","30.85","15.42M","-2.82%"
"10/27/2020","31.87","32.19","32.23","31.85","9.31M","-0.95%"
"10/26/2020","32.17","32.58","32.59","31.92","14.83M","-2.50%"
"10/23/2020","33.00","33.12","33.24","32.83","8.23M","0.36%"
"10/22/2020","32.88","32.69","32.92","32.36","7.07M","0.55%"
"10/21/2020","32.70","32.82","33.21","32.70","7.80M","-0.38%"
"10/20/2020","32.83","32.94","33.17","32.72","8.40M","0.23%"
"10/19/2020","32.75","33.24","33.36","32.65","10.83M","-1.16%"
"10/16/2020","33.13","33.10","33.29","33.01","20.16M","0.70%"
"10/15/2020","32.90","32.54","32.94","32.50","8.75M","-0.29%"
"10/14/2020","33.00","32.94","33.21","32.90","8.77M","0.29%"
"10/13/2020","32.90","32.97","33.15","32.78","10.34M","-0.89%"
"10/12/2020","33.20","33.44","33.49","33.18","8.13M","-0.17%"
"10/09/2020","33.26","33.28","33.40","33.05","9.55M","0.77%"
"10/08/2020","33.00","32.92","33.13","32.83","12.58M","1.01%"
"10/07/2020","32.67","32.26","32.76","32.21","14.28M","2.57%"
"10/06/2020","31.85","32.42","32.68","31.79","31.36M","-1.26%"
"10/05/2020","32.26","31.91","32.47","31.90","18.64M","-49.04%"
"10/04/2020","63.30","63.30","63.30","63.30","","0.00%"
"10/03/2020","63.30","63.30","63.30","63.30","","100.00%"
"10/02/2020","31.65","31.01","31.90","30.92","27.85M","0.89%"
"10/01/2020","31.37","31.97","32.12","31.26","29.15M","-1.41%"
"09/30/2020","31.82","31.64","32.08","31.57","12.35M","1.02%"
"09/29/2020","31.50","31.75","31.85","31.42","11.33M","-0.74%"
"09/28/2020","31.74","31.67","32.00","31.55","8.57M","-49.19%"
"09/27/2020","62.46","62.46","62.46","62.46","","0.00%"
"09/26/2020","62.46","62.46","62.46","62.46","","100.00%"
"09/25/2020","31.23","30.67","31.33","30.56","8.87M","0.89%"
"09/24/2020","30.95","30.72","31.27","30.47","22.01M","0.72%"
"09/23/2020","30.74","31.60","31.64","30.71","14.88M","-2.94%"
"09/22/2020","31.67","31.63","31.75","31.41","11.73M","0.19%"
"09/21/2020","31.60","32.04","32.08","31.24","16.07M","-3.82%"
"09/18/2020","32.86","33.54","33.54","32.83","18.91M","-1.72%"
"09/17/2020","33.44","32.84","33.51","32.67","23.23M","0.74%"
"09/16/2020","33.19","33.24","33.57","33.10","19.14M","0.08%"
"09/15/2020","33.17","33.17","33.38","33.15","8.61M","0.48%"
"09/14/2020","33.01","32.81","33.10","32.67","11.56M","-49.28%"
"09/13/2020","65.07","65.07","65.07","65.07","","100.00%"
"09/11/2020","32.53","32.38","32.69","32.23","19.44M","1.28%"
"09/10/2020","32.13","32.59","32.71","32.06","14.23M","-0.94%"
"09/09/2020","32.43","32.01","32.64","31.99","13.24M","2.58%"
"09/08/2020","31.61","31.90","31.92","31.38","16.47M","-1.88%"
"09/04/2020","32.22","32.39","32.56","31.74","27.93M","0.06%"
"09/03/2020","32.20","33.07","33.07","31.86","28.89M","-2.76%"
"09/02/2020","33.12","32.51","33.17","32.31","22.91M","2.27%"
"09/01/2020","32.38","31.50","32.42","31.37","18.47M","2.81%"
"08/31/2020","31.50","31.93","32.01","31.50","6.11M","-50.77%"
"08/30/2020","63.97","63.97","63.97","63.97","","100.00%"
"08/28/2020","31.99","31.76","32.01","31.62","4.85M","1.19%"
"08/27/2020","31.61","31.81","31.87","31.51","7.30M","-0.27%"
"08/26/2020","31.69","31.33","31.75","31.25","4.76M","1.05%"
"08/25/2020","31.36","31.60","31.70","31.23","5.75M","-0.40%"
"08/24/2020","31.49","31.34","31.50","31.24","7.06M","-49.12%"
"08/23/2020","61.89","61.89","61.89","61.89","","0.00%"
"08/22/2020","61.89","61.89","61.89","61.89","","100.00%"
"08/21/2020","30.94","30.89","31.00","30.77","5.51M","-0.58%"
"08/20/2020","31.13","31.00","31.15","30.92","4.66M","-0.35%"
"08/19/2020","31.24","31.44","31.52","31.15","6.21M","-0.29%"
"08/18/2020","31.33","31.56","31.61","31.30","4.76M","-0.41%"
"08/17/2020","31.45","31.56","31.68","31.33","3.72M","0.45%"
"08/14/2020","31.32","31.14","31.44","31.10","5.18M","0.11%"
"08/13/2020","31.28","31.14","31.40","31.09","16.85M","0.00%"
"08/12/2020","31.28","31.48","31.51","31.21","7.93M","0.59%"
"08/11/2020","31.10","31.42","31.60","31.04","8.98M","-0.18%"
"08/10/2020","31.16","30.89","31.16","30.84","6.68M","-49.51%"
"08/09/2020","61.71","61.71","61.71","61.71","","0.00%"
"08/08/2020","61.71","61.71","61.71","61.71","","100.00%"
"08/07/2020","30.85","30.59","30.86","30.44","7.97M","0.34%"
"08/06/2020","30.75","30.84","30.92","30.63","13.94M","-0.42%"
"08/05/2020","30.88","30.72","31.20","30.64","11.79M","1.46%"
"08/04/2020","30.43","29.89","30.50","29.83","15.83M","1.42%"
"08/03/2020","30.01","30.33","30.34","30.00","11.08M","-50.28%"
"08/02/2020","60.36","60.36","60.36","60.36","","100.00%"
"07/31/2020","30.18","30.20","30.25","29.80","10.54M","0.10%"
"07/30/2020","30.15","30.28","30.38","29.90","14.04M","-1.94%"
"07/29/2020","30.75","30.59","30.83","30.55","8.22M","0.82%"
"07/28/2020","30.50","31.08","31.08","30.47","9.14M","-2.20%"
"07/27/2020","31.18","30.93","31.30","30.83","7.28M","-49.28%"
"07/26/2020","61.47","61.47","61.47","61.47","","0.00%"
"07/25/2020","61.47","61.47","61.47","61.47","","100.00%"
"07/24/2020","30.74","30.73","30.90","30.56","11.73M","-0.34%"
"07/23/2020","30.84","30.91","31.14","30.63","8.83M","-0.31%"
"07/22/2020","30.93","30.53","30.94","30.52","5.90M","1.16%"
"07/21/2020","30.58","30.50","30.73","30.50","7.55M","0.87%"
"07/20/2020","30.32","30.57","30.65","30.26","7.19M","-0.87%"
"07/17/2020","30.58","30.54","30.66","30.43","8.16M","0.84%"
"07/16/2020","30.33","30.28","30.56","30.17","11.13M","0.33%"
"07/15/2020","30.23","30.25","30.35","30.02","16.46M","1.68%"
"07/14/2020","29.73","28.93","29.76","28.90","18.87M","2.52%"
"07/13/2020","29.00","29.30","29.58","28.98","18.07M","-50.00%"
"07/12/2020","57.99","57.99","57.99","57.99","","0.00%"
"07/11/2020","57.99","57.99","57.99","57.99","","100.00%"
"07/10/2020","29.00","28.57","29.03","28.55","9.31M","1.74%"
"07/09/2020","28.50","28.91","28.94","28.18","31.46M","-0.94%"
"07/08/2020","28.77","29.24","29.39","28.44","18.33M","-1.42%"
"07/07/2020","29.18","28.97","29.27","28.94","14.90M","0.03%"
"07/06/2020","29.17","29.31","29.34","28.80","15.73M","-49.29%"
"07/05/2020","57.53","57.53","57.53","57.53","","0.00%"
"07/04/2020","57.53","57.53","57.53","57.53","","100.00%"
"07/02/2020","28.76","28.63","29.00","28.57","16.07M","1.88%"
"07/01/2020","28.24","28.20","28.33","27.85","16.29M","0.21%"
"06/30/2020","28.17","27.68","28.34","27.60","7.88M","1.44%"
"06/29/2020","27.77","27.48","27.90","27.41","9.88M","1.95%"
"06/26/2020","27.25","27.52","27.57","27.08","16.35M","-1.38%"
"06/25/2020","27.63","27.21","27.66","26.97","10.51M","1.25%"
"06/24/2020","27.28","27.81","27.83","27.20","11.31M","-2.92%"
"06/23/2020","28.10","28.46","28.49","28.09","6.23M","0.23%"
"06/22/2020","28.04","27.93","28.16","27.68","6.74M","-0.18%"
"06/19/2020","28.09","28.65","28.69","27.89","14.84M","-0.30%"
"06/18/2020","28.17","28.05","28.33","28.00","7.14M","0.07%"
"06/17/2020","28.16","28.57","28.60","28.08","8.05M","-0.83%"
"06/16/2020","28.39","28.77","28.90","27.95","19.00M","2.09%"
"06/15/2020","27.81","26.80","27.98","26.65","13.77M","1.05%"
"06/12/2020","27.52","27.93","28.05","27.00","27.86M","1.94%"
"06/11/2020","27.00","28.42","28.51","26.88","58.20M","-7.73%"
"06/10/2020","29.25","29.72","29.72","29.14","10.38M","-1.13%"
"06/09/2020","29.59","29.61","29.78","29.42","12.02M","-1.22%"
"06/08/2020","29.95","30.03","30.12","29.69","10.51M","-49.93%"
"06/07/2020","59.83","59.83","59.83","59.83","","100.00%"
"06/05/2020","29.92","29.93","30.15","29.82","11.26M","2.55%"
"06/04/2020","29.17","28.94","29.25","28.90","9.01M","0.36%"
"06/03/2020","29.07","28.77","29.27","28.74","9.45M","2.27%"
"06/02/2020","28.42","28.00","28.46","27.97","8.66M","1.81%"
"06/01/2020","27.92","27.74","28.01","27.69","6.47M","0.69%"
"05/29/2020","27.73","27.73","27.82","27.40","14.77M","0.02%"
"05/28/2020","27.72","27.85","27.94","27.45","10.97M","0.93%"
"05/27/2020","27.47","27.50","27.65","27.11","13.98M","1.01%"
"05/26/2020","27.19","27.07","27.33","26.97","8.23M","2.74%"
"05/22/2020","26.47","26.48","26.51","26.26","7.47M","-0.15%"
"05/21/2020","26.50","26.68","26.83","26.41","10.49M","-0.95%"
"05/20/2020","26.76","26.69","27.05","26.68","7.60M","1.59%"
"05/19/2020","26.34","26.50","26.71","26.32","9.79M","-0.96%"
"05/18/2020","26.59","26.31","26.81","26.25","8.85M","4.56%"
"05/15/2020","25.43","25.06","25.45","24.93","9.76M","0.87%"
"05/14/2020","25.22","24.45","25.22","24.16","10.84M","1.22%"
"05/13/2020","24.91","25.32","25.42","24.68","10.53M","-2.10%"
"05/12/2020","25.44","25.92","26.09","25.44","8.40M","-1.53%"
"05/11/2020","25.84","25.81","25.96","25.58","8.86M","-1.52%"
"05/08/2020","26.24","26.00","26.27","25.91","7.57M","2.40%"
"05/07/2020","25.63","25.36","25.85","25.33","8.25M","2.05%"
"05/06/2020","25.11","25.62","25.82","25.08","7.51M","-1.72%"
"05/05/2020","25.55","25.71","25.90","25.50","9.03M","0.26%"
"05/04/2020","25.49","25.20","25.52","24.95","10.14M","-49.82%"
"05/03/2020","50.79","50.79","50.79","50.79","","0.00%"
"05/02/2020","50.79","50.79","50.79","50.79","","100.00%"
"05/01/2020","25.40","25.49","25.60","25.16","10.13M","-2.10%"
"04/30/2020","25.94","26.32","26.32","25.90","10.81M","-2.97%"
"04/29/2020","26.74","26.61","26.87","26.50","11.75M","2.55%"
"04/28/2020","26.07","26.01","26.23","25.75","13.50M","1.86%"
"04/27/2020","25.59","25.00","25.69","24.97","9.72M","2.67%"
"04/24/2020","24.93","24.75","25.00","24.48","8.29M","1.57%"
"04/23/2020","24.55","24.51","25.05","24.51","12.77M","0.70%"
"04/22/2020","24.38","24.40","24.56","24.14","7.67M","1.97%"
"04/21/2020","23.91","23.89","24.17","23.80","11.98M","-2.47%"
"04/20/2020","24.51","24.69","25.09","24.44","9.69M","-2.47%"
"04/17/2020","25.13","24.73","25.21","24.72","12.61M","4.01%"
"04/16/2020","24.16","24.34","24.40","23.76","9.26M","-0.58%"
"04/15/2020","24.30","24.66","24.68","24.10","11.40M","-4.59%"
"04/14/2020","25.47","25.67","25.83","25.21","16.52M","1.29%"
"04/13/2020","25.15","25.51","25.58","24.80","31.71M","-2.20%"
"04/09/2020","25.71","24.92","25.85","24.90","61.48M","4.30%"
"04/08/2020","24.65","23.75","24.76","23.49","32.93M","4.89%"
"04/07/2020","23.50","23.74","24.32","23.39","22.42M","2.66%"
"04/06/2020","22.89","22.22","23.06","22.22","20.93M","7.44%"
"04/03/2020","21.31","21.68","22.13","21.21","18.53M","-2.40%"
"04/02/2020","21.83","21.48","22.36","21.43","23.57M","1.51%"
"04/01/2020","21.50","21.69","22.12","21.44","20.48M","-4.51%"
"03/31/2020","22.52","22.76","23.08","22.43","17.02M","-1.38%"
"03/30/2020","22.83","22.41","22.92","22.22","19.51M","-48.41%"
"03/28/2020","44.26","44.26","44.26","44.26","","100.00%"
"03/27/2020","22.13","22.10","22.60","21.93","28.15M","-3.61%"
"03/26/2020","22.96","22.19","23.07","22.15","26.77M","4.70%"
"03/25/2020","21.93","21.35","22.82","21.13","27.15M","2.33%"
"03/24/2020","21.43","20.39","21.57","20.22","23.76M","11.76%"
"03/23/2020","19.17","20.08","20.22","19.08","37.36M","-52.86%"
"03/21/2020","40.68","40.68","40.68","40.68","","100.00%"
"03/20/2020","20.34","21.27","21.31","20.01","30.50M","-3.58%"
"03/19/2020","21.09","20.22","21.42","19.78","17.97M","2.55%"
"03/18/2020","20.57","20.55","21.40","19.21","19.75M","-6.39%"
"03/17/2020","21.98","21.01","22.20","20.42","22.09M","6.19%"
"03/16/2020","20.69","18.84","21.61","18.84","28.85M","-55.50%"
"03/14/2020","46.51","46.51","46.51","46.51","","100.00%"
"03/13/2020","23.25","23.14","23.27","21.60","24.23M","7.02%"
"03/12/2020","21.73","22.28","23.25","21.18","30.73M","-9.63%"
"03/11/2020","24.05","24.52","24.59","23.71","29.91M","-4.75%"
"03/10/2020","25.25","25.17","25.28","24.02","33.44M","4.06%"
"03/09/2020","24.26","24.84","25.76","24.18","28.49M","-9.36%"
"03/06/2020","26.76","26.76","26.99","26.25","37.88M","-2.60%"
"03/05/2020","27.48","27.56","27.87","27.31","28.35M","-3.17%"
"03/04/2020","28.38","27.73","28.40","27.34","28.16M","4.15%"
"03/03/2020","27.25","27.58","28.07","26.89","56.78M","-0.87%"
"03/02/2020","27.49","26.61","27.50","26.31","33.63M","4.29%"
"02/28/2020","26.36","25.81","26.41","25.58","61.48M","-1.09%"
"02/27/2020","26.65","27.50","27.82","26.65","41.39M","-4.69%"
"02/26/2020","27.96","28.20","28.58","27.92","28.61M","-0.34%"
"02/25/2020","28.06","29.33","29.35","27.98","40.12M","-4.31%"
"02/24/2020","29.32","29.41","29.54","29.18","18.59M","-2.82%"
"02/21/2020","30.17","30.18","30.28","30.10","13.04M","-0.46%"
"02/20/2020","30.31","30.15","30.51","30.09","10.36M","0.17%"
"02/19/2020","30.26","30.25","30.37","30.23","13.65M","0.27%"
"02/18/2020","30.18","30.21","30.28","30.04","9.42M","-50.12%"
"02/17/2020","60.51","60.51","60.51","60.51","","100.00%"
"02/14/2020","30.25","30.26","30.37","30.17","7.25M","0.00%"
"02/13/2020","30.25","30.32","30.44","30.17","8.24M","-0.36%"
"02/12/2020","30.36","30.40","30.42","30.26","6.49M","0.55%"
"02/11/2020","30.19","30.19","30.47","30.17","8.12M","0.55%"
"02/10/2020","30.03","30.00","30.11","29.93","9.05M","-0.05%"
"02/07/2020","30.05","30.29","30.29","29.94","15.67M","-1.43%"
"02/06/2020","30.48","30.65","30.65","30.37","24.75M","-0.05%"
"02/05/2020","30.50","30.20","30.55","29.99","34.30M","1.85%"
"02/04/2020","29.94","29.78","30.10","29.66","27.19M","1.77%"
"02/03/2020","29.42","28.92","29.55","28.90","24.32M","2.10%"
"01/31/2020","28.82","29.19","29.22","28.72","22.04M","-2.21%"
"01/30/2020","29.47","29.26","29.50","29.07","17.40M","-0.62%"
"01/29/2020","29.65","29.66","29.82","29.64","7.14M","0.32%"
"01/28/2020","29.56","29.37","29.65","29.31","8.98M","1.13%"
"01/27/2020","29.23","29.34","29.43","29.23","13.87M","-2.16%"
"01/24/2020","29.87","30.13","30.15","29.75","10.49M","-0.71%"
"01/23/2020","30.08","29.88","30.11","29.67","6.93M","-0.12%"
"01/22/2020","30.12","30.31","30.33","30.10","5.48M","-0.40%"
"01/21/2020","30.24","30.36","30.42","30.19","7.61M","-1.08%"
"01/17/2020","30.57","30.47","30.58","30.39","10.89M","0.44%"
"01/16/2020","30.43","30.36","30.49","30.26","18.80M","0.59%"
"01/15/2020","30.25","30.05","30.39","30.04","7.80M","0.68%"
"01/14/2020","30.05","30.15","30.24","29.99","11.01M","-0.41%"
"01/13/2020","30.17","29.82","30.18","29.78","8.82M","1.29%"
"01/10/2020","29.79","29.98","30.06","29.74","11.27M","-0.40%"
"01/09/2020","29.91","29.90","29.96","29.81","7.57M","0.37%"
"01/08/2020","29.80","29.70","29.92","29.60","16.16M","0.35%"
"01/07/2020","29.69","29.68","29.90","29.60","40.53M","-0.12%"
"01/06/2020","29.73","29.77","29.92","29.70","31.53M","-0.44%"
"01/03/2020","29.86","30.04","30.22","29.85","24.85M","-1.61%"
"01/02/2020","30.35","30.92","30.97","30.31","14.71M","-1.17%"
"12/31/2019","30.71","30.48","30.74","30.43","5.39M","0.74%"
"12/30/2019","30.49","30.65","30.65","30.45","6.02M","-0.31%"
"12/27/2019","30.58","30.81","30.81","30.57","13.61M","-0.37%"
"12/26/2019","30.69","30.63","30.69","30.52","5.60M","0.44%"
"12/24/2019","30.56","30.54","30.63","30.49","2.90M","0.11%"
"12/23/2019","30.52","30.42","30.55","30.35","6.29M","0.28%"
"12/20/2019","30.44","30.31","30.48","30.31","8.51M","-0.07%"
"12/19/2019","30.46","30.38","30.50","30.35","6.19M","0.35%"
"12/18/2019","30.35","30.42","30.42","30.13","7.35M","-0.13%"
"12/17/2019","30.40","30.40","30.53","30.30","10.05M","0.15%"
"12/16/2019","30.35","30.50","30.52","30.32","17.99M","0.43%"
"12/13/2019","30.22","30.50","30.62","30.21","10.17M","-0.77%"
"12/12/2019","30.45","30.07","30.49","30.00","14.45M","1.40%"
"12/11/2019","30.03","29.95","30.07","29.89","6.99M","0.75%"
"12/10/2019","29.81","29.94","29.99","29.75","7.10M","-0.60%"
"12/09/2019","29.99","30.08","30.16","29.95","6.06M","-0.20%"
"12/06/2019","30.05","29.99","30.10","29.92","13.19M","1.03%"
"12/05/2019","29.75","29.65","29.76","29.50","10.41M","0.51%"
"12/04/2019","29.59","29.73","29.92","29.53","11.22M","0.22%"
"12/03/2019","29.53","29.46","29.56","29.31","17.32M","-0.64%"
"12/02/2019","29.72","29.97","30.02","29.72","13.95M","-1.00%"
"11/29/2019","30.02","30.02","30.11","29.92","7.07M","-0.37%"
"11/27/2019","30.13","30.07","30.16","29.91","10.08M","0.40%"
"11/26/2019","30.01","29.84","30.04","29.77","7.87M","0.50%"
"11/25/2019","29.86","29.76","29.87","29.73","6.23M","0.66%"
"11/22/2019","29.67","29.68","29.80","29.63","5.75M","0.17%"
"11/21/2019","29.61","29.66","29.70","29.54","6.35M","-0.17%"
"11/20/2019","29.67","29.92","29.98","29.63","11.23M","-1.25%"
"11/19/2019","30.04","30.24","30.24","29.94","7.26M","-0.22%"
"11/18/2019","30.10","30.06","30.19","30.02","5.83M","-0.25%"
"11/15/2019","30.18","30.35","30.40","30.10","6.82M","-0.08%"
"11/14/2019","30.20","29.95","30.23","29.93","7.16M","0.62%"
"11/13/2019","30.02","30.07","30.18","29.96","10.69M","-0.58%"
"11/12/2019","30.19","30.14","30.30","30.04","9.92M","0.52%"
"11/11/2019","30.04","29.92","30.08","29.87","8.24M","-0.15%"
"11/08/2019","30.08","29.90","30.09","29.88","5.76M","0.40%"
"11/07/2019","29.97","29.93","30.00","29.85","8.39M","0.67%"
"11/06/2019","29.76","29.76","29.84","29.66","7.99M","-0.07%"
"11/05/2019","29.78","29.73","29.95","29.67","7.48M","0.17%"
"11/04/2019","29.74","29.73","29.80","29.58","6.18M","0.78%"
"11/01/2019","29.50","29.25","29.50","29.22","9.33M","1.41%"
"10/31/2019","29.09","29.39","29.45","28.93","14.27M","-1.12%"
"10/30/2019","29.42","29.31","29.47","29.17","12.69M","0.09%"
"10/29/2019","29.40","29.09","29.53","29.02","8.29M","0.62%"
"10/28/2019","29.22","29.25","29.37","29.13","6.81M","0.31%"
"10/25/2019","29.13","28.82","29.20","28.79","8.08M","1.09%"
"10/24/2019","28.82","28.83","29.00","28.66","9.40M","0.31%"
"10/23/2019","28.73","28.65","28.85","28.62","8.00M","0.63%"
"10/22/2019","28.55","28.65","28.74","28.42","8.23M","-0.42%"
"10/21/2019","28.67","28.89","28.98","28.66","5.85M","-0.31%"
"10/18/2019","28.75","28.73","28.88","28.64","6.16M","-0.17%"
"10/17/2019","28.81","28.87","29.02","28.75","6.22M","0.26%"
"10/16/2019","28.73","28.67","28.94","28.66","7.69M","0.21%"
"10/15/2019","28.67","28.61","28.81","28.52","9.83M","0.70%"
"10/14/2019","28.47","28.58","28.65","28.45","9.41M","-0.71%"
"10/11/2019","28.67","28.47","28.94","28.43","20.62M","1.94%"
"10/10/2019","28.13","27.97","28.26","27.89","13.55M","0.91%"
"10/09/2019","27.88","27.83","27.98","27.68","18.20M","1.12%"
"10/08/2019","27.57","27.85","27.88","27.56","15.63M","-1.75%"
"10/07/2019","28.06","28.08","28.34","27.97","17.26M","-0.36%"
"10/04/2019","28.16","28.02","28.22","28.00","12.59M","0.54%"
"10/03/2019","28.00","27.83","28.01","27.55","16.53M","0.36%"
"10/02/2019","27.91","28.15","28.19","27.64","23.38M","-1.79%"
"10/01/2019","28.42","29.15","29.25","28.41","14.64M","-2.35%"
"09/30/2019","29.10","28.87","29.16","28.86","7.76M","0.85%"
"09/27/2019","28.85","28.98","29.10","28.74","12.37M","-0.28%"
"09/26/2019","28.93","29.03","29.05","28.81","8.08M","-0.22%"
"09/25/2019","29.00","28.85","29.06","28.73","9.19M","0.52%"
"09/24/2019","28.85","29.16","29.23","28.76","18.08M","-0.86%"
"09/23/2019","29.10","28.97","29.19","28.97","6.14M","-0.24%"
"09/20/2019","29.17","29.34","29.40","29.04","10.39M","-0.73%"
"09/19/2019","29.39","29.41","29.56","29.33","6.53M","0.17%"
"09/18/2019","29.33","29.33","29.38","29.07","8.16M","0.05%"
"09/17/2019","29.32","29.07","29.38","28.98","8.17M","0.81%"
"09/16/2019","29.08","29.48","29.59","29.06","9.47M","-1.64%"
"09/13/2019","29.57","29.43","29.66","29.41","10.95M","1.09%"
"09/12/2019","29.25","29.23","29.37","29.03","21.45M","0.78%"
"09/11/2019","29.02","28.82","29.04","28.62","10.82M","0.96%"
"09/10/2019","28.75","28.44","28.75","28.40","9.96M","0.98%"
"09/09/2019","28.47","28.68","28.69","28.42","13.70M","-0.52%"
"09/06/2019","28.62","28.57","28.69","28.44","7.90M","0.39%"
"09/05/2019","28.51","28.67","28.77","28.49","11.65M","0.16%"
"09/04/2019","28.47","28.37","28.49","28.28","11.88M","1.23%"
"09/03/2019","28.12","28.13","28.18","27.93","11.62M","-0.79%"
"08/30/2019","28.34","28.38","28.49","28.25","10.14M","0.67%"
"08/29/2019","28.16","28.15","28.28","28.10","8.19M","1.28%"
"08/28/2019","27.80","27.50","27.86","27.42","7.54M","0.78%"
"08/27/2019","27.58","27.67","27.84","27.51","11.19M","0.07%"
"08/26/2019","27.57","27.70","27.74","27.43","14.91M","0.33%"
"08/23/2019","27.48","28.03","28.15","27.34","18.18M","-2.42%"
"08/22/2019","28.16","28.40","28.53","28.09","5.21M","-0.67%"
"08/21/2019","28.34","28.39","28.45","28.20","6.40M","0.51%"
"08/20/2019","28.20","28.42","28.44","28.18","9.48M","-1.17%"
"08/19/2019","28.53","28.56","28.64","28.49","6.66M","0.79%"
"08/16/2019","28.31","27.94","28.38","27.91","11.69M","1.76%"
"08/15/2019","27.82","27.97","27.97","27.62","17.84M","0.04%"
"08/14/2019","27.81","28.30","28.42","27.78","18.26M","-3.17%"
"08/13/2019","28.72","28.44","29.08","28.27","14.15M","1.07%"
"08/12/2019","28.42","28.83","28.85","28.36","45.07M","-1.56%"
"08/09/2019","28.86","28.98","29.02","28.71","9.25M","-0.79%"
"08/08/2019","29.09","28.69","29.10","28.69","11.47M","1.91%"
"08/07/2019","28.55","27.92","28.59","27.90","46.54M","1.38%"
"08/06/2019","28.16","28.25","28.25","27.82","22.99M","0.12%"
"08/05/2019","28.13","28.42","28.51","27.93","20.58M","-1.88%"
"08/02/2019","28.67","28.85","28.89","28.47","15.00M","-1.17%"
"08/01/2019","29.00","29.14","29.58","28.87","19.57M","-0.57%"
"07/31/2019","29.17","29.54","29.68","28.91","16.21M","-1.54%"
"07/30/2019","29.63","29.21","29.65","29.17","8.03M","0.66%"
"07/29/2019","29.43","29.43","29.49","29.33","5.78M","-0.34%"
"07/26/2019","29.53","29.42","29.54","29.23","15.28M","0.12%"
"07/25/2019","29.50","29.61","29.61","29.19","12.27M","-0.72%"
"07/24/2019","29.71","29.64","29.76","29.57","7.53M","-0.07%"
"07/23/2019","29.73","29.26","29.73","29.26","8.40M","2.06%"
"07/22/2019","29.13","29.27","29.31","29.08","5.83M","-0.26%"
"07/19/2019","29.20","29.11","29.35","29.11","7.62M","0.22%"
"07/18/2019","29.14","28.92","29.17","28.88","7.55M","0.43%"
"07/17/2019","29.01","29.28","29.32","29.01","14.33M","-0.89%"
"07/16/2019","29.27","29.23","29.53","29.19","9.05M","0.24%"
"07/15/2019","29.20","29.17","29.23","29.08","9.08M","0.07%"
"07/12/2019","29.18","28.98","29.19","28.97","8.81M","0.99%"
"07/11/2019","28.90","28.75","28.90","28.64","22.18M","0.43%"
"07/10/2019","28.77","29.00","29.07","28.74","14.63M","-0.21%"
"07/09/2019","28.83","29.01","29.06","28.77","10.39M","-0.98%"
"07/08/2019","29.12","29.34","29.41","29.07","19.58M","-1.15%"
"07/05/2019","29.46","29.31","29.46","29.17","7.62M","-0.46%"
"07/03/2019","29.59","29.42","29.59","29.37","4.95M","0.51%"
"07/02/2019","29.44","29.48","29.48","29.25","12.64M","-0.10%"
"07/01/2019","29.48","29.47","29.48","29.23","11.95M","0.77%"
"06/28/2019","29.25","29.05","29.29","29.02","10.02M","0.84%"
"06/27/2019","29.00","28.95","29.06","28.93","6.88M","0.33%"
"06/26/2019","28.91","28.94","29.03","28.87","8.37M","-0.17%"
"06/25/2019","28.96","28.98","29.07","28.86","11.43M","0.05%"
"06/24/2019","28.94","28.84","29.00","28.72","9.20M","0.38%"
"06/21/2019","28.83","28.91","28.96","28.81","11.65M","-0.91%"
"06/20/2019","29.10","29.10","29.18","28.85","13.49M","1.27%"
"06/19/2019","28.74","28.90","28.91","28.58","14.33M","-0.55%"
"06/18/2019","28.90","28.83","29.09","28.79","13.78M","0.78%"
"06/17/2019","28.67","28.89","28.91","28.63","15.01M","-0.92%"
"06/14/2019","28.93","29.00","29.03","28.83","7.88M","-0.43%"
"06/13/2019","29.06","29.00","29.10","28.96","14.78M","0.59%"
"06/12/2019","28.89","28.81","28.93","28.77","7.10M","0.33%"
"06/11/2019","28.80","28.97","29.08","28.75","15.74M","-0.07%"
"06/10/2019","28.82","28.94","28.99","28.79","28.73M","0.17%"
"06/07/2019","28.76","28.69","28.87","28.64","46.42M","0.89%"
"06/06/2019","28.51","28.32","28.60","28.22","39.82M","1.19%"
"06/05/2019","28.17","28.15","28.24","27.75","39.41M","0.73%"
"06/04/2019","27.97","27.50","28.02","27.34","35.56M","2.81%"
"06/03/2019","27.20","26.45","27.22","26.38","26.31M","3.15%"
"05/31/2019","26.38","26.36","26.49","26.26","11.98M","-1.12%"
"05/30/2019","26.67","26.64","26.80","26.60","8.95M","0.17%"
"05/29/2019","26.63","26.42","26.67","26.35","17.48M","0.00%"
"05/28/2019","26.63","26.89","26.98","26.60","9.65M","-1.00%"
"05/24/2019","26.90","27.01","27.09","26.75","8.18M","0.56%"
"05/23/2019","26.75","26.87","26.96","26.62","9.85M","-1.53%"
"05/22/2019","27.16","27.30","27.40","27.16","10.62M","-0.69%"
"05/21/2019","27.35","27.13","27.39","27.09","8.74M","1.54%"
"05/20/2019","26.93","27.08","27.19","26.89","10.03M","-1.43%"
"05/17/2019","27.33","27.28","27.52","27.20","12.17M","-0.60%"
"05/16/2019","27.49","27.32","27.58","27.32","9.81M","1.40%"
"05/15/2019","27.11","27.00","27.31","26.89","10.52M","-0.26%"
"05/14/2019","27.18","27.05","27.38","26.98","12.20M","0.85%"
"05/13/2019","26.95","27.06","27.55","26.75","14.10M","-2.25%"
"05/10/2019","27.57","27.15","27.67","27.03","12.95M","1.36%"
"05/09/2019","27.20","27.10","27.31","26.89","13.43M","-0.78%"
"05/08/2019","27.42","27.42","27.55","27.30","12.32M","-0.09%"
"05/07/2019","27.44","27.67","27.72","27.30","19.50M","-1.75%"
"05/06/2019","27.93","27.66","28.04","27.66","31.20M","-1.43%"
"05/03/2019","28.33","28.11","28.35","28.09","12.07M","0.98%"
"05/02/2019","28.06","28.07","28.22","27.86","21.95M","-0.51%"
"05/01/2019","28.20","28.76","28.76","28.20","13.10M","-1.81%"
"04/30/2019","28.73","28.56","28.76","28.41","6.80M","0.86%"
"04/29/2019","28.48","28.46","28.56","28.38","12.11M","-0.19%"
"04/26/2019","28.53","28.30","28.61","28.25","9.90M","0.83%"
"04/25/2019","28.30","28.53","28.57","28.21","10.36M","-1.27%"
"04/24/2019","28.67","28.82","28.91","28.67","7.62M","-0.62%"
"04/23/2019","28.84","28.67","28.93","28.60","15.29M","0.45%"
"04/22/2019","28.72","28.80","28.90","28.67","11.98M","-0.67%"
"04/18/2019","28.91","28.90","28.99","28.76","7.27M","0.12%"
"04/17/2019","28.88","29.11","29.25","28.86","6.74M","-0.62%"
"04/16/2019","29.06","28.90","29.06","28.76","7.47M","0.45%"
"04/15/2019","28.92","29.06","29.08","28.88","5.41M","-0.46%"
"04/12/2019","29.06","28.92","29.06","28.83","7.22M","1.32%"
"04/11/2019","28.68","28.68","28.78","28.60","6.99M","-0.05%"
"04/10/2019","28.69","28.74","28.79","28.58","7.59M","-0.05%"
"04/09/2019","28.71","28.80","28.84","28.63","12.22M","-0.73%"
"04/08/2019","28.92","28.89","28.95","28.77","13.15M","0.03%"
"04/05/2019","28.91","28.92","29.02","28.83","7.34M","-0.03%"
"04/04/2019","28.92","28.65","28.93","28.64","12.21M","1.01%"
"04/03/2019","28.63","28.49","28.81","28.41","34.73M","1.31%"
"04/02/2019","28.26","28.24","28.38","28.12","14.22M","0.34%"
"04/01/2019","28.17","27.94","28.20","27.91","12.91M","1.50%"
"03/29/2019","27.75","27.54","27.76","27.42","12.65M","0.87%"
"03/28/2019","27.51","27.28","27.52","27.27","9.74M","0.97%"
"03/27/2019","27.25","27.21","27.34","27.05","19.57M","-0.13%"
"03/26/2019","27.28","27.30","27.36","27.08","11.80M","0.61%"
"03/25/2019","27.11","27.15","27.36","27.07","13.13M","-0.18%"
"03/22/2019","27.17","27.75","27.76","27.11","18.25M","-2.98%"
"03/21/2019","28.00","27.61","28.10","27.58","15.92M","1.06%"
"03/20/2019","27.70","27.72","27.85","27.44","22.47M","-0.09%"
"03/19/2019","27.73","27.90","28.08","27.60","10.54M","-0.13%"
"03/18/2019","27.76","27.72","27.81","27.56","8.69M","0.23%"
"03/15/2019","27.70","27.78","27.92","27.59","14.52M","-0.31%"
"03/14/2019","27.78","27.92","27.98","27.72","10.08M","-0.75%"
"03/13/2019","28.00","28.01","28.17","27.94","11.04M","0.48%"
"03/12/2019","27.86","27.80","28.02","27.80","14.43M","0.38%"
"03/11/2019","27.75","27.48","27.76","27.44","13.72M","1.43%"
"03/08/2019","27.36","27.17","27.39","27.03","14.29M","0.16%"
"03/07/2019","27.32","27.49","27.49","27.11","23.92M","-0.82%"
"03/06/2019","27.55","27.57","27.74","27.50","9.23M","0.22%"
"03/05/2019","27.49","27.56","27.63","27.45","10.46M","-0.47%"
"03/04/2019","27.61","27.55","27.73","27.19","15.92M","0.45%"
"03/01/2019","27.49","27.73","27.87","27.40","19.68M","-0.13%"
"02/28/2019","27.52","27.83","27.86","27.47","17.53M","-1.22%"
"02/27/2019","27.86","27.85","27.95","27.68","9.26M","-0.16%"
"02/26/2019","27.91","28.00","28.09","27.90","12.38M","-0.57%"
"02/25/2019","28.07","28.00","28.15","27.94","12.38M","0.65%"
"02/22/2019","27.89","27.91","27.98","27.79","9.58M","0.43%"
"02/21/2019","27.77","27.92","27.98","27.66","17.10M","-0.39%"
"02/20/2019","27.88","27.46","28.05","27.42","22.62M","1.71%"
"02/19/2019","27.41","27.14","27.54","27.11","24.53M","0.62%"
"02/15/2019","27.24","27.17","27.31","27.04","15.29M","1.36%"
"02/14/2019","26.88","26.89","27.07","26.80","9.77M","-0.52%"
"02/13/2019","27.01","27.13","27.21","27.00","14.69M","0.13%"
"02/12/2019","26.98","26.64","27.01","26.56","20.14M","2.24%"
"02/11/2019","26.39","26.44","26.48","26.26","8.32M","0.15%"
"02/08/2019","26.35","26.23","26.35","26.01","9.04M","-0.09%"
"02/07/2019","26.38","26.58","26.63","26.16","12.74M","-1.38%"
"02/06/2019","26.75","26.77","26.88","26.70","9.91M","-0.59%"
"02/05/2019","26.91","26.77","26.97","26.75","8.86M","0.73%"
"02/04/2019","26.71","26.70","26.73","26.53","7.12M","-0.17%"
"02/01/2019","26.75","26.66","26.82","26.54","11.08M","0.30%"
"01/31/2019","26.67","26.50","26.79","26.22","24.95M","-1.50%"
"01/30/2019","27.08","26.91","27.30","26.80","14.15M","1.06%"
"01/29/2019","26.80","26.58","26.87","26.58","16.45M","1.04%"
"01/28/2019","26.52","26.37","26.54","26.29","11.94M","-0.15%"
"01/25/2019","26.56","26.47","26.70","26.35","9.83M","1.90%"
"01/24/2019","26.07","26.06","26.23","25.95","10.50M","-0.53%"
"01/23/2019","26.20","26.42","26.50","25.95","11.41M","-0.68%"
"01/22/2019","26.39","26.63","26.67","26.23","14.87M","-1.38%"
"01/18/2019","26.75","26.54","26.88","26.47","17.51M","1.65%"
"01/17/2019","26.32","25.73","26.38","25.73","20.41M","1.76%"
"01/16/2019","25.86","25.77","26.00","25.73","27.44M","0.39%"
"01/15/2019","25.76","25.77","25.93","25.60","15.09M","-0.66%"
"01/14/2019","25.93","25.91","26.08","25.77","23.01M","-0.77%"
"01/11/2019","26.14","26.10","26.20","25.97","12.37M","-0.40%"
"01/10/2019","26.24","25.83","26.25","25.80","16.94M","0.88%"
"01/09/2019","26.01","26.07","26.11","25.76","16.25M","0.04%"
"01/08/2019","26.00","25.85","26.04","25.71","20.66M","1.05%"
"01/07/2019","25.73","25.65","26.03","25.48","14.94M","0.35%"
"01/04/2019","25.64","25.07","25.74","25.03","17.90M","3.93%"
"01/03/2019","24.67","25.25","25.25","24.62","19.67M","-2.84%"
"01/02/2019","25.39","24.89","25.49","24.75","18.19M","0.51%"
"12/31/2018","25.26","25.14","25.31","24.98","15.60M","0.84%"
"12/28/2018","25.05","25.32","25.45","24.95","18.91M","-0.54%"
"12/27/2018","25.18","24.42","25.19","24.32","29.85M","1.84%"
"12/26/2018","24.73","23.78","24.74","23.52","34.23M","4.48%"
"12/24/2018","23.67","24.14","24.33","23.66","22.66M","-2.59%"
"12/21/2018","24.30","24.66","25.06","24.27","41.11M","-1.54%"
"12/20/2018","24.68","24.94","25.18","24.43","46.35M","-1.34%"
"12/19/2018","25.01","25.40","25.90","24.90","39.40M","-1.36%"
"12/18/2018","25.36","25.41","25.67","25.20","23.37M","0.56%"
"12/17/2018","25.22","25.69","25.87","25.06","30.50M","-1.71%"
"12/14/2018","25.66","25.66","25.92","25.57","15.96M","-0.77%"
"12/13/2018","25.86","26.25","26.33","25.76","29.26M","-1.17%"
"12/12/2018","26.17","26.33","26.47","26.15","14.90M","0.87%"
"12/11/2018","25.94","26.49","26.64","25.83","20.14M","-0.33%"
"12/10/2018","26.02","25.97","26.14","25.56","23.33M","0.27%"
"12/07/2018","25.95","26.57","27.00","25.87","28.05M","-2.41%"
"12/06/2018","26.59","26.51","26.59","25.94","26.45M","-1.35%"
"12/04/2018","26.96","27.75","27.80","26.92","18.09M","-2.97%"
"12/03/2018","27.78","27.87","28.07","27.49","17.15M","1.76%"
"11/30/2018","27.31","27.05","27.39","27.01","12.12M","0.26%"
"11/29/2018","27.24","27.03","27.39","26.98","14.28M","0.72%"
"11/28/2018","27.04","26.70","27.04","26.34","17.06M","1.54%"
"11/27/2018","26.63","26.75","26.91","26.45","11.74M","-1.22%"
"11/26/2018","26.96","26.89","27.06","26.80","10.71M","1.14%"
"11/23/2018","26.66","26.69","26.83","26.58","6.30M","-1.08%"
"11/21/2018","26.94","26.82","27.20","26.82","14.03M","0.80%"
"11/20/2018","26.73","26.97","27.02","26.61","22.52M","-1.82%"
"11/19/2018","27.23","27.56","27.71","27.15","24.57M","-1.43%"
"11/16/2018","27.62","27.26","27.69","27.18","17.46M","1.01%"
"11/15/2018","27.34","26.89","27.47","26.76","24.34M","1.37%"
"11/14/2018","26.98","27.17","27.36","26.83","19.45M","-0.11%"
"11/13/2018","27.00","27.15","27.43","26.97","19.01M","-0.30%"
"11/12/2018","27.08","27.45","27.51","27.03","20.12M","-1.47%"
"11/09/2018","27.49","27.72","27.72","27.28","18.02M","-1.40%"
"11/08/2018","27.88","27.84","28.00","27.74","12.89M","-0.43%"
"11/07/2018","28.00","27.72","28.01","27.55","13.56M","1.80%"
"11/06/2018","27.50","27.14","27.53","27.07","13.15M","1.64%"
"11/05/2018","27.06","27.00","27.13","26.86","15.71M","0.30%"
"11/02/2018","26.98","27.23","27.31","26.63","26.88M","-0.24%"
"11/01/2018","27.05","26.78","27.11","26.59","27.45M","2.81%"
"10/31/2018","26.31","26.25","26.48","26.14","26.34M","1.37%"
"10/30/2018","25.95","25.30","26.00","25.27","46.35M","2.29%"
"10/29/2018","25.37","25.75","25.94","25.11","34.83M","-0.24%"
"10/26/2018","25.43","25.23","25.69","25.05","47.96M","-0.59%"
"10/25/2018","25.58","25.41","25.77","25.37","28.51M","1.29%"
"10/24/2018","25.25","25.99","26.11","25.20","41.27M","-3.16%"
"10/23/2018","26.08","25.92","26.22","25.51","40.40M","-0.99%"
"10/22/2018","26.34","26.67","26.76","26.25","26.65M","-0.79%"
"10/19/2018","26.55","26.67","26.92","26.50","14.21M","-0.71%"
"10/18/2018","26.74","26.92","27.18","26.59","15.39M","-1.13%"
"10/17/2018","27.05","27.19","27.25","26.87","17.07M","-0.64%"
"10/16/2018","27.22","26.88","27.28","26.78","11.05M","1.61%"
"10/15/2018","26.79","26.88","27.05","26.78","10.26M","-0.33%"
"10/12/2018","26.88","27.24","27.32","26.68","21.30M","0.28%"
"10/11/2018","26.81","27.10","27.34","26.71","36.57M","-1.16%"
"10/10/2018","27.12","27.86","27.88","27.11","26.40M","-2.62%"
"10/09/2018","27.85","28.43","28.43","27.81","22.71M","-3.32%"
"10/08/2018","28.81","28.70","28.85","28.58","12.58M","-0.05%"
"10/05/2018","28.82","28.98","29.09","28.70","10.70M","-0.74%"
"10/04/2018","29.03","29.16","29.16","28.81","11.16M","-0.46%"
"10/03/2018","29.17","29.48","29.52","29.15","7.87M","-0.71%"
"10/02/2018","29.38","29.27","29.46","29.23","7.35M","0.43%"
"10/01/2018","29.25","29.13","29.38","29.13","8.77M","1.00%"
"09/28/2018","28.97","29.07","29.11","28.91","10.76M","-0.63%"
"09/27/2018","29.15","29.39","29.39","29.11","12.56M","-0.87%"
"09/26/2018","29.41","29.56","29.68","29.34","17.02M","-0.99%"
"09/25/2018","29.70","29.92","29.95","29.67","10.14M","-0.52%"
"09/24/2018","29.85","30.18","30.22","29.81","9.20M","-1.40%"
"09/21/2018","30.28","30.47","30.52","30.20","16.27M","-0.69%"
"09/20/2018","30.49","30.38","30.58","30.36","11.20M","1.08%"
"09/19/2018","30.17","29.87","30.29","29.87","15.85M","1.09%"
"09/18/2018","29.84","29.90","30.00","29.74","8.16M","0.10%"
"09/17/2018","29.81","29.69","29.99","29.69","7.77M","0.35%"
"09/14/2018","29.70","29.78","29.83","29.63","9.71M","-0.03%"
"09/13/2018","29.72","29.83","29.93","29.70","8.21M","0.39%"
"09/12/2018","29.60","29.58","29.74","29.47","12.48M","0.05%"
"09/11/2018","29.58","29.31","29.66","29.20","15.50M","0.20%"
"09/10/2018","29.52","29.57","29.68","29.51","9.54M","0.12%"
"09/07/2018","29.49","29.47","29.60","29.30","14.60M","-0.66%"
"09/06/2018","29.68","29.66","29.86","29.48","12.01M","0.20%"
"09/05/2018","29.63","29.41","29.68","29.32","9.28M","0.66%"
"09/04/2018","29.43","29.56","29.57","29.28","11.94M","-0.69%"
"08/31/2018","29.64","29.68","29.87","29.57","8.56M","-0.30%"
"08/30/2018","29.73","29.94","30.08","29.64","11.68M","-1.18%"
"08/29/2018","30.08","29.86","30.13","29.73","8.56M","0.75%"
"08/28/2018","29.85","30.01","30.15","29.76","7.69M","-0.38%"
"08/27/2018","29.97","29.63","30.07","29.63","11.22M","1.37%"
"08/24/2018","29.57","29.34","29.60","29.31","9.90M","1.30%"
"08/23/2018","29.18","29.33","29.33","29.10","8.88M","-0.68%"
"08/22/2018","29.39","29.52","29.57","29.35","10.87M","-0.51%"
"08/21/2018","29.53","29.48","29.67","29.43","9.92M","0.39%"
"08/20/2018","29.42","29.27","29.48","29.27","9.68M","0.70%"
"08/17/2018","29.22","28.94","29.27","28.93","10.52M","0.74%"
"08/16/2018","29.00","28.93","29.16","28.93","12.69M","0.61%"
"08/15/2018","28.83","29.00","29.01","28.51","16.99M","-1.59%"
"08/14/2018","29.29","29.17","29.44","29.15","8.27M","0.84%"
"08/13/2018","29.05","29.36","29.48","28.93","10.87M","-1.01%"
"08/10/2018","29.34","29.57","29.62","29.31","12.10M","-1.44%"
"08/09/2018","29.77","29.70","29.93","29.70","8.49M","0.54%"
"08/08/2018","29.61","29.76","29.84","29.59","13.01M","-0.42%"
"08/07/2018","29.74","29.72","29.91","29.70","9.51M","0.34%"
"08/06/2018","29.64","29.42","29.75","29.32","9.26M","-0.03%"
"08/03/2018","29.65","29.47","29.66","29.44","10.66M","0.95%"
"08/02/2018","29.36","29.32","29.38","29.03","18.54M","-0.66%"
"08/01/2018","29.56","29.80","29.86","29.50","12.12M","-1.02%"
"07/31/2018","29.86","29.66","29.94","29.65","10.48M","0.91%"
"07/30/2018","29.59","29.68","29.86","29.55","6.94M","-0.19%"
"07/27/2018","29.65","29.85","29.88","29.58","11.04M","-0.37%"
"07/26/2018","29.76","29.58","29.82","29.49","12.40M","0.57%"
"07/25/2018","29.59","29.38","29.63","29.17","9.47M","0.78%"
"07/24/2018","29.36","29.19","29.52","29.19","14.23M","1.29%"
"07/23/2018","28.99","29.14","29.15","28.96","8.30M","-0.55%"
"07/20/2018","29.15","29.15","29.25","29.01","14.64M","-0.41%"
"07/19/2018","29.26","29.26","29.30","29.06","12.84M","0.36%"
"07/18/2018","29.16","29.40","29.57","29.16","11.77M","-0.93%"
"07/17/2018","29.43","29.08","29.53","28.97","15.36M","1.31%"
"07/16/2018","29.06","29.31","29.36","28.99","8.98M","-0.80%"
"07/13/2018","29.29","29.25","29.40","29.21","6.92M","-0.05%"
"07/12/2018","29.31","29.42","29.44","29.18","13.24M","0.24%"
"07/11/2018","29.24","29.42","29.51","29.10","22.69M","-1.68%"
"07/10/2018","29.74","29.48","29.75","29.48","11.95M","0.85%"
"07/09/2018","29.49","29.36","29.50","29.34","9.08M","0.89%"
"07/06/2018","29.23","29.03","29.31","28.90","9.06M","0.50%"
"07/05/2018","29.08","29.03","29.10","28.81","11.12M","0.87%"
"07/03/2018","28.83","29.07","29.25","28.76","6.78M","-0.17%"
"07/02/2018","28.88","28.83","28.94","28.67","15.37M","-0.53%"
"06/29/2018","29.03","29.00","29.39","29.00","10.09M","0.35%"
"06/28/2018","28.93","28.83","29.00","28.63","11.78M","0.38%"
"06/27/2018","28.83","29.07","29.38","28.82","11.58M","-0.31%"
"06/26/2018","28.92","28.85","29.00","28.80","7.42M","0.38%"
"06/25/2018","28.81","29.11","29.11","28.57","19.58M","-1.56%"
"06/22/2018","29.26","29.06","29.33","29.06","14.23M","1.46%"
"06/21/2018","28.84","29.08","29.11","28.79","14.37M","-1.06%"
"06/20/2018","29.15","29.36","29.36","29.03","10.67M","-0.32%"
"06/19/2018","29.25","29.44","29.50","29.00","14.42M","-1.83%"
"06/18/2018","29.79","29.64","29.84","29.60","17.98M","-0.25%"
"06/15/2018","29.86","29.88","29.97","29.66","13.06M","-1.16%"
"06/14/2018","30.22","30.30","30.36","30.09","5.08M","0.15%"
"06/13/2018","30.17","30.53","30.55","30.14","8.12M","-1.08%"
"06/12/2018","30.50","30.50","30.60","30.39","8.96M","0.13%"
"06/11/2018","30.46","30.38","30.53","30.32","5.77M","0.15%"
"06/08/2018","30.42","30.30","30.47","30.14","7.57M","0.28%"
"06/07/2018","30.33","30.50","30.52","30.19","10.31M","-0.51%"
"06/06/2018","30.49","29.97","30.50","29.88","16.38M","1.85%"
"06/05/2018","29.93","29.74","30.03","29.70","6.65M","0.76%"
"06/04/2018","29.70","29.65","29.76","29.63","9.08M","0.58%"
"06/01/2018","29.53","29.31","29.63","29.31","7.61M","1.53%"
"05/31/2018","29.09","29.37","29.42","29.08","11.56M","-0.84%"
"05/30/2018","29.33","29.20","29.42","29.11","8.71M","1.17%"
"05/29/2018","29.00","29.25","29.43","28.90","11.70M","-1.73%"
"05/25/2018","29.50","29.54","29.59","29.40","8.12M","-0.54%"
"05/24/2018","29.67","29.71","29.82","29.51","7.10M","-0.35%"
"05/23/2018","29.77","29.65","29.78","29.50","7.30M","-0.23%"
"05/22/2018","29.84","30.09","30.18","29.81","7.70M","-0.83%"
"05/21/2018","30.09","30.09","30.16","29.99","10.59M","0.53%"
"05/18/2018","29.93","29.85","30.01","29.84","6.55M","0.13%"
"05/17/2018","29.89","29.75","30.00","29.75","20.73M","0.23%"
"05/16/2018","29.82","29.47","29.86","29.47","6.72M","1.19%"
"05/15/2018","29.47","29.41","29.52","29.23","14.33M","-0.30%"
"05/14/2018","29.56","29.53","29.66","29.44","5.57M","0.39%"
"05/11/2018","29.44","29.48","29.68","29.41","7.10M","-0.03%"
"05/10/2018","29.45","29.27","29.63","29.25","9.67M","0.72%"
"05/09/2018","29.25","28.94","29.28","28.94","24.07M","1.44%"
"05/08/2018","28.83","28.82","28.95","28.67","7.35M","-0.21%"
"05/07/2018","28.89","28.93","29.07","28.79","9.89M","-0.03%"
"05/04/2018","28.90","28.36","29.06","28.34","8.91M","1.24%"
"05/03/2018","28.55","28.45","28.73","28.15","19.52M","0.46%"
"05/02/2018","28.42","28.52","28.64","28.36","12.74M","-0.23%"
"05/01/2018","28.48","28.35","28.49","28.11","12.56M","-0.09%"
"04/30/2018","28.50","28.92","29.02","28.48","9.75M","-1.30%"
"04/27/2018","28.88","28.96","29.03","28.67","15.80M","-0.26%"
"04/26/2018","28.95","28.91","29.08","28.75","9.88M","0.63%"
"04/25/2018","28.77","28.67","28.86","28.41","15.90M","0.54%"
"04/24/2018","28.62","29.52","29.52","28.32","17.45M","-2.70%"
"04/23/2018","29.42","29.44","29.53","29.33","6.20M","-0.29%"
"04/20/2018","29.50","29.67","29.75","29.38","8.70M","-0.54%"
"04/19/2018","29.66","30.03","30.03","29.55","11.64M","-1.12%"
"04/18/2018","30.00","29.95","30.13","29.88","9.47M","0.72%"
"04/17/2018","29.78","29.64","29.86","29.50","9.56M","1.14%"
"04/16/2018","29.44","29.27","29.49","29.12","12.66M","1.34%"
"04/13/2018","29.06","29.25","29.33","28.95","8.64M","-0.10%"
"04/12/2018","29.08","28.91","29.20","28.83","7.07M","1.06%"
"04/11/2018","28.78","28.78","28.90","28.67","12.91M","-0.74%"
"04/10/2018","29.00","28.79","29.16","28.75","25.67M","2.06%"
"04/09/2018","28.41","28.41","28.75","28.21","12.58M","0.55%"
"04/06/2018","28.25","28.67","28.81","28.08","15.82M","-2.43%"
"04/05/2018","28.96","28.57","29.06","28.52","15.39M","1.86%"
"04/04/2018","28.43","27.77","28.45","27.62","12.87M","0.65%"
"04/03/2018","28.25","27.92","28.33","27.74","13.57M","1.42%"
"04/02/2018","27.85","28.38","28.51","27.60","18.66M","-2.18%"
"03/29/2018","28.47","28.07","28.62","28.04","12.42M","1.92%"
"03/28/2018","27.93","28.34","28.45","27.84","23.69M","-1.27%"
"03/27/2018","28.30","28.66","28.84","28.15","14.58M","-1.01%"
"03/26/2018","28.58","28.34","28.61","28.08","11.68M","2.05%"
"03/23/2018","28.01","28.64","28.78","27.99","15.82M","-1.96%"
"03/22/2018","28.57","29.22","29.32","28.55","15.40M","-2.99%"
"03/21/2018","29.45","29.19","29.72","29.09","9.71M","1.13%"
"03/20/2018","29.12","29.25","29.35","29.06","7.23M","-0.10%"
"03/19/2018","29.15","29.49","29.51","28.94","12.68M","-1.44%"
"03/16/2018","29.58","29.52","29.74","29.47","11.05M","-0.39%"
"03/15/2018","29.69","30.13","30.15","29.68","10.47M","-1.31%"
"03/14/2018","30.08","30.59","30.60","30.02","10.86M","-1.23%"
"03/13/2018","30.46","30.75","30.87","30.42","12.14M","-0.41%"
"03/12/2018","30.58","30.69","30.84","30.52","9.55M","-0.24%"
"03/09/2018","30.66","30.31","30.67","30.19","11.73M","1.81%"
"03/08/2018","30.11","30.16","30.22","29.91","10.33M","0.08%"
"03/07/2018","30.09","29.88","30.17","29.83","16.79M","-0.36%"
"03/06/2018","30.20","30.00","30.42","29.86","17.61M","1.10%"
"03/05/2018","29.87","29.34","29.95","29.31","13.16M","1.32%"
"03/02/2018","29.48","29.33","29.56","29.18","16.02M","-0.10%"
"03/01/2018","29.51","29.80","29.92","29.29","19.93M","-1.02%"
"02/28/2018","29.82","30.44","30.47","29.81","11.14M","-1.78%"
"02/27/2018","30.35","30.75","30.80","30.35","11.84M","-1.38%"
"02/26/2018","30.78","30.77","30.80","30.47","6.51M","0.44%"
"02/23/2018","30.65","30.38","30.66","30.22","7.06M","1.47%"
"02/22/2018","30.20","30.13","30.48","30.09","9.06M","0.67%"
"02/21/2018","30.00","30.13","30.53","30.00","9.99M","-0.35%"
"02/20/2018","30.10","30.11","30.33","30.00","10.49M","-0.45%"
"02/16/2018","30.24","30.21","30.53","30.10","16.92M","-0.36%"
"02/15/2018","30.35","30.34","30.37","29.98","12.30M","0.75%"
"02/14/2018","30.13","29.48","30.18","29.42","16.00M","1.35%"
"02/13/2018","29.73","29.68","29.86","29.61","13.55M","-0.25%"
"02/12/2018","29.80","29.44","29.98","29.35","20.94M","2.02%"
"02/09/2018","29.21","29.02","29.41","28.31","52.84M","1.74%"
"02/08/2018","28.71","29.80","29.86","28.70","25.60M","-3.51%"
"02/07/2018","29.75","29.89","30.30","29.75","33.50M","-0.90%"
"02/06/2018","30.02","28.65","30.08","28.57","38.68M","3.27%"
"02/05/2018","29.08","30.10","30.44","29.08","37.14M","-3.82%"
"02/02/2018","30.23","30.88","30.92","30.21","19.35M","-2.63%"
"02/01/2018","31.05","31.25","31.46","30.99","18.97M","-1.37%"
"01/31/2018","31.48","31.55","31.58","31.26","19.83M","0.08%"
"01/30/2018","31.45","31.55","31.69","31.38","17.64M","-0.73%"
"01/29/2018","31.68","32.02","32.06","31.66","10.66M","-1.14%"
"01/26/2018","32.04","31.92","32.08","31.69","7.76M","0.44%"
"01/25/2018","31.91","31.84","32.04","31.78","15.54M","0.66%"
"01/24/2018","31.69","31.64","31.85","31.56","11.49M","0.43%"
"01/23/2018","31.56","31.50","31.58","31.33","8.04M","-0.02%"
"01/22/2018","31.57","31.59","31.59","31.40","11.44M","-0.24%"
"01/19/2018","31.64","31.59","31.66","31.47","9.87M","0.60%"
"01/18/2018","31.45","31.38","31.57","31.26","11.79M","-0.06%"
"01/17/2018","31.47","31.55","31.61","31.34","21.70M","0.46%"
"01/16/2018","31.33","31.79","31.83","31.13","17.03M","-1.17%"
"01/12/2018","31.69","31.76","31.78","31.58","9.10M","0.16%"
"01/11/2018","31.65","31.36","31.65","31.33","11.64M","1.31%"
"01/10/2018","31.24","31.36","31.37","31.17","8.44M","-0.60%"
"01/09/2018","31.42","31.51","31.66","31.41","9.51M","-0.16%"
"01/08/2018","31.48","31.46","31.50","31.32","9.08M","0.14%"
"01/05/2018","31.43","31.32","31.46","31.25","9.34M","0.80%"
"01/04/2018","31.18","31.04","31.24","31.02","8.24M","0.87%"
"01/03/2018","30.91","30.77","30.94","30.70","9.90M","0.70%"
"01/02/2018","30.69","30.42","30.70","30.34","17.96M","1.42%"
"12/29/2017","30.26","30.43","30.43","30.24","4.97M","-0.18%"
"12/28/2017","30.32","30.22","30.33","30.15","3.13M","0.45%"
"12/27/2017","30.18","30.20","30.24","30.16","8.37M","0.13%"
"12/26/2017","30.15","30.18","30.22","30.13","3.32M","-0.08%"
"12/22/2017","30.17","30.10","30.19","30.05","6.01M","0.38%"
"12/21/2017","30.06","30.08","30.12","29.94","6.42M","0.35%"
"12/20/2017","29.95","30.08","30.09","29.95","9.52M","0.03%"
"12/19/2017","29.94","30.00","30.05","29.92","6.31M","-0.12%"
"12/18/2017","29.98","29.74","30.00","29.72","9.74M","1.47%"
"12/15/2017","29.54","29.48","29.63","29.43","10.06M","0.10%"
"12/14/2017","29.51","29.92","29.92","29.50","8.37M","-1.11%"
"12/13/2017","29.84","29.78","29.88","29.77","8.36M","0.27%"
"12/12/2017","29.76","29.82","29.85","29.73","12.03M","0.02%"
"12/11/2017","29.75","29.80","29.88","29.71","10.46M","0.13%"
"12/08/2017","29.72","29.75","29.85","29.65","10.27M","0.00%"
"12/07/2017","29.72","29.49","29.72","29.42","7.16M","0.68%"
"12/06/2017","29.51","29.64","29.70","29.50","8.08M","-0.59%"
"12/05/2017","29.69","29.85","29.90","29.68","16.45M","-0.50%"
"12/04/2017","29.84","29.75","30.08","29.74","13.05M","1.03%"
"12/01/2017","29.53","29.83","29.88","29.31","16.37M","-0.82%"
"11/30/2017","29.78","29.68","29.99","29.63","15.02M","0.56%"
"11/29/2017","29.61","29.60","29.64","29.51","7.74M","0.15%"
"11/28/2017","29.57","29.30","29.58","29.28","8.80M","1.11%"
"11/27/2017","29.25","29.43","29.43","29.24","7.60M","-0.59%"
"11/24/2017","29.42","29.33","29.45","29.32","2.45M","0.51%"
"11/22/2017","29.27","29.38","29.39","29.27","4.75M","-0.27%"
"11/21/2017","29.35","29.36","29.50","29.32","6.20M","0.53%"
"11/20/2017","29.19","29.13","29.28","29.09","8.32M","0.14%"
"11/17/2017","29.16","29.04","29.25","29.01","5.65M","0.14%"
"11/16/2017","29.11","28.86","29.15","28.84","7.01M","1.22%"
"11/15/2017","28.76","28.76","28.84","28.63","10.96M","-0.60%"
"11/14/2017","28.94","29.03","29.06","28.86","7.37M","-0.91%"
"11/13/2017","29.20","28.94","29.25","28.85","5.41M","0.52%"
"11/10/2017","29.06","29.00","29.13","28.99","5.70M","-0.15%"
"11/09/2017","29.10","29.20","29.25","29.01","9.45M","-0.85%"
"11/08/2017","29.35","29.36","29.41","29.27","5.13M","0.10%"
"11/07/2017","29.32","29.33","29.38","29.23","7.25M","0.10%"
"11/06/2017","29.29","29.38","29.50","29.26","7.40M","-0.42%"
"11/03/2017","29.42","29.45","29.45","29.28","7.58M","-0.05%"
"11/02/2017","29.43","29.68","29.68","29.36","25.64M","-0.73%"
"11/01/2017","29.65","29.65","29.74","29.53","11.20M","0.49%"
"10/31/2017","29.50","29.45","29.58","29.44","8.01M","0.27%"
"10/30/2017","29.42","29.52","29.58","29.36","10.49M","-0.47%"
"10/27/2017","29.56","29.69","29.69","29.39","10.38M","-0.52%"
"10/26/2017","29.72","29.58","29.81","29.47","13.99M","1.33%"
"10/25/2017","29.33","29.48","29.51","29.20","11.32M","-0.53%"
"10/24/2017","29.48","29.39","29.52","29.37","8.45M","0.56%"
"10/23/2017","29.32","29.46","29.58","29.30","6.29M","-0.19%"
"10/20/2017","29.37","29.23","29.37","29.22","9.47M","0.86%"
"10/19/2017","29.12","28.95","29.12","28.85","5.45M","0.38%"
"10/18/2017","29.01","29.09","29.11","28.99","8.88M","-0.24%"
"10/17/2017","29.08","29.12","29.14","29.00","5.48M","-0.26%"
"10/16/2017","29.16","29.31","29.32","29.07","6.63M","-0.07%"
"10/13/2017","29.17","29.22","29.25","29.16","6.72M","0.48%"
"10/12/2017","29.03","28.92","29.08","28.91","6.38M","0.19%"
"10/11/2017","28.98","28.95","28.98","28.83","4.03M","0.05%"
"10/10/2017","28.97","29.06","29.06","28.86","5.14M","0.07%"
"10/09/2017","28.94","28.98","28.99","28.85","3.34M","-0.02%"
"10/06/2017","28.95","28.89","28.97","28.83","5.26M","-0.22%"
"10/05/2017","29.01","28.90","29.01","28.86","7.34M","0.61%"
"10/04/2017","28.84","28.86","28.92","28.82","7.68M","0.03%"
"10/03/2017","28.83","28.75","28.84","28.67","7.34M","0.42%"
"10/02/2017","28.71","28.36","28.71","28.35","15.03M","1.09%"
"09/29/2017","28.40","28.38","28.44","28.26","8.29M","0.00%"
"09/28/2017","28.40","28.17","28.41","28.10","8.71M","0.71%"
"09/27/2017","28.20","28.24","28.27","28.00","7.94M","0.00%"
"09/26/2017","28.20","28.35","28.39","28.19","5.49M","-0.44%"
"09/25/2017","28.33","28.25","28.33","28.13","10.98M","0.18%"
"09/22/2017","28.27","28.33","28.36","28.23","5.89M","-0.35%"
"09/21/2017","28.38","28.38","28.48","28.37","6.34M","-0.21%"
"09/20/2017","28.43","28.42","28.49","28.28","8.86M","0.35%"
"09/19/2017","28.33","28.28","28.35","28.16","6.06M","0.51%"
"09/18/2017","28.19","28.09","28.22","28.04","8.85M","0.55%"
"09/15/2017","28.03","28.01","28.08","27.94","9.40M","-0.53%"
"09/14/2017","28.18","28.09","28.23","28.02","8.56M","0.34%"
"09/13/2017","28.09","28.10","28.11","27.95","8.78M","-0.04%"
"09/12/2017","28.10","27.99","28.19","27.99","13.29M","0.84%"
"09/11/2017","27.86","27.66","27.94","27.60","10.14M","1.31%"
"09/08/2017","27.50","27.50","27.53","27.38","5.44M","-0.04%"
"09/07/2017","27.51","27.50","27.53","27.34","8.89M","0.16%"
"09/06/2017","27.47","27.42","27.51","27.27","12.52M","0.26%"
"09/05/2017","27.40","27.74","27.81","27.37","13.66M","-1.14%"
"09/01/2017","27.72","27.63","27.74","27.56","10.57M","0.65%"
"08/31/2017","27.53","27.45","27.59","27.42","9.28M","0.77%"
"08/30/2017","27.33","27.10","27.35","27.03","10.28M","0.74%"
"08/29/2017","27.13","27.09","27.16","27.02","6.02M","-0.48%"
"08/28/2017","27.25","27.32","27.32","27.14","4.62M","0.15%"
"08/25/2017","27.22","27.23","27.27","27.16","5.83M","0.31%"
"08/24/2017","27.13","27.17","27.23","27.09","5.33M","-0.18%"
"08/23/2017","27.18","27.11","27.27","27.08","8.22M","-0.18%"
"08/22/2017","27.23","26.95","27.23","26.95","6.24M","1.30%"
"08/21/2017","26.88","26.90","26.95","26.82","5.40M","0.09%"
"08/18/2017","26.85","26.75","26.97","26.74","7.54M","0.04%"
"08/17/2017","26.84","27.17","27.22","26.84","8.90M","-1.52%"
"08/16/2017","27.26","27.08","27.26","27.08","10.65M","0.98%"
"08/15/2017","27.00","27.01","27.05","26.92","3.97M","0.02%"
"08/14/2017","26.99","26.88","27.03","26.88","7.16M","0.93%"
"08/11/2017","26.74","26.73","26.84","26.70","7.83M","-0.24%"
"08/10/2017","26.81","27.01","27.06","26.78","12.96M","-1.14%"
"08/09/2017","27.11","27.07","27.15","27.02","6.91M","0.09%"
"08/08/2017","27.09","27.25","27.27","27.03","8.32M","-0.79%"
"08/07/2017","27.31","27.33","27.40","27.28","5.06M","0.05%"
"08/04/2017","27.29","27.24","27.32","27.23","5.27M","0.48%"
"08/03/2017","27.16","27.45","27.45","27.13","7.98M","-0.75%"
"08/02/2017","27.36","27.26","27.41","27.14","6.44M","0.09%"
"08/01/2017","27.34","27.43","27.43","27.20","21.06M","0.07%"
"07/31/2017","27.32","27.59","27.62","27.30","9.02M","-0.76%"
"07/28/2017","27.53","27.66","27.74","27.42","9.38M","-0.36%"
"07/27/2017","27.63","27.76","27.81","27.50","7.58M","-0.36%"
"07/26/2017","27.73","27.88","27.88","27.69","7.62M","-0.61%"
"07/25/2017","27.90","27.84","27.96","27.81","9.11M","1.07%"
"07/24/2017","27.60","27.60","27.65","27.49","5.52M","-0.09%"
"07/21/2017","27.63","27.55","27.63","27.50","5.45M","0.00%"
"07/20/2017","27.63","27.76","27.77","27.54","9.04M","-0.74%"
"07/19/2017","27.83","27.58","27.85","27.58","6.85M","0.96%"
"07/18/2017","27.57","27.60","27.61","27.46","4.63M","-0.42%"
"07/17/2017","27.68","27.64","27.75","27.58","5.98M","0.20%"
"07/14/2017","27.63","27.58","27.68","27.51","6.51M","0.51%"
"07/13/2017","27.49","27.54","27.59","27.44","4.27M","-0.11%"
"07/12/2017","27.51","27.34","27.54","27.30","5.80M","1.16%"
"07/11/2017","27.20","27.24","27.27","27.03","4.02M","-0.15%"
"07/10/2017","27.24","27.07","27.35","26.96","7.71M","0.63%"
"07/07/2017","27.07","26.98","27.10","26.87","5.25M","0.52%"
"07/06/2017","26.93","26.90","27.08","26.85","9.86M","-0.44%"
"07/05/2017","27.05","27.17","27.18","26.96","11.41M","-0.33%"
"07/03/2017","27.14","26.97","27.21","26.94","6.22M","0.87%"
"06/30/2017","26.91","26.81","27.02","26.80","6.26M","0.54%"
"06/29/2017","26.76","27.08","27.12","26.69","8.81M","-1.20%"
"06/28/2017","27.08","27.03","27.15","26.99","6.59M","0.91%"
"06/27/2017","26.84","27.06","27.09","26.83","7.23M","-0.61%"
"06/26/2017","27.00","27.01","27.05","26.90","8.11M","0.30%"
"06/23/2017","26.92","26.89","27.00","26.78","6.69M","0.39%"
"06/22/2017","26.82","26.79","26.92","26.77","6.70M","0.11%"
"06/21/2017","26.79","27.11","27.14","26.75","9.52M","-1.05%"
"06/20/2017","27.08","27.17","27.17","27.07","6.92M","-0.55%"
"06/19/2017","27.23","27.15","27.26","27.11","5.01M","0.80%"
"06/16/2017","27.01","27.02","27.02","26.86","9.15M","-0.04%"
"06/15/2017","27.02","27.07","27.17","26.91","9.72M","-0.88%"
"06/14/2017","27.26","27.59","27.61","27.18","11.18M","-1.05%"
"06/13/2017","27.55","27.19","27.56","27.19","6.73M","1.25%"
"06/12/2017","27.21","27.28","27.43","27.15","11.52M","-0.38%"
"06/09/2017","27.32","27.03","27.34","27.03","15.00M","1.28%"
"06/08/2017","26.97","26.84","27.06","26.84","7.15M","0.30%"
"06/07/2017","26.89","26.94","26.99","26.81","8.33M","0.13%"
"06/06/2017","26.85","26.76","26.93","26.70","8.26M","0.06%"
"06/05/2017","26.84","26.90","26.95","26.80","5.66M","-0.32%"
"06/02/2017","26.92","26.85","26.98","26.80","9.81M","0.24%"
"06/01/2017","26.86","26.52","26.89","26.52","15.81M","1.21%"
"05/31/2017","26.54","26.50","26.55","26.28","12.34M","0.30%"
"05/30/2017","26.46","26.42","26.51","26.37","5.60M","-0.02%"
"05/26/2017","26.47","26.38","26.49","26.34","4.24M","0.19%"
"05/25/2017","26.42","26.54","26.60","26.35","9.71M","-0.11%"
"05/24/2017","26.44","26.33","26.50","26.32","6.30M","0.67%"
"05/23/2017","26.27","26.31","26.37","26.24","7.10M","0.08%"
"05/22/2017","26.25","26.31","26.38","26.17","5.74M","0.11%"
"05/19/2017","26.22","26.05","26.33","26.04","9.98M","0.87%"
"05/18/2017","26.00","25.88","26.06","25.67","13.93M","0.06%"
"05/17/2017","25.98","26.35","26.38","25.98","16.26M","-2.11%"
"05/16/2017","26.54","26.55","26.60","26.50","6.07M","0.02%"
"05/15/2017","26.53","26.39","26.61","26.39","6.53M","0.87%"
"05/12/2017","26.31","26.35","26.39","26.28","4.72M","-0.25%"
"05/11/2017","26.37","26.34","26.43","26.13","6.68M","-0.15%"
"05/10/2017","26.41","26.36","26.44","26.30","6.39M","0.32%"
"05/09/2017","26.33","26.50","26.55","26.29","9.39M","-0.75%"
"05/08/2017","26.52","26.68","26.72","26.47","10.22M","-0.80%"
"05/05/2017","26.74","26.42","26.76","26.42","11.45M","1.42%"
"05/04/2017","26.36","26.41","26.43","26.28","7.49M","0.11%"
"05/03/2017","26.33","26.49","26.55","26.26","13.20M","-0.98%"
"05/02/2017","26.59","26.56","26.64","26.48","6.93M","0.17%"
"05/01/2017","26.55","26.66","26.66","26.48","7.95M","0.06%"
"04/28/2017","26.53","26.70","26.78","26.53","8.08M","-0.84%"
"04/27/2017","26.76","26.78","26.84","26.58","9.21M","-0.22%"
"04/26/2017","26.82","26.78","26.91","26.72","6.33M","-0.02%"
"04/25/2017","26.83","26.63","26.86","26.61","15.88M","1.61%"
"04/24/2017","26.40","26.39","26.47","26.34","11.13M","1.15%"
"04/21/2017","26.10","26.11","26.17","26.03","7.18M","-0.11%"
"04/20/2017","26.13","25.96","26.24","25.94","8.14M","1.10%"
"04/19/2017","25.84","25.90","25.98","25.80","6.26M","0.14%"
"04/18/2017","25.81","25.73","25.89","25.69","5.07M","-0.12%"
"04/17/2017","25.84","25.73","25.85","25.67","7.70M","0.72%"
"04/13/2017","25.66","25.85","25.91","25.64","8.39M","-0.97%"
"04/12/2017","25.91","26.19","26.24","25.89","7.78M","-1.24%"
"04/11/2017","26.23","26.22","26.28","26.08","7.83M","-0.27%"
"04/10/2017","26.30","26.30","26.37","26.20","6.92M","0.00%"
"04/07/2017","26.30","26.25","26.39","26.22","5.06M","-0.09%"
"04/06/2017","26.32","26.20","26.42","26.12","6.16M","0.53%"
"04/05/2017","26.18","26.28","26.49","26.16","10.01M","-0.08%"
"04/04/2017","26.20","26.08","26.21","26.01","6.53M","0.36%"
"04/03/2017","26.10","26.22","26.32","25.90","9.03M","-0.38%"
"03/31/2017","26.20","26.23","26.35","26.18","7.43M","0.00%"
"03/30/2017","26.21","26.19","26.35","26.18","5.98M","0.00%"
"03/29/2017","26.20","26.15","26.27","26.11","6.02M","0.08%"
"03/28/2017","26.18","25.92","26.27","25.85","7.87M","1.16%"
"03/27/2017","25.89","25.58","25.93","25.52","8.58M","0.21%"
"03/24/2017","25.83","26.05","26.11","25.72","12.04M","-0.88%"
"03/23/2017","26.06","25.91","26.14","25.85","9.53M","0.42%"
"03/22/2017","25.95","25.85","25.97","25.68","11.30M","0.29%"
"03/21/2017","25.88","26.33","26.39","25.83","14.68M","-1.66%"
"03/20/2017","26.31","26.19","26.33","26.09","5.51M","0.54%"
"03/17/2017","26.17","26.18","26.26","26.15","10.26M","0.11%"
"03/16/2017","26.14","26.38","26.42","26.10","13.08M","-0.68%"
"03/15/2017","26.32","26.01","26.36","25.99","11.40M","1.60%"
"03/14/2017","25.91","26.02","26.05","25.88","11.31M","-0.86%"
"03/13/2017","26.13","26.08","26.14","26.01","7.07M","0.29%"
"03/10/2017","26.06","26.08","26.14","25.93","9.54M","0.46%"
"03/09/2017","25.93","26.05","26.08","25.81","9.04M","-0.31%"
"03/08/2017","26.01","26.03","26.28","25.98","10.18M","0.00%"
"03/07/2017","26.01","26.17","26.20","26.00","7.68M","-0.55%"
"03/06/2017","26.16","26.24","26.31","26.12","7.11M","-0.65%"
"03/03/2017","26.33","26.35","26.43","26.26","5.92M","-0.08%"
"03/02/2017","26.35","26.61","26.63","26.35","9.15M","-1.07%"
"03/01/2017","26.64","26.36","26.72","26.36","11.80M","1.95%"
"02/28/2017","26.13","26.13","26.25","26.08","7.72M","-0.10%"
"02/27/2017","26.15","26.22","26.36","26.11","12.60M","-0.25%"
"02/24/2017","26.22","26.05","26.24","26.01","9.62M","0.21%"
"02/23/2017","26.16","26.36","26.45","26.14","7.07M","-0.55%"
"02/22/2017","26.31","26.13","26.45","26.11","10.23M","0.27%"
"02/21/2017","26.24","26.14","26.31","26.09","14.75M","0.33%"
"02/17/2017","26.15","26.17","26.21","26.06","7.93M","-0.29%"
"02/16/2017","26.23","26.25","26.38","26.14","6.41M","0.00%"
"02/15/2017","26.23","26.19","26.31","26.17","6.21M","-0.13%"
"02/14/2017","26.26","26.22","26.27","26.09","7.32M","0.00%"
"02/13/2017","26.26","26.15","26.33","26.15","7.43M","0.83%"
"02/10/2017","26.05","25.93","26.09","25.92","6.95M","0.91%"
"02/09/2017","25.82","25.83","25.90","25.76","16.23M","-0.04%"
"02/08/2017","25.83","25.75","25.83","25.67","9.38M","0.23%"
"02/07/2017","25.76","25.90","25.94","25.73","8.40M","-0.79%"
"02/06/2017","25.97","25.98","26.00","25.86","5.45M","-0.27%"
"02/03/2017","26.04","26.03","26.08","25.95","11.08M","0.17%"
"02/02/2017","26.00","26.10","26.10","25.91","10.13M","-0.44%"
"02/01/2017","26.11","25.97","26.16","25.89","20.15M","0.50%"
"01/31/2017","25.98","26.13","26.15","25.88","11.05M","-0.59%"
"01/30/2017","26.14","26.31","26.31","26.02","12.09M","-1.02%"
"01/27/2017","26.41","26.43","26.49","26.35","9.31M","-0.36%"
"01/26/2017","26.50","26.43","26.63","26.37","10.64M","0.26%"
"01/25/2017","26.43","26.36","26.45","26.20","16.44M","0.67%"
"01/24/2017","26.25","25.69","26.32","25.69","15.96M","2.58%"
"01/23/2017","25.59","25.55","25.64","25.45","8.32M","0.20%"
"01/20/2017","25.55","25.41","25.59","25.39","10.01M","0.89%"
"01/19/2017","25.32","25.51","25.57","25.23","6.61M","-0.63%"
"01/18/2017","25.48","25.39","25.50","25.31","6.07M","0.63%"
"01/17/2017","25.32","25.37","25.43","25.24","7.36M","-0.45%"
"01/13/2017","25.43","25.48","25.50","25.37","4.90M","-0.16%"
"01/12/2017","25.48","25.52","25.52","25.32","6.31M","-0.20%"
"01/11/2017","25.52","25.27","25.54","25.27","13.20M","0.81%"
"01/10/2017","25.32","25.32","25.42","25.21","5.69M","0.06%"
"01/09/2017","25.31","25.29","25.55","25.26","14.20M","0.00%"
"01/06/2017","25.31","25.28","25.33","25.17","5.89M","0.10%"
"01/05/2017","25.28","25.33","25.42","25.20","7.81M","-0.30%"
"01/04/2017","25.36","25.09","25.41","25.09","9.08M","1.46%"
"01/03/2017","25.00","24.92","25.14","24.82","15.47M","0.58%"
"12/30/2016","24.85","25.05","25.09","24.75","9.86M","-0.66%"
"12/29/2016","25.01","25.00","25.12","24.98","5.73M","0.00%"
"12/28/2016","25.01","25.36","25.49","25.00","6.16M","-1.01%"
"12/27/2016","25.27","25.20","25.30","25.10","7.77M","0.54%"
"12/23/2016","25.14","25.16","25.16","24.99","4.31M","0.20%"
"12/22/2016","25.08","25.17","25.19","25.01","6.63M","-0.42%"
"12/21/2016","25.19","25.27","25.29","25.15","6.56M","0.04%"
"12/20/2016","25.18","25.13","25.20","25.05","8.85M","0.08%"
"12/19/2016","25.16","25.14","25.23","25.07","6.40M","-0.20%"
"12/16/2016","25.21","25.40","25.40","25.15","10.35M","-0.96%"
"12/15/2016","25.45","25.20","25.52","25.16","12.86M","0.65%"
"12/14/2016","25.29","25.59","25.63","25.25","18.74M","-1.19%"
"12/13/2016","25.59","25.73","25.75","25.44","9.27M","-0.16%"
"12/12/2016","25.64","25.78","25.84","25.62","9.47M","-0.45%"
"12/09/2016","25.75","25.81","25.81","25.62","8.98M","0.00%"
"12/08/2016","25.75","25.60","25.84","25.59","14.01M","0.66%"
"12/07/2016","25.58","25.26","25.59","25.22","14.90M","1.43%"
"12/06/2016","25.22","25.18","25.22","25.02","13.43M","0.12%"
"12/05/2016","25.18","25.09","25.27","25.03","10.63M","0.78%"
"12/02/2016","24.99","24.96","25.07","24.84","12.53M","0.04%"
"12/01/2016","24.98","25.06","25.17","24.91","16.41M","0.04%"
"11/30/2016","24.97","24.83","25.03","24.75","14.86M","1.07%"
"11/29/2016","24.70","24.59","24.80","24.50","6.86M","0.10%"
"11/28/2016","24.68","24.80","24.80","24.63","9.06M","-0.40%"
"11/25/2016","24.78","24.73","24.80","24.69","3.21M","0.30%"
"11/23/2016","24.70","24.55","24.72","24.48","7.00M","0.45%"
"11/22/2016","24.59","24.51","24.65","24.44","10.27M","0.61%"
"11/21/2016","24.44","24.19","24.45","24.19","7.60M","1.18%"
"11/18/2016","24.16","24.19","24.19","24.09","7.79M","-0.14%"
"11/17/2016","24.19","24.26","24.28","24.07","8.27M","0.04%"
"11/16/2016","24.18","24.17","24.27","24.10","7.43M","-0.19%"
"11/15/2016","24.23","24.11","24.24","23.94","13.92M","0.41%"
"11/14/2016","24.13","24.18","24.21","23.98","16.68M","0.23%"
"11/11/2016","24.08","24.38","24.40","23.92","13.43M","-1.37%"
"11/10/2016","24.41","24.24","24.53","24.23","40.67M","1.16%"
"11/09/2016","24.13","23.61","24.18","23.42","29.53M","2.12%"
"11/08/2016","23.63","23.50","23.70","23.44","10.58M","0.32%"
"11/07/2016","23.56","23.47","23.56","23.40","14.20M","1.53%"
"11/04/2016","23.20","23.12","23.33","23.08","8.83M","0.35%"
"11/03/2016","23.12","23.10","23.24","23.06","8.48M","0.02%"
"11/02/2016","23.11","23.27","23.32","23.11","11.68M","-0.54%"
"11/01/2016","23.24","23.42","23.52","23.11","28.45M","-0.58%"
"10/31/2016","23.38","23.37","23.44","23.33","14.32M","0.04%"
"10/28/2016","23.36","23.38","23.56","23.24","10.61M","0.26%"
"10/27/2016","23.31","23.40","23.43","23.20","9.52M","-0.13%"
"10/26/2016","23.33","23.34","23.38","23.23","6.69M","-0.15%"
"10/25/2016","23.37","23.48","23.58","23.32","6.74M","-0.91%"
"10/24/2016","23.58","23.62","23.66","23.52","6.04M","0.23%"
"10/21/2016","23.53","23.35","23.55","23.30","7.73M","-0.04%"
"10/20/2016","23.54","23.53","23.62","23.38","5.46M","-0.08%"
"10/19/2016","23.56","23.44","23.60","23.35","5.37M","0.73%"
"10/18/2016","23.39","23.41","23.46","23.31","5.84M","0.91%"
"10/17/2016","23.18","23.17","23.26","23.14","6.54M","0.09%"
"10/14/2016","23.16","23.18","23.33","23.14","9.54M","0.32%"
"10/13/2016","23.08","22.95","23.14","22.78","9.89M","-0.52%"
"10/12/2016","23.20","23.27","23.29","23.09","8.12M","-0.19%"
"10/11/2016","23.25","23.41","23.43","23.10","22.70M","-1.36%"
"10/10/2016","23.57","23.57","23.74","23.52","6.18M","0.60%"
"10/07/2016","23.43","23.91","23.91","23.35","11.78M","-1.86%"
"10/06/2016","23.88","23.63","23.89","23.59","10.46M","0.82%"
"10/05/2016","23.68","23.57","23.78","23.57","13.49M","0.68%"
"10/04/2016","23.52","23.88","23.92","23.48","11.83M","-1.36%"
"10/03/2016","23.84","23.89","23.95","23.82","16.20M","-0.13%"
"09/30/2016","23.88","23.84","23.96","23.77","9.39M","0.74%"
"09/29/2016","23.70","23.79","23.95","23.63","9.32M","-0.77%"
"09/28/2016","23.89","23.67","23.91","23.56","9.13M","1.14%"
"09/27/2016","23.61","23.47","23.64","23.42","6.64M","0.30%"
"09/26/2016","23.55","23.67","23.70","23.51","7.52M","-0.47%"
"09/23/2016","23.66","23.69","23.81","23.65","8.62M","-0.50%"
"09/22/2016","23.77","23.87","23.98","23.72","5.99M","0.32%"
"09/21/2016","23.70","23.48","23.73","23.43","11.19M","1.52%"
"09/20/2016","23.34","23.59","23.62","23.34","8.00M","-0.30%"
"09/19/2016","23.42","23.49","23.57","23.38","7.35M","0.15%"
"09/16/2016","23.38","23.32","23.42","23.27","17.16M","-0.91%"
"09/15/2016","23.59","23.41","23.65","23.35","12.25M","0.64%"
"09/14/2016","23.44","23.50","23.59","23.38","15.58M","-0.23%"
"09/13/2016","23.50","23.70","23.80","23.34","20.95M","-1.86%"
"09/12/2016","23.94","23.58","24.01","23.53","13.03M","0.95%"
"09/09/2016","23.72","24.25","24.26","23.69","17.35M","-2.91%"
"09/08/2016","24.43","24.49","24.55","24.35","5.73M","-0.43%"
"09/07/2016","24.53","24.51","24.60","24.38","11.48M","-0.14%"
"09/06/2016","24.57","24.65","24.72","24.47","6.41M","-0.22%"
"09/02/2016","24.63","24.57","24.63","24.49","6.61M","1.00%"
"09/01/2016","24.38","24.35","24.41","24.20","9.46M","0.41%"
"08/31/2016","24.28","24.40","24.44","24.23","8.38M","-1.00%"
"08/30/2016","24.52","24.58","24.70","24.48","7.53M","-0.24%"
"08/29/2016","24.58","24.33","24.64","24.33","5.97M","0.90%"
"08/26/2016","24.36","24.60","24.76","24.26","11.97M","-0.57%"
"08/25/2016","24.50","24.36","24.53","24.35","6.78M","0.49%"
"08/24/2016","24.39","24.64","24.64","24.35","7.81M","-1.16%"
"08/23/2016","24.67","24.67","24.78","24.61","8.26M","0.86%"
"08/22/2016","24.46","24.41","24.50","24.27","6.10M","-0.14%"
"08/19/2016","24.50","24.40","24.53","24.25","9.81M","0.14%"
"08/18/2016","24.46","24.32","24.46","24.31","6.76M","0.64%"
"08/17/2016","24.31","24.31","24.36","24.10","6.15M","-0.08%"
"08/16/2016","24.33","24.50","24.59","24.32","6.77M","-0.53%"
"08/15/2016","24.45","24.30","24.51","24.28","4.63M","1.01%"
"08/12/2016","24.21","24.47","24.50","24.16","6.76M","-1.06%"
"08/11/2016","24.47","24.49","24.51","24.34","5.39M","0.43%"
"08/10/2016","24.36","24.41","24.47","24.33","4.51M","0.00%"
"08/09/2016","24.36","24.44","24.53","24.31","7.98M","-0.31%"
"08/08/2016","24.43","24.41","24.50","24.38","9.46M","0.21%"
"08/05/2016","24.39","24.34","24.43","24.30","6.31M","0.33%"
"08/04/2016","24.31","24.20","24.37","24.16","7.11M","0.41%"
"08/03/2016","24.20","24.18","24.30","24.03","6.95M","0.25%"
"08/02/2016","24.15","24.19","24.26","23.99","12.10M","-0.27%"
"08/01/2016","24.21","24.35","24.35","24.11","7.13M","-0.55%"
"07/29/2016","24.34","24.40","24.42","24.17","8.55M","-0.51%"
"07/28/2016","24.47","24.45","24.55","24.33","7.33M","-0.14%"
"07/27/2016","24.50","24.50","24.59","24.33","8.51M","0.12%"
"07/26/2016","24.48","24.28","24.49","24.26","8.34M","0.76%"
"07/25/2016","24.29","24.31","24.31","24.13","9.68M","-0.16%"
"07/22/2016","24.33","24.29","24.39","24.23","7.78M","0.27%"
"07/21/2016","24.26","24.43","24.43","24.17","7.25M","-0.61%"
"07/20/2016","24.42","24.34","24.48","24.24","8.02M","0.04%"
"07/19/2016","24.41","24.42","24.51","24.31","7.03M","-0.59%"
"07/18/2016","24.55","24.39","24.58","24.24","5.91M","0.66%"
"07/15/2016","24.39","24.39","24.46","24.33","7.26M","0.35%"
"07/14/2016","24.31","24.18","24.35","24.16","9.95M","0.89%"
"07/13/2016","24.09","24.07","24.13","23.95","7.86M","0.27%"
"07/12/2016","24.02","23.77","24.16","23.76","13.51M","1.82%"
"07/11/2016","23.59","23.56","23.66","23.50","9.24M","0.49%"
"07/08/2016","23.48","23.07","23.52","23.07","10.48M","2.49%"
"07/07/2016","22.91","22.77","23.09","22.77","8.52M","0.26%"
"07/06/2016","22.85","22.68","22.88","22.51","11.68M","0.40%"
"07/05/2016","22.76","23.06","23.15","22.68","11.14M","-1.81%"
"07/01/2016","23.18","23.17","23.33","23.10","9.93M","0.04%"
"06/30/2016","23.17","22.87","23.18","22.75","11.96M","1.60%"
"06/29/2016","22.81","22.70","22.88","22.65","13.31M","1.69%"
"06/28/2016","22.42","22.42","22.56","22.19","20.74M","0.85%"
"06/27/2016","22.24","22.83","22.83","22.11","18.12M","-3.37%"
"06/24/2016","23.01","23.24","23.53","22.95","24.90M","-4.36%"
"06/23/2016","24.06","23.93","24.07","23.90","7.12M","1.54%"
"06/22/2016","23.69","23.69","23.78","23.66","6.08M","0.11%"
"06/21/2016","23.67","23.75","23.79","23.58","6.13M","-0.27%"
"06/20/2016","23.74","23.83","24.03","23.72","11.93M","0.57%"
"06/17/2016","23.60","23.45","23.65","23.40","11.85M","-0.06%"
"06/16/2016","23.61","23.43","23.63","23.23","11.75M","0.34%"
"06/15/2016","23.53","23.52","23.70","23.48","8.34M","0.45%"
"06/14/2016","23.43","23.53","23.61","23.27","15.13M","-0.74%"
"06/13/2016","23.60","23.88","23.96","23.60","10.64M","-1.11%"
"06/10/2016","23.87","23.90","24.01","23.81","9.62M","-0.75%"
"06/09/2016","24.05","24.10","24.11","23.94","7.93M","-0.72%"
"06/08/2016","24.23","24.24","24.30","24.14","7.88M","0.58%"
"06/07/2016","24.08","24.09","24.17","23.98","7.28M","0.04%"
"06/06/2016","24.08","23.93","24.10","23.90","13.87M","1.03%"
"06/03/2016","23.83","23.74","23.89","23.58","9.95M","0.85%"
"06/02/2016","23.63","23.48","23.65","23.37","6.76M","0.55%"
"06/01/2016","23.50","23.42","23.55","23.18","9.82M","0.13%"
"05/31/2016","23.47","23.70","23.70","23.43","8.90M","-0.51%"
"05/27/2016","23.59","23.50","23.67","23.50","8.63M","-0.04%"
"05/26/2016","23.60","23.93","24.09","23.58","6.67M","-1.07%"
"05/25/2016","23.85","24.01","24.01","23.70","11.25M","1.23%"
"05/24/2016","23.57","23.49","23.62","23.44","9.03M","0.66%"
"05/23/2016","23.41","23.25","23.51","23.24","8.57M","1.17%"
"05/20/2016","23.14","23.07","23.24","23.06","9.83M","0.72%"
"05/19/2016","22.98","22.85","23.00","22.71","12.53M","0.35%"
"05/18/2016","22.90","23.12","23.29","22.79","19.19M","-1.53%"
"05/17/2016","23.25","23.25","23.49","23.20","12.84M","-0.51%"
"05/16/2016","23.37","23.02","23.40","23.01","11.67M","1.72%"
"05/13/2016","22.98","23.19","23.31","22.89","11.25M","-0.97%"
"05/12/2016","23.20","23.52","23.59","23.12","19.88M","0.43%"
"05/11/2016","23.10","23.22","23.30","23.08","11.37M","-0.35%"
"05/10/2016","23.18","22.92","23.20","22.87","13.58M","1.67%"
"05/09/2016","22.80","22.91","22.94","22.77","13.14M","-1.21%"
"05/06/2016","23.08","22.84","23.10","22.77","13.55M","0.81%"
"05/05/2016","22.90","23.16","23.19","22.85","13.94M","-0.50%"
"05/04/2016","23.01","23.04","23.18","22.86","16.14M","-1.01%"
"05/03/2016","23.25","23.42","23.43","23.15","18.64M","-1.65%"
"05/02/2016","23.64","23.65","23.65","23.41","12.41M","0.36%"
"04/29/2016","23.55","23.61","23.77","23.39","12.74M","-0.59%"
"04/28/2016","23.69","23.74","23.95","23.59","11.33M","-0.94%"
"04/27/2016","23.92","23.77","23.94","23.67","11.41M","0.84%"
"04/26/2016","23.72","23.55","23.75","23.52","10.08M","0.81%"
"04/25/2016","23.52","23.58","23.58","23.34","9.20M","-0.34%"
"04/22/2016","23.60","23.51","23.68","23.48","10.86M","0.70%"
"04/21/2016","23.44","23.61","23.70","23.43","12.14M","-0.45%"
"04/20/2016","23.55","23.65","23.66","23.48","13.01M","-0.30%"
"04/19/2016","23.61","23.21","23.63","23.17","12.65M","2.14%"
"04/18/2016","23.12","22.90","23.12","22.82","8.93M","0.46%"
"04/15/2016","23.01","22.97","23.03","22.82","6.87M","0.46%"
"04/14/2016","22.91","23.00","23.03","22.86","7.08M","0.07%"
"04/13/2016","22.90","22.82","22.97","22.80","9.65M","0.99%"
"04/12/2016","22.67","22.50","22.71","22.37","9.41M","1.39%"
"04/11/2016","22.36","22.46","22.59","22.36","7.69M","0.45%"
"04/08/2016","22.26","22.24","22.51","22.24","8.81M","0.66%"
"04/07/2016","22.11","22.27","22.31","22.02","10.13M","-1.45%"
"04/06/2016","22.44","22.13","22.44","21.99","11.35M","1.15%"
"04/05/2016","22.18","22.16","22.30","22.13","10.97M","-0.63%"
"04/04/2016","22.33","22.48","22.60","22.28","11.32M","-1.30%"
"04/01/2016","22.62","22.25","22.62","22.08","17.18M","0.96%"
"03/31/2016","22.41","22.62","22.65","22.33","11.12M","-0.84%"
"03/30/2016","22.59","22.59","22.69","22.50","8.07M","0.44%"
"03/29/2016","22.50","22.22","22.50","22.14","8.19M","0.56%"
"03/28/2016","22.37","22.25","22.45","22.23","7.90M","0.43%"
"03/24/2016","22.27","22.09","22.28","22.00","7.52M","0.00%"
"03/23/2016","22.27","22.36","22.43","22.24","11.33M","-1.24%"
"03/22/2016","22.56","22.38","22.64","22.34","8.19M","-1.14%"
"03/21/2016","22.82","22.66","22.82","22.38","10.15M","0.46%"
"03/18/2016","22.71","22.75","22.87","22.58","15.26M","0.07%"
"03/17/2016","22.69","22.25","22.76","22.25","15.56M","1.84%"
"03/16/2016","22.28","21.75","22.28","21.75","14.58M","0.84%"
"03/15/2016","22.10","21.85","22.10","21.72","9.97M","0.23%"
"03/14/2016","22.05","22.06","22.17","21.97","10.94M","-0.68%"
"03/11/2016","22.20","22.01","22.26","22.01","10.04M","1.83%"
"03/10/2016","21.80","21.74","21.93","21.55","15.16M","0.53%"
"03/09/2016","21.68","21.67","21.79","21.53","11.23M","0.63%"
"03/08/2016","21.55","21.80","21.81","21.42","12.58M","-1.96%"
"03/07/2016","21.98","21.74","22.03","21.74","15.77M","1.15%"
"03/04/2016","21.73","21.50","21.87","21.43","19.82M","1.16%"
"03/03/2016","21.48","21.31","21.53","21.26","17.21M","0.61%"
"03/02/2016","21.35","21.19","21.40","21.13","19.73M","-0.40%"
"03/01/2016","21.43","21.15","21.49","21.02","24.19M","2.56%"
"02/29/2016","20.90","21.07","21.28","20.89","13.68M","-0.62%"
"02/26/2016","21.03","20.90","21.15","20.90","13.51M","1.45%"
"02/25/2016","20.73","20.51","20.75","20.33","10.27M","1.29%"
"02/24/2016","20.47","20.05","20.49","19.95","20.28M","1.04%"
"02/23/2016","20.25","20.60","20.61","20.22","13.07M","-2.46%"
"02/22/2016","20.76","20.60","20.83","20.58","10.72M","1.91%"
"02/19/2016","20.38","20.50","20.52","20.29","11.86M","-1.16%"
"02/18/2016","20.61","20.70","20.70","20.47","10.82M","-0.29%"
"02/17/2016","20.67","20.44","20.79","20.43","14.99M","1.97%"
"02/16/2016","20.27","20.17","20.30","19.92","13.57M","1.53%"
"02/12/2016","19.97","19.67","19.97","19.45","17.19M","2.96%"
"02/11/2016","19.40","19.42","19.68","19.24","27.07M","-2.17%"
"02/10/2016","19.83","20.10","20.31","19.77","22.74M","-0.95%"
"02/09/2016","20.01","19.58","20.11","19.58","20.51M","1.24%"
"02/08/2016","19.77","20.00","20.16","19.48","23.21M","-2.63%"
"02/05/2016","20.31","20.39","20.59","20.24","22.86M","-1.14%"
"02/04/2016","20.54","20.07","20.67","20.05","29.18M","2.78%"
"02/03/2016","19.99","19.57","19.99","19.32","28.83M","3.36%"
"02/02/2016","19.33","19.39","19.43","19.11","23.02M","-0.67%"
"02/01/2016","19.47","19.27","19.51","19.04","27.19M","0.41%"
"01/29/2016","19.39","19.00","19.40","18.85","16.00M","2.89%"
"01/28/2016","18.84","18.98","19.01","18.67","13.31M","0.16%"
"01/27/2016","18.81","18.92","19.25","18.76","15.63M","-0.79%"
"01/26/2016","18.96","18.84","19.01","18.64","15.18M","1.72%"
"01/25/2016","18.64","19.07","19.11","18.61","22.28M","-3.19%"
"01/22/2016","19.25","19.27","19.54","19.08","19.08M","1.80%"
"01/21/2016","18.92","18.84","19.06","18.59","23.40M","0.88%"
"01/20/2016","18.75","18.47","18.91","18.15","25.65M","-0.74%"
"01/19/2016","18.89","19.30","19.36","18.65","19.73M","-1.23%"
"01/15/2016","19.13","19.13","19.25","18.88","18.72M","-2.05%"
"01/14/2016","19.52","19.34","19.67","19.10","20.75M","1.35%"
"01/13/2016","19.26","19.86","19.91","19.24","21.62M","-2.31%"
"01/12/2016","19.72","19.98","19.98","19.48","14.54M","0.15%"
"01/11/2016","19.69","20.14","20.14","19.53","20.13M","-1.70%"
"01/08/2016","20.03","20.43","20.45","19.98","17.40M","-1.01%"
"01/07/2016","20.24","20.42","20.62","20.13","25.16M","-2.72%"
"01/06/2016","20.80","21.07","21.09","20.68","18.61M","-2.62%"
"01/05/2016","21.36","21.46","21.46","21.20","19.00M","-0.05%"
"01/04/2016","21.37","21.36","21.43","21.13","28.86M","-1.57%"
"12/31/2015","21.71","21.85","21.97","21.71","9.36M","-0.87%"
"12/30/2015","21.90","22.03","22.10","21.87","6.68M","-0.93%"
"12/29/2015","22.10","22.02","22.18","22.01","7.77M","0.94%"
"12/28/2015","21.90","21.96","21.96","21.77","8.32M","-0.70%"
"12/24/2015","22.06","22.06","22.15","22.01","7.43M","-0.23%"
"12/23/2015","22.10","21.75","22.14","21.75","11.64M","2.36%"
"12/22/2015","21.59","21.43","21.69","21.36","10.54M","1.27%"
"12/21/2015","21.33","21.28","21.39","21.15","11.77M","0.90%"
"12/18/2015","21.14","21.38","21.52","21.14","28.50M","-2.08%"
"12/17/2015","21.58","22.06","22.06","21.58","18.39M","-2.00%"
"12/16/2015","22.02","21.92","22.05","21.61","16.13M","1.03%"
"12/15/2015","21.80","21.90","22.03","21.75","10.09M","0.55%"
"12/14/2015","21.68","21.85","21.93","21.49","17.77M","-1.32%"
"12/11/2015","21.97","21.99","22.24","21.94","19.09M","-2.66%"
"12/10/2015","22.57","22.60","22.78","22.42","10.57M","-0.75%"
"12/09/2015","22.74","22.65","23.03","22.50","25.92M","3.01%"
"12/08/2015","22.08","22.26","22.45","22.05","14.85M","-1.89%"
"12/07/2015","22.50","22.78","22.90","22.35","12.33M","-1.79%"
"12/04/2015","22.91","22.57","22.97","22.50","11.22M","1.75%"
"12/03/2015","22.51","22.83","22.86","22.40","11.66M","-0.88%"
"12/02/2015","22.72","22.95","23.01","22.64","16.01M","-1.35%"
"12/01/2015","23.02","22.88","23.03","22.80","15.43M","0.70%"
"11/30/2015","22.86","22.87","22.97","22.78","13.12M","0.24%"
"11/27/2015","22.81","22.81","22.85","22.70","2.54M","-0.13%"
"11/25/2015","22.84","22.99","23.02","22.81","8.32M","-0.63%"
"11/24/2015","22.99","22.61","23.05","22.61","12.51M","0.83%"
"11/23/2015","22.80","22.80","22.97","22.76","7.66M","0.13%"
"11/20/2015","22.76","22.89","23.00","22.71","7.46M","-0.31%"
"11/19/2015","22.83","22.81","22.97","22.80","10.59M","-0.11%"
"11/18/2015","22.86","22.54","22.88","22.48","15.76M","1.78%"
"11/17/2015","22.46","22.52","22.68","22.40","25.50M","-0.11%"
"11/16/2015","22.49","22.25","22.50","22.17","15.46M","1.28%"
"11/13/2015","22.20","21.91","22.32","21.87","14.16M","1.28%"
"11/12/2015","21.92","22.14","22.17","21.92","18.04M","-2.01%"
"11/11/2015","22.37","22.40","22.44","22.23","12.56M","0.11%"
"11/10/2015","22.34","22.43","22.50","22.21","9.81M","-0.73%"
"11/09/2015","22.51","22.56","22.66","22.31","10.76M","-0.68%"
"11/06/2015","22.67","22.42","22.70","22.39","9.20M","0.27%"
"11/05/2015","22.60","22.69","22.69","22.42","20.57M","-0.51%"
"11/04/2015","22.72","22.83","22.99","22.71","13.68M","-0.66%"
"11/03/2015","22.87","22.72","23.04","22.70","15.21M","0.40%"
"11/02/2015","22.78","22.67","22.89","22.62","22.70M","0.62%"
"10/30/2015","22.64","22.60","22.83","22.58","12.85M","0.13%"
"10/29/2015","22.61","22.45","22.66","22.44","10.74M","0.20%"
"10/28/2015","22.57","22.19","22.61","22.19","15.29M","1.51%"
"10/27/2015","22.23","22.19","22.33","22.04","12.33M","-0.43%"
"10/26/2015","22.33","22.48","22.54","22.32","7.99M","-0.82%"
"10/23/2015","22.51","22.53","22.60","22.39","13.01M","0.83%"
"10/22/2015","22.33","21.99","22.34","21.93","14.52M","2.74%"
"10/21/2015","21.73","21.92","22.00","21.69","11.03M","-0.89%"
"10/20/2015","21.92","21.86","22.11","21.83","7.62M","0.16%"
"10/19/2015","21.89","21.90","21.98","21.78","7.81M","-0.70%"
"10/16/2015","22.05","22.14","22.19","21.89","14.48M","0.05%"
"10/15/2015","22.03","22.00","22.15","21.75","9.15M","0.27%"
"10/14/2015","21.98","21.81","22.09","21.76","13.39M","0.80%"
"10/13/2015","21.80","21.74","21.96","21.64","17.33M","-0.39%"
"10/12/2015","21.89","22.12","22.12","21.78","14.83M","-0.86%"
"10/09/2015","22.08","22.26","22.28","22.00","18.15M","-0.05%"
"10/08/2015","22.08","21.69","22.15","21.69","27.99M","1.40%"
"10/07/2015","21.78","21.56","21.84","21.44","31.87M","1.33%"
"10/06/2015","21.50","21.35","21.66","21.33","28.15M","1.30%"
"10/05/2015","21.22","20.90","21.23","20.72","27.82M","2.61%"
"10/02/2015","20.68","19.84","20.68","19.84","46.28M","2.45%"
"10/01/2015","20.18","20.04","20.18","19.78","19.23M","1.13%"
"09/30/2015","19.96","19.79","20.00","19.70","15.30M","2.10%"
"09/29/2015","19.55","19.57","19.73","19.42","26.94M","0.39%"
"09/28/2015","19.48","20.01","20.01","19.42","24.68M","-3.11%"
"09/25/2015","20.10","20.32","20.32","19.98","14.63M","-0.12%"
"09/24/2015","20.13","20.00","20.19","19.73","18.59M","-0.27%"
"09/23/2015","20.18","20.65","20.66","20.15","13.86M","-2.13%"
"09/22/2015","20.62","20.69","20.72","20.44","13.19M","-1.86%"
"09/21/2015","21.01","21.09","21.17","20.93","12.03M","0.33%"
"09/18/2015","20.94","21.05","21.17","20.87","20.26M","-2.65%"
"09/17/2015","21.51","21.57","21.87","21.47","18.28M","-0.46%"
"09/16/2015","21.61","21.33","21.63","21.30","8.73M","1.43%"
"09/15/2015","21.31","21.19","21.36","21.14","7.12M","0.73%"
"09/14/2015","21.15","21.38","21.38","21.10","6.69M","-1.19%"
"09/11/2015","21.41","21.25","21.42","21.22","5.80M","-0.14%"
"09/10/2015","21.43","21.26","21.58","21.26","10.95M","0.23%"
"09/09/2015","21.39","21.68","21.86","21.35","13.67M","-0.77%"
"09/08/2015","21.55","21.41","21.57","21.29","13.15M","2.50%"
"09/04/2015","21.02","21.11","21.22","20.99","14.54M","-1.98%"
"09/03/2015","21.45","21.38","21.69","21.35","9.72M","0.61%"
"09/02/2015","21.32","21.27","21.34","21.00","14.75M","1.43%"
"09/01/2015","21.02","21.11","21.38","20.89","17.98M","-3.04%"
"08/31/2015","21.68","21.72","21.84","21.44","18.00M","-0.55%"
"08/28/2015","21.80","21.62","21.88","21.55","12.74M","0.58%"
"08/27/2015","21.67","21.25","21.78","21.22","23.28M","3.63%"
"08/26/2015","20.92","20.79","20.96","20.44","48.98M","2.70%"
"08/25/2015","20.36","21.02","21.47","20.33","26.68M","-1.57%"
"08/24/2015","20.69","20.32","21.43","19.67","55.36M","-4.19%"
"08/21/2015","21.59","22.00","22.05","21.59","25.10M","-2.44%"
"08/20/2015","22.14","22.42","22.49","22.14","11.62M","-1.88%"
"08/19/2015","22.56","22.73","22.73","22.47","8.57M","-1.23%"
"08/18/2015","22.84","22.94","22.99","22.81","5.71M","-0.65%"
"08/17/2015","22.99","22.81","23.00","22.70","5.10M","0.57%"
"08/14/2015","22.86","22.78","22.88","22.72","4.28M","0.46%"
"08/13/2015","22.75","22.75","22.85","22.67","6.06M","-0.28%"
"08/12/2015","22.82","22.55","22.85","22.49","13.28M","0.37%"
"08/11/2015","22.74","22.80","22.92","22.64","11.70M","-1.86%"
"08/10/2015","23.17","22.83","23.18","22.68","10.62M","2.45%"
"08/07/2015","22.61","22.78","22.92","22.53","11.70M","-1.40%"
"08/06/2015","22.93","23.00","23.09","22.90","12.23M","-0.35%"
"08/05/2015","23.01","23.06","23.25","22.93","11.67M","0.50%"
"08/04/2015","22.90","22.81","23.02","22.81","13.20M","0.44%"
"08/03/2015","22.80","22.95","23.06","22.67","11.41M","-0.78%"
"07/31/2015","22.98","23.19","23.19","22.93","9.40M","-0.26%"
"07/30/2015","23.03","22.92","23.07","22.90","11.19M","0.50%"
"07/29/2015","22.92","22.79","22.99","22.68","19.17M","0.73%"
"07/28/2015","22.75","22.33","22.82","22.22","28.78M","2.09%"
"07/27/2015","22.29","22.31","22.56","22.24","18.55M","-1.11%"
"07/24/2015","22.54","23.04","23.05","22.39","14.52M","-2.19%"
"07/23/2015","23.05","23.44","23.50","22.99","9.72M","-1.45%"
"07/22/2015","23.39","23.43","23.50","23.33","11.79M","-0.43%"
"07/21/2015","23.49","23.61","23.80","23.42","6.92M","-0.61%"
"07/20/2015","23.63","23.83","23.83","23.58","8.90M","-0.84%"
"07/17/2015","23.83","23.92","23.99","23.70","14.50M","-0.69%"
"07/16/2015","24.00","24.00","24.07","23.92","9.16M","-0.25%"
"07/15/2015","24.06","24.25","24.26","24.00","6.13M","-0.78%"
"07/14/2015","24.25","24.04","24.30","24.04","4.89M","0.56%"
"07/13/2015","24.11","24.00","24.14","23.96","5.80M","1.09%"
"07/10/2015","23.85","23.78","23.90","23.73","7.61M","1.40%"
"07/09/2015","23.52","23.80","23.83","23.51","9.81M","0.30%"
"07/08/2015","23.45","23.77","23.84","23.43","14.98M","-2.19%"
"07/07/2015","23.98","24.00","24.05","23.57","13.72M","-0.33%"
"07/06/2015","24.06","24.06","24.28","23.92","12.87M","-0.82%"
"07/02/2015","24.25","24.36","24.42","24.17","10.28M","-0.31%"
"07/01/2015","24.33","24.43","24.44","24.26","10.83M","0.56%"
"06/30/2015","24.19","24.33","24.40","24.14","12.60M","0.31%"
"06/29/2015","24.12","24.50","24.58","24.09","12.41M","-2.33%"
"06/26/2015","24.69","24.84","24.89","24.66","5.81M","-0.38%"
"06/25/2015","24.79","24.82","24.91","24.72","4.90M","-0.08%"
"06/24/2015","24.81","25.08","25.09","24.81","6.28M","-1.27%"
"06/23/2015","25.13","25.21","25.24","25.08","4.50M","-0.28%"
"06/22/2015","25.20","25.24","25.24","25.13","3.96M","0.38%"
"06/19/2015","25.10","25.24","25.32","25.10","7.40M","-1.12%"
"06/18/2015","25.39","25.27","25.45","25.25","7.33M","0.83%"
"06/17/2015","25.18","25.13","25.24","24.94","7.08M","0.42%"
"06/16/2015","25.08","24.90","25.09","24.88","4.29M","0.52%"
"06/15/2015","24.94","24.91","25.04","24.82","6.71M","-0.62%"
"06/12/2015","25.10","25.21","25.22","25.05","4.75M","-0.59%"
"06/11/2015","25.25","25.22","25.30","25.18","3.72M","0.24%"
"06/10/2015","25.19","25.08","25.28","25.07","5.45M","1.04%"
"06/09/2015","24.93","24.90","25.07","24.90","5.22M","0.06%"
"06/08/2015","24.92","25.00","25.06","24.91","7.85M","-0.36%"
"06/05/2015","25.00","25.03","25.13","24.90","5.92M","-0.46%"
"06/04/2015","25.12","25.27","25.27","25.00","7.55M","-1.18%"
"06/03/2015","25.42","25.48","25.58","25.38","5.26M","0.10%"
"06/02/2015","25.40","25.28","25.51","25.23","7.31M","0.32%"
"06/01/2015","25.32","25.36","25.39","25.14","8.74M","0.04%"
"05/29/2015","25.31","25.46","25.47","25.24","6.50M","-0.65%"
"05/28/2015","25.47","25.36","25.49","25.32","3.48M","0.26%"
"05/27/2015","25.41","25.24","25.44","25.21","5.59M","0.65%"
"05/26/2015","25.24","25.43","25.43","25.15","7.58M","-1.25%"
"05/22/2015","25.56","25.58","25.61","25.51","3.51M","-0.12%"
"05/21/2015","25.59","25.51","25.64","25.44","3.82M","0.35%"
"05/20/2015","25.50","25.56","25.58","25.43","4.41M","-0.06%"
"05/19/2015","25.51","25.60","25.65","25.44","5.43M","-0.49%"
"05/18/2015","25.64","25.65","25.73","25.58","5.38M","-0.45%"
"05/15/2015","25.75","25.60","25.75","25.55","6.26M","0.49%"
"05/14/2015","25.63","25.49","25.65","25.49","6.32M","1.04%"
"05/13/2015","25.36","25.33","25.47","25.27","7.63M","-0.12%"
"05/12/2015","25.40","25.57","25.57","25.38","7.55M","-1.05%"
"05/11/2015","25.67","25.77","25.81","25.63","8.23M","-0.47%"
"05/08/2015","25.78","25.67","25.89","25.67","9.26M","1.60%"
"05/07/2015","25.38","25.13","25.41","25.06","12.46M","0.44%"
"05/06/2015","25.27","25.41","25.46","25.18","10.03M","0.02%"
"05/05/2015","25.26","25.50","25.69","25.20","7.52M","-1.13%"
"05/04/2015","25.56","25.70","25.75","25.55","8.30M","-0.27%"
"05/01/2015","25.63","25.36","25.69","25.32","13.50M","1.65%"
"04/30/2015","25.21","25.28","25.40","25.11","8.89M","-0.63%"
"04/29/2015","25.37","25.25","25.46","25.17","6.89M","-0.06%"
"04/28/2015","25.39","25.34","25.42","25.20","6.37M","0.14%"
"04/27/2015","25.35","25.20","25.46","25.19","7.24M","0.88%"
"04/24/2015","25.13","25.05","25.14","25.00","6.19M","0.84%"
"04/23/2015","24.92","24.89","25.03","24.80","9.67M","0.26%"
"04/22/2015","24.85","24.86","24.88","24.66","5.42M","0.20%"
"04/21/2015","24.81","25.06","25.06","24.71","7.94M","-0.74%"
"04/20/2015","24.99","24.85","25.02","24.85","4.30M","0.73%"
"04/17/2015","24.81","24.90","24.98","24.72","7.66M","-0.92%"
"04/16/2015","25.04","25.10","25.17","24.96","4.33M","-0.22%"
"04/15/2015","25.09","24.91","25.19","24.91","6.23M","0.97%"
"04/14/2015","24.85","24.70","24.90","24.69","4.35M","0.42%"
"04/13/2015","24.75","24.76","24.87","24.74","3.01M","-0.40%"
"04/10/2015","24.85","24.81","24.85","24.73","3.34M","0.28%"
"04/09/2015","24.78","24.67","24.84","24.65","3.81M","0.28%"
"04/08/2015","24.71","24.75","24.81","24.58","4.25M","0.28%"
"04/07/2015","24.64","24.60","24.84","24.60","3.67M","-0.16%"
"04/06/2015","24.68","24.45","24.75","24.30","5.38M","0.80%"
"04/02/2015","24.49","24.35","24.56","24.35","4.94M","0.10%"
"04/01/2015","24.46","24.44","24.50","24.24","8.42M","0.29%"
"03/31/2015","24.39","24.52","24.58","24.39","6.93M","-0.99%"
"03/30/2015","24.64","24.45","24.72","24.45","5.59M","1.36%"
"03/27/2015","24.31","24.37","24.45","24.27","7.37M","-0.04%"
"03/26/2015","24.32","24.23","24.41","24.19","8.14M","0.23%"
"03/25/2015","24.26","24.58","24.67","24.26","7.36M","-1.12%"
"03/24/2015","24.53","24.57","24.65","24.45","4.46M","-0.33%"
"03/23/2015","24.61","24.58","24.72","24.55","6.74M","0.00%"
"03/20/2015","24.61","24.52","24.77","24.44","9.54M","0.26%"
"03/19/2015","24.55","24.85","24.89","24.52","7.91M","-1.72%"
"03/18/2015","24.98","24.49","25.13","24.35","12.98M","1.52%"
"03/17/2015","24.60","24.70","24.76","24.50","15.77M","-1.11%"
"03/16/2015","24.88","25.03","25.03","24.77","8.03M","-0.16%"
"03/13/2015","24.92","25.05","25.07","24.76","8.38M","-0.95%"
"03/12/2015","25.16","24.88","25.18","24.88","6.20M","1.25%"
"03/11/2015","24.85","24.92","24.97","24.81","5.07M","-0.12%"
"03/10/2015","24.88","25.07","25.07","24.84","10.31M","-1.52%"
"03/09/2015","25.26","25.25","25.34","25.21","5.05M","0.14%"
"03/06/2015","25.23","25.46","25.47","25.18","8.79M","-1.35%"
"03/05/2015","25.58","25.75","25.75","25.49","3.87M","-0.43%"
"03/04/2015","25.68","25.63","25.75","25.51","6.59M","-0.35%"
"03/03/2015","25.77","25.82","25.91","25.69","6.42M","-0.54%"
"03/02/2015","25.92","25.75","25.92","25.64","6.56M","0.66%"
"02/27/2015","25.75","25.77","25.88","25.74","6.72M","-0.23%"
"02/26/2015","25.81","25.97","26.02","25.73","5.46M","-0.64%"
"02/25/2015","25.97","26.03","26.11","25.92","3.92M","-0.29%"
"02/24/2015","26.05","26.00","26.08","25.90","4.61M","0.42%"
"02/23/2015","25.93","25.88","25.99","25.76","5.53M","-0.12%"
"02/20/2015","25.97","25.84","26.00","25.64","7.15M","0.29%"
"02/19/2015","25.89","25.75","25.95","25.64","6.01M","0.27%"
"02/18/2015","25.82","25.67","25.82","25.57","5.95M","0.27%"
"02/17/2015","25.75","25.60","25.85","25.56","6.54M","0.12%"
"02/13/2015","25.72","25.58","25.76","25.52","5.80M","0.84%"
"02/12/2015","25.50","25.23","25.58","25.23","9.80M","1.71%"
"02/11/2015","25.08","25.05","25.17","24.93","6.45M","-0.16%"
"02/10/2015","25.11","25.09","25.14","24.85","6.49M","0.74%"
"02/09/2015","24.93","24.83","25.08","24.83","7.41M","-0.12%"
"02/06/2015","24.96","25.03","25.07","24.89","11.22M","-0.24%"
"02/05/2015","25.02","24.51","25.05","24.51","11.73M","2.42%"
"02/04/2015","24.43","24.44","24.61","24.38","11.37M","-0.65%"
"02/03/2015","24.59","24.23","24.60","24.19","12.25M","2.20%"
"02/02/2015","24.06","23.87","24.13","23.71","13.25M","0.90%"
"01/30/2015","23.84","23.74","24.13","23.67","15.62M","-0.40%"
"01/29/2015","23.94","23.66","23.98","23.50","11.92M","1.31%"
"01/28/2015","23.63","24.10","24.15","23.59","11.56M","-1.81%"
"01/27/2015","24.07","23.90","24.24","23.79","9.03M","-0.68%"
"01/26/2015","24.23","24.11","24.26","24.00","6.20M","0.44%"
"01/23/2015","24.13","24.45","24.45","24.11","10.07M","-1.55%"
"01/22/2015","24.50","24.32","24.55","24.16","11.56M","1.26%"
"01/21/2015","24.20","23.92","24.23","23.85","9.42M","0.98%"
"01/20/2015","23.97","24.09","24.12","23.74","8.12M","0.17%"
"01/16/2015","23.92","23.58","23.96","23.51","10.92M","1.59%"
"01/15/2015","23.55","23.70","23.92","23.55","11.71M","-0.19%"
"01/14/2015","23.59","23.45","23.63","23.22","13.57M","-1.17%"
"01/13/2015","23.88","24.28","24.35","23.68","11.71M","-1.12%"
"01/12/2015","24.15","24.08","24.25","23.88","9.32M","-0.23%"
"01/09/2015","24.20","24.43","24.49","24.09","13.70M","-0.51%"
"01/08/2015","24.33","24.00","24.39","23.94","15.28M","2.38%"
"01/07/2015","23.76","23.67","23.83","23.58","7.12M","1.13%"
"01/06/2015","23.50","23.77","23.85","23.37","10.11M","-0.89%"
"01/05/2015","23.70","24.14","24.21","23.60","10.88M","-2.55%"
"01/02/2015","24.33","24.29","24.43","24.18","10.47M","0.14%"